image_id,block,label,소비키워드,제조키워드,후보,읽힌_텍스트
000005,1,2026-07-02,0,0,0,2026-17.02 | 2026.07.02 | 21 5 FS AI
000007,1,2026-06-25,1,0,0,"A03 | 22:06 | IACO | 까지 | 26.06.25 | 기한 | OTHEI | 부터 | 7655709 | 25.06.26 | 소비 | 비널 | 명어리나겹은점이보일수있으나인체에부해합니다. | ·제조과정중원료가국거나고은에서갈변화되어원식 | 1:본사 및 구입한 곳 | 이에 보관해주시고하기 전면직시광선을피해주세요 | 5700(문자)1522-4 | ·제품내부에수분이많고 부드러워고은에 약합니다.30도 | 399:고객센터:(전화 | ·부청· 불량식품 신고 | 이므로 개인의 필요 열량에 따라 다을수 있습니다. | 보관,개롭 후 가급적 "
000029,1,2026-08-02,1,0,0,"까지 | 2026.08.02H1 | 18010621898862 | 8 | OTHER | 비닐류 | 롯데웰푸드 | 습 | 유화제,향학제 | 30° | C | ·제품0 | 기준이므로개 | 1일영양성분 | 단백질 | 4 | 클레스테 | 186 | 부천시 | 까지(연 월.일) | 총내"
000086,1,2026-03-14,1,0,0,"까지 | 26.03.14 A | 25.09.15 18:25 | 부터 | 제수,엔 | 를,합성향료,천연향료,정제수, | 제제IV(주 | 조절제3총,과·채가공돔 | 식이섬유,혼합제제I(인산이전문,덱스트린) | 글리콜지방산에스테르,글리세린지방산에스테트 | 골율지(판핵에스테르확육(판핵유:말레이시아산) | 209519내포장재질 폴리프로필렌 식품유형 과자"
000153,1,2026-10-12,1,0,0,EXP:2026/10/12 BA | 쌀가루40%
000154,1,2027-08-13,1,0,0,NoBrand | 소비지디 | 까지 | rand | 2027.08.13
000188,1,2027-09-30,0,0,0,풍안대 양 | 경안대안양시 동한구 | 다있다 | 오뚜기 | 주식회사 | QJmll | 8 801045-36050 | 입판매원 | Pasio ainlsSBA | ·제조원: | 8345k | L24550 | 오기드 | 를완전하는 | 기를 | 2027/09/30 | 물기 | 곳에보관 | 널치는 있을 | io 139 | 보상 | 삶 | 두고 | 즐기서 수 있습니다. | 맞을 가정에서도 | 410% | FRES
000209,1,2027-06-11,1,0,0,있으므로 개봉 및 사용시 주의하십시오 | 등에 | 포장재 절단면이 날카로워 다칠 우려가 | 3% | 발생할 수있으니 주의하십시오 | 0% | 조리후장시간 보관할경우품질변화가 | 53% | 03 | i... | 31% | 19% | 18% | 놀4오세요 | 219% | 친(ww.okichen.co.ko | H한비율 | 맞있는 요리가 한가를! | 영양성분 | Okitchen | 신편하기 따라할 수 있는 | 415kcal | 용량1kg | 하십시오 | 고객상담실:080-024-23(수신자효 | ·소비기한을 복확인 후사 | 곳에보관하 | 
000214,1,2026-08-13,1,0,0,까지 | 2026.08.13714:16 | 텐용가는깨끗이분리수거하여 재활용합.소한사원깨끗한환경 | ∞ | 소비자중심 | HACCP | 국번없이 1399 | ·부정·불량식품 신고는 | 의거교환또는 보상 | ·본제품을 소비자기본법에 | 니다 | 불상이에서 안심하고드셔로 | 농축액에서 나타나 친연적인 | 8:꿀1: | 기드에소스처 | L | 하여건강하게
000268,1,2026-07-14,0,0,0,26.07.14 | 제대로만든크래캐커! | ZEC | 리츠
000278,1,2026-06-22,0,0,0,한고기와야채 | go | 26.06.22 | 25.09.23157
000293,1,2025-10-24,1,0,0,Mnun0.kr | 은  | 같은 | 나E롱 15mg 1% | 탄수확물93% | 식이성유 | 1 | 영양정보 | 재활용우수 | 100 I 40Ccil | MPP | 총내용량 T | 뚜껑HDPE | (06:37) | 25.10.24까지 | 무색페트 | BOUTTLE | RECYCLEN
000297,1,2026-04-08,0,0,0,더 | 식품의약품인전지 | 보험가입 | 상책임 | HACCP | 산물 | 안전관리인증 | 2026.04.08
000298,1,2026-09-11,1,0,0,"de | 있습니다 | 구입처 및 대리점 | 없는물에지째녕고3-4분조리 | Double steaming | 중탕조리 | 반품및교환처 | 고기,대두함유 | 증진제,마늘농축액, | Microwave 전자레인지 | 계소금(국산),한우 | 산)], 한우사골추출 | *오래끌이면 깔수 있으니 조리시같을 준수하여주서 | 사골추출물{한우사 | -개봉하여냄비에 붓고 중불로 3~4분 조리 | 폴리프로필렌 | Pot 냄비조리 | 포장재질(내면) | 비비고 한우사골곰탕 조리방법 | 이미지 | 진천군 진천읍 씨제 | 다양한 요리의 밑국클로활용 | 연출 | "
000309,1,2027-04-01,1,0,0,"OTHER | 1일영생분기준에매한바을(%)은2,000 kca기준이므로개인의필요 열량에따라다를수있습니다. | 비달류 | 콜렉스테롤Omg0% | 단백질17g31% | 지방28g52% | 트랜스지방09 | 1006 | 포화지방5g 33% | 801133 | 8” | 18mg9%수51916%2020% | 100g당 | 영양정보 | 520 kcal | 총내용량300g | 불어서 제조하고있습니다. | 제품 | 4원세계식품주식회사/부산광역시 영도구 해양로 195번길10 | 세계식품(주) /울산광역시 울주군삼남읍 방기로39 | (F2) QINGZ"
000311,1,2026-08-09,1,0,0,2026년08월09일까지 | 818090361 | 소비기한 | 1일영양성분기준차 | 대한비율(9) | oka가이므로개인필요 열량에나라다를수있습니다. | 콜레스테롤 | mg0% | 단백질2g | 지방59 | 9%트래스지방 0g | 포화지방1.399% | 나트륨 1m9 01탄수화물 19 3%당 39 3% | 부정 불랑사품신고는 | 1개 (20 g)당 97 kcal | 영양정보 | 총내용량200 g (970 kcal) | 관결기준에 의거 고환 | 소비기한별도지보장재질내는리프로필 보관방법 직사광신을피하여건조하고늘보 | 본제품은 공정거래위원
000321,1,2025-10-29,0,0,0,2025.10.291
000327,1,2025-10-21,1,0,0,"626994 | 불및교환장조·전해콘 | 풀을소비장보정합올기준에의게 | I오 | 두있냉장봇관하사고 바출니집 | OTHER | 호 | 혼투 보징어, 조개품을 | HACCP | 비닐류 | 냉장보관 | 빙 | 0~10'C | S | 에의한 경른이있고기 | cj.co.kr | 6 | 을수있으나 | 토마토이 것질이있를 | 품의 | - | 1666-5471(문자) | 을의 있수 있습니다 통제 | 080-850-1200 | 태로 조리하세요.(제품이 터질 수 있음 | 거을 수 있읍니 드실 때 조심하시것시요 | 소중한의견을 기다립니다 | 뒤어 화상을"
000358,1,2027-09-16,0,0,0,6% | 0%
000388,1,2026-01-15,1,0,0,2026.01.15까지 | 혼합형 | 분리비요 | PP | 한비율 | ※%영양소기준치: 1일영양성뿐 기준치에 | 전백질 290만4% |  Og 신 1g5 Ongo | 13%지방60119 | 8201kcal 나 9ng0% 단를 36g11% 당 13 | 영양성분
000409,1,2027-03-26,1,0,0,2027.03.26 까지 | NH | 후요가농업협동조합 | 보리100%( | 400g | 100%국산 보리로만들어 더욱 | 맛좋고 영양가가풍부합니다 | 최고품질의보리만을엄선하여 | 더건강하게 만든우리보리차! | 오리자 | Barley Tea | Mountain | 5농협
000428,1,2026-04-23,1,0,0,25 . 04. 23까지
000508,1,2026-08-25,1,0,0,ellfood.com | 부담 | 26.08.25 17:14 | 까지 | 6060 | 센터 | 1180106211870455
000528,1,2026-03-11,1,0,0,나2026.03.11까지 홍병현
000580,1,2026-03-11,0,0,0,"미하 | 파래,모추출물),향신료올레오레진류 | ) 접세(설 간장 정제스금 | 금), 정제잠올레인유(팔올레 | 원재료명 라이스칩(베트남산/타피오카저부 현미 | 품복보고번호20040358062188 | 식품유형 과자(유탕처리제품) | ) | 보관방법실은보관 | 2026.02.28 BA 11:27 | ERb"
000666,1,2026-03-11,1,0,0,까지 | :·01 A | 801062 | 1893546 | LOTTE
000681,1,2026-01-09,0,0,0,운 | 게맛있는 | VA | 2026.01.09 11.25171 | BIASED
000707,1,2026-08-19,0,0,0,"메밀,밀,고등어,게,새우,돼지 | 대두,호두함유 | 업소명및 소재지(주)이코 | 묻말, 볶음아몬드분태,준초클릿, 분리유청단백분말호 | 고번호202201081217원재료 및 합량 프락토을리고당,분리대 | 2026.08.19 B"
000729,1,2026-01-07,1,0,0,태듬뿐해장국 조리방법 | 부드러운식 | 두부를더해 | 3 | 고소한 황태 | 한 번 볶아내 | 맛을 낸구수한국물 | 사골육수와들기름으로 | 까지 | 3A1 | 04:55 | 2026.01.07 | 소비기한 | 1장국
000784,1,2027-05-22,0,0,0,1456-F | 20aP05.22
000822,1,2026-02-02,0,0,0,choice. | chool | 1112:28 | PEEL HERE | 201
000836,1,2026-05-18,1,0,0,X | 6 | 6 | 6 | 0 | 0 | MION | M11ae21압23114121 | BEST.BEFORE: 18.05. 2026 | 209 | 209 | 더단백 | 더단백
000839,1,2026-01-03,1,0,0,*축산물 | 통과한 신선한 계란입니다. | 식품유형: 시요라 O~10‘C 냉장보 | 내용량:특란/4구(240 g)원산지: | 1117503 | 세척 | 실균 | 선별포장 | 검란 | TOT | 000 | AAA | 소비기한 | 2026.01.03 | 등급판정일자 | 2025.11.26 | 축산물품질평가원 | 소란 | 신선한 계란입니다. | 중란 | 정성들여 키운닭이낳은 | (1등급 | 대란 | 특란 | 세븐잠이 선정한 깨끗한 농장에서 | 왕린 | 품질등급 | 증량규격 | 세븐잠 | 신선한 | 달걀 | Farm | SEVEN | 1 
000841,1,2025-12-22,0,0,0,2025.12.22.1지 | ~10°C) | 이미지예 | kcal | 145
000852,1,2026-08-14,0,0,0,14.08
000971,1,2021-11-11,1,0,0,NE | 509 | 칼승함유철분함유7가지비타민 | 까지 | 2021.11.11B | Ca | Fe  Vit | 치즈 | 친구들 | °Kidss | 무첨가 | 색소·향료 | 0 | olicious | '빙그레 | 6
000974,1,2022-12-02,0,0,0,
000980,1,2021-06-14,0,0,0,rorid com | 2021:66:172 | -12-10 | 후레쥐베리 | 오리온 | HACCPRST | CCP
000987,1,2021-12-28,1,0,0,0 | LOT:0C184296 | EXP:DEC-28-2021 | 85g | MANGO | Net Wt: | Four Serving | Quick Set
001030,1,2022-10-NONE,0,0,0,SUGAR | SAISCHOCOLAEE | SHORTENING | SEMI-SWEET | 3DTEASPOONS | DOUNCE | ②TEASPOONS | TABLESPOON | OROIL | POLEVEL | SHORTENING | BASNE CHOCOLATE | + | OFCOCOA | UNSWEETENED | ①TABLESPOON | TABLESPOONS | DOUNCE | OLEVEL | 3/4 tsp. vanill extract | 4 cups milk | Dash of slt | 1/3 cup hot water | AHER
001048,1,2021-05-12,0,0,0,BEARS | GUMI | 2021.05.12B5 | Me Brand
001062,1,2022-07-04,0,0,0,8°801007-16645 | PI | 2 | 2022.07.04 | BG3 | 2021.01.05 | 페프일지:
001142,1,2021-06-28,1,0,0,BEST BEFORE 28 JUN 2i | 6HC2753 06:05 | Rhioerate ater ne | 415.Contain Traces ofSoy)Antioxidant(385). | . | AOL | INGREDIENTS:CanlOi Protected ith
001180,1,2023-09-01,0,0,0,6398 | TC/E/PR/1007478 | Pure Ceyonandns Lanka | 오용용 | Bes Before Date:01E 202 | 152851461499
001260,1,2021-08-30,1,0,0,Best Before: | T320308 | Lote/Batch no. | 02:07 | 8 | xo20( 320 | G0 | E TRIGO | Tortillas | ACANASTA
001275,1,2021-11-07,1,1,0,"//() | PROD.DATE/ | EXP.D:2021.11.07 | BN: | BN:101020A7 | KEEP IN COOL, DPIACE"
001325,1,2021-07-22,1,0,0,POPTARTS.COM | VISIT US AT | & CREME | COOKIES | FROSTED | LIFT GENTLY | SLIP THUMB UNDER TAB | TO OPEN | JUL | GC2 | 22 21 | 02:31 | Used-By | BEST If | REWARDS | tarts | FAMILY | Kellgg's | K193154 000
001356,1,2022-08-NONE,1,1,0,30.4 GRAMS | 6-8 FL0Z | 120 | 30 | SECON | Facts | BATCH: 0001015697 | EXP:08/22 MFD:08/20 23:16
001365,1,2022-11-01,0,0,0,"아카시아벌0.4%,실혼쌓차투막별2% | 봉아과분말6.6%, 홍차추출분말2 % | 자일리를함유 | 자일로스설탕 | 벌골함유 | 이미지 사진 | 아카시앙 | 허니블랙티 | 복숭아 | W2,000 | 2022.11.01 | 담터· | 생통에가이기어입습니다"
001438,1,2021-08-29,0,0,0,"2021.08.29 | kcal) | 입/빵류 | GE | 20 | 밀61.63%함유 | 다양한 요리1-또c아! | 싸고 접고, 말아서 만드는 | Tortilla"
001447,1,2022-07-22,1,0,0,"88046451000256 | 2022.0722 | 유통기한 | 부정·불량식품 신고는 국번없이 1399 | 스틱내 질소충전 | 제조시설에서 제조하고 있습니다 | 이제품은우유, 대두돼지고기를 사용한 제품과 같은 | 제외됩니다 | 이되지 않습니다.단, 제로상 품질하자가 있을 경우는 | 의거 교환 또은 환불을 받을 수 있으며,개봉시에는 반품 | 본제품은 공정거래위원회 고시 소비자 분쟁해결 기준에 | 반품및 교환처:제조원및구입처 | 품목보고번호 | 20090449018240 | 판매원 | (성수동2가)/(02)380-5678 | 유통전문 "
001501,1,2021-09-23,1,0,0,2021.09.23까지 | 과자1 84 g (287 kcal) | 옥수수분말 12.77% | HACCP | Macaroni
001510,1,2023-12-01,1,1,0,"2023.12.01.7W | PL01002003562 | 660200 | 본제품은 공정거래위원회에서고시한소비자분쟁해결기준에따라교환및환불을받을수있습니다. | ·사용기 간:제조일로부터36개월·사용기한 및 제조번호:별도표시 | ·포장단위:대형/25매 | ·저장방법: 밀폐용기,실은 보관(1-30'C) | ·소비자상담실:1577-7011 | ·제조국명:대한민국(Made in Korea) | ·판매원:씨피엘비 주식회사·주소:서울특별시송파구 올림픽로35다길 32,12(신천동) | ·제조원: (주)씨앤씨어패럴 | ·주소:전라북도전주시덕진구기린대로"
001519,1,2022-12-07,0,0,0,'4.5L.(.150kcal | 2022.12.07 1684 | ORIGINAL | 몽고 | 송표간장 | 마산 | 명산 | 양업1905년
001581,1,2021-11-05,0,0,0,"2021.11.05K23 | 우리가 | MANGO AS IS | 그대로 | 망고 | 100 | PEACOCK | 3,800"
001584,1,2021-12-15,0,0,0,Shal
001588,1,2023-01-09,1,0,0,2023.01.09 | 유통기한:하단표기일까지 | 경기도 광주시 초월읍 선동길 12-4 | 주)신영에프에스/031-796-6435 | cod impor &Export수입소분판매원 | 발및 교환장소 | 구입처제조원House | 하고서늘하고 | 조한 곳에 보관하십시오. | 내용량 169 | 워료 및 함량바질100%
001660,1,2022-10-05,1,0,0,2022.10.05 | 유동기한 | TEL:03-5 | / | TEL-043-822 | 수희사 KUTAS | 원산지리에 | 플리프로벌렌 | 이용기플리어까진데레 | 프들레이내입 | 도시일까지 | 모장재질(내업) | 월계일100% | 유통기한 | 459 | 내용량 | 라우엘(베이)리브즈 | 제품명
001776,1,2021-04-05,0,0,0,"autees | - | Noodles | eng | It Noodles | 계 만 있  | 14 | 05 | Sauce, Chili Powder | eume | soY"
001873,1,2022-10-14,0,0,0,einoonehop.com | h/deargcom | 2022-10.14 L4 | DAESANG DV주A | 00 | 80 | 2 | P | g수 니다 | ccm | P) | 2009 |  피오카전25% | 750 kca | OM 200 | 영양정보 | 식국수 | 2.48
001921,1,2022-10-15,1,0,0,관리법혹인하할수있습니다. | 유통기한 | ·제조번호: | 2021.10.15 | 까지 | 2001537 | 랑기능식이유기한 | 경5 청정지역원료 | 05지  | 제조 임니다 | 04세계수의48게 | 04세계적 수순의 품질관리 | 03신선한제품인가? | 02국내시장판매1위 | 총은오에가3를 선역하는 S가지 방법!
001962,1,2027-03-21,0,0,0,121022LUCIHC1 | 2743/21 11:01
001976,1,2026-02-21,0,0,0,"8 | 6906 | ge | 181 | 0.6g | tein | 1,6g | 0.69 | %27 | 1.4g | 0.2g | 3 | 0.69 | 1.1g | %2 | honhidrat | 2,99 | 4.69 | %3 | N13768.Um | 11.5g | ymus yag | Dr. Adnan DuyuKaanize | 0.1g | %4 | 0.2g | ve Ticaret | 0.2g | %1 | 0230 | 0.5g | Gida isletn | %1 | 2ka/90  5 k/ 230K | pesin geleri | <3 | Yakl"
002031,1,2019-11-18,0,0,0,"2019.19-18 | 상큼하게 | 피부보 | 레은향으로 | 1L1 | 레온 | 주방세제 | 프레시웨이 | romise | Quality | 이츠웰 | 2,000 | W"
002033,1,2022-03-22,1,0,0,2022.03.22 | 유동기한 | 228·고객생8실:080-254-65380 | 25기80%국 | ·
002036,1,2020-08-22,1,0,0,BEST BY 20.08.22
002041,1,2020-08-27,1,0,0,"개후가적리드싶시오 | 안심하고드서도 됩니다.(이미지2) | 빠는 하얀분과 같습니다.(이미지1) | 주의사항 | 2020.08.27까지F2 | 00024 | DAESANG GH | 영양정보 | 170 kcal | OTHER | 총내용량609 | ccm | 소재지 | 업소명및 |   | ·및 | 원재료명 | 고구마 100% (인도네시아산) | 보수 | 내용량609 | ·본제품은 자 분정결 기준해의 | 포장시실 폴리프로필렌 | 식품유형 | 제조하고 있습니다. | 품,소유 도기일까지 | 아랑신류를 사용한 제품과 같은 시 | ·이제품은 대두"
002057,1,2021-12-17,0,0,0,2021.12. | 17 | 의해니다
002105,1,2021-01-28,1,0,0,"600 2,248 cal)/75g x88 | 8개입 | 2021.01.28 까지 | SOFTMIL | 한 | 웃유가들어가 | samlip"
002151,1,2022-11-09,0,0,0,2022.11.09
002177,1,2021-02-11,0,0,0,나어묵 | ORIGIN | THE | 21.02.11지F1 | PELICIOUS | RIMSUN | 생선람어묵
002182,1,2019-02-20,1,0,0,"라:p | :LDPE | 까지 | OTHER | 13:24 | :20 | 2019.02. | 플라스틱 | 88010451176338 | 고객상담실:080-024-231(수신자요금부담) | 다은비 기준으 | 이은토토되지고신고기조기루를사용 품과같은 | 콜레스테롤10mg 3%단백질1g 2% | 주식회사오뚜기충 음성군대소면대품산단로128 | 지방 9g 35%텐스방이포화방469 | 포장에질 용기-폴리에틸렌내면,뚜껑-폴리에틸렌 | 나트650m 3수화8이다22 | 로로 | 100g당 285kcal | 영양정보 | 총내용량 265g |      "
002258,1,2022-01-24,0,0,0,아드(미국산)100%450g | 땅콩또는견과 | 구운아몬드 | 2022.01.247 | 이미지사진
002279,1,2021-01-03,1,0,0,"까지 | 15:39×설동기 | 2021.01.03 | 유통기한 | 흑미 15%,수수5%,렌틸콩5%) | 구운 혼합통곡물 74%(현미 55%, | 보리2 | 서 밀봉하여 건조하고 서늘한 곳에 보관하십시오. | 대두 함유 | 글리세린,글리세린지방산에스테르] | 승수 | 료명 | 운 | 1곡류가공품"
002296,1,2022-06-06,0,0,0,"이미지예시 | 아몬드 | 밀크티 | 흑당 | Good Taste& More Quality | Murgerbon | E21. | 2022.06.06 | W1,000"
002350,1,2019-09-11,1,0,0,기한 | 19.09.11 A 6 | 까지 | 유통 | 19.04.12 05:18 | 부터
002436,1,2021-06-03,1,0,0,1.7 | K | 1 | :3 | de | antes | le | preferencial |  préférence avant | de | Consumir | consommer | A | Vmm/ | (dd/ | t before | ucnD brico | Best | de | Date | E: | /mm | (dd) | Date |  Production | P: | 3 | 9 | 2 | 2 | 6 | 6 | 00 | 5 | 16 | 6
002589,1,2023-10-15,0,0,0,8 | 3100514000926 | B.8.: | 2023.10 | 15 | P.D.: | 2020.10 | 15 | /les Before: | 250mle | 유리 | Mengazzoli
002608,1,2022-01-17,0,0,0,2022.01.17
002609,1,2022-01-17,0,0,0,2022.01.17#
002665,1,2021-03-26,0,0,0,1co.uk | 26 MAR 2021 | L 20086 | 1.0 | Salt /Sl/ Sal/Zout / odi0/ | 3.1 | Protein/Protines/ EiweiB/ Eiwitten/Proteine/ | 3.1 | Fibre/ Fibre llsfe/ eze FIibeul | i
002672,1,2021-04-05,1,0,0,2021.04.05까 | 801063 3 | 유통기한 | ww.spesang90r | 원재료명 | SAMLIP | SPC |  
002723,1,2020-12-19,1,0,0,917834 8-2-0424-19 1125-3 | 19/12120-B12 | BEST. BEFORE
002788,1,2021-04-03,1,0,0,"81180932311920024> | Best Before: 2021/04/03 | LACOSTASA. DEC.V | Lot: B1-10304842 | Produced by: BIOAGAVES DE | 부경불랑식품 신고는 국변없이 1399 | 기준에 의거교환 또는 보상받을수있습니다. | avausaebadon | 본제품은 공정거래위원회고시 소비자 분정해결 | Viaminc,caloumoriror | 반품및교환:수입원또는구입처 | Vat a signicart source Vitamin A | 냉장보관 | Protein Og | :건조"
002802,1,2021-09-29,1,0,0,"품목보고번호 | 487 kcal) | 320.9(1 | 포장재질 | 만()6.6% | 빈16%, | 탄산칼승.d- | 국시츠 | 실레인유(말레이시아 | 원재료명 및 합량 교 | 유통기한제도 | 서울별시강서구회 | 유통전문판매원스 | Bal | 바이리2로 413 | 국냈산 | 제조지디인와이/ | 식품의유형28 | 내용왕301 | 제품명콘스트 | 2021.09.29"
002805,1,2023-01-13,0,0,0,"2027-91X1 | 청록색은 원료 본연의 성분으로 모두 고유의 특징입니다. | 우영 중심부의 흰색은 우영 원료의 심 부분이며,표면의 | 연근 테두리의 검은 반정은 연근 고유의 무니입니다. | 본연의모습에가까운연근파우엉 | 우리고취향에 따라 물의 양을 조절하셔도 좋습니다 | 물처럼 수시로 즐기세요 시원하게 드실 때는 20분 이상 | 100% | 물50m에연근 1개와우영2개를 넣고우려서 | 순작연근우영차마시는법 | 국내산 | Sempio Lotus root & Burdock Tea | 연근우영차 | 우리땅에서자란 | f | 순작 | "
002825,1,2022-11-08,0,0,0,자판기 | 유용기 | 2022.11.08 | 지
002826,1,2021-07-03,0,0,0,B12 | 05:50 | 03LE021
002838,1,2022-08-02,0,0,0,ST BEFORE: DD/MMYYYY | Lnariey: u | 300n | 02/08/2022 | ※P | 0-08 219 61 | 110m0S Bac | AR | 1010-7190-5511
002858,1,2023-06-02,1,0,0,Lotto 00220154 | 11:60 L9/71C | Exp: 02 06 23
002867,1,2022-02-28,0,0,0,252823을2 | Roll Bm
002970,1,2022-11-14,1,0,0,"2022.11.14 | 유통기한: | TEL 031) 8018-5031 | FAX 031) 8018-5032 | 생시중구사기 | 2번길3 3대변동 스B6830 | 부정불량식품신고 국빈 없이 1399 | 반풍:본사및구입처 | 주의사항:실은보관 | 제과 음료 소시지에 사용합니다 | 용도:고급식육가공, 이이스크림 | 기재질: PET/왕관P | 제조허가:성남시582 | 원료원산지:인도 | 중량:100G | 식품유형: 천연항신료 | 카디 | WORLDS"
003023,1,2021-11-01,0,0,0,"2021.11.01 | 3,00"
003042,1,2022-01-17,1,0,0,"W41790 | deleo | Firenze,llaly | Tovomele Val di Peso | oL Da Viad,31. 50528 | Coropeli FrenzeS.A | √ | Pockad in Italy bo. | 17.1A.2022 | BATICHN | T BEST IF USED BY | Store tghthy opped n diplmym | Product may become cloudy below20°C Thesm | 47100rdog Sip | GBACorporfionSt B | mpenedaddtibmls | So"
003050,1,2021-02-16,0,0,0,"Cue Gentechua | Mm OGM | Qualitd | A.015 08,38 | 16.02.21 | Mozzarella | Brimi | Auo Hage | 0g281 | 250g"
003150,1,2021-12-10,0,0,0,단백질0 | 콜레스테롤 | 포화지방 | 939 | ∞ | 트랜스지 | ∞ | 지방99g | 그벨:PP | 뚜껑:LDPE | 당류0 | 유리 | 0 | 탄수화물 | 나트룹Omg | 100m당 | 1 영8 | HAC | 100ri | 영앙정보 | 당 890 kca | 영양정보 | 총내용량 1%0mm | 2021.12.10
003190,1,2022-08-16,0,0,0,401 | PKO3306 | ED: AUG 622 | 4% | 83823 | 0% | 0 | 28k | ITM./ART.138722 | 0 | Say  | Calories | e png | 130 | Product o the USA | 영영정보 | ONDS | ED
003292,1,2022-12-02,0,0,0,Y//0D03801 | E 2022/12/02 K1H9 07: 16 | 22-41-T0597C | 0514 | F722-21-T0553C | THF722-11-T0583C | 내용
003304,1,2025-03-NONE,1,0,0,ULTRA THIN | 80935010888341 | 8 | LUBRICATED | Exp.: | 032025 | CH20002 | LOT | HER | CARE
3346,1,2026-09-10,0,0,0,"S+1 | 프레소 | 0413079145 | xim | mL(240-ktal) | EDIT | 우성분이니잘한 | 2026,09.10 | OPERF"
000001,2,2027-06-26,1,0,0,"LOTNO | 543123 | 2027.06.26 | 소비기한 | 까지 | 보상해드립니다 | 식품의약품안전처 | 소비자 피해에 대해 | HACCP | 기준에 의거 정당한 | 식품안전관리인증 | 고시 소비자 분쟁해결 | 1399※본 제품은 공정거래위원회 | ※부정·불량식품 신고는 국번없이 | 가볍게 흔들어서 드세요 | 하거나 물에 희석하여 드십시오 | 1포씩 드십시오.원액 그대로 섭취 | 섭취량 및 섭취방법 1일 1~3회,1회 | 하고 습하지 않는 곳에 실온 보관 | 보관방법 직사광선을 피하고 서늘 | 소비자상담실1899-1494 |"
000043,2,NONE-10-14,1,0,0,양정보 | A | 08 | 품 | 거 | L | 고 | 한제 | ^ | 토 | H에 | 개봉 | 장 | 제 | 품록보고번호 | 폴리에트 | 포장재질 | 원재료명 | 소재지 | 명칭 | MilK | Fresh | 제 | 유통기한 | 1985 | SINCE | Denma | 10.14 09:45 PA | 10.13
000057,2,2026-06-24,0,0,0,"오곡 | 6E | 18:52 | 강길륜A | 2026.06-24 | OTHER | 비닐류 | 동서식품 | ww.dongu.o.kr | 다양한 정보를포스트 | 080-023-9114 | 출페이지에서 안나보서요 | 동서식품 | 고객상담실 | AE린d-a- | 시어산,필라핀산) | 소금국내산) | 포스트 | Post"
000070,2,2026-10-08,1,0,0,100% | 식 | 2026.10.08까지 | Pistachio | 피스타치오 | 가 있는 | GOOD TODAY | 좋은
000090,2,2026-09-01,1,0,0,원재료명 | 소비기한 | 식품유형 | K | 온로도 | OPEN→ | Max
000124,2,2026-01-02,0,0,0,(043)543-7007 | 서울 | 32 | 2026.01.02
000142,2,2026-05-14,1,0,0,N182 | 제다치 | Cheddar | 붕센드스마트 컨슈머가되는 길 | 랜드가 아니다. 소비자다 | No Brand | F2-2026.05.14까지
000158,2,2028-07-20,1,0,0,16:34까지 | 2028.07.20 | 8 | 0% | 단백질09 | 0% | 레스터를Omg | 0% | 표지방09 | 트랜스지방이g | 0% | 지방09 | 235 | 3% | 당류39 | 279 | 수물39 | LEOmg | 기증치에대하비 | 물3g | 100m | Omg | 128
000231,2,2028-05-27,1,0,0,2080 | BO | 까지 | 까지 | 20280 | 사용기한 | 25E28A | 제조번호:
000234,2,2026-10-27,1,0,0,peptide |  부드러운모발을위해 | 힘있고 탄탄한 | 단백질&영양공급 | 건강하게 케어하세요. | 도브스칼프니리라상 종약해죠 | 너리싱삼푸를 만나조세요. | 도브스칼프너리싱샴푸 | R3 EXP 261027 | 037 090525 21:26 | Dove | Dove
000274,2,2026-03-02,1,0,0,"이 | HACCI | 안전관리인증 | mal | 096403 | 개인의필요혈량에 따리 | 불대학비율(%)은 | 26.03.02 | 까지 A5 | 8스터를mg 0% | F220:11 | 25.09.03 | 4926%스지방09 | Jng98/g 8% | 235 kcal | 총내용량449 | 파슬리입니다 | 는 | 이니 | .제품 표면의 녹색가 | 안심하고 드세요 | 실처럼 보이는것생감자원료의 발이 | 조 | 제품과 같은 제주 | 매류(전복홍합 | 포 | 복송아 | 계란땅 | 새 | ,게, | 오징어 | 우 | 은 토마토 | 신고는 | "
000413,2,2027-04-23,0,0,0,"100 g당 467 kcal | (1,401 kcal) | 9 | 300 | HACCP | 청국장가루 | 우유에타서먹는 | 2027-04-23 | 칠갑농산"
000441,2,2025-12-15,0,0,0,2025.1:토2
000486,2,2027-07-15,0,0,0,
000491,2,2026-09-19,1,0,0,"17:50 | IA7 | 2026.09.19 | 까지 | 혼학간장 | 리염화비 | 나면)용기-유리뚜껑 | 쓰살균제품)소비기한하단#기일까지 | 보고번호20020464088-31·용기피손주의 | 냉장보관권장 | 시연구룹죽은2길16 | 보관기 | 본관방법실원 | 복설볶음당양넷 | 3,480 | 3,480 | 차오차이마라상귀소스"
000515,2,2026-01-NONE,0,0,0,18022 | 8 | 1일영양성분기준치에대한비을(%)은2.00kca기준이므로개인의필요열량에따라다를수있습니다. | 콜레스테롤0mg0%단백질49 7% | 방23943%트랜스지방09포화지방11973% | 나280mg 14 %탄수화물 44 9 14 %당류22 9 22 % | 총내용량73 g/400kcal | 영양정보 | 20104546+U | O | ERC
000639,2,2026-02-02,1,0,0,2115 | 메밀소 | 까지 | 2026.02.02 | 소비기한 | H메일 | N615
000643,2,2026-01-21,1,0,0,"천시 백사면 이여로 196-25 | 콜레스테를0mg0%단백질 5g9% | 5-525 소비기한 별도표기일까 | 지방 1.893%랜지방09포방0g0% | 밀대두계란우쇠고기,우유이용산류함유 | 220m 10수49 5191% | 시아산)건파(중국신)당근,미역,김후레이 | 1일 영양성분 기준지에 대한비울 | 국산), 도조절저·건더스미감회일 | 총내용량당 | 총내용량 164 230 kcal | 농(고 분22%이)65%(치19%),.0 | 영양정보 | 산,제소 산 장이치비,데스 |         | 맛베이스94.6%-글루탐산나트(미증진제),고 "
000644,2,2027-03-11,0,0,0,16:23 | 27.03.11
000645,2,2026-05-13,1,0,0,정제수 | 고 | 소비 | 주 | 박퓨레 | 거래우 | (정제수 | 호 | 콘제 | 제품 | 점 | 빨 | 2 | ㅎ |   | 원재 사과주스 | (년.월일 | 순) | 송가 가지 | 하십시오 | 대72360578 | -개 | 7 | 서 | 세 | 수입원이마트 | 피하고 | 랜드가 아니다.소비자다 | No Brand | R1303:51 | 2026-15-13
000696,2,2025-10-28,1,0,0,2025.10.28까지 | 고 | 오 | 고 | 소 | 1기 | 0 | 진 | 리거 | 를 | ㄱ | 7 | 꼭 | 함께 | 어 | 오 | X | 용 | 하여 | 손 | 보 | 여 | .
000701,2,2025-10-05,1,0,0,300 | 원 | 나25.10.05까지B전통하
000702,2,2025-10-09,1,0,0,25.10.09까지.B2.F2
000739,2,2024-08-07,1,0,0,"따라 다를 수 있습니다 |  으 | ∞ | 트랜스지방0g | 포화지방 1.1g 7% | 콜레스테롤0mng 0% | 단백질 13g24% | 나트륨 4.070mg 204% | 탄수화물 17g 5% | 당류 8g 8% | 지방7g 13% | 영양정보 | 총 내용량 40/10g 198cal | ·품목보고번호:99104604787 | 6 | 내두.말,조개류(바지락 함유 | 20240 | 2024.08.07 11:00 | 까지 | 2023.08.08 | EA4"
000740,2,2026-07-23,0,0,0,% | 탄수화물31g | 10% | 10% | 나트륨 265 mg | 13% | 총 내용량당 | 기준치에대한비을 | 리에틸렌(내면) | 1일영양성분 | 자 | 200kcal | 영양정보 | 총내용량459 | 두드테르가 적용되었습니다 | PlantEat | The | 본 제품은 더플랜잇의 데이터 기반 | 커 | 2026.07.23
000755,2,2026-04-30,1,0,0,"품 | 량 | 돼지고기 | 원재로명 | 수입원 | 소비기한별도표기일까지(연월 | 초콜릿가공품 | 식품유형 | 내용 | 카라파키산리오캐릭터즈 초콜릿 | 제품명 | 1일 영양성분 기준치에 대한바 | 트랜스지방Og 포화지 | 나트륨20mg 1% | B5202270517 | 영양정보 | 2026.4.30 | 소비기한 | 2,500- | 유파젤리게 | 2,000 | 1+1 | winl"
000813,2,2026-08-24,1,0,0,"Best before | -에서생산하였습니다 | at 52, 9971 Lembeke, | s Bakeries Belgie, | iscoff.com을참조해주세요 | 제품에대한더많은정보를위해 | [58okcam | 1109 | M4000 | W4.000 | 8 | 9연세우유"
000820,2,2026-05-18,1,0,0,60 | aid | M18821 E 23:14:23 G1 | BEST BEFORE: 18. 05. 2026 | 2300 | 2s00 | W5.000
000834,2,2026-02-02,0,0,0,schoolchoice. | 03110:29 | X 2020F | PEEL HERE
000843,2,2026-06-17,1,0,0,"818011290440871 | 16:32%2 | L203KO6UKC | 17.06.2026 | (일-월-년순 까지) | 소비기한 | 개인의 필요열량에 따라 다를 수있습니다 | 1일영양성분 기준치에 대한 비율(%)은2,000 kcal 기준이드로 | 13% | 단백질7g | 3% | 콜레스테롤9mg | 145% | 포화지방22g | 트랜스지방0g | 78% | 지방42g | 당류29g | 29% | 나트륨15mg | 탄수화물39g | 12% | 1% | 영양정보 | 562kcal | 총 내용량90g | ·직사광선을 피해 건조하고 서늘"
000850,2,2026-08-09,0,0,0,초코비 | 초코비 | Ge | 2026 | 08 | 09 | 13 | 10 | R | 2025 | 286K11-16 | 완구 원산지: | 안전확인 | 더조D
000873,2,2021-02-26,1,0,0,Best By FEB/26/21 10:48 | NDL2A
001021,2,2021-06-28,0,0,0,가당연유 500 g | KU전국대한 | 건국유업 | muk | eredenoedd | Sweetened | 연유 | 건국 | 100! | 10:33 | 28. | 2021.06.
001033,2,2019-07-16,1,0,0,1kg5~6 인분 | F1이김지영 | 2019.07.16까지 | 동한 | Fresh Chopped Noodle | 4221 | HACC
001118,2,2022-01-20,0,0,0,2022.01.20 B | 201 | 식품의유정
001186,2,2021-09-28,1,0,0,21:15:20 | 까지 | 20·1금 | 29 | 부터 | 14:38 | 080-024-6060 | 오리지널 | 마가렛트 | OLOTTE
001194,2,2021-02-11,1,1,0,"1932 | 613036 | THE STARBUCKS ROAST | NO | TASTING NOTES | OTHER | 및교;구입처및수입원 | 실수있습니다 | 분생결기주에의거,교시소상 | 본제품을공정거래워원회고시소비자 | LJ0440303F8 | 충전했습니다. | Best before:11/0202 | ·제문의보존성증진을위해질소가스를 | Prod date: 13/02/2020 | 보관방법 실은 보관 | 06:20 | 원재료명 아라비카 커피원 100% | 200g | 중량 | taroland. Minsegetmego: | (Best "
001202,2,2022-07-16,0,0,0,2022.07.16 | ()
001242,2,2022-06-13,1,0,0,지 | 2022.06.13 | 유용기한 | 순차른양념 쌍장
001269,2,2021-10-11,1,0,0,23:33:03 | 201931102 | 11/0ct/2021 | Best before:
001300,2,2021-07-28,1,0,0,www.soeil.o | 187713 | 801750 | 8 | 2021.07.28 | 유통기발 | HACCP | OTHER | 영양정보
001331,2,2021-04-19,1,0,0,"반품및교환처구입처및본사 | 부정,불량 식품 신고는 국번없이 1399 | 고시 소비자분쟁해결 기준에 의거 교환 또는 보상받을 수있습니 | 재소내두  중시일까지 | 제품명:강릉당두부청국장 제품유형청국장 내용량:20g원재료명및량 대두국산)98% | 8809009551627 | 2021.04.19. | 청국장 | 담백하고구수한 | 강릉초당두부 | 조리예 | FAUU Langdan Soybear | 파주장단공"
001337,2,2021-07-04,1,0,0,OC-SCMMM | MW | ECRIS CO AUST PY UD | 4 | 12 | 16% | 04 JUL 21 | 44% | Use By: | 88a | 110% | 131mg | 13161601000950 | 1799 | 9 | 73% | 139 | 195 | 9% | 31 | 1850 | 11% | 319 | 5os kcal | 213mg | 영양정보 | Melon Mngo Ches 23g
001359,2,2020-12-NONE,0,0,0,"Dr. Oetker Gida Sans, Panic. A.s | 12.2020-13:28/1819011 | 8690 | R.7. | Net: 165ge | Tavsiye edilen tüketim tarihi/Parti no: | Mensei:Turkiye | erin, kuru ve kokusuz yerde saklayniz. | 1-ler.me Kayit No: TR-35-K-000884 | Tur, Gida Kodeksi'ne uygundur, | tepste yapiniz | hicbir urunu içerme | Domuz "
001479,2,2022-08-27,0,0,0,AS1 | 2022.08.7 방혁 | 1지 | 00 | 영양정보 | 영양정 | 주의 | 기 | 10광 | 업소행및소제지 | 백주임대로20 | 9(주 | 221고860% | 온기를 | % | 60 | 30 | 프라로 | 자일로 | 요리 | -리고당
001558,2,2021-12-24,1,0,0,619149731603035 | 320 | 24212/21 | OTHER | BEST BEFORE: | 절6자리 숫자 | 유통기한이 | 원산지:중국 | 부정·불량식품 신고는 국번 없이 1399 | ·소비자상담식: 수신지부담0804567-9898 | ·반품 및교환처:수입 | ms | ·본제품은 | • 직시광선 | 폴리에틸렌 | 포장재질 | 밀함유 | 식용색소항색제 | 둘레이트 | 알루미늄레이 | 원재료명 | 호알루 | 사과오리지를보 | 서울강남구학동로 40 | skatties | ESFALANE
001587,2,2021-04-20,0,0,0,2021.04.27 | 20129
001622,2,2022-01-14,0,0,0,2022.01.1411:12 | VE1 | 네크랜드E | 81801007/683485 | : | 센터 | 080-850-12001666-5471(문재ok | 대두밀새우조기류클 | 파동축액양교 | 중국산 | 혼합간장아기도 | 합제성전분 말터 | 고
001625,2,2022-04-26,0,0,0,마늘생강 | 백설 | 2022.04.26.A
001628,2,2021-07-23,0,0,0,"10%국산 보리 | 보리, 불영의말 | 보리 | 동서 | 202107.23 | 09:59"
001658,2,2021-10-20,1,0,0,2021.10.20까지19K13 | OTHER88094789103 | 부정·불량식품신고는국번없이1399(주)매엘앤에프홈페이지:wwmaehongk | ※제품안의 실리카걸(방습제)은 인체에 무해하지만 절대 섭취하지 마십시오. | 되고기오징어조개류(굴전복홍합포함)를사용한제품과같은 생산시설에서 포장하였습니다. | 본제품은난류우유메밀등대두밀고등어게새우돼지고기복승아토마두고기 | 보관방법 | 판매원 | 구입처 | 농립축산식품부 | 반품 및 교환처 | 판매원또는 | 표시사항 | (ORGANIC) | 인증품의 | 유통기한 | 유기농 | 포장재질 |
001688,2,2021-06-22,0,0,0,1
001727,2,2021-02-08,1,0,0,송원기 | 2021:02:08까지A | 더욱맛있게 | 빵에발라 | 스룹샐라트
001737,2,2021-02-08,0,0,0,우유 | 하목장 | 14:16과지 | 2021.02.08
001739,2,2022-01-05,0,0,0,2022.01.05 | 16:58581
001755,2,2021-12-05,0,0,0,ERT HE9202E EST21 | HEST EFORE20EE 532S | DMNPST SAUCE
001771,2,2019-10-18,1,0,0,450 g(607 kcal) | 구수한맛! | 깔끔하게 | 된장 | 밀가루를 넣지 않아 | 찬마루 | 19.10.18까지 | 19.04.19제조15:37 | igauone
001777,2,2021-04-05,0,0,0,"enNoedels | autées- | Noodles | eng | Noodles | CKR A2 S2205 | R 0$ 2021 | SOY | Sauce, CRi Powder | elne"
001784,2,2021-06-13,0,0,0,2021.06.13지
001942,2,2022-05-27,1,0,0,"FRE FROM GLUTEN | ABI | 211220:85C2A | BBE227. 05,2022"
001979,2,2020-11-04,0,0,0,
001980,2,2022-10-15,1,0,0,사용기한:2022.10.15 | 제조번호:MP19011
002034,2,2017-12-20,0,0,0,"3%) (8.7%),( | 하루를 시작하는 | 행복한방 | utelldi | L352MW.-12:14 | 17.12.20"
002081,2,2019-09-16,1,0,0," 보   | ·인E넷주소:WNCi | 20083-소국 및대리점 | 몸목보고변호 | ·부병·입이 | 1666-5471(문자) | OTHER | C | 080-850-1200 | 보하시 기적들리드습니다. | 도주 을 문공길  | 소세지 | 소중한 의견을 기다립니다 | 업소영및 | 비닐류 | 유 도 문 원 일 2 | 고객행복센터 | 함유감이,이산나트륨신화방지제 이산류 함유 | 8 | ·시용후 드분해주집시오 | 1801391102715 | 원재료명 | 수 |  수   소보 | 유통기한 전면표시일까지 | 냉장보관 T0~10 C)싱품영형 절임"
002109,2,2022-02-24,1,0,0,www.mcnulty.co.kr | 88046451003639 | 202E DE 24 | 유통기한 | 움칠하자가있을경우는제외니다.부정·불량식품신고는국번이3 | HACCP | 정인전관리인 | 표시일까지저 | (4 gx15개입) |    | 품복보고번호200008-0  및량  | 카미원두 97%브라질산 60% | 원두커피백 | 100% ARABICA COFFEE | 향이좋은 | 헤이즐넛향
002110,2,2022-02-24,1,0,0,"www.mcnulty.co.kr | 88046451003639 | 유통기한 | 2022.02.24 | AACCP |   | 식품의 유커피 | 인두커피백 | 100%, ARABICA COFEE | 이좋은 | 헤이즐넛향"
002200,2,2021-08-05,1,0,0,8 801055 721955 | 까지 | 20373405 14:13C | 2021.08.05 | 유통기한
002206,2,2021-03-05,0,0,0,21.03.05T | LOTTE | PEPERO | 누드 | REAL
002243,2,2022-03-13,1,0,0,818080241023850 | 까지 | 2022.03.13 | 유동기한 | 레스0m00% 단백절000% | 지방000% 스지방00 포화지방090% | 45m00$만주을 100만0%당류000% | 711g)당4 kcal | 영양정보 | 4 20  | 2957-40 | 200049035-685 | 두에티오산/에 100%) | 100%90%10% | 4용8 | 33 g(I gX 30개입)/120 kcal | 유개 하단표기일까지 | / |   | ·스트내필스출전 | TWOSOME aLIST STICK COFFEE MILD BLEND | 
002282,2,2022-07-NONE,0,0,0,07.2022 | 677088 | 토네이도클리 | 어재가있는 | 길~쭉길~쪽 | CTE | Es | 0% | 1$ | E | 15 |  035 | 4489 | PP | 수 | 비자브기준에의 | - | 돼지고기함유 | 생소프라
002301,2,2022-01-31,0,0,0,2022.01.31 | 248(851a
002334,2,2021-10-04,0,0,0,21.10.04F8
002339,2,2021-12-28,1,0,0,"OTHER | 까지 | 21.12.28 | http://www.lotteconf.co.kr | 수신자요금부담080-024-6060 |  고객지원센터 | 롯데제과 | 서 을이하에서관해주사고,하기직사광선을 |  상고· 직사광선을 피하여 온도,습도가 낮은 | 유육되지고기 대두 함유· 복숭아,땅콩 혼입 가능 | 8801062335824 | 신이전분 설당)물루란,정제소금,전분,기타 식용유지가공품, | 기능유원유설당,원유,유당),설탐,식물성유지(야자경 | 전면경기대로19525 |  300280 | |내포장재질|폴리프로필렌 | 25% | 단백질"
002415,2,2021-11-01,0,0,0,"2021.11.01.지 | a0.0 | 0아1저도 | (I6OXaSE) | 봉지 패 전자레인지에 가열하지시 | 개봉 후에는 변질의 위험이 있으므로 바를 드심시오. | 8802896000780 | 부정:불량식품 신고는 국번이 1399 | 무해하나드시지마십시오 | 제는 선도유지의 목적이며,인체에 | 해서 제조하였습니다. | Storage : Avoid direl sunlight | VLICA"
002421,2,2020-10-23,0,0,0,23.10.2020
002498,2,2021-05-07,0,0,0,"W | <ir | KIo | 37 | 영 | oF | 7형0 | 령 | 타 | 군 | 절 | 임 | 표 | 살 | 2021.05.07 | 지양설산 | 6,280 | 6.280"
002529,2,2021-10-19,1,0,0,N522 | 10:50 | 10:5010.19까지 | 고소하고 부드러운시티 보스트 | DARK | LIOHT | 인도네시아산20% | 브라질산80% | 컵피원두100% | SWEET& CREAMY | 마원들할 의제으로 답하면서 | 미디움블렌드 |    | BLENB | LEDIUM
002531,2,2022-01-19,1,0,0,"(80z) | 30%,브라질산20%)합성헤이즐넷향함유 | 227g | 커피원두97%(에티오피아산 30%, 인도네시아산 | 14:09 | 2022.01.19까지 | #티타임부한품미#은향분원두커피 | #노브랜드#스마트컨슈머 | 헤이즐넛향블렌드 | COFFEE | ROAST | MILD | MIGH | BEEND | AICH | FLAVOR | TASTEK | HAZELNUT"
002573,2,2021-12-29,1,0,0,유통기한: | 2021.12.29 | 까지 | VEPONR | 및합링 | 원재료명 | 제조원 | 48 kg | 제품명먹스넷참보 | 유통기한 별도표기일까지
002577,2,2020-02-18,0,0,0,0286 | OTHER | () | 502 | 2020. 02. 18 | F | - | 0613413-6828 | 모장년월일 | -84015 | 구입처 | 반품및교환 | (3D9) | 플리에널텐(내면) | 용기(장)재질 | 국번업이1399 | 상황버섯(국내산) | 원재명 | 인증공의 표시사항 | 30g | 수입습니다 | /남진강화15 | 우기농상황채 | 공급원 | /T(061)433-6826 | 유기능상
002597,2,2022-10-22,0,0,0,500ml | 0 |  서지아 | 2022/10/22 | B-st before: | 0% | EN | 107% | TeX | 0% | 영일정보 | EXTRAVIRGINOLVE OL | OLITALIA
002604,2,2017-11-23,1,0,0,L0tto 00220322 | 15:17L221 | 171123 | (/// | Consumir peerentemente antes de:/Consumir depreferncia | Aconsomer de pefrence avant le:/Mindestens haltbar bis: | Da consumarsi preferibilmente entro il: /Best before: | 500 ge 1.11b | PESO LiQUIDO | ogivelser/snd n   s och nvifukti milj | Opbevares lang
002605,2,2017-11-23,0,0,0,Lotto 6021522 | Lsiio1 | 111 | 500 geYDO | PESO LIQUIDO | PESO L
002646,2,2021-12-14,1,0,0,"21880000570108 | 폴리프로밀렌(내인) | 집,대두우유계린 함유 | SSG.COM | 바합니다. | 색료(3-카로) |  2 200 | 단백질 | 38 | 5% | 합성향(파인애향)정제 | 배용및고합적리업위하시기 | 레스테45m8 | 15 % | 료(β-카로턴)],버터,계란 접지 | 1용 및 교학장소구입처및수입원 | 1399 | 포화지방 108 | 감제제(에스테르화유합성향료) | 67% | 트랜스지방0g | 는환발식출신고는국번없이 | 가린(팜유.정제소금,대두레시팀 | 소비자 받 수있습니다 | 지방 178 | 31% | 인"
002651,2,2021-08-18,0,0,0,2021.08.18
002800,2,2021-12-27,1,0,0,까지 | 2021.12:27(3) | 미니 | 2020.12.28×16:35 | 부터 | 다이제 | 떨'오리온
002834,2,2021-06-30,1,0,0,H21.897 | 2021.0630 | BEST BEFORE
002887,2,2022-01-04,0,0,0,2022-01-04
002922,2,2021-09-12,0,0,0,e42 | Landwirtschaft | EU-/NiCh-EU | DE-OKO-O01 | Bioland
002927,2,NONE-04-08,0,0,0,으 | 2
002964,2,2022-09-03,1,0,0,"에넣어 30-~40분간급는다. | 오일소스등을 찍어 먹으면 good! | 180-200'C로 예열한 | 콤직하게 떻거나손으로뜯어서 | 일반적인 식빵모양으로자르기보다는 | 3급기 | TiP | 식빵들에넣고,따뜻한 곳에두어 45분간 2차 발효시킨다. | 2-3.반죽을 동그렇게 모양잡아 오본팬에 넣거나 | 동그량게 동글리기한다음15분간 휴지시킨다. | 2-2.반축이2배가량부풀면주먹으로국놀러가스를빼주고 | 따뜻한 곳에서 50-60분간1차 발효시킨다. | 10분간반축한다 | 1-2.마지막에 이스트를 넣은 후 | 조리법 | 설탕18g,물135"
002991,2,2021-03-20,1,0,0,2021.03.20m | 유통기한
003079,2,2021-11-01,1,0,0,까지 | 2021.11.01 | 유통기한 | 원 | 총 | 주
003174,2,2020-08-13,1,0,0,500ml (16.9 fl oz) | comes he source  Nv-Nare's eTste. | Neve | Naturally Pure | EXP 2022/08/13 | PR 2020/08/13
003182,2,2021-06-14,0,0,0,14.06.2021 | 1398 S5A 17:34 | petore oi
003204,2,2023-06-26,1,0,0,Best Before: 2023/06/26
003246,2,2021-08-15,1,0,0,D0kcal/18gX200H). | 유기농 자연치질81% | (19년 1월~20년 5월 닐슨 마켓트렉 누적 기준) | 3계(25개월)부터 | 유기농치즈 시장점유율1위 | 국내 최저 나트륨으로 건강하게 | 두뇌·성장 | 어린이치츠 | 기획 | 마 | 17:57 | E룹유기농 | 2021.08.15 까지 | 20 | 특별 | 상하치즈 | Maeil
003266,2,2021-09-12,1,0,0,of which SUGARSde las cales AZUcAREs | HIDRATOS DE CARBONO/-LAPNUAI | 65.9g/=101 | 0252214:09 | CARBOHYDRATEHIORATOS DE CARBONO | 6.3g/a1 | SATURADASdoS quais SATURADOS ui iuida4d | of which SATURATESide las cales | 18.9g/1A | FATIGRASAS/LIPIDOS/OA | c!Y.Y..1r | 462kcalSs | ENERGY/VALOR ENERGETICO/E
003293,2,2022-12-02,0,0,0,Y/M/0D 03801 | E 2022/12/02 K19 07:16 | 22-41-T0597C | F722-21-T0583C | 내원 | THF722-11-T0583C
3352,2,2025-12-10,0,0,0,"(중국산)] | :중기산),마늘( | 애물치킨스[토마토페이스트(토마 | 페이스(마토중국산], | ,호주산)}] | 27 | 가루(밀:미국, | 밝강8 | '당강정용배터믹스{밀 | 8 | 강정용순살지키 | 88O1TT | 8시 | 081 | 양념순살닭강정 | 품명 | enjoy"
000008,3,2027-06-29,0,0,0,2027.06.29 0
000011,3,2026-02-05,0,0,0,2026.02:05 0 | CHEESE | RITZ | RIIZ | CHEESE | 리츠 | 치즈 | 리츠 | 치즈
000025,3,2026-06-11,1,0,0,"2026.06.11A | 까지 | 합포함),것 | 허고기,돼지 | 게,새"
000036,3,2026-08-26,0,0,0,"lloles | HA | 11:48전복 F3 | 2026.08.261지 | 단호박죽 | 영반 | ~ | 3,980 | 1+1 | 1+1 | 3,980 |  2  | 1700 | 2투기간북직(정온R896 | PPNN"
000055,3,2026-08-04,1,0,0,8010 | 8 | 까지 | 2026.08.04 | 소비기한 | DAFBANO | 포화지방0.2g1% | 콜레스테롤0mg0% | 트렌스지방09 | 단백질497% | 49 | 10994 | 영양정보 | 총내용량 320 /109g 2kcal | A | LOW | 재당 | 주장 | 유통전문매원 | (주사조대림경기도안산시단구성곡로 125(신길동) | 원사조산업(주)전라북도순창군인계면물통길22-35 | 제조원 | 원재료명 | 320g | 내용량 | 품목보고번호201004947997 | 사콤상큼초고추장 | 제품명 | 식품유형혼합장상저품
000082,3,2026-08-24,1,0,0,2026.08.24까지A | 2025.08.25부터3 | from.. | 자 | 아지! | 기운내 | 엄마손
000097,3,2025-11-19,1,0,0,·소비자문쟁해결기준에지(내면) | 2 | 70 | 9g | 0g | 47% | 35g | 359 | 17% | 75 mg | kcal | 35% | 11% | 트랜스방 포화지방 클레스테트 | 4% | 221 | 탄수화을당류지방 | 열량나트륨 | 총내용량 210 | 2025.11.19 | 나타드코코15% | 밀감 15% | 210 g(221 kcal) | Mandarin | 쁘띠첼 요거젤리 밀감 | 8 | :OTHER | 요거젤리 밀감 | 기:OTHER | 안n | TM | 플라스틱 | petitzel | 연출예 | 쁘띠첼 | 제일제
000104,3,2026-04-01,0,0,0,STICKS | MILK | 2026. | 04.01 | R | C | S | & | P
000123,3,2026-06-04,1,0,0,881214 | 802534 | 8 | 2026.06.04 A | No Brand는모두이마트의 상표입니다 | 4니며 일시책으로 좋음을 깨게하는데 도꿈을 눕나다 | 과활성시 설사를일은수있습내다   사술은 | 무해하오니 안심하고 드십시오.반품 확 화창소 | 수 있습니다.제품 표면이 수분에 로아 하양게 될 | 크쟁해결 기준에의거 | 공청거래위원회 고시소비지 | 취급방법: 직사광선과 고온다 한 곳을 피하여 서는인 | 는국번없이 1399 | 은한 제품과 같은 제조시설에서 제초하고랐습니다다. | 19930439002-406 | (02)380-
000133,3,2025-11-25,0,0,0,2000000292656 | ·부정 | 교환 | -본 | 건조하고 서늘한
000146,3,2026-04-03,1,0,0,고 | 신 | 품 | 없 | 일1로시10 | 니다. | 습 | 식흥덕귀 | 있 | 불천주시를 | 돈는 | 또 | 교환 | /충북 | 하 | 자 | 분 | 380 | (순화 | 호 | 거 | 별시 | 계 | 제 | 길 | D | 태 | 대 | 들은 | 마요네 | 문명 | 장 | PE | 보관하시기 | 바 | 본관방법 | :직사광선을피하고 | P3159 | 소스실권 | 2026.04.03까지B | 부데일리갈릭 | RERPET | HER | DAILY | R | 스로습어가되는길 | 드가아니다.소비자다 | No Brand
000197,3,2026-07-30,1,0,0,"2026.07.30까지 | 483603 | (5) | ""른 시일 내에 상품을 준비 | 3,980 | 해당 상품은 품절 되었 | 921519 | 주기 오즈키진 브라운비프카레 | 뚜기 오즈키친 고추마"
000207,3,2026-09-24,1,0,0,기한 | 2026:9.24/A- | 소비 | 농심페이지 http://www.nongshim.com
000224,3,2026-06-15,1,0,0,"2026.06.15A | 소비기한 | 80 | 남소스240g | 5,00 | 스테 | mg | 지방0g | 지방0-g"
000248,3,2026-04-21,1,0,0,"이대방 | 본사:서울 | 습니다. | 2,000kcal | 일 영양성분 기존치에 대한 비울() | 레스터를 0m 0%단 509% | 트랜스지방 09포하지방7g 47% | 냥류 33 g3%지방 20937% | 나트륨 620 mg 31% | 탄수화물55g17% | 영양정보 | 420 kcal | 총내용량83g | 니다 | 시민후 | 아산B64이희나0721 | 2026.04.21까지 | 880104310366721 | 하였습니다. | OTHER | ·반보지를 위해질소충전포장을 | ·반품·본사및구 | 비닐류 | 구입한곳 | 한복보이는 집을"
000273,3,2026-03-13,1,0,0,2% | 7.3 mg | 레스테일 | 단백질4.6g | 0 | 트랜스지방0 9 | wW.no0 | 포화지방 47g 3i% | 5181 | 0-023 | 류 12 9 12%지방 11 g 20% | -Se부담 | 분심물바로가기 | 나트움450 m 23% 탄수화물A1/GK | 280kc | 영양정보 | 23 | 총내용량609 | 식용의역원인전처 | HACICP | 식품안신관리인증 | 부산2B3이유림1301 | 2026.03.13까지 | ·신선도 유지를 위해 질소충전포장을 하였습니다. | ·반품·본사 및 구입한곳 | dER | ·부정·불량
000277,3,2026-07-15,1,0,0,2026.07.15/A-2 | 기한 | 까지 | 2025.09.16/20:52 | 소비 | 부터 | 3180111712823011 | 인증한 식품에만 표기하는 마크 입니다 | 식약처에서 위생적이고 안전하다고 | HACCP | HACCP 마크란?
000318,3,2025-11-09,1,0,0,"에스테트,카민(작새료), 홍국색소르 파제 | 프필렌글리콜,혼합제제(폴리클리세 | 혼가제제(향료],발효추적 향료?,계판탕, | 제(피로인산냐트륨,폴리인산나트밀,폴리인 | 게동축액 노글두담산나트를 (향미풍친제), | 천일역(호추산)],조미액 대두유 설탕, | 리투아니아 이탈리아 등),정제소 | 소맥전 | 소비톨,실탕,사도초절제] | 56.5 %외국산(인도,베트남, 미국 | 식품의 유형 어묵(살균제품) | 펴표시일까지 | www.dongwonfnb.com) | 14(W | F&B/경기도성남/중원-둔촌대로 | 내용링I150 | 맛실 | 6"
000362,3,2026-08-11,1,0,0,"www.the-mishik.com | 8 | 있습니다. | OTHER | 더미식몰에서만나보실수 | HACCP | 안전관리인증 | The 미식의 모든 상품들은 | 안준혁 | A2-2 | 홈에손기락을 베이지않도록 | 조라시는 물에화상을입 | 2026.08.11 까지 | 요금부담·조리시자리를뜨 | 지켜주시기바랍니다.·소비 | 보관방법미준수시에는변질등 | 기준이므로 개인의 필요 열량에 따라 타를 수 있습니다. | 제품에이상이있을경우취식하 | 1일 영양성분 기준치에 대한 비율(%)은 2,000.kcal | 또는 보상받을 수있습니다.부 | 8"
000395,3,2026-03-15,0,0,0,8801043015622 | 범먹 | 101003536 | 피범벽(6입) | 농심 | 인생을맛있게 | 농심
000432,3,2027-04-28,0,0,0,STICKS | NET WT.7.920Z.(224 g/800kcal) | 80 STICKS 0.0990Z.(2.8g/10kcal) | 80 | 20277 | 04.28 | +플러스 | 아이브루 | 스위트 블랙커피 | SWEET BLACK COFFEE | PLUS | iBRew | Coffee | McNulty | M | HEA
000458,3,2026-07-01,1,0,0,SAJO | 김(국신)100% | HACCP | 관라인 | 조미김 20 g(75kcal)| 전장10매 | 김밥김 | 더고소한김 | 12:00 A | 30년 전통방식 그대로 | 2025.07.02 | 2026.07.01.까지 | HAEPYO | 해표 | 이미지사진 | e
000509,3,2026-09-01,1,0,0,까지 | 2.09.01A1) | 25:88·833:46) | 부터 | 소비기한:
000544,3,2029-06-25,0,0,0,orvs | BIVIOKR
000618,3,2026-08-26,1,0,0,"박자/즈 | 백후 | 국산),마가소 숭화투반장,굴소스,수청,변성전분 향미요 | 정제쉬 양피 | 국),부고소스마을(중국산),두반장(권산) 소스 | 교)품목보고번호1991045079152송비간한 | 후면 | 일 | 확인해보세요 | 다양한레시피를 | 2026.08.26/01553 | 홍콩식마파두부의 | 소비기한 | 드러은마파두부Tip | 찌개두부 대신 연두부 1모(250 g)를사용해 보세요! | 어슷썰어주세요 | 돼지고기를 넣고 2분간 잘 볶아주세요 | 깍뜻 썰고,대파는 앞게 | 소스를 넣고 30초간 끝이면 완성! | 1분 정도 충분히 "
000635,3,2026-02-21,0,0,0,말리는 | 2026.02.22 | 맛있는약속 | 2025.08.22 | 1 영양성분 | 레스터 | 4mg 19% | 랜스지 | 09 | 류24 | 단백질69 | 24% | 륨 | 표화지방99 6% | 18 mg | 지방279 50% | 26%탄수화물 | 양정보 | 9 20% | 1000 | 527 kcal | 내용량 245'9
000695,3,2027-09-09,1,0,0,·리 | 까지 | 03
000753,3,2026-03-18,1,0,0,"I기한 | 물을 불고재료가 완전하의 | 크기로 쌀 | 물700m1(13 | 조리방법  | 월계수잎 | 로즈마리, | SI BEKSE CURRY MEDIUM | 오뚜기백세카레는 강황 함 | ""더 맛있고 잘 녹는 | 카레약간매운만 | 14:1 | 1"
000799,3,NONE-12-20,0,0,0,요플레 | 12.20 0159
000816,3,2026-10-09,1,0,0,Apple Shine | 블리 | 젤리 | EASY CUT | 까지
000837,3,2026-02-21,0,0,0,PEEL HERE | 1K1f 1
000862,3,2021-10-22,1,0,0,312280201481846 | Poids net : 125 g | 2:18:29 | CE | A consumir de preferéncia antes de: | 35-239-001 | Consumir preferentemente antes del/ | FR | Best before/ | A consommer de préférence avant le /
000896,3,2023-02-15,0,1,1,Barsseo | Tana caMaru | Bec Herre |   | Neto Gewicht | 100X 1.25g | Poids Net | Nett Weight | 3.C0a | Ca M/ira | Akbar Brothers (Pvt) Ltd | Verbrauchsdatum /Toen ao | 2023/02/15 |  Dae /De d'irtion | Kcaa ya/aayaya | YnakoBamityllpi-Iami |    | Packing Date /Date 'emballage | FULY AUTOMATICALY AKEDN
000908,3,2022-01-NONE,1,0,0,BP.1.20702 | EXP:01.2022 | 나용량 | ErUCuTS | UBM
000939,3,2021-10-28,0,0,0,18.47 | LRO190 | 2021/10/28
000945,3,2021-07-03,0,0,0,22:13 | 2021 | '07 | 12020 | gullón
000962,3,2023-10-21,0,0,0,세물리나 100% | 폴타나 | 니다. | L02056.001A | 2023/10/21
001009,3,2022-11-24,0,0,0,2022.11.24 | 60139 | B*80958086134 | Tip) | No Brand | ISCU
001057,3,2022-05-27,1,0,0,OTEN | 유기한 별도표기일까지 | 영 강100%(국) | 제용영 김동곤 명인의 감임자 | 식  | 9187) | 2022.05.27 | 우a기 | 김일차음용법
001059,3,2021-10-14,0,0,0,2021.10.14 | 3.280 | 201 | 3.280
001077,3,2021-07-31,1,0,0,7201 | Informatlon | 75261 | EPLPOM | 2021.07.31 | BEST BEFORE
001187,3,2020-04-23,1,0,0,이력번호:303270940006 | 까지 | 유통기한2020.04.23 F1 | 15개입(1.020 ) | 냉장제품 | 국산 | 건강한닭이 남은 계란만을 담았습니다 | HACCP | HACCP SYSTEM으로관리하는 농가에서 | FRESH EGGS | 왕란 | 신선
001216,3,2021-06-13,0,0,0,CHOCOLATE | :00100014221200 | Skers | hoco | C2BX6OA | 13 06 2021 | Gery | Garudafood
001291,3,2022-11-05,1,0,0,"AILANDE | DX | EXP:2022/11/05(Y/M/D) | I: markeoal | I-thai.com | PR0:2020/11/05(NTN1) | reipes. | D, Ban Khe Laem,B ioh | 10120 TALANO | ama ll TowTrok N | Rama  Poad | Fooc Inter W onal | 885813510015511 | THNIT/ | ED FOI | /ENBALLE | MR: | e wit | the lime | dges. | ande | Leaves. | lish v th the"
001411,3,2022-09-06,1,0,0,"서능하 장소에 | 좀에다거보관상 주의사항:직사 광선을 | 전어래워원환 또는 보상받으실 일 | 정거래위원회 고시소비자분쟁해결기 | 에서 제초하고있습니다.본 제품기 | 복숭아를 사용한 제품과 같은 제조시설 | ·질소충전·이 제품은 호두밀 | 품목보고번호 | 19710372001234 | 렌(PE) | 용기(포장)재질 | 내포장재질-폴리에틸 | 강황추출물분말 | 우유,대두함유 | 정제소금, 탈지분유(미국산),비타민C | 말(고구마: 국산), 합성향료(고구마향), | 분말(국산),대두분, 분무건조고구마분 | 러시아, 형가리,세르비아등),고"
001417,3,2021-11-05,1,0,0,"중량: 300 o(1,250 kcal)[30 g(125 kcal)x102 | 화이트초클릿분말 27%(카카오버터 22.5%) | 조리에 | 부드러운 달콤함 | 카카오버터가 전해주는 | 2021.11.0504:55까지 | 초코 | 화이트 | 미떼"
001429,3,2021-01-23,1,0,0,"SLICE | 가공버터1.7% | 24 | 540 g(1,447 kca) | 14성8 | DEAL | CA고성태 | 30e1.01-23까지 | 깊은 브리오슈버터식빵 | 버터가함유된 촉촉하고풍미가 | BUTTER SLICED BREAD | 베터식빵 | 촉촉한 브리오슈 | No1"
001482,3,NONE-01-31,0,0,0,01.3108:52 | 건동인증요기1900 8(50 | 요거트 | 피코크 유기농인증
001489,3,2021-07-12,0,0,0,NISE | 마요네즈 | 데일림 | No Brand | 2021.07.12E
001554,3,2020-06-03,0,0,0,2020 06(03
001623,3,2022-01-14,0,0,0,VEI | 2022.01.14 11:12 | 68348 | AR | 5국신 | A | 200 | E- | D
001666,3,2021-01-28,1,0,0,독속한 꿀카스테라 | HASTELLA | HONEY | SWEET | samlip | 2021.01.28까지최종헌
001706,3,2021-06-04,1,0,0,"1 | OIDIT | 15:58 B | 유통기한 | 2021.06.04 | CHEDDAR | GOUDA | 고다제다,국산버터의 완백한밸린스 | 치즈마스터 | 최상의 치즈블렌딩 | Cheese"
001815,3,2022-06-07,0,0,0,"TA | 2022.06.07 | ""80116150165 | 밀함유 | 중록보고번호 | 10부 | 영양정보 | 41 25kl"
001825,3,2021-09-07,1,0,0,원재료명 | B영상을 기에  | 1804973130620041 | 8 | TOmg 3% | 지방 895%제방0 | 16:55 | E | 037A1 | 영양정보 | 0709 21 | n/M/Y | 일 00 0년지 | Best Belore | 관래 첫6숫자)
001918,3,2021-05-25,0,0,0,"00:53 | 152 | 25,05.2021 | QGOLD"
001977,3,2021-01-14,0,0,0,"0063786 | mondi MB-di-K-000339 | 4 | Mondi Kalenobel | SA2P.ND:383 | 72ge | TETT:14.01.21 | n ezb8 | 0,6g | sodyum | 1,6g | %26 | Protein | 0,6g | 1,4g | %3 | 0,1g | 0,2g | %1 | Unilever No:13 34768, Umraniye-Istan | seker | 1,1g | 2,7g | Dr. Adnan Buyukdeniz Cad. | %3 | larbonhidrat | 4,6g | 11,6g "
001981,3,2022-10-15,1,0,0,사용기한:2022.10.15 | 제조번호:MP19011
002006,3,2022-07-27,0,0,0,"w1,500 | White Choco | 화이트초고 | 항복한쇼콜라띠이 | Hap py | 2022.07.27 | 1라 | 'uche | OND"
002012,3,2020-06-30,0,0,0,2020.C6.30
002143,3,2021-02-08,1,0,0,mm | 황금식감 | 앞은사각 | 노o욱 | CAKES | 선 | 대어물 | 대표 | 민국 | 21.02.08 까지F1
002172,3,2020-06-24,1,0,0,"교하기바 | 0% | 12% | 0g | 트랜스지방 | 40g | 1% | 지방 | 0g 0% | 13mg | 기준치에대한비을 | 기준치에대한비율 | 총 내용량당 | 1일영양성분 | 1일영양성분 | 20.06.243 | ·고객상담실:전화--(수부담 | 반품 및교환:본사혹은구입처 | 18459020 | 고시)에의거교환또는보상받을수있습니다 | 지고기유유복숭아함유 | 본제품은 소비자분쟁해결기준(공정거래위원회 | 과일형,기타식용유지가공품 | ·부정·블량식품신고는국번없이1399 | ·폐기술분리수거를생활화합시다 | 16% | 제조하고있수 | "
002211,3,2020-09-22,1,0,0,"터:(전화)080-023-57 | E가 낮은 곳에 보관,개봉 | 20.09.22(808) | 기한 | 위해일매지는질소충전 | 20.03.23(11:98) | 유통 | 론 4종,잔탄검,곡류가공품 | htto:/wwworionword.co | 루,푸마르산),조제크림분 | HACCP | R거트분말,유화제 4종,식 | (주)오리온 | 지방산에스테르,프로필렌 | 스산)],식물성유지1(경화 | 880111755719 | 탐,복숭아(중국산),올리고 | 표기일까지 | 24 | 19870415003307"
002262,3,2022-01-11,1,0,0,2022.01.11 | 유동기한
002314,3,2021-10-17,0,0,0,기기 | PD 17.10.2020 / EX 17.10.2021 | 18:09 P4 | TpIv ano:
002317,3,2020-12-03,1,0,0,국산말기 | 2 | HACCP | 하십시오 | 안전관리인증 | 202012.03.까지
002347,3,2021-10-04,1,0,0,"우껑:PP | OTHER | 8809118/815078 | 까지 | 2021.10.04 C | 유통기한 | 입맛에맞춘최고의 제품을 생산하고있습니다. | 2021 | sal | 크믹 189 월로우비코믹에의하여 설립된 맥크믹로 최상급 | E5 | MeCOPMICK | and Co.,Inc., Sparks, MD, USA | Produced under license from McCormick"
002448,3,2021-02-04,1,0,0,"OTHER | LDPE | 2021.02.04 | 사용기한 | D205 | ""제조번호"
002469,3,2023-06-22,1,0,0,22.06.2023 | UseBy
002517,3,2022-07-20,0,0,0,뛰어닙니다 | 불순물이적어안전하여색과향미가 | 일반방식으만는일제보다공정상 | 제다과정을거친추분내하여만든제으 | 어린새를채업하여차만들이 | “새불보리분말입니다 | 흑다항자를사용하여만든 | 새싸불책보리는농촌진용청에서개발원 | 2022.07.20
002547,3,2022-04-NONE,1,0,0,No Brande 이마트의 상표입니다 | 54:42 | 1000 | 88 | 159 | L0293 | 29 | 유통기한 | 04/2022 | 188 120% | 0.048 | 2 | 30.8 | 56% | 47.8 | 0007933131 | 508 | 15 | 나트 | 5mg | 기준 | 송내용링당 | 영앙 | 5o0 kcal | 영양정보 | 중 | 초 | 초식 | 수 | 대투 | 올량 | 품 | 고 | 한제품관 | 환불 | 있없이1399 | 있니다 | 청2 | 본 | Q | 포장재질 | 알루미능 호일(내면) | 유통기한 | 까이일
002548,3,2021-04-02,1,0,0,지비1360 | 당09 | M480151 | 탄수화물29 | 11.% | 나트210mg | 1일 영양성분 기준지에 대한비을 | 1개(50 g)당 | 60g65.7kca | 총내용량100g(50g×2개) | 영양정보 | [식품의유형 알가열제품 | 유통기한:21.04.02까지B17 | 알가열제품 비살균제품 | 상기 제품은 이미지것입니다 | 중량:100g/131.4kcal(50gX2개입) | BOILED | SOEDEGG | 영양과수분은그대로 | 방금삶아낸것처럼 | 간이되어있는 촉촉한삶은계란
002587,3,NONE-12-22,1,0,0,Exp.Date: 12/22 | Batch No: 652332 | KEPOUTSFRACTERFEALRO | RNOTSFACERESBROKEN | cool dhy pitche | Dioide Ca eeColo | bern trech | ·Daily Value not etablished. | based on | D2o0 calorie de | 575 | Per.oo Dal Valuen(%DV) | 40.0m | 8.5mg | Slenim ls Sodn | 1U 559X | Zinc (as Zinc Oxideop | mg 82% | Vi
002591,3,2023-10-27,0,0,0,Made in Italy | 8101535213190581 | ACETUM SBA-VPeri A | e imbotiglato da | Heraestel o/ u / o | 27.3012023 | L3010 | acidita: | acidite: | 6% | contiene alcool | Saure: | content de f'alcol | alkoholhaltio | concentrato | concentre | oe an cuit coioram | Farbstoft | Traubenmost | E1500. | Zutaten: |
002593,3,2023-08-11,0,0,0,5759 | 0g | 09 | e es fe eten Uos | 1027K1-242Kca | OU FR  | 11/08/23 | L2242016:34 | 3) | OOAWCM | SPA | BOSA | ACEIrOOCNWDR | o | 100 | 2 | 시 모하시
002607,3,2022-04-02,1,0,0,0 | Omg | LE | U주화를 | 고상담실:00-024-23수신지요 | 부정·시품신고는 국번이 10 | BHEO | 0로405 | BORES AGROLTA 8NDS | TOLS SAU | 드유 10스페인 | 50ni50 | 공기타 식물성유제 유통기 | 2기일지 | 수시오 | 보관양법 | 경우무 용고수 | 도 | 2022.04.02 17317 | 포도씨유 | 프레스코
002614,3,2023-04-NONE,0,0,0,aellero | 조리예 | SAERES | 04-2023 | L30408J | VALENCIANA | Carmencita | Paellero
002692,3,2021-03-10,1,0,0,까지 | 유통기한:2021.03.10 | 8°809132-412141 | OTHER OTHER | D | 춘천식닭갈비구미
002738,3,2021-06-05,0,0,0,"100016812150371 | Enmal geoped bewarenniletenpi) | 90ge | Once opened,storein nairigcotane! | Store in a col dyplace/Kolenong. | 05:48 024 | 05 06 21 T10 | BET BEFOREITEMNTEHOUAT | omie pe paking4 | 15.09 | 3.69 | ack! | ρP+LDPE | OTHER | A8 18 85 | 비널류 | ne | 8U8 900 435kCal"
002742,3,2021-08-13,1,0,0,"MATE JUICE | 02267861C 09:53 | FURAL FLAVOR. ITRIC ACID, FRUIT AND | AUG 13 2021 | Calcum 1Sma 2%.1 | Iron 2mg 15% Potas. 240mg 6% | Best If Used By | mg | 5% | Protein 6g | g | 0% | Incl. 7g Added Sugars 13% | cmarK or Ihe Non-GMO Project. | 23kca | 원산지 | 미국 | 스테 Omg | 일서니 | 0% | 총내용량 | SNACKSINC |"
002840,3,2021-05-24,1,0,0,요고N요구 | SIB | 2021.05.24 | 9:15138 | Best Before
002865,3,2023-02-03,0,0,0,trg C% IN.Tetad
002875,3,2021-04-11,1,0,0,2021.04.11 | 7 | 사용하십시오 | 2251C | 유전 | 유기한 | A | 소 | Bianca | 0 | 201 | 21- | Dee | -21 | 21
002930,3,2022-09-27,0,0,0,2022. 09. 27 | 니다 | 2101 | 0218. | 101
002954,3,2021-02-28,1,0,0,2021.02.28까지E6B
002955,3,2022-11-04,1,0,0,"8801083/261201 | 2022.11.04 | 까지 | 유통기한 | HACCP | 이전관리인증 | (수신자부담)080-023-6411 | 문의처1농심결로그주식회사 소비자 상담실 | 좋은 것만 드리요 | 관련된자세한 정보를얻으실 수 있습니다 | 걸로그 홈페이지를 클릭하시면 제용에 | 홍데o지|1 www,kelogg.co.,kr | 좀더 자세한 정보를위해서는 www.kellogg.co.kr를 방문하여 주십시오 | 수 있도록 노력합니다 | 결로그는 소비자들에게 정확한 영영정보를 전달하여올바른 식품선택을 도움 | 올바른 식용선택을옵"
002997,3,2022-10-15,0,0,0,"8801045450018"" | 단백질 | LER | 탄수화을 | 영양정보 | 100 g당 900kcal | 09ml) | 상:080-024-231(신 | IACCP | HEAP | 내8[500m25C) | 2022.10.15 | 카델라유 | 프레슬콘"
003011,3,2021-12-11,1,0,0,11181253 | 112024 | Best Before: | WAw.meimo | A | 신고이 13 | 있습니다 | Sucere | 5.3120 | Net Weigh | 24 | 0-72-875 | 현재로경 | ORATON | NO.FP. | E FOOOS | 원신지리 | 5(472kca)
003035,3,2022-08-28,0,0,0,"os b | aoed or tom | Net Weight: 10.56 oz (300 g) | Product of Indonesia | 28 08 2022 | www.deliamor.com | Indonesia | Kumingan, West Java | Nasa Pangan Lestar | GULAJAWA"
003088,3,2021-06-30,0,0,0,100000015977131 | JVE278  21:21 | 30.06.2021 3A | 0.0% | N58O
003116,3,2021-12-29,1,0,0,까지 | 2021.12.29.C | OTHER | 시다 | Com | HACCR | 유통기한 | 비널류 | ADAESANG  | 소비자중심경영 | 8 8010521048765 | 완성 | ccm | 넣고 중물에서 3분 30 동안 조하면 | C12001 | 두부20l20 | 선물로 복다가마두부양널 | 가스인지종류와불세기에따라조리시간이달라질수있습니다. | 볶아준다 | *조리/취식시 고온에 주의하세요 | 팬에 다진고기30 g 1분 동안 선물로 | 8고객상담실080-019-9119(수신자부담) | 대파는 적당 크기로다 후준비한다. | 깍뚝
003197,3,2022-11-05,1,0,0,7503019799826 | Natura Bio S. de R.L de C.V. | Made in Mexico by: | Avocado Ol | Extra Virgin | NGREDIENTS: | Exp: EXP NOU 05 2022 | LOT ACAEU051120 | Lot: | 기축에의거교한 또는 보상을 받을 수 있습니다. | 부식신고는 국번 없이1399 | OC-10.NOV-11W. DEC-12일 | 산지:역시
003238,3,2021-10-16,0,1,1,175ge | 20:15L11H345/2 | EXD: 16.10.2021 | PRD:10.12.2020 | BeSD:DMM.D | FRANCE | 4170 LE CONTROIS-EN-SOLOGNE | 2 bvd de lindustrie- Contres | St Michel Biscuits | Manufactured by: | www.stmichel.com | made with cholate eps | A vey sweet and soft madeleine | A French biscuit factory since 1gos.
003248,3,2023-01-17,1,0,0,000 | 인하가격: | .640월 | 말인을:50%100g당 | 656원 | 인하상품 | ae and | 8 | snrged | L00350176 | 05:42 | 2023.01.17 | ok fnd | -Best before:- | cisuing | utods | 10-0-0 | unotore | 조장소 | neat | A | Mo NerPA | 00 | Enog 18r5 Keal | P | 2509 | [C5-37 | Eee neu
003285,3,2021-08-06,1,0,0,"SNa | HACCP | 677 | 안전관리인증 | 국제스댁협회정회원 | OTHER | A 7 | 21.08.06 | 까지 | 05:16 | 21.03.07 | W4800 | 미닐류 | Haitaico | 부터 | 희망소비자 가격 | 날수있어요 | 경을 깨끗이 | 8180101916090531 | 포장을하였습니다 | 제조하고 있습니다 ※신선한 제품 | ).찾,아황산류를사용한 제품과 같 | 땅콩들고기쇠고기오징어,조개류 | HPC 050270 | kr | 품은 게새우,돼지고기,복 | 혈량에 | 라를 수 있습니다 | .000 | 2 | "
003305,3,2025-03-NONE,1,0,0,8809350-08834 | ULTRA THIN | Exp: | 03/2025 | LUBRICATED | CH20002 | LOT | 2 | HER | CARE
003307,3,2020-09-01,0,0,0,IC | 조년월일 | 고객센터 | 8 | B | 080-745-12338 | 9 | 3 | 6 | PAS | 5 | 0 | 5 | 사용상주의사항 | M | 2.M | 사용방법 | Medi Heall | 허리온팩 | 그날의 신 | 2020-09-01
003313,3,2021-07-05,1,0,0,"PRODUSTOF THALAND | 818519361001007 | BEST BFE7RE: 2021-07-05 | 74-2-05355-4-0023 | E-Mail. thitinan_bee@yahoo.com | *부정,불량식품신고는국번없이 1399. | FAX.(66) 2459-1349 | TEL. (6) 2454-9649 | 또는 보상 받을수있습니다 | Thitinan Bee Products Co,LId. | Distnibuted By: | 5 |  Mo.10 Rma Road | 에는가급적 빨리섭취하시기바랍니다 |  Fd CoCLt"
003320,3,2021-09-02,0,0,0,03/0/20020 | 8 | 02/09/202 | 해통일자 202.033 | Valcoladte | Bunrata cheece | ITALIANO | 100% LATTE | da1 1914 | frozeu | alolate
3345,3,2026-08-19,0,0,0,tata | 26.08.19
000013,4,2026-03-20,1,0,0,"양벌꿀 | 스금정제소금,제상인 | E 분 데E | 비기한:별도 | 비자상담:0314 | 나드맛 | 기도파주시월통산로49 | 조원및판매원: (주)위너스 | E | 품유형: 과자유처리 | TARD | 내용량:85 g(409kcal) | 제품명:프레첼허니향머 | 첼 | 2026.03.20A | EL | |기한 | ONEY MUSTA"
000019,4,2026-04-09,1,0,0,"YCN | 까지맛있는약속 | 2026.04.09 | 부터 | 2025.07.10B | Rich, | 치즈샌드 | 풍부해진"
000061,4,2026-06-04,1,0,0,OAR | OLOTTE | 까지 | .. | 26:5.04 | 18010621893546 | 코쿠키 | LOTTE | ABC | oAse vine
000087,4,2026-08-10,1,0,0,"맛있는약속 | 2026.08.103 | 까지 | 부터 | 2025.08.11 | 1 | 4,330 | 4,120 | 코코D"
000088,4,2026-09-03,1,0,0,기한 | 까지 | # | 10:34 | 소비 | 부터 | 생산 공정상 간혹 빈봉지가 나오거나 개수의 차이가 있을 수
000096,4,2026-05-26,0,0,0,2026.05.26
000108,4,2025-10-24,1,0,0,742044 | 809387 | 8 | 식품신고는 국번없이 1399 | 742044 | 809367 |  품 및 교소   | 7시소비자 분정해결 기준에의게 | 하거나 빨리 드시기 바랍니다 | o kcal기이으로 인의 요에따라 | 단백질5g9% | 25-10-24까지14 | 지방0g포화지방0.795% | 592 %당090% | 소비기한: | /100g당 66 kcal | 이미지 사진 | 냉장보관(0~10C) | ( | 더욱 고소하고 담백한 두막듭니다. | 0% | 국산콩을사용하여만들어 | 상콩 | 클산클두부 | 연수머가 되는 길
000183,4,2027-07-28,1,1,0,"B1 | ML21124 | 16:13 | EXP. DATE: | 2027.07.28 | PROD. DATE: | 2024.07.29 | 4,480"
000210,4,2027-05-20,1,0,0,"6% | 22g | 당른6 | 22% | 용량100 9 | 십시오 | 0 | 고기 | 제조원 | 주식회삭 오뚜기 | 폴리에틸렌(내면) | 장재질 | 말,마늘분 | 고 | 고 | 성 | 변 | 혼합식용유 | (인도산),코리 | 코산) | 소비기한상단표시일까지 | 명 | 보고번호20010445055183 | 카레 | 유형 | 밥위에없어내면 완성됩니다 | 카레라이스 | 물을 붉고재료가 완전히익을 때까지 끌입니다 | 당(소) 60. 오기식용유 2(25g).물700m(3%) | 로즈마리, 월계수잎등을잘조화시킨 고급카레입니다. | OTTOGI"
000215,4,2026-10-14,1,0,0,"1051 | 1s | 17/이스점/ | 일인 | 50 | 10m당1 | 2개구매시 | 영사상품 | 정정원 | 홍초 | 11,980 | 2026.10.14 | 이상구매시 | 82 | 2개 | 이상쿠해시 | 소비자중심 | HACCP | 2개.50 | 국번없이1399 | ·부정·불량식품 신고는 | 의거교환 또는 보상 | 본제품은 소비자기본법에 | 안심하고 드셔도됩니다 | 모·라임 | 에서나타나는 자연적인 현상이므로 | 관증갈변이 발생 할수인은나상과실 | 됩니다 | 참전물 또는 | 유계 성분이므로 안심하시고 사용하서도"
000279,4,2026-06-02,1,0,0,over 10.000 | 연출이미지 | 1만번 이상치대 | Gesoerted egtables | e | 꽉찬 소와 피의 밸런스 | AOH | 26.06.02까지 | 25.09.03제조 | 102
000314,4,2026-09-01,1,0,0,10 | corched Rice | 연출된 예 | -룸지 | 2026.09.01까지B | 번구워 더구수한 | GOOD TODAY | 좋은 | 오는
000343,4,2025-12-30,1,0,0,소비기한 | 2025.12.30까지!
000351,4,2026-05-03,1,0,0,10:44 | 2026.05.03 | 소비기한 | 영양을 개인의 필요 열량에 따라 다들 수 있습니다. | 단백질0g 0% | 스터를 20 mg7% | 스지방 0.59 미만 | 포화지방79 47% | 117% | 080-H | 지방46 g 85% | E 8mg 41% | 탄수화물 15 g 5% | 100g 당475 cal | 총 내용량 3009 | 소스 | 마요
000389,4,2026-02-27,0,0,0,"8801441 | 금토일2개구매시1,000원할인 | 최고의 제품만 인됩니다 | 발조청(발국내산)4.8% | 개인의 될요 얼립에 되리 다를 수 했 | 은·-신이 | 마음과 정성으로 | 설가루국내산 6% | 실은 보·은 를시  | 전통문화를 담은 | 350 g(1.400 kca) | 보 은 온도보시수있으니 | $m166 | 유은 의 우가 있으니 | 1조각(5g140kcal | 수·어 | 영양정보 | 총내용량30g(35g10조객) | ·본은 공준에의 | 8801448-377127 | 분·주모이지주 | 기보AA 일위 | * | / |  으"
000400,4,2026-01-11,1,0,0,"0B7 | 까지 | 부터 | cj.co.kr | 라P:PP | √ | 마개8:LDPE | 1666-5471(문자) | 080-850-1200 | 고객행복센터 | 1일영양성분 기준치에 | 대한비을(%)은 2,000 kcal | 클레스테 0mg 0%단백질090 | 트랜스지방0g | 포화지방0g 0% | 당류 39 g 39 % | 지방0g 0% | 탄수화물 399 12 | 나트륨 5 mg 0% | 100ml 당 15ed | 영양정보 | 총내용량 8001 | 하시면 대육공부한 을  | Chef's tip! | 불고기 | 스테이크 | 사용량"
000415,4,2026-05-27,0,0,0,냉장보관 | OTHER | 영양정보 | 총내용량 60g/15kcal | 아삭아삭 새콤달콩한
000446,4,2026-04-11,0,0,0,"꽃샘 수국차 | 이미지예시 | 수국22% | 32g(0.8g×40개입) | HACCP | FDA | HYDRANGEA TEA"" | 누국자 | 2025-04.111N"
000457,4,2026-06-18,1,0,0,SEAWEEDLAVER) 100 % | 성경식품 | (80.kcal) | 21g | (10매) | 조리예 | 김100% | 지도표두번구운김밥김 | 14시05분 | 2026.06.18까지 | 않는 엄선원초 | 더항곳한 | 바식바식한 | 두번구워 | 두번구워 | 지도표성경김이 맛있는 이유 | 서경기이마이느이
000460,4,2025-12-03,1,0,0,"식품유형 | 복합조미식품 | 내용량 | 1 kg | 여줍니다. | 간을맞추시는 것이 좋습니다 | 분말이 | 의 비법 재료! | 사용방법 | 깔끔한 맛 | ※개봉한 후밀봉하시면이물 등의 혼입과 | 고온다습,직사광선을 피하여 건조하고서늘한 곳에 | 보관방법 | 수있습니다. | 를사용하여 | 미역국,콩나물국, 김치찌개,육개장 등한우의 깊은 맛과 | 고 진한 풍미 | 용도 | 방순희 | 2025.12.03까지 | 3년47 | 동협"
000463,4,2027-02-14,1,0,0,배13.2%함유 | 05:31 | AB6 | -12-100 | 까지 | 2 | [925 kcall | 물문함 | 5009 | 진제 | 조리예 | 국산배·사과 | 100% | 지방 | 보번호20020464088-34 | 당 | 소불고기 | 불고기 | 소비기한 하단표기일까지 | E롬2 | 포장재질(내면)용가-유리 뚜껑-폴리염화비널 | 00g2 | 제조원 | 씨제이제일제당(주)충청남도 | 소스(살균제품)  | 식품유형 | 내용량500g | 설 | *백설 | 제품명 백설소불고기양팀 | 닫힘 | 열림ㄷ | 닫함
000492,4,2026-03-12,1,0,0,까지 | 8 801037 058642 | 2026.03.12 인천 BT2 | 소비기한
000501,4,2026-02-24,1,0,0,950 | 김치도시락86g | 스프류중건지4%합 | 86 g( | 유탕면/86g(80 keal | 26.02.24까지DH F2 | 26.0 | SINCE 198 | SINCE 1986 | DOSHIRA | DOSHIRAK | 시 | 백다른 즐거용 말 | ald | 거용팔도 | 다니냐? | ldo | 밥은 먹고 | 도
000526,4,2026-07-04,0,0,0,® | (54gx30) | PORCINI MUS | VONO | NET WT.1.62 kg | 00027 | Ltd. | 30개입 | 2026.07.04/1462 | I몬드 | 그래놀라 | 현5 | Q5C
000620,4,2026-07-06,1,0,0,13:55 | 2026.07.06까지 | 고객상담실:080-024-231(수신자요금부담 | 안심하고드십시오. | 개통냉장보관·홍고추씨입자는원료고유 성분이 | 황산류최고기기
000630,4,2026-03-31,1,0,0,"경기 | 2018049104473 | 가공두유(별균제품) | 매두,호두땅콩,잣함유 | 별도표기일까지 | 이 | 료명 | , | 포장재질(내면) 폴리프로필렌 | 검은콩 귀리 호두두유 | 제품명 | CUTTING PJIN | 202603.31"
000673,4,2026-06-02,1,0,0,신 | 록번없이1399 | 건대을 이 수 있습니다. | 정장시에서 제시 소비지분쟁해결기준 | 서 제조 있다 | 말 을 사용호 | 새우 | 으보관하시고기 | 면승이 발생할 루있은 | 광선을 | 피해서늦항공
000698,4,NONE-10-12,0,0,0,*식약처평균값 대비 | 20%D0WN | 당함량 | 낮아진 | 10.12 R1455
000736,4,2026-12-17,1,0,0,2026.12.17 | OTHER | 기한:제품의 별도표기일까지 | 국번없이 1399 | 불량식품 신고는 | 직사광선을피하고 건냉한 곳에 보관하십시오 | 상 주의사항 | www.onulun.com | 064-787-2254 | 소비자 상담실 | 표선면 | 제주도서귀포시 | 200901472 | 성을녹차마을 영농조합법인저 | 원 및 판매원 | 품목보고번호 | 1009 | 장재질 | 폴리에틸렌 | 중량 | 고형차 | 찾나무잎유가놓 녹차잎 10%제주산 | 개료명 및 함량 | 식품유형 | 품명 | 오/늘/은말차
000750,4,2026-01-06,1,0,0,S | 00 | 0 | 구미2A09 | 박은경 | 0143 | 2026.01.06 | 까지 | 8 | 1801043015226
000791,4,2026-06-30,0,0,0,I'm Real100레몬
000792,4,2026-04-05,0,0,0,15:42 0 | 2026.04.05 | 1+1 | 1.1
000797,4,2026-08-25,0,0,0,Your | Crunchy | Enjoy | 마이 | Time | FLAVOUR | CHICKEN | 25 08 | 2026 | A1 | 25 08 | 2025 | 25 | ER | Enaak | GEMEL | R | NOODLE SNAC | Q | MAKANAN RINGAR
000803,4,2026-09-13,0,0,0,사르르 | 입안에서 | Kin | 2026/09/13 | 쓴 | CLASSIC | Mil | 기름에뒤기지 | 함유 | 살 | 56%
000814,4,2026-06-22,0,0,0,160s | 틴비 | coff | otus | W1.500 | w4.000 | NEN신상 | 크림이듬-북 | 8 | ②연세우유 | 8
000827,4,2026-08-09,1,0,0,해결기준에의기교 | ·소비지사상담곤정 | Mars Fo | 원재료명 | 수입판매업소 | 제품명 | '91419 | (YYYY/MN.SO | 읽는법(000년 00월 00일까지) | Best Befoi?
000844,4,2026-07-03,1,0,0,ROCHER | FERRERO | 소비기한(일-월-년 순 까지) | L260KBB-JO 11:.9 | 03 07 2026 | 201 | ROOHER | HRRRO
000869,4,2021-09-15,1,0,0,"까지(일-월-년 순)읽는법 예)DD-MM-YYYY → YYYY년MM월D일까지 포장재질 알루미늄(내면), 트레이-폴리프로필린 | 나멜라이즈드.우유분말(설탕,탈지분유),유청분말,유당,코코아분말,유채레시틴,합성향료]우유,내누,밀,계단,아왕산류 암유 | No Brand는이마트의 상표입니다 | 트레이:PP | ㅂ시 | OTHER | 콜렉스터를15mg 5%단백질 7g 13% | 이1399 | 2 | 1000000848327 | 을수있습니다. | 01:10 | GVE39A | 방27 50%방 03 16g10 | 15-09-2021 | 소비자분쟁"
000901,4,2021-11-01,1,0,0,llka | 5 | aTó: | oUokeuoies/ile 10S | EiTaIl oe ÖpoOEpó Kal | prelerénciaantes de:/vwon ad onon mpv | Conteém 10 embalagens /Nepixe 10 | Iund trocken lagemn | najman do:/Mindestens halbar bis:/Consumir de | L2102731 | 10 pakiranja/ Enthal 10 Packungen/ | nomi suhom | przed:/Nabol porbii do:/Najajep
000917,4,2022-06-06,0,0,0,2022.06. 06 B | dF1CB6 | 0.081mg | 타민B | 5% | 8 | 0.099 mg | 0.81mg | 180922 | BFCB1 | 54% | 7% | 0.079.mg | 0.99 mg | 71% | 7% | 1.7mo | 0.78 mg | 65% | 2% | 0g | 17mg | 을 | 17% | ~% | 0mg | 0g | www.hmoapharm.com | OTHR | 0% | 0% | Omg | 0g | www.hamsoamall.com | 0% | 1% | 0g | 09 | n조되었번이1399 | 0
000943,4,2021-05-29,1,0,0,"EAey Mam Bicarbon | (Chuse syrup, Sat D | unlower Cheso, Natr | t er, De Cheese | Whes Flour Vegetble  | Cheese Snack Biscuis ho | B03 | 18:30 | Y.T1-Or | Y.Y..A9 | EXP 29 05 2021 | PROD | 2808 2020"
000986,4,2021-12-28,1,0,0,LOT:DC184296 | EXP: DEC-28-2021 | NOsW
001001,4,2021-09-07,1,0,0,308EP2 | SEORE21 | BEST BEFORE
001072,4,2023-09-18,0,0,0,L38M | M1 | 5-6인분 | 2023/09/18 | 이틀 | A
001099,4,2021-03-18,1,0,0,"놀청가 | 0~10t | HABRUES(203) | OADREROO | N | E | 무53.9%,발식초2.025%|230g | 싸먹는 | 쌈단무지 | 두께가 앓아 | 단 | 발효식초 | 2021.03.18까지 | Pulmuone | 2021.01.18제조 | 조리에"
001168,4,2021-08-31,0,0,0,L3810 | 086601 | 2021/08/31 | 535kca | e100g NET | 중내용량 1009 | (H-2-51 | Importer DSH Singaore Pte ltd | 좋이 | 16104001010108 | 49%함으.
001235,4,2020-09-26,0,0,0,수신부 | 과 | 080-024-6060 | 고객지원센터 | 20.09.26/#2 | 20.03.2704:44 | 3450* | OTHER | 비닐류 | 필요열량에 따라다를 수있습니다 | 1일 영양성분 기준치에 대한비을(%)은2.0COkcal기준이그로 | 단백질7g | 콜레스테롤Omg | 상기사진은 이미지컸입니다 | 포화지방16g | 트랜스지방0.5g미만 | 지방35g | 당류 3g | 탄수화물60g | 나트륨570mg | 100g당 | 영양정보 | 국 | 고 | 인버 | x
001237,4,NONE-01-28,1,0,0,"Yogurt | delicious | 딸기맛 | 떠먹는요구르터 | FRE | 컨슈머가되는길 | 니다.소비자다 | N-T11.2 | 01.28, F2 | rand"
001286,4,2022-11-21,1,0,0,"13 | 81014119 | Www.agrioil.nt | 1540040 | occadanide (SA-Ialy | ARIOL SPA-VDSOUAC SED | CONFEZIONATO DA/ PACKED BY | L20.326 | 1ee | 21/11/2022 | Dantervure in luogo fresco e asciutto, al riparo dalla luce e da fonl | 2.000010. | 120) | 단백질 | 00 | 플레스트롤 O1 | 00s | 67 | 하지방 | 00 | Ou | 당류 | 00 | 단수하"
001287,4,2023-10-01,1,0,0,Lotto 00220275 | 09:26 L9/91 C | Exp: 0110 23 | /:/ | ... | 100 | PP5 | DRAN | PASTIC | 500 ge 1.1 1b | SCOLARE | PLASTIC | w.dececco.com | PESOLIQUIDO |   e. | SACCHETTC | asta wibh bronze draw | pcates to guarantee | 2% |  0.8 2% | PP | J0 | uperior d | 내8량:5008 | 0 | PAESE DICOLTNATIONE ELCRA | 1
001288,4,2023-05-22,1,0,0,"21:31 E | 2023.05.22 | (296mL) | BEST BY: | 10 FL.OZ. | www.martinellis.com | WATSONVILLE, CA USA | S. MARTINELLI&C0."
001329,4,2021-06-26,1,0,0,"고객상담실:00-08-1212(수신자요금부) | 유의·조리시안전사고에주의 | 건조한에 보나의 영향을받기취무로 | 8 8 1045520 | A171 | 0402 | 2021.06.26까지 | 각종전물, N | Q수] | 라면사리"
001346,4,2021-08-27,1,0,0,"EHONUEY, CROUNDVA | 02407861C 19:10 | CANESUCAR SESAME SE | AUG 27 2021 | Best I Used By | 10% | Protein 7g | Sodium 220omg | UD | Ind. 7g Added Sugars 15% | 0% | Cholest omg | 02 | Ordinary? | SALE | 1 | SA | tosted alnds We d osted | 563 | swetes as the deal comlement | local farmer's mariet. | te"
001386,4,2022-04-25,1,0,0,"2022.04,25 | Y44A | 사용기한(Exp Date): | 제조번호(LOT No.):"
001424,4,2021-06-22,1,0,0,DR36B | EXP. 22.06.2021 | PROD. 22.06.2020 | Store in a cool dry place. Best before: | n | 읽요열량에 라 다를수 있습니다 | Worid's Tastes with MACROCOM / ww.imacro.co.kr | (%)은 2.000kcal 기준이로개인의 | 1일영양성분 기준치에대한 비율 | 발때 치아및 보철이손상될 우려가 있으니주의바랍니다. | 반품및교한:구입처또는수입원 | 단백질0.6g | 1% | 보광방별광직신고는 군번업이 139 | 6% | 콜레스테롤19.
001434,4,2021-10-04,0,0,0,14:18윤정희 | 2021.10.04 | 전통기 | 고소 | ·달콤하 | CONCHSHAPEDSN | 왕소라 | 재미있게 즐길
001463,4,2021-11-17,1,0,0,488 4509 | 으로복한하루 | 부업방성 | 즐기고싶은 | 유개상단프시일까지 |  플리프로밀린(내면) | 2전 영  | 2021.11.14 09H48 | 유통기한 | 정기 | 3P | 신선한원재료 | 그대로 간적한 | 자연의 맛음 | RECIPE | 는이시 | SECRET | 전자레인지조리시
001497,4,2022-09-18,1,0,0,18094451021082 | 끼지 | 2022-09-18 | 유동기한 | (128kcal) | L | 4개입 | 349 | 호율스자용향 캡디 | 원재료영및항량 | 내용량(개당) | 수량 | 제품명 | 호을 | 식품위생법에 의한 한글표시사항
001517,4,2021-11-19,1,0,0,1953년은 | 15% | 단89 | 0% | 트랩스지방0 9 | 2% | 4% | 지1.29 | 당49 | 23 % | 탄수화을739 | 28 % | -1 | L550mg | 100g당 | OTHER | 100 9당 335 kcal | 내81.4009 | 필가루 | 영양정보 | 14:11최대 | 2021:11.19 F2 | NIC | 것요리하세요 | XU | 유통기한 | 한유기일가루 | 으로안심하고드세요 | 기능 부침가루 | 감가루 | 부침가루 | 가 | 일기 | 갈색성말 | FLOUB | ORGANIC | SUCR
001538,4,2022-01-18,1,0,0,"포화지방20 g 133% | 콜레스테롤Omg0% | 트랜스지방0g | 탄수화물 64 g 20% | 당류27927% | 나트룹 160mg 8% | 지방 20698 | 영양정보 | 20cal | OTHER | 까지 | 88017251000677 | 닐류 | 22.01.18 | 밀,대두들달걀 함유 | 코코아파우더(미국산),미강유 정제소금 | 분말 | 조콜릿{아자유(말레이시아산 | 0g | 영업장의명칭및 | 1어를 | 내포장재질 | 까지(연 | 유통기 | 서주 허쉬초코바나나웨하미 | 허쉬초코바나나웨하스미니 | CHOCOBANANA CREM"
001553,4,NONE-02-19,1,0,0,"340g(280kcal, 기9% | 농유/85×4개업 | 딸기요거트 | 02.19까지 F1 | PROBIOTIC | 바이오 | Maeil | 독정공급 | LGG | 국내유일"
001568,4,2021-03-09,1,0,0,오리지널맛 | B11 | 2021.03.09까지 | 유통기한 | 개봉후 지퍼를달아주세요 | ZIPPER
001574,4,2022-01-06,0,0,0,끼 | 2022.01.06 | 489-017108 | 8L | 50202972 | SAY | (/02 | 기2 | / | 155 | 289 | 85 | 25m9 | 405 | 869 | 시역구육산인 | 제원 | 클리프로필렌 | 41 | 지80 | 160 | 769 |  실보하서 | 1460n0 | 8내용량당 | 영양정보 | 원재리에 | 250g | 내8 | 식품유행 | 제공 | Spaghetti sauc | Beef
001591,4,2021-02-18,1,0,0,벤야컨 | 오리지널 | Hemeglus | 21.02.18까지 | 유통기한
001604,4,2021-02-24,0,0,0,100% | 전지방 | 촉촉함의 비밀! | X총촌 | IONSE | 꽃게
001634,4,2021-05-12,1,0,0,2021.05.125x | 880912041 | 아호두쇠고기를 | 스지 | 지방 | 당류 | 반수화를 | 나 | () | 시일까지 | 영양정보 | 전문만 | 제조를 | 주리병라이프 | 재R명 | 김은아룡 | iecteo witn Pride
001678,4,2021-11-28,0,0,0,2021.11.28E
001680,4,2021-03-16,1,0,0,버섯 | 칼국수 | 김치 | 칼칼국물과풍성버섯건더기로완벽한한그릇 | 위안 동반성장 브랜드입니다 | 02 | MJ 201 | 일제당과중소기업의 | 2021.03.16까지 | 2021.01.16제조
001697,4,2022-06-23,0,0,0,2022.06.23 | 시나온 |   이 기 | yase | 병스(프 | o1/ | 사용 | 콘스틱이렇게 활용하세요!
001747,4,2021-10-12,1,0,0,"21.10.12 | 까지 | 20.10.13 | 분터 | vww.lotteconl | 8801002881710 | 0-024-6060 | 고객지원센터 | 이모앞 한심하고드서로 됩니다. | 관자일에 보엇집또는 일기울 | ·과자.에보이수있는  | .리식을 이고국번업이 1399 | 59 | 한버리는 밝은 마음 | 9% | 세를0mg | 0% | 용상효별집지는고운마음 | 방 119 | 73% | 지상원기구인상점 일분사에서 | 지방 0.5 g미만 | 시에피에 전하사고 | 9g | 지자기조번에이한 피해보상 | 35% | 20.g | 대지고기,"
001760,4,2021-04-24,1,0,0,"8807354/205493 | 까지 | 유기한2021.04.24 | 019·20-60 | ·은 | 내연-종이 | 2013044511682 | 풍목보그번호 | (#선명농수산대소지점/충정북도 음성군대소면 수태로 72-1 | 제조원 | (블루리)해바라기유요 소르빈산갈동(보존)/미국산 15%  | (외산 미국,스탄 5, | 인도네시아동100%,기/미국20 | 원재로명및 향량 | 구운아돈드아온드미국산 10%,구운넷 셨트(외국산 인도네남 | 유통기한별도표기일까지 | 평콩또는견과류가공품 | 식품의유형 | 2gx30봉입 (50g) | 48량 | "
001842,4,2021-05-NONE,0,0,0,백포로주스 | 착줍 | NFC | ·JUICE | WHITE GRAPE | MADE FOR CONSUMER | No Brand | LE147 15:20 | 05-2021(B)
001858,4,2022-07-17,0,0,0,1710342022 | STBEFORE | 170720 | TCH NO | TION NECESSARY | VO REFRIGE | EFORE USE | SHAKE WELL | 50.30 | Carbotydrato | Suturated | ess Than o 1o
001892,4,2022-05-22,1,0,0,8 801055705870 | 까지 | 09:25 | 03283404 | 2022.05.22
001929,4,2022-01-14,1,0,0,809236-006488 | 8 | 2022.01.14 | 유통기한
002239,4,2022-06-30,1,0,0,0% | 지방0 | 에게 먹이지 마세요 | 00-4741-765-7 | 일한시사D |   | STAY FRESH | RESEALABLE | EASY OPEN | Batch L36 | BestBef or202/06/3 | pack! | kcal
002281,4,2022-07-NONE,0,0,0,"07.2022 | 토네이도 젤리 | 뜯어먹는 재미가 있는 | 809256 | 677088 | 길~쭉길~쪽 | 2200kd) | 수 | 1% | 백질 0.53 | 레스테를 | 0% | 1% | 포화지방021g | 24% | 24g | 당류 | 트렌스지방 0g | 30g | 7.mg | 1% | 지빵 0,35g | 트름 | 내용량F | 내용량당 | 1일영영 | 품신고는국번없이 1399 | 유를사한제품과같은시설에제조 있습니다. | PP | 상받을 수있습니다. | 비자 분쟁해결기준에의 | 비닐류 | 구입처또는수입원 | 광선을 피하고사늘한 "
002284,4,2022-01-06,1,0,0,Murdan0on | eundon | OTHER | 0% | 콜레스테롤Omg | 지방Og 0% | 당류28g 28% | 12% | 물40g1 | ER | 탄수화물4 | 1/0 kcal | 4E | 총내량50g | 영영정보 | 530272 | 2.01106 | B'809497 | 8 | 까지 | 부터 | -4 | 590 | 고 | 하 | 도 | 면 | 직 | 생 | 로 | 0 | 오 | 목 | 걸 | 릴 | II | 한 | ·본제 | 습 | 등 | 우화제 | 유 | p | 방산에스테트 | 돼지고기함유 | 모 | 료 | 향 | 기 | 
002349,4,2019-09-11,1,0,0,19.09.11 A 6 | 기한 | 19.04.1205:18 | 유통 | 부터
002433,4,2020-07-16,0,0,0,바닐라&아몬드바 | ‘ | 제조 | Natuur. | 이미지 사진입니다
002595,4,2022-08-05,0,0,0,100 | 580 9 | 05.08.2022 L1 | ico | ANCAA
002615,4,2022-12-21,1,0,0,"164134 | NET WTS | 2022.12.21까지 | PRO8O | KIMCHIS | 한을수있습니다다 | 은 거위원회 | 김치 | ) | 서울N | 이스에, 전연항신료,"
002643,4,2022-11-NONE,0,0,0,"leicht auf ehwa 30-32eC enwairmen | FDE | 11.2022 L10452= | abkihlen,lassen. Dann die Kuver | Kuverture durch Unterruhren desl | tweight: | Riuhren | bei schwacher Hitae unter | Salz / Salt | 0,01 g | kolade.de | einenschnenClana:Zlader Kuvertu | Eiweiss/Protein | Germany | 6,39 | H&Co.KG | davon Zu"
002666,4,2021-03-26,0,0,0,"+(210235, | 26 MAR 2021 | 520086 | 1.0 | Sal/Sel/Sl2/Zot/ odi0/ | 3.1 | 3.1 | P"
002700,4,2021-08-23,0,0,0,복은참께 443712% | /종내용량당 | 20 glsial) | 2021.08.23 | DHA 15mg | 이미지사진 | 우리아이영양한식 | 참께 | 네번구CeSnack | Seauweed Snaclk | 횡기지않은 | 김과자 | 기름에
002717,4,2022-03-01,0,0,0,플라스틱pP | 270 kcal | 총내용량 80g | PP | 38% | X | 탄수화물63g | 19% | 영양정보 | 문화지 | LE륨 20mg | 2H | 현품의사진은연출된아미지입 | |본법에은 | 장재질 | 이피 | C | 소 | Q | ORGER | 총내용량10g | 식품유형 | 캔C | 0 | I용링 | 80 | SNAK FARM | - | 제품명 | 모õ | MAATRAM2
002744,4,2021-01-10,0,0,0,10.01.21 | 10.01.20
002762,4,2023-06-01,1,1,0,"334, Baya Mawata,Cin | Nutrition Facts | Store in a cool dry place. | Akbar Brothers | 3aaprRars 3-5 Boy |  ed | RULTATOATCALO | 7.04 02 | Nett Weigh/Poids Ne/Neto Gewich/ | 20/paar | aobBomgdol gogo/-lusl |  dPeDa prdatolci: | Expirl la data de/Izgatavosanas datums | TepMiw 3epira/Taaest a/Caxay Me"
002783,4,2021-04-22,1,0,0,Clad Real Spain | 8 | 42019005886 | ec nd 10C | sall | Protein | 1.99 | sugars | 0.59 | 25 9 | Net Weight: 200  | 79 | Crohydiate | 0.1g | 2.3 9 | 0.1g | Saturoted fot | Tofal fot | 0.6 9 | 23.20 | 6.59 | 33 a | Calorles | 9.29 | 22/04/2021 | serving size | 1685K | 114kCOl | Best before: | 479K | 10
002813,4,2021-04-02,1,0,0,17:27 FS6 | 기한2921402 | 바리스타롬스 | RULES | BARISTA
002814,4,2021-04-02,1,0,0,유복기한 | 바리스타스 | BABLETA
002878,4,2021-06-21,0,0,0,Denmark | 16:12 | 2021.06.21
002926,4,2021-11-06,1,0,0,고성음 0802-시지실 | ·이우려가 | 아사용한 | 상단표시일까지 | 유통기한 | 19830464033503 | 용보고번호 | 합성향료(자투시) | 블랜커런트100%/고형65) | 원재료명 | (미국산체리00/부68%) | 다국스위트체리자3생) |  지18(자두:국산) | 300 g (30 × 10개원입) | 내용량 | 식품유형 액상차 | 11:06 | 2021:11.06R | 허니체리플림플롯티 | FruitTea | Honey Cherry Plum | BELLAT'R
003070,4,2020-08-09,1,0,0,20.08.09 까지 | 기준이므로개요 | 20.02.10부터 | 1일영양성분 | F2D17:04 | 단백질3g | 콜레스테를 | 포화지방 | 804874549397 | 8 | 트랜스지방
003123,4,2021-09-15,1,0,0,Polds net: 125 g | Wo | 011-119 | 005778 0002 | ntesde | 6500 | Best before/ | 판매가 | Aso e pcane | FR
003171,4,2021-11-11,0,0,0,# 웨하스속에# 초콜릿이쏙롤리폴리 | 식품의약품인전처 | 코코아원료3%/초콜릿이기공62 이295 cal | HACCP | 안전관리인증 | 2021. | 11 | 3020 | 12저 | ·부드러운 롤웨하스 속에 초코· | 초코 | 롤리폴 | ROLY POLY | HAITAI | 호태
003226,4,2022-01-29,1,0,0,"까지 | 2022.01.29 | 유통기한 | 제조번호 | DM47200130 | 한사항은 설명서참조 | 재질]완충비닐(PE),실리카(방습제/P) |  불과 함께 섭취하십시오."
003295,4,2021-11-26,0,1,1,"RMOT | INS | GATHAT | , | Gll | JUFOST | TH!T | GA | PHO | IFON | Hoang | Giz | : 26411-2021 | KRUK | EXF | MFG : 2611~2020 | CONG NGHE TUI RETORT TIETTRUNG | KHONG | Sú | DUNG PHAM MAU TONG HOP"
003311,4,2021-03-11,0,0,0,SRLNR:070 | 2021 | DATE:11. | 3. | 3. | 2019
003319,4,2021-10-20,1,0,0,녹차크럼우 | CRENIEA REAM COOKE | Franizzi | EXP:2021-40. 20
000006,5,2026-02-17,1,0,0,녹산A11박혜림1403 | 2026.02.17까지
000020,5,2025-10-09,1,0,0,GOODEUA | 나2025.10.09까지A1-5정영태 | 194 | *SINCE | 빵하나로 따스한온기를 전하는살립 | 단끝빵 | DELICIOUS | 다팥이가득 | THE
000064,5,2026-08-03,1,0,0,※본 박스는 운반용입니다. | ²기한: | 2028.08 03.10:45 | 번호: | ·제조원 및 판매원:해태에이치티비(주) | 피로회복·자양강장 | o | • | 구론산타우 | 큰피로
000069,5,2026-06-24,0,0,0,2026.06.24 | 중량50g
000073,5,2026-03-12,1,0,0,비트식초연겨자 | 당류 | 탄수회를 2 | 229 |  정제소금조제자를 | 1898 | 영향정보 | 영양정보 | 반품및고 | 2026.03.12/A | |잣혼흡기능 | 캡:P리드지:OHR림크: | 080-872-888 | 교직지원실(수신자 부담) | OTHER | 식품의약품인전처 | 공정거래위원회 | 플라스틱 | 소비자중심 | HACCP | cc | 안전관리인증 | 105번길70 | 개조원 | 생표식품( 서울별시중구 충무로 2 | 199104450778427 | 7/리드지(내면): 폴리에틸렌
000089,5,2026-09-11,0,0,0,DDEE | 202e.D9.11 | 26.07.11 | 1S424 | 26.09.11 | 01103
000092,5,2026-12-05,0,0,0,2026.12 05 106진천차 | 딸기 | 눈색인증 | 레티 | 제티 | 날내내
000099,5,2026-03-07,0,0,0,0g | 0mg | 0% | 0g | 0% | 0g | 9 | 32 | 0% | 35 | ?% | 32 | 40mg | kcal | 11% | 지방 | % | 당류 | 140 | 나트수화를 | 열량 | 2026.03.07 | 종내용을 20909 | 밀감20% | 210 g(10 KCal) | Mandarin | 쁘띠첼 젤리 밀감 | 8 | 과일젤리 밀감 | TM | 필통: OTHER | 용기: OTHER | 플라스틱 | petitzel | 연출에 | 쁘띠첼 | 제일제당 | 는 | 물질은
000105,5,2025-11-09,1,0,0,냉장보관 | 0C-10c | (5인분) | 440g | 줄 | 김밥세트 | 리미엄? | MBAP SET | N | RE | 김:F1단무지:F2 | 2025.11.09까지
000122,5,2027-04-28,0,0,0,7:14
000168,5,2026-02-16,0,0,0,"HACCP | 안전관리인증 | 2026.02.16F2 | 1,580"
000193,5,2026-03-06,1,0,0,이상구매시 | 52 | 2개 | 소비기한 | 서울하고 | 202635 | 블로네즈 | 토마토 | Bol
000199,5,2027-09-07,1,0,0,2027.0.7 B1 | www.tasia.co.kr | 080-875-99 | 8 18010051001144 | 기준이므로개인의필장에따라다를수있습니다 | 단백질10g 18% | 방0.69/포화지방 10g69% | 타수화물 58 .18 %당류199 19% | 총내용량100 g 450 kcal | 폴신고는 국번없히 1399 | 부정 | 십시오 | /밀봉하여 추십시 | 보관시에는 반드시 | 볼 | 주의자 | 보관시 | 이수 | 잔 | 교환등 | 이거 | 포장재질 | 내면-폴리에틸렌 | 매원및구입처 | 중구궁부로2 | 판매원 | 비식품(
000255,5,2026-08-20,1,0,0,까지 | 개인의 필요 열량에 따라 다를 수 | 1% | 18022591020507 | 화지방6g40% | 5%당 119 9 | 2.5 9 175cal | 당 130 (252394)
000339,5,2026-08-18,1,0,0,9 | 고소하갈 | 여러분들의 꿈을 응원합니다 | 2026.08.18 까지D
000472,5,2025-01-17,0,0,0,202601.1 | 곡물혼합분말 13.19 | 과자/2109 | 수수위리
000475,5,2026-07-30,1,0,0,5069870 930249  8-2-0345-22 | 1125-4 | 30107126 B19 | BEST BEFORE
000488,5,2026-02-27,1,0,0,2026.02.277까지 | OTHER | 080-850-1200 | 고객생복센터 | 있습 | 192% | 단백질 | 콜레스테롤이 | 트랜스A랑Og | 1g4% | 이침유 | 당류04% | 탄수화물 H94% | 양정보 | 총내용량 36g/60ed | 만시오 는지품은 소비자분정해결기 | 기준 | 드십시오 | 국번없이 | ·간혹 제품에 수분이있는 | 수입판때원 | 서울시 중구 동호로 330 | 씨제이제일제당(주 | 제조원 | INDUSTRIAL COATD | 식품유형 | 보관방법 | 포장재질 내면) | 교환장소 | 반품및 | 구입처 및
000537,5,2026-05-08,1,0,0,"게나 | 채로 두지마소 | 물력 | 6863181 | 품200450584 | OTHER | 소비기한 상단표시까 | 2 | 기조개 | 소금 | 1000K3 | 는들어을 봉 넣고 3간데워드십시오. | 분10초간 | 끝는물이용시 | 용시 | 까지 | KC | 개인의 요 열량에 따라 다를 수 있습니다. | 1인영양성분기준치에대한 비옷(%)을2.000Kcal기 | 준이으로 | 틀레스테를 45M0 15%단백질 12, 22% | 기기 | 랜스지방 | RBCIPE | 5g포화지방Eg 4.0% | SECREI | 류9g 9 | 지방16g 30% |"
000615,5,2026-03-24,1,0,0,"까지 | 2026.03.24A | 소비기한 | 드시고 냉장보관 하십시오. | ·실온보~35C)개봉후광이가생길수있으니빨리 | 고객상담실및구입처 부정,불량식품 신고는국번업이  | 소자기본법에의거교또 보상품및  | 포장차질기-유리,껑-철플리염화비닐 | 조개뉴리의"
000629,5,2025-09-22,0,0,0,→ | 20:44 | KW111까 | 마이밀
000637,5,2026-06-17,0,0,0,2026.06.17237551
000647,5,2026-08-19,1,0,0,"Ro | 제조원 | ERC | B관방법 | ERO기 | ZERC | 스라엘산)스 | ERO기 | 원재료명 | 소비기한 | HOLZERC | 식품유형 | 제품명 | TZERO7 | GROLZEROKZENO | 22: | 2026.08 | 2026,08.19"
000663,5,2026-02-10,1,0,0,20:20 A04 | 까지 | 26.02.10 | 25.09.11 | 부터
000665,5,2026-03-25,1,0,0,2026.03.25 | OTHER | 8809706062105 | 는 드시지 마십시오 | 의 신선도를 유지하기 위해 넣은 선도 | 불량식품 신고는 국번없이 1399 | 에의거 교환 또는 보상받을 수 있습니다. | 기이로 | 죽은 공정거래위원회 고시 소비자분쟁 | 10 | 5% | 3g | 단백질 | 15% | 있으니주의하세요 | 45 mg | 콜레스테를 | 53% | 사다.개통시 포장재 절단면이 날카 | 8g | 0g | 포화지방 | 사용한 제품과 같은 제조시설에서 제조 | 37% | 209 | 트랜스지방 | 13% | 지방 | -
000687,5,2025-10-17,1,0,0,"라벨:PP | 냉장보관 | OTHER | OTHER | HACCP | 플라스틱 | 비닐류 | 인전관리인름 | 8 | 까지 | 2025년 10월 17일 | 803000317683 | 식품유형:포장육 | 쇠고기(탑블레이드,앞다리)100% | 용도 | 개봉시운"
000688,5,2025-11-10,1,0,0,건한계람 | HACC | 소비기한: | 2025.11.10 | 까지 | 이미지사진 | gs | 란 | I란
000712,5,2025-11-20,1,0,0,"8092671021634 | 중앙닭강정)오리지널떡볶이 | 원 | 4,900 | 836736 | 809011 | 8 | 까지 | 2025.11.20 | 소비기한 | 연출된 예 | 케한반 | 로비버먹는 | 행계란"
000713,5,2025-10-23,1,0,0,"돼지고기 13.66%,혼합간장 2.87 | 366 g(49o kcal) 1씨제이 따끈한 | 8809056561815 | HACCP | OTHER | 까지 | 2025.10.23 | 소비기한 | 일본식함박커리 | 일식끝판왕 | 장호준 세프의 | 민:다이닝"
000749,5,2026-01-21,0,0,0,까끔하게 끊인 해징 | g[10g(32kcal)x5개] | MUJIEJ | ed Pollock Soup | 엇국 | 의 맛을 살린
000782,5,NONE-12-19,0,0,0,저캔슘 | 0O배 | 플레
000785,5,2026-10-15,0,0,0,BREW | y | F9 | OPEN
000787,5,2026-04-09,1,0,0,서울우유 | 저지방 | 09:05 | 2026.04.09 | 소비기한 | 까지
000805,5,2027-07-NONE,0,0,0,"Ai0 | < | 4 | 190150115289 | nCW | ) | () | NewTasteNewHppiness/ww.neje.co.kr | 424ng 12%구연산4,617mng | PP | B2) | K | 309kcal | 영양정보: | 총내용량81g | go | 반품및교환:수입원및구입처 | 비타민B2 | 2우유함유 | nance | 원재료명 | 설탕,포도당,물엇,구요 | 제조회사"
000864,5,2023-03-04,1,0,0,e400 g | Nettoikt-Lli | Net Weight- Poids Net | Nett Gewich-Net Agirllk | 816907771/125215 | BATCH :3751 | BEST BEFORE:04/03/2023 | Bast Före-WyL | •Best before Mindestens Holbar Bis | Tnn  SOn  | •Date Limile de consommation | Karbonhidratg | 47 | (ag(g) | 22 | Prntein (g) | 569kcal-2304 | Ererj (K
000922,5,2022-02-26,1,0,0,라이스페이끼 | AU | 2022/02/26 | EXP-: | 쌀가루40% | PAPER | RT로
000935,5,2021-02-10,1,0,0,영양정보 | 영양정보  0d | 31:02:1까지 | 21·0:등
000956,5,2022-01-25,1,0,0,까지 | 22.01.25 2251 | facebook | 기
001003,5,2022-08-24,0,0,0,
001011,5,2021-08-09,1,0,0,09.08.2021 08:43 | Best befre: | D/MY (일//년) | 유통기한 별도표시일까지
001091,5,2021-04-16,0,0,0,1200040086 | 운표료명 | 7 | 의 | 48600 | EA | 검은콩조림 | JONGGA | 종가집 | 2021.04.16 | 2020.02:18
001153,5,2021-10-31,1,0,0,"100g NET | L4690 | 2021/10/31 | () | Best betore | 37% | Storeia coolandty pace | Inporte, ASs npie Peld. | 1610400-010016"
001165,5,2021-03-01,1,0,0,73 | 라이트 | 프라이트 | t | 좋은아침! 좋은생각! | 까지 | 이혜정 담당이 몸끔히살했습니다. | #2 | 20:59 | 박정원담당이 안전하게 만들고 | 2021.03.01 | 1B 라이트 | Post | 여러분의좋은아침을위하여 | 콘푸라이트 | 유통기한 | M
001319,5,2021-11-22,1,0,0,"이므로 개인의 필요 열량에 과라 다를 수있습니다. | 1일 열양성분 기준치에 대한비율(%)은 2,000 kcal 기준 | 다과용으로 함께 | 11% | 5.8g | 단백질 | 1% | 콜레스테롤5mg미만 | 랍니다.·땅콩,호두 | 포화지방 11g 73% | 797% | M20328 12:07 B | 당류 | 399·개봉후반드시 | 트랜스지방 0g | 22/11/2021 | 68g 219 | 탄수화물 | 을 수 있습니다 | 25g 46% | 지방 | 290 mg 15 | 나트륨 | 회고시 소비자 분쟁 | 영양성분 기준치에 대한 비율 "
001322,5,2022-02-15,1,0,0,3% | 단백질 1.79 | 15 mg | 5% | 클레스테롤 | 21% | 포화지방 3.29 | 트랜스지방0g | 13% | 지방70 | 9% | 당9.29 | 플리에틸렌 | 탄수화를209 | 6% | 809 | 후면표시일까지 | 나트름 75mg | 4% | 2960 | 기준치에 대한 비용 | 데남대문로 81(소공동 | 30g당 | 1일 영양성별 | 못데쇼핑/서울트별 | 30 g 당150 | 단현면 방 541-50 | 영양정보 | 총내용량 | (위대산후드/경기도파주시 | 과자 | 2022.02.15812:25 | 란쿠키 | 부드업
001420,5,2021-07-01,0,0,0,11:01 | B2 | 255 | 2021/07/01 | 1005899 | 011676 | 미니 초코칩 쿠키 | 릿 가득 | 한입에먹을 수 있는 | Mini | COOKE | .CHOCOLATE
001512,5,2018-05-16,0,0,0,"2018.05.16 | 편리 합니다 | 담백한구이 볶음요리등에 | 있는 나물무침,짧조름하고 | 국물 요리,아삭하고향이살아 | 하세요깔끔하고시원한맑은 | 모든요리에 간을 맞출때 사용 | 클린시스팀 | 클린시스템 | 플린시스템 | 마그네틱 | 워터시워 | 전입영선별 | 으로 더 믿을 수 있습니다 | 샘표만의3단계클린시스템 | 800도 이상) | 습니다.(식약처권장가열온도 | 온도를 조정하여 제대로구웠 | 실시간온도관리 시스템으로 | 한여름눈꽃구운소금은. | 적고 부드러운프리미엄천일염입니다. | 협선하였습니다 | 한여름눈꽃이 | 특별한이"
001515,5,2022-08-16,0,0,0,"2022.08.18 | (1,260kca) | fmR | 각종요리에사용하시숭을다. | 350g | 뒤김하이라이스침수지장 | Corn Starch Taste | 옥수수전분문"
001533,5,2022-06-21,1,0,0,"2022,.06.21 L29 | cm |  신산 육번이 130 | 에이  하고 | 영업기일까지 | 봉합조미식 | B8-119800347002 | 발효미원 | 표고버섯으로맛을낸"
001569,5,2021-11-30,0,0,0,KKo | J | H | 21.11.30 A1 | 00
001693,5,2021-07-03,0,0,0,돌김(국산)40.5 | 볶음밥과 고소하게 | 돌김자반을 맞있게 즐기는 방법 | 2021.07 | 03 | 설탕무첨가 | 자반
001734,5,2022-01-20,1,0,0,"2022,01.20(A) | 유통기한 |  52-"
001743,5,2021-10-26,1,0,0,50 | LLRAOH | 유통기한별도기일까지 | 플리에일면 | 포장재질 | 70 o (312 kcal) | 내용량 | ) | Ball | Corn Soup | 콘스프렐 | √ | 고소하고 부드러운 | Homedlus | 10.26 | 2021
001899,5,2021-11-29,0,0,0,AA | A | 669387kcal | 48 | 1-0MO-DEC-2 | WA-AG- | AB-AW-AR | 위클크리아/ 울시강구 | 수입민원 | A으 | H | 계품명후랫하들고 | BENOU 29 2021
001925,5,2022-01-21,0,0,0,인도산) | 300g | 캐슈너트100% | 구운캐슈네 | Roasted
001946,5,2021-08-NONE,1,0,0,6 | 3 | 2 | 8 | 2 | 2 1 | Toeror ine: | Besn defers atba bsEenes | Best before end: | Da onsumpeferieto fn.
001964,5,2021-10-09,0,0,0,2 20 21.10.09 | 2019.10.10
002010,5,2021-12-02,1,0,0,N TAIWAN);BEST BEFORE 02 12 2021CAUSTRALIA)
002017,5,2021-10-23,0,0,0,:CEIE:I5 | ERF.208:.10.23
002020,5,2023-05-01,0,0,0,POHEUREIE | VEGAN | ORE:01/05/2023
002021,5,2022-04-09,1,0,0,"2022.04.09 | 유통기한 | 소비자상담실:02-6403-338부정량식품 신고는국번이 199 | 못제품은 공정거래위원회고시소비자 분쟁해결기준에 교할또는 보상받을수 있습니다. | 혼두읽고기 난류 되고기를사용한제품과 같은 시설에서제조하고있습니다 | 주의사항:본제품은우유메밀 땅공,대두밀돼지고기,아황산류 토마토 | 개봉한 제품은 꼭밀통하여 보관해 주시기바랍니다. | 보관방법: 직사광선을 피해서늘한곳에보관하십시오 | 구입처및판매원 | 반품및 교환 | 스틱1개(10g)당/물100ml | 희석양 | 외포장-종이,내포장-PE품목보번호2016"
002087,5,2021-09-03,1,0,0,"전복,항 | 호두 | 개봉 | 물 | 분유 | 도표기일까지 | 유통기한 | 포창재질(내면) 폴리에달럼 | 흙복보고번호 | 식품유형 | 제품명인절미아몬드 | 땅콩또는 견과류 가공품 | 내용량 | 2021.09.03까지A5"
002089,5,2021-11-09,0,0,0,0 | 룹 | 8 | ∞ | 2021.11.09 A1
002100,5,2021-09-17,1,0,0,까지 | 2021.09.17 | 유통기한 | 초콜릿가공품/42 g(215 kcal) | 볶음참께0.47% | 볶음검은참께0.53% | 준초맛 52 %
002104,5,2021-01-28,1,0,0,"8개입 | 2021.01.28 까지 | 600 g (2,248 kcal)/75 gX8 | SOFT MILK | 촉촉한 | samlip | 우유가들어가"
002107,5,2020-09-01,1,0,0,EXP:01 09 2020 | CH33716 | 는 국번없이 1399 | 즐기실 수 있습니다 | 1 영암설패인족철에 열량에 따라 다를 | 비타민D | 일 영양성분 기출치에 대할에  | 밀봉하여 반드시 방장보관하시고 빠른시일내에 | 0.129 | 1% | 칼슘 | 0.75 | 96mg | 14% | 단백질 | 600mg | 29 | 보시소비자 분쟁해결기준에의거 교환또는 | 4% | 콜레스테롤 | )080-512-7300 | 10g | 10mg | 3% | 70mg | 포화지방 | 2.5g | ·반품 및 교환:구입처 및 수입원 | 17
002204,5,2021-01-08,1,1,0,8/80 105274.3360127 | ADAESANG | PP | HACCP | ccm | ·유통기한 | 2021.01.08 | 영양정보 | 108 7 Kcl | ·제조일 | 까지 | US 5009 | 2019.10.09
002260,5,2022-12-15,1,0,0,까지 | 2022.12.15 | 유통기한 | -3949 | 의 | 봉신고는 이 | 주의사항 | 2235 | 87 | 용기장재 | H100% | 스커스이집트 | 원재료명 | 06701047 | 19060 | 식유형 | 제품명
002264,5,2021-12-01,0,0,0,0 | 2021.12. | 8809164 227146 | 보관방집 | 문산지 | 제조사 | VOALGOLOAVEEA | 스발O | D | 내용행 | B0g20OCa기S | 31% | 1% | 내량60g/200kcal | 영양정보
002280,5,2021-01-03,1,0,0,"까지 | 15:39×선동기 | 유통기한 | 2021.01.03 | 574,원.5% | 742(및 55% | 보리2 | 대투함유 | 에스터 | 렌틸콩] | %"
002287,5,2023-12-31,0,0,0,21.12.31 | CROW'N | GolGn | Lemonade-레모이드 | GolGs | CROUT | 새콤다콘 | 비타민C알모
002311,5,2020-08-17,0,0,0,제조2020.08.17 | (주)청은에프엔비 | 150 9 | 이! | Baking Powder | 파우터 | 법잉킹
002332,5,2021-12-16,0,0,0,2021.12.16 | 175RSB
002381,5,2021-08-17,1,0,0,까지 | 2021.08.17 | 유통기한 | 해결기준에따라 교환 또는 보상받을 수있습니다. | ·본제품은 공정거래위원회 고시에의한 소비자분쟁 | 주십시오·부정 불량식품 신고는 국번없이1399 | 취를금하여 | 있습니다. 4세 이하의어린이를 | 제조하고 | 견과류를사용한 제품과 같은 제조 | 이제품은 | 유지하기 위해질소충전한 제품입 | 신선함을 | -0750(수신자 부담전화)·포장재질 | 장소:구입처및판매원·소비자보호실08-2193 | 피하여서늘한곳에보관하여주십시오반품 및 교환 | 전탄검 땅콩함·보관상주의사항:직사광선및습기를 | e
002418,5,2023-05-10,1,0,0,까지 | 2023.05.10 | 범아식품 | 빠 | 6 | INSTANT YEAST | 식품첨가물 혼합제제 | 분말이스트 | 인스턴트
002427,5,2021-01-18,1,0,0,2021.01.18까지 | KR700211-A | OTHER | 비통(x)은 | 136% | 15mg | 33% | 4mg | 비타민티 | 품목보고번호 | 2008032038746 | 34% | 240mg | 20% | 저밀도플리에일헨내면 | 포장재질 | 700mg | 38% | 219 | 0% | Omg | 단질 | 원제료명 및 험량 | 27% | 49 | 플레스테팔 | 2000 | 모화지방 | 0g | 내용량 | (년.9.일순) | 93% | 트랜스지방 | 509 | 제품됐면 표기일지 | 유통기한 | 지방 | 59 | 부 | 8
002438,5,2020-09-13,1,0,0,( | 13/09/2020 | BEST EFORE | 31mg | 78ma | SODLUM | 1799 | 4.5g9 | -Suga | 19.7g | 0.40.1g | -Trang | OASTA7 | 54921739 | -Satralad | FAT-Tolal | /WCTCA | 8.0 | 20g | PROTEN | 395Cal | 99Cap | 1650K | 413K | ENERGY | Per 100 | LENSFOSYLUD | NUTRITIO NFORMATIN | E | 영양정보 | RAN-R3T
002444,5,2021-11-11,0,0,0,NoBrand
002468,5,2021-05-18,1,0,0,G라비올라 | GRAVIOLA | 굴한방을 넣지않은 | 자임 | · | 1m | EXP 18/05/2021B/N 2 | HFD-H8/1/2019 B8
002512,5,2021-11-04,0,0,0,2021.11.04 DUK05 A | 블루베리70% | 330g | 건블루베리
002545,5,2021-03-21,0,0,0,장2 | 미국 | 1 | LES | 100 | 206K | 3 | 1000 | 4 | 178 g(330 kcal) | 영양정보 |  그-
002630,5,2023-05-NONE,0,0,0,05.2023
002653,5,2020-12-08,1,0,0,Date of manufacture | Use-by date | m | Batch code | ZEXP | LOT | 2025-11-30 | 31438992 | 261 | 0 | 6 | 5 | 6 | 6 | 56 | 846 | -08 | )-12- | 2020 | ~ | GTIN:00846566660261
002654,5,2020-12-08,1,0,0,C | Use-by date | ZEXP | Date of aature | m | 30 | Batchcode | 2025-11- | LOT | 31438992 | 2 | 566660261 | 5 | 346 | 8 | -12-08 | O | 2 | ?0 | 2 | 261 | SGTIN0084656660
002703,5,2022-10-29,1,0,0,"0mg0 | 2A444 | 나트륨 5mg 0%수화물1102 | 영양징 | 2022110/29 | 영양정보 | 총내용량 | 709831 | 있으니구이하여주시오막로칠우려가있으 | 보하십시오.사탕제을경우질식또는식도상의 | Fan Nelle | PERFETTI | 식품신고는국1399보관상주의사하고건조 | (주농심 고담.03는구입처 | 본제품은소비자기본법에의거교 환불해드립니다. | 이제품은 우유를사용한제가같은제조시설에서제 | 상재실 내포장면,막내플리프로팔렌 | 복승아 함유 | 사과산,구연산,합성향료(포도향) | 02% | 사과맛 | 딸기맛 "
002873,5,2021-04-07,1,0,0,2021.04.07까지 | 59 (75 kcal) | 마벨라 치즈 99% | 자연치츠 | 치는 | 10냄장제품 | 모짜렐라 | HEESE | 뿌려먹는
002893,5,2021-03-31,1,0,0,"20:10 D4 | 2021,03,318 | 3 | O PMCARER | 보고번호 | 20080395120269 | 알리프로밀렌 | 5A1) | 구현산나트 | .통기한 | 기하 | 단냉장보 | 45 | 경기로 | 양주시 | 8 | 길36 | 동황성 | &감 | 이드"
002916,5,2022-09-15,0,0,0,9 | 고 | 2022.09.15 | SRAN | PEN
002931,5,2022-06-30,1,0,0,"889820 260108 8 | 까지 | 22.06.3D 인천BD | 유통기한: | 연유파우더0.8% | 커피5.49%,무지방농축우유19 | [17.3g(80Kcal)×24H | 중량: 415.2 g(1,920 kcal) | 24 STICKS | 돌체 라떼 | Latbe"
002947,5,2021-09-25,1,0,0,25 0921190.06 | BEST BEFORE | 10039 022092 | 2
003019,5,2021-11-13,1,0,0,"Kcal), | 까지 | 21-11.13 | CRUNCH CHO | ORUN | 바삭 | LOTTE"
003062,5,2022-03-05,0,0,0,2022.03.05 | 제조2021 03.06 | 전공 | 소자성 | ·정- | 809608 | 010398 | 1P | unb | 28 | 82 | 단백질 | 79 | 13% | P레스테를 | 0mg | 0% | 지방 | 0.5g | 3% | 텐스지방 | 지방 | 0g | L | 3.99 | 7% | 6g | 6% | 879 | 4 | 27% | 60 mg | 10098 | 3% | 기준지에
003072,5,2021-08-19,1,0,0,85 | 87% | 13 | 콜레스테홀 | 0.2 8 | 포화지방 | 31% | 178 | 트랜스지방 | 71% | 71 8 | 29 % | 지방 | 948 | 24 % | 470mg | 탄수화물 | 1일일양 | 560 kcal | 나트 | 10-18589--000 | 충내용왕 1298 | 영양정보 | 복신특신한 식감 | 공법으로 | OTHER | 까지 | 특허에어이션 | 2021.08.19 | 1290 715) | Plus+ | 초유단백분말 | 초유프로틴 | )
003138,5,2022-01-09,1,0,0,"715 0 24 7 | 영양정보 | 공량식품 신곱뉴 | 부정 | 이1399 | 마십시오 | 폴리에틸렌 | 포장재질(내면) | 및소재지 | 업소명 | 씨제이제일제당(주) | 유통기한 | 후면상단표기일까지 | 원재료명 | 밀 100%(미국,호주산) | 밀함유 | 제품명 | 내용량 IkK | 조리예 | 까지 | 튀김가루 | 12:56 하종현 A | 2022.01.09 | 유통기한: | 튀김가루"
003234,5,2022-11-NONE,1,0,0,"11/2022-L103190 1112 | Best before end:/Batch: | 레스테Omg0% 단백질 | PP | 294809 | 비닐류 | . | C | 총 | 포장재질 | 플리프로필렌 | 2 | 10000008490651 | 밀함유 | 10 | MM | 일7 | |-반품및교환장소:구입처 및수입원 | ""0 | 유통기한 | 부정·불량 식품 신고는국번 없이~ | 서늘한 곳에 보관하십씨해 | 제조사 | ·보본관방법:직사선을니다 | 377 | 는한수에니다.다 | 수입원 | 식용유형 | 380 | 건면 | 제조하고 있습니다. | "
003255,5,2021-11-05,0,0,0,202j.11.05
003308,5,2019-09-03,0,0,0,22 | 2019.09.03 | OTHER | E019.03.04 | 실 프로젝트 | 기e | 라대수있니다 | ()은 | C | AOmg | 트랜스지방 | 지방09g 2% | E수49g 15 | 100g당215 | 층내용 | 영양정보 | 서계조하고 있습니다 | A하세요!
003315,5,2021-08-03,1,0,0,EXP:2021.08.03 VP10 | )0 | ookies | ltter
003324,5,2021-06-01,0,0,0,29% DV | 7% DV | SUGARS | 8 02 (226g) | CALORIES | SAT FAT | TOTAL | SODIUM | NON- | 6g | 0o | 170mg | 110 | NET WT | A1/4 CUP | 2--2 | HORMONE | N rbST | EDED VERMONTECCHARPH | Triple Cheddar | SHREDDED | FTNELY | 함유 99% | 자연치즈 | Kraft
003333,5,2021-10-30,1,0,0,플픔 | 73mg | 18mg | Sodium | 15.6g | 62.2g | -Sugars | 15.6g | 62.5g | Carbohydrates | 0.3g | 12g | -Polyunsaturated Fat | 2.3g | 9.1g | -Monounsaturated Fat | 0.1g | 0.4g | -Trans Fat | 4.3g | 17.2g | -Saturated Fat | na | 7.1g | 28.5g | Fat | 15g | 6.2g | Protein | 531kcal | 133kcal | Energy | Per 
000024,6,2025-10-11,0,0,0,"이미지 사진입니다. | (1,480kcal) | 프리믹스0.002.% | 18.8 %, | 접고 | 25.10.11 | 발효공법 | 허유산균 | 발효빵맞춤 | 통밀시발 | U이러브"
000040,6,2025-10-11,0,0,0,GOOD TODAY | 10:25DWEHB17 | 2025.10.1117
000046,6,2025-10-10,1,0,0,"360g(1.590kca)/가공유크림2.63%,두1.69% | 4 2025.10.10까지-D 김원 | 소비기한"
000084,6,2026-03-31,1,0,0,http://www.orionworld.com | 의사랑입니다 | 2026.03.31/A | 기한 | 까지 | 2025.10.01/12.47 | 소비 | 부터 | 1989 | 라스타S | 대한민국NO.1 | LOTTE
000098,6,2026-03-11,0,0,0,0g | 0mg | 6g | 0% | 0% | 8g | 40% | 0g | 단백질 | 36g | 36g | 15% | 70mg | 36% | bcal | 11% | 4% | 216 | 나트륨 | 열량 | 2026.03.11 | LESR | A | 210g(216kea) | Whitecoeo | 8 | ✗ | 요거젤리 화이트코코 | TM | petitzel | m | A | 연출에 | Hu | 쁘띠첼 | Hu | 제일제당 | 절
000138,6,2026-05-14,1,0,0,Stock Code : NB2 | PP | 108768519730631 | 2 | 열량에 따라 다를 수있습니다 | 대한비을(%)을 2.00 cal | 7% | 2% | 5mg | 87% | 13g | No Brand는모두이마트의상표입니다 | 방0.5g미만 | 43% | 31% | 21% | 9g | 7% | mg | 2026/05/14 | 기준치에대한비율 | 1일영양성분 | 100g 당 499 kcal | 총 내용량400 g | 식품 신고는 국번 없이 1399 | 수 있습니다. | 교환장소:구입처 | 직사광 | 피하고서늘한 곳에 보
000177,6,2026-08-18,1,0,0,Dx | 까지 | 2026.08.18A | 부터 | 2025.08.19 | 사브레 | HAITAI | Sablé | 흐태
000184,6,2027-11-19,0,0,0,"Poo  | 디벨라 스파게팅 맞있게 | DIVELLA | 시간은 고객님의 취 | 내간보라 1~2분정도 | 태는 | 이탈리아에서스파게티 | 19 11 2027 | 9MZR2 | 7-9분 | 삶는시간 | 4,280 | 행 | Pa1.75."
000200,6,2027-07-14,1,0,0,"19 | 5% | (250)5 | 지방 4.39 | 당59 | 설형할고량 | 확인란 | 주십시오 | 1399 | 반 | 고 | 개튼 | 개통 | 하시 | 대소면 대품산단로 128 | 정· | 제조원 | 플리에틸렌(내면) | 온장재질 | 맛는 | 시아산 | 쿠민,웨 | 뒷면상단표시일까 | 소비기한 | 20010445055172 | 품목보고번호 | 원료명 | 카레 | 유형 | 밥 위에 없어내면 완성됩니다. | 카레라이스 | 물을부고재료가완전히역을때까지입니다. | 1.글기있파감자 당을 적당한크기설어오기식용유에잘아 | 조리방법 | 감자대개"
000229,6,2025-10-28,1,0,0,국산우유사용인증 | K-MILK | 조리예 | H | 1256 | Milky | Hlavcur | (원료원유기준) | 국산원유10 | Mini | MOZZARELA | Fresh | 28까지 | 110 | Denmack | V | ZZARELLA
000237,6,2026-06-05,1,0,0,"OTHER | )②080-872-8888 | 고객지원실(수신자부담) | www.fontanastyle.com | 비닐류 | 09:44:11 | 2026.06.05까지 (A? | 1일 영양성분 기준치에 대한 비율(%)은2,00kcal기준이므로 개인의필 | 콜레스테롤55mg 18 % | 단백질2g4% | 지방20g37% | 트랜스지방 0.6 g | 나트륨700mg 35 % | 탄수화물10g 3 % | 영양정보 | 총내 | 한번에사용하세요. | ·직사광선을피해실온에보관하시고개봉후에는냉장 보관하여도 | 토로,아황산류,호두오징어,조개류,장혼"
000254,6,2026-08-12,1,0,0,OTHER | htt:/ww.criosworld.com | 까지 | 26.08.12.2 (F2) | 기한 | 부터 | 25.08.13/14:45 | 소비 | 엉어리나김은 아보주나고은에서에부해합니나 | ·족과접을원가거나고은에서전원화도 | 이에 행 | 0/하 | 이에 내에수이고부드러워고은에아 | 1열성기치에대한 비를(%)은 2.0 | 단백질2 | 콜레스테omg | 포화지방ㅎ8 | 트랜스지방 08 | 1% | 지방0.68 | 36% | 당류 36g | 15 % | 탄주화불 49g | 3% | 나트65 mg | 으기준치에 대한 비를
000276,6,2026-03-25,1,1,0,까지 | 기:26.03.25 | 제조일차:25.09.26 19:28 | IOPEN | !취급주의:제품 개봉시 손이 베지 않도록 주의하시기 바랍니다 | Jagabee | 케첩맛 | 자가비
000291,6,2027-07-21,1,0,0,0% | 콜레스테롤mg | 단백질09 | 0% | 당류0g 0% | 포화지방11973% | 탄수화물0g 0% | 트랜스지방0g | 0% | 나트륨mg | 지방 100g185% | ( 1.09 m)10 9당 00l | 영양정보 | 총내용량 900 mL | -깨끗한무리자연깨끗한우리마음 | 비실(8-900-6133)dr.sajo.c.kr | 는 보을 수있니다.-반및교한구입처 | -본 제품은 소비자 분쟁 해결기준에 의거 공환 또 | 2027.07.21 | 국번없이1399 | 에서 제조하고 있습니다.-부정·불량 식품 신고는 | 에 이제품은 
000292,6,2026-02-13,0,0,0,13/02/2026
000313,6,2026-03-17,0,0,0,제품명 | 쌓여온 | 1979년부터 | 장인의노 | 곡물 | 진동 효과 | H | 사양벌꿀과 | 국산 | 질리지않는 딘 | 구워 | 고온 복사열로 | 유탕처리NO! | 고온 복사! | 튀기지 않아 담백 | a지퍼포장
000322,6,2025-10-29,1,0,0,2025.10.29 까지0명
000324,6,2027-05-15,1,0,0,"16-5471 | 문재q,cok | 대한 비울(%)은 2.0kcl | 질수 있으나 품질에는 |  1309%스 5mg2% | 8 98%지방 3296%트스지방9 | 역시 사하구 다대로 210 | 11520mg576%탄수309% | 쇠고기,우유,대두,밀 함유 | 205 kcal | 영양정보 | 총내용량80g | 1,팔유,진국육각 | 2027.05.15까지 E22 A3 | (물엿,사골추출물(사골추 | 품의 유형 복합조미식품 | PA6 | 질(내면)폴리프로필렌(PP) | * 의 시 뜨거운 물에 데지 않도록 조심하십시 | 국물흘후려줍니다. |"
000329,6,2025-12-25,1,0,0,"구의치 및 파매워,본 제품은 소비자기본법에 따른 소비재 | 3 | 소/구문로 소공동/89-30소기한:전면표시일지·명:무 | 형:철임식품·제조업소:(주초록푸드/대구광역시 달성군 구지면 달성2차로 3(주초록푸드AB,C동)/053716 | 성문 기운치에 내한 비율(%)은 2,000 kcal 기준이므로 개인의 필요 열량에 라 다를 수 있습 | 670mg9.587808 | 34%3%7%0% | HACCP | 나 트수화물 당류 지방 트텐스지방 포화지방 클레스테를 단백질 | 량 350 | (42kcal/고형량210g)냉장보관(0-10c)무60%"
000363,6,2026-04-21,1,0,0,"제지유 | 대구광역시 | 달성군 | 여드십시오 | 이 증발하여 파질 수 있으니 기호에 맞게 | 드세요.(1000W | 도구에 따라 조리시간이 다를수 있습니다. | 초~4분30초 | 간 끓여드세요 | 또는랩을씌워 | 배기에 얼큰돼지국밥을 부은 후 | 5분 | 냄비 조리시 | 전자레인지이용시 | 티브로한 제품입니다. | 듬뿐 넣어 깊은 맛이 느껴지는 | 소면(50이)을아고부추(5)이들여 | 다. | 소면 | 낳아도,얼큰하고 진한 국물을 | 즐가는방 | 걸큰돼지국밥은 | 얼큰돼지=밥은더맛있게 | GUKBAP | 까지 | 지국밥 | 202"
000366,6,2026-09-05,1,0,0,"19840532001372 | 품목보고번호 | 토르트식품) | 1. | 용기에 부은 후 뚜껑을 덮고 8분(700W기준) | 송씬대파, | 전자레인지 | ※냄비 뚜껑을 열고조리하세요. (제품이터질 수 있습니나) | 스파탐 | 중탕 끓는 물에 봉지째 제품을 넣고15~20분 조리 | ※오래끓이면 깔수있으니조리시간을준수해주세요 | 들어 | 있어 | 조리발법 | 강합고전문적위경치필주있는HMR전문브랜드입니다. | 강하고전문적인 과치피로 한식을비론한 전센계의 | 까지 | 2026,09.05 L2 | 소비기한"
000371,6,2026-02-15,1,0,0,2026.02.15 까지 07:36:57 14
000411,6,2026-09-09,1,1,0,(:080-222-2422) | 8808280705002 | OTHER | 소 | 비닐류 | 지리적시 | 지리적:가 | 0-22-222 | 스비가상당실 | 1930e5052 | 동록보그번호 | 반품및교환:제조원일그입처 | 탈(내) | 색도를 삽입하였습니다 | 장개질 | 100(원산지:경북영양) | 원료명 | 후면별도표시일까지 | 포장지 | 고유의 빛깔이 나타십니다 | 소비기 | 영양군입암면다리골길29 | 경북 | 영양농협가공사업소 | 제조원 | 주의사항고츠가부들손으로사용눈이 | 500g | 냉장보관하시기바랍니다 | 내용량 | 곳에 
000440,6,2026-08-13,0,0,0, 신고는 국번없이 1399 | L고 한곳에보 | 우기 | 밀함유 | )7.927%
000462,6,2027-05-27,1,0,0,"OTHER | 801 | HACCP | 질어지 | 1돼지고기 | 국번없이 | 단백질4g7% | 보관방법실온보관 | 지 | 어점 및 고객행복센터 | 제당주식회사 /부산광역시 사하구 다대로 210 | 대두, 밀, 조개류(바지락) 함유 | 영양정보 | 분말 | 190 kcal | 총내용량 809 | IC바지락 | (국산) 선 정제소금(국산) 청양고 | 2027.05.27까지 H26 A2 | 1810140381002식의 유조시 | ×A1 | 지 육수에는 1분량포장재질(명)플린프로렌(P) | 끌여줍니다 | 조리시 드거운 에데지않도 | 위법시"
000464,6,2026-03-19,0,0,0,"57 264 | 8"" | 180 10451572642 | 조리에 | 면 | 62 /85 KcalXo"
000527,6,2025-10-12,1,0,0,고단백질 | ETARY섬유 | DIETARY | PROTEIN | 1912 | SINCE | g | ROMAN MEAL | g | GRAIN | WHOLE | 7.5 | 12 | 통밀식빵 | 로만밀 | 로마병사의 힘 | 통밀로 채우는 | A | E | 2U25.10.12까지.성현C
000543,6,2026-06-23,1,0,0,"OTHER | 결량에 따라 다를 수 있습니다 | 1801005200257 | 0.7g | %당류 8g8.% | 180 g 150 kcal | |주의·직사광선 피해 실온보관·개봉 | 있으니주의·포장재 변형,평장,손상 시섭취 | 다기본브 | 의거,교환 또는 보상가능 | 00053818258 소비기 | 하단표시일까지 | 보세요! | 돈 줄에 넣고 3분간 데워드세요."
000563,6,2026-01-10,1,0,0,"·보관방법:직사광선을피하고실온보관하 | 한 제품과 같은 제조시설에서 제로하고 있습 | 혼둑닭고기,오칭어,조개류(술,전복,홍합 포항 | '이제품은 메밀 땅콩, 고등어,게,새우,돼지고기 복숭이 | 26.01.10까지 | 맥스봉"
000651,6,2026-06-25,1,0,0,2026 . 06.2드까지
000690,6,2025-10-11,1,0,0,5 | 8 | 세쁜/1편/F1/ | C35 | 880106892402221 | 2025.10.11.22시 까지 | 2025.10.08.01시 부터 | 메가피자불고기법
000693,6,2026-09-01,1,0,0,"Cihanal | 26.09.01/F3 | 까지 | 25.09.02/04:33 | 부터 | OL너AA | post | 16 | W2,700 | (온)탁터유PRO단백 | 닥터유프로 답력질바 크럼치 | BCAA"
000752,6,2026-07-09,1,0,0,"20660/26.07.09 | 제조번호/사용기한(연.월.일) | 절통,근육통의완화 | - | 기침,가래,오한고떨리는증성발열두 | (어러증상물,막, 기인구명 | 연노랑의 투명한 액제[효능·효과감기제장 | 수프락토올리고당,프로필린글리성생이 | 1121,에데트수물 | 스트산나트룹수화물,시트르산수학물,연 | P-300m수 | 니라민말산염(P-25mg인무"
000802,6,2026-07-03,1,0,0,"라:PP | 0 9 : 1 5 | 뚜껑:LDPE | OTHER | 까지 | 2026,07.03 | 소비기한 | DN2 | 88010451 | 176338 | 고객상담실00-02-3(수신요금부담 | 번호식품연제2013-6호인증기명:한 국식품연 | 지않도록 주의하 | (0~10c)보관하시고 얼지 | 개인의 요 열량에 따라다를 수 있습니다. | 1일영양성분기준치비은20기준이으로 | 콜레스테롤15mg 5%단백질 1g 2% | 혼입가능·소비자기본법에 따라 피해보상 | 밀토아로우유돼지고기쇠고기조개류굴 | 트랜스지방 0g 포화지방 4.6g 1%"
000811,6,2026-03-31,0,0,0,5UD. | ①10 | B/1020 | 26.03.31 | H
000831,6,2026-07-16,1,0,0,"의거 교환또는보상받을 수있습니다 | *이 제품은 공정거래위원회 고시 소비자분쟁해결기준에 | *부정·량식신고는국번없이 139 개봉후 기적들리트시 습니다. | *소비기한:밀면표기일(P:일월년순)지*내용량: 140g 175gx8입 315kcal) | 일 영 기준치에 한은 20a 기준이으로 개의 필요 량에 따라다를 수있습니다 | 내용량 140g(17.5g × 8포션)/17.5g(1포션)당 40kcal | 영양정보 | 피로인산나트를, 리인산나트름, 우유단백질,유청분말(우유)정제소라기난,커스트용우유 | (그림을리부, 정제수, 정제소금,구연산상"
000855,6,2026-08-25,0,0,0,Your | Enjoy | AVOUR | HICKEN | 25 08 2026 A1 | 25 | 08 | 2025 25 | na | GEMEL
000868,6,2021-10-23,0,0,0,IA COOKIES | EGOGold
000958,6,2021-02-22,0,0,0,714139844 | 8 | 21:82:2 | 50 | 20m1ic | 영양정보
000965,6,2020-07-24,1,1,0,iniz. | eco e fresco | STORE IN A COOL AND DRY LACE | 100 g NET | (//) | 3 | 1046920029674 | fabricao// | Prod. date / Fecha de producción / Data de | £5700-17 | 4.07. | 2020 | 2 | 20.21 | (d/m/y)/tavsiye edilen tüketim tarihi | Best before/ Consumir antes de/sy/Validade | www.lin dt.co m | LINDT SU
000968,6,2022-10-17,1,0,0,WWNOKCHWON.COR | 유통기한 | 까지 | 2022.10. | 17 | 조비자상담 | 조재지 | 장소재지 | 용사:서 | 구로4일 84 | 문의원교합처 | 문사 및 구인치 | 42 | 원재료명 | 20 | 야자경화 | 벌리민산들 | 38.5 | 내장재질 | 10 | 리에 | 식유형 | 고형차 | 제품명 | o (3g 10 스트)
000994,6,NONE-02-18,1,0,0,0:45까지
001075,6,2021-09-30,0,0,0,30/09/2021 | L4620 | UNDT ARAINAMT | LIMDEA5 | CEZNAC | SWISS | MADE | QUALITYCUARANT | HICHLY MELTARLI. KIEP COOL |     2  | . | U | 영양정보 | 84봉림375 c 240 kcal | 영양정보 | 220 | E | 200 | 21707483536511088050 | 14 5g 470 kcl | 명정보 | 영양정보 | 51 | 5 | 22 | 중0
001112,6,2022-07-12,1,0,0,12:23 A 22 | 2022.07.12까지 | 영금 | 신금
001184,6,2021-10-08,0,0,0,2021.10-08 | 03:29
001198,6,2021-10-10,0,0,0,caa | CFSIN |  10 10 2021 | Garudafood | ery
001305,6,2021-04-12,0,0,0,※냉장제품 | 조리예 | 가공버터 51%/200di150 c) | Spreadable Su | 버터 | 발라먹는 | 붙드렵게 | 021-04- | CHOICe
001324,6,2023-07-09,0,0,0,KP:09/07/2023 | PVOD:09/07/2020 | 4190191042000178 | 8/0039931/270914 | 수입습니다 | 22% | % | 0 | % | 2 | % | 3 | % | % | 348 kcal | H8500 | 899- | 도 살아주세요 | 리프로필렌 | 100g | n0005
001343,6,2021-09-10,1,0,0,"EASALT CIMAMON NATURAL FLAVORS | IRE DERRES OEO | RDREDAPES APES SUGARIORANC | 025478618,19:15 | Sodium 180mg | 8% | SEP 10 2021 | Protein 3g | Cholest Omgy | 0% | Best  Used By: | Trans Far O | Ind 3gAded sugar 2% | Total Sugars 17g | 13-259-421 | Dndinay! | 5 | with Mom's"
001388,6,2021-07-17,0,0,0,1316389100950 | 9 | BetBeoe (0/MM:17/C7/2021 | Net weight: 125g REG. EST. NO. 1975 | www.lactals-intemational.com 8111919 | 8m0891205 |  400 74EE8 R8 18% | 내1250 428kcal | 영행정보 | R | 20-10 | 냉장제품 | E | 우유.일용유 | 제 | CREAMCHEESE WITLICCHIVES | PRESIDENT
001391,6,2021-02-25,0,0,0,"2     | 농별 | 호일 | 통밀플레이ㅋ 289% 통밀플레0 21%달 | SC | Soft | /모 2.64%, 로만말이커스믹스 9.06.9%[밀기울 50% | U | Super | 4213아 | 로만밀 | 가C윤재철R | 2021.02.25까재 | 통곡물의힘!영양가득로만말 | WHOLE GRAIN | 000kca | 36 % | 로만밀동밀식방 | 13 % | 보종효모로만는 | 지방 | 로모로드"
001415,6,2022-04-20,0,0,0,"중량:300 g(1,250 kcal) [30 g(125kcal)x10개] | 탈지분유 24%, 코코아분말 10%, 기타코코아가공품 1% | 이미지 사진 | 부드러운 핫초코 | 풍부한 우유맛이더해진 | 달콤한 핫초코에 | 2022-04:20 | 마일드 | 핫초콘 | 미떼 | (1개당)*Tanicacide | 카카오의 폴리페놀 16"
001418,6,2021-07-18,1,0,0,beruy | 기:도시일지(..) | 신 어139 | 130gX4개입 | 3 | U | 영양정보 |  S201BOX4EAAOMAM FOOD ROUSRESOBH | 520(130X4464Ka0 | (ASSORTED PUDDING) | 사위생법에의한표시사항 | 955648611800227 | Strawbery Pudding | Melon Pudding | Mango Pudding | EXPIRY DATE:2021-07.18 | Assorted Pudding | THOMYAM
001428,6,2020-08-12,1,0,0,Onion | 아산B320항1527 | 2020.08:12까지 |    영  및 정 | 2-181 | http://ww | nongshim.com | 농심 | (112(신c) | 서울특별시 동작구 | 1 | 단백질 20 | A | 9% | 스 Omg | 0% | 0% | 지방2.99 | 19 | 80 | 53% | 센스지방09 | 0g | 지방09 | 19 | 27.9 | 당1.99 | 50% | 2 | 5.9 | 수189 | 5% | 6 | 509 | A | 130mg | 15 | 74 | 370R | 30 98 | 총 내용방당 
001444,6,2021-09-06,0,0,0,"사 | 미역국 | 쇠고기사골 | BEEFSEAWEED SOUP. | 07:28 | 2021,09.06L4 | and"
001448,6,2022-07-22,1,0,0,"81804645000256 | 2022.07.22 | 유통기한 | 스틱내 절소충전 | ·부정·불량식품 신고는국번없이1399 | 제조 시설에서제조하고 있습니다. | 이제품을 우윤대두돼지고기를 사용한 제품과 같은 | 제외됩니다. | 이 되지 않습니다.단.제초상 질하자가 있을경우은 | 의거교환는 환를 받을 수있으며, 개홍시에기반 | 통제출을공정거래위원회 고시소비자 분쟁해결 기준에 | ·반품및교환처: 제조원및구입처 | 품목보고번호20090449018240 | (성수동2가)/(02)380-5678 | 판매원 | (위)이마트 /서울특별시 성동"
001458,6,2022-10-29,0,0,0,냉/온 검용 | 당절임 사콤지자몽 40%100% | 500g | 2022.10.29 | 아이시 | 녹차원 | WON | CHA | NOK
001485,6,2022-09-28,0,0,0,No Brand= | 노랜드스머시8 | N7 | 24000000-80685 | 28/09/2022 L113782 | 0g | 0% | 1e1 108 | 92B 170%스지방 | 지방 | 0% 민수 08 0% 08 0 | 4Omg | 830ka | 1000 | 81000 | 영양정보 | 신는013002 | 1 | Costa Doro s PA | 수입원 | (GRAPEEDO) 
001571,6,2021-06-11,0,0,0,노브랜드의 이념과 실천 | 윤원자 | A4 | N829 | 2021.06.11
001609,6,2021-06-29,0,0,0,02348 | 20010609
001705,6,2021-06-04,1,0,0,"10매입가공치즈 180 g(550kcal)체다 40%,고다20%,버터 4%냉장제품 | 15:58 B | butter | 유통기한 | (이미지사적 | 2021.06.04 | CHEDDAR | GOUDA | 고다,체다,국산버터의 완벽한 밸런스 | 치즈마스터 | 최상의 치즈블렌딩 | Cheese | 서울우유"
001741,6,2022-11-01,1,0,0,·정유지기한 | 2022.11.01 | 80321700091 | HACCP | (국산) | 48
001753,6,2022-01-10,0,0,0,01.10 | 지 | 8 | 1B0 1062 013418 | 080-02-6060 | 롯데제과
001794,6,2021-11-07,0,0,0,시로 한면더포장하여맛과 향이 잘 보존됩니다 | ww.ongsuh.co.kr | 지를시원하게 즐기실 수 있습니다. | 동서식 | 3-4분경과 후티벽을수회흔들어주시면 맛있는 | 티백 1개를 컵에 넣고 냉수 120m를 | 평수 음응법 | 수회흔들어낸후음용하십시오 | 물100m를 부어 1~2분경과후티백을 | BO | 티백 1개를 컵에 넣고 80정도의 | 으요번 | 동서 | 현미녹차 | 2021.11.07 | 07:24F1
001809,6,2020-08-13,1,0,0,"2016 | 위문구는 | OTHER | 도리토 | ""세계 NO.1L | 20.08.13 | 까지 | #3 | 20.02.1411:49 | 데제과 | 풍목수의시문이므로 안성하고는 | *표면에 있는 같은 반점은 오분에 | 단백질5g | 콜레스테1.2 | 포화지방8 | 트랜스지방 | 지방258"
001937,6,2021-12-21,1,0,0,기한:읽는법 | OTKER | 1079 | 원산지: | 중국 | 10.09 | A | T4 | eclipse
001939,6,2021-03-14,0,0,0,® | Butter. | it'snot | *See right si panel | Omega 3 per serving* | Icant believe | 0.4g (o 400mng)of | Contains Vitamin A | PLANT-BASED OILS | MADE FROM
002005,6,2022-07-27,0,0,0,"※템퍼링 공정 필요없음 | W1,500 | Choco | Write | 화이트초코 | 행 복한 쇼콜라띠에 | Hap py | 2022.07.27 | 1라쉐 | Doraan | ruche"
002052,6,NONE-04-14,1,0,0,LATTE | PREMIUM | 2007 | SINCE | Denmar | 민트라떼 | 덴마크 | Expiny | Date | 13:45 | JK | 여는 | 04 | 4 | 1
002075,6,2020-05-28,0,0,0,10% | 죽염 | 2020.05.28 | 병원 신안 증도의 태평염전
002076,6,2022-03-04,1,0,0,00653657 | 14 | 2022.03.04 | 704552 | 81/801055 | 다 미신후 업바닥에 게 갈린 원두기루 일부 | buted by LOTTE-Nestle (Korea) | 100ge | ed trademark Used under licen | F중량 | 국번 이 199 NESCAFEsaecsier | 소비자기본법에 의한피해보상 부정·불량식품 신고는 | 390·건조하고 서늘한 곳에 보관·질소충전 | 티오피아산 15%)·품목보고번호:1981 | 커피 3%(커피 원두:콜롬비아산8 | 10 | 인스턴트커피 97%(커피
002084,6,2020-11-06,1,1,0,일 | THER | IER | L 00730303G8 | Best before: 06/1/2020 | Prod date: 13/03/2020 | 3 | UC- | riugal | m
002146,6,2022-07-26,1,0,0,"유동기한2022.7.267A8 | PET(용기)+PP(뚜껑) | 포장재질 | 아로니아주스롱축액,해바라기 | 원재료명 | 크랙베리62%,설탕,구연산 | 하단표기일까지 | 유통기한 | 경기로성남시 분당구 판교로2 | 판매원 | (주)삼양사 | 진접읍 내각로73번갈앙7-9 | 소분원 | (주)맑은놓산경기도남양주시 | 경기도광명시가학로 200 | 수입원 | (주)열매만을 | CEAN SPRAY CRANERR | 제조원 | 미국 | 원산지 | 150 | 내용량 1 | 당절임 | 식품유형 | 제품명 | 건조크랜베리루비"
002293,6,2021-07-03,1,0,0,"BI | 2021.07.03까지 | ME 4R | OAS | W1,.000 | GARLC"
002380,6,2022-10-20,1,0,0,"피하여 통용이 질 되는 서늘한 장소에보관하십시오 | 넘고 잘저은 후드십시오보관상 주의사항 직사광선을 | 응융방법온수1100m0에1902 | 스틱끝 부분이날카로우니주의하십시오집소중전 | 소비자분쟁해결기준에의거교환또는 보상받을수있습니다 | 시서하고니은 공정위 | 본제품은 우유,방용, 대두일복승아,호두사용한과같은 | 20080509087-88 | 봉옥보고번 | 내포장재질-몰리에릴렌(PE) | 용기보장 | 유자과분일유자국산유지분말국신) 결리당 | 원재료명 | 220 g(22 g x 10포) | 내용량 | 측면상단표기일까지 | 유통기한 | "
002402,6,2022-11-04,0,0,0,"블루베리맛 | 라즈베리맛 | 영양정보 | 명 | ""rrience | fantaoe rruity | 59 | Fryy and shr | iourweets made wilh | dHruittella to oreute | love"
002459,6,2021-11-30,1,0,0,"같은 제조사설에서 제조하고 있습니다. | 있습니다.는 제품은 일,건과류를 사용한 제품과 | 의한 송비자'문행해결 기준에 의거 골활 또통 본성 밝은실 수 | 플리프로필렌 ·부정 불량식품 신고는 국번없이 1399-본 제품은 소비자 기본법에 | ·포장재질:내연-종이,내포장 | MMN:PP | 플레스테를 0 mg 0% 단백질 6 g 11% | 강서구 화곡로 398반품처:구입처 | 지방 35 0 65%랜스지방 0 0 포화지방 169 107% | 802-3459-8000서울특별시 | 나트 30 mg 2% 탄수화를 53 9 16% 당류 52 9"
002492,6,2022-09-08,0,0,0,
002540,6,2021-12-19,1,0,0,"Expriy Date :19/12/2021 | 바퀴,롤:비닐류(PP) | 2 | 100000110291901 | 블록: 비닐류(OTHER) | 분쟁해결기준에 | 같은 제조시설 | 보관 | 퀴,롤-폴리프로필렌(내면) | 제4호) | 유,펙틴,카나우바와스,천연향료(레 | 기준이로개29 | ?량에 따라다를수 있습니다 | 제수,돼지젤라틴, D-소비톨0.2062 | 는 기처에 대한 비율(%)은 2,000kcal | 청색제1호) | 단백질 | 향),착색료(식용색소황색제4호, 식용 | 8g | 15% | ,팔유,펙틴,카나우 | 콜레스테롤 | O"
002632,6,2022-01-20,1,0,0,EVE | 1 | 동축물.밀납 | 10.39 | 3.59 | 115 | 09 | 1개당 | 10 | 201-557) | 양정보 | 28 | 1개(18.89당5 | 324 | 일A가가지 | 3ERICA S.A. | 2022.01.20 | 유용기한 BST EEORE | sqx5개) (290kca | 닛구미
002650,6,2021-07-01,0,0,0,CO | CiOCN
002749,6,2020-12-NONE,0,0,0,(10)9LB00463 | (17) S.K.T. :12.2020 | (21)145G0V1T99XY2A | (01)08699502013063
002832,6,2021-08-30,1,0,0,H218E33 | 2021.08.30 | BEST BEFORE | 390471105073 | 2.20
002871,6,2021-02-25,0,0,0,"단백진 | 0 | 지방 | 09 | 영양정보 | 채융 | GRAPE | 2021,02,25 | 10:59"
002901,6,2022-08-03,0,0,0,2022 08 03
002951,6,2021-04-30,0,0,0,"우버터 | 공육상하목장 | 2021.04.30 | -태관수 기준한 이/m | 국선 원유로만은 신선한크림사용 | 발호사킨 같은 풍이 | 1A통금보다3.7배 대제끗한 | 재은에시 12시간 이상 전천하 | ""슬로우버다는 상하목장이 엄선한 깨끗한 원유로 만든 100% 유크림으로 한정 생산됩니다."
002953,6,2020-05-28,1,0,0,품질유지기한 | 2020.05.28 | ·만2개월 이의 유아에게는 십취시키지 마십시오 | 8803217014165 | 부정 불경식품신고는 국업이 39 | 또는 보생을 받으실수 있습니다. | 고시 소비자 분쟁해결 기준에 의거 | 포천시소음을 죽엽산로35길 83고객상담실00-541-900본제물은 공정래위원 | 서울특별시강구 고로38등촌동비품및 교장소:구입지소문원(주생경기도 | 상모두의더나은삶을행어안들어갑니다.만매원:러시주)homept.coh | G우리의연속 | 은  이 오수이 | 보방합 시용후는정을목아반드시상은 건조한곳에 보리하십시오 
003003,6,2022-11-26,1,0,0,부전 분의지구입처및 대리점 | 수이 이 139 | ·츠틱 부분이 달카로우니의하십시오 | 당류119 | 11% | 1.50 10% | 수1695% | 트랜스지방 0g | 나트륨49 mg | 2% | 지방1.69 | 1포당 | 3% | 1일영양성분 기준치에 대한비 | 영양정보 | 포(20 0)당 83 kcal | 총 내용량 320 (20 x 166) | 넣어습니다 | (90m | 드십시오 | 분말스틱 1모(209) | 온수(약 90 C)1잡 | 스문으로 잘저어서 | ·담터 핫초코맛있게 드시는 방법 | 감미모운정통 초델릿 맛을느겨보세요 
003021,6,2021-03-23,0,0,0,14:58 | 1D | 2021; 03. 23 | LOTHER | 다. 상을받을수있 | 향료
003028,6,2021-09-28,1,0,0,(YMD) | lergis:infont | 25 | BEST BEFDRE:2021/0928 | 5 | Corsonvaltion | Duroo de | SheLe/ | 23y-Pace/23yx8) | 184(6.5)(23×8) | Poits Net | 164g (6.502) | Net Weigh/ | B-() | Sel CarotaneE180a) | B-() | () | ingredients | Ingredients/ | Nom d rodut Biscur b | Produd Name Bubery Cake | 8
003066,6,2021-11-12,0,0,0,"블 | 중광:118 g(20 cal/5.99,4 | STicKs | 20 | 2021.11.12 19:22 | 커피믹스 | 블랙 | 아이스 | MaXim | 크림 | No"
003137,6,2022-11-09,0,0,0,"0.49 | 과습고형분 | 30) 0.4% | 칼슘비민D | 2022.11.09 | AACCP | powder | 카레 | 칼슘,비 | MID 함유 | Curr | 순유기능 | 분말 | 유 | 인애플 | 키요 | 우디스 | ILDONG"
003164,6,2021-02-09,1,0,0,P | 까지 | 2021 02 09 | 비닐류 | I
003177,6,2021-03-25,1,0,0,2021.03.25까지 | OHS | STi | IRINC
003232,6,2021-09-21,0,0,0,머금은구멍떡 | 양념을 가~득!/ | 크림컵픽볶이 | 백종원의 | 라스E | 11:28 | 21.09.21 | STHEBORN
003244,6,2021-07-NONE,0,0,0,"MADE NTAY | NLue AStadSrale73 | ELAH-DUFOURSBA | 0.158 | ente ns del tine | 105 | 4155 | tesc,scooy snoio. | www.novipiusportit | chocolatec n leche. | azucast,avel | 8 | 6 | MES | PP | EEHE | 2 | e"
003299,6,2022-10-NONE,1,0,0,1001691047798 | 03:21 | .L02831 | Oct 2022 | 11.19 | 23 | BEST BEFORE END | dyour dal reference intake | mepock contains 5 servings. | waltrose.com/nutrition | c0.01g | 500ge | ownohsgars | carboboore | Recycled | AEGETARIAN | 3289 | Not Yet | waitrose.coi | Energyk | RC12 8YA UK | 1223 | Bracknell 
003309,6,2020-08-29,0,0,0,pro) | 10:48 | ZZ082926A | LE | AUG292020 | AL | PRETZEL CRACKERS
003325,6,2021-06-01,0,0,0,CALORUES | 80Z (226g) | SATTAT | SODITM | 6 | 110 | ANON-N | 0 | 170 | NET WT | PA1IACUP | HORMONE | NO rbST | R&MLD CODAR CHEEE | YREDDED VERMONT I TE CHLCOAASHARPCH | Triple Cheddar | Y | E | SHREDDED | 99% | 함유 | 자연치즈 | Kraft
003328,6,2021-12-26,1,0,0,"2021.12.26 07:36 | 유통기한 | 까지 | “흔들어 드세요"""
000018,7,2026-04-24,1,0,0,까지 | 17:207 | 쿠키앤크림 | 26.04.그4 B | 초코쿠키 | 180106218790901 | ABC | LOTTE | NABO코 | ABG | IPSARE TiG | 초코 | OPEN | OLOTTE | 크크키 | ABG | OPEN | OLOTTE | 주기
000053,7,2025-12-20,0,0,0,"202512,203 | • | 자르기"
000060,7,2026-04-30,0,0,0,2 | 요a법 | 안전은 웰보을 '워팔' 보속 | 2026.04.30 121 A | 소재pP로끝는
000068,7,2026-06-17,0,0,0,IZ.000 | 이 | 증량 50g | 솟다리 | 자매품
000095,7,2026-07-29,0,0,0,SUCR | akcal | P5 2.07.29
000128,7,2026-05-28,1,0,0,발차양생 | MATCHABE | NS당 | 따라 다를 수 있습니다. | 30% | 콜레 | 트랜스지방0g | 포화지방080% | 지방 | 나르 | 128 kcal | 영영형보 | 총 내용량408 | 8NV20054771 | 까지 | 26.05.28 E | 네요 | 후가급 | 기에으거이하에서관 및 개통 | 받을 | 을 | GA | 부정· | IDER | APPLE | 고등어게 | 메일 | ADS | ·대두 | 은 | 유유 | 제조위 | OTHER | 구세종대로7길 | 색조정제수 | [2공장 | 규바 | 필렌
000166,7,2027-08-18,0,0,0,보관시지파 이용하서 | 뜯는곳 | 시지퍼를 이용하세요
000172,7,2026-06-10,1,0,0,원재료명 | 제 | 판매원 | 주이마트 | 2-380- | 유통전문 | F2: | (주) | 에코길11-9 | 제조원 | 3 | 품) | 과자(유처리제 | 식품유형 | 프내용량 I5 | 고르곤졸라치츠 소프트콘 | 제품명 | 2026.06.10까지 | 2025.09.11부터 | F2-B 15:33
000173,7,2026-09-17,1,0,0,기한 | 속비2026.09.17A1 | LOW SUGAR | 아이비
000176,7,2026-09-22,1,0,0,D | 맛있는 약속 | 까지 | 2026.09.22 | 터 | 2025.09.23 | SALTINE CRACKERS | K0 | TOR | *0 | 큰래커 | 큰래커
000190,7,2022-11-26,0,0,0,"76 | 0.3 | -Suas | 0.3 | 2.0 | ated | Carbohydates | 폴리염화비닐(내면) | 포장재질 | 용가-유리,뚜껑철처 | 이실온보관 | 관매업소 | 수입 | A조사 | 쓰원지 이리 | 식품유형 | 바실리코스피케티소스 | 제품명 | CB5 114615"
000256,7,2027-01-02,1,0,0,"27.01.02 B | Ookcal) | 소비기한 | B | -1일습기준광·을타서은 50mg | E00239 | 공에 | 별도표A | 보관방법 | B | 이도포천시 | 02 | 뚜껑:폴리에틸렌 | 히비스키스추출분말 | 트자농축액 혼합BCA | ↓,사클로스트린 밀크 | 침꽃 | 0 | 미국산 | 글루타치온1 | 13%) | 구연산 | 경정제수,Nexweet 약 | 원재료명 | 혼합음료품목고번호 | 식품유형"
000265,7,2026-11-26,0,0,0,자 | Spicy Cocktail Sauce | 순창 | 청정원 | 2026.11.26
000331,7,2025-10-31,1,0,0,가지 | 꽉찬 | 한우엄과단무지가들어가 감칠맛이 나는 | GOOD TODAY | 좋은 | 2025.10.31까지
000376,7,2025-10-07,1,0,0,"드시기바랍니다.-이제용 | -제품 내 간혹 흑막이 발견될 수있으니이 | 어내라도 빨리 드시기 바랍니다.개봉시 뜨거운 국 | 주의사항.-비 냉장 보관 시 소비기한 이내에 변질될 우려기 | '논현로 508,GS 강남타위 19(여삼동) ·영업본부·서울트별시서 | 내면),폴리프로필레(용기)·제조원(유)에스제이에프경남 함안군 칠서면 | 식교환장조구입처 및 고객상담실·본제품은 공정거리위원회 고시 소비자 분 | 정보10 4kal | 트랜스지방0g포화지방 0g 0%레스터를5m 미만 2%단 | 영양총 내용량 360g | 나트 420mg 21%탄수화"
000386,7,2026-06-10,1,0,0,"기한 | 01:36 A02 | 2026.06.10 | 소비 | 2025.06-11 | 고회201860 | 틈없이신선하게! | 카카오 | 00 | 3 | 미 | 세후크지퍼백으로 | 영양그 | POP! | (국쌀,귀리 | 등일,호일,옥수수)의 | 5가지통곡을 | 5가지 통곡들로만든오곡볼 | 호박씨 | 아몬드 | 크랜베리 | 아몬드 | 새콤달콤크랜베리와고소한아몬드 | 베리아몬드 | 그랜베라로도 | 시리즈 | DONO"
000397,7,2026-02-19,1,0,0,"2026.02.19 16:16 | SH7 | 리를 확인하세요 | 유리재질이므로파손되어 다칠 위험이있 | 고활또는 보상가능·취습시용기가 | CJ더매켓 | 은입가는·소비자분장해결기준에의 | 고등어,우유게,새우,최고기,오징어, | ·부정·불량식품 신고는 국번없이 1399 | 기준이므로개인의 필요 열량에따라라를수있는 | 1일영양성분기준치에대한비()은2.00a | 단백질2g4% | 콜레스테를0mg0% | |트랜스지방0g포화지방0.503% | s2.1g4% | 560m28수1003 | 100g 65kcal | 총내용량6109 | 정보"
000416,7,2026-04-07,1,0,0,GO!~ | 그럼 말아보자 | 먹고 싶다고? | 더맛있게 | 소비기한
000448,7,2026-08-20,0,0,0,759043 | 2026.08.20 | 백음(%)은200) | 5mo0만 | 247% | 00 | 지방 48g 89% | 트랜스지방 | 포화지방 | 6g 40% | 나트름 10mng 19% | 탄수화물 | 당류 | 17g 5% | 영양정보
000450,7,2026-03-11,1,0,0,2 | .ORI | ME | HACCF | 카스테라 | 기한 | 2026.03.11/A | 소비 | 2025.09.12/13:18 | http://www.orionworld.com | (주)오리온 | rYou | 쌀카스테라
000503,7,2026-02-18,1,0,0,유탕면/110 g (495kcal) | 끓는물3분 | 8/801128”503488 | 26.02.18까지YF.F | 프로에이머페이커 | 왕뚜껑모델 | M | FAKER | 페이커도만나고 | ·먹고 | 뚜껑 | 왕 | 왕뜻껑 | KING OFLEGEND | EAT | 0 | PROVE | 색다른 즐거용팔도 | paldo | 2
000504,7,2026-02-28,0,0,0,",300 | 끓논물3분 | 26.02.28지 A 17 | 하페이커 | FAKER | 페이커도만나고 | KING OF LEGEND | ·먹고 | 왕뚜껑 | EAT | PROVE | 책다른좋거용광도 | alde | KING OF"
000604,7,2026-09-15,1,0,0,까지 | 8 | 1100 | 2026.19.15 Bi | ER | /wwlottewelfod.com | 롯데일푸프 | 수산 자 요금 부담) | ·고객지원센터 080-024-606 | 게따라다수요 | 필요열에
000648,7,2028-08-25,0,0,0,군 | B | xIA | LEO BR | → | 20260/E3 | 융h울 | Z | ()3uigh | (68 | 2 | X-UES Z02O
000662,7,2026-03-11,1,0,0,"8 | 까지 | 2026.03.11까지 | 소비기한 | 준이므로 개안의 필요 열량에 따라 다를수 | 영양성분 기준치에대 | 대한 비율(%)은 2.,0 | 안백질 | 3g | 레스테롤 | 1 mg | 과지방 | 15g | 09"
000744,7,2027-08-18,1,0,0,"부정 불량식품 신고는국번없이 1399 | 유정에의거교한또는 부상받으실수있습니다. | ·본제품은공정거래위원회고시소비자피해보상 | 속마개:HDPE | 뚜껑:PS | 소비기한2027.08.18까지 | 유리 | 반품및 교환 | 구입처 또는본사 | 포장재질 | 용기(유리), 뚜껑(PS), 속마개(HDPE) | 음용 | 희석해서 다양한 음료로드십시오. | 음용법 | 원액과 음용수를1:8또는기호에맞게 | 보관방법 | 실온보관,개봉후냉장보관 | 석산로 922-8/031-774-5714 | 제조원 | 슬로패밀리 경기도 양평군 단월면 | 원재료명 |"
000772,7,NONE-12-20,1,0,0,"100% Fresh Milk | 밀크 | 서울우유 | 후레쉬 | 기한 | 까 | 유통 | 47F5 | 12.20.10:07 | 88010338 | 각 | 8801033808913 | 8801121025710 | 1,600원 | 각1,400원 | 12 | 3개3,200원 | 고단 | 3개2,800원 | 고단백 | 12 | 62 | 두유초코190ml | 190ml | 고단박 | 정식품)고단백 | 매일)두유검은콩 | 교자 | 교차"
000817,7,2026-12-NONE,0,0,0,E2226 | 43.43 | Unabe]
000858,7,2021-10-28,0,0,0,o | 7:00 | LRO188 | 2021/10/28
000895,7,2021-06-02,1,0,0,피크닉청포도 | 까지 | 2021.06.02 | 23:45
000936,7,2021-10-19,0,0,0,8180100711097268 | 530 g(4인기준/7회분) | 2021.10.19 | 2021.01.20 | 다담 | 청국장 | CHEILJEDANG
000938,7,2022-06-11,0,0,0,"2022.06.11.09:49 | www.sempio,com | 8010051139982 | - | R"
000988,7,2021-12-28,1,0,0,L0T:0C184296 | EXP:DEC-28-2021 | 85 | MANGO | Net Wt: | Ouck set
001084,7,2021-07-09,1,0,0,OTHER | HACCP | 까지 | .09 | 20210 | 209 | Ulab | →
001116,7,2022-01-12,1,0,0,한병하B | 2022.01.12 까지
001128,7,2021-06-10,1,0,0,21.06.10#1 | teconf cakr | 까지 | 20.12.1123:04 | 부터 | 24-6060 | 안합산류 혼입 가능 | 안하고 | 보상 | HBFH | 813087% | 분 | 원재료명(스프) | 82025 | 내포장재질 | 460 kcal | 풀리에릴렌 | 원산지 | 48 80 8 | 싱가포르신 | 제조사를 | 소문업소명 | 수입및 | 식품유형 | 약합조미식 | 제명 | ( | 재 | 1983기일까지(연 월 일) | 19830308010293
001140,7,2021-02-28,0,0,0,"2% | 0% | 01 | 19% | 096% | 100 | 90 kca | 비기열 냉장주스 | ORANGE | 100%,8 | 2021,02,28 | 20:02"
001171,7,2022-01-18,0,0,0,쉬헤이줄넛 웨하스 미니 | FINUT CREME WAERS MIN | 22.01.18 | RSHEY'S | AUE
001183,7,2021-10-08,0,0,0,2021.10-08 | 03.29
001225,7,2022-06-27,1,1,0,"전면라별:PP | cj.co.kr | 고다사용후 드시여주 | 2C지:OTHER | 8/8010071166575 | √ | 1666-5471(문자) | PP | 은 | 080-850-1200 | 플라스틱 | 전수수성이한현상이으로안심하고도니다 | 고객행복센터 | -신을 하여실온보후장보오들수록이 | 정제소금대두분국산쌀가루종국 대두함유 | 이므로 개인의길요 에 따라다를수있습니다. | 미문앗매우해운앗 | 대한민국 매운맛정도 | 423 | 1일영양성분 기준치에대한비율을 0 | 국산)고추가루25 %고추:중국산),주정,대두. | 스터0 mg 0%"
001244,7,2023-12-31,1,0,0,"PESO LOUD (2,82 0z) | POIDS NET | 201474 | BBE | 31/12/2023 | NET WEIGHT | 80 GR. | PESO NETO"
001268,7,2022-09-05,1,0,0,"까지 | 2022.09.05 | 유통기한 | m0% 05 80%00g0%  | 17Be9 0kca | 영양정보 | 2 | ,난소화성일토택스트 | 원재료영 및 항량 | 리스리 시과산레온일스트린유당 | 080-542-6656(x8 | 소비자상담실 | /9728 | 제조원 | 19990372301-514 | 경록보고번호 | 플리에탈렌 | 30(3gX10개입)/0kca | 내용 | 고형차 | 직품유평 | 덕자입워터허니부쉬레온 | A"
001280,7,2022-10-09,1,0,0,WA02830585 EXP2022/10/09
001367,7,2021-09-29,0,0,0,"OTHER | E 37B | 1 | ERP. 29.09.2021 | MaudenCemamy | PROD, 29,0.2020"
001431,7,2021-08-19,0,0,0,"2A | 2L350232 | CHOCOLATE NAWHALOF | 4 | COMBINES THE FUL AND | CAUSE AT SAPORI WE BAKE | MOUE CRUNCHINESS OF THE | 4A | HONEY, FRESH BARN EGGS | NUGGETS JOINS FRESH | ANDS | AREWORKING: A SHOWER | CLASSIC OF TUSCAN | o | COoR"
001440,7,2021-09-03,1,0,0,제품 별도 | 유통기한 | (성수동2가) | 판매원 | 유통전문 | 주이마트서울시 | 제조원 | (취산들촌 전남 당양은 | 식품유형 | 과자(유처리제품) | 제품명 | 인절미스낵 | 내용링130 | 2021.09.03까지 | F1-A11:16 | 기자
001442,7,2021-06-24,0,0,0,"나시 | 2 | 1 | 2, 6401 v9 | 2 | 800 | 6 | 1800 | kcal) | 3 | 5 | 4 | 1000 | KO0 | 주의 | 1200 | 1400 | 조리벌가 | 뜨것운물 | 전자레인지 | E | LM | 영양 | CE NOODLE | 요 | 4오 | 얼큰한맛 | LC | 2 | 보 | 진 | C | No Brand | 2021.06.24 | 3782 | 3380-5678 | 8011851013391 | 제"
001504,7,2021-01-27,1,0,0,"118091551151269 | 8 | OTHER | 소명 및 소재지디에프무디쥐 경기도 평력시 포 | HACCP | 포장재질 | 용기:PS,리드필름 내면):PS | 유통기한 상단표시일까지(년/월/일 순) | 보관방법 냉장보관(O~10°C | 원재료명 파인애플 100%(필리핀산 | |신선편의식품 | 신품의 유형 | 품목보고번호|2008030922047 | 제품명: 스위티오 후레쉬컷 파인애플내응량:3209 | WEETNO PINEAPPL | 후""쉬컷 파인애플 | SWEETIO | 2021.01.27 C | 스위티오 | OTHER"
001646,7,2021-10-12,0,0,0,203수1 2
001676,7,2021-03-15,1,0,0,원재료명 | 포장재질(내면)물리프로필렌 | 후연기일까지 | 유통기한 | 보고번호20170370327-60 | - | 조리에 | 만수있4성가 | 를 다시 | 무면발요한 | 444 | 말요에 말요를 더아는 | 니다 | 비비고식장? | 2021.03.151N 15:26 A | 비비고찬의 신선한 약속 | 이지우침
001701,7,2021-10-27,0,0,0,8 | A2 | 21.10.27
001720,7,2021-03-11,1,0,0,ccm | 1789 | 작은쌈 | ARA | 1H9106g | 2009 | 와사비맛 | 입에쏙! | Csince 19s4 | 쌈쿠 | 하선정 | 새콤하게 만든 | 한식명가 | 신선한100%국산무로 | 21.03.11까지B
001731,7,2021-10-02,0,0,0, 1 | 2021.10.028 | 사이
001763,7,2021-12-23,1,0,0,"이미지사진 | 노브랜드의 이념과실천 | 220 g (1,090 Kcal) | N182 | 참께1.49%, 참깨향0.1% | 2021.12.23 | #간식#우유랑#참깨스틱 | #노브랜드#스마트컨슈머 #고소한 | Sesame Sticks | 참깨스틱 | 브랜드가 아니다.소비자다 | No Brand | KIE"
001767,7,2021-06-29,1,0,0,2021.06.29/ | 까지 | 25%더드 | 부터 | 2020.12.30/08:19 | 가격은 그대 | BWC | 21 | 10
001790,7,2021-01-16,1,0,0,까지 | 221.0.16 150GDI | 유통기한
001860,7,2022-07-06,0,0,0,700 | www fontsrastyle.com | E | 3 | EMA | 11 | E수을 | 100 g 당 900 kecal | m1g=108m) | 영양정보 | 내용량500 | 080-996-77 | 고격자원실 은 방가 부 | 신선항 유지해 | T
001896,7,2021-03-17,0,0,0,2021.03.17 | 이미지사진 | 90g 2개입무유10% | CUSTARD PUDDING | 커스터드 푸딩 | Le vita Dilizie | Mamolo | PEACOCK
001936,7,2021-12-21,1,0,0,18049731306488 | 22 | 211221 | (STBEFORE 뒤일/월/년순) | 성기한: 읽는 법BEST BEFORE: DD/MM/YY) | 문 가준치에 대한비울(%)은2000ca 가준므로개인의 필요 열량에 따라 다를 수 있습니다 | Omg 0% | 스터 | OTHER | 단백질 0g 0% | 트랜스지방 Og | 포화지방1.1g7% | 탄수화을41g 13% 당 40g40% | 180kca | 영양정보 | 불량식 신고는 국번 없이 1399 | 경형교환처? | 있습니다. | 직사광선을피하고서늘한곳보관 | 모장재질플리에릴렌 
001973,7,2023-03-15,0,0,0,0.5m | 0.18% | 1회용 | 점안액 | (히알루론산나트들) | 하메론S | 고등인공두액 무방부제 | 사용기관:2028.03.15 | 제종버훈:20006
002138,7,2021-06-29,0,0,0,진공포장 | HACCP | 진공포장으로신선함을유지해요! | 박시를디해고소한멸치부음이에요! | '국내산멸치를사용하여 신선하고아몬드와 | ANCHOVY | STIR-FRIED | 멸치볶음 | 조리예 | 2021.06.29 | 견과류 | 맛도영양도 | Homeplus
002144,7,2021-07-13,1,0,0,"소비자중실경일 | 까지 | 2021.07.13.A | HACCP | ccm | 분라거생 | 유통기한 | hto://www.jungoneshop.com | DAESANG 대상주식회사 | htp://ww,daesang.com | 2 | 880105210-7521 | 8고객상담실080-019-9119(수신자부담) | 가스레인지종류와불세기에따라조러시간이 달라질수 있습니다. | *조리/취식시 고온에 주의하세요 | ·부정:불량식품 신고는 국번 없이 1399 | ·반품 및 교환장소: 본사및 구 | ·손 제품은 소비자기본법에 의거 환 또는 보상 "
002147,7,2022-07-26,1,0,0,"유통기한 2022.07.26까지 AU | PET(용기)+PP(뚜껑) | 포장재질 | 아로니아주스송축해,해비움가 | 원재료명 | 크랙베리62%. 설탕,구연산 | 하단표기일까지 | 유통기한 | 경기로 성남시분당구 판교로 | 판매원 | (주)삼양사 |  기  | 소분원 | (은경기 | 명시가학로200 | 수입원 | (주)열매마을 | EAN SPRAY CRANE | 제조원 | 미국 | 원산지 | 내용량 50 | 당절임 | 식품유형 | 검종크랜베리루비 | 제품명"
002150,7,2021-03-31,1,0,0,까지 | 2021.03.31.F2 | 2 | 유기한: | 유리 | ocon | nacom | ccm | BAESANG I/-I9 | h | 82 | 당시품 신고는 국번없거 교 | 자 기본에 입게 에  |   에는 남장보관 |  가능 | AR | 1950449002348 | CHEE | 본생A울시 동대문구 | 3체대생(주)전 | be | to
002248,7,2021-09-07,1,0,0,단호박볼 | 까지 | 20 21.09.07 | 유통기한 | 남남 | J0785F08 | 아이밀 | 8OT1S5513
002303,7,2022-02-03,0,0,0,22.02.03FX | 생통연육74.38 % | 기타어가공을(비살균제품) | 24 9(8okca) | 매운맛 | Hot | Taste | FISH SNACK
002358,7,2021-10-10,1,0,0,2021.10.10 | 유통기한: 하단표기일까지 | 사: Akay Spices Pht LId | 원교환장소에보관처 | 고한곳에보관하여 지있 | 협유천열합신료건조제품
002382,7,2021-08-17,1,0,0,까지 | 2021. 08.17 | 유통기한 | 에은  | 번없이1399 | 를금하여 | 전제조하고 | 문사용한 과 | 신선함을 | 080-2193 | 장( | 1 | KASANEOSCO |  니롤스티드 피넷 | (7.0.2
002386,7,2019-08-18,1,0,0,"OTTHER | ACX | 비닐류 | 080-233-6677 | HACOP | 고개만록신 수신자요교부담 | 에따라 | 19.08.18 까지 A5 | 19.03-19 F2 16:43 | 0% | 방0g | % | kcal | 질소 | 전 포장을하였습니다. | 량609 | 진사광선및기찬,곳 | E2:2016023421 | 중목보고번호 | 문판매운"
002397,7,2022-01-25,1,0,0,까지 | DWORLD'SNO.: ORTS RAND | OUAKER
002423,7,2023-02-07,1,0,0,309258657316 | 2드지 :OTHER | 두쟁 | ∴pp | PE | podalimarket.co.kr | 2023.02.07 | MARKET | 유통기한:하단표기 | FOOD | 부정·불량식품 신고는 국번없이 1399 | 교환 효은 보상을 받을 수 있습니다 | 품은 공정거래위원회 고시 소비자 분쟁해결기준에 | 장재질:홍기PE우.뚜껑PP.리드지OTHER | 부소:경기도 남양주시 화도읍재재기로 26-31 | 전화 | 1588-2216 | 판매원 | (주)푸드올마켓 | 추소 | 경기도 광주시 초월읍 선동길 12-4 | 전화 |
002453,7,2021-12-22,0,0,0,원재료명 | o토기? | E
002477,7,2023-03-15,1,0,0,삼천당제약(주) | 사용기한:2023-03-15 | 제조번호:20006 | (히알루론산나트륨) 0.18% | 1회8 | V0705BI | 하메론-Sao
002515,7,2022-02-16,0,0,0,2022.02.16F2D | OTHER | 81809044 | 비닐류 |  신는이13 | 는이상이 없습니 | 십시오
002535,7,2021-12-04,0,0,0,"B(00-766654) | 2021,12,04"
002571,7,2021-05-07,1,0,0,0 300 kcal | 영양정보 | 2021.05.07까지 AA | 2021.01.08제 A
002616,7,2022-12-21,1,0,0,NETWR | PROO | 10134 | 2022.12.21까지 | KIMCHS | 그치 | 서울 | () | 여십시오 | L0(288)
002638,7,2022-11-01,1,0,0,"LATA | 단백4.29 | Omg | 화지방0 | 랜스지방0g | NERE | 36 | 지방Og | 0% | 49g | 40% | 단수화77g | 24% | 나8Omy | 4% | 총내용량당 | (42016-03645628) | 시신로 636.2 | 5 | 영양정보"" | )1.(02)2176-0324 | 이스() 서울시강구방자로 | 2022.11.01 |   | To GmbH | 제조사 | 100g(325kca) | 48 | 기한 -BEST BEFORE | 트 리사우어구미신디 | DMM CANDY | Trons | 1,980"
002647,7,2022-01-24,0,0,0,(을(%)은 21000kca 기준이미로 개인의 필요 열랑에 따각 대를 수 있습니다. | SSG.COM | OTHER | 식품의약품안전지 | 2%단백질3g | 5% | 포화지방8g | 14% | 53% | HACCP | 7% | 비닐류 | 트랜스지방g | 안전관리인증 | 2%지방14g | 26% | 2022.01.241N | 기준치이대한비를 | 총내용량당 | 1일영양정분 | 요거트분말0.45%암
002682,7,2021-09-10,0,0,0,0451034 | 보관 | LOPE | 23 | BRAKGRNR | 12021410 | A | T.031- | RIMNO OHEFSC | (5oKcal) | Y | 영양정보 | 제품명 | 10112 19:47 | 3By 10/09/21
002702,7,2022-12-16,1,0,0,까지 | 2022.12.16 | 유통기한 | 2100054 | 제조번호 | 2 | 탈닙다 | 이 | 후
002811,7,2023-01-13,1,0,0,WWW.NOKCHAWON.CO.KR | 까지 | 2023.01.13 | 유통기한 | 의거 교한 는 보상을 받으실 수 있습니다. | 복제품을 공정거래원원회 고시 소비자분장해결 기준에 | 하십시오 | ·직사광성 및 고온다습한 것을 피해 건생한 못에 보관 | 한 제품과 같은 체조시설에서 제조하고니다. | 부제품을 토마톡복중아을 사용 | 주의사항 | 부정-불량식품 신고는 국번없이1399 | ·본사:서울시서초구서초대로4길84 | 유통전문판매원 | 놀차원/쥐 | 금성들월55 | 제조원 | 단자연영농조합법인/경남 사천시 곤명면 | 2003060
002820,7,2021-11-19,1,0,0,"8809258657385 | PEV | www.toodallmarket.co.kr | 2021.11.19 | AIIMARKET. | 유동기한:하단표기일까지 | FOOD | 부정·불량식품 신고는 국번없이1399 | 의거 교환 또는 보상을받을 수 있습니다 | 본제품은공정거래위원회 고시소비자분쟁해결기준에 | 갑은사설에서 제조하고있습니다 | 이신두사우달고기최고기오정어조개합전을 사용한 저과 | ""이 제품은 난류(계랜 우유 메밀당콩 일고등어게 돼지고기복숭아토마토 대두. | 품목보고번호:20020336441-625 | 포장재질: | 용기PET."
002821,7,2021-11-19,0,0,0,58 | 88092586 | 2021.11.19 | 기 | AIMARKET | 부정·불량식를 신고는 국번없이 1399 | 2기 | 파프러겠시즈닝 | PAPRIKA SEASONING | 파프리카시즈닝 | 스위트액
002852,7,2021-08-02,0,0,0,L180 21708 | 02.08.21 | onsumare preferibimente entroi | Herence avant le /da ce | ksteR | and by:/Hergestelt in ler Schweiz durch | Made in Swit. | chiudere bene | aen relermerremtasre/Dopofuso | verschiessan. | Rece bag le y/Packung nach Gabrauch gut | peso notto | e500g | Nerwelght/Nettogewicht/p
002888,7,2021-07-15,0,0,0,(주)하림 | T0.0- | Chan Kiwi Drassin | 키위드레싱 | Chail | 2021.07.15 A | 4'500 | 4500 | 5800 | 토마토 미트볼(면시)
002911,7,2021-06-30,1,0,0,EXP:30/06/21 14:53 | PR0:02/11/20 307
002979,7,2020-07-20,1,0,0,20.87.20까지MBC | F | 도오n m | 무r우r오
002980,7,2021-12-17,0,0,0,inibuted by | OTHER | adle in Rrance | Ong 0% 단질7g 13% | 0% 트스지방 Og 포화지방 0g 0% | mg%수 2459 59% | 100g당 340kcal | 총내용량320g | 2021.1217 | 영양정보 | 있습49 | 통아용한과 같은 사에서 하고 | Good for Mother Earth. | 기준에의거수이하의 어린이 | YunnyEarth God for us. | 이  | SWETI | 복급합법: 직사금선을 피하고실온에서 보관 열려드시지 마십시요 | 구입처 또는 수입원 | 원산지프
003001,7,2021-12-05,0,0,0,쌀가공시품 선두기업 | 2021.12.05 | 09 | 0% | 100% | 1096 | 0% | 0% | 0% | 니다 | 157-7996
003017,7,2022-02-23,1,0,0,"V | 2022.02.23 | 1088-05/2004 | MS 1500 | 54561 | BAIK SEBELUM | BEST BEFORE | TEL: 604-4412231 FAX: 604-4412235 | 08000 SUNGAI PETANI, KEDAH, MALAYSIA | NO. 3, LORONG AYAM DIDIK, TAMAN RIA JAYA | COCON FOOD INDUSTRIES SDN. BHD. | ,ooo calories | utrient in a | DE IN MALAYSIA/BUATAN MALAYSIA/ | .0% "
003040,7,2021-03-01,1,0,0,2021.03.01까지 | lresh | KENIUCKLS | 정정원 | 켄터키소시지
003048,7,2021-04-07,0,0,0,DAMmi | LA2s1 | 07/04/2021
003064,7,2021-10-18,1,0,0,002  | EXP:202110/18 A6 | 120 | 허니버터 | HONEYBUTERAMND
003103,7,2022-03-29,1,0,0,2022.03.29 L31 까지 8180101381007 | OTVER | 유통기한 | 만들었들 낮암 없에는 당당 및 전자레인지를 이용하여 주십시오. | 만들어드싶수있습니다 | Cooking Recipe | (L인) | 포정재 | 물리아일렌 | 0m 05 0 3g 51 | 대두함유 | 들성유자요)레시틴 | 100G | B | LB | 영양정보 | 유동기한 | 2200-02-39 | 청불량식용 신고는 국번없이 139 | 20 0 | 250 | ALSTOHOCOATEPTELTD | 다크 컴파운드칩스읽
003119,7,2021-07-10,0,0,0,202107.10 | peach | tuchee
003223,7,2022-06-14,1,0,0,n.399 | LASAGNE | OVEN-READY | Barilla | 112436960CA)1329 | 2022/JUN/14 | BEST IFUSED BY
003265,7,2021-10-06,0,0,0,BPOM RI MD 235502282003 | ods Manufacture | LEPOMMLI | Berat Bersih/Net Weight: 1209 | Malkist Lapis Cokelat | BRAND | TOP | Malkist crackers | COPS | BB 2021.10.06 | MSW
003273,7,2021-05-03,0,0,0,0 30050 | 내용량 150 /589.5 kad | 범장재품 | 자연치즈·생치즈·무방부제 | 구워먹는치즈 | 125 | YOUNGJUN | 구드 | 구위먹는 | Chese | Farmhouse | Chese | Haloumi | 2021.053
003317,7,2022-02-07,1,0,0,2022 | BBE | BISKUV | SANDVIC | KREMAI | 2000 | Bifa
000002,8,2025-12-11,1,0,0,원주/2A1윤선학2106 | INCE 1963 | 2025.12.11 까지
000028,8,2026-02-10,0,0,0,통 | 렌 | 로 | 상고면 | 점는이 | ∞ | … | (성에세지 유기간:~25.3.31) | 지금바로 들어보세요 | 070-4567-5050 | 가나와 함께한 50년의 00기를 | GHANA행복사서항
000062,8,2026-05-26,1,0,0,까지 | 26.05.26 0446A | ZEC
000107,8,2025-12-25,1,0,0,"380 | 202512,.25 | 소비기한 | 당신이스마트천 | TOTL | 브랜드 | No Bra"
000112,8,2025-10-17,1,0,0,(대두99.99%) | E | 까지 | 25.10.171:10
000178,8,2026-06-25,1,0,0,"그bEE | 까지 | 맛있는약속 | 2026.06.25 | 부터 | 2025,09.26 | be | HACCP | 땅공신드"
000187,8,2028-02-05,0,0,0,N2 | L06T | 2028/02/05 | UF
000203,8,2026-07-01,1,0,0,"OTHER | 1의인 | HACCP | 안전관리인증 | 81801005/200257/ | 에따라 다를 수있습니다 | 준이므로 개인의 말 | 질79 13% | g포화지방0.758% | 297%당508% | 출내용로 180 150 Kcal | $에 | 개봉 | 온보관 | 섭 | 형 | 량식 | 뜨거우니안전사고에 우의니 아공 | 부정 | 능· | 토마토,아용 | 일기보법에의거내게새는 | 제품은소비 | 면-폴리프로필레 |  땅콩, 고들어,게,새 | 구입처·알류 | 구충무로2 포 | 곡면안현로358-7 | (주)/서울특 | 14-38,경북경"
000249,8,2026-02-16,1,0,0,"까지 | 07:36 A01 | 기한 | 부터 | 2026.02.16 | 2025-09.17 | hp:/www.orionworld.com | 오리르넥을인터넷에서만나 | 굴,홍합)혼입가능 | 지고기,오징어,게,고등어,조개류 | ·달갈,우우, 땅콩,호두, 복숭이되 | 복보고화201806030221 | 작재질 | 폴리에틸렌 | 함유 | 예두토마토,쇠고기,닭고기 | 구운천일염 | )볶음참께, | 시킨켓 인도네시아산,닭고기 | ""-!'지신맛 | 신,리"
000275,8,2026-04-23,1,0,0,"104I | 대한 비육(%)은 2,000 kcal | 5181 | 농심 | 콜레스테롤0mg 0% | 금부담 | 단백질4.4g 8% | 농심몰바로가기 | 트랜스지방09 포화지방69 40% | 여의대방로 112(신대방동) | 당류3.9g4% | 지방15g28% | ·본사:서울특별시 동작구 | 나트륨470 mg 24%탄수화물 54 g 17% | 376 kcal | 1391 | 영양정보 | 총내용759 | HACCP | 식품인전관리인증 | 안양2A22진혜원 2234 | 2026.04.23까지 | 하였습니다. | O1HER | 닐류 | ·신"
000299,8,2026-05-13,1,0,0,"성전분 옥수수전분,난백액,마늘 분리대두단백 약조가자 저제 | 변 | 기름(콩, 규소수지), 양파 소프로테스 엔 민스트 복류가공품2, | 콩 | 주전분,제일인산칼슘, 스테아린산칼습), 정제소글(중국산)], | 표도당,팽창제제(탄산수소나트륨 산성피로인산나트들 속루 | 산),혼합제제(피로인산나트륨,산성피로인산나트를,메타인산칼 | (밀:미국산, 캐나다산)],정제수, 곡류가공품 1[밀가루(밀:미국 | ()빵가루{밀가루(밀:외국산)), 보드람생(소)빵가루(밀가우 | 원재료명 돼지고기(지방일부사용/국산),기타가공품[고소한생 | CAMPUS/충청"
000348,8,2026-04-02,1,0,0,"2026.04.02 까IT! | 소비기한 | 기준이으로캐인의필요혈에따라다를수있습니다. | 검색어 | 바식한생선까스 | 1일영양성분기준치에대한비울(96)은2,000cal | www.lotteon.com 에서 | 단백질12g | 22% | (QR코드접속) | 콜레스테롤 | 31.8mg | 11% | 온라인 바로구 | 포화지방 | 3.5 | 23% | 트랜스저방/이 | 오창어, 조개류(굴,홍합,전복 포함 | 지방19.3g | 돼고기,쇠고기,닭고기,달갈,메 | 36% | 하시기바랍니다. | 당류 | 0.89g | 한번에 드시기 바랍니다. "
000349,8,2025-12-07,1,0,0,소비기한 | 2025.12.07까지 | OTHER | 88011141541991 | 소비자중심 | 비닐류 | HACCP | 안전관리인중 | 쉬림프카츠입니다 | 간편하게 완성되는 진짜전문점 방작 | 김보 | BIG | [unl2]
000401,8,2027-04-12,0,0,0,가 지→ | V19:35 | SPAM | SPAM
000417,8,2026-03-15,1,0,0,"GO!~ | 2026.03.15 | 그럼말아보자 | 먹고 싶다고? | 더맛있게 | 소비기한 | 2,480"
000429,8,2026-01-04,1,0,0,OTHER | 비널류 | 8 80051 | 한 | 72mg | 소비자상담실: 080-730-5336부정 | 보량식품 신고는 매39 | 022%08-730-536 | 이국산) 포장재질(내면) 폴리에틸렌 품목보고번호 | 19810415002415 | 비기한아래에표시된 일자까지원자료명 및 함량 커피 100% 커피트두 | 청주시 흥덕구 백봉로 72번길 | 데네슬레코리아 주식회사|충청북 | 저 | 품명 | 식품유형 커피 업소명 및소세재 | 테이스터스초이스마일드모키 | -NESCAFE01938— | RESPECTO | CUPOF | 이미지예
000470,8,2026-08-06,1,0,0,"후빨리드십시오 | 26.08.06D | C이하에서 직사 | 품이 고온에약하 | 8 | 8010621002542 | 삼키지않도록주하 | 고국번 없이1399 | 입상점및 | http://www.lotter | 법에의한 피해노장 | 고객지원센터 | 080-024-6060 | 갈고기혼입가능 | 20110484438 | 품목보고번호 | 승아,땅콩,닭고기,오 | 돼지고기두깔 | 들요 열행에 따라 다를 수 있습니다. | 치에 대한 비물(%)은 2,000 kcal | 청색소,유화제2종,블랙캐롯농축액 | 39 | 5% | 기농축액,오지농축액,분말한"
000479,8,2026-05-22,1,0,0,MARENCO | 까지 | REMIUM COOKIES | 2026.05.22 | EUROPEAN | 2 | COOKIES | ROLL TYPE | 소비기한 | W청우
000487,8,2027-12-11,0,0,0,
000489,8,2026-05-08,1,0,0,있으니 | 광선을피해 | 품 | 록 | 몰내소면 | .직사 | 을 | 때 | 8201025186319 | 종력 | OTHER | 목보고번호2001045055694 | 소금 | 제품명 오즈키친 포크키마 | 유형 즉석조리식품 | 403) | 시니주오 | 간700M | 1분0조 | 는이을등넣고문간대드싶시오 | 끝는물이음시 | Ru인지 700w이용시 | 까지 | KC | 드라이카레 | 콜레스테를45mg 15%단백질12g2 | 풍부하게 들어간 | 트랜스지방0.5g | 다진고기가 | 포화지방89 | 당류99 9% | 지방 16g30% | L를
000496,8,2027-03-05,1,0,0,"2027.03.05 | 소비기한: | 가변손되었나내용물다되었을경우드시빙 | 을수있으므로되도록리드시기바직사광선을피해실은보관하여주 | 두말갈.밀메밀을사용하는 제품과같은 제조에서 제조하고 있습니다.보래 | 본제품은공정거래위원회고시소비분쟁해결기의거교환또는보을수입습다 | 보고200018328-13품및 장소 구입  | 7,190 | 12.090"
000520,8,2026-09-15,1,0,0,2026.09.15 A1 | 까지 | 8E010620 | h/…ltewtiod.com | THER | (수신자 요금 부담) | 롯테웰푸드 | ·고객지원센터080-024-6060 | 0 | 수있습니 | 요열량에 따라다 | 둘스테를O mgO % | 단백질3.4! | 6% | 20m9 1% | 2g/12
000539,8,2027-08-11,1,0,0,"입윤(말레이시아산),팜스테 | 로코산),쿠민,웨두그릭 | 0.88% | 밀가루(밀:미국산/호주산) | 1.95%( | (인도산),코 | 밥 위에 없어내면 완성됩니다 | 카레라이스 | 고제가 완전 가지입어 하면서 있인다 | 늘골것고재료가완전히익을 때까지 끊입니다 | 조리방법 | 당근(개)80g,오기식유2(5)70m(3k) | 재료(4인분) | OTOKI BEKSE CURRY MEDIUM | 풍부한 향과 맛을 즐길 수 있는 카레입니다 | 로즈마리,월계수잎 | 허브를더해 | 맥세카레약간매운맛 | 오뚜기 백세카레는 강황함량을높니더거가하고 "
000634,8,2026-02-05,0,0,0,김유나 | B3 | 2026.02.05 | 없인
000641,8,2026-09-02,1,0,0,25% | 25% | 25%6 | 375 mE | 0.35 mg | 25$ | 0.3mg | 25% | 레스터 | 25% | TSE | 29 | 25% | 표화지방 | 079 | 트랜스지방 | 지방 | 09 | 당류 | 5% | 1.39 | 탄수화물 | 139 | 나트를 | 2% | 269 | 13% | 3098 | 110mg | 8%6 | 영양정보 | 우유를 부어드십시오 | 경장섭취량 | 섭취방법 | 까지B | 2026.09.02
000671,8,2026-03-31,1,0,0,htp:/w.orowordd.com | 장입니다. | 까지 | 2026.03.31/A | 부터 | 기한 | 2025.10.01/17:15 | 소비
000677,8,2027-08-17,1,0,0,800 kcal) | 노브랜 | N | 수 #열치국수 #비빔국수 | #스마트컨슈머 #한까식사 #폴깃한 맛 | e | 까지 | 2027.08.17 | 4분 | 조리
000709,8,2025-10-14,0,0,0,6-5471/문지 | 평의조리예 | MR1C | 25.10.14 | 가볍게즐기세요! | 오리엔탈 드 | 샐러드처럼 | 콩 | 내복한 | 모 | 세일제증
000716,8,2025-11-07,0,0,0,나트륨 | 72mg | 총내용량당 | 영양정보 | 2025/11/07 B1 | 먹어도 불했
000725,8,2026-04-16,1,0,0,26.04.16까지 | 09:20
000733,8,2026-03-24,1,0,0,모든 날이 빛날거마 | 2026.03.24까지 0244 B04
000748,8,2027-01-22,1,0,0,소비기한 | 2027.01.2214:25 | 8 | 고추장 | 100%태양초 | 우리쌀
000751,8,2025-05-08,1,0,0,11:05 | 까지 | 2025.05.08 | 한환경 | htos:/w.jungoneshoa.com | https://ww.daesang.com | 활용합시다. | OTHER | DAESANG | 080-019-9119(수신자요금부담) | 고객상담실 | 불량식품 신고는 국번없이 1399 | 으므르 츠 T ㅂ서
000775,8,2025-12-17,0,0,0,- | 0.117 | 880112103214
000825,8,2026-06-22,0,0,0,2026.0.22 172 | 흔들어드세요 | 3.300 | K00
000826,8,2026-06-22,0,0,0,2026.06.20 1734  | 흔들어드세요 | 3.400 | 5.7010
000847,8,2026-05-28,0,0,0,REAAPP | 비닐류 | 영양정보 총내용량 40g 190kcal | und vor Warme schutze . | OP J0453522 4 | 1653 28.05.2026
000889,8,2021-05-27,0,0,0,FRUIT BOWLS | Tropical | 트로피칼 | Dke | 100°Juice | BE5T B보 MAY 2P 2O21
000898,8,2025-05-19,1,0,0,8 | 100715010019681 | 250ml | 산도:6% | BEST | Best beforee: | 니 | ·기 | ·원기재질유리 | ·원산지이탈리아 | 무수아황산 함유 | nb
000932,8,2021-05-26,0,0,0,10:3F1 | 2021:05.36
000933,8,2021-05-26,0,0,0,
000937,8,2022-06-11,0,0,0,2022.06.11.09:49 | CXOHER | www.sempio.com | 일적의거과등보을수입다. | 8801005W1397621 | 1·:· | · |   | 080-- | 영행보 | 100g205 kcal | 총내용량 450g
001039,8,2021-12-28,1,0,0,EXP:2021.12.28 DFL F29
001046,8,2021-10-07,1,0,0,"07/10/2021 | 100000012926181 | 필요량에따라다 0니다 | 실에 대할비을()은 ,0cl | 18 % | 3% | 0mg | 80 % | 12g | PP | 반품 및교환장소:구입처 및수입원 | 0.2g | ·부정·불량식품신고는국번없이 139 | 52% | 교환 또는 보상받을수 있습니다. | 44 % | ·복제품은공정거래워원고시소비분정해결기준에의거 | g | 16 % | 제조하고있습니다 | 52g | 9 % | 본제품은계대두밀을사용한제품과같은제조시설 | 170mg | 기준치에대한비율 | 본관방법:직사광선을피해건조하"
001064,8,2022-01-04,1,1,0,2022.01.0418:26 | 유통기한 | 2022.01.05 18:26CA2 | 제조일자
001088,8,2022-06-14,0,0,0,2022. 06. 14
001148,8,2022-07-31,1,0,0,2022.07.31 | 유통기한(미개봉): | / | 20
001197,8,2021-10-10,0,0,0,ciate | 10 10 20로 | ery | Garudafood
001208,8,2020-08-18,1,0,0,록번호10-0567371호 | 81809419/870981 | 011399 | 설에서세조하고 있습니다 |  오이 2기 일 승아.고등어게 | 되어 있어 링 섭취시 설사를 일으 수 있습니다. | 기한 | 2020.08.18 까지 | HACCP | 이 하인 반점이 성길 수 있으나 인체에 무해합니다. | 승도가 낮으며 통풍이 잘 되는 곳에 보관하십시오. | 장받을 수 있습니다 | 고시 소비지문정기준에 의거 교한또 | 유정반.전과류등 | 200 c8  |  가으신들은위에 주의하시기 | 13% | 2%79 | 단백집19 | 0% | 0%0mg
001265,8,2022-06-NONE,1,0,0,172392136133 | BEST BY JUN 2022 | WL016711:21 | 8STICKS - NET WT 1.09 OZ (30.9 g) | to
001433,8,2021-09-29,1,0,0,까지 | 김미영 | 2021.09.29
001439,8,2021-09-03,1,0,0,200K | 봉복보고번호 | 포장재질 | (귀리 | 규쇠 | 원재료명 | 쌀(외국산) | 제품별도요 | 유통기한 | (성수동2가) | 판매원 | (주)이마트서울시 | 유통전문 | 제조원 | (주산들촌 전남 담양군 | 과자(유처리제품) | 식품유형 | 인절미스낵 | 제품명 | 내용량 | 130 | 2021.09.03까지 | F1.A11:16 | 과자
001464,8,2022-11-18,0,0,0,"13:57 | 2022.11.18 | 9,980"
001467,8,2020-11-03,0,0,0,1052 | 식형1내 0323 | 8 | 90T3 | 2L | 마생을발시킨주 | p | 분 | 발효숙성 및 건조 | 보이차의 제조공정 | 보이차 | 깊고 부드러움을 담다
001513,8,2018-05-16,0,0,0,"2018.05.16 | 관리 합니다 | 달백한구이, 요리에 | 있는 나 무상.이 | 국으리,아하하고이있을 | 하세요고사을 | 모요리에간을 맞때사용 | RESARU | 으로더있을수있니다. | 생만의 3단계 클리시스템 | 8005 이상) | 니다.(서 장로 | 싱시간 온도라리 시스템으로 | 한어용눈꽃구운소금은 | 일신습니다 | 않어를 눈곳이특별한 이유"
001545,8,2021-08-02,0,0,0,hama | ASUT | 2021.08.02E
001595,8,2021-12-13,1,0,0,O | 까지 | 2021.12.13 | 13:34A
001616,8,2021-12-15,1,0,0,8/8090021414691 | 14 | 2021.12.15 | 까지 | 정·량식품 신고는 국번없이 1399 | 에의거교환보는 보상을받으실수있습니다 | 은 동정거래위원회 고시 소비자분쟁 해결 | 구입처및 판매원 | 은 일성후 냉장보관을 권합니다 | 건고추(국산)100% | 증가루(보통고가 | 면 경대로 323번길 203-1 | 품목보번호20060582008
001635,8,2021-12-22,1,0,0,8 | 8011171142704 | 까지 | 2021.12.22/2F | 부터 | 2020-12-23.05:32 | **오리온 | 유통기한
001639,8,2021-02-28,1,0,0,Nestié. | OTHER | ACCP | 92423657 | 267:23 | 유통기한 | /1981015025 |   | (공16기2) | (플로로경산) | 4 | 리수지 | 72mg | 폴리페놀 | 플리페놀이 얼마나 들어 있나요? | 초이스 마일드 모카한잔에는 | 0시 | 소지 | 유의원성식 | Nestle. | 업소명및 | 식품유형 | EOAB스 스ME | 품명
001640,8,2021-02-28,0,0,0,"07 | 236 | 9242365, | 28 | 2021 | 20-5204 | 72mg | 리능 | 리이 일n  ? | Vests |  E"
001704,8,2021-07-16,1,0,0,"냉장가공치 10 9(600Kcal10매입) | 우유칼슘2.3% | *보존료무참가 | 12:07 B | 까지 | 2021.07.16 | ,a | 칼슘왕지즈 | 보로로 | 가좋아하는"
001714,8,2021-09-08,0,0,0,chrante pfed inplom | Kowaren.trocken lagem/Koalen droog | 21 | 08 | Minimaini trvanlivost do: | nminste houdbaar tot
001749,8,2019-07-03,0,0,0,대두99.019(국산) | 380g(99kcal) | 제품명:행복한동 손맛실린고소한두부 | 국산콩 | 그등급 | 하  니다 | 고소한두부 | 손맛살린 | CHEILEDANG | 콩 | 행복한
001798,8,2021-10-10,0,0,0,"14.1109 | 브랜드가아니다.조비지다 | No Brand"" | ZXF:2021/1014 | #바삭 #처즈 #스틱 #웨이퍼롤 | |115 g(560 kcal)|치즈분말 0.54% | #노브랜드#스마트컨슈머#달 | 보랜드의이념과실천 | N875 | 치즈 웨이퍼롤 | 인도네시아산(O | WAFERROLL"
001802,8,2021-05-03,1,0,0,/Bast fore | prelereacia antes de/ | /Cocsumir de p | Best belore/ | REES | 05.08.2021 | 621519/090419
001887,8,2023-08-22,1,0,0,고용-:81099 | 48 509 | 만나보세요! | 인스타그램에서 | 제품과이벤트를 | Dole의 다양한 | ×0 | BBE 2023 08 22 | KPHCJ | 20235
001900,8,2021-11-29,0,0,0,HT | 2A | BENOU 29 2021
001935,8,2022-03-29,0,0,0,67905 | 808258 | 8 | 5% | 39 | 2980% | S | 73 | 00 | 2022.03.29 | 9235 | 2 | 6$ | 02- | A | NERSHEVS
001992,8,2021-12-28,0,0,0,롯데스기치기피 | 21.12.28 | A2 | 180만 | 20mg | 1% | 롯대제과 | 138 | 7% | 080-024-605 | 87% | 80.28 | 고객지원 | 에득 추이하세요 | 엑는 | 28% | 21408 | 110% |  36cng | 43% | 18% | 7ookcal | 용내용랑1578 | 스카처4다 | 내포장재질리에 | 원재료명 | 에
002080,8,2021-01-03,1,0,0,2021.01.03까지 | Brazil nuts | 브라질너트 | 매일 매일 행기는 건강한 습관 | 이미지컷
002226,8,2023-03-03,0,0,0,"fo | awberry | MEXICO | useus | HERORE | op | organic P | TOMEARIH | 0o | 콜레스테롤Omg 0% | 트랜스지방 | 지방0g 0% | ops | 탄수화물 | 나트륨Omg 0% | 사과농축액0.03%(고형분항량66%)블랙커련트농축액0.02%고형분항량66%) | lly wrapped | 및향량 | 원료명 | 유기농사당수수설팅57.8%,유기농현미시령38.6%구연산산도조절제2.5% | 영양정보 | 제품명 | 증번호:제99800109호 | 유기농블루베리맛막대사당[천연향료블루베리항0.5%"
002242,8,2022-03-13,1,0,0,까지 | 8808024 1023850 | 2022.03.13 | 유통기한 |  을 준이로 개의 요  다를수있니 | ·별 받게 판패는 삼가 주십시오 | 콜레스테롤0mg0%단백질0g0% | 구입처 및 판매원에서교환 하십시오 | 지방 0g0%트랜스지방 0g 포화지방0qg0% | ·유통과정 중 내용물이 되없을경우섭취하지 마시고 | 나트름 5mg 0%탄수화물1q 미만0%당류 0q0% | 있으므로 주의해 주십시오 | 1개(1.1 g)당4 kcal | 영양정보 | ·제품 개봉이나 섭취시포장제에의해상처를입을수 | 총내용량 33 g(1.1 g × 
002246,8,2021-07-22,1,0,0,고소함과 부드러움이뛰어난— | 드빈치버터 | de Vinch | Butter | deVinch | 드빈치 | 남양 | Enjoy the Quality | 기한 | 까지 | 2021.07.22 | 유통 | $
002351,8,2021-09-13,1,0,0,미만 1% | 100g당 370kcal | 당류18g | 18% | 물질 별 가자 동 공청에 | 탄수화물53g | 16% | 총 내용량500g | 2.5% | 나트륨 50mg | 지2 | 기준치에한바을 | 영양정보 | 100g당 | 1일 영양성분 | 하이고 의 아누 있니다 | 10098 | 님 | Red pepperp | 우리의땅고츠가 | 국내에서 재배한 | 실수 있도록 만들었습니다. | CCP인증을 받아 안전하게 | 산물배상책임보험가입 | 0억원 | 기를 뺀 후지퍼를닫고 직사광신 피하여 서늘한곳에 보관하시고 남은 제품은밀봉하여 보
002426,8,2021-01-18,1,0,0,2021.01.18까지 | KR700e-A | 따라다를 수있니가요 | OTHER | 20kca기이은개학 빌효()은 | 2.0영 기처에 대한비울(%)은 | 비닐류 | 136% | 15mg | 비타민E | 33% | 4mg | 철분 | 34% | 240mg | 칼습 | 품목보고번호 | 700 mg | 20% | 2008033846 | 칼름 | 21g | 38% | 포장재질 | 단백질 | 저밀도폴리에널린니면 | Omg | 0% | 콜레스테를 | 4g | 27% | 포화지방 | 원재료명및험량 | 0g | 트랜스지방 | 내용량 | 50g |
002455,8,2023-02-NONE,1,0,0,4 | 009077072589 | Inhalt: | 1802 0745 | L303189 | 양정보 | 영양정보 | 02.2023 | 292kc | BLRUT | 선지디일 | A DICSODANCmEH | 원재표명 | 75292kca | 유통기한 | 시시의 | 소재지 | 201 10지2551 | 및 | 제영오이합플래식 | 0 | 70) | Fett | Em- | Energie | RePertlon
002480,8,2022-07-NONE,0,0,0,2022.07 | 제조B | E2 ICHD
002494,8,2022-02-10,0,0,0,810 | 228 | 011810) | 109 | 10.02.2022 | 2231 | 10.08/202 | Bears | BEBETO
002622,8,2023-12-21,0,0,0,Menny | 2023.12.21 | LOT 122120 | This is the | MHEASCO
002636,8,2022-10-09,1,0,0,MANUTACTURED BY: | www.sweel | Sweet | e | 03 0 293 316 | 09.10.2022 | m | Best before / Lot.Nr: | 영양정보 | /2A | '보고 | <0.29 | 429 | 61g | groten | 799 | ROLL BERCASA- | hereo sugar | n0a | carbabydrotes | 1HB41009 (333k | 0.09 | 유디류 | 제명 트플리 키스 | 337 kcal | fat | eremivaluo | NUYRITIO IFORMAION
002659,8,2022-06-11,1,0,0,"2022.06.11까지 | 유통기한(Y/M/D): | 8809159350118 | 있습니다. | * 친환경 봉지 사용으로 인하어 접면에 오입이 입부 배어나을 수 | 거꾸로 들면 뜨거운 오일이 효를 수도 있습니다 | 갖 휘긴 집른은 매우뜨거우으로조심하여 취금하시고,봉제를 | [주의사항] | 열립니다 | 열려 있는 부분을 대각선으로 당기시면손쉽게 봉지가 | 3.조심해서 봉지를꺼낸 후얼굴에서 멀리하여 봉지의 | 튀겨지면렌지를 끄십시요 | 2.연속적으로 론이 뒤겨진후,1~2초간격으로록 | 튀깁니다 | 아래로 오게 놓고,렌지성능에 따라 1분"
002688,8,2021-06-11,1,1,0,"4120296 | Production date/BEST BEFORE /Lo1 | 153521 | 20345540 | EC | 32011602 | 11.06.2021 | PL | 5 | 11.09.2020 | Singapore 619491. | ces Pte Ltd, 47 Jalan Buroh #09-( | Singapore: DKSH Marketing Se | Global City, Taguig City, Phiippl | The Trade and Financial Tower, | 150ge | Unenholt Philipines "
002734,8,2022-02-04,0,0,0,A주의:손이 | |베일스 | 있으니 | 2022.02. | 04NE
002741,8,2021-12-18,1,0,0,Product of Thallin | row.lslingheleadh | : ett | EXP 2021.12.18 A |  00% | BEST BEFORE | 4 | 2 | 210 | 구 | 0.03% | 5% | 94.97% | Gu Th
002750,8,2022-06-15,1,0,0,"3.969% | 30G | 러아몬드 | 2 | 담음 | Hotssl | 2022.06.15까지E25 | SINCE 1986 | W1,000"
002767,8,2021-12-01,1,0,0,"910280987537 | TimTam | W 0246 B 18:04 | #01/12×2021 | ARNOTTS | A CONSOMMER AVANT | DD MMYY | BEST BEFORE | OTHE WORLD | ARNOTT'S""AUST"
002804,8,2021-04-19,1,0,0,XSNS! | 2021.04.19 13:3 | 까지 | 유동기한
002807,8,2021-12-29,0,0,0,대한제분(주) | 1818 | 부침반죽및요리방법 | 수제비·칼국수·만두·부침 등가정요리용 | 중력다목적용 | 곰표밀가루 | 20:56 최인로 | 2021.12.29P4
002906,8,2021-05-19,1,0,0,8B치<0:3 | 금음럼1일1오까지
002965,8,2022-09-03,1,0,0,200에는다. | 180-200 | 3급기 | TIP | 2 | 10반 | 1-2. | 조리법 | 2509.021m | 필요한 재료 | 250 | 우유식빵 만들기! | 2022.09.03 | 이스트로맛있는 | 유통기한
003056,8,2021-03-06,1,0,0,"9-8056 | 25 mg | 콜레스테홀 | 포화지방4.89 | -246525 080-855-5525 | 트랜스지방 0g | 량식품신고 | 정 | 지방28g | 구입처보관방법 | 당139 | 있습니다.반품 | 탄수화를209 | 거래워고시소비자분생해질 기에 | 나460mg | 1일영양성문기준지에다 | 포함)혼입가능성있을제품은공정 | 용내용량당 | 3701 | 읽고기최고기오정어조개( 전책, | 총 내용량1 | 영양정보 | 우돼지고기,복승아,마로,아황산류,것 | 리일,우유,메일..일고등어계 | F1-20070355264-461 3:201"
003122,8,2021-09-15,1,0,0,W0 | Poids net: 125g | 2029127000005 | 033-119005778 0002 | 15.06.2021 | EXF | PRCI | 2020 | 1 | 6500! | A consumir de preferéncia antes de: | 판매가 | Consumir preferentemente antes del/ | FR | Best before | A consommer de préférence avant le/
003125,8,2021-03-07,0,0,0,19:42F1 | 2021.03.07
003162,8,2021-09-20,0,0,0,2021.0.20 | 유기농 아로니아 동결건조분말(국산) 1.3% | 40g (160 kcal) | puff | ARONIA | organic | 97
003173,8,2022-05-NONE,1,0,0,LO134 | 05/2022 | BEST BEFORE END: | GIA | ® | AVO
003210,8,2022-12-02,1,0,0,283 | T.2 | EXP:2022/12/02 | OTHER | 완성 | 수주라 파고 중이죽을 | 880100507 | 비닐류 | 1간이다이스 | 새 | 인의 대활 (입)200 | KcaD울하분? | 친에 대향 비(%)270% | 27 % | 1일 영양성분? | 0% | 단백질15g | 0% | 플레스테를09 | 포화지방00 | 5% | 트랜스지방00 | 0% | 지방2.59 | 63% | 09 | 1% | 탄수화들205g | 나15mg | 900a | 총내용량2509 | 영양정보
003224,8,2021-08-21,1,0,0,2021.08.21까지 | 2020.08.22부터 | PP | 리드·알루미늄 | 쉬링크:OPS | 강황추충성분 | 들함유 | /잔소리졸 | 함유 | V/자일리를 | - | 부드러운 | 큐브컴 | HPC 017288 | 자일리톨 53%
003268,8,2022-05-05,1,0,0,"CEVCC | A0.t | NET:18ge(0630) 18:1 | 0,21 | 8698701013843 | zSat/So/=( | en/Prote ehege | 2 | sietme KaytNoTR-34-K-37016 | bre/RoR Uu | 45 | 50,3 | Doyp | T2222 | PN/Lgt NO: | 30.9 | 31020 | 516/2155 | TETT/BBE: | EUT CKOLATA VE SEKERLEME SA | 05/05/2022 | ATLAGO; TAPERTEK | 100g | OT/PD | ENERGY 8 "
3351,8,2025-12-10,0,0,0,L | 단가정 | 2 | : | • | 08시 | . | 양념순살닭강정 | 품명 | enjoy
000072,9,2026-04-25,1,0,0,09:24 | :PP | 까지 | OTHER | 2026.04.25 | 플라스틱 | 소비기한 | DN2 | 8 | 801045176338 | 고객상담살080-2-3수자부) | 참~0이보관하고얼지않도록 주의하 | 개인의 필요 열량에 따라다를수있습니다. | 공성을 피해을한곳에보관개통후에는 | 콜레스테롤15mg 5%단백질1g 2% | 혼입가능·소비자기본법에따라피해보상 | ·일토마토우유되지고기고기조개류굴 | 트랜스지방09 | 포화지방 4.6g 31% | 충북 음성군 대소면 대품산단로128 | 당류22g 22%지방 19g 35% | 주식회사
000075,9,2026-01-06,1,0,0,11:18 | 2026.01.06 | 소비기한 | 클레스테를10 mg 3 % | 단백질192% | 트랜스지방09 | 포화지방4.49 29% | 당류22 g 22% | 지방31957% | 나트륨700 mg 35% | 탄수화물26g8% | 100 g 당 385 kcal | 영양정보 | F124 | 총 내용량 320 g | 성 활양식품 신고는 국번없이 13999
000121,9,2027-04-13,0,0,0,"2027.04.13 | No Brand는 모두이마트의상표입니다 | MoBrand | 809580 | 861504 | 기 에다 | 비닐류 | 전물 | 아,메밀,대두 | 이 | 있을 | 은난 | 이물질이아니의화 | |실온 | 옹 | 하십신 | 원재료에 의한 | 항 | 리하고,개봉한 차는 | 제조원 | 가도화성시 | 나익 | 양감면 정문'송 | 송산로160-21 | 031 | 1)375-678 | 마 | 0 | 402380-5678"
000132,9,2026-08-21,0,0,0,"2026,08.21 | CORN NUTS BAR | NoBrand | SCHA GDLD"
000157,9,2027-07-08,0,0,0,1904
000201,9,2027-03-30,1,0,0,"됐지고기미 | 실횟살 오뚜기 | 제조원 | 폴리에틸레 | 포장재질 | 분표고버섯에가관분 | 들분 | 본,체다치즈파 | 조미 | 토미 | 해 | 설 | 로 | E | 덱스 | 델 | 상단 표시일까 | 쌀가루 | 20010445055809소비기한 | 원료명 | 품목보고번호 | 카레 | 유형 | 다음밥 위에없어내면완성됩니다 | 2 약하게한후비밀카를 조금씩넣어 충분히 풀면서 | 오투기카레 약매운맛 기준 | 잘붉은다음불을고재료가환전히익을때지깊입 | '김활 4.1%증광으로더풍부하 건강하게 | 지발 30% 감량으로 부담없이더 가습게 | 조리방법"
000208,9,2026-04-13,1,0,0,4.13.2026/B-V | HOT | (MONTH.DAY. YEAR) | CURRY | bueFood | BEST IFUSED BY | JAVAC | St
000226,9,2027-03-15,0,0,0,"갈비,불고기 | 맛술 | 고기를 부드럽게! | 고기 요리는 미림 3큰술로 | 가지 | 27.03 15 19:231 | 2950 | 2개L | 2개5 | 5c"
000253,9,2026-06-20,0,0,0,11:27B | 전관리인증 | 2026.06.20 | 내일영양실 | 습니다a | 긴족철에 엘람에따라 | 기준치에 대할비를 | 수있습니다 | 단질5.69 | 은2.000kcl | 콩 | 10% | 플레스테를 | 5.mg미 | 1% | 포화지방 | 6 | 40% | 트랜스지방 | 09 | 지방159 | 28% | 당류49 | 탄수화를 | 41.6 | 나트륨 | 26% | 510mg | okcal | 8659
000266,9,2025-12-04,0,0,0,"건어류/세아64.8%,마라스4%/내용 30g | 2025.12.04까F지 | NACCP | 안전관리인증 | 명 | 취향저격! | KTPDIER"
000305,9,2026-02-24,1,0,0,교환자 | 9번길115-84 | 원재료명 | 푸짐하게 | --을 제도때화상에주의하세요 | 알록달록고명까지듬 | -주 | 물사용시 | 끝는 물사용시(원떡/2인분기준) | 진할양짓육수와갖은야채를 | 양지 & 야채육수사용 | 부드러운양지살을가득 | -동 | 2mm두께로 앞게 썰어 | 직전가열시(원팩/2인는 기준) | 양지를가득 | 조리방법 | ·엄선한 원재료로 깊고 진한 풍미 | 까지 | :: | 1: | ·· | 소비기한:
000316,9,2027-03-01,1,0,0,"국수,떡등을넣어서 조리하면 | 기호에따라소금,후추김계 | 간을좋아하는분들은 물양을 조절해도 좋습니다. | 조리방법 | 까지 | 16:37 3-1 | 2027.03.01 | 소비기한"
000323,9,2025-12-21,1,1,0,% | 개 1개 | 소비기한 | 디핑소스 | 미깨 | 2025.12.21 | 까지 | 2025.09.22부터 | 제조일자: | 개봉방법 | 들기름깊 | 항반 | HUS | 새콤한맛 | 앞반 | 초밥
000328,9,2025-12-25,1,0,0,밀 함유 | 억/중 | 문 | (/서 | 불 | 2025.12.25까지 | 5 | Pickled Radish Arid Burdock | 우영절임 | 치자단무지와 | TODAX | GOO | 동은
000345,9,2026-04-09,1,0,0,충분히가열하여드세요 | 직접가열조리 | 해동된 제품을개봉하여냄비나 뚝배기에 부은후 | 12시간이내로해동해주세요 | 해동방법 | 개봉하지않은상태로흐르는물에1~2시간담 | 삼원가든한우맑은설렁탕을 맛있게 즐 | Director | 홍정훈 | KAVIAR PRODUCT TEAM | Devel | 캐비아는 전문 RMR (Restaurant Meal Replacement)플랫폼으로 | KAVIAR PRODUCT NO.173 | 2026.04.09까지 | 소비기한
000350,9,2027-05-15,1,0,0,"라벨:PP | 뚜평:LDPE | 8004123/017466 | 무색페트 | SUNFLOM | EROIL | 콜레스테롤Omg | 0% | 단백질0g 0% | 지방91g 169 | % | 트랜스지방0g | 포화지방9g | 60 | % | 나륨0mg 0% | 탄수화물0g 0%당류0g | 영양정보 | 100ml당 820 kca | 총내용량1,000m | L5135 IN1C | 2027/05/15 | 자용:직사광선을 피하고 서늘한 곳에서 보관하십시오. | 해결김측에 인격번이 1399- 보시중의 | 해 | 팔매에겨고을 비 사상을 받을 수니다주"
000412,9,2026-01-19,1,0,0,"까지 | 2026.1,19 | 소비기한 | ·부정·불량식품 신고는 국번 없이 1399 | 있습니다. | 해결기준에 의거 교환 또는 보상받을 수 | ·본 제품은 공정거래위원회 고시 소비자분쟁 | 바랍니다. | 개봉 후에는 냉장 또는 냉동보관 하시기 | ·직사광선을 피해 서늘한 곳에 보관하시고 | 보관방법 | 으로생산됩니다 | ·HACCP인증 받은 제조시설에서 위생적 | ·100% 경북 영양 건고추만을 가공합니다. | 제품의 특징 | 요리할 수 있는 스틱 고츠가루 | 언제어디서나 간편하게 | 신선한경북영양고추를담아 | 쉽고 깔끔하게 톡"
000436,9,2026-02-12,0,0,0,은박이개봉됩니다 | 16:5 | 뚜껑회전시내부 | 226.12.1 | BHo
000438,9,2026-02-19,0,0,0,126.82.18파지188:56 | 1통제
000443,9,2026-04-06,1,0,0,서보관하십시오 | OTHER | HACCA | 매일유업(주) | A | 비타민C 15mg | 칼슘105mg | 단백질19 | 콜레스테롤Omg | 포화지방09 | 장소만매원및구입처 | 트랜스지방0g | 지방09 | 당류5g | (에스디씨전라남도담양군담양을에코길11-9 | 탄수화물22g | 비타인C | 나트륨 10mg | 총내용량당 | 보관방법실온보관 | 기준치에 | 재질(내면) 플리프로필렌 | 1일영일 | 품목보고번호20060515035126 | 소비기한 후면 상단표시일까지 | 90 kca | 영양정보 | 제품명 요미요미 유기농 쌀과
000482,9,2026-11-14,0,0,0,"영양정보 | 4889350340 kca | 에스) 스/랑육수분일 4 정제소수(국신)천일업 | 4).전문(일전분호주선),혼합제제1(변성전분,덕스트린]타피오카전분 | F2:농업회사법인(주백제 제 2공장/ 중남 통성군 광천읍 담산길 30 | F농업회사법인(위벽제/충남 홍성군 광천을 오서길 2097 | 제품명|파공당연설 | 93.5g(만80g,스13.5g/340kcal) | 2 | 을 | <조리방법> | 4분OK | 조리예 | 끓는물에 | V=m | 수건파5.80 | 14판렌 | 2026 | FRIEN | NC | 1541-4449국수사귀"
000497,9,2026-08-31,0,0,0,26 ·08 31카지E
000589,9,2026-04-02,1,0,0,2026.04.02 M10-28 LEO | OTHER | 801207 | 8 | 120599 | 비닐류 | 표면에 하은것이므로 안심하고 드십시오. |  도에 가하가 을수아니다 | 있습 | 아실하센은도와 가공이장에 따라 | 안심하세요! | 해결기 | ·본제 | 같은사 | ·본제품 | 초 | 소비기한 | 10 | 고객센터 | 반품 및 교 | 보관방법 | 조리예 | 가하의해나 | 제조원 | 100%
000668,9,2026-04-30,1,0,0,A5203270510 | 2026.4.30 | 영 | 소비기한 | noe
000714,9,2026-03-12,1,0,0,"12.3.2026 | 소비기한 (일, 월, 년) | KF"
000728,9,2026-06-24,0,0,0,2026.06.24
000767,9,2026-03-12,0,0,0,- | CoSO
000818,9,2026-05-12,0,0,0,9 | 43
000828,9,NONE-12-21,0,0,0,공무상은 거후일반쓰기로바 | 25 | 상전화080-02-005 | slon Aavored Nalk
000829,9,2026-03-20,0,0,0,"16:48:46 34 | 2026.03.20 | 은제조설에서 제조하고 있습니다 | 간 제품과 같 | 메밀 | ,땅콩, | 토 | 복숭아 | 대두, | 높 | 팽창 | 손상 | L | 빨리 | 시7"
000848,9,2026-05-21,0,0,0,1A8KBBNHX | 05 202
000886,9,2021-07-09,1,0,0,8804433100120 | 까지 | 금407.099 | 유봉기한 | HACCP | SSG.COM | 0 OA
000906,9,2022-01-NONE,1,0,0,BP.1.5102 | EXP:01.2022 | UBM
000924,9,NONE-02-02,1,0,0,대한민국최고등급! | GT | 우유 | 맛있는 | 우유 | 100%1등급! | 맛있는 우유GT | 남양 | 까지→ | 유통기한 | 천안신 | 18:17.M0 | 02.02.
000925,9,NONE-02-02,1,0,0,최고등급! | 대한민국 | 맛있는 | 우유 | 1A | 100%1급 | 맛있는 우유GT | 까지 | 유통기한 | 천안신 | 13=17.M0 | 02.02
000970,9,2022-06-30,0,0,0,"ALE EUKOPA 14, SENAGO (MII. | MA:MBONATI 59, MILANO (ITALY). | 13:05 | uibn e avant fin | L157828 | oirv-nte entro fine: | 2022/06/30 | de | racutto | 162 a e 00 0    | A |    e Et |   | 2re-L10Z | 2 | 습니다 | 61.63 | vatlen. | 00 0%32 5% | omal | 43 | 100 | 458 | - | 영양정보 | 14 | a | 내용량 | 3 | 69 | te"
001037,9,2021-03-18,1,0,0,오징어 할0 | SQUID | 구운오징어채 | 1001 | 2021.03.18까지 | 옹징어
001123,9,2021-10-09,1,0,0,"09-10-2021 402 L0283 | 라다름수있습니다 | 트레이 | 8 | 1801062632275 | http://www.Jotteconf.co.kr | PP | 수신자요금부담 | 080-024-6060 | 14g93% | 라사 | 고객지원센터 | 48g 48% | 55kcal | 250g | 수 있으나,인체에 무해하니 드셔도 괜찮습니다. | 에서 제조·유통충 초콜릿 표면이 녹아 하얀 반점이 생길 | 상품개별코드 | ·부정,불량식품 신고는 국번없이 1399-이 제품은 대투 | Sall/Zout/ Sel/Natrium/Sale/"
001124,9,2021-10-09,0,0,0,09-10-2021 /02 L0283 | -OVR | 8 | 080-024-6060 | 010영일병32275 | cal | 08 | 상품개별코드 | N.V | 4 | 22기에산 | ) | 09 | 50(1.30a)이236% | etootan | SEASCOO | 3 | ssmam | aom | t | Ech GuytanCoor | EachGu Ccolaesmdwt
001170,9,2022-01-18,1,0,0,허쉬헤이즐넷웨하스미니 | AZELNUT CREME WAFERS MINI | 22.01.18 | 까지 | ERSHEY'S | 상기 사진은 이미지 것 입니다
001246,9,2022-01-19,1,0,0,"8801117109202 | http://www.orionworld.com | 시고기함유 | 00 | 밀, 달걀, | 성향료,카라멜색소) | 2.0.15A | 까지 | 기한 | 료,카카오추출물),혼합제제(합 | 21.11.20816 | 부터 | 유통 | 크팬,합성향료,혼합제제(합성향 | 치즈분말,유화제,언하이드로밀 | 코코아분말1, 코코아분말2),백설탕, 전란액, 물엿, 가공연유, 산도조절제 2총, 식염, | 이시아산),초코칩(백설탕, 식물성유지말레이시아산,코코아프리퍼레이션 프랑스산 | 영양강화밀가루(밀 미국산,호주산), 쇼트닝(우"
001254,9,2019-09-13,1,0,0,매일두유 99.89 | 드시기 전 충분히 흔들어 주세요 | 새로운캡 | 까지 | 1
001273,9,2022-06-17,1,1,0,8 | 1719189 | Lot No:117 | 17/06/2022 | BEST BEFORE | &co | JOUY | Net Wt: | Consumirpreferentemente antes de/Da consumarsi preferbilmenteentroil: | Bast fore:/ Minimalnftrvanlivost dos/Minimálna trvanlivost do: | Salt/Zout/ Salz/Sel/Sol/ Salt/Sil/Sol/Sal/Sale: | Aconsommer d peférence avant l/Njlep
001393,9,2022-07-14,1,1,0,COMPAGNIAALIMENTARE ITALIANA S.p.a. | by | Product packed | 17 fl oz (500ml) √ | Bestif use by:sek L20196 N.0660 | 14.1UL.2022 | 영영 | Prduc m | 48176110110 | ona2000 | Do not store in refrigerator. | Protel | Keep away from light and heat sources. | Total ote 0g 0% | toits nommal state at room tempe
001397,9,2022-11-01,1,0,0,"2022.n01 | 20T | 품질유지기한 | 무표백제 티백에 담았습니다 | 산보리차 | 구수한 100% 국내산 유기농 보리를 | 크유기농 | 정성스럽게 고르고,볶아서 부드럽고"
001432,9,2021-09-29,1,0,0,까지김미영 | 2021.09.29
001481,9,NONE-01-31,1,0,0,01.31까지08:52 | 2농인증요거1905 | 1314% | 1814% | 요거트 | me60 kcal | 피코크유기농인증 | 1-88900g | S | 6 | 4.980 | 2.98r
001494,9,2023-08-17,0,0,0,Sale /Salz/Salt | Proteine/ Eweis / Prui a | 1 | 8 | of which sugan | davon zucker | di cui zucchen | of which Sarurated | davon Geuttige fetsauren | di cui acidi grass satun | Grassi/Fett/Fat | Energia/ Brennwert/En_ | 12813 | AVERAGE NUTRTIONA DECIARATON | DURCHSCHNITTLICHE AHEWEAT | E | DICHIARAZ
001525,9,2021-06-25,1,0,0,"http://www.nongshil | 여의대방로11 | 아산A23지연희 1227 | 농심 | 2021.06-25까지 | 1일영일성 기지에 대한를 | 49 | 단백질29 | 03 | 의신선도 유지를 위해 질소층전포장을 하였습니다. | 레스Omg | 지방2.79 18% |  원전정지의 전과(원, 가.유동)이 | HACCP | 트랜스지방 0g | 153 | HACCP마크란? | 지방89 | 20 | 당2.19 | 6 | 탄수화을199 | 수미감자주요산지 | 나130 m0 | 수민칩 | 기 | 309당 | 영양정 | 충남 | 0 | 경북"
001570,9,2021-11-30,0,0,0,21.11.30 A1
001675,9,2021-03-15,1,0,0,"OTHER | 아황산 | 원재료명 | 폴리프로필렌 | 포장재질(내면) | 후면표기일까지 | 유통기한 | 20170370327-60 | 품목보고번호 | 식품의 유형 조림류(살균제품) | 방법복허:10-1768741,10-1641413 | 조리예 | 깔끔한 감칠맛을 구현했습니다 | 안심할수 있는 4됐첨가 | 발효장 | 비비고만의 특허""_가술로 김고 | 메주를더해한번더소시키는 | 한식 | 두번 발효한 맛장백젓에 | 그직어채 | 양념 | 촉축한 | 믿을수있는A | 정성의깊은맛한식발효장 | 발효에발효를더하는 | 해찬들고추장과백설올리고당으로매"
001691,9,2020-08-16,1,0,0,"rp.com | nes | : City 6014 | any | lal eorp. | 5111229 | BEST BEFORE: | 2020.08-16 | RE | (AS PRESERVATIVE) | INORONUTNSUGAR, SODIUM METABISULFITE | INGREDIENTS: | Dietary Fiber | 25 9 | 309 | Total Carbohydrate | 300g | 3759 | Sodium | Less than | 2,400 mg | 2,400m | Cholesterol | Less than | 300mg"
001835,9,2022-07-12,0,0,0,
001840,9,2021-09-30,1,0,0,"2021.09.30까지A | ·부정불량식품 신고-국번업이1399 | 교환하시기바랍니다 | 경우드시지 마시고 구입처에서 | 변형평장 손상되었거나내용물이 | 기급적 빠른시일내에드시기비를 | 보관하시기바라며개봉후에는 | ·보관및취급방법:직사광신을 | ·벤품및교환장소:구입저및 | 기준에 의거교환및환불받 | 제품은 공정거래위원 | 40 | 20050415020206 | 8기리이털레프트 | 올레오레진시컴,파라우서 | no | 잔단경,로즈마리분달008 | 올리고 | 하단표시일)"
001866,9,2021-09-17,0,0,0,2021.09.17 L1
001895,9,2021-03-17,0,0,0,이미지사진 | 2021.03.17 | 90gx2개입 |우유10% | CUSTARD PUDDING | 커스터드 푸딩 | La vita Diliziosa | 마몰로 | Mamolo | PEACOCK
001906,9,2021-09-03,0,0,0,03.09.2021 | 03.09.2020 | 2032221/372 | 슈레드치즈
001944,9,2023-09-29,1,0,0,BEST EFORE-2023-09-8/285
001947,9,2022-08-10,1,0,0,Www.de | mported | FOOd | LId | Manufactured | Product of Blue Sp | Lot No: | LOT:BE/NCCS-100820: 10-B05 | Manutactuinidate | RF6:10 AU6 2020 | préférence avant le: | EXP:10 AU6 2022 | A consommer de | Best before · | alsapack | Net weight 300g / 549kcal
002037,9,2020-08-22,1,0,0,BEST BY 20.08.22
002101,9,2021-09-17,1,0,0,2021.09.17 | 유통기한 | 릿가공/42 B(215kcal) | 0.47X
002108,9,2020-09-01,1,0,0,EXP:01 | 09 2020 | CH3371 | 2국번없이1399 | 가할수 있습니다 | 중하 보드시통정보관하시고패론시일내에 | 0.12=9 | 080-512-7300 | 1% | 96 mg | 0.75 | 29 | 레스 | 14% | :수입저 및수입원 | 600mg | 10mg | 4% | 109 | 259 | 3% | 트랜스지방 | SKA SPZO.O | 70mg | 09 | 15 | 169 | 3.70 | 수 | 059 | 19 | T3 | 우유함유 | 239 | 19 | 1조리당 | 0% | 105 59 | 19 | 55 
002121,9,2020-07-20,1,0,0,CHOICE | CHOICE FOR US | 까지IO1 F1 | 2020.07.20
002133,9,2021-10-04,0,0,0,IMIEN | FROA16T-2 | 04/10/21
002167,9,2021-05-28,0,0,0,광동 | 221.052
002209,9,2022-05-31,1,0,0,3801005*54154 | EXPE12205.31
002224,9,2022-09-14,1,0,0,2022.09.14 | 유통기한 | No
002231,9,2022-07-21,0,0,0,2022.07.21
002245,9,2021-05-21,0,0,0,Madamefoik | BEWAARMID | BRETON | Daysan
002289,9,2021-12-18,0,0,0,"로센 조니크로커 초코 | CHOCO | ROCKE | JOHNNY | ROSHEN | w2,000 | 18.12.2021"
002366,9,2020-10-01,0,0,0,11091037 | 01-10-2020
002378,9,2022-12-21,1,0,0,"유동기한 | -2022.12.21 | ·소비자상당실1080-438-10014신1요 | HACC | 서서교화비드립 | ·용은 새자가법에이한 소다 분성에의거교한 또는 보상을 받을 수 있습니다. | 건냉한 곳에 보관하십시오.·부정 불량식품 시고는 국번없이 199 | ·보관상 주의사항 실은 보관하시금 치는 직산선과 습기를 피하고 되도록 | 내포장재질 플리에틸렌 | 취고량 200m | 품목보고번호19750 | 펄프 | 판매원쌍계명차수 | 제조원 농업회 | 새료성 | 지감자(국산),굴(국신),발 | 명|읽은 순한 대지감자치 식품유형 침출차 |"
002406,9,2021-11-01,0,0,0,2021.11.01
002464,9,2022-05-NONE,1,0,0,뚜영:PP | (B)54859 | EXP 05/2022 | HOPE | 18JubileeAveWarriewoodNSW2102 | PharmaCare Laboratories Pty Ltd. | 영양·기능정보
002473,9,2021-03-16,1,0,0,"동일함·동급판정일 별도 | 의하지기 바랍니다.·로트 | 배가있을 수 있으너 드실 | 기가충분히익을정도 | 사용(인체에 무해하나 실용 불가) | 11399방습 | 있습니다.부정 불량 식품 신고는 | 중에의거교환또 | ""L | 분제품은 공정거래위원회 고시 소비자분쟁 | 장소:구입처및 | 심시오·소비자 상담실:080-259-2000(수신자요금부 | 보관하시고까능 | 주의하사고개봉한 제품은 변질될 우려가 있으니반드 | 통중포장지가 | 면- 플리프로필렌), 흡습포(외면-폴리에틸렌) 유통기한 별도표 | 상단필 | 95품목보고번호F1:19980"
002506,9,2021-08-08,1,0,0,"고구마 말랭이 | 이미지시진 | FOOD | HACCP | DRIED | EASY OPEN /RESEALABLE | 유통기한2021.08,08 까지"
002714,9,2021-10-22,1,0,0,12:15 | EXPIRE DATE: 22/10/2021 | H이플미니쿠ㅋ | 메이플시립 0.83%전연(이)0.647
002746,9,2022-01-08,1,0,0,"L5N 6L4,캐나다 | MISSISSAUGA, ONTARIO, | ROAD NORTH, | 7333 MISSISSAUGA | GLAXOSMITHKLINE INC, | 전공정위탁제조(제조자): | 영국 | UXBRIDGE, UB11 1BT, | STOCKLEY PARK WEST, | BRIDGE ROAD, | UK LIMITED, 1-3 IRON | :GLAXOSMITHKLINE | 전공정위탁제조(제조의뢰자) | 제조자 | 일련번호 | 3ERFA4BREZ | 제조번호 | BU2A | 사용기한 | 2022.01.08 | 8806500"
002748,9,2022-11-12,1,1,0,//nedruamfdr nn kr의‘의약품 검색'란 참조 | 를 의약품과 함께 보관하십시오 | 기한 | (01)08806980026021 | 을 사용하기 전에 사용자께서는 설명서를 주의 깊게 읽으시고 | 사용 | 2022.11.12 | 을 구입하였을 때는 구입처를 통하여 교환하여 드립니다. | 사를 필한 제품입니다.만약 변질 변패 또는 오염되거나 손상된 | 번호 | 19027 | 들은 우수의약품 제조 및 품질관리기준(KGMP)에 따라 엄격한 | 제조 | (21)19B13512404 | 1]080-640-0088 | 더유제약 경기도 
002831,9,2022-05-21,0,0,0,SHAKE WIL BEFORE USE | ssioulail | S TEAR ALING DOTEDE
002849,9,2021-08-15,1,0,0,"보정거 받을수 있습니 | ·반품 및 교환장소:본사 및구입처 | P581803447-1001331 | 서늘한 곳에 보관하여 주십시오. | ·사용하신후에는 밀봉하여 건조하고 | ·용기재질:PS | 2021.08.15 | ·유통기한 | 까지 | 브라질,우크라이나등) | (043)877-7500 | 곡류가공품5%(옥수수/외국산:호주 | TEL:(02)429-8888 | ·원료 및 함량:흑후추95%(베트남산)충복 음성군대소면 산내로 147-31 | 영흥식품(주) | ·식품의유형:향신료 조제품 | 향신료 전문업체 | ·제품명:후추가루 | •제"
002869,9,2021-08-04,0,0,0,4화상주의 | N926 | A | 조리방법 | 8 | 1700mg | 6 | 1800 | 800 | 5 | 34 | 1600 | 1000 | 1200 1400 | 35s kcai | LEBIT | 190 | 영양정보 | MALA NOODLE | 고X | 1897g 8 a | 0000 | 2분 | 2021.08.0 | 브랜드가 아니다. | No Bra
002874,9,2021-04-11,1,0,0,2021.04.11 | 09136118508151 | 28.34 | 164 | 4 | 영양정보 | T84858 | ·은소분장해기에의거또는 보상을받을수앗다 | OIHER | ·부청불량 축산을 신고른 국번없이 1399 | ·도위해수가 들어있대 먹지 효 | 영2동가하우스디비 | 의 | -7385 | 유통기한 | 후면하표기일까 | 반품 및 교환구입처 및(주코 | 보관방법0~10C에서 냉장보관 | 품록보고번호(200262009 | 포장재질폴리에틸렌(내면) | Bianca | deee  | 2:1 | =201 | 2.1 | 2.1 | 21
002903,9,2020-07-22,0,0,0,2 | () | 국 | 8트라이스 | 122u20.072 | ALNONTD | SLICED
002929,9,2022-09-27,0,0,0,2022.09.27 | 더해줍니다. | 또한 허브티가우러나는 모습을 직접 확인 할 수 있어 보는 즐거움을 | 있습니다. | 투이보스 | 125년전통의세계적인차브랜드립톤 | Lupton
002984,9,2021-05-01,0,0,0,2021.05.01 | 247
003060,9,2021-10-04,1,0,0,2021.70.04까지 | 3009 | 유산균 | 유산크광
003113,9,2021-03-28,0,0,0,29 96 | 기e:20213 | 가렐라 | 99% | COR
003129,9,2022-08-25,0,0,0,AN | 2022.08.25 | 트라 | 8.980 | 8.980
003151,9,2021-12-10,0,0,0,베스터 | H스 | 자1898 | 83 | B수 | 나Om | T00ml  | 100 | 영양정보 | 2021.12-10
003152,9,2021-06-30,1,0,0,"HACCP | 영양성분 기준지에 대한 | 트랜스지방09포화지방8 g 53% | 당류1.8 g 2%지방 23 g 43% | 345.kcal | 영양정보 | 총내용량609 | 아산B25박순옥 1337 | 2021.06.30까지 | 8 | 8010431005814 | 해질소충전포장을 하였습니다. | ·신선도유지를 | OTHER | ·반품브사및 | 입한곳 | ·부정-량식품시고는국번없이 1399 | 소비자콘법에이거 교환,환불해드립니다. | 안심하고 셔도됩니다 | 개봉후바로드시오 | 품육보고번 | 모정재질 | 8기e | 매기일까지 | 모테토츠"
003175,9,2021-03-18,1,0,0,2021.03.18까지
003188,9,2022-01-17,0,0,0,22 | 2022.01.17 | 라면사리가를어 | ··
003194,9,2021-07-13,1,0,0,냉장보 | )-10°C | 간편하게 즐겨 | U면사 | Imuone | 21.07.13까지 A17.2 | 매로담를해요 | 순한맛 | 1단계
003202,9,2021-10-NONE,1,0,0,EXP 102021 | LDT 93042
003243,9,2021-07-NONE,1,0,0,"MADE IN ITALY | 26 | Novi Ligure (AL)Strada Serravalle,73 | 7-2 | ELAH·DUFOURS.p.A. | Sale/Sel/Salt/Sal | mente antes del fn de: | 0,15g | Proteine / Proteines / Protein / Proteinas | Best before end / Consumir preferente- | 9.0g | A consommer de preference avant fin/ | Zuccheri/ Sucres /Sugars /Azü"
003291,9,2022-12-22,0,0,0,VONO | 감시프 | 콘스프 | 2022.12.22/P
003340,9,2022-09-29,1,0,0,- | 22:17 | 273 | 0000582504 | 22 | 29/9EP/202 | P | preferibilmente entro il . Best for· Najlepiej SpozyPrzed: | A consommer de préférence avant le · Da consumarsi | houdbaar tot · Consumir preferentemente antes del | Best Before · Mindestens haltbar bis . Ten minste | 701771103452 | Te in foglie •
3347,9,2027-09-01,1,0,0,EXP 010927 | FRD 010925
3350,9,2025-12-10,1,0,0,"• | 0.20 | 품목보고번호:20000347052-3048 | 880111801237221010 | 소김핵널2켜1지장시 | 품명 | 소비긴한년월,일시간까지 | 참고소한제육덮방"
000012,10,2026-03-23,1,0,0,까지 | 2026-03-23 | 소비기한: | 8 | 1정·불량 식륨인 | 18094131882164 | rcushion | OTHER | HACCI | 안전관리인 | 매H공 | ARLEY HARDT
000021,10,2025-10-10,1,0,0,다25.10.10까지A신재명 | 부담은
000066,10,2026-08-17,0,0,0,STICKS | 중량:18g | 20 | STICKS | 커피원두 | STICKS | 20 | 0 | 0 | 모카골드 | 블랙스틱커피 | Max | 컵피만 들어있는 | AMERICANO BI | Mocha Gold | AMERICANO BLACK | Gold Mild | Mocha | Max | Maxim. | 피만 들어있어요 | 2026.08.17 00:31인천A/P | 커피만 들어있어요 | n.
000085,10,2026-03-30,1,0,0,까지 | 8 180100 | 2026.09.30 81 | http://www.lottewellfood.cm | (수신자 요금 부담) | 6060 | ·고객자원센터 080-024 | 단백3.496 | 콜레스테를0mg 0% | 당알309 지방0g0% | 수화O | 총내용당5 | 20me1% | O | 길 | 야 | 4 | O | 듯 | 하
000091,10,2027-05-22,0,0,0,2027.05.22 10:35진천 | 초코 | 녹색인증 | 레티 | 제티 | 내내 | 제주례본차 | 스테비아
000106,10,NONE-10-20,0,0,0,2.580 | 이미지사 | 450gl | a | O' | 61.740 | #스마트컨슈머 | 농후박 | #이마트 | 항무첨가 | #요거 | ei | ugas | YOGURT | Dlain | 만이 스마트 컨슈머가 되는 길 | 브랜드가이  | ㅅ비자다 | NO | Brand
000125,10,2026-04-07,0,0,0,"2026.04.07까1지1 | cal) | 풀/ | 82%,"
000163,10,2026-11-20,1,0,0,2026. 11.20까지 | 보관시지퍼를이용하세요 | 뜯는곳
000164,10,2026-04-27,0,0,0,0 | 개 | 는길 | 가다 | 2026.04.27#지 | TM | 보관시 지퍼를 이용하세요
000170,10,2026-09-07,0,0,0,제장한기 | 2026.09.07 | sEellsoreo8ll
000198,10,2026-05-08,1,0,0,"조리드 | 채로 | 6863181 | 포장재질 | ,돼지고기 | OTHER | 소비기한 | ·대두.밀,토마토,쇠고 | 비널류 | 소금 | 유형 즉석조리 | 오즈키친 포크키마 | 제품명 | 40초 | 는물에제품을 봉지 넣고 3분간데워드십시오 | HO0OW | 끓는물이용시 | PU 70wW이용시 | 까지 | KC | 필요 열량이따라 다를주 있습니다. | 양성분 기준친에 대한 비율(%)은 2.000kca 기준이므로 | 진한맛 | 드라이카레 | [스테롤45mg 15% 단백질12g 22% | 고기의와일드하고 | 풍부하게들어간 | 향신료와 |"
000202,10,2027-02-06,1,0,0,까지 | 있·는·3·분·요·리 | 0544 | 2027.02.06 | S1 | 삼천짜장 | 2·1 | 2+1 | 2+1 | 최고기씨성
000289,10,2030-07-23,0,0,0,4:u43P205 | Ena0.0z.2
000302,10,2026-03-15,0,0,0,고메 | Urispu | SSA3 | 2026.03.15까제
000353,10,2026-03-08,1,0,0,"리프로필런 | 품목보고번호 | 200004430 | 3 | , 대두,밀,닭고기,쇠고기 함유 | , | 크핵결화일동실아수친합이 | 골란 | 제취원일식품/중청북도 친청군 집천을 로 20-6 | 제품) | 소비기한후면 상단표시일까지 | 1로을아이재료를넣어드시면더맛있습니다. | 타만들기 | 2026.03.08 L1 | 은반없아엔소한요용동협을제공합니다. | 은바쁜일상에소핑만들은편안하겠하고싶은 | 까스 보나타 파스타소스 | 운크림밋 ![콤함을 동신에"
000355,10,2028-06-17,0,0,0,228:06.1717
000357,10,2027-08-11,0,0,0,OTHER | 2027.08.11 조민수 | dr.sajo.co.kr | SAJO | -900-6133 | 사조대림 | 고객 | 자요금부담 | 골업영향성분기준치에 대한 | 조리예 | 비울%은2 | 수있습니다. | 잘스테를73mg | 사피해를한알이면 | 24% | 단백질 11 g 19 % | 기 국)로만들어 | 자방0.891% | 트랜스지방09 | 포화지방0.79 4% | ? | 영양정보 | 총 내용량 80 g | 130 kcal | 니다 | (다.) | 2 | 음의않조 | 이미지사진 | 해물 | 한 | 번호 | 1155983 | 2
000364,10,2026-06-04,1,0,0,재료의 맛을 제대로 | 타피개대비 | 시간 | 함유 | 20% 단축 | 열처리시간 | 출물 | 자사개선방식 | L-글루 | 자사기존방식 | 건표고 | 온도 | 야채혼 | 수라차돌된장찌개가맛있는이유 | 된장A | 차돌양 | .com | 마 마·미4까지 | 하남산 | 소비기한 | 60g | Don gwon | 부대게 | 차들원장제
000369,10,2027-06-25,1,0,0,3 | 분·요·리 | 까지 | 134 | 런짜장 | S1 2027. | 사어
000414,10,2026-04-07,1,0,0,2026.04.07까지
000427,10,2027-04-01,0,0,0,2027.04.01  | 원조의 맛과향 | 1.82 | 따라할수없는 | 참치액 | 한라 | 2
000431,10,2026-03-17,1,0,0,40783657 | 2026.03.17 | 23:33 | 88010551 | 1780266 | 줄인 디카페인 커피 | Dstiue byLoE-NestlKreaCo.Ltd. | eqisteted | dtrademark. Used under license. | 0-730-5336·NESCAFE Isa | 1009 | 없이 1399·소비자상담실 | 에 의한 피해보상 부정 불량식품 | 소하고서늘한곳에보관 질소충전 | 이제(내면)·품목보고번호 19810415( | 100%)  표장재질:용기-유리뚜껑-P | 새료명 및 함량 커피 100% (커
000454,10,2025-07-15,0,0,0,"신 원로 만을 수 있니다 | 재래김(국산) 48.4 %, 들기름 9.7 % | 봉 | 김원산지 국산 | 60 g(420 kcal) 조미김 | 3 | SINCE 19 | 조리에 | 맛이산다 | 재료가살아야 | 양반철학 | Roasted GIM with Perilla Oil | 2018년 1월–2023년 4월 | 들기름김 | 양반김 | NO. | 좋은원초에들기름향이그윽한 | 대한민국 | 양반 | Dongwon | 제조2025.07.15 | 012026.0114"
000459,10,2026-01-19,1,0,0,"*부정-불량식품 신고는 국번업이 1399 | 방1970ng0단895% | 아니므로 드시지 마십시오""제품중 일부 경은점은 쌀눈의 일부분이므로 안심하고드십시오. | 당류2g2%지방 21g4%트렌스지방0g | 알큼에감하신분은 섭취에주의를주시기비립니다.""먹에 동봉된탈산제인에무해하나 식용이 | 나트름1720mg 86% 탄수화물 89 26% | 또는 보상받을수있습니다본제품은 식품을 주정이 포합되어있어떡 개통시약간의넘새가나며 | 영양정보총내용량163g 390 kcal | 같은제조시설에서제조하고있습니다이 제품은 공정거래워원 고시 소비자분쟁해결기준"
000469,10,2026-07-21,1,0,0,"2026.17.21 | 소비기한 | 88094021810352 | 294- | N | - | 영양정보 |  수 | Piekup byyourtaste  | setenmorethan periect | Eventhing inl pack | your thirst! | thaniy cold coke to quench | And there's othing etiter | lce Greain: | essette wit onut and | Sandich, Burger ed Hot dog"
000493,10,2026-06-17,1,0,0,까지 | 2026.06.17 | 2486 | 소기한: | 80105 | 8 | OTHER | R OAESANG | 비닐류 | HACCF | 소비자중 | 국번없이1399 | 학반출 교한장소:고객상담실 및 구입처 | (Soup) | Ome | (Steamed Eggs) | 제유검널광식품신고은 | 계란점 | 팔리사용하십시오메 | 관지색상이 절어지거나 | 서항공에 에는 가 | (Rice Balls) | (Rice Soup) | (Udon Noodiles) | 주먹밥 | 개인의 알요 혈량에 지아 다을 수있습니다. | 우동 | 스5mg2%단백
000506,10,2026-06-18,0,0,0,"C2024,The Nielser | TCompany. | 마지 | 151 | 과자유처리제 | 2026:06:18.C1 | 2025.06.19 | 부터 | 이미지예 | 우리들의 | 인야기 | ㅇ을 | 간생 | 3 | 가자! | 굴모하고 | 함께하는 | 즐거움 | 커피와 | HAITAI | 흐태"
000533,10,2026-03-26,1,0,0,8180104511662305 | B161 | 2302 | 까지 | 2026.03.26 | 1140mg | 나트륨평균함량은 | 유탕면류(비국물형) | 나트륨 함량 비교표시 | Omg | 8 | 1100mg | 2000mg | 800 | 6 | 3 | 1800 | 1000 | 4 | 5 | 1600 | 1200 | 1400 | OTHER | 식품의익품안전처 | HACCP | 비닐류 | 다있다! | 안전관리인증 | moll엔 | 옹뚜기 | (수신자요금부담) | 고객상담실:080-088-1212 | 유의 | 보곤 | 쉬우므로 | 벌레나 
000534,10,2027-01-29,0,0,0,ILnI
000646,10,2027-01-15,0,0,0,15/01/2027 | Honey | irapefrui | No Brand | No Br
000659,10,2026-08-24,1,0,0,중심 | 소비자 | HACCP | 안전관리인증 | MADEI | IN | KOREA | 804433 | 103688 | 까지 | 2026.08.24 | SWEEI! | Flavor | ’
000667,10,2026-06-22,1,0,0,맛있는 약속 | 까지 | 2026.06.22 | 부터 | 2025.09.23 | 식품의약품인전처 | HACCP
000670,10,2026-06-24,1,0,0,까지 | 부터
000686,10,2026-10-12,1,1,0,"반품 및 교환처:구입처 및 제조원 | 2025.10.032025.10.12 까지 | 제조일자 | 소비기한 | 8 | 809148117 | 1일 영양성분 기준치에 대한 비을(%)은 2,000kcal기준이므로 | 콜레스테를 | 40mg 13% | 단백 | 지방4.9g9% | 트랜스지방 0g | 나트륨 | 600mg30% | 탄수화물 | 영양정보 | -조리방법:중간불에서 가열 조리 후 섭취 | 우려가 있으니 섭취 시 주의하시기 바랍니다.-실조"
000700,10,2025-10-24,1,0,0,| | 2025.10.24까지.F3 | 0뚝
000735,10,2027-01-12,1,0,0,"02-6747-2300 | 있습니다.고장소·마아도 만 | HACOP | 은소비자는 소ㅂ자 | ·부정,광식품 신고는 국번없이1399 | 페트 | 고육의 성물으로안심하고 드셔도좋습니다. | ·보관중침전이생길수있나알로스 | 있니, 사용후잘아두껑을닫아주세요 | ·입구 부분에 내용물이군으면 잘 안열릴 수 | 사용 후 뚜껑을 닫아 서늘한 곳에 보관하세요. | 개봉 후 벌레 등이들어가 오염될 수 있으므로 | 2027.01-12.H | 플리에틸렌테레프탈레이트,뚜껑-폴리프로필렌 | 비을배당체,나한과추출분말(중국산)·포장재질·응기- | ·원료명,액상"
000757,10,NONE-10-22,1,0,0,원유 | 바나나 | 1등급 | 춘식이우유 | Youus | 여는곳 | 까지 | U3JE1 | 소비기한 | 10.22 F1 | 2+1 | 12 | 2+
000793,10,2026-05-06,0,0,0,A | 2o1 | 언스위트 | 흔들어드세요 | 2026.05.06 | F2 K 03:53 | 1+1 | oe | H울우요 | Cafe Latie | 2+1 | FaniMa Latte
000823,10,2027-02-23,1,0,0,031316.01.P | L25 351 | 2027/02/23 | BBD(YY/MM/DD): | *프랑스 Retail 제빵시장 출처 2021IRI 프랑스 | 3125654011003347 | that uses wil | our in-house sta | thanks to our perfe | for longer and are sti | our Brioche kee | Using our classic Fr
000854,10,2026-09-04,1,0,0,2026.09.04: A-1 | 까지 | 기한 | 2025.11.05/15:11 | 부터 | 소비 | 180111712823011 | 인증한 식품에만표기하는 마크입니다 | 식약처에서위생적이고 안전하다고 | HACCP | HACCP 마크란? | 식품안전관리인증
000890,10,2021-04-05,1,0,0,N'CREME | CUOKIES | 허쉬초콜릿드링크 | 허쉬 127 주년 한정기획팩 | 드세요 | 흔들어 | 까지 | 2021.04.05 | 10:56 | F
000902,10,2021-11-01,0,0,0,"10 | ot gop m | lodn agn | f | L210273 1 | iston | os  | www.misara.cm | 01/11/2021 | hothasetw | Oortun lpactugs ontett | DD/MMYYY | / | ""AOAC200907"
001007,10,2022-06-29,0,0,0,0 | 2022.06.29 | 2020.12.30 | 8'801161-501687 | 영양정보 | 210kal
001026,10,2020-12-09,1,0,0,즐것하고 당백한 | 국내산참발과업할 | 알이고지 않은 | 들여제로 본리옷이살아있는 | 양반즉 1등비법백합축은 | 끼의롭격을 올리는 건강식입니다. | 축은맛과 영양을 제대로 담아내어 | 표은것이 살아있습니다. | 는전식그대로담아 재로 본연의 | 2020.12:091 | 에넣고오랜시간저으면서 | 14:26 -2 | 1년에한생하였습니다. | 유동기한 | 한끼 건강식 양반족 | 들든한 아침을 책임지는 | 백합죽 | 양반
001100,10,2021-03-14,1,1,0,"IACCP | 국5 | 252 | 무무주2 | 내용량30g고형량 1g | 질임식품실근제품 | 식품유형 | 냉장보관 | 소브산칼륨(보존료) | /밥R | 첨가 | 빙초산, 사카린나트륨(감미료) | 0~10°c | 국내산무 | 무49%(국산),발효식초2.25 %|310g | '김밥단무지 | 무농약무 | 무색소 | 발효식초로만든 | 조리예 | Pulmuone | 전혀 이상이 없으니 안심하고 드셔도 됩니다 | 점차 노란빛을 뜨게 됩니다.단무지색이 노란색으로변해도 제품에는 | 색소를 넣지 않은 절임무는시간이 지날수록자연스런 숙성과정으로 | "
001136,10,2022-09-24,0,0,0,RERABEAN | SRN
001152,10,2021-10-31,1,0,0,"100g NET | AC | BY: | 주 | L4690 | AG | E | 2021/10/31 | s: 31% | (y/m/d) | ner nuts. | Best before | 주 | Store in a cool and dry place | barley | 47Jalan Buroh #09-01, Singapore 619491 | Importer: DKSH Singapore Pte Ltd, | 716104001010016"
001178,10,2021-12-01,0,0,0,
001196,10,2021-10-18,1,0,0,"고래지원센터 수심우공부8 080-024-60 | 8/801062-880188 | 레스테를 15mg5%단백질6g11% | 지방4963%랜스지방0.5미만포화 992% | 트80mg4% 탄수화47 15%당류42 42% | 21.10.18 | 520 kcal | 총 내용량90g | 영양정보 | 괜찮습니다.·휴지줍는고운마음,안버리는밝은아음 | 이아수으나인 무해하니드도 | ·달갈및명로소고기돼지고기승아호무혼입가능 | 원재료명 | 유통기한 후면기일까지(연,월일) | 초콜릿가공품 | 식품유형 | 품목보고번호 19780614009513 | 폴리에틸렌"
001239,10,2020-12-19,0,0,0,단호박크림스프 | PUMPKIN CREAM SOUP | SLOW KITCHEN | 천천히을바르게 | 2020.12.19L1 | SUOw | 상하목장
001240,10,2020-12-19,0,0,0,단호박크림스프 | PUMPKIN CREAM SOUP | SLOWKITCHEN | 천천히올바르게 | 2020.12.19 L1 | slow | 상하목장
001262,10,2021-03-25,0,0,0,받을수있습니다사용한 는 리수여주시오 소부정  기에 거 | 도기영무우60%(국산)수소국산)2 | 엑시달시구로50(동)/e1566-8312)내8230 | 통전 | 199403581154 | 용영마터트리스청당용시킨무식통의 유형질임식품포장제질(내연리에널인(필음)리프로필천용기) | OTHER냉창MA | THE테트리스.찜닭
001277,10,2021-11-04,1,0,0,EXP:2021.11.04 | PK130 S | 1000000611648 | 뚜껑:HDPE | 영양정보 | 100 g당 535 kcal | 종내용링410g | ·일따에서하고있니다
001293,10,2020-09-21,0,0,0,941 | :400 | 2020/09 | SAUT
001296,10,2023-11-NONE,1,1,0,"8 | 11/2023 L20204150-331 | Da consumarsi prefenbilmente entro fine/Best before end/유기한 | dieel soletoe i col,de,a ay fr het sors anddit sunligh | Consevare l prdotto in luogo fresce sciutto lontan dallfont di caloree dallaluce | uuw.perledisole.com | PupilanO | Lotto n. 8 - 80027 Fratamaggiore NA) "
001307,10,2022-11-06,1,0,0,"Retrigeraleitieropening | (Chay ohoinPus. | 0ge | 21m9 | 10.29 | CARBOHYDRATE | 13.29 | -soluroiec | <0.1g | FAT,1010l | <0.19 | PROTEIN | c0.19 | ENERGY | 226k | SeningSire.20g | persene | lper sere | Sevigs peer lor 14 | Guonbity | %D | NUTRIION INFORMATION | BEFORE 06/11/2022 | 13:37 307 BEST"
001375,10,2022-05-NONE,0,0,0,"K13270-15617 | 0mg 0% 28 5 | 69    | H88 3159 192Ka | South Tyrol//liet | Heinfels-1yrol-Austra | -90 Untein-diSoto-82 | A.Loacker KondektGmbH | S | Doacker' | for/ | Manufactured by/Fabrique par | relerence avant fn: | des Alpes | 1800098 | Saveur pure venue ducam | LOACKER, SAVEUR PURE | LJK17 023"
001407,10,2021-07-31,1,0,0,:PP | 분리배출 | L142055 | 21/07/31 | L | BEST BEFORE
001449,10,2022-10-28,0,0,0,"210000003383301 | :202.10.28 | MilkTea(Green Tea) | 녹차 밀크티 | MADE FOR CONSUMER | No Brand"""
001524,10,2021-06-25,1,0,0,"반품및교환장소 | 금수중영지정및특약청 | 아산 A23지연희 1227 | http://www.nongshimh | 2021.06.25까지 | 여의대방로 112 | 농심 | ·본사:서울특별 | 기준이으로 개인의 필요 열량에 따라 디를 | 1일 영양성분 기준치에 대한 비율(%)은 | 제품의신선도 유지를 위해질소충전포장을 하였습니다. | 단백질2g | 4% | 콜레스테롤0mg | 0% | 안전하고 위생적인 식품에만 지정하는 마크입니다 | HACCP | 식약처에서 소비자 섭취전까지의 전과정(원료,가공, 유통)이 | 18% | 포화지방2.7g"
001580,10,2022-11-02,0,0,0,2022.11.02
001612,10,2022-02-25,1,0,0,"고객상담실: 080-411-7272 | 부정· 불광식풍신고는 국번업이 1399 | 실은보관개봉후냉정보관하십시오 | 보전방법:직사장선을피해건조한 | 니다.이제은일 어두를시용한과같은 서조고 있습니다 | 리프로린,리드-을리본제름은 소비자 기준에의계고를또는 보 | 보20m4463관7입 기시 응기 | 2022.02.25"
001668,10,2021-09-14,1,0,0,"809027 | 까지 | C309103 | 2021.09.14 | 13% | 79 | 단백질 | 0% | 0mg | '간록덜튀겨진 | 콜레스테롤 | 33 % | 5.9 | 에서 제조하고 있 | 포화지방 | 09 | 합포)에 | 트랜스지방 | 35 % | 199 | 고등어,게복숭이 | 지방 | 49 | 4% | '이 제품은 토아도 | 50g | 탄수화물 | 풍목보고번호 | 나트륨 | 665 mg 33% | 소재지 | 내용당 | 영인면 | 업소명 및 | 주 | 400 kcal | 영양정보 | 플리프 | 포장재질 |  내용량 80 9 |"
001713,10,2021-09-08,1,0,0,chrañte pred teplem. | ais/Store in a cool dryplace/oeas | bewaren./A conseryer dans un endroit sec et | Kühl und trocken lagern/Koel en droog | 0809 | 21 | Avawon katdnpotiunon v ano/Minimlni tvanlivost do: | oonsommer de préférence avant le/Best Before:/ | Mindestens haltbar bis/Ten minste houdbaa
001718,10,2021-02-08,1,0,0,볶이 | 오뎅 | 버무려진어록과떡의만남! | 21.02.08까지 | 유통기한 | Go9
001751,10,2021-06-28,1,0,0,OTHER | 8 | 17% | 7% | DOI현경23:58 | 0% | 2021-06.28 | 9% | 유통기한 | 8%59 | 기지에 | 1월영영성물 | a
001759,10,2021-04-24,1,0,0,"까지 | 유통기한 | 2021.04.24 | 제조원및구입처·부정·광식품신고는국번없이 1399·고객학여/드-시기방-4니다 | 에     | 내면-총이 | 포장재질 | 2013044511682 | 품목보고번호 | (주선명농수산대소지점/충청북도음성군대소면수태로72- | 제조원 | (블루베리항) 해바라기유,소빈산칼(보존)/미국산 15 | (국산 미스 구 | 드아드(국산 100%25구운넷는(외국산인도 트 | 원재료명및힘량 | 별도표기일까지 | 유통기한 | 땅콩또는견과류가공품 | 식품의 유형 | 25g ×30봉입(750g) | 내용량 | 넷츠"
001833,10,2022-09-02,0,0,0,마카다미아 100% | BLK26 | 2309 | 마카다며
001865,10,2021-09-17,0,0,0,2021.09.17 L1
001917,10,2021-05-25,0,0,0,152 | 00:53 | 25.05.2021 | GOLO
001957,10,2021-10-NONE,1,0,0,"www.biscuiteriedelapointeduraz.com | ""48843010215001 | TEL. 02 98 70 60 73 - FAX 02 98 70 69 41 | NCE | Raz | 48 | 계대한비울() 200kc기이으로 개인의필요을을과다수 있습니다. | OTHER | 단백질2g.4% | du Raz | 33mg 11% | 포화지방9g 60% | 트랜스지방 0.5g 미만 | 24% | 당류 11g 11% | a la Pointe du Raz | 탄수화물 22g 7% | g 10% | 총내용량80g(40g 2)1(40"
001974,10,2021-09-NONE,0,0,0,"As: Bekir Saydam Cad. No: 68 35865 | Uretici: Dr. Oetker Gida San. | R.13. | 09.2021-14:35/1914619 | Net:147g | Tavsiye edilen tüketim | ihi/Parti no: | Mensei: Türkiye | Serin, kuru ve kokusuz ortamda saklayiniz. | isletme Kayit No: TR-35-K-000884 | Turk-Gida Kodeksi'ne uygundur. | kaselere paylast"
001988,10,2021-12-28,0,0,0,"FIK | 저 | % | A | (우유,대두) 4.64% | 9C3 | 1,000 | 202 | 183등아제까 | CARAMEL | BIO | YUGA | 카라멜 | 무색"
002079,10,2021-01-03,1,0,0,2021.01.03까지 | Brazil nuts | 브라질너트 | 매일 매일 행기는 건강한 습관 | 이미지컷
002142,10,2021-04-11,1,0,0,YMC-03 10:22 | 2021.04.11 까지
002155,10,2021-05-21,0,0,0,재료명 | 보고번호 | 19690086003923 | 매원 | 세(시2 | E | 닥터자일 | 버스와임하세 | 21.05.21 | 오리지날 | 차일리톨 | LOTTE | 휘바 | 자거전에씹는껌
002183,10,2019-02-20,1,0,0,aa:PP | 명:LDPE | OTHER | 3 | : | 4 | 201 | 까지 | M | 20 | 고상당실:002-23수부담 | BB01045176338 | 플렉스버를 Oong3 | 단백질 19.2% |  46 | LE Sim33 | 영양정보 | 100g당 285kcal | 총내용량 2659 | 유 | 식품유형 | 소스 | (시트 | 어니머습요리에
002229,10,2023-03-28,0,0,0,. | A
002251,10,2021-05-09,0,0,0,013051591P | B9MAY2021 | MI45412.U5 | FREMO | GERBER PRODUCTS CO | INGREDIENTS | 0%°ViN 22g 355 | VitA 100m. | Potas19mn255 | 1% | iron 0.3m | 6CalciunTom4 | VitDOm 70% | Not a su | Protein Og | 13% | Total Sugars90 | 19 | Dietary Fiter | 129 | Total Cas | Cictesteral | Niy Value | irans Fa | Satura
002276,10,2023-12-22,0,0,0,2023.12.22 | 2020-12-23조
002297,10,2022-06-06,0,0,0,"아몬드 | 밀크티 | 흑당 | Murgerbon | E21, | 2022.06.06 | W1,000"
002312,10,2020-08-17,0,0,0,제조2020.08.17 | (주)청은에프엔비 | 150 | Baking Powder
002437,10,2020-09-13,1,0,0,"(//) | 13/09/2020 | BEST BEFORE: | SODIUM | 312mg | 78mg | ww.emosfoods.com | -Sugars | 4.5g | 17.9g | CAREOHYDRATE-Total | 4.9g | 19.7g | TE:(+613,97066373 | Trans | <0.1g | <0.1g | -Saturaled | AUSTRALA 3175. | 21.7g | 5.4g | FAT-Tota! | 31.4g | 7.99 | EROTEIN | WCTORA, | 2.0g | 8.0g | 99Cal | 395"
002533,10,2022-06-30,0,0,0,0 | 2022.06.30 | 미사진 | N13 | 추장 | 가득
002541,10,2021-12-19,1,0,0,"Expriy Date : 19/12/2021 | 1000001029190 | 2 | 바위비닐류(Pp) | 블독:비닐류(OTHER) | 쟁해결기준에 | 같은 제조시설 | 보관 | ,롤-폴리프로필렌(내면) | 14호) | 왕에따라다를 수 있습니다 | 기이 | ,카나우바와스,천연향(레 | 기대한(%)은 2.000kcal | 제수,돼지젤라턴,D-소비0.2062 | 15% | 8g | 단벽질 | 성색제1호) | 0% | Omg | )학색료(식용색소황색제4호 | 콜레스테롤 | 0% | 유,백,카나 | 0g | 포화지방 | 신넥0.35 | 0g"
002620,10,2022-03-31,0,0,0,JUANTA SALS | WANTED | 음 | 250 | EAA | 31-03-2022
002668,10,2021-09-09,0,0,0,L.20-371 | 09/09/2021 | 3.5%
002772,10,2024-05-NONE,0,0,0,""" | 6010101 | 1134010 | L1303 | 05,2024 | 849 | 120g | DRAINED WEIGHT | NETWEIGHT | PESO ESCORRIDO | PESO LIQUIDO | UITGELEKT GEWCH | NETTOGEWICHT | POIDS EGOUTTE | POIDS NET | CAGNE"
002848,10,2021-12-30,0,0,0,50uye | onet | Peo | Mut nd nct! | Senza conservanti | Sin conservantes | Sans agent conservateur | No preservatives | delba | O e Konseviugsstoffe | 1L24010 | 20242.2021 | fit &aktiv | Yollkornbrot
002872,10,2021-04-07,1,0,0,내탈산소제는식용아니오니제거후 조리해주세요 | 2021.04.07까지 | 5g (75 kcal) | 파렐라 치즈99% | 자연치즈 | 치즈 | 봉후냉동보관 | -10'C냉장제품 | HEESE | 모짜렐라 | 0ZZARELLA | INGGRAE | 뿌려먹는 | 빙그개
002876,10,2022-12-04,0,0,0,2022.12.04 HB | 사상양별국5% | 2kg지동당레자물(미국산)5050% | 이미지사진 | 사용하여 달콤합니다. | 국산 사양벌꿀과미국산 자몽을 | Honey Grapefruit Tea | 꿀자몽차 | 본질[]에집중하다 | simplus
002879,10,2021-06-21,0,0,0,"16:12 | 2021,06.21"
002899,10,2021-11-09,0,0,0,맛있는 거자소스 만드는 법 | 연겨자
002942,10,2021-07-05,0,0,0,L | 15.51 | L252XA-3 | 05 07 2021
002969,10,2021-07-07,0,0,0,"+> | ∞ | 2021,07.07 | EN | STR"
002976,10,2020-05-12,1,0,0,"19311210 | ·고객상담실:031-353-6871 | ·부정,불량식품 신고:국번없이1399 | 받을 수 있습니다 | 한소비자피해이 대해교환 또는 보상 | )8% | 한소비자분쟁하기준에의거정당 | 50%,정저수42% | ·본제품은공정대위원회에서고시 | ·직사광선을 피히고건녕한 곳에 보관 | 31 | 2020.05.12 | R67-353-873 | 1-353-5871 | 4.기타크림:2.0% | 리43-25 | 3.아이스크림: 2.5% | 2.건과류가공품: 5.0% | 1.만두및 만두피:1.2% | 사용기준사용링은 | ·프로필견글"
002987,10,2022-04-01,0,0,0,2022.04.01
003005,10,2023-05-NONE,0,0,0,Wlo | 5 | 6 | O | 2 | 5 | 2 | 8 | 2 | 05.2023 | D9481 | □
003236,10,2021-03-30,1,0,0,SHINSEGAE FOOD | 식빵 | 샌드위치 | 국민 | Fresh Sandwich Bread | 2021.03.30까지 장연기E.E
003310,10,2020-08-29,0,0,0,10:48 | ZZ082926A | E | AUG292020 | AL | CRACKERS | PRETZEL
000022,11,2025-10-14,0,0,0,"발효 | 유산균프리믹스0.005 | 1구민20%) | 특허유나고 | 복합 | ""연출된에"" | ESH SLOW BREAD | 25.10.14까7. AF72 | 크림 | 가영양 | KIRIN"
000031,11,2026-02-14,0,0,0,"응원해 | 반의이 | 0839 A182 | 2028:82.14R | 구매시알인 | 1,460 | 2개 | 1.5 | 1개 구매 시 | 신상품 | 100G당3, | 오투기고단백업투들대공로"
000042,11,2025-10-12,0,0,0,구를 | 된 | 7985 | Runar | : | 10 | Denmar
000077,11,2026-03-07,1,0,0,R | 까지 | 2026.03.07 | 마늘베이스 0.28%[마늘분말98 | India
000079,11,2026-01-31,1,0,0,까지 | 2026.01.31 | 소비기한 | 넣고 약한 불에 30분 정도끊여주면 따듯한 뱅쇼를 즐길수 있습니다. | 냄비에레드와인1병과일(오렌지1레몬/2 사과1/2과시나온스틱을 | 뱅소(프랑스 따듯한와인) | 머들러로사용 | 시나몬스틱 이렇게 활용하세요!
000081,11,2026-05-18,1,0,0,하는마크입니다 | 고 안전하다고 | 마크란? | 까지 | 2026.05.18 | 2025.05.19/10:27 | 부터 | 소비기한
000094,11,2027-06-30,0,0,0,K
000110,11,2025-10-29,1,0,0,ROERE | PORK | fam | CK | ICE | 햄 | 밥에싸먹는 | 25.10.29까지 | 소비기한
000126,11,2026-06-12,1,0,0,브랜드가 아니다.소비자다 | 2026.06.12 | No Brand'
000139,11,2026-07-26,1,0,0,266101 | EXP : 2026/07/26 | 브랜드가 아니다.소비자다 | No Brand' | Ho Brand
000140,11,2026-07-14,1,0,0,"145101 | EXP: 2026/07/14 | ·반품 및 교환장소:수입원 및 구입처 | ·부정·불량식품 신고는 국번 없이 1399 | ·이 제품은 땅콩을 사용한 제품과 같은 제조시설에서 제 | ·보관방법: 직사광선을 피해 서늘한 곳에 보관하십시오 | 환불받을 수있습니다 | ·본제품을 공정거래위원회 고시 소비자분쟁해결기준에 | 밀,대두,우유,계란 함유 | 르비탄지방산에스테르,대두레시틴),향료1 | 아분말,유청분말,우유분말, 말토데스트린,포 | 향료], 향료2], 페이스트[식물성유지(잠유,경화 | (유청, 코코넷오일),정제소금, 난황"
000156,11,2026-07-29,1,0,0,17669 | 666 | NoBrand | ghetti | Sauce | 스판게티 | 소스 | 클리오 | 2026.07.29 | 까지 | B
000167,11,2026-08-07,1,0,0,기방 | 당류 | oo | 탄수화물 | 8.% | 115mg | 8.% | 2 | 6 % | 까지B | 2026.08.07
000174,11,2026-09-05,0,0,0,2026.09.05A2 | 2025.09.06
000181,11,2026-09-08,1,0,0,2026.09.08 | 맛있는 | 까지 | 2025.09.09 | 부터
000186,11,2028-04-14,0,0,0,FRESCO | L-0210 | 05 | 2028/04/14 | Tagiioini
000216,11,2026-03-16,1,0,0,002990 | 801065 | 까지 | 8 | 2026. 03 16 | VE | 소비기한
000218,11,2026-05-03,1,0,0,G2 | 까지 | 2026.05:03
000220,11,2026-02-23,1,0,0,까지 | 12:04 | 2026.02.23 | 주질요 열량에 | DAESANG | 따리 | 있습니다 | 수 | 기준치에 | 대 | 바 | (%) | m10 | 10 | % | 단백질294% | 포화지방8g 53% | 지방 559 102% | 1942% | 탄수화물 11 3% | 100 g 당 545 kcal | 총 내용량300 g
000222,11,2026-03-25,1,0,0,"총내용량235! | 영양정보 | fat 드레싱 | HACCP | (소비자중심 | ccm | 안전관리인증 | 수있니취시주이 | 하고실온에 보관하십시오.유리 | 고흔들어드십시오·직사광선을 | 품질에는 이상이없이니 안심하시 | (시간이 지나면서색이영어지나 | 2026.03.25GF2 | 4221 | 할인 | 180 | 30 | 4,480 | % | 2개구매시 | 행사상품 | 100g당1906원 | 270g | 폰타나드레싱 폰타나 무지방 오리멘탈 235g | 270g(40"
000240,11,2027-05-20,1,0,0,"청청에코탭 | wwjungoneshop.com | 고객상담실 080-019-9119(수신자부담) | wwdaesang.com/ | 8 | 18010521120188 | 캡LDPE실리콘라밸PP | 무색페트 | 까지 | 2027.05.20 F1 | *요리당표준값:마켓링크 2022 당류가공품 요리당 매출액 TOP3 기준 | 개인의 필요열량에 따라다를 수있습니다. | 1일 영양성분 기준치에대한 비율(%)은2,000 kcal 기준이므로 | 포화지방0g0%콜레스테롤0mg0%단백질0g0% | 알룰로스619에리스리톨59지방090%트랜스지방0 | "
000247,11,2026-05-20,1,0,0,ABD 19:25 | BBD:20/05/2026 WT 05
000251,11,2026-02-24,0,0,0,제공 | 제보처 | 자료 | 26.02.24 | A2 | 25.08.2517:16 | 던 | 배워보아요!
000261,11,2026-03-07,1,0,0,맛있는 약속 | 까지 | A1 | 26.03.07 | 부터 | 25.09.08 20:26 | 다. | 7% | 제품 | 클레스테롤0mg | [단백질49 | % | 0 | 40% | 식품 | 포화지방6y | 당류18g | 18% | 기본 | 법 | 트랜스지방0g | 9 | 탄수화물48 | 15% | 담실 | 및 | 지방18g | 나트륨140mg | 주십시 | 7% | 가낮은 | 영양정보 | 껍질(2의) | 유대두 함유 | 씨눈(검정)
000269,11,2026-05-15,1,0,0,"818090271550411 | 필요 열량에따라 | 13% | 107% | 9 | OTHER | 식품의역품연전처 | 김지완02:41B1 | 78% | HACCP | 비닐류 | 2026.05.15 | 치에대한비을 | 안전관리인증 | 1일영양성 | 닭 2기,토마토,고등어,게,복숭아,호두, | 2드십시오·직사광선과 습기 찬 곳을 | 아손상 우려가 있으므로 주의 바랍니다. | 식품 신고는 국번 없이 1399 ·취급 및 | ·본 제품은 소비자기본법에 따른 소비자 | 호 | 20100461303356 | 대두함유 | 크페롤(혼합형)],레시틴,"
000270,11,2026-09-03,1,0,0,"2026.09.03 | OTHER | 8 | 3 8019360009 | 비닐류 | HACCP | 안전관리인증 | 필요 열로 에 따라 대를 수 있습니다 | ·함께 포장된 실리카겔(방습제)은 드시기 | 마십시오 | 은2,00c kcal기이므로 개인의 | 호·본제품은호후 대두,땅콩,이산화 | 입가능성이 있습니다. | 1일 영양성분 기준에 대한 비울(%) | 주의사항:직시 활선을 피하 | 하여서늘하고 | 조한곳에 보관하십시 | 8g 15% | 신고는 국번없이 | 99·취급및보관시 | 단백질 | 0% | 준에의거 교환 | 는보상받을 수있습 "
000272,11,2026-05-10,0,0,0,"2026.05.10c | 하습니다. | 장을 보한을 위해할 가 친강을 | 기춘이으로개이가 필요열 | 1일영양성분 긴준치에대 | 단백질 | 콜레스테롤 | 0 | 포화지방 | 15 | 트랜스지방 | 고번호 | 19900355116313 | 23.29 | 지방 | 11.29 | 당류 | 59.69 | 탄수화물 | 커향),향료,향미증진제 | 400 mg | 나트륨 | 기준지에 | 총 내용량당 | 가루크림분말,고추장,보토량,시제 | 영양정보 | 따우더: 네얼람드산),유지클림 | 씨증남(화이트제다씨남까양베l | 전MD-어종영연구소 P개발노하우"
000283,11,2027-09-17,1,0,0,"까지 | ×3 | 27.09.17 14:07 | O나,제품에는 이상이 않습니다. | 불중에 정전/농결에 있을 수입 | 된 장소에 버려 주십시오·내용 | -사용후 포장제는 반드시 지정 | 환또는 보상 받을 수 있습니다 | 소비자 분장해결 기준에 의거 교 | 국번업이 1399·본제품은 | 주의사항·부정 불량식품 신고 | 구입처 또는 영업소 | 반품 | OIL | 하여주십시오 | 을고 서블하고 그늘진 곳에 보관 | 보관방법 | 사용 후에는 마개를 꼭 | 번호 | 19790190025-145 | 품목보고 | (내면) | 마개-폴리에틸렌 |"
000287,11,2027-02-18,1,0,0,"분리수거를생활화 | DAESANG | www.daesang. | 소비자중심 | 080-019-9 | P.0.1트 111 | cm | HACOP | 8고 | ·간혹빈봉지가나오는경우가 있으나,제움둥량에는 차이가없습니다. | ·일부한알의 색상이다를 수 있으나,품질에는 이상이 없습니다 | ·전량의침전물은원물가루이기때문에안심하고조리하셔도됩니다 | 4주의 ·포장지가 날카로우니개봉 및사용시 주의하세요. 조리시끊는 물에 주의하세요 | ·본제품은소비자기본법에 의거교환 또는 보상.·부정·불량식품 신고는국번없이 1399 | 조개류(굴,전복,홍합 포함)"
000290,11,2027-03-02,1,0,0,까지 | 20270/3.02 | 02 | H0
000304,11,2026-06-01,1,0,0,"170 | 10분(5 | 1.에어프라이어70co | Air-fr | 다채로 | 비비고 계란옷 입은 | 풍부한 | 상 | 계란옷 | 콤직하게 | 고소하고 부드러운 | 20;44 | 2026,06,01 | 까지 | E H3"
000306,11,2026-09-16,1,0,0,조리에 | 비비고 남도 떡갈비 | 즐기는법 | 법 | 이미지 | 연출 | 1e | 0 | Rich and Jicy Matt | okgalbi | 12:41 | 떡갈비 | 2026.09.16 | 까지 | AC 1
000312,11,2026-08-26,1,0,0,펌애무스서츠 | 2026.08.26까지 | Roasted Almond | 간식 #단판믹스 | 경앤미스너츠 | 영양을 한번에 | Banana p | 스낵을혼합하여 | Cofe Peu | Laven swach | MIXEBNUTS
000317,11,2025-11-15,0,0,0,H | 2025-11.151 | 융우 | 머 | 5O | mln
000319,11,2026-02-14,1,0,0,집에서 | 즐기는 | 현지의 | 맛을 | 천 | BH5 | 11:19 E1509 | 2026.02.14까지 | 냉장보관/소비기한
000330,11,2025-11-02,1,0,0,"8 | 18010 | $529 | 새우,대두 함유 | 1666-5471(2) | 080-850-1200 | 생이국신), | 대수있습니다 | 산) 지베이스 재소(마), | 294% | 09% | 니다. | 자방 0g0% | 저 | 수화물 69 2% | 109g 0kcal | AB? | 내g량 90g | F1 | 드대상 대통령상 수상 | 소비지중심 | 까지 | 25.11.02 | com | 제조 | 25.10.04 | 미루로 선명한 빛깔 | 만원 진천은 시제이를 1104통 | 지/비실제 | 장재질(내면): 플"
000341,11,2026-04-29,1,0,0,"2026.04.29 | 또는 | 소비기간 | 8 | 118012841 | OTHER | 비닐류 | HACCP | 바로보관 | 인민관리인 | 다. | ChuniL | 천일식품(주) | (수신자 요금부담) | 포함),잣을사용 | 고객지원실 | 080-929-1001 | 됐지고기,복숭아 | 단백질 | 21% | 11.6 g | 리에틸렌 | 5% | 콜레스테롤 | 14.8 mg | 5% | 포화지방 | 0.8 g | 트랜스지방 | 09 | 11 | 가종품 것발' 청제소 | 지방 | 난가증살 | 6.2g | 국내산),대파 | 9 | 당류 |"
000346,11,2026-05-15,1,0,0,"2026.05.15까지 | 비기한 | 8 | OTHER | 803103 | 002825 | HACCP | 96 | 단백질1.7g3% | 5% | 포화지방0.8g | 35.3g,35% | X3V | Rea"
000383,11,2026-04-03,1,0,0,준이 | 4울()은2.0kcal가 | 이므로개인의 필요 얼량에 따라 | 7% | 4g | 비타민C | 과다를수요있습니다다 | 500mg | 단백질 | OTHER | 500% | 포화지방0g 0% | 방9 | 닐류 | 35g 11% | 탄수회물 | 92% | 당류 30g 30% | 160 kcal | 총내용량 489 | 소비기한을 꼭 확인하서요 | 1015828 | 까지 | 2026.04.03 E | 소비기한 | 입처부정 | 이3…w.p.com | 공 |  설에서 제초하고 없습니다 전품낼부에 | 수분이 | 많고고 |  가능이 있는운 
000385,11,2026-09-14,1,0,0,맛있는 약속 | 까지 | 2026.09.14 | 부터 | 2025.09.15 | 1
000391,11,2026-12-10,1,0,0,"* | Honestly roasted | “정직하게 볶았습니다.” | 품목제조보번호:201805644 | 2 | 식품의유형:침출차 | 25ea (1g71티백) | [국내산]박한 | 박하차티백 | and precious person. | Weeer ecious | ISO 2200 CERTIFIED | VEGAN | YEON GO FARM | 연고농장 | 00g8 1, | 소비기한.202612.10 | < | 누텔리 | 4,500"
000392,11,2026-08-28,1,0,0,"0 | 자 | 품목보고번호 | OTHER | 8 | 1801117650704 | HACCP | 온맛 | 복숭아맛 | 사과맛 | 더 | 드립니다 | 달지않아 깔끔한더자일리를 | XYLITOL | THE | 용기 또는 파우치에 리필해서 드세요! | 깔끔한더자일리톨 | 26,08.28 | 25,08,29 | 14:52 | 간편하게 즐기는 | 소비기한 | 지사 | 식소형 | S배UP | THE | TORION"
000398,11,2027-07-30,1,0,0,"대지고기 | 재질(내면) | )폴리에틸렌 | 목보고번호 | 1972016800173 | 품의 유형 | 건면 | ,수,이무 | (국산)밀 함유 | 대료명 | 나리지등넣은 후함 | 재지 | 및 | 1속명 | 에 살아 놓은 면에 부은 후 | 서울시 중구 동호로 330 | 비기한 | 후면표시일까지 | 용량 | 다 | 900g | 받은면을 전물에 충분히 행구어 | 품명 | 백설소면 | [무정)확으로 제어주세요] | 도급입다상을 때면이 불지 않도록 | 1009고분30분30초 | S(1.00)을 끌인 후 소면 | 하나. | 소면 | 소면조리법 "
000406,11,2026-08-27,0,0,0,량:500mL | 1217 | 3.9~4.9 | .0~6.8 | 21.1~28 | 0.0~0.1 | 칼륨(K) | 나트륨(Na) | 다그네승Mg | 칼습(Ca) | 불소(F) | 무기물함량(mg/L) | 경기 연천 먹는생물
000407,11,2025-12-01,1,1,0,"(053)859-5580 | NongHyup | 진랑농협하나로마트 | NH | 가 격(원) | 소 비 기 한 | 포장 년,월.일 | 2025,12.01 | 2025.10.03 | 6500 | 67 | 21780140065005 | 까나리첫.열치젓(까나리.멸치:국산),생강(폐투) | 하늘초양념 김 | 1(053)859- | 진랑능협하나로미 | 비기한 | 가 격(원) | 025.10.10 | 06 | 3900 | 75 | 실보리포직증(리어방딩(6)"
000408,11,2025-10-09,0,0,0,Nonghyup | NH | 지랑동3)859-5580 | 친랑능협아나로마트 | 21614060 | 11800 | 11800 | 100g당(원) | 중 량(g) | 보관방한용 어려움 | 7 | 보관방법:C-10C하 냉장보관 | 원산지국 | 내 | OPHER | 갈친위.핵동 | 간이되어있습니다. | 소금
000418,11,2026-09-08,0,0,0,"G09-16:53 | 2026.09.08 | 1,780 | 180"
000442,11,2025-11-30,1,0,0,"01826:30 3A | 2025:11.30 | 생길주있으나움질에는 이상이 없으 | 다.- 원료에의한부류둘이나 침전이 | 의거 교환 또는 보상을 받을 수 있습니 | 효·이제품은 소비자 분쟁해결 기준에 | 후냉장보관하시고 빠른 시일 내에 드세 | 004137·살균제품·질소출전·개봉 | 폴리프로필렌품목보고번호 19760263 | 소비기한 용기하단 표기일까지포장재질 | 수원시 장안구 천천로 210번길21-15 | 및소재지(주동원F&B 수원공장 /경기도 | 분말 | 우유,대두 함유 영업소의 명칭"
000445,11,2026-07-17,1,0,0,"(수신자부담)080-023-장4상1 | 문의처농성제로그주식회사 소비자 상담실 | ()2,00Kcal | 60% | 관련된 자세한 정보를 열으실면세겠습니다. | 로그 페이지를 클릭하시면 제품에 | 33% | 홈페이지 I www.kllogg.co.kr | 33% | mg | 83% | 미국로사의 표니다202lo Compary | 634E DFE | 83% | ·부정·물량식품신고는국번없이시 | 1mnga-TE | 83% | 83% | 83% | 까지 | 83% | 2026.07.17/15:40 | 83% | 83% | 소비기한 | 83%"
000451,11,2026-02-27,1,0,0,"OTHER | DC 096397 | FOOD aR | 해 | 26.02.27 까지 A | 25.08.28 F21931 | 325 kcal | 총 내용량609 | 영양정보 | 의식부부이파올리입니다. | 허니버터첩흘 거보세요! | 바산하고달콤한~ | 유사용한제품과제조시 | 아,호마도 조개류전홍합포함 | 은 마계계 우 | 정 | ·불량식품 신고는 국번없이 139 | 상 | ·반품 및 교환장소:본사및 구입합 | 제움은 공정거래위원회 고시에 의게 | 튀겨줍니다. | 통풍이 잘 되는 곳에 보관하여주십 | 3.신선한 기름에 | ·직사광선 및 습"
000452,11,2026-03-25,1,0,0,가재(집게가재) | 망치상어(승망체) | 왼동가리(아네모네) | 다랑어(량해 | 기한 | 205:83: | 소비 | /09:45 | 돌고래(엔를핀) | 꽃게(어보) | 복어(요리보고) | 거북이(에탈부기) | 640
000455,11,2026-02-10,1,0,0,참기를 | 조리에 | luone | 2026.02.10 까지1 | 소버기한 | 2025.08.11(10:48) | 프일자의 소기한 | 입심요교
000502,11,2026-06-20,1,0,0,"0 | 때 | 홀 | 에보 | 198016 | 폴리프로풀 | 에 수 있니 | 기에대 비을()은 200 ka | 바닐리합 | 6% | 제제국 | 39 | 설가물:이2 | 0mg 0% | 산) 밀우 | 방1.9913% | 시아산)코 | 트랜스지방0g | 8% | 지방a9 | 글함수결정 | 7% | 79 | 당류 | 9% | 합성항로)이 | 탐수물309 | 6% | 나트륨,이산화 | 나E120mg | 시럽카제인니 | 기준치에대한비을 | 송내용량당 | 1일영양성분 | 173 kcal | 영양청보 | 골드[말EGAE | 내용량40g | 총 "
000511,11,2026-03-24,1,0,0,13:51|25 | 26.03.24까지2
000516,11,2026-07-16,1,0,0,"EXP : 16/07/2026 | PC17075 | 니다. | 땅콩,호두특입 가능성이있습 | 통-폴리에를렌테레프탈레이트 | 포장재질(내던)뚜껑-폴리에릴렌 | 향료(바닐라) 우유, 대두함 | 고코아분말,유청분말, 시티 | 원재료명설탕,핵유,아몬드 | 판매업소 데쇼핑 | BHD | FRANCESFLE"
000530,11,2026-06-24,0,0,0,젝리스E로우 | 플루베리맛 | 19395 | 1% | 함유 | 926.06.247
000535,11,2026-02-04,1,0,0,까지 | 2026.02.04 | 소비기한
000538,11,2026-02-06,1,0,0,근절 | 오두기화 참께 청소년 도박 | B | 까지 | 2026.02.06
000540,11,2026-03-24,0,0,0,5최0000
000545,11,2027-07-09,1,0,0,"2027.07.09 | 500mL | 품질유지기한: | 뜨개인의 필요 열량에 따라 다를 수 있습니다. | 카시아꿀 함유 |  영양성분 기준치에 대한 비율(%)은 2,000 kcal 기준 | 단백질6g11% | 맑스테롤0mg 0 % | wed Soy Sauce | 포화지방0g0% | 00% | 트랜스지방0g | Prime | 당류12g 12% | 180mg 309 탄수화13g4% | 간장 | 양정보 | 총내용량500mL/100mL당76kca | 부정량식품 | 신고는 | 국번없이 1399 | 니주의하십시오 | 곳에는 | 고객상담실 | "
000559,11,2027-04-21,0,0,0,E0Er-04-E1
000560,11,2027-07-13,1,0,0,"·부정,불량식품 신고는 국번 없이 1399 | 보상해 드립니다. | 소비자분쟁해결기준에따라 피해를 | ·이 제품은 소비자기본법에 따른 | 또는 지정에서 교환하여 드립니다 | ·유통과정에서 변질된 제품은 대리점 | 보관하십시오 | ·직사광선을 피하시고 건조한 실온에 | 사용하십시오. | 방지하기위해서 병에옮겨 담아 | ·맛과 향미를 오래 보존하고 흡습을 | 까지 | 장주영 | 창원C1 | 15:26 | 2027.07.13 | 소비기한 | 품목보고번호 | 19860589043-12 | 창원시 의창구 반계로 40 | 제조원 | 동서식품("
000577,11,2026-04-20,0,0,0,2026.04.201A | 래식 | ·지을하리키보관하수있습니다 | 256.06 | 지퍼를 달아 보관
000582,11,2025-11-21,0,0,0,With | 2025.1.21.까자.F1
000588,11,2025-11-28,1,0,0,F3 | 1016-7 | 2025.11.28까지 | JR2 | 재래김 | 50년 전통의 비법을 담은
000592,11,2025-03-25,1,0,0,"ALSIA | ACUWEA SRLAMATEA | MC.MA.QOCLDWBC KAOHEMKGAWA, | INTERNATONAL(PVD)UTD | YENASA ANSRLANA/IRAEETBBRLEAUSRLRMA | 1200334V01 | APACAED N SW LANCA/IGPTBTEHAMTAKCBAH SUPHTAME | 4179600412317981 | /PR/1443/995 | AAGC METO | 1.050z | TIN | HCMEF1O | IONAL FACIS | .. | 30g/r | NEFWEGHT | APTHM/NUMERO"
000593,11,2026-07-22,1,0,0,까지 | LOTTE | PEPERO
000598,11,2026-03-09,1,0,0,"및구입한곳 | 전화)080-023-5700(문자) | 26.03.09(A) F4 | 기한 | 의한 피해보상·직사광선을 피해 | 까지 | 25.09.10(09:55) | 게,조개류(굴,홍합 포함)혼입가능 | 부터 | 소비 | 밀,달갈,우유,대두 함유 | 표,카라멜색소M),혼합제제 4(향료, | 818011171546519 | 우지4,식염,혼합제제'2(탄산수소나 | 비탄지방산에스테르,식물성유지3 | 당,혼합제제 1(폴리글리세린지방산 | [옥술송 왼국산(력식아,형가리,세 | 5:2017041515830 | 안전하다고 인한 식만기는다 | "
000601,11,2026-01-27,1,0,0,맛있는약속 | 까지 | 2026.01.27 | 부터 | 2025.04.28 B | 공정성간빈봉지가나올수있으나컴퓨터로 계랑하므로 중량에는차이가없습니다.
000603,11,2026-09-24,1,0,0,"롯데웰푸드 | 2십시오 | OTHER | 까지 | 보과해주시고 | 26.09.24B | 에서직사광신을 | ""고온에약하 | 180106211002542 | 8 | 카키지 않도록 주의 | 는 국번없이 1399 | H항상 교환·부정·불량 |  중 질품은 구입 상점 및 | http:/W | 자기본법에 의한 피해 보상 | 고객지원센터 | 밀,달갈, 고기 혼입 가능"
000609,11,2027-06-11,1,0,0,10:02-02 | 2027.06.11 까지 | 다양한 레시피를 확인해보세요 | 르ㄹ'전 궤프가 제안하는
000610,11,2026-06-04,1,0,0,A | 2026.06.04까지 | 는 | 주동 | E | NE | 1365 | F.1
000614,11,2026-03-07,0,0,0,16:09 | 2026.03.07 A
000633,11,2025-12-24,1,0,0,23:28 83 | 2025:12.24A | 소비기한 | S | 열량에 따라 다를 수 있습니다 | 영양성분 기준치에 | 단백질7요 | 10 | 30mg | 레스테를 | 포화지방 558 | 팬스지방0.5g미만 | 지방88 | 29% | 298 | 탄수화을 34 | 236 kal | % | 룹220 mg
000675,11,NONE,0,0,0,03-06-2028 | CH L5E3B T1.
000678,11,2026-07-24,0,0,0,"J210 | 2026.7.24 | Mo Brand | N1409 | 원 | 폴리에틸렌(내포장) | 밀,우유, 대두 토내 | 추추출물 | 수  타산 가 | 명"
000683,11,2026-03-11,1,0,0,까지 | 00105090406 | 2026.03.11 A | Korean Style Beef Soup
000691,11,2026-09-22,1,0,0,연양객 | 연양개 | 2양 | 캠 | 26.09.22/ F3 | 까지 | 부터 | 25.09.23/07:31 | (8828 | 스니커즈이블 | SNICKERS | T | 스니케즈은표
000697,11,2025-10-07,0,0,0,YOZM | 2025.10.0711지B3S
000710,11,2025-10-14,1,0,0,2025.10.14까지.F3
000743,11,2026-11-16,0,0,0,:026.1116
000746,11,2026-06-23,1,0,0,2026.06.23까지
000756,11,2027-02-24,1,0,0,OTHER | 800280 | 532374 | 비닐류 | H26 | 까지 | 2027.02.24 | 준이므로 개인의 필요 열량에 따라 다를수 있습니다. | 1일 영양성분 기준치에대한 비울(%)은2.000 kcal | 단백질 | 0g | 0% | 콜레스테롤 | 0mg | 0% | 0g | 0% | 0g | 0g | 0 70
000758,11,2026-03-11,1,0,0,신다게 흔들고!단백질 충전! | A 23:05 | 2026.03.11 | 까지
000760,11,NONE-11-20,0,0,0,20%DOWN | 당함량 | 낮아진 | 명( | 제품명 요플레 오리지널너 | 품목보고변홍
000765,11,2025-11-21,0,0,0,N
000770,11,2030-04-NONE,0,0,0,LOTNO | HEWOVSEE
000795,11,2026-07-14,0,0,0,Endak
000796,11,2026-07-14,0,0,0,
000824,11,NONE-12-18,0,1,1,"서울우유 | 서울우유 | 제조일자를확인하세요! | 산선함의 기준, | 1 | 1.01:41 | 12. | 까 | 1.0141 | 12.18. | 02 | 비요뜨 | 비요뜨 | 바나나앗"
000833,11,2026-04-27,0,0,0,흔들어 주세요! | 2026:04.27 | 19:06 | HS | 20 | 10:2
000845,11,2026-06-17,1,0,0,8 | 16:3202 | L203K06UKC | 17.06.2026 | (일-월-년 순 까지) | 소비기한 | 열량에 | 개인의 필요 | | 따라 다를 수 있습니 | 기준치에 | 1일 영양성분 | 대한 | 비율(%)은 2 | 콜레스테롤 | 9mg | 3% | 단백 | 트랜스지방 | 0g | 포화 | 당류29g | 29% | 지방
000857,11,2025-01-28,1,0,0,"8 | 10071501901968 | 정의부:알이를 | 뚜정내부: HDPE | 250ml | 산도:6% | 2025/01/28 | BEST BEFORE | Best before: | 올리타리아 홈이지 ww.olitaliakorea.kr | 직수입됩니다. | 본 제품은 이태리에서 포장까지 마친 원제품으로 | ·부정·불량 식품신고는 국번없이 1399 | 보상규정에의거 교환 및 보상을 받을 수 있습니다 | 걸러내셔서 섭취하시면 됩니다.·본 제품은 소비자 피해 | 인체에 무해하며, 있는그대로드시거나 필터 등으로 | 초산균이자연적으로덩어리져"
000891,11,2021-04-05,1,0,0,EREME | COOKIE | 허쉬 127주년 한정기획의 | 흔들어 | 까지 | 2021.04.05 | F | 10:56
000892,11,2022-02-07,1,0,0,FAVC | Fudge | Chocolate | O7FEB2022 PV 07:17 2 | rocker | CAKE MIX | Betty | SuperMoist. | BEST If Used By
000897,11,2025-05-19,1,0,0,"8 | 0071501901968 | 뚜껑외부:알미늄 | 뚜껑내부: HDPE | 250ml | 산도:6% | 2025/05/19 | BEST BEFORE | Best before: | 올리타리아 홈페이지 www.olitaliakorea.kr | 직수입됩니다 | 본 제품은 이태리에서 포장까지마친원제품으로 | ·부정·불량 식품신고는 국번없이1399 | 보상규정에의거교환 및 보상을받을 수 있습니다 | 걸러내셔서 섭취하시면 됩니다.본제품은 소비자 피해 | 인체에 무해하며, 있는그대로 드시거나 필터 등으로 | 초신균이자연적으로덩어리져생긴 마더"
000905,11,2022-01-NONE,1,0,0,"본제품은공정거래위원회고시소비자분장해결기준에의거교 | 반품 및 | 직사광선을 피하고 건냉한 곳에 보관 | 보관방법 | PT.UN | 밀우유,대두,아산류 함유 | 합성향 | 대두레시티(유전자면 대두포함가능성있음) | 닥사스 | 탄산수소암모늄 | 원재료명 | 함유 | 포도당(보존로 무수야용산 형 | BP.1.510 2 | 밀가루(밀,설팅(보존료 무수아황산 함유) | BISCAS | EXP:01.2022 | 제품의 별도표기 | 유통기한 | 폴리프로필렌 | 포장재질 | UBM | 수입단대원 | 초코크래커 비스킷 | 제품명"
000915,11,2021-07-21,0,0,0,아이엠마더 | MOTHER | an | 유7한:10300208 | 기지 | 2021-07.21 | PE1 | MOTHER | 26.00
000930,11,2021-07-29,1,0,0,오행복출만 사랑가특이 | 1건19 8122 | 2021·07:29까지
000931,11,2021-07-29,0,0,0,행복출만사람가득 | 1219 8122
000946,11,2021-09-30,0,0,0,e | AVE11E 12:16 | 2021.09.30
000954,11,2021-02-05,0,0,0,8 | -82 | 0A1 | B | 31:82.878 | BEER&I | 촉촉하고담백한 | 햄등심 | 100%국산 등심 | Pere | 기(알동심)903%3
000991,11,2021-03-04,1,0,0,"2021 | 09:34 | 04 | BEST BY MAR | /2NK09119 | SINERING | FG-ZG1-A#10a | WITH | R096153 | 14173-D | M0 6318-0618 | 518 | Ralcorp Holdings, Inc. | ods Sales,InC. | VIN, FOLIC ACID. | THAMIN MONO- | ERALS: NIACIN | ITEHOMINY ORN | wes are based on a | in A, | time is pproximate. | Cholesterol | it sour"
001005,11,2020-08-10,0,0,0,8 | HRCCP | 스디 | 포화지병 299 | 0mg | 트스지  | 3 | 6 | 3o gr | 영양정보
001020,11,2020-02-27,1,0,0,"고소한현미 | 현미로든든한 아침을 만들면, | Post | 좋은아침!좋은생각! | 까지 | 담당이꼼끔히살습니다. | 이혜정 | 0:06 #2 | 고소한현미 | 담당이안전하게 만들고 | 손재갑 | 현미로든든한이침을 만들면 | Post | 여러분의좋은아침을위하여 | 유통기한"
001023,11,2021-07-13,1,0,0,Best before:13.07.2021 | Use by: | Imported
001031,11,2022-10-NONE,0,0,0,SEKAR | EDIEASPOONS | CM SREET | 9 | + | OOUNCE | SORTENNG | - | + | BARMCRCOLATE | OUNIENED | OCUNCE | 3/4 tsp. vanilte extract | 4 cups milk | . | 1/3 cup hot water | ㅁ | 5 | 1/3 cupmilk | 2OpHERSHEYSCOCO | 3 cups powdered sugar | Egcuseo buter or margarine | 1 tsp. vanllaextrac | MHEYS-PERFECTLY 
001040,11,2022-04-15,1,0,0,EXP:2022.04.15 DDER TJ16
001042,11,2021-09-13,0,0,0,L250 21203 | 13.09.21 | 212 | amilio | protein
001045,11,2021-04-30,0,0,0,1111805 | L.DEM27BLO | 30-04-2021 | M0000007700241
001049,11,2022-01-06,1,0,0,노브드의 이념과실천 | N729 | Hse Ree SpahettSu | 스파게티소스 | 2022.01.06 까지C | 홈스타일 로제 | 당시이 스마트컨슈머가되는길 | 이것이노브랜드의 이념과 철학 | 가장최저의가격대를만드는것 | 최적의 소재와제조방법을 찾아 | 랜드가아다 소세자다. | Brancd
001050,11,2022-01-06,1,0,0,N729 | 까지C | I 소스 | 2022.01.06 | 스파게티 | 홍슈타일로제 | 이것이노드의이념과 협학 | 최적의소재와제조장법을 찾아 | 브랜트가아니다 소세자다. | NS
001052,11,2022-12-20,1,0,0,유통기한 | 2022.12.20 | 고입제조원 | 수있습LC | 거래위또는 보상 | 시 고시 소비지 | 부관방법 직시광선을피하고개봉후에 | 두껑을닫아 | 10050518017-45 | 유통기한 | 별도기일까지 | 모장재실 | 02-380-5678 | 유통전은 | 제조원 | 45/061-833-8757 | 원재료명 | 내8 | 2.0008 | 제명 | 자몽차 | 식통유형액상차 | No Brand:
001053,11,2022-09-01,1,0,0,"유통기한 :2022.09. 01 | 까지 | 제조번호:20003 | 파손 등에 주의하십시오. | 보존하고,유통 중 흡습되지 않도록 포장의 | 본관방법: 직사광선을 피하여 서늘한 곳에 | 와상담하십시오. | 와이상사례 발생 시섭취를 중단하고 신문가 | 섭취시주의사항 | 내장 | Un | 내 | 에프오에스 3550"
001063,11,2022-01-04,1,1,0,"디를 수 없습니. | 1일 영영성분기준처에 대한하울(%은 2,0) kca 기준이으로 개인의필오 열중해 | 스방0g  13g6% 1ng 0% 3g$ | 453,951ng 1$ 수g 6%  12g 2% 7g 1% | 총4용량6g/1g당1a | 영양정보 | 목보번0-50-1016/ | ·고기 가능5수수 으나해이으로2. | 소·포:드---2 | ·부정-광식품선고는 국전업이1·보관정법:직선피해설은보개봉후냉정보관-한 | 정도 공주시인영규대사로·본은 소분기의거· | C.가루정지미스,소금 오정 조이(주 | 주생중수 중국국 | (국신소국선주,주주국"
001065,11,2022-05-04,1,0,0,"2022.05.04까지1 | 8801 | 002452 | 유통기한 | 고객상담실(수신자요금부담 :080-900-133dr.sai0.c0 | 또는 보상을받을수 있습니다 | 본제품은공정거래위원회 고시소비자분쟁해결기준에의거 교환 | 포장재가 날카로우므로개봉 및사용시주의하십시오 | OTHER | ·부정·불량식품 신고는국번없이 1399 | ·반품 및교환장소:구입처및 고객상담실 | 같은제조시설에서제조하고 있습니다 | ·부제품은 조개,전복포항와게 고등어를사용한제품과 | 개봉 후에는 냉장보관하여 주시기 바랍니다. | 보관방법 | 습기나 직산광선을"
001066,11,2022-05-04,1,0,0,88012 | 2022.05.04까지1 | 유통기한 | 고래상담실(수신자요금부담):080-900-6133 dr.sai0.co.kr | 또는 보상을 받을 수 있습니다 | ·본 제품은 공정거래위원회 고시 소비자분생기준에 의거 교형 | 모장재가 날가료우로개용사용시주의하신시오 | OTHER | ·부정·불량식품 신고는 국번업이 1300 | 구입상당 | 을시서하고있니다 | 은    과 | 개방 후에는 방정보관하여 주시기바 | 기나 직사을 피하야 세한곳에 보배 주십시오 | 보관방법 | 4P-2(0/2014030226135 | 모정재질 | (조대
001071,11,NONE-01-24,0,0,0,든든한끼 | 불가리스 | 떠어는 | 01.24 A | EE
001078,11,2023-09-24,0,0,0,RNATIONAL | SELL BY 2023 09 24 GRLRU
001079,11,2023-09-24,0,0,0,50 | 46m | SELL BY 2023 09 24 GRRU
001082,11,2021-06-17,1,0,0,pe-Pegsered trademarks of ITw | 금의대방로 112신대방동) | www.nongshim.com | ·본시:서울택시동작구 | 080-023-5181 | 공객상담 수신자요금부담 | 농심 | 하026학순1536 | 2021-06.17까지 | 잡아 개평해 주세요 | 유지시켜 습니다 | 대칭되는 전면부분을 | 의신성도 | 는 D 부분과이와 | 그림처 후면에기된 | 그처 | 1개봉합때 | 2달을때 | 대포장 지퍼백 사용법
001090,11,2021-04-16,1,0,0,"cm | 대상주)거공장 경상도거식강3 127 | 조원선제(주 충청남도 천안시서북구성환읍성환21길 33 | 반품 및 교환장소판매원및 구입처 | 보번호20030449009547 | 문장질 내면 폴리프로필렌(PP | 밀,대두,새우함유 | 농축액(생강-국산),카놀라유,설탕, 볶음참께,식물성유산균발효액 ENT | 양파,대파,마늘},올리고당,미작{기타과당,포도당,발효식초,정제소금(국산),주정,생강 | 원대료명 | 검은콩41.5%(국산),맛간장(양조간장[천일염(호주산),탈지대뒤(인도산),소맥],무국산) | 유통기한 후면상단표기일까지 | 보관방법"
001092,11,2021-03-19,1,0,0,"국번업이(099·보관당업:냉장보관(0~10c)·우통기한:전면 우측하단 표기일까지 | 기류줄을 사용한 제품과 같은 제조사설어서 저조하고있습니다.wMcimucek·부정·불량식품 신고는 | 용가-클리프로렌 리드 리린·품및교함:본사 및구입처은움은 공정거우원고시 스비자 분생해결기준에따라 교환또는 | 88011141103890 | 2021.03.19까지 | 냉쟁보관 | 소브산칼륨보존뢰 | 첨가 | HACCF | 빙초산,시키린나트룸감미료,0~10c | 2021.01.20제조 | 300g|무55%국산),농축레몬과습 0.23%(고형분함량25%이상)"
001097,11,2021-06-11,1,0,0,2000 KC | 기한 | 16 % | 9g | 08:15A04F5 | 까진 | 1% | 5 mg 미닌 | 유통 | 레스데를 | 2021:06:11 | 40% | 부터 | 69 | 화지방 | 2021.01·12 | 7 | 트랜스지방 | 41% | 229 | 지방 | 18 | 16 g | 당류 | 15 | 619 | 탄수화물 | 650 mg | 나트름 | -9구입한 | 충‘용량당 |  1399 | 에보관 | 영양정보
001104,11,2021-08-26,0,0,0,818010071330723 | 500 g(4인기준/6회분) | 2021.08.26 | 2020.11.27 | 다담우렁강된장압 | CHEILJEDANG
001149,11,2022-07-31,0,0,0,2022.07.31 | (: | 8 | 5 | 8
001155,11,2021-09-21,0,0,0,21-09-20218 L0265 | 7
001156,11,2021-02-07,1,0,0,240 g[300 | 21.02.07 | 06:47 | 유통기한 | 까지 | 까요까요 | 짜먹는 | 요구르E | 서울우유
001157,11,2021-02-07,1,0,0,240 g13 | 까지 | 06:47 | 21.02.07 | 유통기한 | 72E | 짜먹는 | 서울우
001158,11,2021-08-10,1,0,0,·이제 | 리맥아치 | 천제소 | 제5호 | 원재료명 | 제조업소 | 033B200:24 | 202108 10 | 클레스터를 5mg 0만2 | BEST BEFORE (YYYY/MM/DD) | 유통기한 (0000년 00월 00일까지) | 250kca | 영양정보 | ENICNS
001169,11,2021-08-31,0,0,0,L3810 | 0 | 1 | 202108/31 | e100g ET | 1
001173,11,2021-09-NONE,1,0,0,wawloadetit | 80g서 | >LJG081446133 | 13054Uteinn/knad Sot | 'Tacker | 2021.09 | ner de pndience annt fo | acuredby/p | Best belore eand | aufraiset susec | m52115 | Ingredients:s
001181,11,2022-04-14,1,0,0,FRUIT | BOWLS& | Mango | Dk | 망고 | 100°Juice | BEST BY APR 14 2022
001185,11,2021-09-28,1,0,0,©무름이임선경 | http://www.lotteconl.co.kr | 롯데제과 | 까지 | 21.09.28 | 080-024-6060 | 부터 | 고객지원센터 | 14:38 | 20.12:29 | 오리지널 | 마가렛트 | LOTTE
001192,11,2020-12-08,1,0,0,8 | 081220 | BEST BEFORE: | (/MM)
001203,11,2023-02-28,1,0,0,9 | :r> | ∞ | 28/02/2023 | EXP | 20123521
001206,11,2021-05-NONE,0,0,0,9 | Dr.Oetker | MULTI-FRUCHT | plus | müsli | Knusper | 05.21 L095 2 | VITALIS | Dr.Oetker | Her ofinen
001211,11,2021-07-03,1,0,0,"날개포장파우치 | 까지 | 8 | 8094151434934 | OTHER | 02957846 | 비닐류 | 2021.07.03 | 유통기한 | ·보관방법: 직사광선을피하여 건조하고 서늘한곳에 보관·부정·불량식품신고:국번 없이1399·소비자상담실:080-600-2000 | ·본제품은공정거래위원회고시 소비자 분쟁 해결기준에의거,교환 또는 보상받으실 수 있습니다.·반품처:구입처 및수입원 | 식품유형 초콜릿가공품 유통기한 제품 뒷면 별도 표시된 일까지 내포장재질 폴리프로필런 업소명 및 소재지 네슬레코리아 유한책임회사1서울특별시 서대문구 충"
001214,11,2021-05-15,1,0,0,"SCA  | 41712118940 | s0220 | Trans Fat | H | Saturated | Kcal | Fat | 20g | Pproten | 2021.85.15 | Calories | Quantiy Pel | Expiry Date | Serving Per | CTS | Serving size | NUTRI | ade on | nd sovbeans. | County, | PHISCA | icacid, | od industrial | dium citrate | PEACHFB113 | Net Weight | Item Name"
001219,11,2021-01-14,1,0,0,2021.01.14 | 유통기한 | Mah
001224,11,2021-04-11,0,0,0,LEVATEAUIPAAORR | UFTHERE TOOPEN | METAASOLAPAPARACERAR | TUCKFLAPINTOCLOSE | ORIGINAL | IOEYROADECONCOID | F8 | 1756 | Kraft | 11 APR_2021 | OUESWC/CENA. NET: 8 0Z (226 g) ③0 | CREAM CHEESE/OUESO CREMA | ORIGINAL | SRE | AM | AUS
001228,11,2022-01-11,1,0,0,http:/www.orionworld.com | 8 801117109004 | 까지 | 기한 | 22.0.1(B) | 부터 | 21.01.12(14:38) | 유통 | HACCP | YORION
001247,11,2022-01-19,1,0,0,"8801117-109202 | 시고기함유 | 성향료,카라멜색소 | 밀. 달걀 | 22.01.19(A) | 료,카카오추출들)혼합제제(함 | 까지 | 합성제한성 | 21.01.20806 | 부터 | 치즈분말,유화제언하이드로일 | 원재료명 | 보고번19870415003165 | 포장재질 플리프로벌린"
001279,11,2022-10-09,1,0,0,WA02830585EXP2022/10/09
001294,11,2021-11-NONE,1,0,0,"LOBJECTS SUCHAS HARD AND SOFTCAN | -ENTLY DECOME LODGED IN THE THROAT. | LLAVIAIARMICR | ANDY COMPAN.AIl Rights ReSeTVed | ANOY CAMPAN,CHICAGO,ILGOGU7 | 142014 | ADDED,BUIE1, BLE 1 LAME BUJE 2LAKE, RED 4, RED 4O LAKE, YELLOW 5,YELOW 5 LAKE, YELLOW 6. | Please Have Packane Avallable When Reaching Out"
001312,11,2022-10-20,1,0,0,RT | 629205 | :12022/10/200 | 101:191001008 | 건강기 | 유통기 | 가능 | 197 | 2 | 제조사
001314,11,2022-01-15,1,0,0,유통기한 | 2022.01.15 BUA16 | 까지 | OTHER |  SOAC | 시박재이1399 | 닭고 | 메일 | 개봉후에 | 보관시준 | 주의사 | 재포장재질 | 원재료형및항량 | 제조희사 | 폴리에틸렌(PE) | 2용량 | 유통기한 | 5008 | 마리아니팩킹사 | 반품및교환처 | 원산지 | 소분원 | 미국 | 하단별도표시일까지 | 구입처 및 해당업소 | 수입원 | 소비자 상담실 | 제품명 | 031-763-466 | 건크랜베리 | 식품의 유형 | 당철임
001327,11,2021-07-19,1,0,0,"8801073 | 8 | omg 1 | 1120mg | 200mg | 800 | 약2도)이되을드싶시 | 1800 | 1000 | O니다 | 스V | 500mCe을3입니다. | HACO | 교방 | 레스터H Omg | 표화지방80 | 트랜스지방0 | 원주 12A1 오길자 | 부답은 없고,마음은 채우고 | 지방 179 | 2021.07.19까지 | 79 | 1.120mg | 700 | 영양정보 | 우유,대두밀쇠고기,오정 | 스트역기스분말유산 할표분말 | 하미진제 불맛광조미유 신미제(산도 | 삼양식품서울특시정구오산로3길 104 | 기일까"
001332,11,2021-12-NONE,1,0,0,ARTISAN | 317001121016414 | 11:00 | P24158 | LOT | 12/2021 | DDM | N° di lotto | Daconsumarsi peferibilmente entro fine | No de lote | /N° de lote | Best before end /Bach ub. | No de lot
001342,11,2021-09-10,1,0,0,"SEA SAIT, CINNAMON, NATURAL FLAVORS. | 02547861B 19:15 | Sodium 180mg | 8% | SEP 10 2021 | Protein 3g | Cholest Omg | 0% | Best f Used By: | Trans Fat Og | Ind. 13 Added Sugars 26% | D | Total Sugars 17g | 1-888-259-4321 | ordinary? | 원신지 | 231kc | 미국 | 2 | 조사 | SACSINC | 층내용량 | 170 | SAHALE | 2 | 1"
001345,11,2021-08-27,1,0,0,"C HONEY, GROUND VANILLA BEANS | RUP | CANE SUGAR, SESAME SEEDS | 02407861C 19:10 | Iron 1mg 8%  Potas. 231mg 4% | AUG 27 2021 | VeR.D Omg 0%. Clium 4amng 6%1 | 10% | Best If Used By: | Protein 7g | 30 | Sodium 220mg | UD | 0% | Incl. 7g Added Sugars 15% | Cholest. Omg | 같은 제조사설에서 제조하였습니다 | 1일 영생분 기준"
001354,11,2022-07-06,0,0,0,BB. I6 IUL | 202 | L0T:20-188 16:51
001371,11,2022-04-27,1,0,0,"단백질4.0g 7% | 90% | – | 포화지방 0g 0% | 트랜스지방 00g | 당류40g | 탄수화을 83g 25% | 고는 국번없이 1399 | 을피하고서늘한곳에보관 | 해위원회 고시 소비자분쟁해결 기준에 의거 교한 또는 보상 받으실 수 있습니다. | 울 사용한 제품과 같은제조 사설에서 제조하고 있습니다. | 리민 | 리프로릴렌 | 반용및 교환구입처 또는 수입원 | 2022 04 27 A | 고기함유 | 도당피인성망고항02)(식용소 | 사원 설성 정제수,라(소)이세아민산이전분구연산망고05) | 0g (361 kca) | P"
001376,11,2021-12-02,1,0,0,"19:51TK3 | BEST BY 2021 12 02 (KDREA, JAPAH,"
001385,11,2018-09-NONE,0,0,0,Pari no/Son kul. ta: | 1
001394,11,2021-09-01,1,0,0,kca | 1% | 4% | 11% | 0% | 0% | 8 | 87Zamg | 5219 | 1108g | 24g | 0g | Qtg | 0g | 00g | 0.35g | 열량 | 나트름 탄수물 당류 클러스터를지방 트렌스지방 포화지방 | 단백질 | 영명보   | 모상받ET있니나. | 표일지품및환장소:입및리점·본제품은공거은고소비 분준에의거 | 무보존료 | 20210901J | OTHER | 비닐류 | 피클 | 찬아름
001400,11,2022-01-29,1,0,0,"까지 | 222 | ·유통기한: | 유동 | 홈플러스(주)ww.homepus.co.kr서울특별시강서구화곡로398 | 유통전문판매원 | (주)꽃샘식품 경기도 포천시 소홀읍 죽엽산로 35번길 82 | 제 조 원 | 내포장재질:폴리에틸렌 | 포장재질 | 별도표기일까지 | 유통기한 | 규소잣함유 | 2%,정제소금,카라멜색소분말,이산화 | 산)2 %, 재중국산)2 %,아몬드(미국산) | 제생강오일,이신화규소 부당),대추국 | 및함량 | 아검, 폴리소르베이트 2014%혼합제 | 원재료명 | 산)13.84%,을래오레진진저, 아라비 | 스트린,생"
001408,11,2021-12-16,1,0,0,"수신자요금부담080-024-6060 | 고객지원센터 | 롯데제과 | http://www.lotteconf.co.kr | 버리는 밝은 마음 | 80106211876907 | 8 | 까지 | 하얀반점이생길 수 있으나, | 21.12.163 | 01399 | 구입상점 및 본사에서교환 | 1일 영양성분 기준치에 대한 비율(%)은 2,000kcal 기준이므로 개인의 필요 열량에 따라 다를 수 있습니다. | 우유,대두함유 | 콜레스테를5mg미만1%단백질39 5% | 지,합성향료,프로필렌글리콜,호 | 지방 149 26% 트랜스지방09포화지방89"
001409,11,2021-12-16,1,0,0,"롯데제 | 수신자요금부달 080-024-6060 | 고객지원센터 | ww.fotteconf.co br | 801062876907 | 8 | 까지 | 21.12. 16 D | 반점이생길수 있으나. | 399 | 상점 및 본사에서 교환 | 1358953 | 포화지방8953% | 우유대두 항유 | 2606 | 성향료,프로랜글래놀(중 | 1(38 9)220 kca | 토스트,팔기자기중 |  내용 114 g(38 gx3) | 영양정보 | 민 성당,합분유(외국산 | 카카오를 활용한재생용지 | 1149(38 9x3) | 내용량 | Smart R"
001410,11,2021-05-25,0,0,0,ir preferencialmente antes de | Aconsommer de | ·A | yy | /mm | or | (dd | n Data de abricao | Iction | Date | roduction | R
001425,11,2021-06-22,1,0,0,DR36B | EXP.22.06.2021 | PR0D. 22.06.2020 | Store in a cool dry place. Best before | () | Wos Tostes win MACROCOM/ Www imacro.cok | 가 있니주의합니다 | 단백질0.69 | 1% | 6% | 플레스테를 192m0 |  조하고시한곳에보관 | 31% | 포화지방469 | 랜스지0.16g | 통기(보장)재질 | 플리프로일센 | 6b9 | 독일 | 519 | AIGUST STORCK KG | 일레기을일 | Mad | Lecitt | 영양정
001441,11,2021-06-24,1,0,0,"OTHER | 학유 | No Brand는 모두이마트의 상 e입니다 | 쌀가루 | 비닐류 | EGT | 국수(국물형)나트름평균함량 1640mg | 325 kcal) | 나트륨함량비교표시 | 수얼큰한맛 | 과실전 | 2,64011g | 조리불가 | 주의 | 800 | 싸그시 | 2Xmng | 전자레인지 | 뜨거운물 | 5 | 3 | 1000 | 1800 | 5 | 스마트컨슈머 #뒤기지않은면#간편#쌀국수#얼큰한맛#해장 | 1200 | 1600 | 1400 | 레스테0mg 0%단백질79 13% | 지방 0.8g1% 트랜스지방09포화지방 0"
001453,11,2022-09-13,1,0,0,유통기한:2022.09.13까지 | GMP | 제조번호:20-139-002 | 402413 | 1억원 | 809447 | 8 | DB애보일 | 유통기한(8자리) | 관리번호 | 7543720+ | 식품이력추적 | 판매원 관학구 남부환로 1889 | 윤통전문서울약사신협/서울시 | 화성시 장안면 석포로 220 | 제조원 | 에스케이내추럴팝(주)/경기도 | 소비자상담실080-781-1948 | 교환장소 | 구매처 및 소비자상담실 | 반품및 | 병:HDPE/뚜껑:PP | 내포장재질 | 곳에 보관하십시오 | 에아및어린이의 손이않지시 | 받지
001459,11,2022-10-29,0,0,0,당질임 시공지몽지몽40월 | 500 | 2022.10.29 | 자료 | 아임신 | 농차원 | WON | GHIA | NOK
001466,11,2020-11-03,0,0,0,5 | 기 | 난화효소나 공기 | 등육보그호 | 판대원 | HACO | 제조원 | 여과지 포장저질 | 플리에달렌 | 플리아미드 1학림 20 | 차나무임(보이차중국산 | 원재로형 | 식품유형 | 보이차 | 제품명 | 참차 내용량300120 | 3분간 우린후티백을건져내고휘저어줍니다 | 보이차 삼각티백을찾진에고온수90다를 부 | 9ot 3분 | L | 햇별에건조시컵니다 | 건조합니다 | 비비기를반복하고 | 미생물을발효시킨후 | 분쇄합니다 | 재입한원료를 익한후 | 숙성과정을 통해 | 알맞은크기로 | 발효숙성 및 건조 | 쇄청 | 분쇄 |
001468,11,2022-12-03,1,0,0,"www.sktea.cor | 1399 | 유동기한 별도표기일까지 | 19750621001-219 | 판매원 | 제조원 | 여지 포장자질플리아미드1회섭취참량 200 | 플리어달린 | 구기자,스테비아잎합성향료생강향 | 원재료명 | 생강국신),모과국산)계피(베트남산)발효차감천궁, | 침출차 | 온기중전계파생강차식품유형 | 내용량 492g920타벽 | 제품명 | 2022.1203 | 관리합니다 | 드셔도좋습니다 | 제품화까지철저하게 | 맛을느낄수있습니다 | 티백이라2-3번더우려 | 명인이원료·가공 | 원물의입자가커서풍부한 | 잘우러나는피라"
001480,11,2020-12-18,0,1,1,"8 | ""80100 | OTHER | '비닐류 | 제품 | 이상의생긴 | 2020.12.18 | 비붉쟁행결기에의거 | ·제조연월일: | 질에는이상이없흐점로 안심하고 | 따라다를수있습니다 | 2,000kcal기준이로개인의 필요열량에 | 중의관인빌슷한손로, 종미료 등이 | 1일영양성분 기준치에 대한 비율(%)은 | 마십시호 | 0% | 단백질0g | 문약품 등이있는 장소에함께 보관 | 0% | 콜레스테롤Omg | 넘생가수되므록 슬한거나 확장 | 0% | 포화지방g | 장소에로관하십시오 | 트랜스지방0 g | ·개미나벌레 등이들어가지 않"
001487,11,2022-12-08,1,0,0,7102380-5678 | 37(성수2 | 수입원 | Aeis e  CSrSA | 플리에일 | 제조사 | 포장재질 | 보관방법 | ) | 유통기한 | 원재료명 | 1000m (30c) | 기타시성장원지스페인 | 식품유형 | 프EW GRAEEDOUU | 제품명 | L.22521 | EXP:08 1B-2022
001488,11,2021-07-12,1,0,0,DAILY | 마요네즈 | 데일린 | 브랜드가 아니다.소비자다 | No Brand | 2021.07.12E | U
001491,11,2023-07-08,1,0,0,1420243 | otto:00120 | 15:19 L4/3F | Exp:0807 23 | Doltid/Kogetid/Koktid: 12-14 min | Bistfre:/(/// | mps de cussons /Kochzeit/Tiempo | Bedst far. | arant le: / Hindestens hatbar bis | SCOLA | ASTIC | 500 ge 1.1 1b | PLASTICA | ecco.com | best capture the sauce. | PESOLiQUIDO | onze draw plates to g
001495,11,2021-11-22,1,0,0,OTHER | 2021.11.22까지 | ·고객상담실:070-4610-4233 | 8807354/2172501 | ·부정·불량식품신고는국번없이1399 | 시오·반품및 교환장소:구입처및 고객상담실 | 유지를위하여 방습제를넣었으니드시지마십 | 하시면더욱 안전하게 드실수 있습니다.·신선도 | 에의거구입처에서교는보받을수있습니다 보환방법  | 품목보고번호201903483217 | 포장재질 | 내면-폴리에틸렌 | 히말라야핑크소금 | 및합량 | 원재료명 | 유통전문판매원 | 제조원 | 120g | 식품유형 | 유동기한 | 별도표기일까지 | 경과
001503,11,2021-06-24,0,0,0,쌀국수멸치맛 | 2.120mg | 쌓국수 | 5 | RICE NOODLE | 이미지 사진 | No Brand | 2021.06.24 | 57 | 8-8011851013377 | 20
001508,11,2021-10-19,1,0,0,"BEST BY: OCT-19-2021 | PK01906 | 83823 | 0 | 1161137 | 0% | M.AT, 1386722 | e road the ing | mers with food | roduct of the USA | O.COM | 1124-1535 | ALE CORPORATION | d Amonds. | ms (tem pasteurizod)."
001514,11,2022-08-16,0,0,0,"2022.08.16 | 각종요리에 사용하시면 좋습니다. | (1,260kcal) | 튀김,하이라이스,탕수육등 | 350g | 만두,송편,국수,부침,자장, | Corn Starch Taste | N원식품 | 옥수수전분"
001523,11,2021-06-14,1,0,0,기한 | 16:27A01 | 유통 | 까지 | 3821-81.15 | 부터 | E | OTHER | HACCP | 620m8 | 21 | 10088 | 기8 | 영양정보 | 9052 | 2 | 허브솔트맛 | 포장재질물 | 4.05 | 전 | 감사ㅋ | /2
001531,11,2022-06-06,0,0,0,"2022.06.06.14:30 | 리드X:OTHER | 2자원실  | 080-996-777 | 818010051139748 | 캡/라별PP | C.www.semoio.con | 20 1399·및교처: | 봉화이는 냉장 | 고분 상온이서 보관하 | 제품은최고기 칩 | 정제수,정자소금 대고 | 주 | 16 대(외국산 | 주전일영 | 33 | 100 09g25c | 영양정보 | 내용랑 500 | / | GE"
001547,11,2021-07-04,1,0,0,OTHER | 까지 | 21-P4 | 화지 | 단백질 395% | 160 kcal | 트랜스지방0 | 중내30 | 지방99 17 | R | 나E20m9 ) % | 영양정보 | 롯데제과 | 아 | 해바라
001548,11,2022-09-28,0,0,0,U0 | bu7.1. | NH.240GM | ll | cipe
001559,11,2024-12-21,0,0,0,SPEN ANDTHESEALAT CLICK-BTRIP
001567,11,2020-04-23,0,0,0,"주 | REM 12 | 15:54 | 23APR | 2020 | S | W | L | E |   | S | STRING, | STRING"
001582,11,2021-11-05,0,0,0,2021.11.05 K23 | MANGO AS IS | 그대로 | 망고 | 100 | PEACOCK
001585,11,2021-10-28,1,0,0,"2021.10.28 L15 | 까지 | 유통기한 | 포장재질니면 폴리에틸렌 | ·큐원홈페이지:ww.gone.co.kr | 대두우유함유 | 합성향료(바닐린) | 고객상담실(080-023-339 | 탈지분유레시틴 | ·반품/교환 | 설탕, 식물성유지(평유),유청 | 원재료명 | ·부정불량식품신고는국번없이 1399 | 싱가포르 | 원산지 | 교환 또는보상받을수 있습니다. | 150 g(825 kcal) | 내용량 | ·본 제품은 소비자분쟁해결기준에의거. | 하단표기일까지 | 유통기한 | 하십시오 | 경기도성남시 분당구 판교로 295 | "
001598,11,2021-03-07,1,0,0,근 | 보산 | 100% | Down | 안심 | 짠맛을 줄여 | D 까지 | 02 | FB4 | 1P0부터 | e | 통합등비업 | 2020~202 | 7년 | No.1
001603,11,2021-02-24,1,0,0,소스와함께 | 계람말이에 | 명초&마요 | A | 몬스터크랩을더욱맛게! | a | 위어 | 100% | 전지방 | 촉촉합의 비밀 | 에서 발견 | 청정해역 | 알래스키 | 주의! | 생산자:정재만AT | 2021.02.24까지 | IDHSE | 꽃게
001606,11,2021-04-03,1,0,0,"·석박지절일 | 9 | 충무김밥12줄 | 2021.04.03까지 | 김밥소스와 함께 드세요. | 꼬 | 함께드실수 있는 충무김밥입니다.취향에따라 알싸한 | 양념소스로버무린오징어와 어묵,아식하고감칠맛나는석박지를 | 충무김밥 | 오징어 | 국내싼 | 온징어 | 100%"
001608,11,2021-06-29,0,0,0,02348 | 2021.06.29
001619,11,2023-10-06,0,0,0,150-7 | OTHER | OTTOGI WHOLE BLACK PEPPER | 통후추 | 오뚜기 | 갈아먹는 | 직접 | 향이생생한 | 2023.10.06B
001621,11,2022-07-19,0,0,0,2022.07.19T2
001631,11,2022-10-21,1,0,0,ww.nokchawon.co.ki | 유통기 | 2022.10.21 | 장소재지:경기도포 | :본시: | DOR-ABN | 모정사 | BEPICHOUC | 품목보고번호
001638,11,2021-04-12,1,0,0,OPEN | 21.04.12 B | 까지 | 제크
001645,11,2021-10-12,0,0,0,L:28713 21:15 | 202110412 M2
001648,11,2021-12-14,1,0,0,식품위양 | 한 | 2 | PCUU2P5117L3X12 | 2021/12/14 | EXPIRY DATE/유통기한
001652,11,2021-03-09,0,0,0,8 | 18050 | 단백질 0g | 0% | 플레스테를0mg | 0% | 포화지방8g | 53% | 트랜스지방0g | 지방99g | 183% | 당류0g | 0% | 탄수화물0g | 0% | 나트름0mg | 0% | 100mI당 | 100m 890 kcal | 영양정보 | 총 | 300m | 요22 | 2021.03.09
001656,11,2021-01-16,1,0,0,Coffee Loose | se Coffee | 질소충전 | 있으니 주의하시기 바랍니다 | OTHER | 개봉후지른면에손 등을다칠수 | 경우보보 | 1 | 부정물량 식품신고는국번입이  | 포장재질 플리에릴렌 | 고객상담살:157-630 | 두100% | 내용량209 | 보관방법 직사선을 지 | 유 전는 면기일 | 반품 및 교환 장소 제조원및구입처 | 모승을 모승공단1길 | 업소명및 | 본제품은 공정거래위원회 고시 소비자 | 식품의 유형 커피 | 2021.01.16 | ose Cof | fee Specialty coffeoE. | a
001659,11,2022-10-05,1,0,0,"재활용어려움 | 880921916943291 | 2EXI:PE | 껑라벨:PP | 2022.10.05 | 유통기한 | ·부정불량식품 신고는 국번없이 1399 | ·반품및교환장소제조원및각구입처 | 또는 환불 받을수있습니다 | 비자분쟁해결기준에 의거 교환,보상 | ·본 제품은 공정거래위원회 고시 소 | 한곳에밀봉하여보관하십시오 | ·보관방법:직사광선을 피하고 서늘 | 같은 제조시설에서 제조하고 있습니다 | 쇠고기홍합, 새우를사용한 제품과 | ※이 제품은우유,메밀,땅콩,대두밀 | TEL:043-536-2546 | 천군진천읍금사로170 |"
001662,11,2022-04-26,0,0,0,2022.04.26B | E-4- | | 5 | 오유주식 | 4 | 오 | 19830445006 | 해단표시일까
001663,11,2020-08-29,1,0,0,"는반드시 지정된 장소에 버려 주십시오 | 까지 | 급부주의 아상이성긴 제품은 판매정및 대리정에서고환해드립니다. | 2020.08.29 A | 품신고는국번없이 19 | 유통기한: | 로고의1953년은C제일당국내최초로생산한설당첫선을보인헤입니다 | 811801007111847771 | OTHER | 및따리점 | 비닐류 | 2로 197309901-54 | 080-850-120016-547j.co.k | 고객행복센터 | 0.3%,D-자일로오스9.5%난소화성말스트린0.2% | 500g | 위트리자일로스설팅식품유형 | 0% | 단백질0g | 0"
001669,11,2021-02-08,1,0,0,"송원기 | 2021.02.08까지 A | 0.4%마요네즈 28.56 % | 깐계란70%,난황분 | 400 g(1,088kca) | ※냉장 | 더맛있게! | 에발라 | 스룹샐러드 | 에그마요 | 기 | CAIAN | f0 | AEAL | PIG IN THE | BZRDEN | 가쓰"
001673,11,2021-05-19,1,0,0,Dangwon | 10::19가지 | 2021 | 유통기한
001700,11,2021-10-27,0,0,0,터 | 21.10.27 A2
001703,11,2021-07-16,1,0,0,"냉장제품가공치 180 g(600kcal,10매입)k | *보존료무첨가 | 우유칼슘2.3% | 12:07 B | 까지 | 2021.07.16 | Ca | 칼슘왕치즈 | Cheese | 도로 | 가좋아하는"
001710,11,2021-10-15,1,0,0,©무름이 임선경 | http://www.lotteconf.co.kr | 까지 | 롯데제과 | 수신자요금부담 | 080-024-6060 | 부터 | 21.01.16 |  고객지원센터 | 07:34 | 오리지널 | 마가렛트 | @ LOTTE
001728,11,2021-02-08,0,0,0,송원기· | 2021.02:08까 | 더욱맛있게! | 빵에발라 | 스룹샐러드
001740,11,2022-11-01,1,0,0,·품질유지기한: | 2022.11.01 9 5 | 8 803217 000915 | HACCP | 안전관리인증 | 판매체 홈플러스취/서울특별시 강서구화곡로 398(등촌동 | 포장재질응기/PET/정PP.고무제실링지·PET | 원재료명 및 함량 | 잡화100%(국산) | 식품의 유형 발굴 내용량 3009
001762,11,2021-11-22,1,0,0,"Best before | maximum 23°C | Dy contain milk and eggs. | Ivour Vvanila lvour)0.1% | d cream 28%: sugar, vegelable | tsodiumhydrogen carbonate) | 2021/11/22 E9 | sugar, vegetable oils(palm, | VANILLA FLAVOUR FLLING6 (28%) | 150g (780 kcal) | TAVOUN"
001772,11,2020-08-07,1,0,0,※봉지째 전자레인지에 넣으면 위험합니다.반드시 전자레인지용 용기를 사용하세요. | 일하십시오 | 데운 후 드세요.(1000W 사용시 4분) | 가열된제품은 뜨거우므로화상에 | 덮개 또는 랩을 씨우고 5분간(700W 기준) | 넣고 5분간 데운 후 드세요 | 용기에 내용물을 부은 후 전자레인지용 | 끝는 물에 봉지를그대로 | 3 전자레인지 이용시 5분 | 2끝는 물 이용시 5 | 센 불에 4분간 끓여 드세요. | 2020.08.07까지 A | 냄비에 내용물을 부은후 | 4분 | 1직접가열시 | 외식 국물요리 | 즐기는 | 꼬리곰탕 |
001780,11,2020-09-01,1,0,0,"구입한 곳 | 식품 신고:국번없이 1399·고객센터:(전화)080- | 까지 | 2020.09.01/AF2 | 기한 | 니한 피해보상·직사광선을 피해 온·습도가 낮은 곳 | 2020.03.02/12:48 | 유통 | 류(굴),토마토,땅콩 혼입 가능·제품의 신선도 보존 | 부터 | 익산시 서동로 23길 11 | 760487005194 | 818011171555115 | 달걀,밀, | 5종 | 단산수소나트륨,산성피 | 나트롭,쌀가루,푸마르 | 정,유화제 5종,코코아분말.전지분유,식물성유지 5, | 를,글리세롤,소르비탄지방산에스테르),이"
001786,11,2021-09-19,0,0,0,BXP:2021.09.1 DDFO TC20
001787,11,2020-12-NONE,0,0,0,Honeys | musli | Knusper | Dr.Oetker | Mindestens haltbar bis Ende Monat/ahr | VITALIS | 12.20L310 1 | Hier öffnen
001788,11,2020-12-NONE,0,0,0,Honeys | Knusper | etker | VITAIS | 12.20 L310 1 | Hie oftne
001789,11,2021-01-16,1,0,0,까지 | 2021.01.16 15:02 GD1 | 유통기한:
001795,11,2021-01-27,1,0,0,장을떠불로 | 위한미생를 | 마이크로바이 | 장을 떠불로 튼튼하게! | (특허 제10-1150130호) | 프로젝트 | 특허받은 STT*공법으로 부드러워 맛있게! | 색소를넣지 | 장속유산균까지생각한 마이크로바이음으로 | 마이크로바이움 | 맛도떠불! | 장건강도떠불 | 2021.01.27 | [연출된 예]
001796,11,2021-01-27,1,0,0,"장을 때불로 | 장을 따물로 튼하게 | -(53 | 마이크로바이 | 특허받은 ST""공법으로 부드러워 맛있게 | 장속유신문까지 생각한 마이크로바이옷으로 | 색소를넣지 | 마이크로바이움 | 장건강도 떠볼 | 맛도떠볼 | 2021.01.27"
001799,11,2021-10-14,0,0,0,14.3109 | XP: 2021/10/14 NoBrand | 바삭지즈스틱웨이퍼를 | 115 g(560 kcal)|치분말 054% | N875 | 치즈웨이퍼를 | 인도네시아산 | WAFERROL
001803,11,2021-01-15,1,0,0,alo  | 까지 | 2021.01.15.B | 쿠키 | 해플 | APPLE COGXE
001814,11,2022-06-07,1,0,0,/AOTNE | DP | 까지 | No BrandeF | 2022.06.07 | 8801161501663 | 품질유지기한 | 신고든 국번없이 1399 | [02)380-5678 | 반품 및 교환장소 제조원 및 구입처 | 판매원 | (주)이마트/서울특별시성동구 뚝섬로 377(성수동2가) | 아용한과은조에서조하고있니다. 불량룸 | [080900-3214 품질유지기한 하단표시일까지 | 제조원 | 신송식품(주)/충청남도 천안시서북구 직산을 부송1길 5 | 광선을피해실혼에 보관하시고개봉후에는냉장보관하시는 것이 | 식품 종국밀함유 | 품목보고
001821,11,2020-09-01,1,0,0,부2060-023-5181 | 구미 2B02 박교빈1936 | hitp:/ww.nongshim.com | 사세동주구여의대방로 1(신방동) | 2020.09.01까지 | 신2는 변이 19 OTHER | 49 | 2% | 같은  시서 고 있습니다. | 단백질19 | 4.8 mg | 기오징 | 403 | 레스테를 1.8 mg 1% | 69 | 통못보2번호/200105495411(구 | 포화지방2.4g 16% | 0.5 goe | 트랜스지방0.5 g미만 | 199 | 13% | 지방79 | 23g | 9% | IR | 당9g | 559 |
001826,11,2021-09-19,1,0,0,PC3204:57 | 19/09/2021 | for/Best for: | antes de: Ten minste houdbaa tot: s ore/Beds | de preference avant le:  Consumir preferentemen | Best before:  Mindestens haltbar bis:  A consomm
001828,11,2021-11-28,0,0,0,00049930-33333 | 02:24 | 2B/11/20210 | PL |  Aconor  t fore | SiraberyseMan | WINING
001832,11,2022-09-02,0,0,0,마카다미아100 % | BUK26 | 2822:89:02 | 230g | 마카다미아
001834,11,2022-07-12,1,0,0,i4 | 022-07-12까지
001837,11,2021-10-02,0,0,0,2021.10.02까XA | N355 | 보터일발사믹 드레싱 | SALAD | IRESSING | ALSARIC | DRESSING | HOMESTYLE
001850,11,2021-12-16,1,0,0,브랜드가 아니다.:소비자다 | EP 2021112116 | No Brand | #달콩 #바삭 #초코 #스탁#웨이퍼를 | 1115 g(575.kca) 코코아분말 742% | #노브렌드#스마트건습어#이마트 | 보의이 | 초코웨이퍼를N19 | 인도네시 | WAERROLL
001851,11,2021-12-16,1,0,0,16L110 | anc | NO | EXP 2021112-16 | |115 g(575kca)|307 | N319 | 초코 웨이퍼를 | 인도네시 | 2WAHERROL]
001853,11,2022-08-13,0,0,0,3 | 8 | S
001855,11,2023-10-28,0,0,0,L20302 N078 | 280t2123 | TALIA | Da cons mme einis | ginfoasprlegeut | 0L10 | Sevioconsuou | CON | SACCA | ]|( | WW.sigel | 030 BcostR | VaPone inn | TAS | COMAIA | GOCA | SPRAY | la pre
001859,11,2022-07-08,1,0,0,외법:/ | LE:LDE | . | 폰타나 | www.fontanastyle.com | 0g0% | 단백질 | Omg 0% | 클랙스테롤 | 트랜스방0g | 망 10 1% | 당류 0g0% | 탄수화물0g 0% | 4E름 mg 0% | 100g 당 900 kcal | 영양정보 | 총 내용량500 mL(1 g=1.08 m) | ②080-996-77 | 고객지원실 (요금은 생표가 부담합니다) | o'c | 교화체 | 포장재질 | 반품및 | 어탈렌 | 유리 | 3내면 몰리 | 뚜경내 | 주식호 | 경기 | 이천공장 | 사아 | 심표식 |
001869,11,2021-09-26,1,0,0,NFG: 26/11/2020 15:14026 | EXP: 26/09/2021 F0R EXPORT | Consumebeore ale | Tipco
001876,11,2021-09-30,1,0,0,"B8030/09/21 | 직을해조하 에 | 보관방법 | 100638 | 663350 | 3 | 포장재질 | 일루미눔내인, 트레이폴리에틸렌테레프탈레이트 클렉스테를10mg 3%단렉질 3g 5% | 지방 19g35%트텐스지방0.2g포화지방12g80% | 유유, 대두함유 | 나트 40mg2%탄수화물35g 11당35g 35% | 원재료명 | 대두레시틴,천연향료 | OF:168043 | 설당, 전지분유 코코아버터, 코코아매스 | 영양정보 총내용량 60g 325kcal | 60g(325kcal) 원산지프랑스 | 내용량 | 부정불량식품신고는국번없"
001877,11,2021-11-03,1,0,0,• | - | uln | ro | merlo | 아게 | 8 | 12 | o | 18:22 | 03/11/2021H3 | BEST BEFORE:(DD/MM/YY:(//) | RY EXPORTING TO THE WORLD
001878,11,2021-11-03,1,0,0,의 | 031112021 H3 1822 | TEXPORTING T THE MORL
001885,11,2021-12-05,1,0,0,DANONe | 000970· 241 LN3 18:59 | 100961833 | 2021.12.05 | 2020-06-05 | PROD: | 2021-12-05 | EXP: | 17181171610112 | tamil | 주의 깊게준수하여 주시기 바랍니다. | 카카오톡 | 궁(공휴일 제외) | 모유가 아기에게 가장좋은 식품입니다. | OUR UNIQUE PROCESS
001915,11,2021-06-24,1,0,0,뚜껑PP | PP | ( 202kd | 0% | 00 | 0% | 스터롤Ogg | 1% | 표지방019 | 스99 | 0% | 지방09 | 9% | 당률99 | 3% | 탄수화물99 | 0% | LE를mg | 1일 영양성분기준치에대한비울 | 55 9당 | 55g 36 kcal | 영양정보 | 총 내용량6669 | EXP JUN 24 2021
001916,11,2021-06-24,1,0,0,50537 | 0% | ma | 1% | 9 | d | 9 | 10 | L | ES | 영양정보 | EXP JUN 24 2021
001919,11,2023-12-20,1,0,0,"6-29207 | EXP:2023/12/20 | LOT:201200869 | 건강기능식품이력추적관리번호:6291:206 | ※이상사례 신고는 1577-2488 | 사용한 제품과 같은 제조시설에서 | 기 | 토마토, 호두,쇠고기,조개 | 두 | 알레르기발생가는성이 있는 | ※0인의 수치는 1일 영양성분 | 백질 | 0g(0%), 지방1.2 g(2 | 1일섭취량당함량열량10 | 필요 콜다공증발생위험 | 이이 흡수되고'이용되는데 | 열 | 섭 | 일 | 영양기능정보 | FORYOURPRO | 일지게입하고 | SEAL"
001932,11,2022-01-22,0,0,0,2022.01.22 | 건강
001941,11,2022-05-27,1,0,0,"일화받으실수의 | 습니다 | FREE FROM: GLUTEN | 0 | SALT | AOATENTONNCRLDRYN | PROTEN | OFHCHSA | ABI | FAT | MUSTARD SEED,MODIFED STARCH | ENERGY | C HORSERADISH-MAYO SAUCE | 2T7220:BBCIA | BBE:27.05.2022"
001945,11,2021-08-NONE,1,0,0,0.63 | 2 | 08 | 2021 | Ten minste houdbaar tot einde: | A consommer de préférence avant fin: | Consumir preferentemente antes delfin de: | Mindestens haltbar bis Ende: | Best before end: | Daconsumarsi preferibilmente entr fine:
001951,11,2022-09-16,0,0,0,16.09.2022 L1
001953,11,2021-10-NONE,1,0,0,"4884301011402 | EMB 29 168 A | - | OCT.O2021 | 40 |  /      | 6% | Fer/Iron | 0% | OTHER | 단백질3g 5% | Calcium/Calcium | 0% | 포화지방6g 40% | 콜레스테롤25mg 8% | Vitamine C/Vitamin C | 트랜스지방 1g | 6% | 당류 8g 8% | 지방9g 17% | Vitamine A/Vitamin A | 탄수화물23g 7% | 총 내용량 40g, 185kcal | 나트룹 213mg 11% | Protéines / P"
001955,11,2021-10-NONE,1,0,0,EMB 29 168 A | 3 | 14884 | g | --OCTbSO2re: | 40 | a consommer de préférence avant le: | Poids net/Net weight/Nettogewicht : | Fer/Iron | 4% | Calcium/Calcium | 0% | 0% | VitamineC/VitaminC | 1일 영양성분 기준치에 대한 비율(%)은2.000cal기준이므로개인의 필요열량에 따라 다를 수 있습니다. | 6% | Vitamine A/Vitamin A | 콜레스테롤42mg 14% | 단백질
001969,11,2021-08-NONE,1,0,0,41419171474 | 036CAALB03 | 08/2021 | Best Before | FRUSU
001972,11,2023-03-15,1,0,0,사천당제약(즈) | EU GMP 인증 안과전문기업 | 0.5mL | 0.18% | (히알루론산나트륨) | 1회용 | 하메론-S | 점안액 | 고농도 인공누액 무방부제 | 사용기한:2023.03.15 | 제조번호:20006
001975,11,2021-02-26,0,0,0,"81300637181230 | C/LDPE | SA1P.NO:1598 | 1E1T :26.02.21 | ge | ortalamabiryetiskinn reeransalmdzeyini belirtir[8400kJ/2000cal | %27 | 1,6g | 0,6g | %3 | 1,4g | tein | 0,6g | Ulever No:133768,Ume-n | %2 | 0,6g | 0,2g | Buyukdeniz cad. | Dr. Adnan | %3 | Seker | 2,9g | 1,1g | ve Ticaret | %4 | 11,5g |"
001978,11,2020-11-04,0,0,0,
001983,11,2021-10-20,0,0,0,2021 10.20 | 15 | AC
001989,11,2022-11-23,1,0,0,0 % | 0% | 0mg | 0 % | 포화지방0g | 트랜스지방09 | 0% | 지방0g | 38% | 당38 g | 16% | 탄수화 54 g | 0% | 나트7mg | 스 | 기준치에 대한 비 | 디소프리주장닉스트 | 1일영양성부 | 총 내용량당 | ES | 215 KCaT | 총 내용량 0 | 영양정보 | 정당물명구연센신도조절제 | 구입 및조원03176 | ·부정·량 식품신고는국번기 13 | 날추출색소주정 | 식품 첨가를 | 받으실수 있습니다 | 소정당신도차 | 분정해결 기에의거환시보상 | 원재료명및 | 제오리수자 | ·본
001997,11,2021-12-27,0,0,0,"www.samjin.net | 2021.12.27 | 18092601942189 | Peet Up for Fin! | OTHER | 조구입생청및본사에서항상 교환해드립니다. | 건조한곳에 보관하후적리 | 비 수요니다 | 8g | 15% | 2mg | 고번호20140332468-15 | 방 | 1% | 6g | 밀우유, 대두항유 | 40% | X방 | 0g | 7%미국산)이스파담감이로 | 149 | 이스5 | 26 % | 3g | 3 % | 료명 | 58g | 18 % | AE | mg | 32% | 기준치에대 | 7한 | 390 kc"
001998,11,2021-12-27,0,0,0,2021.12.27 | vww.samjin.net | Peet | OTHER | 09260942189 | 20140326-15 | 15 % | 89 | 1% | 2mg | 40% | 6g | 09 | 26.% | 149 | 4. | 39 | 18% | 580
001999,11,2021-04-24,1,0,0,1209 | 10:47 | C | 21.04.24까지 | 소스 | 라볶이 | 생가득 | ulmuone
002000,11,2021-04-24,1,0,0,10:47 | 120g | C | 21.04.24까지 | 소스 | 라볶이 | 생가 | ulmuone
002007,11,2022-01-14,1,0,0,RODUCT OF THAILAND | 95371300037 | 2022/01/14 | BEST BEFORE | namai lardloomkaew | pathumthani 12140 | lucky 7 food co.Itd | 0% | Mn12140 | 단백질29 | 12% | 4% | 포화지방140 |  n 7 Wa 29/12 m | 7% | 93% | 트랜스지방0 | 6% | 지방 | Manufactured | Distributed by | and | 150 | 28% | 기지에  | 199 | .oconut | sugar | 9%
002008,11,2022-01-14,1,0,0,CTOF THAILAND | 2022/01/14 | 3711300037 | BEST BEFORE | namai lardloomkaew pathumthan 214 | lucky 7 food co.Itd | 12140 | 0% | ER 20 |  7 29/12 m | 4% | 12% | 140 | 83% | 7% | 150 | 28% | Doconut 90% sugar 9% Sal | uls=nau/ ingredients | Sweet Taste
002009,11,2021-12-02,1,0,0,"N,TAIWAND;BEST BEFORE 02 12 2321CAJSTRALIA)"
002011,11,2020-06-30,0,0,0,2020.C6.30
002016,11,2022-10-19,0,0,0,2387 | 19 1042022 22:040B 16
002023,11,2020-11-10,1,0,0,"2""00 | EXP: 2020.11.10 | PK139 S | 우유,대두함유 | 글리를,자당,정제수,구연산)합성향(버터우 | , | 료명 | 폴리프로필면), 레이 클리에널 | 재질"
002040,11,2021-12-03,1,0,0,구운캐슈너 | ·수넷 최대 생산지인 베트남산 캐슈넛 | 최조하고 풍미가 좋습니다 | ·최적의 온도와 시간으로로스팅하여 | 2021.12.03까지 | Pride | Selected with
002046,11,2021-12-10,0,0,0,2021.12.10 | 식이성유1506 | 영양정보 | C29 | 51 kcal | 총내용량  | ILDONGBOQ |    | 이렇개 안들었어요 | 아이일
002048,11,2021-07-31,1,0,0,US0306 | 00935157C107:14:8 | Pears | BEST BY 31JUL21 | oaie des Produis | ENS PANS CASCORUEC ACIO | $ | RPEAS ROI CIE | 1500000306
002049,11,2021-03-25,1,0,0,"까지 | 2021.03.25.F2 | 유통기한: | 고객상담실08-09-9위(소자요금부당 | Ccm1 | ·부정·불량식품 신고는 국번이 13 | 본제품은 소비자기본법에의거교환또는 보상 | 늘하고 건조한곳에보관개봉후에는 냉장보관 | 오어조개전복,홍합포함잣성분혼입가능 | 등두 | 모성시용가유리,무껑철 리엄화비닐 | “토마토함량62.1 생물기준5 | 후추* | 파바질오려가노 | 성분,치기스정제소금 | 대두유,감베이스 | 설남,생크림(유크림(우유:국신 | 유크림,카라가난톡일 | (양파·국산,대두유·외국신),UH | 중국선,로스티트 화 | "
002059,11,2022-06-22,1,0,0,"m3zgoretco.com | 2022,06,22 L30 | ang con | DAESANG D주시유기한 | -문칭지가 널카로우으로 개통 및 사용시 주의 하십시오 |  성니 한상하고 드서도 됩니다 | 고건하고서한곳에 보관 | 8801052012032 | 시천대로26 | 다두 일 식고기 조기류 일유 | 고객상담실 080-019-9119(수신자요금부담) | 1399 | :부광식신축번없이 | 관을교환장소복산및구입처 | 교환로든 보상 | 성분혼입가능 | 오정어우유조개(글홍합) | 갈게생우돼지고기닭고기 | 가열 후 섭휘식품 | A8 | 조질"
002064,11,2021-09-03,0,0,0,"2021.09.0315:47 | 9 | ·부정·불량식품 신고는 국번없이I | 455g | 쟁해결 기준에 의거 교환 또는 보상 | 니 주의하여 주십시오.·본 제품은 | 가 유리재질이므로 파손되어 다칠 위원 | 취급 | 설에서 제조하고 있습니다 제품 | 같은 | 전복,홍합 포함)을 사용한 제품과 | 조 | 고기,됐지고기 땅동,닭고기,오칭어 | 십시오·이 제품은 대두,일.고등어제 | ·사용 후 포장재는 반드시 분리배출 | 4주의사항 | 9%,스페인산1.9% | 특정성분 | 토마토 합량 65.8 %미국신 | 하여 추십시오 | 보관방법 | "
002065,11,2021-09-03,0,0,0,"%) | 양궁산 | 2-3인는 | 2021.09.03 | 15:47 | 5 | 455 | 정 | 부 | 신 | 고 | 다. | 개 | 봉 | 측번 | 결 | 기 | 준에 | 속 | 의 | 거 | 여 | 또 | 주 | 질이 | 하고로파손 | 된 | 제 | 어 | 조하고 | 합 | 있사다어제 | 포함)을 | 공사용한제 | 고 | 품 | 기. | 콩. | 닭 | 고기 | o | 제 | • | 품 | 은 | 사용 | 대 | 두. | 후 | 폰장재는 | 고등어 | 반드시 | 분리배출 | 주의사항 | 9 | %,스 | 페 | 특정성분 | 1인"
002067,11,2020-04-30,1,0,0,"축산물의유항식용란 | 냉장제품 | 424-5-1625 | 농질축산식품부 | INONANTBIOTC | 무항생제 | 그란 | 축신질가 | 1등리 | 까지 | 2020.04.30 | 유통기한 | 1001 | 2020,04.06 | 신란일자 | 76 | 신선함의 기준,신란일자를 확인하세요"
002068,11,2022-11-09,1,0,0,Loto:00119 313 | L12/1F | 20:22 | Exp:09 11 22 | RAIE | 500ge 1.11b | ILASAICA | PESO LiQUIDO | TPCE | K.OIREG.S-P-0282 | DI PROCOTTO | DICHIARAZIONE AMBIENIALE | DNV-GL
002070,11,2022-03-24,1,0,0,"00% | 2022.03.24 | 몬밤 | 품질유지기한 | 담백함을즐길수 있습니다 | 스럽게개별포장되어,안심하고향기로움과 | 은한 레몬향을느낌수 있는 레몬밤 허브티 | 레몬밤 | AON BALM TEA | 이미지사진 | TEA | CRAFT"
002085,11,2021-11-22,0,0,0,GLUTI | 글루텐프 | 2021.11.22 | 10 | Yummy
002095,11,2021-04-28,0,0,0,201.04.28 지
002099,11,2021-05-25,0,0,0,ARA1 | 1125 | 2021.05/25 | 주의하세요 | 1666571( | yo1399
002111,11,2022-08-25,0,0,0,2022.08 25
002122,11,2021-10-09,1,0,0,"1062 | 까지 | 21.10.09.L2G | 논스틸크초콜릿 | 제이미험 | 사의 엄격한 품질 | 는 | 차이가 없습니 | SHEYS | 봉지가 나올 | LB | 수 있으나 제품중량 | OTHER | 통 | 제 | 대면이‘아하야 반점이 | 비닐류 | 지 | 불 | 량식에 신고는 국버트 199 | otteconf.co.kr | 요금부담 | 및 | 24-6060 | 곳에 | 지원센터 | 원산지 | 말레이시아산 | 우유,대두 |  열량에 따라 다를수 있습니다 | 제,합성향료(바닐린)), | 대한 비율(%)은 2,000kcal | 인재료"
002123,11,2020-11-02,1,0,0,20 20 1102 | 는 이마트의 상표입니다. | No Brand | 치과검진을권유드립니다 | 요합니다 | 8091 | 8 | 의어린이의사용시어른의 | OTHER | 용시 주의사항 | 들의 사용에 주의 하십시오 | 와상담후매일사용하십시오. | 삶을좀더건강히관리하기위해서는 | 가나지 않도록주의 하십시오 | 사항 | 교환또는 보상받을 수 있습니다 | 678손잡이재질:플리프로필렌 | 자울특별시 성동구 특섬로 37기(성수동2가) | 별시 스 | 아차산로 112 122층전화번호: 02-928-6365 | :일회용치실 | 제조국:대한민국 |
002124,11,2020-11-02,1,0,0,20 2011 02 | No Brand = O | 드니의 | OTHER | 합니다. | 비닐류 | 어의의사용시어론의 | 동시주의사항 | 의사용에원사용하시오 | 사리하지원 | 나진양도를주의 하십시오 | 사항 | 2포는보상거. | 고 소비자 | 67837 | 제조원:건치산업사 | 일시 고 | 제조:대한인국 | 일희용치실 | 있을징한 예방에 도출이게제가 | 가는합니다.
002126,11,2021-04-21,0,0,0,EEST BY 2 | APR/21
002134,11,2022-11-02,1,0,0,"OTHER | 422673 | 8809568 | 2022.11.02 | 유통기한 | 부정.불량식품 신고는 국번없이1399 | 는 보상받을수 있습니다.·소비자 상담실:02-6403-3388 | 본 제품은 공정거래위원회 고시 소비자 분쟁 해결기준에 교환 또 | 서 제조하고 있습니다. | 기,소고기,조개류,아황산류,호두를 사용한 제품과 같은 시설에 | 주의사항:본 제품은 난류,메밀, 복숭아,토마토,닭고기,돼지고 | 개봉한 제품은 꼭 밀봉하여 보관해 주시기 바랍니다 | 보관방법:직사광선을 피해 서늘한 곳에 보관하십시오 | 반품및 교환 | "
002136,11,2021-10-11,1,0,0,까지 | 2021.10.111 | 880954719114331 | 유통기한 | UpP | 조리예 | 시스템 | 023397-6113 | 고객지원 | 보게보상받을수있니다다 | √국내산 멸치의 고소함을 담았습니다 | · | 튜브용기로 대가간편하고 깔끔합니다. | · | 바르고 정길하게 만듭니다 | · | 멸치볶음고추장 소스를 | 1997049903240 | 올반키친의 레시피를 담 | 대한민국식품명인36호 | 날라어탈린용기리드지 플리프로팔벤정 | 전등고추장에 | 대두.밀토마토함유 | Olbaan Food | 명인의비법이 | 장합유 | A
002140,11,2021-05-05,0,0,0,"2.61% | 자연스런 단맛 | 1508 | 조리에 | 제주 | 무 | 잎,마를 | 게만든 일품반찬 | 양념으로 | 말해이 | 2021.05.05 | 정성가득 | Nneplus"
002164,11,2021-01-29,1,0,0,"5 | OTHER | 임무무97임국선 천일3임와국산중국,인도호주동청수 | 빙초산|사카린나트륨아스파탐카민(학색로 | 200g | 4무) | :보 | 치자단무지 | 자선정 | 백설매실당파 발효식초로 | 21.01.29까지 | 식명가 | 20.10.30부터 | HEILJEDANG"
002165,11,2021-01-29,1,0,0,200 | 4(무) | 치자단무지 | 21.01.29까지 | 자선정 | 20.10.30부터 | 식명가
002175,11,2021-09-05,0,0,0,"2021.09.05 14:48 | ADAESANG | LE580m23 | 응고객상담실 | 대두,밀함유 | 영양정보"
002178,11,2022-05-19,1,0,0,"레 | 단백질4.29 | 되지고기함의 | 플레스테g | 8% | 포화지방9 | 향료(리장 | 지발랜스지방Og | 지방0g | 0% | 다그노2액 | 당류49g | 49% | 연산통선 | 단수화물77g | 24% | 트륨 80mg | 4% | 총내용량당 | 기준지에대한비 | 36,2종 | 1일영양성문 | 324 | 총내용량100g 325kcal | 영양정보 | 사로 | 213122.05.19 | 유통기한 BEST BEFORE | www.sweetspace.co.kr | ace | Sweet"
002187,11,2020-06-10,1,0,0,88019 | OTHER | 얼음육수 | 1577-7966 | 고객상담실 | www.chikabmall.co.kr | 실갑 공식쇼핑을: | www.chikab.co.kr | 조원 | 인터넷 홈페이지: | 충남 청양군 청양을 충질로 872-6 | 칠갑농산(주): | 보고번호 | 19030472005291 | 더맛있게먹는냉면 | 표장재질 | 풀리에일렌(내면) | 유기한 | 후면표기일까지 | 제조원및구입처 | 보관방법 | 직사광선을 피하여실은보관 | 만국인의입맛을사로잡은 육수장안입니다. | 대루.쇠고기함유 | [맛의자부심] [성].[선원
002192,11,2020-10-20,0,0,0,14:43 | 202010.20
002201,11,2020-10-08,0,0,0,8 | 20.10.08 82
002202,11,2020-10-08,0,0,0,3 | : | 20 | 0 | .
002215,11,2020-10-06,0,0,0,8180100712163171 | 20.10.16 F1 | 영양정보 | 주위빵 | 913
002222,11,2021-02-07,1,0,0,"텐 | 엔젤 | 화이트 | HAITAI | OTHER | 자연을 푸르게 환경을 깨끗이 | http://www.ht.co.kr | 비닐류 | 해태제과 홈페이지 | 2021.02.074 | ee | 8 | 203541 | 8010191 | 제품과 같은 제조시설에서 제조하고 있습니다. | 가하용돈 제품입니다.※이제품은 땅콩밀 계란, 소고기를 사용한 | HPC095310 | 대로72길3남영동)·품목보고번호:973430372※대한민국 | 1일양성분치한므로의따때를수있습니다. | 이월면 생거진천로 1492·유통전문판매원·해태제과식품(주) | 콜"
002223,11,2021-02-07,0,0,0,"E1 | KATI | 화이트 | 호태 | OTHER | 바닐류 | 시식후,남은물 | 은막대를 아용하여 | C | 8 | 180109/200341 | HPC 085310 | 10 | 영양정보 | 48 29 665 kcal] | wiz"
002225,11,2022-09-14,1,0,0,2022.09.14 | 유통기한 | No
002240,11,2021-05-26,1,0,0,R | SEATIN? | SASYE | 08:44:00 | 2421S31FA5 | 2021MAY 26 | BEST IF JSED
002249,11,2021-10-20,0,0,0,OTHER | 880 | 품목보고번호 | /20120510021 | 모장질4면 | NEPE | 경주식복사 | 과·채가공품 | 식품의 유형 | 유기 면도표일지/ | /2 | 영행 | 마지 | 남양유기농주스와함께먹이면더욱좋아요 | ok | 영양간식으로 꼭챙겨주세요 | ·체중과 운동량이 증가하는 시기니까 | 한번 | ·뇌발달을위해아이가직접잡게해주세요 | 아이 | 아이의성장발달 단계를한번더생각했어요 | ·아무것도 참가하지고과관이 | 2021.10.20 | 우리아이를  | 손표화내아을가먹읍거니가 | 한번포생각합니대 | 한번더경사하고 | 안읽
002252,11,2022-01-04,1,0,0,202.01.0 | 유통기한:2 | 까지 | MT2001SG1 | I8 0 9 3 6 01 | 2080-850-4311 | Wwwivenet.co.kr | 아이배냇(주) | 국물요리(많은국 | 안인 육수금에 간편하게 한스푼 | 부드럽고순한의맛있는간장소스 | 순산양유아식 | givenet
002259,11,2022-12-15,1,0,0,까지 | 2022.12.15 | 유통기한 | ·공장소재지:충남 금산군 진산면 실학로6 | 업소명및소재지 | 녹차원주·본사:서울시서초구초대로4 8 | 문의및교환처 | 본사및 구입처·소비자상담실:02697-3 | 을밀을은 있 | 의거 | 4교환또는 보상을받으실 수있습니 | ·본) | 은공정래원고소자 장하결기준에 | 주의사항 | ·부정 불량식품 신고는국법없이 139 | 나일론 | 용기포장재질 | 용기 | 원재료명 | 스커스이집트산)00% | 1998046770457 | 식품유형 | 침출 | 품목보고번호 | 제품명 | 내용량
002261,11,2022-01-11,1,0,0,2022.01.11 | al | 유통기한 | 광분 | 신쟁 | 찬준 | 이ln | 해 | 버 | K | 집 | 어 | 다 | 제부 | 식 | 래품
002271,11,2021-08-02,0,0,0,NETW.136136siks] | 조리예 | 1Osticks | Vanilla | Cappuccino | 2021.08.02 12:51 인천 A/0 | CAFE | ® | MaXIm
002286,11,2021-12-31,0,0,0,21.12.31 | /16g(480kcal)29gX4개입비민C40mg/100g | 새코단도 | CROU'N | GolGn | 한미피지은 | Lemonade- | 레모네이드 | GolGo! | 새콤달큼 | CROU'N | Grape 포도 | 널픔 | 비타민C함유모음 | EROTN | ROWN
002288,11,2024-12-18,0,0,0,"와퍼 | 바석바삭한 | 로센 조니 크로커 초코 | CHOCO | ROCKE | JOHNNY | ROSHEN | W2,000 | 18.12.2021"
002291,11,2021-09-10,0,0,0,"과자류/25g(9 kcal) | 2021.09.10까A | w2,000 | 끝끝 머랭쿠키 | Cookie | Meringue"
002302,11,2022-02-03,0,0,0,2022.02.03까X | 냉동연육74.38 % | 습 수     | 매운맛 | 기타어육가공품(비살균제품) | Hot | 24 g (80 kcal) | Taste | FISH SNACK
002304,11,2022-07-31,0,0,0,"템퍼링 공정 필요없음 | 내용랑 100 975 Ka) | W1,500 | Milk Choco | 밀크초코 | 행복한 쇼콜라띠에 | Happy | Chocoal. | 2022.07.31 | 그라쉐 | Grache"
002309,11,NONE-03-13,1,0,0,1A등급 | 1등급 | 세균수 | 우유2.3L(1495 | 체세포수 | 체세포수1등급·세균수1A | Ll00% | 서울우유 | 서울우유 | 03.01.13:47 부터 A | 03.13.13:47까지F5
002313,11,2021-10-17,1,0,0,P17 0.20/ E 17 0 202 | 119 P4 | πiv ano: | bis:/Avawon kata npoTiunon | Best before:/Mindestens haltbar
002318,11,2020-12-03,1,0,0,농선조 | HACCP | 안전원리인증 | 202012.03.까지
002327,11,2022-10-23,1,0,0,2022.10.23.04:10까지 | 201024/N12FS2A
002343,11,2022-04-09,1,0,0,"2022.04.09 | 유통기한 | 조비담: 02-6403-38부정량식품 신는이399 | 못제은공정래워원고시소비자분해기준에교또는 보상받을수있습니다 | 고기쇠고기를사용한제품과같은시설에서조하고있습니다 | 개봉한 제품은밀통하여 보관해주시기바랍니다 | 보관방법:직사광선을 피해서늘한곳에 보관하십시오. | 구입처 및판매원 | 반품및 교환 | 스틱1개(10g)당/물100ml | 희석양 | 외포장-종이,내포장-PE품목보고번호2016086809-218 | 용기(포장)재질 | 스테비아0.2%,수크랄로스(감미료 | 비타민C 1.7%, 합성향료(레몬향1"
002348,11,2021-10-04,1,1,0,"8 | 2021.10.04 C | 유동기한 |  있을 최고의 을 생산하고 있습니다 | sal | anducedun, Sparks, MD, USA | PrducUnnCmik"
002365,11,2021-12-22,0,0,0,2021.12.22 A | 노브랜드의 이념과 실 | N603 | #추억의간식#우유랑#별 | #노브랜드#스마트컨슈머 # | HARDT | 건 | 별사탈이
002371,11,2022-11-12,0,0,0,ROASTED GRAIN POWDER | 15곡가득미슷곡물차 | naiture | 2022.11.12 | neplus
002375,11,2019-10-28,1,0,0,성탐기타과당정제소금 | 원제료명 | 발자의모데 나와인식초이탈리 | 유통기한 | 한상가일까지2 | 원남신 2-4/0239715 | 제조원 | 드싱스 | 상큼한 과일 샐러드와 함께 | 담백한 식사빵과 함께 | 2019.10.28
002376,11,2019-10-28,0,0,0,모장재질 | 포도농축액카라멜색송' | 원재료명 | 발사믹모데나와인식초(이탈리아 | 1 | 중신세계푸드 음성공장/충청북 | 제조원 | 제품명 발사살러드드싱 식의유소스  | 상큼한 과일 샐러드와 함께 | 담백한식사빵과함께 | 10.28 | 2019
002377,11,2022-12-21,1,0,0,"까지 | 유통기한 | -2022.12.21 | ·소비자 상담실|080-438-100(수신자 요금 부담) | HACCP | ·이품은메밀 복숭이를사용한같조설하고있습니다. | 보사에서 교환해드립니다. | 교환 및문의처 유통과정에서 과손 및변 | 제품은 소자기본법에 의한소비자 분쟁 해기준에의거교환 또는 보상을받을수 있습니다. | 건냉한 곳에 보관하십시오.·부정·불량식품 신고는 국번없이1399 | ·보관상 주의사항 실은 보관하시고,개능한 차는 직차광선과 습기를 피하고 되도록 | 내포장 재질폴리에틸렌 | 취고량200m | 품목보고번호 | 펄프"
002379,11,2022-10-20,1,0,0,"보저.부라시품시고국버업이1399교환문의처:구입처 및대리 | 피하여 통풍이잘되는서늘한 장소에 보관하십시오 | 넣고 잘저은 후드십시오: 보관상주의사항: 직사광선을 | ·스틱 끝 부분이 날카로우니주의하십시오:질소충전 | 소비자 분쟁 해결기준에 의거 교한또는 보상받을 수있습니다. | 제조시설에서 제조하고있습니다. 제품은 공정래위원고시 | ·본제품은 우유,땅콩,대두밀 복승아,호두를사용한제품과같은 | 품목보고번호 | 20080509087-88 | 용기포장재질 | 내포장재질폴리에틸렌(PE) | (지얼매,국산센,합성료(유지,비타민C,구연산무수)사"
002383,11,2020-10-08,1,0,0,보EUd | 여심의 맛과 향을 언제나 처음처럼 신선하게 즐기세요. | 드은 물(약100m)로용해시킨후 기호에맞게설탕과 프리마를넣어드세요. | 까지 | 2204- | 인천B 박시명 | 새널로 55 | 2020.10.08.14:01 | 아산 20%) | 유통기한 | 트렌스재랑 09 | 단백질 0.2g 0% | 포화자방 0g 0% | 제행0g 05 | 나E8 Omg 0% | 당$0g 0% | 탄수록을 0.8g 0%  | 영양정보 | 118 ie | 뉴증제 합습니다 | nael | [Unel | [Unael] | 55mg
002391,11,2021-03-18,1,0,0,롯데제과 | 080-024060 | 강은숙 | '1B:21 | 고격지원센터 | 까지 | 2721-93:1 | 이트 | 새로운와플
002399,11,2021-09-18,1,0,0,BBE-SEP 18U2I
002401,11,2022-11-04,1,0,0,"est befor | 002675 | 2800 | 202291 204 | 블루베리맛 | 라즈베리맛 | 고맛 | 35mg2%839285 | 40 | 영양정보 | 총내용량 | 요구르트향(합성 요구르트향 청가) | 식품신고는국번에이1399본계품은소기법에의 | 후르트텔러 | 또구입문·시주 | yrsrience. | fantrs | fruity | 프 | Enjey and shra | it juice | ,,, | 공통 | souitel and with | 유통기한별도기일까지연월일순) | d uitell to create | lover"
002407,11,2022-03-08,0,0,0,NETT.136i13.t600a/10sticks] | 조리예 | 1Osticks | Macchiato | Caramel | CAFE | ® | MaxIm
002419,11,2023-05-10,1,0,0,까지 | 2023.05.10 | 아식품 | 범 | Q | 89 | 빠 | INSTANT YEAST | 식품첨가를혼합제제 | 분말이스트 | 인스턴트
002425,11,2022-06-09,0,0,0,324 | 2022/06 09
002429,11,2022-07-03,1,0,0,"HTOCB비 | 2022.07.03 | 410464 | OTHER | 3178530 | 포장재질플리달텐테레프플레이트리에릴내인 | 원산지프랑스 | 비닐류 | 제조사 | GERSON' SNC | 알레르기유발물질 | 돼지고기, 밀 함유 | 의  에 수있2 | 280.mg | 원재료명 | 4% | 비타민C | 2.0g | 내용량 | 단백질 | eC | 50g (72 kcal) | Omg | 유통기한 | 콜레스테를 | 0.01g | 포화지방 |  으기한 날까지 | 09 | 트랜스지방 | 수입/판매원 | 0.029 | 지방 | 33.9 | 당"
002447,11,2021-02-04,1,0,0,OTHER | SLDPE | 비닐류 | 2021!02.04 | 사용기한 | T205 | 제조번호
002451,11,2021-08-14,0,0,0,M드 1% | 랜치시저드레이 | 치아씨드가들어간 | nature | Homeplus | 2021.08.14
002457,11,2024-09-15,0,0,0,",Gernat | H-Dt Cadl -Soltan Pate1 | 758e | 62.6407 | Net weight: | igtin dy and oodle | 1608 1204 | L308698 | Ydesefeslacatis/ | 15.09.2024 |  Sluenungsmitet: | 영양정보 | PP"
002460,11,2021-11-30,1,0,0,C4 | E | 영양정보 | 2021-11-30 | 까지 | ·제영미니
002475,11,2021-03-13,1,0,0,Homeplus | 100%교환/환 | 신선의 자신감 | 49900 | 가격(원) | 품번7043 | 2021.03.13 | 도이)|100g당(원)|중량(g) | 원산지:참조기(국산)천일염(국산) | 영광참굴비4( 18마리) | 0714012100022 | 번호 | 이력 | 확인하실 수 있습니다 | 생신에서 판매까지 상품의 이력을 | 상품에 시원 이력번호를입력하시면 | www.fishtrace.go.kr0시 | 이력추적 | Traceabilit | ISTS
002484,11,2021-05-05,0,0,0,발대를공인서 가있게 도세요 | 맛이 더욱 좋습니다 | 흔들어서드시면 | ↑ | 지 | 125 | 05 | 유동기2021.05
002490,11,2021-04-18,0,0,0,2021.04.18 처438 | ZARELLAC | EESE | 짜델라 | 슈레들 | K9 | Che | 성울
002491,11,2022-09-08,0,0,0,: | 2
002500,11,2021-08-21,0,0,0,021.08.21
002501,11,2021-08-21,0,0,0,보 | 2021.08.21 | 정
002504,11,2022-01-06,0,0,0,2022.01.06 DVA07 | 한 | 다 | Brand는 이마트의상표입 | 블랑식품 신고는 국번업이 139 | WIB | 품및교환장소: 소분원 및 판매원 | 준의거교환또는 보상받을수있습니다 | 주의사항 | 단매원 | 조호 | 아리아니팩킹사 | 장재질 | 원재료명 | 과·체가공를 | 내용량 | 30  | 제품명씨를맨건자투
002505,11,2022-01-06,0,0,0,2022. 01. 06 DVA07 | 다 | Brand는 이마트의 상인 | 자두99 95% | 483 | 명씨를렌건집
002524,11,2023-01-25,1,0,0,"이용들율무자 | 2023.01.25 | ©G | 이용두율무차 | 브랜드가 아니다. 소비자다 | No Brand | 참광이지 | 461292 | 40 | 5,180"
002526,11,2023-02-15,1,0,0,"2023.02.15 | 브랜드가 아니다.소비자다 | No Brand | 5,180 | 9,940"
002527,11,2023-02-15,0,0,0,"2023.02,15 | No Brand | 9,940 | 5.180"
002528,11,2021-10-19,1,0,0,노브랜드의이념과 실관 | 227 | N522 | 10:50 | 즐7 | 2021.10.19까지 | 커피머 | 이미지사인 | 고종하 시내에시는 것이가자 | 고소하고 부드러운시티 로스트 | LIGHT | MEDIUM | DARK | 인도네시아산20% | 브라질산80% | 커피원두100% | SWEET & CREAMY | e30 | 부드러운커피입니다 | 마일드한 컨센의 제품으로 달콤하면서 | 미디움블렌드 | BLEND | MEDIUM | L | No Brand Coffee
002532,11,2022-06-30,0,0,0,조77% | 2022.06.30 | 이미지사진 | 이남과 | 노E | N13 | 필요 | 1일영 | 글레스세 | 지방 | 나트1 | 영양정보 | 추장 | 가득
002534,11,2021-12-04,0,0,0,"있으니 | 현기 | 거닫으면 | 복숭아 | 토마토를시 | 전지 | .용기가변형평 | ·원로성분에의치저문이 | 구연산 합정료사과함,타민 | 원료명 | ,당,사과축(칠레산,리고당 | 2021.12.04"
002563,11,2021-08-29,0,0,0,3009 | e | 15:422 | 29/08/2021 | L27021
002567,11,2021-10-15,0,0,0,TLE4020209:24 | 15.10.2021 | 000000 | )0.0 | 11
002570,11,2021-05-07,1,0,0,"봉10 국센,혼한 성전분 토틱스트린, 타리드건,-사과산 구연산단 | 영양정보 | 총 내용량240g 300 kcal | 2021.05.07 까지A | 농축액 10% | 2021.01.08제조A |      "
002594,11,2022-08-05,1,0,0,580 g | 05.08.2022 L1 | Da.onsumas preferimententrodBestbetresnt | ung  | m  | mc@ | Infomaco nutricional(10 g)
002601,11,2020-10-21,0,1,1,(색카나트) | OTHER | 제조일: 2020.10.21 | 60g | 분말 | 뉴쥬가
002602,11,2022-07-07,1,0,0,NET.CONT.750 ml e | (25.3U.S.0Z) | 2022.07.07 I U01 018950 | FROM DIRECT LIGHT. | STORE CLOSEDIN A COOL PLACEAWAY FROM HEAT SOURCE:AND | 성연:LDPE | 80042751156365 | :알미늄 | 우2 | 1일양성분기준지에대한비은20기준므로의필요량에따라다를수있습니다 | 콜레스테롤0mg 0%단백질0g 0% | 지방 92 g 170% 트랜스지방 09포화지방 8g 53% | 나트륨0mg 0% 탄수화물0g 0% 당류 0g 0% | 
002611,11,2021-12-01,1,0,0,라:HDPE | 8/80104 | 뚜껑:철 | 13:48 | 2021.12.01 | 고객상담심:080-24-231수신지요금부 | ·소비자기본법에의한피해보상부량식품신는국이 | 는구 이  | 제주식사오기경도인양 동안구 | 품목보고번호 | 포장재질 뚜껑(내면) 폴리염화비널 | 후추추레이크양송이분 | 제품명
002612,11,2021-12-01,0,0,0,208 | 13:45 | 2021.12:01
002617,11,2022-05-04,1,0,0,"Mik | Contains | ERS | TRATE | FATTY | GL | SODIUM | EST | ACID | CITRIC ACID, PEPPER EXTRACT. | SODI | IAI | JRAL | NATI | CA | P | M | LACT | APENO FLAVOR | FL | CH | CH | SALT | E | NATURAL | MILK | JRED | TU | (CU | ESE | AVOR | ENZYMES) | OIL | VEGETABLE | MILK | NONFAT | TER, | WATI | MODIFIEA"
002623,11,2022-12-19,1,0,0,사시용하십시오 | 022.12.19 | 유통기한: | (031-885-0860 | 여주시가로 457 | ICE | ·제조원(주코리아제 | 중국산)]한성(행 | 제품명 | ZENTH
002626,11,2021-06-22,0,0,0,8 8056 1708 | 15:50 F1 | Purjie orane10s | 2021.06.22 | 'opicana | JUIE RNO | 롯데칠성음료 | TE HOUSANOT
002639,11,2021-12-04,0,0,0,"2021.12.04 | 오렌지줍 1%함유/배습1%함유/키위습1%함유/A | 뉴젝리스트로우780 g0 | 50 | 천연 | 사과맛 | 오렌지맛 | 배앗 | DLAKGA | 3GE | NS | 602 | JELLYSTRAWS | NEW | 0008 | 0,980"
002640,11,2021-12-04,0,0,0,2021.12.04 | 지11//1 | A로우7809 | 50램 | 천연 | 미LA | JELLYSTRAWS | NEW | :700
002641,11,2021-10-31,1,0,0,0971 | M57000 | 31 102021 | www.Iindt.com | LINDT SUSTAINA-BIEITY | VGPRO | IT-21056 INDUN0 OLONA(VA) | COCOA | LINDT & SPRUNGLISpA | Mge | MANUFACTURED IN ITALY BY: | KILCHBERG / SWITZERLAND | CHOCOLADEFABRIKEN LINDT & SPRONGLI AG | QUALITY GUARANTEE | HIGHLY MELTABLE. KEEP COOL | since 1845. | for
002649,11,2021-07-01,0,0,0,COOKIE 초코첩 브라우니 쿠키 | CHOCOCHIP BROWN
002655,11,2021-03-25,0,0,0,21.03.25N0A6b
002660,11,2022-06-11,1,0,0,"2022.06.11까지 | 유통기한(Y/M/D): | 8809159350118 | N 있는  대리선요기시 소게지가 | 3.조심해서 봉지를 저낸 후 벌물에서 벌리하에 불지있! | 유거지면 괜지를 고입시R | 2 으이122으 | 0 ,성에30~230 | 1.바널를벗기고봉지를만레지에조리법그원이 | 방른조리법 | ·부정-불량식품 신고는 국번업이 1399 | ·반풍및교환:본사및구입처 | ·보존기준:실은 보관 | #리프로들천(내모장) | ·문장재질:총이재 | -중 :78g(2.750z)×3입,열황(999Kcal) | [우유 | 티서리부탈하드로"
002669,11,2022-04-18,1,0,0,7059 | 8010551 | 8 | 까지 | 02933404 | 11:10 | 2022.04.18 | 1OSTICKS | 중량:10g11gx10개입 | 커피.100%(콜드 브루 커핀 78%) | Slowly Dnfused | BLACA | PURE | BREW
002673,11,2021-04-25,1,0,0,HER | 영양정보 | 비닐류 | 유통기한 | 2021.04.25
002674,11,2021-04-25,1,0,0,유통기한 | 2021.04.25
002675,11,2021-03-23,0,0,0,-이미지사진 | 2021.03.23 | 90g x2개입 |메이플시럽 5% | MAPLE PUDDING | 메이플 푸딩 | La vita Drliziosa | 마몰로 | Mamolo | PEACOCK
002679,11,2021-07-17,1,0,0,파인애플 7% | 90 g(70 kcal) | 2021.07.17까지 | 스티커:P | 2드지:OTHER | OTHER | premlam d | Sweet | HACCP | 8 | 안전관리인증 | 오뚜기 | 스위트앤젤 파인 | Sueetjellly
002689,11,2021-03-15,1,0,0,유기능 | ORGAN | 0 | 상하 | 10:48까지 | 2021.03.15
002701,11,2022-12-16,1,0,0,"유통기한 | 까지 | 2022.12.16 | 2100054 | 제조번호 | 성지질 개선·혈행 개선에 | 보움을 | 함 | ·기능정보: [EPA 및 DHA | 융 | 남유 | 율 | 비 | 대한 | 영양성분기준치에 | ※()안의 수치는 1일 | 500 | 합 | A의 | EPA와DHA | 나트륨0mg(0 %), | %), | 9 | .7 | 0 | 지방 | %), | (0 | g | 단백질0g(0 | %) | 0 | 당류 | (0 | 9 | 탄수화물 | 열량7kcal, | 함량 | 량당 | 취 | 섭 | ·1일섭취량:1캡슐(670mg"
002704,11,2022-10-29,0,0,0,20221101 | 형양정보 | PERFET! | ARUIT | OA
002706,11,2021-12-07,0,0,0,00 | 50 | 05 | 670 | 07-12-21 17:51 10 | 4 | A
002707,11,2022-01-20,1,0,0,(읽는 법: 00일/00월/00) | 자 | BEST BEFORE: (DD/MM/YY) | 유통기한 아래 첫 6자리 숫자 | BbeRy | Skittles | 1.000
002721,11,2022-12-30,1,0,0," 일: choicel@lotte.com | ·부정·불량식품신고는국번없이 1380 | 받을 수있습니다 | ·본제품은 공정거래위원회고시소비 | 반품 및교환장소:구입처 및제조원 | 보관방법 직사광선을피하고서들 | 본제품은 새우를 사용한 제품과 같은 | 이상이 없습니다 | -소금은승성이있기 때문에굴어 | -직사광선과습기를피하여상온에 | 취급,보관시주의사항 | |2016036279920 | 품목보고번호 | (용기)폴리에틸렌 | 포장재질 | 후면 상단표기일 | 유통기한 | 롯데쇼핑(주)서울특 | 유통전문판매원 | (주)가원경기도김 | 제조원 "
002732,11,2021-12-25,1,0,0,"일 영량성분 기출치에 대한 바물(%은 2.000a 기준이요로 개인의 필은 없량에 따라 다를 수 있습니 | 81805182011255 | 단백질1g1 %) | 콜레스테롤 0 mg(0 %) | 포화지방0g(0%) | 트랜스지방0g | 지방0g0%) | 당류13 g(13 %) | 탄수화물26 g(8 %) | 나트름 21mig(1 %) | 1 개(30 g/당 106 kcal | 영양정보 | 총내용량 150 g(30 gx5개) | 밀, 콩(대두)함유 | ·홈페이지:www.2000food.com | ※부정·불량 식품신고는국번없이1399 | 사"
002739,11,2021-09-26,1,1,0,"Made in Unired Arab Emirates | fin | B.N:2727A | hunterfoods.com | Exp:26/09/2021 | Dubai, United Arab Emirates | P.0. Box 17022 | Mfg:27/09/2020 | By Hunter Foods Limited. FZco | Hunter Foods Group Limited (BVl, UK) | Manufactured Under License From | 일영영성분)준에한비울은20준의에 따를수입니 | FOODS | 단백질1.8 3% | 콜"
002740,11,2021-12-18,1,0,0,"Product ofThollo | EXP 2021.12.18 A | www.kingisland. | BEST BEFORE | 1일 영양성분 기준지에 대한은 2.0kc  | 레스테를 00mg 00% 질2.5g45% | 트랜스지영0g  | 지방 17.5g34.2% | The Hoaltly Toste | 나37.5mg 1.87%수 275 825% 3 | 73220, Thailand Tel. +66 (0) 2622-3434 | APF | 영양정보 | 57 Moo 3 Kratumlom,Sampran,Nakompathon | ※부정물량식풍신고"
002743,11,2021-08-13,1,0,0,"mg | 5% | 02267861C 01 | Protein g | AUG 13 2021 | 0% | Best IUsed By | Ind.7gAd ugas 197% | dy hat a ment t be. | Y04 | dry roae cases Isa | reath at pomneranasa | reatigaceamayailla | ascar vanila. | 8 | vith rich,"
002751,11,2022-02-20,1,1,0,95569951120287 11 | EXP:20/02-2022 M20159 | MFG:21-11/2020 J231J | Date de premption/  | Best Before / Baik Sebelum /
002757,11,2022-09-10,1,0,0,"WWW.NOKCHAWON.cO.KR | 라벨:PP | 8 | 318017671335587 | 뚜껑:PP | (표기일까지) | 2022,09.10 | 품질유지기한 | 델끌을 섭취시키지 마십시오 | 받으실수있습니다·만 12개월 미만의 영아에게는 | 고시소비자분쟁해결 기준에 | 먹고저장하여 | 꿀·부정 | 르는 과정 | 야버포 | 높이 | 면 | 다 | 마십시오 | 히 | 결정 | 묵에 | 병째로 | 1O | 남부이 | 나는 | 과포화로 | 일어니 | 현 | - | 하지마시기 | 바랍니다.2. 벌끌의 | 록추의하여 실온에 보관하십시오 |"
002764,11,2021-11-06,0,0,0,  | 311 | steMere | 250g | 06-11-21 | Isignu | 80%6 | 250ge | DEMI-SEL | APEIATIONDOICSET
002775,11,2021-10-08,0,0,0,ngredents: Water | LaLi | EST | POIDS NETE | POIDSNEA
002781,11,2021-04-06,0,0,0,"150ge | OMB-2- | .2^Cy+8""C | COSENAR ON FIO BTE | o odola | tuhe (450,H52) | podnatee auek | 06-04/21 | t Ooeso | coul lundido. | CD/CBDSaist Au | T.s%foahg uaha | DSS  () | (E450.E4522. bepote, suo6 15% (an"
002784,11,2021-04-18,1,0,0,"HDPE | 보상 받으실 수 있습니다.""부정· 불량식품 신고는 국번없이 1399"" | 생산물배상책임보험에 가입된 제품으로 기획재정부 고다에 특제 | 개봉후에는 유통기한내라도 가급적 리 드시기 바랍니다.본제품은 | 반품및교환:구매처 및수입원포장재할: 혈에둘렌 | 유통기한: 현품별도표기일까지(일월년순으로) | 보관방법:4'C ~7C 냉장보관 | 일영양성부기치에 대한은 200기이개인의필요량에 라다수있습니다 | 콜레스테를 80.0mg(27%) 단백질 25.0g(45%) | 지방 24.0g(44%)트랜스지방 1.0g 포화지방 17.0(113"
002791,11,2021-12-06,1,0,0,Product of Singapore | Green | aya | PREMIUM | K | KAYA HOUSE | 06/ 12/2021. | BEST BEFORE | BATCHR 4552
002792,11,2023-04-28,1,0,0,065456111015 | LOT: AP201095 | EXP: APR-28-2023
002808,11,2021-12-29,0,0,0,총력다목적용 | 곰표밀가루 | 20.18 최인 | 2021.1220P4
002812,11,2023-01-13,1,0,0,"까지 | 2023.01.13 | 유통기한 | 신기 | A | 주의사항 | 노산원지 | 유통전문판원 | 제원 | 20030006088145 | 보고번 | 의일교처사구인 | 우 | (산),심성지회국산:발이서 | 원재료명 | 고형자 | 식품유형 | 플리에밀렌 | 내포장재질 | 5400 (18gx30 ) | 내용량 | 고소한 효두이드무차 | 제품명 | .22"
002817,11,2022-01-04,1,0,0,38010051960038 | 8 | 20809971 | 2022.01.04(c) f2 | 75561F21 | 158546(F1) | 포장제질응7-유리 | 개민)-폴리임화비닐 | 급입처 | 괴기험유 | 농축액 지액기호 연두 | 1두외국신 소스대국신인 | SEO | 매O스트(미국신토매) | (유통기한별도표A일RN | 제명HHRAR
002823,11,2021-10-07,1,0,0,중 | () | 재지 | 스명 | 원재료명 | 제명 | 조리예 | 까지 | 08:26이진호A | 2021.10.07 | 유통기한:
002827,11,2021-07-03,0,0,0,612 | 05:50 | 03LL | 2021
002839,11,2021-05-24,1,0,0,요고N요구 | SIB | T:11:09 | 2021.05.24 | C:15138 | Best Before
002841,11,2023-09-22,0,0,0,"22-09-2023 | www.ramirez.pt | EMAIL: RAMIREZ@RAMIREZ.PT | Phone: (351) 229997878 | 4451-953 MATOSINHOS 5 PORTUGAL | APARTADO 2050 | RAMIREZ & CA (FILHOS), S.ar | Distribuido por:/Distribué par:"
002842,11,2023-09-22,0,0,0,22-09-2023 | Www.ramiroz.pE | APARTAFIOSO | RA
002845,11,2020-03-09,0,0,0,"09.032020 | NSX: | HSD: 3 nm ké tir ngay sài x | TCCS Só: TCCS 02/2012/CTY.PT | CNTCSP ST: 2514/2012/YTHCM-CNTC | DT: (084) 37517647 Fax: (084) 37516174 | 23 Dudng Só 5, Phudng An lac A, Qun Binh Tan, TP.HCM | CTY TNHH PHAN TRAN | hu | én Cong Nghe Nhap TsCau Au | ia i Pham Dugs San Xuat Tr' n Day |"
002847,11,2021-12-30,0,0,0,  | 50uye | :  | peso nD. so netto | Nct wcighe/ poids net/ |   |   l |      | Ungeffnet mindestens hltbar is: siehe ufdruck. |  anti | No presertives | oe Konseriensofe | fit & aktiv | 1L240812 | dellba | 30.12.2021 | Pan integral · Pane integrale | Rye Bread · Pain de seigle complet | Vollkornbrot
002877,11,2022-12-04,0,0,0,2022.12.04 HB | 사양물꿀(국산5장 | 이미지사진 | 2장미국신50500 | 사용하여 달콤합니다 | 국산사양별굴과미국산 자몽을 | Honey Grapefruit Tea | 꿀자몽차 | 본질에집중하다 | simplus
002881,11,2021-04-13,1,0,0,정통디저트 | 폴실한 프랑스 | 2021:04:13/B | 부터 | 기한 | 2021:14:14/09:25 | 유통 | 쿠이즈 | • | Market
002882,11,2023-12-08,0,0,0,10:47 | 2023. 12:08_F3 | ‘오뚜 | 옷색감유지에도 좋습니다. | 빨래찌꺼기 냄새제거 | 닦거나 뿌려주세요 | 도마나행주는 식초로 | 안심살균! | 과일과아재를 세의하세요 | 식초를희석한 물에 | 안심세척! | 활용한살림레시피 | 먹는 오뛰기식초를
002889,11,2021-07-15,0,0,0,주)하림 | 키위드레싱 | Cham | 2021.07.15 A | 500 | 4500
002891,11,2021-11-11,0,0,0,2021.11.11 | wwwr아림 | (주)하림 | ODPE | 8014921353870 | 스티드소스 | 아림
002892,11,2021-03-31,1,0,0,"20:104 | 2021.03.31m | 뉴유통기한 | 8 | pP | 리드:OTHER | 뚜정:페트 | 발대:PP | 8 | 풍반한했을내실수습다다 | 8 | 흔들어드시면더욱 | Q | 품목보고번호20080395120269 | 포장재질 | 폴리프로필렌 | 원재료명정제술고 | 설탕, 제주감귤농 | 표시일까지 | 유통기한 | 냉장보 | 0~10 | 45 | 다산순 | 양주시 | 경기도 | 제조원 | 아이티 | 1이드 | 쥬시 | 금 | 굴&감"
002894,11,2024-02-13,1,0,0,2024.02.13 | 유통기한:하단표기일까지 | 경기도광주시 초월읍 선동길 12-4 | 수입소분판매원(주)신영에프에스/031-796-645 | NEDPICE PROCESSING VIETNAM LTD | 보관하십시오반품 및교환장소구입처 제조사 | 직사광선을 피하고 서늘하고 건조한 곳에
002898,11,2021-11-09,0,0,0,맛있는 겨자 소스 만드는 법 | 뜯는곳 | 연겨자
002900,11,2022-08-03,0,0,0,제조사 | 식품유형 | 제품명 | 멤페스리온레 | 스5능 | 2022 08 03
002905,11,2021-05-19,1,0,0,8B지선재(09:39) | 2021.05.19까지 | 59 | 화지방89 53% | 당595% | 300
002907,11,2021-10-30,1,0,0,"VATE DE SODIUM, BICARBONATE DAMMONIUM), SEL. CONTIENT: GLUTEN. PEUT CONTENIR | zYTTr | NE DE BLE, HUILE VEGETALE, SIROP DE GLUCOSE-FRUCTOSE, EXTRAIT DE MALT D'ORGE, AGENTS | ODIO, BICARBONATO DE AMONIO),SAL. CONTEM: GLUTEN. PODE CONTERLEITE SOJA. F. BISCUITS. | O VEGETAL, XAROPE DE GLUCOSEFRUTOSE, E"
002913,11,2020-11-18,1,1,0,제L트N수시회사 | JENICN | 고는 국번없이 1399 | 습니다. | OTHER | 비자상담 | 반품및교환 | 본사또는구입처 | 포장재질(내면) | 저일도폴리에틸렌 | 유통전문판매원 | 품목보고번호 | 제니코식품(주) | 제조원 | 197:-061004 | 보관방법 | 용도 및 권장 사용량 | 원재료명 | 유통기한 | 제조일로부터1년까지 | 내용량 | 제품명 | 300g | 제니코베이킹파우더 | 제조연월일 | 식품첨가물의명칭 | 합성팽창제 | 후면 상단 표기 | 2020.11.18 | BAKING POWDER | 베이킹파우더 
002925,11,2021-11-06,1,0,0,"고객상담실:080-024-2311(수신자요금부담) | 유통기한을꼭확인후사용하십시오 | 교환 또는 보상받으실 수있습니다. | 본제품은소비자분쟁해결기준에의거 | 부정불량식품 신고는국번없이1399 | 있으므로개봉및사용시 주의하십시오 | 포장재절단면이날카로워다칠우려가 | 서늘한곳에 보관하십시오 | 직사광선을피하여건조하고 | 제품과 같은 제조시설에서 제조하고 있습니다 | •이 제품은 우유, 대두 토마토, 복숭아를 사용한 | 폴리에틸렌(내면) | 포장재질 | 상단표시일까지 | 유통기한 | 19830464033503 | 품목보고번호 | 합성향료"
002928,11,NONE-04-08,0,0,0,으 | 2 | Ui
002934,11,2022-02-02,1,0,0,"2 | EAL | 100g | W | 4 | 060224 242 | de jus de frise geiliant pectire eres, cloant carminns. | 02.02.22 07:47 | 개인의필요열량에따라다를수있습니다. | 투일상징성문 기준치에대한비울(%)은 200kca기준이미로 | DeschandSAVDUR JELY SHAPE  IngredienSs:gIUCOSe SyUp | 스지방g 화지방Og 0%러스테Ony C6 단59% |  DISTI C. ADRED.CH-44 AleSheim. Herge | 나트80mg 4"
002939,11,2022-07-29,1,0,0,"2022/07/29 | EXP DATE | VA351 | LOT NO. | ww.장수농가an | Coconut oil melts at 25°c. | No refrigeration required. | STORAGE : Keep away from direct sunlight. | PRODUCT OF VIETNAM | COLD-PRESSED EXTRA VIRGIN COCONUT OIL | INGREDIENTS : 100%UNREFINED, | COCOLIFE cOCOnTE oil. | T medium-chain atidse, | a h"
002941,11,2021-07-05,0,0,0,15:51 | L252XA--3 | 233 | 8 | 05 07 2021
002946,11,2021-09-25,1,0,0,25 09 2021 HB 19 06:06 | BEST BEFORE | bdgestia | 10003960420921 | 5 | esisn | rpmasgiaoyc trawienie. | utde lhalsstofea |  de preteninaadin | peyt przed | laltbarbls | unborusatsiacoros | dhlodymisudymieksa | a시코 | vameag
002971,11,2022-11-14,1,0,0,2022.11.14 | 기한 | 카디 | WORLD
002975,11,2022-03-15,1,1,0,EXP: 15/0392022 | PRD121/09/2020
002982,11,2021-09-14,1,0,0,"2,00OKCBI 기 | 17 4 | 10 9 | 고번1:20 | 밀,대두,우유 | 공소,헤니피우다 | 트린설랑,정제소금 | 체독일정세어 | 터 후레바파우다)설당, | 160kcal | 시/2 | 약2.8) | 밀로,아기스유이시트 | 루 | 유통기한:별도표기일까지 | 소비자상담실:031948~6399 | HR | 판매원:(성패밀리/02723-875 | 제조원:(주)위너스 | 식품의유형: 과자(유처리제품) | 내용량: 85 g(412 kcal) | 제문면:프레첼갈릭버터맛 | 2021.09.14까 | 통기한"
002985,11,2021-05-01,0,0,0,2021.05.01
002988,11,2021-07-20,1,0,0,"E0E1.O7.E0E | OTHER | 880935211812130 | 단지 | 반찬 | ·병물식품신고는국번없이 3 | 거유원고소비지분쟁결기준에의거하여교환또는보받으수있습니다. | ·는반의 우리가 있으니냉장고에보관하시고가능하면 빨리드시는 것이좋습니다 | 이오비를품과은조에서있니다. | 통교환장소 | 구입처뜨는제조및판매권 | 소비자Z-M2-57-001 | 스스명및소재지 | (주반찬단지/인천광이시서구 건지로 95버길 20(석남동 1층부2,3.4,5) | 폴리에틸렌(내면) | 정제소금20%),글리신,생강분말중국산),정제소금국내산) | 파프리"
002990,11,2021-03-20,1,0,0,2021.03.20 |  0 | 유통기한 | 이미지예 | 22  | 영양안정 | 굴소스로볶은 중화품주부안주 | 고소한두질기표고버션순을두반장과 | 마파두부
002996,11,2022-10-15,1,0,0,"8""'80104545050198 | 페트 | 단백질 | Omg 0% | 콜레스테롤 | 53 | 당류 | 탄수화물 | 나트륨 | 09ml) | 100 g당 900kcal | 영양정보 | 고객상담실:080-02-23(신지 | ·부정량식품 신고는국번없이 199 | HACCP | ·소비자기본법에 따라 피해보상 | 인전관리인증 | ·다두 우유쇠고기게땅콩혼입 가능 | 품록보번호201903244343 | 스회사오기경기도평택시포습읍 포승공단로2 | 제조원 | 가놀라유 100%(캐나다산) | 원료녕 | 내용량500m/25c) | 식품유형 카놀라유 "
002999,11,2021-10-07,0,0,0,2021.10.07 11:15 V4 | U:중국신)
003002,11,2022-06-18,0,0,0,8 | 1 | TN | 2022.06.1810:30 | 0단0 0% | 보 | 교화 | 주인사항 | 주인망역시 중구 로  | 트남 미안마.인도등
003015,11,2022-07-01,1,0,0,"8091411470237 | 2022.07.0 | 080-215-9800 | 소비사당실(수신자부담) | ··신고는 국번이199 | 2 | 0% | ·우는도의 | 0% | M70237-076 | EOmg | 있은니취식시가능한녹여드십시오 | 0% | 식품위생법에 의한 한글표시사항인 | ·성으로이가생수 | 스지방0g | 휴지통에 버려주십시오 | 0% | 지방0 | KI-종이 | 4보장자리프로 | ·대로다칠우리가으니드신 | 60% | 당류60g | 0.1%),포도과피색소 우유,대두 함유 | 31% | 보수 | E00 | 0% | · | L"
003024,11,2021-09-13,0,0,0,영양정보 | 총 내용량 210 | 제공에 | 1005 | nutold | nutelld | 하누를 | 시작하는 하복 | L257xw--02:22 | 13.09.2021 | SKIFV
003037,11,2021-02-18,1,0,0,"OTHER | 8809592-650011 | 300g | 메달성로오스나트를,정제수)  | ·사용상 주의:개봉 후이는 가금적 들리 드시는 것이 좋습니다 | 소르베이트65,소르베탄지뱅신에스테르,카르복시 | 또는보별을수연니다-부정·불경식통신고는 국변이1399 | 원제료명 | 응고계(금루코노밀타력된],소프제(규소수지,폴리 | ·본 자품은 공정거래유원화 고시 소비자 분생해결 기준해의거교관 | 대두분 100%(외국산:미국,중국,인도등)·소비자상상(3133-861-보관방: 병보전-10) | 식통의유형 두부 내용량 300 유통기한 전면표기일지 포"
003038,11,2021-02-18,0,0,0,OTH6R | 509592-650017 | 300g | -8 | 2021.02.18까 | 연두부 | 소당한
003043,11,2020-07-13,1,0,0,"정,불량식신고는국번업이1399 | () | 64 | 38.4 | $5 | RIEGGS PRODUCTS CO.LTD. | : | 2190 | 1314 |  0750-2620388 0750-2620776 | 2일3 | 0 | 0 | (878 | 0 | 0소 | - |   | 7.6 | 4.6 | 오리일일 | 582 | 349.2 | //) | E일요부터1년까지 | : | 표기(읽는법년립입습) | 0 | 0 | - | 602회(광명동,광형오피스) | SC11944078300196 | 1.7 | 2.8 | - | GB/T9694 | 의유:"
003049,11,2021-02-16,1,0,0,"ONTROLLO | intoobrimi.it-www.brimit | Brim.39040 Varna,Via Brennero 2.1 | Ohue Gentechuik | fedindhold iterstoflet pd mindst 45% | süDtiRot | Mon OGM | e/Fetthalitorsubstans min 45% | Use by?/Bedst fors | Qualità | Mn.45% Fett LTt./Min.45% tat in dry | Da consumare entrog/Zu verbrauchen bks | A015 0"
003057,11,2022-02-19,1,0,0,2022.02.19까지 | “매일먹는 건강습관” | [호뒤]
003058,11,2022-02-19,1,0,0,2022.02.19까지 | WALNUT
003068,11,2021-06-15,0,0,0,080-034-6060 | 21.06.15
003084,11,2021-12-02,0,0,0,21.12.02 | 이열일인의 요영에 | 1일 영양성 기준치에대 | O0kcal 기준 | 단백질 39 | 5% | 콜레스테를Omg | % | 0 | 포화지방 0.29 | % | 트랜스지방09 | 지방 0.39 | 1% | 당알콜 2.8 9 | 당류 26 9 | 26 % | 탄수화물36 9 | 11 % | 1% | 나트륨 25 mg | 기지에 대한 비 | 요×3봉) | 9(49 | 47 | 영양 | 강함!
003085,11,2021-06-27,0,0,0,사람 | 과자 | 소라의 | * | 51B고지영03:41 | * | 노브랜드의이넘과 실천 | 2021.06.27 | N826
003089,11,2021-09-15,1,0,0,"#노브랜드#스마트컨슈머#버터#핑거비스키#초코샌드#우유랑#커피랑#달콤#부드러운 | #/02-381-5678 | 트레이:PP | 개인의 필요열량에 따라다를 수있습니다 | ·반품및교환장소:수입원및구입처 | OTHER | 1일 영양성분기준치에대한비율(%)은 2,000 kcal 기준이므로 | M년M월D일까지 | 부정·불량식품 신고는 국번 없이1399 | I널류 | 콜레스테롤60mg 20% 단백질 6g 11% | 같은 제조시설에서 제조하고 있습니다 | 지방 28g 52% 트랜스지방 0.2g 포화지방 18 g 120% | ·이 제품은메밀땅콩,아"
003091,11,2021-09-17,1,0,0,17-09-2021 | 기준이으로개인의 필 량에따라다를수있습니다. | 1일영양성분기준치에대한비()은200Ca | 단백질4g | 2 | 7% | 콜레스테롤 | 20mg | 7 % | 포화지방 | 19g | 127 % | 트랜스지방 | 0.39 | 지방259 | 46 % | 당류 | 50g | 50 % | No Brand 는 이마트 | 탄수화물 | 56 g | 17 % | 나트륨 | 240mg | 12 % | ·뚜청·불상삭품신고는국번없이13 | 100 g당 | 소는 보상받을수있습니다 | 기준치에대한비를 | 1일영양성분 | 보비분쟁해 기
003092,11,2021-09-17,0,0,0,17-09-202 | 20g | 7% | 7% | 25 | 127% | 2 | 509 | 탄수화 | 569 | 46% | 나 | 240 mg | 50% | 100g당 | 17% | 12% | 영양정보 | No Brande O | 100g s kcal |  chocolae n | 콘코바 | 코코넛 | 인재료명
003093,11,2023-01-03,1,0,0,"까지 | 2023.01.03 | 이념과실천 | 500 g (1,800 kcal) | 노브랜드의 | N70 | #친공축성#진치국수#밀치국수#비빙국수 | Noodle | 3분40초 | 조리시간 | 소면 | No Brand"
003099,11,2022-08-07,1,0,0,88094251104261 | 까지 | :2022.08.07 | 52200808-01 | 100% | ※%영양성분기준치:1일 영양성분기준치에 대한 비율을 | 10 μg | 500% | 비타민D | 500mg | 0% | 비타민C | Omg | 0% | 나트륨 | 0g | 0% | 지방 | 0g | 1% | 단백질 | 49 | 탄수화물 | 15 kcal | 일량 | %영양성분기준치 | 함량 | 1일 섭취량당 | 1일섭취량: 2포(4g) | 발생 위험 감소에데필요 |    |    의 수에필요 | 영양·기능정보
003104,11,2023-12-06,1,0,0,"까지 | 2023.12.06 10:13 | 상담실080-019- | 19(수신자부담) | UncneSh0.00 | wwcaessng.m | 을수양한다.변름 및 교환장소:본사 | 세의교환모는 보성 | 성분이으로 안생하고 | 건조하고사늘한 곳에 보관하십 | 이물질 벌들이 들어가지 않도 | 응후을달아 | A11804 | 다성주 오산공장 경기도오산시 | 260 | 정계수,주요214컴포도당,주요를 | 총산초산으로서 | 483n | 몸목보번호C308 | 의 맛과향이 풍부합니다 | 용취(추2)로만들어 발요시초 | 고 | 정원 공작에서직접 담그는"
003107,11,2021-01-11,0,0,0,정제소금 90.3.%=4 | 250g | 2021.01.11 A | Seasoning Salt | 맞소금 | 미원 | 담백하고깔끔한
003109,11,2022-07-16,1,0,0,"aco.th | hailand | IRd., Pak Raet, Ban Pong. | /BY: | 16/07/2022 D20G17 | ari: Thailand | povodu | puvodu. | luct of. | Baik digunakan sebelum: lihat kemasan | mpat se | na zadnej strane obalu. | da na such | datum vyroby / Mininalnar-vanliyosf do: | mieste, | na zadni strané obale | dua v suchu. | "
003115,11,2021-09-25,0,1,1,PROD.DATEE:20.00.255
003117,11,2021-12-29,1,0,0,까지 | OTHER | 2021.12.29.c | HACO | 유통기한 | 완성 | 고3 | ccm | 500a 20m | Ct2001 | 아준 | 이있니다 | 조/취식시 고은에 주의하세요 | 기 | 기B | 103 | 1 | 고객상담실080-09(수요이 | ·람식를 신고는 국번없이 139 | 00g | 필수재 | 가습적 | 한번사용하지 | Da | 글곳에 | 시피해건조하고 | 혼입가능 | 천호대로2등 | ·고기 | 용인시 기용구 동탄기 | 28/자:서장 | 소재지 | 이고 | 고800347002-521 | 플리프로렌 | 내모장재질
003121,11,2021-09-30,1,0,0,"EXP: 2021,09.30 | 유통기한 | 규 60g 280k | 단무"
003124,11,2021-03-07,0,0,0,19:42F1 | 2021.03.07
003131,11,2022-03-30,1,0,0,machoonm.cos |    s e | 소분-판원 | BPE | 17004억 | 8 | 까지 | 2022.03.30 | 유통기한: | · 의 영유아에게는섭취시키지 마십시오 | 으실수 있습니다 | 기에 의거교에 한 소바자 | · | 구입서일 대리정에서 하어 제플니다. | 높이의 됩니다. . 이지 마입스회) | 에 따뜻한 | -2250하 | 이상이 없습니다. | 이정이 생 주나 참기에본 | 이성성 하시 참기간 보관 시에 | 상온보관 하심시오 | 나을 피하고 | 2-PE | · | %국산 | 벌끌( | ·원일 | ·내용량 | -일원형
003139,11,2022-01-09,1,0,0,210 | E | 원재료명 | 제품명 | 조리에 | 까지 | 12:56 하종현A | 2022.01.09 | 유통기한: | 튀깅가루
003144,11,2022-01-11,1,0,0,facebook | 까지 | 롯데제과 | 22.01.11 22:19 | 달콤한 선울이 가득! | 지신080-024-6060 | 롯데제과
003153,11,2021-06-30,0,0,0,TIACCE | 02.3 | 당1.892%지1방239.43% | 345ikcal | 영양정보 | 1M600 | 아산B25박순육1337 | 2021.06.30까직 | 8 | 801043005814 | 해징소종전모장을 하면습니다 | -신선유A | OTHER | -번사및 | 신고는 국변없이 1399 | 안싱하고 | 서도 됩니다 | 사인 연상으로 인에  | -2에
003154,11,2021-07-11,1,0,0,까지 | 02:36 | 2021.07.11 | 유통기한
003165,11,2021-09-17,1,0,0,김치함량9.6%함유(건조물기준) | 스프류중 | 조리예 | THER | ·세월이 지나도 | 언제나 맛있게 | F2 | 7까지RT | 도시라 | SINCE | 1986 | 색다른 즐거움말도 | 김치맛 | paldo
003170,11,2021-04-20,0,0,0,보 | 내 1500 / 1009  374kcalL | : 896.176% | 1090291119472 | 268/296 L4 A | 20-04-21 | . | Sodum/Sodium | 440mq | 90mq | Proteines/ Proteins | 21q | 4.4g | -dontsues/of which sugars | <05g | <0.1g | 150ge | Gluides/Carbohydrates | 0 | <05g | <0.1g | Emb23001 | f which sturated | Ketaides ras stuns) | 
003186,11,2021-10-21,0,1,1,Minstanramne jin | 직화짜장 | Pulmuone | Saran Perjan | Serving Suggston | OCT.21.2021 | OCT.22.2020 | aucelRlanad | Dau sebelum | Prduction Date/Tnggal Prouksi
003189,11,2022-08-16,1,0,0,BEST BY: AUG 16 2022 | PK03306 | 83823 |  es | 40% | aminE6.1mo | 4% | Relssun20mng | 6% | lon1ng | 6% | Calcun 80mg | 5 | 0% | nin D Omcg | 0196619/143371 | Prolein 6g | 0% | Indudes Og Added Sugars | Total Sugars g | Dietary Fber 8g | 29% | Total Carbobydrate 11g | 4% | Sodium Omg | 0% | ITM. / AR
003199,11,2025-10-12,0,0,0,9 | BOCH | 952546 | BEKO | IES1 | 12:10.2025 | 반품 및 교한장소:구입처 | 화는 없습니다 | A | 윤상태로 들아좋라 보관 | 상은에서 일정세간 보관시 | 심전들이 생길 주 있으상 | 낮은 온도에서 동결현상으로 | 피하며건조한실은 보관 | 보관방법:직사광선을 | 탈번본체유리 | 원재료명 및 합량: | 원산지:뉴질랜드
003214,11,2024-01-12,0,0,0,
003221,11,2021-03-08,1,1,0,"반동및교원구입처 | LOTTEMart | 002131488349 | 가격(원) | 0392000228 | 3220 | 물번: 401340 | 180 | 17900 | 52021,03,08 | 중렁(g) | 2021.03.05 | 100g당(원) | 유동기한 | 포장일자 | 도축장(주)강원일 | )(H123등 | 보관방법-2-10보관 | 원산지:국내산(한우고기) | 국이용"
003241,11,2022-01-28,1,1,0,PRD.15-07-2020 08:46 | EXP.28-01-2022 L0197 | 75g e | OF BELGILO | KINGDOM
003245,11,2021-09-20,0,0,0,"400-901191 | 7 | STORCK Arofl | Prod.20.09,209A | 1010 1- | 1010 1 |  o  | 250 | 9 |  250 n | n | /10-3-11 | M | 1% | / | W | le | mu | 03 |    | 15 | 영행보"" | NUTRTONINFORMATON | mercr"
003252,11,2023-04-NONE,0,0,0,"04/202 | 035 | 129 | 5 | 329 | 4,09 | Rbre | S.AU | 5rs | 1A | 679 | CALLO | 0.59 | COMERCIAL | trates | 2,09 | wticte | o/Enegy | de pas | 100.9 | spir | fos por | 5 | 2 | 2 | 335kcal | bgeosr | . | · | spinaeh."
003254,11,2021-11-05,1,0,0,2021.11.05까지 | 9IEICNEL
003260,11,2022-07-29,1,0,0,Cocoa Cream Flavor | 2022.07.29 | Best Before: | CocoaWafon
003267,11,2022-05-05,1,0,0,"20002440 | REV02 | ction date(PD), best before end(BBE) and lot numbers (Lot No) are on the pack. | CEVKO | 2 | mari( ain(  eneye am Se in ol,drn (mdma)c a heeal | Uz/Salt/Só/(g) | 0,21 | 8 | 1169870110138431 | NET:18ge(0.630z)18:isl | ein/Proteir./Feherje/ivs.(g) | 9.1 | ibre/Rost/ui (g) | 2 | 45 |"
003270,11,2021-10-31,0,0,0,L340XA- | 3110 2021 | ROCHER | FERRERO
003275,11,2021-10-10,1,0,0,"Singletons Dairy Ltd. Longridge, Lal | 7200 | KEEP REFRIGERATED. BEST EA)L. | FC | 200g e | RU2 | PG141020 | 311-130023310004 | 10.10.21 | 본점 | BEST BEFORE | LOTTE | Product of England. | Suitable for Vegetarians. | Allergy Advice: Contains Cow's Miik. | annatto (E16ob), microbial rennet, starter cu"
003277,11,NONE-04-05,0,0,0,냉장제품 | 영양정보 총내용량 125g170 | [이미지예] | 04783 | 스드   g |  04.05 | 눈꽃 초코&그래놀라 | 불가리스 | 떠 먹는 | 또 깍접어 | 또떠블 | 토핑과 요거트의 환상 비울로 맛도 | 불가리스 | 떠먹는 | BEMIUM | 2일
003278,11,2023-10-02,0,0,0,Validade: | 02/10/23 | Lote: | N12021020B | 38 | ivealimentos.com.br. | bcitambem | ade conhecer mais sobre a | oranicoaNatie | itamagreasde | ultivo | ibrao | ias esp | sque | eoQR | odeaol | l e-orpret | R | presen | d | em nossas reas | esidade | o far da Natie | condiges de vida
003279,11,2023-10-02,0,0,0,Validade: | ote: | 02/0r23 | N12021020B | nossas | ($%11 | areas
003283,11,2021-09-10,1,0,0,단백질79 | 콜레스테를Omg | 080 | 포화지방7g | 고객상담 | 트랜스지방0.5 g미만 | 지방26g | 48% | 당류6g | 04551 | 6% | 탄수화물63g | 19% | 나트륨660mg | 33% | 준차 | 100 g당 | 1일 영양성물 | 100 9당1 kcal | 영양정보 | 총내300 | 안양2A3구희원1228 | 2021.09.10 까지 | 밝다리 | OTHER | 하였습니다 | 소충전포장을 | ·신선도 유지를 위해 | 1 | ·반품·본사및 구입한 | 국번없이139! | -부정·불량식품 신고 | 있게즐기
003289,11,2022-01-31,1,0,0,한 | 타민B1 0.33mg 28%비타민82 0.41 mg 29% | 2022.01.31 | 까지 | 레스터를15mg 5%단책 | 48 7%비타민A 72 aRE 10% | 지방 | 2021.02.01/10:08 | 138 24%랜스지빵 08 | 부터 | 포화지방 | 78 47% |  220mg 115 수화를 46 g14%당 | 158 15% | 영양평보 | 총내용량63
003296,11,2021-11-26,1,0,0,619 | CATHAT | GlØ1 | UFOST | e/TU19663 | PH THIT GA | FON | Hoang Gi | KRUK | H | EXP : 26/11/2021 | MFP : 26/11/2020 | CONG NGHETIRETORTIRG
003321,11,2021-09-01,0,0,0,09. | 2021 | 01파지A | /조리에 | S  25% | 1유샌드위치용스프레드 | 프레드 | 연유버터 | 샌드위치만능레신피
003323,11,2021-05-24,1,0,0,"MADE IN THEUSA | (2839 | NET WT. 10-02 | SERVINGS | 맞있는 간식,갈바니치! | L(Galbani) | Galbani | 이탈3아NO.1=브랜드 | JACK | COLBY | 7.163 10:44 | USE BY MAY 24 21 N C | STICKS | STICK CHEESE | CHEESE | Galbant | OPEN | EASY"
003326,11,2024-06-05,0,0,0,"25% DV | 8% DV | AND NON-rbST-IREAT | SUGARS | 8 0 (226g) | CALORIES | SAT FAT | TOTAL | SODIUM | DERIVED | 180mg | NET WT | 0o | BETWEN | NOSIGNFATDCC | HORMONE | NO rbST | SHREDED MONTEREY JACK,CHEDDA | FOUREHEESE | MexicansmeE | 함유99% | 자연치즈 | Kars"
003329,11,2021-12-26,1,0,0,"2024012.26 07636 | 유통기한 | 까지 | 효들어 드세요"" | C"
003334,11,2021-10-30,1,0,0,M | 73mg | 18mg | 62.29 | 15.60 | Sodium | 62.50 | Sugars | 15.60 | 129 | 0.30 | Carbohydrates | 9.10 | Polyunsaturate Far | 2.30 | 0.40 | Monounsaturated Fal | 0.1g | 17.29 | -Trans Fat | 4.30 | 28.50 | Saturated Fat | 710 | 6.20 | 15g | Fat | 531kcal | Protein | 133kcal | Energy | Per 100g | Per S
003343,11,2023-12-30,0,0,0,ITALIANA | SPECIALITA | CANNELLA | NEL18 | TEONE | CASA FONDATA | 30 12.23
000003,12,2026-05-12,0,0,0,카 | P | Carame | 고소하 | 옥수수40%함유 | 2026.05.12
000014,12,2026-01-31,1,0,0,상담실 | 손비장 | 957-478 | 031 | OTHER | 단백질19 | 0% | 2% | 비닐류 | 콜레스테롤Omg | 7% | 포화지방 0g 0% | 당류79 | 360 kcal | 트랜스지방0g | 27% | 100g | 탄수화물88g | 까지 | 총내용량 | 2% | 나트륨44mg | 지방0g | 26.01.31 | 0% | 영양정보 | 총내용량당 | 1일영양성분기준치에대한비을 | 지하은 사을피하여30이하에서보관해주세요. |    에 해시오 | 식용색소장제4 식용색소청제호 | 돼지고기 | 우유함유 | 리세지방색세()식용
000016,12,2026-01-22,1,0,0,nag | 동심 | 콜레 | 023-5181 | 포화지방8953% | 스테를 5 mg미만 1% | 수신자요금부담 | 농심물바르하기 | 방동) | 가정에서 동일하게만들가는 어렵습니다 | 460 n 23%[수화 521 | 영앙경 | 직구 | *농심의 독자적인 설비와 공법으로 만들거 | 영양정보 | 410 kcal | 완성 | 드레싱을 골고루 뿌려 | ④ | 안양2B31양혜란0437 | 2026.01.22까지 | Oriainal | 구위줍니다. | 8 | 180104310360 | HACCP | 식풍인전관리인경 | 스팀을 | 사위해소중전
000017,12,2026-11-25,1,0,0,"HI니2 | 2026.11.25 | 유통판매시법적벌을받습니다 | (주)아툰즈와라이센스계약에의거 보람비티에서생산,판매하므로 불법복제하 | @20r LeeVin, ATOoNZ. Al rights reserved. | 기준이로,개인의 필요 열량에 따라다들 수 있습니다 | 1일 영양성분 기준치에 대한 비을(%)은 2.000 kcal | 콜레스테롤Omg | 단색질0g | 0% | 당류0g | 포화지방09 | 4kcal | 0% | 19 | 탄수화물 | 트랜스지방 0g | 0% | 총내용량 48m | 나트륨14mo | 지방 0g | 1% | "
000023,12,2025-10-10,0,0,0,"슈크림 27.6%, 유산균프리미스 0.004 | 수크링 | 32.2%적6=.50 | 단팥앙금 | B63 kcal) | 풍부한 | 공법 | 산균 | 맛도BIG!기도B | 25.10.10지.A/F2 | 빅단팔슈크림빵 | 갖과 | 커다란"
000030,12,2017-08-28,1,0,0,"콜레스테 45mg 15%단백질 119 20% | 지방22g 41% | 트랜스지방09 | 포화지방6g 40 | 연410mg 21%탄수화물2 91%당률19미만1 | 영양정보 | 총 내용량80 g/250kc | 30405015-210 | 포장재질(내면)폴리프로필런 | 원면 광혜원산단2길112 | 보관방법 실온보관 | 제일제당(주)/충청북도 진천 소비기한 상단표기일까지 | 본제) | 돼지고기 함유 | 난,비타민C,혼합제제(덱스트린,치자적색소,치자황색소 | 맛분말,혼합제제(폴리인산나트륨, 피로인산나트륨,메타? | 수,백설탕,안데스소금(가공소"
000056,12,2026-07-11,1,0,0,"수차 | 고소하고맛있는 | DAESANG | 청정원 | 뚜영:PP,A:OTHER | htps:/w.daesang.com | PP | 소비자중심 | HACCP | 18010527438016 | 8 | 플라스틱 | F12306 | 대두밀,땅콩함유 | 까지 | 2026.07.11 | 소비기한: | ·부정·불량식품신고는국번없이 1399 | 2025.07.12 | ·하고건조에보부보 | 고객상담실80-09-9(수신요금부담 |      | 콜레스테를0mg0% 단백질9g 16% | 지방 3.97%트랜스지방09포화지방 0.6g4% | 능   | 트"
000074,12,2026-08-28,1,0,0,"산쓸리신),혼합저제3 | 륨(향미 | 미증진제 | 연산,잔탄검L | 까지 | 2026.08.28/C | 번길70 | 충북 음성군 대소면 대금로 105 | ·제조원:(주)동방푸드마스타 | 소재지 | 혜원면광혜원산단2길112 | 업소명및 | 일제당(주)충청북도 진천군 광 | ·유통전문판매원:씨제이제 | 실온보관/개봉후냉장보관 | 보관방법 | 후면 별도 표시일까지 | 소비기한 | 식품의 유형 소스(살균제품) | 내용량 | 250g | 제품명 | 백설 허니머스타드 소스"
000076,12,2026-08-17,1,0,0,까지 | 나드를 | 2026.08.17/D | 영양향보 | 번길70 | 2 | 충북 음성군 대소면 대금로 105 | 민품츠 | 소재지 | ·제조원: (주)동방푸드마스타 | 혜원면 광혜원산단2길112 | 업소명및 | 일제당(주)충청북도진천군 광 | 유통전문판매원:씨제이제 | 보관방법 | 실온보관/개봉후냉장보관 | 소비기한 | 후면 별도 표시일까지 | 식품의 유형 | 소스 (살제품) | 내용량 | 255g | 제품명 | 백설돈까스소스
000152,12,2026-07-31,1,0,0,94 | 2026.07.31.A | 소비기한 | 자다 | d
000161,12,2027-05-10,0,0,0,4 | 2027.05.10 16:53 | 올리고당! | ·부정 불량 식품 신고는 국번없이 1399 | 반품 및 교환장소 구입처 및 제조원 | :.OTERR | B:LDPE | 품목보번호2003048420103 | (내면) (PET)컵 폴리에달린(CE) | JP | 포장자질 | 용가-폴리에달린터티프달레이트 | YRU | 관매원 | |(순화동)/02-380-5678 | O트/A울시중구 시종 | 당 | 소분 | 대상의오신공장경기도오산시가로 | 전북특별자치도 군산시 외항로 84 | 북조를 | 대상격 근신공장 | N1674 | 옥스스저부 1
000175,12,2026-06-28,1,0,0,맛있는약속 | 2026.0628 | 까지 | 2025.09.298 | 부터 | 중립대는 차이가 없습니 | *D | TR | Fhet | Kn
000179,12,2026-06-29,1,0,0,*0 | 2026.06.29 | 맛있는약속 | 까지 | 2025.09.30 B4 | 부터
000189,12,2026-08-25,1,0,0,"18/0/정 | 50 | 2개구 | 9,980 | 스타 | 50 | 상구매시 | 2개 | 2026.08.25 | 15:41 | 빈용기는 깨끗이 분리수거하여 재활용합시다.소중한 자원 | hs/.desang.com.s/wuneshop. | 8 고객상담실 080-019-9119(수신자요금부 | 부정·불량식품 신고는 국번없이 1399 | 보 | 제품은 소비자기본법에 의거 교환 또는  | 보관하여도 번질우가 있으니가급적 | 분혼입기능·서늘하고 건조한곳 | 게새우아활류오징어돼지 | 및 | 장소 | 고객상담실 및 구입처 | 용가-우리,뚜껑제 플"
000192,12,2026-06-24,1,0,0,00g당 2280원 | 인증 머쉬룸치즈크림 파스타소스 350g | 350 | (500 | 유리 | (508 Kcl | 011 | 350. | 24까지D | 청구공장 충북 청추치 | (주)머스피씨상립 | 제조원 | (주)크레프트하이츠코리아 | 고일 08-219-750(수신자부 | 지품고 | BHENE ENE | 소비기 | A2 | DE제E 한IN5EU상CA
000213,12,2026-03-20,1,0,0,VONO | 박스프 | 2026.03.20/L | 소비기한 | 가지
000221,12,2026-07-15,0,0,0,88010051924207 | 2026.07.15.B F2 | 유리 | 영 | e2aeakeal | 콜레스를0mg 8% | 지방 10g 19% | EO | 3/0/정/점 | 25-09-30 | 30 | 2개 | 행 | 폰타 | 목보고변호 | 품유형 소시실균제품 | 힘
000223,12,2026-08-13,0,0,0,26.08 138 | 연겨자 | 4
000225,12,2026-04-06,0,0,0,Y1cal) | 14:09 | 2026.04.06 | 스터Omg0% | 단백질3g5% | 지방0g0% | 100 g 당 50 kea | 영양정보 | 의  | 총내용량25 | 들어서 사용하시면 됩니다 | 공분에의한 침전이나 물 | 년상이성길수입 | 톤카츠소스 | 반품및 고 | 클래식 | 바이오플리르 | 청정원
000235,12,2026-03-08,1,0,0,"보고번호200004430423230 | (보존료) | 우유,대두,밀,닭고기 함유 | 가공차스시플로덱스도린식육추출가공품 | 물/성크리물여 스물성유지(팔유·말이시아-산) | 판매업소:뜻데쇼핑(주)/서울특별서 중국 남대 | 청북도 진전군 진천읍 진광룡 120-6 | 소비기한 | 후면 상단표시일까지 | 의 재료를 넣어 드시면 더 맛있습니다. | 합니다.②팬에 올리브오일을 두르고 삶은 면과 소스 1봉을 넣고 | 2026.03.08 L1 | 경험을 제공합니다. | 은 편안하게 하고 싶은 | 타소스 | 더한"
000236,12,2026-04-08,1,0,0,"OTHER | 8 | 080-872-8888 | 8 | 고객지원실(수신자 부담) | www.fontanastyle.com | 비닐류 | 15:45:09 | 2026.04.08까지1 | 단질395% | 콜레스테롤45mg 15 % | 트랜스지방 0.5g 미만 | 지방14g26% | 탄수화물8g2% | 나트륨830mg 42 % | 총나 | 영양정보 | 가급적한번에 사용하세요. | *직사광선을 피해 실온에 보관하시고 개봉 후에는 냉장 보곤 | 돼지고기,복숭아,아황산류,호두,오징어,잣혼입 가능*부정·불) | *본 제품은 소비자 분쟁해결 기준"
000238,12,2026-09-10,0,0,0,가지 | 2026.09.10B3 | 2025.09.11
000241,12,2027-08-10,1,0,0,"16:05 | 2027.08.10.F2 | 고객상담실:080-024-2311(수신자요금부담) | 뜻에 보관하십시호-·사용'후뚜껑을 꼭아보관하십시호 | 이잘되는 | 울산광역시 울주군 삼남읍 반구대로 149 | 제조원 | 주식회사 오뚜기 | 포장재질 | 뚜껑 폴리에틸링,용가-폴리에탈린테레프팔러이트 | 소비기한 | 하단표시일까지 | 아,러시아 등)] | 원료명 | 유형 | 물목못보고번회[902 | 물엿 | 아래로떼어낸후사용하십시오"
000259,12,2025-11-09,0,0,0,단백질 | 클러스를 | 지방 | 식품이미 | TE:OTHER | OTHER | HA | 플라스틱 | 2025.11.09 | PeachPuding l | 가득
000280,12,2026-03-23,1,0,0,모짜렐라돈카스 | DELICIOUS | LIFE | 고메 | GOURMET | 까지 | 2026.03.23 | SSC5 | 제일제당
000286,12,2027-03-11,1,0,0,"가늘양파 | 조미식품2,향미유 | HACCP | 이스분말,후충가루 | 안전관리인 | P04 | 출물분말효모추출 | 까지 | 감칠맛분말.한우다 | 2027.03.11112B | 기스(호주산),아미 | 1기엑기스(쇠고기: | 소비기한: | 농축액(호주산)정 | DB4 | 신물성단비농축에 | [두류가공품{탈지 | 어일당은해당수의일부도스프와아동소의품니다 | 향미증진제),설탕,포 | 80--20 16 | 산나트를(향미증진 | 정제소금,건마늦가 | 기운 이양성개인의질요 열량에 따라 다를 수 있습니다. | 일성분기준치에대한비(을있다 | H) |"
000288,12,2028-07-25,0,0,0,2029 07 25
000303,12,2026-07-31,1,0,0,"냉동보관 | nop.cc | 은2000kca | 소비자중심 | HACCP | 81801052111305831 | -18Co하 | 9% | 3% | 080-019-9119(수신자요금부담) | 12 % | o고객상담실 | 13% | 까지 | 1% | 26.07.31 | 2% | 소비기한: | 72% | 한비율 | 영양성분 | OTHER | 고는 국번없이 1399 | OF DAESANG | kcal | 기본법에 의거 교환 또는 보상·부정·불량식품 | 100 | 해동후재냉동하지 마시길바람니다· 본제품은 소비자 | (전복, 홍합포함), 아황"
000310,12,2026-09-28,1,0,0,"8 | 711769 | 809019 | .0 | 소비기한 | 까지 | 부정·불량식품신고는 국번없이 1399 고객상담실080-403-3950 | 류(굴 전복 홍합 포함), 잣을 사용한 제품과 같은 제조시설에서 제조하였습니다. | 고등어 게,새우 돼지고기,복숭아 토마토,아황산류 닭고기 쇠고기,오징어, 조개 | 보상을 받을 수 있습니다본 제품은 난류(계란) 우유메밀 호두 땅콩, 대두밀 | 판매원본 제품은 공정거래위원회 고시 소비자분쟁해결기준에의거 교환 또는 | 선도유지를 위해질소충진포장을하였습니다반품 및 교환장소 구입처 및 | 1일 영양"
000333,12,2025-11-07,1,0,0,2025.11.07까지 | 장충동왕족발
000335,12,2025-11-28,1,0,0,2025.11.28 까지 | 조리에 | (i.050 kcal) | 274 | 4529 | 55g | 2020년~2024년7 | 건조고명 | *NIQ | 1리아 | 양념비빔장 | 참개1% | 판매등 | 생플면 | 생폴면사리 | 길이 들어간 비빙창 | 생졸면
000356,12,2027-03-17,1,0,0,"있요 활어 각다을 수있습니 | 콜레스테롤Omg | 0%단백질3g | 당류3g | 5% | 3% | 포화지방090% | 탄수화물5g | 2% | 트랜스지방Og | 나트륨7,886 mg 394%지방0g | 0% | 영양정보총내용 5010당32kca | 2027.03.17 A1 | 소비기한 | 8 | D:OTHER | 18010391006610 | BLDPE | -부정·불량식품 신고는국번없이 1399 | 수 있으니 흔들어서사용해주세요 | 고있습니다.원료에서기인한 침전물이발생할 | 함를사용한제품과 같은 제조설에서 제조하 | 공복숭아아항산류"
000374,12,2026-08-28,1,0,0,"3()가 | 전 사고에후의하십시지 | 한번에 드신시용을 보집이 제려과 | 및 | 싸내안관관과입 | 재료 본연의 맛이살아 있는 | 용한제 같은 생시설에서게 | 양반죽1등비법 | 아아알 | 19950270586 | 한끼의품격을올리는건강식입니다. | 양반죽은 맛과영양을제대로담아내어 | 폴리프로필렌 | 정제소금 | 모든재로를한에고요시가면서여냐는 | 5.7%(쌀60%,쌀 | 1992년에탄생하였습니다. | 설탕,정제수 팔24%,물엿,정 | 양반죽은 전통죽에현대적인가치를더하여 | 금,산도조절제B),고운앙금 | 한끼건강식 양반죽 | 밤77.0%,"
000378,12,2026-05-29,0,0,0,29 05 2026 | B1 | 29 05 | 202540
000399,12,2027-01-31,1,0,0,"2027.01.31 03:52 | VEB | 8/8010076834851 | 공고객평복센터 | 080-850-1200 16-547( ia) | 플레스터를0mg0% | 단책질294% | 지방0g0% | 포화지방00 | 트랜스지방0g | 410205수86 | 영향정보 | 총 내용량 500 g/10g당80 | 대두밀새우 조개류를 포함함은 | 미노산레달지대두외국신) | 비),양조간장원에(탈지대두육국신 | 기,최고기오징어 | 1봉하여 냉장보관 | 제조원 | 20004640032 | 하던표기일까지 | 의유형 | 소스(살제품)"
000404,12,2026-06-10,1,0,0,까지 | 2026.06.10-16:42 | ·소비기한 | B1 | 오두
000410,12,2027-04-13,1,0,0,2027.04.13 | '소비기한 | 19940409243 | 용기포장재질 용가-유리 무용 | 생강 100%(국산) | 내 용 | 509 | 별도표기일까지 | 소비기한 | 서광농합 | 천연향신료
000423,12,2026-06-04,1,0,0,맛있는약속 | 2026.06.0까지 | 2025.06.05 | 제로 쿠앤크 | 봉입 | 소보로 | 조보로 | 580
000435,12,2026-07-14,1,0,0,"2026/07/14 | '520009 | 800255 | 보상받을수있습니다 | 부정 불량식품 신고는 국번없이 1399 | 먹는방법 | 1회 1티백을찬물또는더운물에우려서섭취 | 보관하십시오 | 보관방법 | 직사광선을 피하고건조하고 서늘한 곳에 | 반품 및 교환장소 | 구입처 및 판매원/010-2520-6768 | 유통판매원 | 대구광역시 북구 성북로8,101-811호 | 팔공산 상황농부/ | 원료재배 및 | 경상북도 구미시 도개면 도군로 92-5 | 제조원 | 농업법인 맑을청월빙 주식회사/ | 2년(별도 표기일까지) | 소비기한 | "
000447,12,2025-11-22,0,0,0,2025. 11 22 | BLACKE | 글력보리는
000465,12,2027-07-30,0,0,0,5-6인분50 | 이탈리 | N2 | L31S | 2027/07/30 | E남
000466,12,2027-06-07,0,0,0,2027.06.07N | (주)두레F&D | 고객을 가족처럼 | 기족의 행복을 위한 바른먹거 | 내용량:120g | 믿고드실수있는 우수세 | 좋은원초만을엄선하여위생적 | 생산한 | 완도산산모용들각 | ]
000468,12,2026-04-06,0,0,0,2026 | E06 | 킨더조미 | 69149
000474,12,2026-06-26,0,0,0,Ta | 비타민 | 090% | 젤리셔스
000476,12,2026-07-06,0,0,0,"2026.07.06까 | (1,383Kcal) | 1,650 | 깨소기"
000478,12,2026-06-11,0,0,0,L
000521,12,2026-03-10,1,1,0,소비기한 | 2026.03:10지IC1 | 2025.09.11부터 | 제조일 | 해태물에서 간식사기 | mall | 흐태
000522,12,2026-02-21,1,0,0,"까지 | 부터 | 정 ,프로 필렌글리콜,합성향료,천연향료,정제수,글 | 과·채가공품코코아분말!(인도네시아산),혼학 | 혼합제제I(인산이전분,덱스트린),코코아분말!(싱 | 방산에스테르,글리세린지방산에스테르,레시틴,d- | 잠핵에스테르화유(팔핵유:말레이시아산),판분별 | 내포장재질 폴리프로필렌 식품유형 과자"
000523,12,2026-03-23,1,0,0,까지 | 2026.03.23까지 | 2025.09.24제조 | 소비기한
000546,12,2026-08-10,1,1,0,"2026.08.10 | ·소비기한 | 까지 | 소비자중심 | ccM | 2025.08.11 | ·제조일: | 소중한 자원개끗한 환경 | 대두,밀,쇠고함유F1242 | 보상 ·부정·불량식품 신고는 국번없이 1399 | ·품및환장소고객상담실및구입처본제품은소비자기에의거교환또는 | 명:782"
000552,12,2026-09-07,1,0,0,"09:14115 | 2026.09.07 까지 | htos/w.jungoneshop.com | 소중한 자원,매끗한 환경 | GI2507 | ps/w.daesang.com | 분리수거를 생활화합시다. | 용순가락을 구분하여 사용하십시오 | 중 조각과 가루들이 | ·유통중 | 1밀폐보관하십시오 | 내포장재질 | 및 |  소비기한후면 하다 | ["
000554,12,2027-09-17,0,0,0,G000 100AV | 2027.09.17 B | 50 g | 100%
000567,12,2025-10-29,1,0,0,특별기획 | X2 | 280g | 릴비엔나 | THE | 건강한 | 08:11D | 25.10.29 | 까지 | NC1
000574,12,2026-02-24,0,0,0,"ATAB | c09:26 | 2026.02.24 | 습니다. | 론 개인의 |  이므로 | 비율(%)은 2,000 kcal 기준 | 단백질0g 0% | 지방0g | 0g0% | 포화지방 | 수화물24g7% | 15 g 15% | 당류 | kcal | 0mL/95 | 130 | 총 내용량 | 두성:HDPE"
000578,12,2026-03-04,1,0,0,45a/anl | 2026.03.04까지 | Sesame Oil | Seasoned with | HP3 | Roasted Seawee | ed | 1름김 | 1 | 12봉 | 직화참기름김
000585,12,2026-05-16,1,0,0,"B.HO:CK.BT.AF1124 | EXP:2026.05.16 | nozes. | Fabricado em equipame | as Permitidos, Levedante | ES: Farinha de Trigo, Ole | che y soja. Fabricado en ec | Aromatizante Permitido, | Ga | S: Harina De Trigo, Aceite | que sur des équipements | Lever | (Sodium | A | Bicarbon | Vegétale (Huile De Palme |"
000587,12,2026-02-07,0,0,0,"7가지 | 2026.02. | 130 | cj.co.kr | OTHER | 81801007 | N | 1666-5471(문자) | 080-850-1200 | 비닐류 | 소중한 의견을 기다립니다 | 고객행복센터 | 필요 | 열량에 | 따라다를 | 수 | 1일 | 있습니다 | 영양성분 | 기준친에 | 대한 | 비율(%)은 | 2,000 | 포화지방0g0% | kcal | 기준이미 | 콜레스테롤 | 당류999% | 0 mg | 0% | 면질 | 나트를 10m 19% | 지방 1.292% | 영양정보 | 탄수화물 | 28g9% | 식이k유"
000605,12,2028-07-01,1,0,0,2028.07.01까지 | -0- | 거교환 또산호받장재누 방든신 분리배출하여 계랐오
000606,12,2026-10-01,1,0,0,",050 kcal) | 120g×5캔/ | 까지 | 내용량:6009 | 2026년 10월 01일 | 프레스행(멸균제품) | 식품의유형: | 소비기한:CA5N006 | 스팸®클래식 | 표시된 날짜보다 긴 제품만으로 구성될 수 있습니다. | 제품명: | 하기 소비기한은 내용물 중 짧은 제품 기준이며, | 조리예"
000607,12,2028-06-23,1,0,0,"(발색제) | 까지 | 등),카라기 | 분가공품( | 2028.06.23 | 포솔트(네 | 1801047862673 | 산:미국 | 8 | 고객만홀센터 | 교환장소 | co.kr) | 구입철및 | 반품및 | 관(1~35c)포장재질(내면)경화폴리에스터수지 | 목보고번호20050405003230 | 책(식육통조림/멸균제품)"
000608,12,2026-08-13,1,0,0,1 는” 그트 소고가드 | 그니르트 . 모트. 1 크까지 | BOS
000612,12,2026-05-07,1,0,0,"계라 | 레페퍼 | 원재료명 정제수,CJ마요소스대두유(대 | 까지 | 2026.05.07/A | 나트름 | 영양향 | 11 | 번길70 | 품목보고 | 포장재질! | 충북 음성군 대소면 대금로 105 | 소재지 | 반품및과 | ·제조원:(주)동방푸드마스타 | 업소명 및 | 혜원면 광혜원산단2길 112"
000616,12,2026-09-10,1,0,0,까지 | 202 09.10 | 18:32 | OT지 시진 | 공정거래위원회 | 고상담실08-09(신요금부당 | 소비자중심 | 부장·광시품 신고는국번업이  9 | cc | 은 소비자기본에의거 교또는 보상 | 정소고객상당 및구입 | 호하도변우려가있니말한번에사용
000621,12,2026-08-25,1,0,0,2026.08.25 AF2 | 소비기한
000628,12,2025-02-03,0,0,0,25.02.03130LF
000632,12,2025-12-28,0,0,0,No Brand | 노브랜드의이념과실천 | No Brand는 모두이마트의상표입니다 | N1065 | 2025.12.28 | HACCP |    가니다 | 70이상에서 5분 이상 살균 | 구입처및판매원 | 80-5678 | 포장재질 내면:폴리에틸렌 | 서들아상시구독점로377(성수동2가) | 부안산시 단원구 시화로38(성공동 | <브산칼륨(모존폭:
000638,12,2026-06-16,0,0,0,2026.06.16 06:36:45 L | 실당면 | 몸음요리샤브사브등
000656,12,2026-09-04,0,0,0,"2026.09.04 | HJC | 따라 다를 수 있습니다. | 8 | 801047183655 | 비율(%)은 2,000 kcal | 2.9 | 22% | m9 | 22% | 8% | OTHER | Dongwon | 5% | 10% | 3% | ng | 38% | 기준치에 대한 비율 | 1일 영양성분 | 115 kcal | 총내용량40g"
000661,12,2026-04-17,1,0,0,HACCP | 식품안전관리인증 | 기한 | 소비 | 2026.04.17까지A10:04 | 78 13% | 단백질 | 7% | 콜레스테롤20mg |  128 80% | 포화지방 | 48% | 당류 | 48g | 트랜스지방 0.5 g이만 | 29% | 탄수화물 | 93g | 24g44% | 지방 | 나트륨200mg | 10% | 5 kcal | 615 | 총 내용량 140 g6 | 영양정보 | ONEFI!
000672,12,2026-02-08,1,0,0,품질관리하에 제조되었습니다. | ※본 제품유 민국 헌원상의 엄격한 | 까지 | 26.02.08 F4C3 | 118010621641826 | htpi | lottewelfood.com | OTHER | 자요금부담 | 024-6060 | 비닐루 | 객지원센터 | 로 | 개인의 필요 열량에 따라다를 | 수있습 | 단백질 | g | 5 | 스테롤10mg
000679,12,2027-09-17,1,0,0,"8 | 8046451-006746 | NoBrand 는 모두 이마트의 상표입니다 | 쓰랜드가 아니다, 소비자다 | No Brand | 까지 | 2027.09.17 | 소비기한 | 부정·불량식품 신고는 국번없이 1399 | 사용한 제품과 같은 제조 시설에서 제조하고 있습니다. | 이 제품은 밀,메밀,우유,대두,땅콩,닭고기,토마토를 | 의거 교환 또는 환불 받을 수 있습니다. | 제품은 공정거래위원회 고시 소비자 분쟁해결 기준에 | 및교환처:구입처및 제조원 | 20090449018240 | 번호 | (순화동)/(02)380-5678 |"
000682,12,2026-01-25,0,0,0,길 | 고 부드러운 | 2026.01.25 12:427m101
000689,12,2025-10-27,1,0,0,- | 25.10.27 | 까지B | 소중한의견을 기다립니다 | N | 1666-5471(문자) | 고객행복센터 | |080-850-1200 | 열망에 따라 다를수 있습니다 | 1일영양성분 | 기준치에 대한 비율(%)은 | 단질129 | 22% | 레스데를50mg | 17 % | 호 | 치방3.49 | 23 % | 랜스지방09 | 11g | 20% | 당류4g | 4% | 수화물8g | TER | 2% | 나트륨660 mg | 33% | 류 | 내용량당 | 기준치에 대한 비를 | 1일 영양성 | 영양정보 | 180 Kcal
000692,12,2026-08-21,0,0,0,"13 | 26.08.21E | 라기씨유),쌀가루,포도당. | EAR"
000694,12,2026-09-01,0,0,0,유식 | 신 | 중 | SUSTAINABLE CACAO 사용 | 지속 가능한 상생을 위한 | 프로젝트 | 착한 카카오
000699,12,2025-10-27,0,0,0,"312.1 | 폰즈,와사비미 포함 | 809720 | 822525 | 2025 | 차모찌리도"
000704,12,2026-07-29,1,0,0,16:11 | 2026.07.29 까지 | 고객상담심080-02-231수신요금부 | 안싱하고드심시오
000708,12,2025-09-18,1,0,0,6B2 | 익산 | 2025.09.18 | 까지
000711,12,2025-10-09,1,0,0,836361 | 8 | 809011 | HACCR | OTHER | 까지 | 2025.10.09 | 소비기한 | 밥 | 순살감자탕 | & | 연중무휴 | 간 년
000730,12,2026-02-26,0,0,0,.00000
000732,12,2026-03-16,0,0,0,
000738,12,2026-02-12,1,0,0,8 | 8092981 | Peanuts | 15810917 | Iool. | HACCP | 품질 보증이 불가합니다. | cal | 60g | 파인하세요 | 4608 | 다양한 해택를 | 유리 | 슈퍼너즈 | 그니처 | 함유 | 땅콩 | 09:27:05 | 구매처 | 2026.02.12 | 까지(B) | 소비기한 | Best before | 100%) | 8(15 | 0 | 9
000766,12,2026-09-24,1,0,0,consume within 3 days | opened keep inth tidge and | Shake wellbefore serving Once | L517562 087431 | 24 09 26 02 18 | Best before/Batch.
000769,12,2026-12-10,1,0,0,EXP:2826.12.18 D0FI 1FN1
000778,12,2026-06-22,0,0,0,Biscoff | 2026 06 22 | lotus | 2연세우유
000780,12,2026-04-27,0,0,0,흔들어 주세요! | 2026:04.27 | 19:06 | HS | T-SELEC | 20 | 프로핑
000788,12,NONE-12-21,0,0,0,우R | 아나나와 | 빙그레
000794,12,2026-10-27,0,0,0,"2026.10.27 | 2,300 | .00"
000798,12,NONE-12-20,0,0,0,1000 | 요플레 | 12.20 01579 | 비요뜨 | 비요뜨 | 43
000804,12,2027-09-01,1,1,0,EXP M9T | PRD 0095
000807,12,2026-05-29,1,0,0,04:03:39 311 | EXP 29/05/2026 | He Hel
000808,12,2026-06-12,0,0,0,2스트 커 | 미디엄 | 2026.112 | 2026.1.12 | 2.1 | Unabe | 콜드
000810,12,2026-03-31,0,0,0,3 | unab | 5b | 10 | B/1020 | 26.03.31
000819,12,2026-05-18,1,0,0,6 | O | M12e223:14:23 G1 | BEST BEFORE: 18. 05: 2026 | S기지 | -2.800. | 2.500. | b | W5.000 | A | 2+1 | 2+1 | -
000832,12,2026-07-16,0,0,0,의거정건래는보상받을수있습니다. |    시 기준에 | 나트륨175mg 9% | 영양정보 | n원산지: 폴란드 | 2 | 72 | 42
000842,12,2026-07-03,1,0,0,ROCHER | FERRERO | 소비기한(일-월-년 순 까지) | L260KBB-J0-11:09 | 03-07-2026
000853,12,2026-09-24,0,0,0,월0 2 09 .2 | HE 26.09.24
000856,12,2026-06-03,1,0,0,"""80005 | 건조하고 서늘한 곳에 보관 | ·냉장보관을 하지 마시고, | ·소비기한(일-월-년순 까지) | 량에 따라 다를 수 있습니다 | 비율(%)은2,000 kcal | 단백질3.89 | 7% | 포화지방4.7g | 31% | 23407- | -23 15:37 | 시방13.1g | 24% | 03 06 2026 | 수화물33.5g | 10% | 52g 267 kcal | 원산지:캐나다 | 개봉필름:알루미늄 | 1399 | 하고 있습니다 | PP | 를사용한제품과 | 신고는국번없이 | ·부정·불량식품 | 텐),보리(글루텐) |"
000860,12,2022-07-23,1,0,0,"snuR.nnboa.aahaW ys.y. | (p2000)70.55 0Z | BOX NO: B05629 | 6909971156297 | 8 | www.tayas.com.tr | FaX:0.262 841 08 80-00 | Tol:0.262 646 67 13 (PDX) | 2kg | 29.07.2022 | han Dede Cd. B0 ak. Mo 122 | BEST EEFORE | Gobze Organize Sanay, | Kabapd Bapos / | LOT:232 | Oe6/Yroboe / Prolzvodac | 5629 | NE"
000875,12,2021-03-22,1,0,0,"OF THE USA | 0196191090907 | PRODUCT | MAR 22 21 06:57 293H0 | BEST BEFORE | 18KS09133a | KEEP REFRIGERATED | CONIAIRS: MILK | MEPENIENTS: CULTURED PASTEURIZED GOATS MK,SALT,ENZYMES | ITM./ART. 9090 | per serving | Vilamin 0%·Clcium 0% Iron 0%·Potassium 0% | WW.cOSTCO.COM | 80 | Calories | 1-800-774"
000878,12,2023-04-03,0,0,0,Nonogowich | 5e | HELVA | TRADITIONAL HEVA | SUBE SESAMPASTE | SADE | Sera
000879,12,2021-05-11,1,1,0,"국번없이1399 | 511202175110198311 | 0720Wj 177 | LOT | 원회 고시소비자 분쟁해결기준에의거교환 또는 보상받을 수 있습 | DATE:11/05/2021 | EXP. | 하고 서늘한 곳에 보관 | PROD.DATE: 15/07/2020 | 포는 구입처 | BEST BEFORE: | 용기:PP | 렌(내면),폴리프로필렌(용기) | 내연: LDPE | 표시일까지(읽는법 일/월/년 순) | 비닐류 | 두.일.우유함유 | 175ge | 리카추출색소제이인산나트륨,구연산,비타민C,천연우유향 | TOTAL NET "
000881,12,2021-06-08,1,0,0,바랍니다 | HACCP | 0-10°C 냉장보관 | ·개봉 후 반드시 냉장보관 하시고 빨리 드시기 | X220 | 38011551737740 | 천행호15:31 A10 | 유통기한 | 2021.06.08까지
000883,12,2021-07-03,1,1,0,8011501300451 | 2010.03 | 유통기한 | 까지 | 2921-91-94 | 생산일자
000894,12,2021-06-02,1,0,0,피크닉청포도 | 까지 | 2021.06.02 | 23:45
000911,12,2022-05-05,1,0,0,"CHER | 03003657 | 07: | 05 | 19$기한 | 내장 재질 폴리에탈런수지 | 통기한밑에 표시된 일자까지 | 대두유 | 리아주식회사/충청북도청주시홍덕구백봉로72길2 | 원재료명 | / 쥬다 아베누아스RTAEARARS BRA | A | 식품유형 기타 코코아가공품 | 박성당,코분가 |  에 따라 다수있니다 | 네레고객생당실: 08-730-5336 | 네슬레에게 이야기하세요 | 2 | 24% | 5.9g | 3% | 0.89 | 119111% | 1.539 15% | 도와습니다. | BE인 D3 | 1.5 mg 125  "
000916,12,2022-06-06,1,0,0,2022.06.06 B | 8180922614049351 | ME1B60.081mg | 0.81mg | 54% | 5% | 0.099 mg | 비타민B2 | 71% | 0.99 mg | 7% | 비E인B1C | 0.079 mg | 65% | 0.78 mg | 7% | OTHER | www.hamsoapharm.com | 17% | MHIENIC | 1.7mg | 17mg | 2% | www.hamsoamall.com | 단백질 | 0% | 4 | 0g | 0g | 0% | 신고는국번없이1399 | 0% | 콜러스테롤 | Omg | 
000921,12,2022-02-26,1,0,0,OT | FH시 | EXP : 2022-02~26 A0 | 쌀가루40% | RIC를
000944,12,2021-07-03,1,0,0,L308:942022:13 | EXP: 03/07/2021 | PROD: 03/04/2020 | gullón
000948,12,2021-10-24,1,0,0,100g | Net Weig | com | 의요열에를 수입다 | 성분기준치에 대한비울은 2000cd | 660 | 12% | 0% | 스테통 Oro | 지방0.1g | 1% | Best Before Date: 24/10/2021 | 스지방0 | 0.10 | 0% | Production Date: 24/07/2020 | 4720 | 47% | 울T7A | 0019 | 24% | 4924000499134 | 10mg | 1% | 당 1일영양성분기준치에 대한비을 | 정보 총 내용량 100g 337 kcal | Sodium | -Sugar
000955,12,2022-01-25,1,0,0,CB | 까지 | 2.0.5 25 | facebook | 롯데체과 | 달콤한 선울이 가득! | OHAI | 비스트
000957,12,2021-02-22,1,0,0,8801114139844 | 21:02:22까지 | 21.01.29제존 | 이으로개인의필요 열량에따다를수있 | 1양 | 1일영양성분기준치에대한비을이 200 | 비타민COmg 0% 숨17mg2%0ng0 | ADCMDD | 스테%단%비타0 | 식이성 0g 0% 자0g0 | 나트10mg 1% 수화29g9% 당9 8 | 영양정보총내용 20m1kl
000961,12,2023-10-21,0,0,0,용하감파니아식 폰타나 | 으로 유명합니다.듀럼 | 용한 탄력있는식감의 | 목한 감파니아는 듀럼 | 4의맛을좌우합니다 | 스타면의 선택이 | 세몰리나100% | 파니아 | 1의시작 | 이탈니아감파니아 | 폰타나 | 어울립니다. | L02956.001A | 2023/10/21
000966,12,2021-08-10,0,0,0,"선지스페인 | METO | 수입원 | Slehe | 작유청과처주스 | Vorzug | 83/1L(650 cal) | verzeh | Musikatiniu | 8A 17415 | Balmerk | Turustaja: | jahedas. | hoida | avatult | loksutada, | avamist | Enne | Dlaosas. | kdained Og,valud o2.5 | au | carton. | 100m: | kontsentraadist. | ole | valmistatud | Don: |  MUSCAT GRAPE J"
000969,12,2022-06-30,0,0,0,"RALEUROPA 14, SENAGO (MAL. | ALMBONAT S MILANO ITALY | 13:05 | L157828 | koiwene avant fin: | 2022/06/30 | Damim-nte entro fine: | 2324778 51601A125:la11  | Pride | 002 3060.58,8 | 61,615.2013,0:0021.5 |  lig cuto | 1962 2a1 r 100 K 2l N L | 468.J+ | .(1,55 | 2 | 2 | (Mdegk745) | lis | 2 | 12e-102 |"
000976,12,2023-08-03,0,0,0,주시사 | 옥또김 | ·제조원 | Pasicio febianeli' S.A | 8 | L20434 | 08 | 2023/08/03 | 달수 있습니다. | 가있습니다. | 가 많이 어 | 산단 일요리가 니다 | 실리나 파스터로 요리에 으 | 정입니다 | L | 은 파스티는 듀림럼 | 파스티 을입린니사 모양이 | 파스타면한종인 2식리 | Fresco | (FRESCO RUSTLI) | 프레스코후실리
000978,12,2021-03-11,0,0,0,DVINISVWIOAN | sinuead pue | + | 22243 | 0 | 03
000982,12,2022-02-15,1,0,0,if desired. | ad he stock.smer | least 1 hour. | Comvenlen to use: | oruon and gauti | clamic Taan | win lots of | nrunhoocms | How to prepare: | intensify | che | ws to yu | od aennich with | u beg | 1 tbsp | oy add asveet | minced parsley | 1head | Indulge in lavon | of | crcate | broccollcut ino 
000983,12,2021-08-20,1,0,0,"HerbakT3 | 90~100°C | 200-250m | Black Te 2-3 | OTHER | 8809691 | ""780188 | 유통기한2021.08.20 까지 | 교환 또는보상을받을수있습니다 | ·본제품은공정거래위원회고시 소비자분쟁해결기준에의거 | ·부정불량식품신고는국번없이1399 | www.tea-korea.kr Item No. 913965 | 경기도부천시중동로377번길7 | 판매원 | (주)티코리아1800-9750 | 데코리아 (032)672-3742 | 수입/소분원 | Akbar Brothers Ltd. | 제조원 |"
000996,12,NONE-02-19,1,0,0,8 | 4본바코드 | .19까지
001000,12,2021-09-07,1,0,0,308:11 L5 | 07SEP21 | BEST BEFORE
001002,12,2022-08-24,0,0,0,~ | 202
001004,12,2020-08-10,0,0,0,"Honey Murtal | 8 | ,)이 | HACCP | OP미크린 | 단백질20 | 4% | 59 | 0mg | 0% | 클레스테를0mo | 8g | 00 | 트랜스지방이 | 17% | 25g | 지장9 | 6g | 2% | 218 | 510 | 6% | 1 | 73 | 140 | . | 3009 | 영양정보 | E | 국ㅊ"
001006,12,2022-06-29,1,0,0,2 | / | No Brandeop | 2022.06.29까지 | PP | 8801161501687 | 품질유지기한: 2020.12.30 | 제조하고 있습니다.·부정·불량식품 신고는 국번없이 1399 | 본제품은 쇠고기새우 조개류홍합)을 사용한 제품과 같은 저조시설에서 | 2 | 책상이 진해질 수 있으나 자연숙성에 의한 현상이므로 안심하고 드셔도 됩니다. | 단9816%0ng 0% | 실온에 보관하시고 개봉 후에는 냉장보관하시는 것이 좋습니다.오래둘수록 | 방 318 6%트래스지방 08방088 5% | 분생해결기준에 의거 교환 또는
001008,12,2022-11-24,1,0,0,"2022.11.24 | 식품신고는했이 1399 | 8809580861344 | 하고있습니다부정·불량 | 과같은 제설에서 | 승아,메밀,대드를사용한 | 202 | 하단표기일 | 품질유지기한 | -수 | 제조원 | / | 식품유형 | 침출차 | 포장재질 | 여과포(PA), 실(P), 내포장(PE) | 제품명 | 히비스커스허브티 | 내용량 | 15g(1.0 g 15 백) | No Brand는 미마트의상표입니다 | Tip) | 차가게우러납니다. | 90C정도의 10m에니고 | UFE | 허비스커스허브티 | HIBISCUS HERBTEA |"
001010,12,2021-08-09,1,0,0,09.08.202108:43 | Best before: | 내포장:PP | DD/MM/YYYY(일/월/년) | 유통기한:별도 표시일까지
001013,12,2021-11-10,1,1,0,·유동기한 | 2021.11.10 | 1032-730025 | ·제조일: | 2020.11.11 | 27188.. | 융ZE | 5.980
001017,12,2021-02-21,1,0,0,Best By FEB/2121 | 19:18NDLAC
001019,12,2021-05-15,0,0,0,
001027,12,2020-09-08,1,0,0,카몬드 브리즈 | Breeze | 한번에 | 언스위트(무당) | 까지 | 2020.09.08 | 12:08
001028,12,2021-07-07,1,1,0,맛있는 약속 | 유통기한 | 2021.07.07 까지 | 제조일 | 2021.01.08 B
001032,12,2019-07-16,1,0,0,1kg5~6인분 | F1김지영 | 2019.07.16까지 | 내입맛에딱! | 것하고통동한 면말이 | 것가e구루 | Fresh Chopped Noodle | 42리 | HACC
001041,12,2022-04-15,1,0,0,EXP:2022.04.15 DER T16
001043,12,2021-09-13,0,0,0,902109 | 13.09.21 | amilio
001044,12,2021-04-30,0,0,0,11118 05 | L.DEM27BLO | 30-04-2021 | 210000001770024
001056,12,2022-05-27,1,0,0,OTHER | 021682 | 유통기한 별도표기일까지 | 원재료명및함량감잎100%(국산) | 내포장재질 플리에틸렌 | 제품명 김동곤 명인의 감잎차 | 식품의 유형 침출차 | 내용량 30g | 유지시합니다 | 합니다. | 성 | 이잡우러나게 | 높은 영로 약혀 | 위해건조합니다 | 신선한 감임을 | 이 보관하기 | 익히기 | 비비기 | 원료선별 | 건조 | 덮음 | 감잎차의 제조공정 | 2022.05.27 | 기호에 따라 물의 명. 감임의 양을조절해서드서도 좋습니다. | 한번 넣은 차는 2~3회 우려드셔도 좋습니다. | 스(2다에고는
001073,12,2023-09-18,0,0,0,L38M | M1 | 2023/09/18 | 5-6인5 | 이
001076,12,2021-07-31,1,0,0,"#1067 | Omg | 4.0g | Omg | 13.99 | 1.19 | 6.29 | 3.99 | 1.79 | 72.09 | 20.29 | 9.2g | 2.69 | 2890 kJ (691 Cal) | B09 KJ (194 Cal) | per10og | Avg. Quantity | per Suritig | Avg, Quantity | erving size pak | 75261 | EPLPOM | 2021.07.31 | BEST BEFORE"
001080,12,2021-10-13,1,0,0,"인의 필요 열량에 따라 다를 수 있습니다. | http://www.lotteconteaikr | 88010621/879144 | 5% | 수신자요금부담 | 포화지방6g 40% | 080-024-60-0 | g8% | 당류13g 13 % | *2갑)/1갑(39 g)당 215 kcal | 고객지원 | 로 개인의 필요 열랑에 따라 다를 수 있습니다 | 1일 영양성분 기준치에 대한 비을(%)은 2,000kcal 기준이므로 개인의 필요 열량에 따라 다를 수 있습니다 | 질4g7% | 콜레스테롤 5mg미만1%단백질497% | 5g0만포화지방4"
001081,12,2021-06-17,1,0,0,ere registered trademarks of iTw | ZIP-PAK@and the ZIP-PAK Symbo | C의대방로 112신대방동) | www.nongshim.com | 본사:서울특별시동작구 | 080=023-5181 | 고객상담 수신자요금부담 | 농심 | 아산 B26박순옥 1536 | 2021.06.17까지 | 유지시켜 줍니다 | 잡아개봉해 주세요 | 제품의 신선도를 | 대칭되는 전면부분을 | 지퍼를닫으면 | 잡는 곳부분과 이와 | 개봉후그림처럼 | 그림처럼후면에표기된 | 2닫을때 | 1개봉할때 | 대포장지퍼백 사용
001086,12,2023-10-09,0,0,0,02843652 | 6520:38 | 2023.10.09 | :PP | 유리 | Distributod | Tastor | 0 | 에 | 비/지 | 0 | :100%( | 유중 | 정원수소진 | HACCP | 오리지습 | 초이스 | Choie | Taster's
001093,12,2021-05-25,0,0,0,1 | 20E1.05.25
001096,12,2021-06-11,1,0,0,16% | 9g | 일영양 | 1% | 단백질 | 5mg 미만 | 기한 | 40% | 까진 | 08:15A04F5 | 콜레스테롤 | 69 | 2021.06.11 | 포화지방 | 유통 | 부터 | 3 | 419 | 2021.01.12 | 트랜스지방 | 229 | 188% | 지방 | 3011171682804 | 189 | 당류 | 619 | HACCP | 탄수화물 | 650mg | 나트롭 | 기준치에 | 1일 | ·반품처: 본사 및구입한곳 | 총개용량당 | 080-023-5700 | :국번없이1399 | 드세요 | 영양정보 | 한피해
001103,12,2021-03-14,0,0,0,과일야채샐러드 | 썬업 | Maell
001117,12,2022-01-20,1,0,0,2022.01.20 B | 을한는드상보관하고가 | 통시일내 시용 하시 바렵내다 | 처에서 교환하시기비람 | 가병병정소상되업을경우드시지 | 이성분이수있으 | 나오니잘 수에서 시용동 | 보은 서 분기주에교또는 | 수입습니다.부정 물품 | 350.통및 장소:판관원및구 | 2객생담실:0-9300 | 1183 | 00103062 | 발물질 | 모장사실 | 두밀함유 | 증진제흑후추분말 | 하도 | 기일까지내용량 3709 | 제조원 | 주화경 | 제품명 | 소스살군제품 | 명민능양 장소스식품의유형
001121,12,2023-01-10,1,0,0,뚜껑:PP | 8803217013588 | 페 | 품질유지기한:2023.01.10 | X | 02404 | 시키지마십시오 | ·만12개월미만의영아에게는 섭취 | 받으실수있습니다 | 분쟁해결기준에의거교환 또는보상을 | ·본제품은 공정거래위원회고시 소비자 | ·부정·불량식품신고는국번없이139 | 으로두시면 결정이없어집니다. | 없습니다.결정된끌은 따뜻한 물에 중팅 | 결정이생길 수 있으나 품질에는 이상이 | 성분 조성상 저온이나 온도변화에의해 | ②냉장고에 보관하지 마십시오.벌끌은 | 닫아상온의 건조한 곳에 보관하십시오. | ·보관방법
001125,12,2021-12-28,1,0,0,2021.12.28까지F1A2 | 2020.12.29부터17:22
001127,12,2021-06-10,1,0,0,"OTHER | 21.06.10#1 | 까지 | 부터 | 20.12.1123:04 | lotteconf.c.kr | 포함),잣혼입가능 | -024-6060 | 이므로,안심하고 | 마음 | 의한피해보상 | 칼슘,L-글루탐산,효소처리 스테비구연산,후추 | 보존을위해질소충전 | 추출물,정제소금,시물성지를 제상인신 | 중변질품은구입상점 | 픽들요 열량에 다라 다를 수있습니다. | 10% | 설탕,정저 소금,토마토분달과용 | 원재료명(스프) | 화지방 13g87% | 폴리에틸렌 | 내포장재질 | 5%당류292% | 싱가포르신 | 원산지 | 4"
001132,12,2021-02-19,1,1,0,가톡톡! | uone | Ä | 유등기한2021.02.19 | 제조일자2020.12.12 | 제조일자와 유통기한을 동시에 확인하세요 | 안심프로젝트 | 가쓰
001133,12,2021-02-19,0,0,0,2021.02.19 | A | 2020.12.12 | 안심프로
001137,12,2021-07-17,1,0,0,"BEST BEFORE 17 JUL 21 | FYF2940 18:28 | .hen 8801065000248> | 2 Southbank Bivd. | uthbank | Refrigerate fter opening | H.J.HeinzCompyAustrlaLd, | SODIUM | New Zealand. Pached for. | 135mg | 530mg | SUGARS | Strese Norh, Hatings 12. | CARBOHYORATE | Heinz Watie's Lud, 513King | -SATURATED | 037058 AU"
001141,12,2022-03-14,1,0,0,8042 | 스지방 0  09 0%  스 0mg 0%  59 8 | L$ 10m9 188 60 21%9 319 87%  0g 0% | 내용량 80g 288 kcal | 영양정보 | 제거 후드시길 바랍니다. | www.haribo.com | 8 | 91211090446 | 제조시설에서제조하고있습니다 | PP | ·이제품은 일상독충이을사성한 제용과 같은 | ·보관방법:직사상선을 피하고 서능한 공에 보량 | 반품교환:구입처 또는수입원 | 제조사PAMIR GIDA SAN.A.S | 원산지터키 | 욕스밀납소고기 향유 | 원재료명 | 구연산시
001144,12,2021-05-25,1,0,0,"2 | 1000000866048 | 2021.05.25 KB | 유통기한 | YYYY.MM.DD | 123317 | 250g (1,220 kcal)/캐나다산(OEM)I메이플시럼2%"
001145,12,2021-05-25,1,0,0,000000866048 | 2021.05.25 KB | YYYY.MM.DD | 유통기한 | 123317 | ㅣ 메이플시업 그와
001154,12,2021-09-21,0,0,0,L0265 | 21-09-2021 /18 | 0 | 광 | 마 | Sn | 요흙
001160,12,2021-04-23,1,0,0,까지 | Binch | 21.04.23.09:47
001189,12,2019-06-28,1,0,0,"OTHER | 337760 | wmwook | 공육보|201204450134 | 전면상단표시일까지 | 유통기한 | 전국관매정및대리짐 | 광원신92일112 | 1일 명영분 기에바을은20 | 시세이일주)충북 진군 공해원민 | ·식품의유형:두부냉장보관 | 클렉스ngs[질7g% | ·후모번시주 | (주품무는큼청북 군 경동 행동신단로) | 제조원 | ·제품명:단단한 큰두부 | 무청가 | 대두함유 | 유의시향 | 거산계품은 번들 우가 있의 | m1 | (메,캐니다. | Ccm | 조제해수염화마그네숨,현미유 | 보 | 빛 | 대두 100%[외국"
001193,12,2021-02-11,1,1,0,"부한바다김&김 | DARK | MEDRUM | 0 | BOND | THE STARBUCKS* ROAST | 613030932 | 리치힘& 카라엘향 | TASTING NOTES | OTHER | ·소비담:080-23-0003 | ·부정 랑스품신고;국번없이1399 | 비닐류 | ·반품 및 교한:구입처 및 수입원 | 받으실 수있습니다. | 분쟁 해결 기준에 의거,교환 또는 보상 | ·본제품은 공정거래위원회고시 소비자 | 충전했습니다. | L00440303F8 | 제품의 보존성증진을위해질소가스를 | Best before:11/02021 |"
001204,12,2023-02-28,1,0,0,HU | 6 | ∞ | P28/02/2023 | EXP | 20123521 | 5
001207,12,2020-08-18,1,0,0,"가(특하등록번호 제 10-0567371호) | 809419870981 | 8 | 없이1399 | 류.잣,호두를 사용하는 제품가 감으제조시설에서 제조하고 있습니다. | 기밀 우유.오징어.닭고기조개류메밀. 땅콩, 복숭아, 고등어. 게. | 유되어 있어 과량 섭취 시 설사를 일으킬 수 있습니다 | 기 | 한 | 독아 하얀 반점이 생길 수 있으나.인체에 무해합니다. | 까지 | HACCP | 2020.08.18 | 습도가 낮으며 통풍이 잘 되는 곳에 보관하십시오. | 원회 고시 소비자문장해결기준에 의거 교환 또 | 상받을 수 있습니다. |"
001212,12,2021-07-03,1,0,0,"까지 | 8809415434934 | OTHER | 02957846 | 2021.07.03 | 유동기한 | -보랜방합:직사광선을 피하여 건조하고 서늘한 곳에 보관 ·부장-불량식품 신고:국번없이 1399 ·소비자 상당살 080-600-2000 | ·본 제품은 공정거레위원회 고시 소비자 분쟁 해결기준에 의거,교한 또는 보상받으실 수 있습니다. ·변품치 구입처 및 수입원 | PAPRARUA | 대두를 사용한 자품과같은 | 밀 유유 대두참유 | 밀유함유 | 일우유 대두함유 일 우유, 대두 함유"
001232,12,2021-05-05,1,0,0,혹임자우유 | 21.05.05 55431 | 유통기만
001234,12,2021-03-09,1,0,0,"01:41단호박-5 | 2021.03,09까지"
001243,12,2023-12-31,1,0,0,"PESO LIQUIDO | BBE: | (2,820z) | Lot | 31412/2023 | POIDS NET | 201474 | Lote | NET WEIGHT | 80 GR. | PESO NETO"
001257,12,2023-07-03,0,0,0,
001261,12,2021-03-25,1,0,0,"보상 반을 수 있습니다.·사용한 포장재는 분리수거하여 주십시오.·부정,.불량식품 신고는 국번없이 139 | 유통기한 전면별도표기일까지 원재료명 및 함량 무우60%(국내산),정제수,정제소금(국산),빙초산 | 유통전문(주)선에안비대구광역시 달서구 중흥로 50(송현동)/Tel156-8312내용량 230g | 조원 농어사법인(주)산이식품/경기듀이첨시 대월면 다솔로 238번길 79-21품목보고번호 1994035811548 | THE테트리스찜닭용치킨무 식품의 유형 절임식품|포장재질(내면) 폴리에틸렌(필름),폴리프로필렌(용기 | OTHER냉장보"
001264,12,2022-12-03,0,0,0,078750682 | 2022.12.03 | 식신고는 국번없이 1399 | 유호에 알맞게 생수 또는 탄산수에 희석 | 드시생상 보관하시고가능한 | 조 | 8 | 2)/02-380-5678 | 시성구378 | 이마트 | 7061-833-8757 | N
001271,12,2023-07-08,1,0,0,"EXP: 2023/07/08 | LOT: 007091 | 관방법 직사광선을 받지 않는 서늘한 곳에 보 | 량및섭취방법1일1회1캡슐씩물과함 | 의수치는1일영양성분기준치에 대한비를 | Omg(O%),기능성분EPA+DHA.T0 | 활물0g(0%),단백질0(0%.지 | 회분량1,00m("
001276,12,2021-11-04,1,0,0,"EXP:2021.11.04 | PK13U S | 뚜껑:HDPE | 000000611648 | 09포화방14935mg2%1g.183 | 100g당 535kcal | 영양정보 | 종내용량 410g | 같은 제조시설에서 체조하고 있습니다."" | ·반품 및 교환장소:수입원및구입저"
001282,12,2025-04-01,1,0,0,"250ml | 0023C | M.de Nigss | L0092 | Acetifcio | it Poeta | ProduedN | BBD:01/04/22 | Hodena | Alimentarie Forestali. Bottling Site: CSQA N 216311 | KalFaf/Fats / Fett /Grasas Og,Saturted/dayon gesn | /pour/para10O ml-Energy/ Energlewert/ Valeur nergehig | Durchshnitliche nwerte/Infomations ntrition"
001284,12,2022-04-23,1,0,0,K | 민음물의표시사일 | S시100 | Nutrition Facts | reduce yuur calarie | save syrug is an ihea | Hutrtionul benern | eby uf 100% Mue | iic Choice | An Ideal Org | BBD: 2022/04/23 | L0T: 0123049210N
001285,12,2022-11-21,1,0,0,33 | www.agriolit | 8101417172048 | AGRIOL SPA - Vi Sede Snc | CONFEZIONATO DA/PACKED BY: | L20.326 | 1le | 21/11/2022 | 개인의 필요열량에 따리 나를 수 있습니다 | 1일 영양성분 기준치에대한 비율(%)은 2.000kcal 기준이으로 | 콜레스트롤Omg | 00% | 0g | 단백질 | 00% | 00% | Og | 10g | 포화지방 | 당류 | 67% | 00% | 810kcal | 0g | 탄수화물 | 0g | 트랜스지방 | Omg 
001290,12,2024-11-21,0,0,0,Non | BED:24/11/21 | 21:57 T1
001295,12,2021-11-NONE,1,0,0,1404 | EWSSTO | 12:11 | 0282FTX 143 | NOV2021 | BEST BY | 60-28-6834 | CETINTOUCH
001306,12,2021-07-19,0,0,0,2021-07.19 | e pa ijpe | 아침에버터 | 남장제를 | 식물성 | 서울우
001309,12,2021-04-30,0,0,0,"-15:35 | 1U87608 | 00125157K1 | APpBiUb | PEST BY 30APR21 | ©2019 Nestle. | per serving | used with permission. | Potassium 10%  Vitamin C 45% | 60 | SA,Vevey, Switzerand or | Calories | source of protein | Societe des Produits Nestle | Protein Og | Not a signiticant | 1 tub | Al trademarks are owne"
001310,12,2021-04-20,0,0,0,aPP | REST | TN30APR21 | pet sening | Calories | 60 | 1 tub | Potassium 10% Viamin C45% | O2019 Ne | Serv size | used wion per | Protein Og | Total Carb 13g | 2 servings | SA Ven Spond o | 14% | Sodium 5mg | Facts | Inc g Added Sugars | A tademns 3e o | Total Fat Og | Total Sugars 11g | Nutrition | 
001313,12,2022-01-15,1,0,0,"OTHER | 까지 | 8 801416 82745 | 2022.01.15 BUA16 | 유통기한 | 부정·불량 식품 신고는 국번없이해1399 | 추청·래윙워을 고시손자분쟁해결 기준에의거의한시긴 발랑 | 땅과위을나타수있으제루하지의 경음이 |   | 폴리에틸렌(PE) | 내포장재질 | 원재료명 및 함량 | 크랜베리55% 설당 44%,해바라기유1% | 마리아니팩킹사 | 제조회사 | 미국 | 원산지 | 내용량 | 50Q8 | 하단별도표시일까지 | 유통기한 | 031-763-466 | 소비자상담실 | 반품 및교환처 | 구입처및해당업소 | 소"
001316,12,2021-12-09,1,0,0,8809019/7100 | 까지 | 2021.12.09 | 브라질넷100% | 원료명및 항량 | /경기도36 | 소문/판매원 | / | 수입원 | 모장재질 | 200 | 브라질넷 | 제품명 | BRAZILNUT
001333,12,2021-12-NONE,0,0,0,3 1700112101624 | 11:00 | P24158 | LOT | 12/2021 | DDM | hente entro finel | ntes do fim de/ | rtgm
001344,12,2021-08-10,1,0,0,TRATE | ICHERRIES | 02237861B20:51 | ATEURAL POMEGRANATE | SUGAR | AUG 10 2021 | Iron Img 6%  Potas. 279mg 6% | g0% | Ca | Best If Used By: | 9% | Protein 7g | 10mg | )D | ng | Incl. 7g Added Sugars 15% | 0% | 같은 니다. | 원신지 | 미국 | 2.5g | 플레스터를 Omg | 0% | 총내용량 | SNACKSINC | 13% | 당류11g | 11%단백질 79 | 제
001349,12,2021-08-21,0,0,0,filling | aeme | hazelnut | delicious | with | COOKIES | NOUGATELLI | E | N | EDITION | PATIS | merba | L2023403-073 | 22-08-2022
001353,12,2022-06-27,1,0,0,RODOTAIN TALA | 8809394830895 | 유통기한 | 2022-06-27 | 입 | 상품명 | PackMISURA동푸질리 5092 | ALBRONZO | MiSURA
001362,12,2021-04-NONE,0,0,0,"R.8. | 04.2021-10:13/1906064 | Net: | 8 | 1438 | 690 | Tavsiyeedilentüketimtarihi/Parti no: | Mensei: Turkve | Serin, kuru ve kokusuz ortamda saklayniz. | isletme KayIt No: TR-35-K-000884 | Türk Gida Kodeksi'ne uygundur. | yapabilirsiniz. | hicbir | Domu | Hindistan cevizi rendesi ile süsleyerek ser"
001364,12,2021-02-NONE,0,1,1,"Man pacurd or, |       | R esh |  30° | mmm | tansrariruen | n lUtaU | 2021 | unhuery | 02 | 2018 | 02 | Mfd | Lot Na. | 18C05"
001368,12,2021-08-19,0,0,0,293.2642115:58 | M
001382,12,2023-01-05,1,0,0,"IGR063.07 | 서울특별시용산구한강대로92 | 수입자:글락소스미스클라인 | 60-322 Poznan, 폴란드 | Pharmaceuticals SA, 189 Grunwaldzka Street, | 전공정위탁제조(제조자):GlaxoSmithKline | TW89GS,영국 | Ltd, 980 Great West Road, Brentfrd, Middlesex | 전공정위탁제조(제조의뢰자): GlaxoSmithKine Exort | 제조자 | 일련번호:5DM4ZXV7PP | 제조번호:K58C | 사용기한:2023.01.05 | 표준코드"
001383,12,2023-01-05,0,0,0,1GR063.07 | TwB gGs re | 제조자 | 5DM4Z×V7PP | 일련번호 | K58 | 제조번화 | 사울기할28을509009 | 2823509009923 | 표:
001399,12,2021-07-23,1,0,0,TOC-SC | 에 | 원명 | 유통기한 | 호주 | 원신지 | 200(714 Kca) | 업소영및소재지 | TESHCESE CO AUSD PYITO | 사 | 가공지즈 | 축신물가공품의유 | 23 JUL 21 | 22% | Use By: | 83% | 단백129 | 209% | 13161601001193 | 레스250n9 | 9 | 31.4g9 | 지방 | 91% | 스지방29 | 42% | 지방499 | 842g | 수5029 | 4380mg | 영양정보 | Apricot Imon Chese
001401,12,2022-01-29,1,0,0,"까지 | 2022-8르 | ·유통기한: | 유통전문판매원 | 제조원 | 내포장재질: 플리에릴렌 | 모장재질 | 별도표기일까지 | 유통기한 | 규소 짓함유 | 및 힘량 | 원재료명 | 농출액분말[텍 | 생기 | 설탈,데스트린 | 450 (5 9X 30) | 고형차내용량 | 식품의 유형 | 2006037243842 | 품목보고번호"
001406,12,2021-07-31,1,0,0,껑:P | 18073 | L142055 | 분리배출 | 21/07/31 | BEST BEFORE
001412,12,2022-09-06,1,0,0,"항:직사장소에 | 품목보고번호 | 보세 | 19710372001234 | 렌(PE) | 용기(포장)재질 | 내포장재질-폴리에릴 | 정성추출물분말 | 무유, 대두함유 | 구 대), 구타 | 반란기율(외기가공 | 바라기유(외국 | 카제인나트제이 | 원재료명 | 26 9시1불성크림문물여해 | 내용량 | 216 g(18 g × 12포) | 유통기한 | 속면상단표기일까지 | 보재지 | 면 청신로 2097번길 85-8 | 연소명 및 | (주)담터/경기도 포천시 신북 | 식품유형 | 고형차 | 제품명 | 고구마라떼"
001413,12,2021-07-23,1,0,0,까지 | 기한 | 03:17 D10 | 21.07.23 | 유동 | 부터 | 유통 | 21.02.24 | 0 | 오리온스낵을인터넷에서만나요!http://www.orionworld | HACC | 8011171760403 | OTHER | 이브로개인의기 | 1일열양성분기준 | 단백질2g | 도 됩니다 | 콜레스테롤O | 고증가루이므로 | 포화지방4.1 | 트랜스지방0.1 | 지방11g | 당류1 g미만 | 탄수화물16 | 이다다 | 나트륨95mg | 기원겨내면 | 기준치에대 | 1일 일 | 30 g당 | 게 떨어 | 영양정보
001421,12,2021-07-01,0,0,0,11:01 | B2 | 255 | 2021/07/01 | 00S8 | 입이 | COOK
001426,12,2020-04-17,1,0,0,Qm6%09 | E43 재방6e11티 E레스방O | 100 g 당 90 kcal | 총내용량 300g | 충북 음성군 대소면 삼양로 | 2020.04.17 FS2 | 304504524 | 까지 | 조제해수염화마그네술 | 면맹동산단로 62·원재료명및 | 문무의시품직추부 음성구 | 또는보성을수 ·고터:-2-0물무문은고의 | 비닐류 | ·:사 구입본은 공정고의기 | 장보관 | HACCP | 전관리인 | -10°c | 73-2·포장내면:리리드지리므로가이는이능니다. | 대두100% | 부침용 | 단년 | 두부 | 만든 간간한 | ne | 두
001452,12,2022-09-13,1,0,0,식용의약물안전처 | 유통기한:2022.09.13까지 | GMP | 제조번호:20-139-002 | 1억원 | 402413 | 809447 | 8 | 생산을배상책임보험 | DB손해보험 | 유통기한(8자리) | 관리번호 | [7543720+ | 식품이력추적 | 판매원관악구 남부순환로1889 | 유통전문서울약사신협/서울시 | 화성시 장안면 석포로220 | 제조원 | 에스케이내추럴팝(주)/경기도 | 080-781-1948 | 소비자상담실 | 교환장소 | 구매처 및 소비자상담실 | 반품및 | 내포장재질병:HDPE/뚜껑:PP | 곳에 보관하십
001457,12,2022-06-28,1,0,0,E도D | 원재료명 | 내용량 | 유동기한 | 2 | 조재지 | 윗소명및 | 식품유형 | 고형차 | 제품명 | 꿀자몽차믹스 | 유통기한 | 2022.06.28 | 까시 | Sussmss
001462,12,2021-11-17,1,0,0,"보관 바버·이용 | 교환하시기바랍니다.있 | n kcal | 총 내용량 450 9 | 키친)으로행복한하루 | 신비한부열정성을 | 미식을즐기고 싶은 | 포장제질 폴리프로필렌(내면) | 유통기한 상단표시일까지 | 대두밀 계란,우유돼지고기,닭고기, 쇠고기함유 | 원지료명 | 윤수동 | 제품명 | 오즈키친 영양닭죽 | 식품유형 즉석조리식품(레토르트식품) | 품목보호 197202 | 까지 | 2021011.17-09448 | 를식탁에 | 유통기한 | 노하우로 | 명가 | CIPE | CRET | -네오람(감이로) | -아스파람(암이) | 가"
001470,12,2021-12-29,1,0,0,0%단199 | 35% | 4g | 4% | 08g 5% | 변수186g | 트렌스지방0g | 57% | B45kcal | 4트를460mg | 23% | 2.8g | 818010071057522 | 5% | 48209 | OTHER | 48 | 영양정보 | 1일영행성분 | 1일영향행문 | 감자제 가루240g | 사용정반드시자원정버리주십시오 | 은분거 보상법수있습니다. | ·부정불량식품신고는국변업이 199 | ·수조리시에버일염려가의이로주의하십시오 | ·직리중도운물어화싱을우하가있으니주의하십시오 | 주의시항 | 월수있으니목밀봉하여냉장보하
001473,12,2022-02-17,0,0,0,제조원 | 5 | 모정자2 | 3 | 0 | 2022 02.17 | DOMTREE
001474,12,2022-07-10,1,0,0,"까지 | 2022.07.10.E. | ·일식?(우동,소바,끄치구이 | 3큰을 | ·류초밥,볶음밥,김밥 | 고제육볶을 2리등) | 32 | 류 생선구이,생선조로 | 생선피개등) | 생강&매실및 | 으리의주 철랫과풍미를 시켜줍니다 | ·초합요리 면요리등사용하시면 | 생선요리를더욱깔끔하게~ | 기료리를더욱맛게~ | ·기를현하게해주어 | ·기의 누린내를 없애주고 | 180"
001492,12,2023-07-08,1,0,0,15:19 LA/3F | Exp: 08 07 23 | ecco.com | 500 ge 1.1 1b | DNZE-DRAVONO | PESO LIQUIDO | Det garantine | IDA AL BRONZO | Dsth | 02% | 345 | kr | AA | 5
001498,12,2021-06-30,1,0,0,www.iindi.com | 6104001029841 | re in a cool and dry place. | LINDT SUSTAINABILITY | CH-BBO2 KILCHBERG | LINDT & SPRUNGLI (SCHWEIZ) AG | MANUFACTURED IN SWITZERLAND BY: | S W I S S M A D E | KILCHBERG/ SWITZERLAND | GREDIEN | CHOCOLADEFABRIKEN LINDT & SPRONGLI AG | QUALITY GUARANTEE | 71 | 니1 | p | 
001506,12,2021-02-19,1,0,0,BEST BY 2021.02.19 08:27 FL | Recines and more at belgioosacm | BELGIOIOSO CHEESE INC.DW | 54208 | 2.18-UZ. PACKAGES | 개인의 필요 연당에 따라 다를 수있 | 1일 영양성분 기주에 대 | 300 | 84 | 단박을 | 콜레스테롤 60mQ.20% | 1 | 트랜스 | 3 | 지방 19g 35% | 탄수술을 | 0.3 | 나트륨 300ing 15% | 영양정보 | 17 | 25 | 소:구입체및 | 101 | 2유: | 32 | 산을가 | 들에별
001527,12,2021-01-21,1,0,0,유통기한 | 2
001532,12,2022-06-21,1,0,0,"Orc | 소비자중실경일 | 2022,06. 21 L29 | HACCP | ccm | 부정·불량식품 신고는 국번없이 1399 | 080-019-9119(수N10S | 8고객상담실 | 반품및 교환장소:본사및 구입처 | ·본 제품은 소비자 기본법에 의거 교환 또는 보상. | D120065 | 오징어, 조개류(굴,전복, 홍합 포함) 성분 혼입 가능. | ·알류우유,대두,밀,게, 새우,돼지고기,쇠고기,닭고기, | 사용하셔도 좋습니다 | 보관방법 | 사용합 후에는 밀복한 다음습기가없는 곳에 보관하십시오.습한 | 기호에따라양을조절하여사용하세요"
001536,12,2021-02-19,1,0,0,시의:(제)90 a190 keal) | 제품명:The 건강한 드위치행 냉장제품 | 망있게! | 더움안신청 | 무첨가로건강하게 | 굽직 않았도 | SANDWICH HAM | 샌드위치행 | FRESH & DELICIOUS | 더건강한 | Since | 2010 | HEALTHY | CHEILJEDANG | 2B1 | 21.02.19 | 까지 | 21.01.26A | 8용합 1등 기업 C제일제당 입니다. | 슨 전국판매 누계액 기준 | 부터 | 0.1통합 1등기업 | 행소시지&베이컨
001546,12,2021-07-04,1,0,0,"OTHER | 까지 | 1 | 있습니다. | 1영성분기준치에대한비을(%)은2,00ka기준이므로개인의필요열량에따다다를 | 콜레스테롤5mg미만1% | 단백질3g5% | 지방9917% | 트랜스지방0g | 포화지방3g 20% | 나트륨20mg % | 당류13 g 13 % | 탄수화물16 g 5 % | 160 kcal | 영양정보 | 총 내용량 30g | http://www.lotteconf.co.kr | ""629138 | 818010621 | 080-024-50500 | 그격지원성터 | 롯데제과 | 포장을하였습니다. | 의한피해보상 | "
001555,12,2020-06-03,0,0,0,03 | 2020
001572,12,2021-06-11,0,0,0,A2 0.6 % | A4 | 윤원자 | 2021.06:11 | N82 | TENIA
001575,12,2022-03-27,1,0,0,"8809203-783534 | 라OHE | 뚜LDPE | 2022.03.27 | ·품질유지기한 | 까지 | ·반품 및교환장소:본사및 구입처 | TEL, 063-635-3470 | 전북남원시산내면 황치길22(백일리) | ·소분및판매업소:지리산한봉영농조합 | ·부정불량식품은국번없이1399 | 받을 수있습니다 | 분쟁해결기준에의거교환또는 보상 | •본제품은공정거래위원회 고시소비자 | ※12개월 미만 영아에게 먹이지 마세요! | 넣어 중탕으로 녹이면 됩니다 | 3.결정화된끌은따뜻한물에용기채로 | 포도당의 작용으로인한현상입니다 | 2.벌끌은"
001586,12,2021-04-20,1,0,0,"손상되었거나 | 드시기바랍니다 | 질이아니오니 | 원료성분이가라 | 유통중(특히 냉장, | 12114.2 | 21291"
001592,12,2022-01-05,1,0,0,8 | 5 | 까지 | 22.01.05 A2
001593,12,2022-01-05,1,0,0,00 | 까지 | 22.01.05 A2
001597,12,2021-03-07,1,0,0,H하시l | 국내산 | 100% | Down | 안심 | 짠맛을줄여 | 한 | FB4 | D까지 | 21.03. 07 | 21.02.01 12:02부8 | 대한민국 햄.소시지&베이컨 통합 1등기업 C제일제당입니다. | 7년 누계(2012.01 ~2018.12) 닐슨 전국판매 누계액 기준 | 통합1등기업 | NO.1 | 햄소시지&베이컨
001610,12,2021-02-12,1,0,0,"더 | 러지 | 3.소가기 | 64-1455 | 고2 | 보관방법 | 품목보고번호 | 199104450776818 | 제조원 | 내용량 39 | 포장재질 폴리에틸렌(내면) | 키스탄 | 원재료 | 제 | .달고기 | '혼합간장,비프추출페이스트,파르리카주출색소 | 제작 | 품목보고번호200504150202917 | 100 g | 내용량 | 이소스 | 원재로 | 포장재질 폴리에틸렌(내면) | 식품의유 | 제품 | 외국산) 99% 정제소금,발효주정 | 품목보고번호 | 2008062303559 | 원재로 | |300 g | 내용량 | 식품"
001614,12,2020-09-03,0,0,0,"np | hitpi/Awwjrgorestrg.co | 080-019-919(<신자요금부담) | hitpi/aw,desargcon | 공고객상담실 | DAESANG 대성주식 | 한환경 | 09:50 제조 | 합시다. | 2020.09.03 | 쓰시년소금과 동일하게사용하시면됩니다. | 국,찌개 무침, 조림 등모든요리이 | 사용방법 | 를0n0% 단백질916% | 1009 37ed | 영양정보 | 총내용량20 | 공소금 | IOEN"
001620,12,2022-07-19,1,0,0,2022.07.19T2 | 이리수여용. | 몽못보고변회199504900292 | 월을 대두밀 조개류굴 함유 | 제 진   | 명 | 81812 |   | 유통기한하단표기일까지내용5009 | 식품유형 스스살균저품
001624,12,2022-04-26,0,0,0,자L | 마늘생강 | 백설 | 2022.04.26.A
001629,12,2021-07-23,0,0,0,100% | 보리 | 동서 | 2021.07.23 | 09:59_B
001632,12,2021-11-27,1,0,0,"4% | 단백질2g | 0% | 제스터품Omg | 포화지방13g | 26% 트랜스지방0g | 87% | 당류28g | 탄수화물 33g 10% | 지방 | 1% | mg | 28% | 6 | 266 kcal | 총 내용량509 | 양정보 | 품목번호 | 우유, 돼지고기, 대두함유 | JA름을 볼 | 색소,카나우바확스 | 1신한 상 | 량 | 원재료명 | lected with | 포장재질|내포장면-폴리프로필렌 | 반품및교환장소구입처 | 보관방법 | 직사광선을피해건조한실온에보관 | :01∠04-2512 | 고객상담실 | 세조원 | 라이온"
001633,12,2021-05-12,1,0,0,"2021.05.12마지 | -03769-8763부정.불량식품 신고는 국번없이 1399 | 81809120419 | 품장소:구입처 및 판매원 | 공정거래위원회고시 소비자분쟁해결기준에의거,교환 또는보상받으실 수 있습니다. | g에 우유 또는두유 120m를넣어 드시거나,그냥 드셔도 맛있게 즐기실 수있습니다. | 기나해충의영향을받기 쉽습니다.개봉후꼭밀봉하여보관하십시오 | 과 같은제소지실에서제조하고 있습니다 | 아,토마토,아황산류호두쇠고기를 | 서보관 | 따라다를수있습니다 | 장물질우유 대두밀함을 | 올레오레진로즈마리 | 1일영양성분기준치내"
001637,12,2021-04-12,1,0,0,OPEN | 까지 | 21.04.12 8 | HEESEOHIF | 제큰 | ©LOTTE
001641,12,2023-01-24,1,0,0,"스를 0mg0% 년력00% | 10 1850g 56 10 | 소비자분쟁해결기준에의거 | \1=1Bm | 총내용량 S00m | ·본계품은 공정거리유원회고 | 어주가동시 | 2023.01.24 | 보관방법 | (주)사조대림/인천광역시서구 봉수대로126 | 상단 또는 중앙별도표시일까지 | 유통기한 | 포장재질 | 용기-폴리렌테레프팔레이트,뚜껑-플리에틸런 |  올레인산 65g(1009 당) | 원제로령 압착을리브유100%(스퍼인산) | 48890(25) | 육보고회190205615 | 식품유행올리브유 | 제등형해표압착을리브유 | 실러드트레"
001642,12,2022-03-19,1,0,0,elasoic | Gold | ADCHAOKOH | SHAKE WELL BEFORE USE | 1 MAR2022 | BEST BEFORE
001649,12,2019-08-18,1,0,0,"트랜스지방 0g 포화지방 0g 0% | 지방 Og 0% | 트 1070n 5수2898%161% | 100g당110kcal | 총 내용량 270g | 영양정보 | 고객상담실824-수신요금부담 | 리드싶시오·사용전충분히혼들어 사용하십시오 | 과같 있니다은 분에의거 | 장지질 용기-폴리에틸렌테레프탈레이트 뚜껑 폴리에린 | 원재명 | 품목보고번호 | 소 | <두부튀김색러드만들기> | 두부샐러드,육류파채소스용으로잘어울립니다 | 오리엔탈드레싱 | 논은 | 일 | 2019.08.18까지"
001650,12,2019-08-18,1,0,0,스지방 0g 포지빵 Og 0% |  10mg S8 | 100g당110kcal | 영양정보 | 내용량 2709 | 원재료명 | 노오일 | 방입 크기로번두 | 오리엔으러실 | 2019.08.18까지
001653,12,2019-08-19,1,0,0,2019.08.19까지 16:05단
001657,12,2021-01-16,0,0,0,니다 | 소전 | 리에 | OTaR | L | 원두100% | 200g | 5지 | 는 면일 | 식의 유형커피 | 2021-01-16
001661,12,2022-04-26,0,0,0,"2022.04.26B | Mwcgickr | 정기도양시 동인 홍안대로 4 | 원주식회사오품기 | 19930445006 | 하단표시일가 | 인도네시아,밀대시아하"
001667,12,2021-09-14,1,0,0,"8 | 809027 | 558868 | 까지 | C309:03 | 2021.09.14 | 이므로 개인의 필요 열량에 따라 다를 수 있습니다 | 1일 영양성분 기준치에 대한 비율(%)은 2,000kcal 기준 | 관  | 13% | 7g | 단백질 | '습되기쉬요으 | 0mg | 콜레스테롤 | 0% | 품질 보존을워 | 33 % | 5g | 포화지방 | 므로치아 손상에 | 0g | 트랜스지방 | *간혹 덜 튀겨진을 | 19 g | 지방 | 에서제조하고있 | 35 % | 당류 | 4g | 홍합포함),장,아 | 4% | 탄수화물 | 고등"
001686,12,2020-11-27,1,1,0,"www.ci.co.kr | OTHER | 1666-5471(문자) | 8801007028705 | 080-850-1200 | 소중한의견을기다립니다 | 고객행복센터 | 장지가 날카로우니 개봉및사용시주의하십시오 | 일제당이 국내 최초로 생산한 설랑이 첫선을 보인 해입니다 | 음식소리시 식성에 따라 적당량 사용하십시오,-·사용후 표장지 | 합니다.·제품에 이상이 있는 경우 구입처에서 교환해 등렸니다 | 하시면 좋습니다에  제품은 소비자 분정해결기에 의거 교환 | 을 피하고 실은에 보관하여 주십시오.(습기 방지를 위하여 밀폐 | 일염100"
001698,12,2021-12-22,1,0,0,"2021.12.2218:24 | 2%  | SH2 | 3.베이,프카 등의 재료를함께넣어드면더 있 | 1~2분간 복아주세요 | 2.에은 먼과설파티스 150 g(약을  중 | 1.백설스파게티면 80 9을삶이주세요 | ·쉽고 맛있는스파게티레시피(1인분 기준) | 확인하세요 | 용기가 유리재질이므로 파손되어 다칠 위험이 | 기준에 의거,교환 또는 보상 가능·취습시 | 시설에서 제조하고 있습니다. 소비자 분 |  전로,홍합 포학를 사용한 제품과 같은 조 | 조리예"
001702,12,2021-05-17,0,0,0,"가공치즈 180 g (600 kcal/18 gX10매), 냉장제품 | 유기농자연치즈 81% | 13개월~24개월 | 영양균형 | 아기치츠 | 함유 | 이현경13:12 | 저나트륨 | 유기농 | 2021.05.17 까 | 국내 | 1400012호 | 상히치츠 | 유기능 | Maeil"
001717,12,2021-02-08,1,0,0,볶이 | 간오뎅 | 소스에 버무려진 어묵과 떡의 만남! | 21.02.08까지 | 유통기한 | [Unlaaael
001719,12,2021-03-11,1,0,0,"OTHER | IHEEERAREA | 냉장보관(0~10 0 | Ccm | 24 | 88010077178901 | 작은뺨 | 부영 절임식툼 유통기한 전면 표시일지 | (내용량 106g]) | 새공한 맛이 필요한 모든 요리에 딱! | 와사비맛 | 삼겹살,훈제오리, 무범말이, 냉면 등 | 200g | since 1954. | 쌈ㅠ | 하선정 | 새콤하게 만든 | 한식명가 | 신선한100%국산무로 | 21.03.11까지B | CHEILJEDANG | 가쓰은 | 가쓰"
001725,12,2021-02-16,1,0,0,"송원기 | 2021.02.16까지A | 마요네즈 28.32 % | 26%(71.6%), | 기타수산물가공품 | 4009ac) | 더욱맛있게! | 빵에발라 | 스룹 샐러드 | 참치말요 | SALAD for MEAL | PIG IN THE GARDEN"
001729,12,2021-03-13,0,0,0,확인하세요 | 맛있는레시피를 | 올어바웃푸드앱 | 당 면요리입니다. | 이상이어있는 | 국수 | 곰탕 | 가풍부한 | eplus | ood | 2021.03.13
001736,12,2021-02-08,1,0,0,백목장 | 14:16까지 | 2021.02.08
001738,12,2022-01-05,0,0,0,20220115 | 159
001745,12,2022-01-28,1,0,0,2.01.2/2N | 유통기한 | 21.01.280:14 | 까지 | 부터 | 오리온
001750,12,2021-06-28,1,0,0,8 | 318011501501117 | OTER | 17% | 120mg | 3% | 10mg | 7% | 단백질49 | 0% | 9 | 포화지방39 20% | 9 | 0% | 트랜스지방0.5g미만 | D이현경23:54 | mg | 8% | 9% | 지방59 | ㄱ지 | 기준치에대한비율 | 2021.06.28 | 1일영양성분 | 유통기한 | ji' | 2D | 픽콩 밀 메밀 계란 토마토 복승아를사용한 제품과 같은 제조시설에서 제조하고 있습니다·유통기한 이내에는 를로기통하에 | 어 갑니다.본제품은 공정거래위원회고시소비자분쟁해결기준에의
001792,12,2020-08-13,1,0,0,"까지 | 20.08, 13 F1 | 유통기한 | 주 | A | RE | 00-8-120 | 영양정보 | 121 | 세계일성"
001800,12,2021-01-14,0,0,0,"능성이 있으니 밀봉하여 보관해주세요. | 벌레 | 서제조하고 있습니다'체품 보관시일 | 들은 대두일,홍루방콩,달갈 토마로,고 | 은아음 | 국번없이 | 00:42 | 2021/01.14 | 구입상점 | 있습니다 | 이므로 개인의 필요 열량에 따라 다 | 30kcal 기준 | 1일 영양성분 기준지에 대만 비을(%) | 산류함유 | ME미국신) | 15% | 단백질8g | 연향료(바나 | Ea넷오일 설 | 1% | 콜레스테롤1.9mg | http:/www.lottec | 2T | 수아항산로 방지제),바나 | 수신자요 | 0% | 포화지"
001808,12,2020-08-13,1,0,0,"나추는 | 클시자료 | : Euromonitar inter | 정용니다 | ""세계No.1나츠 | OTHER | 까지 | 비닐류 | 20.08.13#3 | 부터 | 20.02.1411:49 | 롯데제과 | 통옥수수의 씨눈이므로 안심하고서 | 있는경은 반점은오에고 | * 표면에 | 개인의 | 단백질58 | 1.2mg | 콜레스테롤 | 88 | 0.28 | 포화지방 | 지방258 | Doritss"
001812,12,2021-03-26,1,1,0,SALTINE | 맛있는약속 | 2021.03.26까지 | 유통기한 | 제조일 | 2020.0327 B3 | CROU'N
001819,12,2022-01-18,0,0,0,A | 202201.18 | 2021.01.19 | 8 | 조일 | 다두일 쇠기좋은 | 2
001820,12,2020-09-01,1,0,0,"의신도 지를 위해 최중정을 하있습니다다 | A직공장,  영업지점 및 특약점 | 수신자요금부담전화 2080-023-5181 | hitp://www.nongshim.com | 구미 2B02박교빈1936 | 본사:서울특별시 동작구 여의대방로 112(신대방동) | 2020.09.01까지 | 부정·클략식품 신고는 국번업이 1399 OTHER | 곳에 보관하십시오.흡습되기 | 널류 | 환불해 드립니다. | 의사항 | 2,0cl | 1분 영양성분 기준치에 대한 비율(%)은 | 한 제품과 같은 제조 시설에서 제조하고 있습니다. | 49 | 2% "
001836,12,2021-10-02,1,0,0,W25%/395g(691kca) | 랜드의 이넘과 실천 | 2021.10.02까지A | N355 | 경탁일 발사미믹 드레싱 | FRESASSRLAD | SSCGG | DRESING | HOMESTYLE
001846,12,2021-09-23,0,0,0,"2 | No Brand는모두 이마트의상표입니다 | No Brand | M/N:OTHER | 843254"" | 2 | EaO/:PE7 | 31205 | 차분말0.81315% | 녹차 크레페"
001863,12,2023-08-04,0,0,0,22% | 9 |  01g | 3% | 2 | 8259 | 2% | 100 93a | 8485009 | 영양정보 | 니 | L2172 | 에의거보상 | 2있니다 | .사과같은 제조시설에서 | : | 0408/2023 | 2 | :PAPSd | 원산지:이들리아 | 읽.오징어 함유 |  수 12정어먹을 | 48 500g8 2e 10al | PE | AL NERO DI SEPPIA
001898,12,2021-05-29,0,0,0,일100ate | Tropical | 트로피칼 | De | MAY 29 2021 | E.P
001902,12,2021-10-28,0,0,0,04657 | :308 21:182 | 28.10.2021 | 1
001904,12,2022-01-15,1,0,0,EXP:2022.01.15 | PA211 S | No Brara는 모두 이마트의 상표입다 | No Brand | 일한기으로로 | 콜레스테를0mg 0%단백질10g 18% | 포화지방5 33 | 트랜스지방0g | 지방32g59% | 485mng 4%수5 16%30 | 100 g 3 cl | 총내용당5 | 영양정보 | 폴신고는 클번 | 부정·불량식품 | ·기에고한는  | 원밀구입처 | ·반품 및교환장속: 수입원
001907,12,2021-08-16,1,0,0,까지 | 2021-08. 16 | 바나나웨하스 | 유통기한: | 남남 | 8 | 18011571552983 | 아이밀 | 후디스 | LDONG | 36 g(19okcal) | 0 | (비니
001912,12,2021-05-21,0,0,0,0142515S1P | 03 | 21MRY2021 | NGREBENTS: | ORREE APLESRGAIC AS | VitC 23mg 45% | Iron Omng 0% Po | s140mg 20% | Vi o Omg 0%Calsum 104mg4 | - | 0- | soutce ol protein | Protein <1g | - | TBAS- | Incl Og Added Sugars | Total Sugars 10g | Dietan | Fiber 29 | 150/ | Total C:rb'50 | Sodium | 5mg | 영양정보 |
001920,12,2022-10-15,1,0,0,"정보를 확인하실 수 있습니다. | 관리번호를 입력하시면 건강기능식품의 | 이력추적 | Traceability | ""www.tfood.go.kr""에서 식품이력추적 | 2022.10.15 | ·유통기한: | 까지 | 2001537 | ·제조번호: | 식품이력추적등록번호(5798519)+유통기한 | 건강기능식품이력추적관리번호:건강기능 | 추출한원료로중금속및 환경오염걱정을줄였습니다 | 남태평양청정지역에서 소형어류인멸치및정어리,고등어에서 | 05 청정지역원료 | 검사를 통해최상의품질을전해드립니다 | 25단계의 제조공정,10단계의 원료정제,2"
001922,12,2022-06-14,1,0,0,"식품의약품안전처 | 81809099850619 | GMP | 우수건감가능식품제조기준 | 2022.06.14 | 유통기한 | 까지 | 제조번호: | 2012901 | 에 대한 비율임 | ※()안의 수치는 1일 영양성분기준치 | s'0.5g | MSM1.5 g,NAG | (0 %), 비타민D 5 μg(50 %), | (0%),지방0g(0%),나트0 mg | 탄수화물3 9(1%),단백질09 | 1일섭취량당함량:열량10kcal, | 1일섭취량:4정(3,200mg) | 총30일분량 | 도움을 줌 | 에 필요/골다공증발생 위험 감소에 | 이용"
001924,12,2022-01-21,0,0,0,캐슈너트100% | 300g | 땅콩도작 | 구운캐슈네 | 이gxm | CASHEWNUT | Roasted
001928,12,2022-01-14,1,0,0,8809236006488 | 2022.01.14 | 유통기한
001940,12,2021-03-14,0,0,0,Buter | its ot | Seigp | Icant beleve | PUAIT-ASE OLS | L0219076 2:33 14.0.21
001950,12,2023-07-16,0,0,0,"16 0723 | 20gen | Congev roen aue, | 7 | selezionati | essiccati"
001956,12,2021-10-NONE,1,0,0,"34884 | EMB 29 168 A | 40g | -OCT.202 | Pis nt/N ei/Ntogewict: | Fer/ron | 0% | Calcum/Calcum | 0% | 2 | 단월 2g 4% | Vitamine C/MitaminC | 레스테를 42mg 14% | 6 | 53% | 스지방 0.7g | Vieamine A/Viamin A | 지방 12g 22% | 단수를 20g 6% | Protines/Protein19 | 나158mg 8% | 내 40g, 196keal | 영양정보 | Sucres/Sugars sg | 0"
001958,12,2020-11-13,0,0,0,"TUDIO | HAPPY DANCE | 한릴유해주세요 | #하링펫푸드 | 080-850-0085 | Pet Parents Hotline | 떨리었 배려언제는지 전화주세요 | 교환환불 바랍니다.5반 | 더리일 및 반려경 영양에 대해 중급한 | 8,80 | 50%이상 | 8%이하 | 8%이하 | 19%0하 | 조단백질 | 조지방 | 조회분 | :·사의명:3·한우간100%·시로의 | Crude Proleir | 수분 | Crude Fat | Crude Ash | Moisture | ·명:리일우간번:2의 | ·사료관리법에의한표시사항 | N"
001961,12,2027-03-21,0,0,0,121022LUC1HCI | 274321 11:01
001965,12,2023-10-12,0,0,0,K09 | 2023.10.12 | www.ottog.co.kr | 주식회사 | 오뚜] | 고객상담실102-3수무원 | 폴리프로를 | 포장재질 | 테레프틸레이트 | 폴리어를 | 단표시을 가지 | 25567 | 20010 | 원제로명 | 강황HO인도션 | 일(하시료건조제품
001968,12,2022-08-24,0,0,0,2022.08.24 | 8809194 | 825121 | .은해의 과육이드 | 심하고 드서도 됩니다 | 는 | 관하여 주십시오 | 고건녕한 곳에보관 | 예기스 | →매실 | 황금()
001986,12,2023-01-04,0,0,0,"400 kcai(캔디류) | 100g | 1.000 | 2023.01.04 | 흑설탕30%합유 | bes wshe,""netenrsef. | BLACK SUGAR CANDY | 동아제과"
001990,12,2022-11-23,0,0,0,S | UL | i6 | 2 | 영양정보 | 일 | ASEPLN | 주의사항 | ASU | 일지 | 2022.11.23
001991,12,2021-12-28,0,0,0,롯데스카치커피 | 자 매 품 | 21.12.28 A2 | Conr | 사용되고 있습니다 | 사공인열매 | 사랑의열매를 통에사외공언활동에 | 롯제과 제품의 전세 수벽 일부는 | www.ltteconlc: | 개인의 필요 열량에 따라 다들수있습니다 | 수신자요금부당 | 영양성분기준치에 대한 비울(%)은2.000kCal 기준이! | 080-024-6060 | 롯데제과 | 4질1g미'만 | 고객지원센터 | 1% | 데롤20mg | 7% | 방13g | 87% | 장도록 주의하세요 | 방0.2g | 에는 | 이가 없습니다.·한번에 삼키 | 
001993,12,2021-10-29,1,0,0,"OTHER | 15:38윤정희 | 2021.10.29 | 기준이 | 1일9 | 단백질 | 콜레스테롤 | 식품안전관리체계로 인정받고 있는 마크입니다. | 포화지 | 식품인전관리체계로서 가장 효과적이고 효율적인 | 트랜스 | HACCP마크는위해방지를위한사전예방적 | 지방 | 당류 | 탄수화물 | 나트륨 | #터갈릭 새우칩 | 총 내용량당 | 영양정 | 개봉후바로드 | 제품입니다.보 | ·부정,불랑시품 | 소비자분장해결가 | 시설에서 제조하고 | 호두닭고기최고기 | ·이제품은 메밀땅콩 | 실온의건 | 보관방법 | 080-57 | 소비자상"
002001,12,2022-01-27,0,0,0,2022.01.27까 | 옥수수분말12.58% | 과자/84g (293.9 kcal) | 구워드시면 더욱 맛있습니다! | ditional Macaroni Corn Snack | Korean | SAN
002002,12,2022-01-27,0,0,0,2022.01.27A | .58% | 옥수수분말 12 | 리육 맛있습니다 | 구워드시민 | 과자/84g(293.9 kcal) | Corn | onal
002014,12,2023-06-28,1,0,0,"사용기한: | 2023.06.28 | 제조번호: | B2200629 | [대형]8매입 | www.banddoctor.co.kr | •소비자상담실(02) 2668-2255 | 101호,201호,202호,지하1층(202호) | 서울강서구양천로57길26비전타워 | 8 | ·제조업자:주식회사밴드닥터 | 서늘한실온에보관하십시오 | 주의하십시오.직사광선을피하여습기가적고 | 즉시사용을중단하십시오.입에닿지않도록 | ·사용시주의사항:피부과민증상이있는경우에는 | 아크리놀침적부직포패드,박리지(에틸·프로필렌공중합체) | •전성분:플라스틱반창고,폴리에틸렌"
002018,12,2021-10-23,1,0,0,"호 ㄷ E 16:호9 | EXP. 2021, 10. 23"
002019,12,2022-03-09,0,0,0,
002024,12,2020-11-10,1,0,0,"'0õ | EXP: 2020.11.10 | PK139.S | 우유,대두함유 | 리,자, | 료명"
002025,12,2020-01-03,0,0,0,지 | 슈 | 4t | 3 | 2 | 5 | 1 | 20.01.03. | 13:04 | YJ
002030,12,2019-11-18,0,0,0,"80873900020 | 8 | 2019.11.18 | 피부보호효과로 순하게 | 1L | 레몬향으로상큼하게 | 하고 | 주방세제 | Promise | Quality | 이츠웰 | 프레시웨이 | W | 2,000"
002043,12,2019-12-20,0,0,0,캘리포니아호두 | 2019.12.20.FBS | Walnt | GALIFORNIA
002050,12,2021-03-25,1,0,0,"까지 | 2021.03.25.F2 |   | 유통기한: | ccmZ4 | 부정 당식물 신기본벽없어 공 | EDE | 21 | 국산,대문·외신, | (미국신)정, | 신 다이스 | 대상서 | (F2대상()천인홍동 | 제조원 | (을자충 | 식품유형소스(실급제품)"
002051,12,NONE-04-14,1,0,0,LATTE | PREMIUM | 2007 | SINCE | Mint Latte | 민트라떼 | Denmark | 덴마크 | 13:45 | JK | Expiry Date | 여는곳 | 유동기한 | 04.14 | 까지
002053,12,2020-08-11,0,0,0,"스파게티면 120 g.까르보니라소스 100 g | 이미지 것입니다 | 본0C지는 8고8 | 가공유크림 40%,베이컨4%,양송이2%함유까로보나라소스중) | 들어있어요 | (415 kcal) | (100W7 | 포크가 | 1분30 | 1인분 | 2209 | 양송이 | 유크림 | 잘 어우러진 이태리 북부지방의 정통 스파게티 | [key Point] | 담백한 크림소스와 신선한 베이컨,양송이의 맛이 | Cchelscice | 까르보나라 | 쉐푸드 스파게티 | 쉐푸드 | 2020.08.11- | Chefood | LOTTE"
002069,12,2022-12-11,1,0,0,정:PP | 퍼트 | (주)가보팔스 | 81801770/102176 | 품질유지2022.12.11까지 | 2객센터:061334-1160-2(www.g0.0k) | 부정 불량 식품 신고는국번없이 1399 | ·만12개월미만의 유아에게는 섭취시키지 마십시오 | 규정에의거교또는 보상법을 수 있니다 | ·본제품은 공정거래 위원회 고시소비자피해보상 | 넣어 두면 결정이 없어집니다 | 결정된 끌은 60c에 중량으로 두거나보은 밥송에 | 결정이 생길 수 있이나 물집에는 이상이 없습니다 | 벌끌은 성분 조성상저온이나온도변화에의해 | 냉장고에 보관
002077,12,2020-10-21,0,0,0,중량:1kg | 산미 | 커피원두 | 바디감 | 로스팅 | Tasting Note | 09:43 | 2020.10.21 | 방법
002082,12,2019-07-09,0,0,0,12:57 | 0152U230E | P.D :2019407709
002090,12,2021-11-09,0,0,0,2021.11.09A1
002093,12,2021-11-17,0,0,0,"2021.11.17 A | 8 | OTHER | 18% | 비닐류 | 109 | 단백질 | 67 % | 220% | Omg | 포화지방 33g | 50% | 트랜스지방0g | 40% | 135% | 9 | 지방73g | 13% | No Brand | 그 | 9 | 기준지에 대 | 총 내용량당 | 기준치에 대한비을 | 유달걀,밀,메밀,대두함유 | 항분말, 보리분(국내산), 복합조 미식품, 정제소금 낡치인 | 이이신 속) 백미문(외국산),유청분(외국산미국, | 시성동구 로 37(성수동2개)/02-380-5578 | 4167 | 취,경기"
002098,12,2021-05-25,0,0,0,"ARA1 | 11:25 | 2021.05.25 | 다를수 있습니다 | 에대한비(%)은2,00 cal기준이므로개인의 | mg0%단백질0g 0% | 트랜스지방0g 포화지방 0 g0% | 130 mL/95 kcal | 총내용량 | OTHER | 에 다지나주의세요 | 을살키지않도록 주의하세요 | √ | 1666-547(문자) | 번없이1399 | 080-850-1200 | 다 | 소중한의견을기다습니다 | 고객행복센터 | 냉장 | 제 | 새 | 후됐진에서제촌한공업 | 전일을을 보관하여 주십시오 | 산도조절제3 | 일티를,"
002102,12,2021-12-25,1,0,0,ORIGINAL | aglioe Olio Pasta Sauce | 파스타소스 | 2021.12.25까지B | 쉐프 | 인지
002103,12,2021-12-25,1,0,0,ORIGINAL | aglioe Olio Pasta Sauce | 파스타소스 | 2021.12.25까지B | o)2
002113,12,2022-03-12,0,0,0,1C411 | 2022/03/12
002117,12,2020-07-05,1,0,0,0산B31고은아0630 | 단백2 | 2020.07:05까지 | 플레스터를14.4m | 포화지빵3.6g | 니다다 | 트랜스지방05 | OTHER | 지방. |  A2- 139 | 3 | 15 | 1 | 현상으로 | 30 g당 | 보호 | 영양정보 | 1991046101126(W | 유통기한 | 후면 표기설지 | 포장사질 물리프로렌
002125,12,2021-04-21,0,0,0,2 | APR2 | EST BY 2
002127,12,2021-11-04,1,0,0,"80g | FPI002 | 18092121/800307 | 8 | 고객기범센터:1644-0935 | 반품 및 교환처구입처 | ·부정불량식품 신고는국번업이 1399 | 보관방법직사량선을 피해 상온에 보관 | 본제품은공정거래위원회고시소비지분쟁해결기준에의거교환또는보상받을수있습니다. | 본제물은두공,우,두아고를용제품과같은 조에서생되었니 | (주브레드가는든 성남공장/경기도 성남시 중원구 사기막골로52 106,8107호 | 소분원 | (주)북앤조이인터내셔널/경기도 성남시 중원구 사기막골로 52 B101호 | 수입원 | MESINDOTAMA |"
002130,12,2021-11-01,1,0,0,2021.11.01 | 유통기한 | 허쉬 초코크림 샌드위치 쿠키 | CHOCO CREAM SANDWICH COOKIES | HERSHEY'S
002148,12,2022-01-03,0,0,0,9g | 토마토테이스트
002153,12,2019-07-11,0,0,0,태H | 후랑크 | CH | B | 19.07:17 | 19.06.12
002157,12,2021-12-25,1,0,0,BEST BEFORE: | 145g NET (5.10z) |  g omu | Prod o hailand. | Keep naccol
002158,12,NONE-04-13,1,0,0,wwkeramyogl.om | 유제품 전문Dept | 880106918429 | 남양유업 | HACCP | 을 고 니  | milk10o | 이 일수 있니  | 넣지 않아 것이 결공합니다 참기움이 째 보이 | (셀라된 등 청기한 대른 는 읽  | 불가리스 | 불가리스 밀크0은 결북한 정성을 해 해 원해 | 04.13 00932 | 디등 이심으로리니 3로 | ·고상담실부신물신는번 | 다치지않도록주의비니다이제품은공정거래위원의고시소비자 | ·개보하거리드시기니다기가장자에 | EBA | 품목보번호/ 9050208 | 포장재질컵:폴리프로필렌 
002160,12,2021-04-08,1,0,0,"45. | 반품 및교환장소:구입처 및 수입원 | Nutcracker Brands, Inc. | 원산지:미국 | 유통기한제품의 별도표시일까지(년월일순) | e s  eistere rademak off | 보관방법 | 직사광선을피하고서늘한 곳에서보관하십시오 | Packaged in tbe U.SA. | 포장재질 | 폴리에틸렌테레프탈레이트 | P  ntirep vibl yu | 면실유),천일염1% | 땅콩함유 | (except national holidays). | 원재료명 | 땅콩94%,식물성기름5%(땅콩기름,카놀라유, | call M"
002161,12,2021-04-08,0,0,0,"Pae    hen yo | (except national holidays). | 법 | 땅콩 합유 | 리에널테레프릴레이트 | call Mon-Fin,1-877-984-6639 | H질 | 명실).천일열1% | Questions or comments, | 명 | 94)%5%(기,라 | EI Paso, TX 79906 USA | 1.1909 | Dept. SKN | 경기도관영시일식로40 | T.1899 - 9900 | Nutcracker Brands, In | ()스트AND | NUICRACKER BRANDS, INC | WHEAT,"
002162,12,2023-06-18,1,0,0,"SPAIN | minced pimiento | C.1.F.A-41/097858 | ves | h Queen | L.0170 BEST BY:06/18/23 | LAND | n pits or pit fragments. | stuffed with minced pimiento | tir openiing. | tonldy place. | Olives | tir ile, pain | ite pin. | ilttae romthe | eonthe | Ss  s get the | Spanish Queen | KIRKLAND"
002188,12,2020-08-07,1,0,0,wwn.otiogi.co.kr | 충북 음성군 대소면 대품산단로 128 | 주식회사 | HACCP | 오뚜기 | 안전관리인증 | 14:01 | 까지 | 2020.08.07 | 고객상담실:080-024-2311(수신자요금부담) | ·포장재질-마개등 | 품목보고번호:20010450568 | 후에는 뚜껑을 꼭 닫아 냉장고에 보관하십시오. | ·직사광선이 닿지 않는 서늘한 곳에 보관하시고 개봉 | 부정· 불량식품신고는 국번업이 139 | .유통기한:하단표시일까지 | 같은 제조시설에서하고 있습니다.
002189,12,2022-02-04,0,0,0,마라 | 청유샤브소스 | NSIBEFORE FEB/04/2022
002197,12,2021-01-13,1,0,0,2021.01.13까지 | 초코영공룡 | 유통기한 | 귀여운 공룡모양의 초코비스키! | w
002199,12,2021-08-05,1,0,0,8 801055 721955 | 까지 | D0373405 14:13 C | 2021.08.05 | 유통기한
002203,12,2021-01-08,1,1,0,"nttp://ww.daesang.com | 88010521436012 | 대상주식회사 | P,.ER-OTHR | 소비자중심경영 | PP | TDAESANG | HACCP | ccm | 용시소충한자원끗한원경 | 클라스틱 | 인전관리인증 | 빈용기는 끗이 분리수거하여 | B808 | 콜레스테를0mg0%단백질 13g24% | ·유통기한: | 2021.01.08 | 지방4.97% 트랜스지방09 포화지방 197% | 까지 | 트통4270mg24수화2096%당1111% | ·제조일: | 100 당170 kcal | 2019.10.09 | 영양"
002208,12,2022-05-31,0,0,0,2 | 8 | ERP EEE DE 31
002210,12,2020-09-22,1,0,0,"터:(전화) 080-023-57 | 20.09.22(B08) | 도가 낮은 곳에 보관,개봉 | 까지 | 기한 | 20.83.23(11:98) | 을위해 일매지는 질소충전 | 부터 | 유통 | 식품의약품안전처 | 로 4종,잔탄검,곡류가공품 | http://www.orionworld.com | HACCP | 루,푸마르산),조제크림분 | 식품안전관리인증 | 2거트분말, 유화제 4총,식 | (주)오리온 | 지방산에스테르,프로필렌 | 스산)],식물성유지1(경화 | 당,복승아(중국산),올리고 | 표기일까지 | 249 | 198704150033"
002214,12,2020-10-16,1,0,0,8801007216317 | 20.10.16F1 | 유통기한: | 1666-54710 |  신는 이 | 통죄후보우변의우리가입습다. | 080-850-1200 | ·사용후 모장자는 반드시 분리해출하여 주십시오 | 중보정 손성을 입인 를 질의 우리가 있습다. | 주의사항 | 고객행통사 | 본제품은 소자 분영결기해의 과봐을 수있다. | 기일론용가는에우 드거우으로 학성에 주의하십시오 | 영양정보 | 는물이용시:은물에봉하지 마고용기로 넣어초구의을은분다이요 | 조리방법 | ·전자린지700W)이용시:정선부분까지 벗기신 후 2분간 대워 드십시오 
002219,12,2022-02-01,1,0,0,2022.02.01 | 까지D | 309489617158 | 81 | 752000450202970 | 폭목보고먼도 | 반품및 환장소 구입처 및 제조원 | 02)380-5678 | 377(성수동2가) | 판매 | 기준이금로개인의갈에 | 성동구 뚝섬로 | (주이마트/서울 | 유통문 | 5% | )430-1975 | 과학산업 1로 102 | 단백질 3q | 흥덕구 옥산면 | (주시아스/출북청 | 133 | 콜레스테를 5mg미만 | 포장재질 | 폴리프로필렌 | 포화지방29 | 트랜스지방0q | 게서 보관하시기바랍니다 | 직사광선을 피하고실
002221,12,2022-06-03,1,0,0,"2022.06.03까지 | ·본제품은 공정거래위원회고시소비자분쟁해결기준에의거교환또는 보상받을수 있습니다.보하 | OTHER | 31178530 | 1405781 | 포장재질폴리에틸렌테레프탈레이트+폴리에틸렌(내면 | 비널류 | 프랑스 | 원산지 | Gerson SNCLes Escures 19120 ALTILLAC,FRANCE | 제조사 | 알레르기유발물질 | 돼지고기,밀 함유 | 255 mg | (청포도) 0.37%, 식물농축물(스피룰리나,홍화), 밀전분 | 4% | 비타민IC (ViaminC) | 2.29 | (초산전분),사과산, "
002228,12,2023-03-28,0,0,0,AMICO | ACETO | SSA | Vandel | oton | utiche | 2B03/23027
002230,12,2022-07-21,0,0,0,2022.07.21 | 뚜껑:LDPE | HACCP | 1ε=1.09ml | 0% | 0g | 0% | Omg | 롤 | 42% | 68 | 포화지방 | 08 | 트랜스지방 | 185% | 1008 | 지방 | 0% | 0g | 당류 | 0% | 08 | 단수화물 | 0% | Omg | 나트륨 | 100g당 | 1008당 900cl | 영양정보 | 주의사항
002232,12,2022-12-20,0,0,0,2022.12.20 | HACC | 1g=1.09ml | 0% | 0g | 단백질 | 0% | Omg | 콜레스테롤 | 39% | 68 | 포화지방 | 0g | 트랜스지방 | 184% | 100g | 지방 | 0% | 08 | 당 | 0% | 08 | 단수화물 | 0% | Omg | L트 | 1008당 | 1008당9al | 84850m | 영양정보 | 부정 | 성블량식품 신고는 국번없이 199
002238,12,2022-06-30,0,0,0,탄수하 | 지방0g | 0% | 0% | 나트름 omg | skcal | 기준치에 대한 비를 | 기준치에 대한 비를 | 총 내용량당 | 1일영양성분 | 1일영양성분 | 영양정보 | 수있습니다.※동물에게먹이지 마세요※ | 폴리어들린 보관방 | ①Tel.070-4741-7535~ 7538 | LEMON 제품의유형:캔디류 | 법에의한한글표시사항> | national dental associations around the word. | received official endorsements from six | are made from FI
002247,12,2021-09-07,1,0,0,까지 | 2021.09.07 | 단호박볼 | 유통기한 | J0785F08 | 811801157115513511 | 남남 | 아이밀 | 2.910 | 191
002250,12,2021-05-09,0,0,0,"013051591P | Cerified rganic byjoregonih | .MI1 49413, US | GERBER PRODUCTS CO., FREMONT | CONCENTRATE VITAMIFC (ASCORBICACD) | AK- | ORGANIC MANGOES | TER ORGARIC LEMON JUC | INGREDIENTS: | IC CARROTS ORGANIC APPLE | OR | Vit A 100m | 0%Vit 22mg45% | Potas 190mg 25% | Iron 0.3m | )% | Vit Om | 0% C"
002254,12,2021-10-26,1,0,0,"OTHER | 81805999600598 | 비닐류 | 고드니 |   | 까지 | 2021 1.26 | 을 따하져 | 부터 | 20 1.7 | 입수있습니다.다 | 하고있습니 | 개인의 필요 열량에 따라다를 수있습니다. | 이은 승아 대두,유유를사용 | 1성 기준치대한 비을이a기준이므로 | 늘해보관하십시오 | 0 방0g 0%0ng 0%305% | ""보생정합 직사광선을 피하고 습기가없는서 | ·유통기한:한 별도표기일까지 | 45mg 0%3912%26g 2%% | ·포장자정인플리에틸렌 | 165kcal | 영양정보 | 총내용량 50g |"
002257,12,2021-04-30,1,0,0,2021.04.30까지 | 유동진운대원 | 경기도 | 소분원 | 제조원 | 한 | 유통기
002266,12,NONE-03-05,0,0,0,99.997% | 일서료우유 | 03.05 10:14 C2
002267,12,2022-09-NONE,1,0,0,E 2022-101 231 | Best before / Batch: | Consumir preferentemente antes del fin de/Lote: | 4249121101256211 | LA 3138441 | delg VERA | Denominacion de Origen Protegida | Consejo.Regulador | PiMeNtON | Extremadura
002268,12,2022-09-NONE,1,0,0,SEP 2022-LODTE 253] | Best before/ Batch | 8 | 42491211012562 | LA | 3138441 | de lg | VERA | DnCdorenPrtegda | Consejo.Regulador | PiMeN+ON
002275,12,2023-12-22,0,0,0,2023.12.2240 | 2020.12.234조
002299,12,2021-10-15,1,0,0,2021.10.15까지 | C | 전갱이-고등어 강치 1국내산) 4123 | 24g/기타어육가공품(비살균제품) | Hol Tasie(ae | HACCP
002308,12,2021-11-15,1,0,0,15.11.2021.까지
002328,12,2021-10-20,1,1,0,"18010191413575 | 8 | OTFER | HACCP | 인전관리민증 | No Brand는모두 이마트의 상표입니다 | 원 | 판매 | 신고는 국번없이 399의 반품빛교한 상소마제신원 | 오 | 마십 | 십시 | 는 드시지 | 습제 | 의 | 방 | 품 | 수 | 키 | 시 | 있 | 주 | 보상 | L | 고시 | 가 | 원회 | 위 | 래 | 공정건 | 오 | H | 을 | 통풍이 | 늘하고 통 | 피하여서 | 찬 | 광선 | 돼지고기 함유 | 스피줄리나색소:감미료(수크랄로스,아 | 민트향2송 | 사과공축액아10 | 마티"
002330,12,2020-11-30,1,0,0,20:55 | 까지 | 2020.11.30 | ccm | 15 | 2
002353,12,2021-10-22,1,0,0,21.10.22 T | 까지 | LOTTE PEPERO | So g(255 kcal)
002356,12,2021-02-12,1,0,0,:4809 | 첨가 | 북산이물 | 삼호 | FD3 | 2021.02.12A7 | 유동기한
002357,12,2021-10-10,1,0,0,2021.10.10 | 유통기한: 하단표기일까지 | 월 때는데 | 제조사:Akay Spices Pvt Ltd | 반품및 교환장소:구입처 | 건조하고 서늘한 곳에 보관하여 주십시오 | 스세조 | 보관시 주의사항:직사광선을 받지 않는 | 식의 요리 | 원료및 함량:큐민100 %(인도산) | 제품명:큐민 분말 내용량: 45g | w to u6e | 식품유형:천연향신료 건조제품 | 무정 사용으로 제품의 향을 지켜줍니다
002361,12,2019-12-10,1,1,0,"및 함량 | 중9 5-노신산나트름0.05% | 원재료령 | 정제소금국내산90%-금륨산나트를 | 당주 부시구 로 20 | 제조원 | 제조연월일 | 후연표시 유통기한 제조일로부터 5년까지 | 제품명 맛소금 생품의 유형 가공소금 | 등의 요리에 사용하시면 좋습니다. | 모든 요리에사용되며 특히계란,무칭,조림 | 국내산 소금을 사용하며 깨끗하고 맛이 깔끔합니다. | 요리의 깊은 맛을살려주는 소금입니다 | 백설 맛소금의 특징 | FLAVORED SALT | 맛소금 | falt | 요리의 맛을 살려주는 소금 | Favned | BEKSUL |"
002368,12,2022-01-16,1,0,0,"22E.01.16 | 유통기한 | 대두,돼지고기를 사용한 제품과 같은 제조 시설에서 제조하고 있습니다. | 품질 하자가 있을 경우는 제외됩니다.·부정·불량식품 신고는 국번업이 1399·이 제품은 유유 | 해결기준에의거교환또는 보상을받을수있으며,개봉시에는반품이되지않습니다.단 제조상 | HACCP | 하십시오·반품 및 교환처:구입처 및판매원·본제품은 공정거래위원회고시 소비자 분정 | ·보관상 주의사항:보관상주의사항:습기및 직사광선을 피하시고 건조한 실은에 보관 | (이 전화는 수신자요금 부담입니다.)질소충전팩 | 태(주)충남천안시서북구"
002372,12,2022-11-12,0,0,0,ROASTED GRAIN POWDER | 15곡가득미슷곡물차 | 2022.11.12 | neplus
002384,12,2020-10-08,1,0,0,의윗을 언제나처음처럼 선게 설게요 | 과프리 | 까지 | 220-8 | 인천B박시명 | 2020.10.08.14:01 | 새널로 55 | 아산 20%) | 유통기한 | 0.29 0% |  0g 0% | 트랜스재행 0 | 0g 03 | 8$0g 0% |  0.89 03 | 0mg 0% | 영양정보 | unbel | 3Jmg
002393,12,2020-07-01,1,0,0,"METALASOLAPA PARA CERRAR | TUCKFLAPINTOCLOSE | IMPRESOS EN EL ENVASE | ORIGINAL | LOTE Y FECHA DE CADUCIDAD | BEST WHEN USED BY DATE SHOWN, | Kraft | F80734 | 01 ML _2020"
002394,12,2020-07-01,1,0,0,MEALASLARRACERAR | TUKEAPINTOLSE | LOTE YECAOCCOCOO | RIGINAL | BEST WENSO AESOM | F8 0734 | Kraft | 01 U2020
002396,12,2022-01-25,1,0,0,"까지 | WORLD'S No.1 OATS BRAND""- | -ESTD 1877- | QUAKER."
002400,12,2023-01-05,1,0,0,"유동2023.01.05까지 | PinkfongBaby SharkM are licensed trademarks of Smar Study Co.Ltd. | 핑크풍 | Copyright © Smart Study Co., Ltd. All Rights Reserved. | 8 | 습니다 | 있으나컴퓨터계량시스템으로관리하고 | 고객상담실_080 | 2/20080501075-108 | 녹이거나씹어 | [판매원]"
002409,12,2022-10-29,0,0,0,"PROD:23,10.019 807"
002412,12,2023-01-18,1,0,0,2023.01.18 | 크로아티이신 | 원산지/품질유지기한 | 차게해서드셔도좋습니다 | 차를밀폐용기에담아냉장고에넣어 | 식힌후얼음을띄워드시거나.우려낸 | 여름철에는차를반럽정도에우려내어 | 냉차로만드시는방법 | 면차가 매우 진해집니다) | 허브차를 즐기세요.(티백을오래 담겪놓으 | ②차가우러나면 티백을 건져내고 맛있는 | 합니다) | 으로1컵.또는 머그컵으로213컵이면 적당 | 3~5분간 기다립니다. (물의 양은 좋이컵 | 컵에 끊인물을 붓고 티백을 넣은 뒤 | 3-5min
002413,12,2022-07-20,1,0,0,8 | OTHER | 2022.07.20까지 A1 | ·부정·불량식 | 교환또는보 | 복제품은 공정거래위원회 고시 소비자분쟁 해결가준에 의가 | 합포함를사용한 제품과 같은포장시설에서 생신하 | ·반품 및교환:봉사및구입처 | 브루출물 | - | -353 | 를봉골길 176 | 유통기한 | 공시오표 | 1도 | 번호 | 고 | 경기 | 소재지 | 및 | 결관률가공품 | 땅콩또는 | 식품유형
002414,12,2021-11-01,1,0,0,"2021.11.01.까지 | 봉지째 전자레인지에 가열하지 | 개봉후에는변의위험이있으므로바를드십시오 | 8 | 1802896000780 | 부정·불량식품 신고는 국번이 1399 | 무해하나드시지마십시오 | 소제는 선도유지의 목적이며,인체에 | 에서 제조하였습니다 | store at cool and dry place | Storage : Avoid direct sunlight. | Tel:+82-51-261-9944 | -ro, Saha-gu, Busan, Koren | Add:88-3, Janimnyeong | 의고시소비자 | Mac"
002417,12,2021-12-25,0,0,0,2021 12.25
002420,12,2020-10-23,0,0,0,23.10·2020
002424,12,2022-06-09,0,0,0,
002431,12,2021-06-11,0,0,0,KN B 107 | 20210611 | SPE
002454,12,2023-02-NONE,1,0,0,"91325 Adesdorf, Deutschland | D.C.SODANHD-C-Soan-P1 | 4 | 009077072589 | 대한비들이다를수있습니다 | 칠레스테데를Omgo이 단백들 | 75ge | 스지방 | Inhalt: | 트ongo 수화78235253 | 292kcal | 영양정보 | 총내용량75g | 18020745 | L303189 | 02.2023 | PP | ※반품및 교환:구입처 및수입원 | ※부정·불량식품신고는국번없이 1399 | ※보관방법:건냉한곳에보관 | Lagerung mindestens haltbar bis"
002458,12,2022-04-NONE,1,0,0,"www.tootsie.com | ©TRI,LC | DELAVAN, WI 53115 USA | ANDES CANDIESLP | 유통기한:2022 C4 | 5 | 시행)IK26560-2811 | 이미로 개인의 필요열량에 따라다를 수 있습니다 | 1일영영성분에()은200K | PRODUCT CONTAINS MILK AND SOY. | 단백질5g | 9% | OW 5 LAKE, BLUE 1 LAKE). | 콜레스테롤2mg | 1% | DR,PEPPERMINT OL,COLORSADED | SIRER), NATURALAND ARTIFICIAL"
002470,12,2023-06-22,1,0,0,"22,06.2023 | UseBy"
002471,12,2021-03-18,1,0,0,"장소:구입처 및 제조원·본 제품은 공정거래위원회 코시소비자분생해결기순에 의거교한 :반 | 봉하시고가능한한발시시오·소비 상담실:0-29-20(수간자요금부담)· | 유통중포장지가 파손되지않도록 주의하시고개봉한제품은변질될 우려가있으니반드시 밀동 | 포장재질상단필름 및트레이(내면 물리프로필), 흡습포(외면-폴리에털) 유통기한 별도#기 | 전북,정읍시 북면 3산단2길 95 품목보고번호 F1-1998048782597,F2:20040490 | 영업장의명칭과 소재지닭도축장F1(주하림/전북 익산시망성면 망성로14.F2:(주하림 정 | L221031"
002472,12,2021-03-18,0,0,0,L2210312722801 | 등정일:21.081224 | 하림 | × Homeplus
002485,12,2022-08-03,0,0,0,2022.08.03.GBH | 땅콩 또는 견과류 가공품 | 캐슈넛트100 % | 350g | 구운캐슈넛트 | ANNIVERSARY | 24 | 홈플러스창립
002489,12,2021-04-18,1,0,0,그대로담긴자연 | 모짜벨라 생치즈가 | 2021.04.18 까지 14:39 | ZARELLA | ESE | 모짜델라 | Che | 슈레드 | 성울 | 1kg
002495,12,2021-01-27,1,0,0,HACCP | 식품인전관리인증 | 복음참께2.38% | 70 g (205 kcal) | Segame Hamburger Rall | 깨햄버거빵 | 망k..·k신라명과 | (내C되미:음) | 2021.01.27까지 | X BES
002496,12,2021-01-27,1,0,0,복음참께2.38 % | 70 g (205 kcal) | egame Hamburger Roll | 깨햄버거빵 | 2021.01.27까지
002499,12,2021-05-07,0,0,0,"7 | 2021.05.07 | 6,280 | 6,280"
002509,12,2021-11-09,0,0,0,-DOUBLE CHOCO. | 2021.11.0916:28 | NUT BAR
002510,12,2022-03-09,0,0,0,2409 | 카카오 1009 | 2022.03.09 DUA21 | 카카오닙스 | 본연의맛이 가득한 | 담백하고고소한 | Rodsted Cacao Vibs | 지퍼포장 개봉 후 보관시 지퍼를이용하세요
002513,12,2021-11-04,0,0,0,2021.11.04 DUK05 A | 330g | 블루베리70% | 건블루베리
002514,12,2022-02-16,1,0,0,"2022.02.16F2D | OTHER | 811809044119418341 | 제품은 공정거래위원회고시소비자 분쟁해결기준에의거 교환 또는 보상받을수 있습니다. | 정 불량식품 신고는국헌없이1399 | 분리수거 실청으로 자원과 환경을 보존합시다. | 혼개류국,전복,홍합포함를사용한제품과같은 제조시설에서 제조하고있습니다. | 제통행지와함께 전자레인지로 가열하지마십시오 | 는변질우려가 있으니바로드시기라니다 | 082821107 | 경임처및제조원 | 문레(내면) | 1359 | 2리소우포"
002518,12,2023-01-25,1,0,0,"2023.01.25 | 품질유지기한 | 88080181520723 | ·부정블량식품 신고는 국번없이 1399 | 또는환불받을수있습니다 | 소비자분쟁해결기준에의거교환 | ·본제품은 공정거래위원회고시 | ·계품은메밀을사용한제품과같은시설서제조하고있습니다. | OTHER | 구입처 및제조원 | 포장재절 | 비닐류 | 나일론(여과지), 폴리에틸렌(내면) | 별도표기일 | 레몬밤100%(독일산) | 20030275006150 | 품목보고번호 | 13.5g (0.9 g × 15 백) | 제품명 | 식품유형 침출차 | 레몬밤티 | Tip) | M"
002522,12,2022-09-14,1,0,0,깔 | 갈라만시 | 100 | MANSI | GALA | CALAMANSI ENTRACT 00% | 브랜드가 아니다.소비자다 | NoErand | 노브랜드의 어념과 설린 | N747 | 2022.09.14 | BURTPOWDER
002537,12,2021-09-22,1,0,0,13:22 | 2209 | L- | /2021 | /09 | 22 | EXP | LOTE; | i | con | Pf | Consumir
002543,12,2021-10-17,0,0,0,팔핑초코를 | BALLS | GHOCO | PDPRIMC
002546,12,2022-04-NONE,1,0,0,기준이으로 개인의 필요 향에 따라다를 수 있습니다 | No Brand는 이마트의 상표입니다 | 1일 영양성분 기준처에대한비울(%)은 2000ka | 8.g | 단백질 | 15% | 04:42 | 콜레스테를 5mg2% | 18 g120% | 포화지방 | L0293 | 0.04g | 스지방 | 지방 | 30g 56% | 유통기한 04/2022 | 47g 47% | 당류/ | /50g15% | 탄수화물 | 2110000001793 3131 | 0% | 나트륨5mg | 기준치에대한비을 | 총내용량당 | 1일영양성분 | 500kcal | 영
002549,12,2021-04-02,1,0,0,계린함유 | 210mg | 영양정보  1g | 동리신문의은회일가역제품 | 알가열제품/비실균제품 | 유통기한: 21.04.02까지B17 | 상기제품은 이미지겠입니다. | 중량:100g/114kal(d)2입) | SOFOEG | 영양과수분은 그대로! | 방금삶아낸것처럼 | 간이되어있는 촉한상은계란
002552,12,2021-01-22,1,0,0,MADEIN ENGLAND BY | V | uma and | for oe hundred years. | whichis still used today. |  n  | 유기8 | 08:56 0210 209 | BestBefore: 21.01.22 920g
002553,12,2021-02-22,1,0,0,for | edred years | hieredetsed today. | Best Before: | 21.01.22 920g
002554,12,2021-11-18,1,0,0,"18/11/2021 | E10g | 0000001292618 | 2 | 18% | N0mg | 3% | 80% | 02g | 지형289 | 52 % | 반품및교환장소:구입저및수입원 | 44% | 52g | ·부정·불량식품신고는국번없이 1399 | 16 % | 170mg | 교환또는보상받을수있습니다. | 9 % | 제조하고 있습니다 | 1일 영 | 영양정보 | 100g 당 500 kcal | 총내용량2529 | 포장제질 폴리프로필렌 | 우유,망콩함유 | .Bal | 평콩,두개 | 원자료명 | 5 AP/M | 유통기한 | 수업원 | M"
002555,12,2021-11-18,0,0,0,18/11/2021 | 2 | 8% | 1000000292618 | 805 | 2 | M | 영양정보 | VA | 209
002568,12,2022-04-04,0,0,0,N319 | S | E 04/04/2022
002579,12,2024-01-14,1,0,0,2024.01.14 | 8809258654292 | 유통기한:하단표기일까지 | ShinYoung | 부정· 불량식를 신고는 육번없이 1399 |  에 | BIPT.PPD지OTHER | / | /-70-646 | W: Aari Food Poducts PVT.LSd | :코에더 씨드100(인도산) | S NET WT. 130g | 코리앤더씨드 | CORIANDER SEESDS | pice | uluxre
002582,12,2021-01-07,1,1,0,SSG.COM | ∞ | ·품목보고번호:200605310896 | TO울당식품신고 | ·부정불량식품 신고는 국법업이 19 | ·반품 및교환장소구입처 및제조원 | 또는 보상 받을 수 있습니다. | 소비자분쟁해결기준에의거 교환 | 본제품은 공정거래위원회고시 |  상별도 | ·유통기한제조일로부 | 2021.01.07
002585,12,2023-11-04,0,0,0,"riparo da luce e font di calore | alare acqua dellapasta Consevare a | per piatti a base di cae o posce e per | )0.5% | 14412 | melanosporum Vit), AromL Puo contenere | 쟁: | 21180 | aestivum Vit), Tarufo Nero 0.1%(Tube | Tbe  | 유리 | Tartui Nor 0,6%: Tartufo Estvo 0.5% Tue  | 21988 | INGREDIENTI: Sal"
002588,12,2023-10-15,1,0,0,81005140001926 | 2023.10 15 | B.B.: | 2020.1015 | P.D.: | /Best Before: | Do corumrsi refeibienteentoit. | 250mle | 6%ac | S | 유리 | 이산화황참유 | 한글표시사항 | Mengazzoli | M
002590,12,2023-10-27,0,0,0,"Made in Italy | 8 | 1015352319658 | Minie Plc ln  Forest | Certiicatodaorganismicontrollautorizaodal | 41032 Cavezzo (Modena) Italia | ACETUM S.p.a. - Via Pertini 440, | e imbottigliato da | Hergestellt von / Produit par / Prodotto | 27.10.2023 | L3010 | MINDESTENS HALTBAR BIS: / cons. de préf. avan"
002613,12,2023-04-NONE,0,0,0,NCIANA | Paellero | SERNINGS | 3 | RACIONES | 조리예 | SACHETS | SOBRES | 04-2023 | L30408J | VALENCIANA | Paelleros | Carmencita
002619,12,2022-03-31,0,0,0,시사항 | 31-03-2023
002627,12,2021-12-08,1,0,0,"2021.12.08까지 | 크랜베리(미국.9%,넷5%, | 380g | AIH FIBER PROEINNGOCO | meal | fresh | ara | 낫했습니다 | 그랜베리 | 푸문을넣어 | 소한 | 라에 | TS& GRANOLA"
002637,12,2022-11-01,1,0,0,LELHER | 814370001482093 | 단백질4.29 | 또는 | 콜레스테롤Omg | 포화지방0g | 라리프팔레이트리프로팔런 | 06 | 트랜스지방Og | 리 | 지방0g | 하농 스클리나녹축액 친연향료(제리 | 0% | 당류49g | 49% | 탄수화물77g | - | 24% | 나트륨80mg | 분(지구연 | 4% | 총내용량당 | 2016-0364562) | 기 | 성시송산화성 636. | 영양정보 | inog3kcl | 1)T.(02)2176-0324 | 트스제이스(주) 서울시 강남구 봉은사로 | 제품에연월일순으로표
002648,12,2022-01-24,0,0,0,23 | SSG.COM | 5$ | OTHER | 145 | 8 | 53 | 1% | 트랜스지방01 | 2%지방Hg | HACCP | 26% | 안전민리인경 | 2022.01.242N
002652,12,2021-08-18,0,0,0,2021.08.18
002657,12,2021-07-01,1,0,0,200 | DIETORELLE DURE | 800-239185 | Nurmero Vardo | 01/07/21 | L19173 A | DA CONSUMARSI PREFERIBILMENTE ENTRO IL: | Sale | Proteine | PLASTICA | PLASTICA | Fibre | 70ge | RACCOLTA | RACCOLTA | 93 | polioli | INCARTO | BUSTA | di cui: zuccheri | PET1 | PP5 | Carboidrati | PER LAMBIENTE | 09 | di cui
002662,12,2022-01-11,1,0,0,garche | wche /Neto CGewicht | mo etos / hiet woighe | service: | Customer | gee heesal ale | EN/M | ingradlensan Lu | rite andes ce | RE D CIM | gmrsftineerde so | EXP: 2022-01-11 | SPECAL BROCO CTa |    | PROD: 2021-01-11 |    | SPECALBNOD MED OU | NATORR | O7. | 213kcal | Possbles tracm de  | rat
002664,12,2021-08-18,1,0,0,EXP: | 2021-08-18 | PROD: 2020-08-18 | lestens haltbarb | Yaefore: | nie preterentment m | 8 | umir preferentemesh | rotein | taria/Fibre | es Arcares /ol wtichs | Cwboea/Cabebylrale | is Saturatas/ot whichsa | Mea/nerg | AITIONALINFO | spo | AMACION NUT | RECICLA | 2 | Dge(1.76oz) | woight:/Nettoge
002670,12,2023-04-30,1,0,0,L.20.19-23.1 | BBD:30-04-2023
002680,12,2021-10-29,0,0,0,mac e banana | Conservar no fro(0-10° C) | Conservar en frio (0-10° C) | platano | manzanay | 08: 58 U07 | 29/10/2021 | Consumi d eernci  | la fruta de euchara | Consumir peerenmenteantesdel | Pom'bel | lactosa.lactose | gluten · glüten | conservantes | colorantes.corantes | Sin·sem
002684,12,2021-12-03,0,0,0,LOT:SIV 1/19/1 | CAL: 141/160 | BES: BY 03/12/2027
002691,12,2021-03-10,1,0,0,"유통기한:2021.03.10 | 까지 | 81809152412141 | [8기) | OTHER OTHER | ACC | 냉장보관(-2~10 °C)|양념육(비살균제품)|1 kg | 냉장 | 닭고기(다리살-국내산81.25%케이소스고츠가루242%] | 춘천식닭갈비구이 |  사용으로 을이로 동수있이다 | 어사 | 는아상등에 주니 | 도및 프라이식을이용하인용 | 닭고기, 대두,밀함유 | 매운 | 루로 | 중진제참께 | 구이' | 의거교 및보함으실수있습니다 | 2020139 | :ken"
002698,12,2021-11-29,1,0,0,"2021.11.29까지 | ※개별스틱의 모양은 일정하지 않을 수 있습니다. | 먹기 편한 사이즈로 하나씩 쏙쏙! | 1입진공개별 포장,어린이가잡고 | emium | 간장과 올리고당으로 순한 양념 | 참숫 훈연의 전통 건조 방식 | 고기를 곱게 갈아,저온숙성과 | 부드럽고 담백한 육질! | 지방이 적은 뒷다리살을 사용해 | 무항생제우리돼지한돈! | 건강한단백질 영양간식! | 어린이를위한 | [상시] | 오리지널 | PUBK"
002699,12,2021-08-23,0,0,0,/총내용량당 | 본은참께 43228 | DHA 15m9 | 2021.08.23 | 20 0khal) | 이미지사진 | 우리아이영양간식 | 네번구워더욱 고소하고 맞있는 | 참개 | Seaweed Snack | 튀기지않은 | 김과자 | 기름에
002709,12,2021-10-28,0,0,0,"al29gX4입,비타민C 40mg/100g | 21.10.28 | 비타민C함육모을 | 새콤날 | 새콤다고 | GolGn | GolGo! | Lemonade | -레모네이드 | 학은 | 새콤달콤 | 비타민C | Grape-포E | 새콤다큼 | 비IE민L | N | Strawbergy 딸기 | 비타민C함육모음 | PART"
002710,12,2021-10-28,0,0,0,21.10.28 | gX4개입비타민C 40 mg/100 g | 비타민CS모 | 새콤드날로 | GolGn | 레모네이드 | emonade | 내콤달큼 | 새콘달콤 | strawberry-wn | BIEIPH
002712,12,2022-01-11,0,0,0,J0004 | -이미지A | 주물러 | 스크류 | 21 | 모양s | 22.01.17 | OPIENL | ITTO
002715,12,2021-12-15,1,0,0,2021/12/15 | @AmosSweets4D | OTHER | f | Best Before: | 해따라 다를수 있습니다. | MADE IN CHINA | 11% | 6 | 0% | 119367561228471 | 0mg | 0% | 방0g | 스지방0g | 0% | 41% | 18% | 58 g | LEmg | 0% | 기준치에대한 비을 | 1일영양성분 | 256 kcal | 총 내용량 80g | 장소수원아매처 | 수입원 | 제조원 | OLS | CO.D | 돼지고기함유 | 작색료(이산화 | Gummy | 심황색소 | 하사과향레
002722,12,2022-12-30,1,0,0,".choicei@toleoon | 는 2번이1 |   사용한과 | o이 니다 | -직사광신과 기를 미여 상이 | 취보관시주이사형 | 2016036279920 | 몸목보고번호 | (용기폴리에릴 | 포장재질 | 후면 상단표기 | 유통기한 | 롯데소평서울 | 유통전문관에원 | (주가원경기도입 | 제조원 | (원산지) | 함량 | 월재료명 | 가공소금 | 식품의유형 | 2022,12.30"
002726,12,2017-03-22,0,0,0,04:55 | 17.03.22 | 170322 | 10076 | L0076
002733,12,2021-12-25,0,0,0,"E102 | 00 | 0G | AMOO | 00 | 1D 106 | 밀. 용(대두) 함유 | 영양정보 | 150 g(530 kcal) | 관자 | 20100372 | 2021,12.25 | 통산자 | 달미정"
002756,12,2021-05-16,1,0,0,81050652 | favori | 6 | 154858770368 | smooth.co | ry | laor rresrvaives. | WHOONME | ALA | SIM. | 643373 | BEST BY. 2021.05.16 | 대수있습니 | 로서 피티동의 원료는 들어있지 않습니다. | 2 | 2니 냉정보관하거나 들리 드시기 바랍니다. | 일 영성을 기에대 | 13% | 언이 1399 | 단백질79 | 원산지:미국 | 8% | 및수입원 | 레스테25mg | 33% | 포장재질:폴리에틸렌 | 지방 50 | 시일까지 (년.월.일순)
002770,12,2021-10-11,1,0,0,"1292761 | LJ28417:01 | 2021.10.11 | 부 | 뚜껑:철 | 구도는 수입원 | 22주언에드세요 | 수도있있니다 | 4B하십시오 | 레드비트루트, 구연산 | 모도 메타중애황산를 산화방지제)] | 정제소금 | 우유 |  수넷.정제소금 그라니피다노치즈 (우유 | 드라이드토마토 40.2% 해바라기유,바질, 토마토 평프 4.6% | 등에 별도표기일까지 (읽는법: 연,월,일순) | 서울특별시 송파구 백제고문로47 | (전.02-567-3411) | 제조사:CLAS S.PA | 제품) 내용량: 190g | 마토 40.2%"
002776,12,2021-09-15,1,0,0,"신고는 | 부식 | 사용에 | 어주세요 | 10. | 7.내용량:2402(680g) | (읽는법 | :년/월/일) | 3.원산지:미국(USA) | 2.식품의유형:향신료조제품 | 식품위생법에의한한글표기사항 | ation Chaone | alt, Turmeric, Paprika | Water, Mustard seed, | LaLi | Ingredients : Vinegar, | BEST BY 2021-09-15"
002777,12,2021-09-15,0,0,0,"Sa, TUuee. Papra | Ingredienta: Vinegar, | LaLi | EST BY 221-915"
002779,12,2021-10-02,0,0,0,00074 | 8 | 180907511217791 | 2506070 | 175 9 | 02.10.21 | Weigh() | Bes Before (8기1) | Leicester | Red | RBros Liste Seo SRH | Alis Bros LLue Ces Farm
002789,12,2021-04-03,1,0,0,8093231920024 | Best Before: 2021/04/03 | ACOSTASA DECV | Lot: B1-10304842 | 5169 | Sodiam Omg | 10 | 원 SADECV. | BIOAGAVES DEIA COSTA | IonFa | 지:시 | yfood.co.kr | :#기능아가베시원프리이업 | 식품위생법에의한한금표시사항 | t00% Natura and organic sweetener | value | Organic
002795,12,2021-03-18,1,0,0,프리바이오틱스1000mg | 설탐무청가&13가지 아해 | 과일야채 | 오늘의 | 빙그레 | 3 | 16:24 | L-1 | 2021.03.18까지 | 88 | 191 | 201 | 201
002824,12,2022-11-08,1,0,0,내용량 | 유통기한 | 1-20 | 제조원 | 자판가유맛한진 |  기타가공품 | 자판기 | 담E | 까지 | 2022.11.08 | 유통기한
002829,12,2022-01-02,1,0,0,Jangan ctibeAukan | Do not freoze | dan dikonsums datam s har | and coneume within 3 days | VRefrigerate ater opening | CR07024/23:46 | 02.01.2022 | Digunakan sebelum | Best before
002835,12,2021-06-30,1,0,0,2021.06 30 | BEST BEFORE
002851,12,2021-08-02,0,0,0,"L190 21708 | 02.08.21 | leche esnd | fische Fiu | bio-amACH-2SachseIn,ww.bi-milacom | NachWahld | briqueense ar:/bbricato invizzerade | derFruchtiges | lassenSes | Me eurch | 4 | Mich oderu | chiudere bene mballaggio. | DBCCOI9 | langantale | 2% | verschesen./ien refer'malge/Dpuso | THELN | famia Oi"
002854,12,2021-08-11,0,0,0,18:58 | 22 | 0059/08:2 | 059/01.08.2021 | 1309 | ZAVLAASZ | /pes/6p. x 16 | OTVIEIVARTE | EM210 3% | 10P% | 14-300 /Aorag. P | C 1900. 10aU 20ikc |  0r 0 | V/6enTbWD | d/toPto | A/Poduced in Poland | odaiy Icarba | MMPeA02-3AtW.
002855,12,2022-09-13,1,0,0,90~-100°C | 200-250ml | Blac a | OTHER | 880969178091 | 유통기한 2022.09.13 | 교환 또는 보상을 받을 수있습니다. | ·본제품은공정거래위원회고시소비자분쟁해결기준에의거 | ·부정불량식품신고는 국번없이1399 | www.tea-korea.kr Item No. 913962 | (주)티코리아1800-9750 | 판매원 | 경기도용인시처인구 남사면처인성로1073 | 한국티팩토리(주) | 제조원 | 판매원및구입처 | 반품및교환 | 건조한실온에보관 | 보관방법 | 여과지:플리아미드내포장재질 
002859,12,2022-06-15,1,0,0,the | 350201  18:42 | BEST BEFORE 2022.06 15
002862,12,2021-08-30,1,0,0,3 | 8 | SME06B-07:48 | 2021.08.30 | Best Before: | www.hellema.com | Hallum - Hollarid | P.O. BoX 3 - 2074ZL | neiiema-Hallum B.V. | 90743- | Made by
002870,12,2021-02-25,0,0,0,"단백질 | 클레스테를Om | 포화지방 | 0% | 드랜스지방 | 09 | 지방 | 09 | 0% | 당류 | 29 20 | 탄수화물 | 319. | 나트륨 | 25mg 1 | 총내용량당 | 영양정보 | 층 | 채은 | GRAPE | 장주 | 100%, | 2021.02.25 | 10:59"
002883,12,2023-12-08,0,0,0,3m | 10847 | 2023.13088F3 | 안십살균! | 읽운기식
002921,12,2021-09-12,0,0,0,12.09.2021 | Landwirtschaft | e42 | Bjoland | EU-/Nicht-EU- | DE-OKO-001 | Knusper | Müsli
002924,12,2021-06-13,0,0,0,8540 | 185kcal | 단백3 | 하루권장 | L유 | 마일드러래 | 마시는식 | 361 | Labnosh | 됩니다. | 위한 | 고발을 | 02:45 D6 | 2021.06.13
002932,12,2022-02-01,1,0,0,"EA100ge | Nsce by/Gistribution: Producent/Dystrybutor: Gyarto: | $ | 060223233 | 01.02.22 | 08:13 | de sod | s,curcumine, | citrates de | don modl | ine; acidifiant | ""tE-Ingredie | Germany, CBDXCBDXUD CONE | e. carmine, curcumin, brill | 개인의 필요열량에 따라다를 수 있습니다 | 1일 영양성분기준치에대한 비울(%)은 2,000Kcal 기준이므로 "
002933,12,2022-02-01,1,0,0,WEAL | 060223233 | 08:13 | 01.02.22 | IFCU | 2ONC | 100 | 부 | 100g(320kcal) | (일월년) | 품이면의벌도사입까지 | 11/+ | 515-1= 3
002958,12,2022-07-27,0,0,0,"∞ | 2022,07.278 | 31수신자요금부담 | 1506-27·품목보고번호193045077 | ·주오 | 본은지분결기의는보상으실수습 | 국· | 450g | 후추100% | BLACK PEPPER POWDER | 순후추 | 순도100%"
002972,12,2022-03-20,1,0,0,유통기한2022 03.20 | 라벨: PP | LP: PE | 뚜껑상캡:PP | 용기:유리 | -부정/불령식풍 신고는 국번업이 1399 | 교환또는 보생받을 수있습니다. | -본 제품은 공정위고시 소비자분경해결기준에의거 | 남은 제품은 반드후보관하시기바랍니다 | 제품은 가급적벌리하십시오 | ∞ | -주의사항:직사랑선은 피해 보관하시고 개봉된 | 시의 향신료
002977,12,2020-05-12,0,0,0,20 | 1- | U | 소자  | 04% | 2 | 202000 | 2020.05.12 | 2.0% | 325 | 12 | VANILLA | YQ | 이니) | YQ
002989,12,2021-07-20,1,0,0,"2024.07.20 5 | OTHER | 단지 | 국이 | 시 소문기준에의거하여 교환또는 보상받으수 있습니다 | 는의 무가의 정고해 보관하시고가능하면 벌리 드시는 것이 좋습니다. | R  오어 등어  비 가비를시용한과같은 서 하고 있 | 정소구입처는제조및 판데 | -57-004 | 소비 | 참단지/인천광시,서구 건지로 9버기20(석님동,1층0 부2.3.4.5) | 물리에탈랜(내면) | 정제소금20%,글리신,생강분밀중국산,정제소금국내산 | 파프리카추출색소5%,침께 생강,Lㄴ-글루팀산나트륨(향마능 | 크멀치액젓023%멸치80% | 닉자"
002995,12,2022-07-13,0,0,0,8807 | 8801052 | 2022.07.13 A | fWDAESANG | 영양정보 | 8 고객상담실 매80-019-9119(수신자부당) | S-E 온g시동문구전로2degm | 수있경지·업경및 소지대정주 오신공장 선시가정로 | 없이-은 소의지에의 는보을 | 2사부는 | 변이 이로 한성 사 | ·보관성법 이들질  등이 들어기지 일도록 | 유기동 현미2225국신- | - | - 발식
003010,12,2021-12-11,1,0,0,"0% | 11181253 | 11 12 2021 | PP | 이www.msimallL | 교환장소:구입처및 수입원 | 비널류 | 량식품신고는 국번없이1399 | Best Before: | 수있습니다. | 공정거래위원회 고시소비자분쟁해결기준에의거교환 또는 | 보관방법직사광선을피하고건냉한 곳에보관 | BESTBEFORE:월/일/년 순) | 첫면 별도표기일까지 | 폴리프로필렌 | 포장재질 | Sucere | 로5가,312) | 일러르기유발물질 | 쇠고기우유함유 | 중구 세종대로 2나길23 | 황색제6호황색제4호 적색제40호,청색제1호 |"
003030,12,2021-11-02,0,0,0,"02.11.2021 | 418400081017951 | FOODS | 82.00 | IMPERIA |  400n 20 | , | 대가능성 | PP | : | ESAPRANFUTA"
003045,12,2022-05-02,1,0,0,"K | PRODUCT OF INDOSES | 2022.05.02 | garlkc | BEST BEFORE: | 25 | mied sies vletbeol | 375 | 2,400u | Ingredients shallot, sal | 2,4000g | Toa Catucychute | 26 | 200 | 5 | 2.500 | ofe e  h | 2,000 | 3.Se ho wth ashash | itavor. | bog nstant ipio | Cakcum Pru. lron 6% | VnAONOVEmnCOS | 32% | 1.Bolbe"
003052,12,2020-12-19,1,0,0,2020.12.19까지
003053,12,2021-10-28,1,0,0,to open | 성분기준지에대한비을(%)은2000kca기준이므로개인의 필요 열량에따라다를수 있습니다. | Pullhere | 6.9g13% | 3%단백질 | 9.6mg | 테롤 | 포화지방11.25g 75% | 225g 42%트랜스지방 0g | 54g 54% | 106.5g 33%당류 | 285mg 14%탄수화물 | 1일영양성분기준치에대한비율 | 량당 | 656 kcal | M20302 11:27A | 정보 | 총내용량150G | 28/10/2021 | 량식품신고는국번없이1399반품및교환:구입처또는수입원 | 다.부 | Aconso
003054,12,2021-10-28,0,0,0,to 0pen | Pulthere | 3%/단책질 | 9.6mg | 포화지방1L59%5 | 06 | 5g 54% | 25 428 | 105g 33% |  수 | 656cal | 량당 | M20302 11:27A | 총내용량150G | 28/10/2021 | 정보 | 부 | 9 | SAS BiscuIts POULT
003059,12,2021-10-04,1,0,0,용원 | 23798 | 2021:10.04까지 | 300g | 내용량 | PREMIM HEALIHYW | TAE | 유산크 | I | “유산균과경정
003076,12,2021-01-16,1,0,0,유통기한 | 8 | 18094 | 2021.01.16 | 까지 | 이 1399 | 고 | 시의사 | 소비자 상담실 | 070-5213-5898 | 반2 | 이교 | 조 | (/5시55-157.A8 | (/시?1 | 내포장재질 | 플리J0Se(PE) | R동기한 | 제상단하단도B기영지 | 육보고번호 | 20170449030-38 | 1111 | (V12 3  1 | O | 20×004(1200) | L | NR | 모유유래유산균
003080,12,2021-11-01,1,0,0,까지 | 2021.11.01 | 유통기한 | 78
003081,12,2021-12-02,1,1,0,까지 맛있는약속 | 유통기한 | 2021.12.02 | 니다. | 제조일 | 2020.12.03B | •치아가 좋지 않 | 퓨터로 계량하므로 | ·생산 공정상 간 | 맛었는 레세에정 | 80111111912075 | 8 | 끗하게·부정·불 | 외포장지 | -2580 | 내포장지 | OTHER | 80 | 니다. | 당한 소비자의 피해 | 필요 열량에 따라 다를수 있습니다. | 래위원회 고시 소비 | 서항상만품·교환하 | 64 | 비타민E | 7.0 mga-TE | 국각지점 및영업소 | 5g | 단백 질 | 시오.제품에 | 습도가낮으
003082,12,2021-12-02,1,1,0,"까지 맛있는약속 | 유동기한 | 2021.12.02 | 2020.12.03B | 제조일 | 다. | 치아가능지않 | 퓨터로계량하 | ""80 1111912075 | 8 | ·생산 공정상간 | 못하게·부정물 | -2580 | 30 | 니다. | 64 |  대 | 당한 소비자의최해다 | 7.0 mga-TE | 59 | 래위원회고고환함 | 비타민E | 0mg | 단백질 | 지정 | 시오·제품에 | 79 | 습도가 | 22% | 있습니다 | 사용한 | 고기 | 23% | 54y | 지방 | 3% | 당류 | 50 mg | 화물 | 기 | 4"
003083,12,2021-12-02,0,0,0,원아겠있어요 | 시원하겠등시면 | 21.12.02 | 다를 주있습니 | 이므로 개인의 필요 열량에 | ()2.000kcal기준 | 1일 영양성분 기준치에 대 | % | 단백질3g | 콜레스테롤Omg | % | 포화지방 0.2g | 트랜스지방09 | 1% | 지방0.3g | 당알콜2.8g | 26% | 당류26g | 11% | 탄수화물369 | 1% | 나트륨25mg | 분기준치에대한비율 | 1봉당 | 9 9당 155 Kal | 79(49 원×3봉) | 47 | 영양
003086,12,2021-06-27,0,0,0,* | * | 51B고지영 | 03:41 | 2021.06.27 | N826
003090,12,2021-09-15,0,0,0,102-3-5678 | EMO PP | OTHER | 0 | 돈보 받을 수있습니다 | 영양정보 | 영양정보 | 100 당g25kcal | 총내용량 150B | oco Sond | RHE370 15:25 | 15-09-2021
003095,12,2022-10-12,1,0,0,술 | 노 | X | 속 | 드럽고 | 한메밀카 | 줄깃한 | 까지 | 2022.10.12
003100,12,2022-11-21,1,0,0,"2022.11.21 | 유통기한: | 까지 | 저은 후 드십시오 | 넣고 | 을 | 냉·온수 1잔(약80ml | 음용방법 | 에 | 본품 | 판,폴리염화비닐(내 | 용기재질 | 구연산(결청),비타민C | 원재료명 유자당절임[유자(국산), | ,설탕 | 품목보고번호1994051800763 | 시신북면 청신로2097번길85-8 | 유통전문판매원(주)담터/경기도 포천 | 고흥군 두원면 고흥로 2418 | 제조원두원농협유자가공사업소/전남 | 1kg | 유통기한 하단표기일까지내용량 | 식품유형액상차 | 제품명꿀유자차"
003102,12,2022-03-29,1,0,0,"2022.03.29 L31 | 지8801013810097 | 유통기한 | -초클릿을녹일때에는중탕 및 전자레인지를이용하여 주십시오. | 만들어드실수 있습니다 | -칩 그대로 반죽에 넣으시면 맛있는 초코칩 쿠키,머핀, 파운드게익등 | Cooking Recipe | (내면) | 포장재질 | 1일 영영생분 기준치에 대한바울(있은 | 폴리에틸렌 | 0mg 0%  3g 5$ | 대두함유 | 합성향료(바닐린) | 식물성유지(팔유),레시틴 | 원재료명 | 100g당 | 실랑코코아파웃더 | 성가포르 | 영양정보 | 총48 | 내용량 | 1oo6kc"
003111,12,2021-06-09,1,0,0,권행호 | 2021 | 유통기한 | Dongwo
003128,12,2022-08-25,0,0,0,"2022.08.25 | 29 | 4% | BV | HACCP | 0g | 0% | 0g | 0% | 28-105 | 0g | 0g | 0% | 농산식 | 2009 | 200% | ( | 트라피스 | 유기가공식 | 84% | 2739 | 0g | 0% | 개별농가철저관리 | 1회(410g) | 100%유기능과일 | 648410g | 100%무첨가물 | 8.980 | 8,980"
003132,12,2021-05-22,1,0,0,메밀소바 | 브랜드가 아니다 소비자다 | No Brand | 쫄깃한 면발과 가쓰오 조니액으로 국맛을낸 | 까지 | 2021.05.22 | 유통기한:
003147,12,2021-04-22,0,0,0,PP | OTHER | o | DRDR | 영영양보 | 09:81 | 2021:84.22
003149,12,2022-01-14,0,0,0,216(031943-0451 | 100 | 2022.01.14
003156,12,2021-10-26,1,0,0,09370303528 | 까지 | 2021.10.26 | 유통기한 | 국번없이 1399 | 부정·불량식품신고 | 이므로 개인의요 다수입 | 1일은200d기 | 단백질1g미만 1% | 콜레스테를Omg 0% | 포화지방0g 0% | 트랜스지방0g | 0% | 지방0g | 0% | 당류0g | 1% | 탄수화물 29 | 3% | 나트륨 56mg | 1회제공량당 | 16 kcal | 1개H(49)당 | 28glg 7 | 총내용량 | 영양정보
003160,12,2021-06-13,1,0,0,80115517288091 | 전행호08:34 B02 | 2021.06.13까지 | 유통기한 | ywvon | 패밀리브랜드입니다 | 는자연의행복을담은동원F&B | HACCP | 안전관리인증
003178,12,2021-03-25,0,0,0,2021.03.25까 | ST | TRINC
003183,12,2021-03-26,0,0,0,인분 | (1.120kcal | 보 | 5009 | 1개 | 0~10°C | 국물떡볶이를 건강하고 간편하게 즐겨보세요! | 2021.03.26 | 만두피주정저의 | Mandupi (Dumpli
003185,12,2021-06-28,1,0,0,YWRR DE0O36  | BEST FUSR DBYH202
003193,12,2021-07-13,1,0,0,냉장보관 | 1개 | 1개 | 간편하게 즐겨보세요! | 국들 | 이에 라면사리 | lmuone | 21.07.13까지 A17:12 | 유통기한 | 6 | 매코닥록 해요! | 순한맛 | 1단계
003201,12,2022-09-21,1,0,0,(150%N.RV) | 00 | 0g | Vamin 18m | 00 | Sal | 0g | Protein | 09 | Fibre | Gabohydats | Porunaes | 91.49 | Mauniurates | 100m! | 3381 K (82KC) | Energy Value: | Typical vlues | NUTRITION FACTS | 21.09.2022 | BEST EFOREDONONIOT | Espanola | La | White Truffle | Elavoured with | extra virgin
003205,12,2023-06-26,1,0,0,Best Bfore:202306/26
003207,12,2021-07-20,0,0,0,강력엠(M) | 통밀가루 | 금큐원 | 2021.07.2021:14 | 의맥한면시향합니다. | uait | 왼쪽으로 당기세요.open
003209,12,2022-12-02,1,0,0,"283 | EXP:2022-1202 | 이안아니라길 | OTHER | 8180100510007031 | Tip.기호에따라고추가루,땅공가루를루리 | 완성! | ④숙주와 쪽파를 넣고 숨이 죽을 때까지 | 비닐류 | 1~2분간 졸이듯이 볶기 | 티아시아키친 팟타이소스85g을 넣 | 3 불린 면을 넣고 볶다가면이 부드러 | 있습니다 | 새우를넣고익히기 | kcal기준이므s | 개인의 필요 열량에 따라 다를 수 | ②팬에오일을두르고 계란을 스크럼 | 1일영양성분 | 치에 대한비율(%)은 2,000 | 삶는 경우:끝는 물에 2분간싶은후친 | "
003213,12,2024-01-12,0,0,0,anded
003233,12,2021-09-21,0,0,0,어금은 구멍떡 | 양념을가~독 | 크림템리이 | 백종원의 | 11:28 | 21.09.21 | THEBORN
003259,12,2022-02-10,0,0,0,N | 2 | 2 | 2 | 0 | 0
003263,12,2021-05-27,1,0,0,"EXP:2021,05,27 YP100 | ) | Cookies | Chocochip"
003274,12,2021-08-20,1,0,0,Best Before 2021/08/20 | 트랜스지방 1.5g | ※냉장※ |   1ong7% | LDPE | 정mg   | 영양정보 | 100g당 323kcal | 비닐류 | 총 내용량 110g | 91310288603628
003280,12,2023-07-31,1,0,0,"-5152717 | 31/07/2023 | telice | 500g e | Kx | od Operator ne 1eais | we conteclato ar 1898 | ura UE/EU Agnoure | K09 | PP | 40 | 영양정보 | 1.73410a | 1390 | www.gediood.co.kr | sche deegwaren van harde | 보장재철 | 유형기한 | eet gluten),aqua | 보장직업장추소 | he simola de tigo cuo bo | BITB0009 1898 | 제조사 | PASTIF"
003286,12,2021-08-06,1,0,0,까지 | 부터 | 05:16 | 21.08.06 | 21.03.07 | HACCP | OTHER | 609053 | 1019 | W4800 | 희망소빙자가격 | 05027 | 하 | 0 | 9 | 생 | 의교환장정기 | m9 | F | 100 | 하고통이
003303,12,NONE,1,0,0,※자세한 사항은 제품설명서를 참조하세요. | 080-9773308(수신자부담) | 구입문의 | 정보를확인하실 수 있습니다. | 관리번호를 입력하시면 건강기능식품의 | 중성지방 수치가 걱정되시는 분 | ww.tou.kr에서식품이력추적 | 유통기한 | 부족한 운동으로 혈행 건강이 걱정되시는 분 | 까지 | 인스턴트 식품섭취를많이하시는분 | ·제조번호: | 많으신분 | 식품이력추적등록번호(7719620)+유통기한 | 육류위주의 식습관으로 지방질섭취가 | 건강기능식품이력추적관리번호:건강기능 | 이런분께권합니다!
003318,12,2021-10-20,1,0,0,녹차크림쿠키 | Franzzi | GREEN TEA CREAM COOKIE | 달공프란찌 | Dalgom | EXP:20210.20
003327,12,2024-06-05,0,0,0,"DERIV | B62 | TOEFRE | 802 (29) | ""NOSIGNG | NET WT | IA | WOUTA | 0 | MALWT | 180 | CALORES | HORMONE | NO rbST | LSTYLE | FOUREACESR | Mexican"
003337,12,2021-06-01,1,0,0,"4Es 5m0 08 | 영양정보 | 인상이 발생할수 | 202M6/01 | 하습니다도 | 해결기준에의거 | Best Bei | 본제품은 소비자 | 부정,불량식품 | Product of China | 건조하고 서들한 | 클리프로필렌 | 11n BUild D N.1-7&8, Jn | Technology Co., Ltd. | 돼지고기함 | 나트륨착색료 | Manufacturer:Guangdong Fuwei Health | 0.4%,사과산착 | 사과주스농축 | 오렌지향-포도드 | 나트륨착색료(스 | 사과산,착색료 | 변성전분,구연 | 시럽"
003339,12,2022-01-24,1,0,0,N305 07:09 | ERNZDARS | 24/01/2022 | ENPROTECNVEAMOSE | l pules. | hgediens Ois salt | Best before /lot. | GREN PITE SPIYOLIVES | inttolmwatr.co.kr | 수있습니다. | 공정고시소비자분쟁결기준에의거 교환 또는 보 | OTHIER | ·부정신고는 국번없이 1399 | ·포장제루미능 | '비닐류 | 한구입처 및수입업소 | 사:이/MAMAOLIASRL | 저드시기바랍니다 | 내용량:30g
003342,12,2023-12-30,0,0,0,SPECIALITA ITALIANA | CANNELLA | NEL187 | LEONE | CASA FONDATA | 30 12 23
000026,13,2025-11-13,1,0,0,까지 | 2025.11.13 | 소비기한 | 992593 | 809486 | 에 따라 다를 수있습니다. | 1일 영양성북 기준치에 대한 비율 | 11g | 단백질 | 콜레스테를Omg | 5g | 포화지방 | 18.9 | 239 | 달콤
000032,13,2026-03-22,0,0,0,1:4
000033,13,2026-06-17,1,0,0,"까지 | 26.06.17 09:29 F2 | C LOTTE | PEPERO | 1.77 | 1,660"
000035,13,2026-08-17,0,0,0,248 1043 | 2026.08.1717
000037,13,2026-07-17,1,0,0,22:59단팥F3 | 2026.07.17 까지 | 조리예
000039,13,2026-05-26,0,0,0,2025:05.26 1지 E | 할인 | 가
000041,13,2025-10-11,0,0,0,제투A2 | GOOD TODAY | e | 2 | 9 | 10: 52DWEHB25 | O | 2025.10.110
000048,13,2026-06-12,1,0,0,26.06.12까지F111401:33GB | 160 | 아기절병 | 한이야기
000049,13,2026-03-01,1,0,0,까지 | 기한 | 2026.03.01/ | 부터 | 소비 | 2025.09.02/21±35 | 2브리우니 | ket o
000054,13,2025-10-08,1,0,0,"0.56%,7 0.쌀가루050 | 가25.10.08까지E이영자 | 신비기한 | 미니 꿀호떡"
000065,13,2026-01-12,1,0,0,"소비자중 | 탐지분 22%,코아말10 | 부드러운핫초코 | 풍부한 우유맛이 더해진 | 달콤한 핫초코에 | 2026.01.12 04:52 | 핫초코마일드"
000078,13,2025-06-19,0,0,0,"2025.0619제조 | 대한비울(은2.00ca기준이므로개인의필요열량에따라다를수있습니다. | 8809781203 | 5mg 미만2%단백질1g2% | 포화지방0.6g4% | 3%트랜스지방0g | mg 27%탄수화물59 g 18%당류18g 18% | OTH | 식용의약침원편회 | 100 g당 270 kcal | HACCP | 보 | 안전관리인증 | 총내용량300g | 대두,밀,토마토함유 | 국산)변성전분),과·채가공품/ | {토마토,정제소금,구연산]"
000083,13,2026-07-01,0,0,0,20.07.01 A | 파인애플 | 롯샌 | 상금달콤롯데샌드 | 행사상품
000113,13,2026-01-16,1,0,0,니다. | 식감이살아있는 | 이미지사진 | ed Radish | 랭이무침 | 담을 | 2026.01.16 | 소비자다 | rand
000114,13,2026-02-28,0,0,0,R | o | 2026.02.28 | - | 2
000119,13,2026-08-24,0,0,0,: | 10FI | 2025:08.24
000120,13,2026-08-25,0,0,0,2026:08-25
000129,13,2026-01-09,1,0,0,보관 | 렌지오일 | 우바확 | 정제수 | LTD | 5678 | 380- | 원 | 소비제 | ①×⑥당신이 스마트컨슈머가되는길 | 이것이 노브랜드의 ①× 이념과 철학 | 가장최저의 가격대를만드는것①×⑥ | 최적의 소재와× 제조방법을찾아 | 2026.0109
000130,13,2027-02-05,0,0,0,22:41 | 27.02.05
000131,13,2026-08-05,0,0,0,'
000194,13,2027-04-23,1,0,0,로즈마리 100 | 로즈 | 리안허브믹스 | ROS | RBMIX | LLAN | 까지 | P | 2027.04.23 | COCK | 품목보고번호 | 200902751783351 | 원재료명 | 로즈마리 100 키 | 339 | 내용량 | 소비기한 | 하단표기일까지 (년일) | 200-5678 | 관매원 | 세종대로7일7준록동) | 유통전문 | 352 B106BRTE108호 | 제조원 | 유천신건조제
000206,13,2026-05-08,1,0,0,"까지 | 16:38 | 2026.05.08 | B | ·소비기한: | 15/0정 | -1 | 853607 | 3,580 | 3,580 | 몬드카레(순)1159 | 100 3113원"
000217,13,2027-03-08,1,0,0,"714023451 | 까지 | 27.03.08 | 14:06 | K4 | 라벌: | 마개LDE | HDPE | 및 명칭 KS H 2102(콩기름) | 수거하여 재활용합시다. | 한국식품연구원 | 의거 사용 후비용기와 마개는 분리 | 콩기름 | 의겨,황  봉상 받을 수 있습니 | 식품연제2010-17호 | 람은 소비 자 장해결 기준 | 불량식품 신고는 국번없이 | 구입처 또는 영업소 | 소비자중심 | 야름에날을 지 부정 | 용기-PE 마개-PE | coH | 야 줍니다.-가열되었거나 불이 은 | 서해대로 140번길49 | 술수사했으니"
000219,13,2026-09-07,1,0,0,김상규B | 2026.09.07 까지
000227,13,2028-09-17,0,0,0,2 | 지 | VDA4 | 14:45 | 2028.09-17:5 | 사용 | 길수있으나원로  | 유래임 | 하고 두가을 말아 | H시피를 김보세요 | 아 어 사용하십시오 | 오기식를용한 다방한 | 개봉시 둥근고리에 손가리을가원 | 따라피해 보상 | OKitchen | 풍산단로 | 회사 오뚜기 | 2050232042 | 틸렌테레프탈레이트 | 14% | 케센스 | 사과농축액중국년발 | 습니다. | 0012kcal | 영양정보 | 총 내용량900m
000228,13,2025-10-20,0,0,0,7 | PL | 100% | 전A2 | 2125:19.20
000244,13,2026-06-21,1,0,0,까지 | 부터 | 2026.06.21 | 2025.0.22002
000252,13,2026-07-09,1,0,0,2026.07.09 | 12026.07.0 | 소비기한
000257,13,2025-12-10,0,0,0,2025.12.10
000295,13,2025-11-08,0,0,0,"팔른칠킨에 시즈닝 1봉 | 튀긴팝콘 치킨 | 2. | 기타가공품 | 국내산닭가슴살을바식하게 | 말레이시아 | 진짜치즈시즈닝! | 인산나트륨, | 1.고소한 치즈로 진하게 맛을 낸 | 분,백후추 | (팔올레인유 | 이렇게만들어서 더맛있어요! | (밀:미국산), | 팝콘치킨달콘치즈맛 | 푸디버디 | 매원 | 산대로78길 332 | 가치를 올려요. | 관 | 푸디버디가 입맛의 | |즈맛시즈닝7g | 유요한 | 탈콤치즈맛 | 2025.11.08 A2"
000296,13,2026-07-28,0,0,0,H지 | 달구별 | 달구벌명가식품 | 2026.07.28
000301,13,2027-04-09,1,0,0,2027.04.09 | 소비기한 | 078 | OTHER | 0.%
000315,13,2026-07-19,0,0,0,2026.07.19
000334,13,2026-03-15,1,0,0,사원한동치육수 | 산겨울무록 닭가 | DC5 | 03:41 A1609 | 2026.03.15까지 | 냉장보관/소비기한
000340,13,2026-08-11,1,0,0,A7-F2 | 26.08.11까지 | OPEN
000342,13,2026-06-22,0,0,0,2026.06.22
000344,13,2026-08-04,1,0,0,조리방법 | 구운주먹밥 | 소불고기 | 까지 | 2026.08.04/1918 B | wave | eet | 200'C
000359,13,2026-06-16,0,0,0,
000361,13,2026-12-19,0,0,0,학유 | 4%) | 양남베이 | 서울특별시 중구 충무로 2 | 포장재질(내면) | 포항시남구 장기면 동해안로 3296 | 플리프로필렌 | 품목보고번호 | 19840533005114 | 맛을낸비법장즈림소스 | 6가지국산야채로 | 샘표의깊은간 | 사랑받는 | 국산화리 | 70년간변함없이 | 아뜻칼칼럼 | 싸싸 발도둑 메추리알 장조림은? | 즉쓱싹싹 밥도둑! | 해치우게하는 | 깍짝할새에밥한공기 | 샘표
000372,13,2026-09-15,1,0,0,"해론 | THER | 품목보고번호 | F4)19920308038155 | 비닐류 | 소비기한 | 상단표시일까지 | 포장재질 | 행복한하루 | 없.정성을 | 검정찰현미,정제소금,넥스트린 | 고싶은 | 원료명 | 즉석조리식품 | 유형 | 오즈키친 동지팔죽 | 제품명 | 미로개인의필요당에 따라 디를수있습니다 | 까지 | 단백질16g 29% | 포화지방2.7g 18% | 2026.09.15.F4.15:21.5 | 소비기한 | 7g 13% | 탄수둘92928 | -네오탐(이료) | 495×cal | 첨가 | -아세설감 감이이스참임이 | 45"
000375,13,2026-05-31,1,0,0,"이시아 인도네시아등) 참기 | 국산),새송이버섯, 전복살(외국 | 아루마니아 튀르키에), 페 | 2분 | 2분 30초 | 1000W | 700W | 정제수,멘쌀(국산) 참고둥살와를 | 고 아래 기준에맞춰 조리해주세요 | 소재지 | 부산광역시 사하구 다대로210 | 레인지에닿지 않도록 상단을 접은후, | 업소명및 | 씨제이제일제당주식회사/ | 우치상단'안전 절취선'을1/2 정도개봉하여 | 420 g | 내용량 | 2 | 발레인지조리시 | 식품의유형 | 즉석조리식품 | 한반 전복내장죽 조리방법 | 제품명 | 전복내장죽 | C지 | 전복"
000379,13,2026-09-05,1,0,0,"구연산,구연산실 | 원재료명 | 소비기한 | A조업소 | OTHE | 내용량15g (60kcal) | 캐디류 | A용유 | 계품명 | 5069351 | 930117 180 | 2.13 | 1804973306914 | 050926 | 소비기한: 읽는 법 (일월년 순)BEST BEFORE: (DDMMYY) | 기준이으로 개인의 필요 열량에 따라 다를 수 있습니다. | 1일 영양성분 기준치에 대한 비율(%)은 2,000kcal | 콜레스테롤Omg0% | 단백질0g 0% | 지방0.6g1% | 트랜스지방0g 포화지방0.4g 370 | 3a"
000384,13,2026-09-08,1,0,0,HACC | 까지 | 2026:07.08 | 2025.07·09제조 | BRONOIR | 소비기한
000394,13,2026-04-14,0,0,0,"2026.04.1471 | 315:53 | 인증번호Gi-2-01679 | OTHER | 기닐류 | ACCP | 128 | 818E-1045172883 | 녹색인증 | 민 대풍사 | 성구 | 다있다! | 오뚜] | mall | 온뚜기 | 대 | 1일영양성분 기준치 | (%)은2000kca | 기준 | 더끝여 완성합니다 | 간 | 8 | 15% | 단백질 | 팽이버섯을 넣고2분 | mg | 콜레스테롤 | 0% | 쌀어준비합니다 | 4분간 | 감자,애호박을 넣 | 6% | 0.9g | 노하지방 | 끊어오로 | 뚝배기에물양 | 박두부 | "
000402,13,2019-04-28,1,0,0,후 | 제 | 자 | 소비 | 자 | O | 품 | 변 | 전자레인지를 사용 | 인전자레인지 | 브량 | 국번이1399 | 쇠고기를 | 사용한 제품과 | 오 | 기간냉장본관신 | 변질될있수있의나주의하십시오시이제 | HER | ∞ | 고객행복센터080-850-12001666-5471(자)di.c | 이 열개인의 필요 열량에 따라 다을 수 있습니다. | 1일 영양성분 기준치에 대한 비율(%)은 2.00KCal | 콜레스테롤45mg 15%단백질10g 18% | 지방 22 9 41% 트랜스지방09 포화지방 8 9.53% | 나트륨 830m
000419,13,2026-08-05,1,0,0,알레르기 정보 없면 확인 |  759 400Kca(19x | 보관 | 총코코아분말6% | 직사광 | EASY C | 토마토 | 주청우 | 식품 | 지방 10g 19 % | 영양정보 | 2026.08.05Y | E2 | 소비기한 | EASY CAP 여는법 | 웨하
000422,13,2026-06-09,1,0,0,"4,780 | (리운)와이트아임2849 | 맞있는 약속 | 까지 | azelnul | 2026.06.09 | 2025.09.10 A5 | 화이트하임 | CROW'N | 아이트하의 | 바이트하 | 화이트 | 화이트하"
000424,13,2026-03-28,1,0,0,"11% | 8953% | 고객상담 수신자요금부담 | E | 이정에서 동입하게 만들가는 어습니다. | 울V보리인 | 나 | × | 212A08 최국화227 | 2026. 03.28 까지 | 8 180104136078 | HACCP | 01850 | ·반품본사및 구입한곳 | 식품신고는국9 | 비자기본법에 이거 | WIEAT | 개봉후바로드십시오 | 보고번호 | 19720154001-48무) | 20010549541-20(구01), | 포장재질 플리프로램 | 소비기한 | 후면표기일까지 | 함유 | 풍미유 | 원재료명 | 제품명 | 매문새"
000426,13,2026-12-26,1,0,0,2026.12.26 F3 | 까지 | 소비기한 | 콜레스테를 Ong 0% | 단백질5.489 | 10% | 지방 0g 0% | 트랜스지방0g | 4 7939ng940% | 09 | 영양정보 | 10om93kal | 홍일홍게맛액젓은
000430,13,2028-02-01,1,0,0,2028.02.01 CB | 을 연암을금로42 ·소비자상담할 | 9 | 무하고시늘한 장소에 보관하십시오.개봉 | 보관상 주의시사항·습기물취물을 | 프로필린·소비기한:제품 별도 표기일까 | 50g포장재길 | ·원재료명:인스터 | 명:해이슬닛향커피 ·시품유형
000433,13,2026-08-05,1,0,0,zenmall.com | 제15800247호 | 인증번호: | PP | 까지 | 2026.03.05 | 소버기한 | 1523072106 | 보고회20 | 나남도해남군 계곡' | 공장: | 내운길80-23 | (주)티젠 | 제조원 | 실온보관 | 내포장:폴리 | 프로필렌 | 포장자질 | 일치료명 | 유기농 녹차 100%(국내산) | 50g | 4응량 | 고형차 | 식품유형 | 제품명 | 유기농 가루녹차
000456,13,2025-12-26,0,0,0,"√ | 100%22g(75 | √ | 국산김| | 전장김10 | 조리예 | Roasted Gimbap Laver | 김밥김 | 군 | 명장이엄선환원초로잘터지지않는 | 양반 | v Sales No 1[an, 20/8-Mn, 2024 | NO. | 양반김 | 제조20250.7ngWOno | 대한민국 | 소H2025.12.26A | 2018년1월-2024년6"
000473,13,2026-05-21,0,0,0,26 | 8 | 0.4g | 9g | 과자(유탕처리제품)460g(694kc | 0 | 8%1 | 20% | 16% | 32%10% | 30-08990663 | 디자인등록번호 | 싱표등록:제1211530호 | 스터용·단백질 | 포화지 | 라들이 | ORIGINI | 고소함이 가득 | 12봉지도! | 쓴디
000477,13,2026-07-21,1,0,0,"까지 | 2026.07.21 | 8 | 80106200952 | http//ww.lttewelfood.com | HER | 롯다웰푸드 | 080-024-6000 | 1닐류 |  고객지원센터 | 중량에는 차이가없습니다 | 비봉지가 나오는 경우가 있으나 | 0% | 삼키지 않도록 주의하세요 | 백질0g | 0% | 클레스테롤Omg | 로민클디)혼합식용유 | 0% | 포화지방0g | 수치자청색소심황색소프 | 트랜스지방g | 향료전문,합제제(정제 | 윤재로 | 0% | t방0g | 조절시산도조제,향료 | 121% | 당류121g | .94"
000480,13,2026-06-04,1,0,0,"롯데웰푸드 | 까지 | 2026.06.04 | 개인의 필요 열량에 따라 다를 수 있습니다 | 기치에 비(%)은2,00 kca | 9 | 2% | 0% | 0mg | 8802259/021360 | 0% | 지방0g | 0% | 205 | http://wwwlottewellfood.com | (수신자요금 부답) | 0 | 객지원센터080-024-6060 | 33g | 10% | 0% | 1일 영영성분기준치에대한비율 | 3 | k | 1갑(50 g)당95 | 총내용량 300 g(50 gx | 정보 | 감로 | 리드십시오 | GK | 30"
000485,13,2027-09-17,0,0,0,JUST
000494,13,2025-12-12,1,1,0,"COORIECRBAM | 소비기한 | 2023: 12:12A2 | 2025. 06.13부E | 제조일 | 쿠키앤크림 | 스해태몰에서 간시사 | 자연을 푸르게 환경을 깨끗이 | HAITAI | 오에스 | 흐태 | 호태3 | 후레시비리 | 2,780 | 식물성크림 0.06% | 아원3.kca | 360 o(1740 kcal) | 12개입"
000495,13,2026-02-19,1,0,0,"1399객:(화)080-023-5700(문자1522-4002·반처:본사 | 818011171555719 | :제움의신선도 보촌을위해 질소충전 하였습니다소비자기본법에 의한 피해직사광선 | ·땅콩,호두,토마토,돼지고기,쇠고기,닭고기,오징어,새우,게 조개류(로홍합)혼입가능 | 밀,달길,우유,대두,복숭아 함유 | 잔탄검 | 독숭아생축액(이스라엘산), 국색소향료2종, 혼합제제(포도당, 향료),향료제제(향료, 구연산) | 혼합제제(탄산수소나트륨, 산성피로인산나트음,깔가루 푸마르산), 조제크림분말 구연산, 식염 | 기한 | 까지 | 테르,글리세"
000498,13,2026-03-07,0,0,0,"218501257 | 2026.03.071 | 1,500 | www | 08"
000499,13,2026-05-13,1,0,0,등 | 대한민국 장류 | 해찬들 | 제일제당 | S | 사계절 쌀장 | 1듬 | 갖은 양넘으로 쌈맛을 살린 | 해찬들 | 제일제당 | 15:58 | 2026.05.13까지
000518,13,2026-09-14,1,0,0,EdaH | 26.09.14 까지F2
000524,13,2026-06-18,0,0,0,18/06/2026 | L-169 13:35
000525,13,2027-09-08,1,0,0,"까지 | 15:33 | 2027.09.08 | 으보 | 지을한은보관광이가 | 080-254-6580 | 24상담실 | 충남 논산시 성동면 산업단지로 3길 28 | 소제지 | (주)대상다이브스 | 업소명및 | [딸기 80%(국산)설탐]아미드펙틴,구연산 | 설남,딸기퓨레38 %(국산),가당딸기 15% | 장자실내면용기-유리,껑-철,폴리염화비닐"
000547,13,2026-05-28,1,0,0,대지(며) | 파우치/캡-폴리에틸 | 반품 및 교환장소 | 전국판매점 또는대리점 | 품목보고번호 | 20020464088-190 | 소재지 | 연무읍 죽본2길 16 | 씨제이제일제당(주)/충청남도 논산시 | 업소명및 | 후면 상단표기일까지 | 소비기한 | 혼합장(살균제품) | 식품의 유형 | 궁중식 쇠고기볶음고추장 | 제품명 | MA5 | 2026.05.28 | 13:57
000550,13,2026-05-29,1,0,0,까지 | 2026.05.29(B) | 소비기한 | 8180929858146 | 라벨:PP | 캡:철 | HACCP | 스레를 mgg | 9% | 7% | 단백질5g | 2% | 포화지방 1.4g | 회24.89 | 8% | 트랜스지방이g | U 4ngg | 229% | 지방4g | 기준치에내입 | 1일 | 총내용량당 | 일영양성는 | 10당1k | 양정보 | 총내용량330
000561,13,2028-08-07,1,0,0,"////www.dongsuh.co.kr | 뚜껑;PP | 8 | 8010371000382 | 유리 | 병에 붙은라벨은 따로 분리하여 배출하지않으서도 됩니다. | 까지 | 유혜원인천 | 기한28.08.07 11:46 | 소비기한 | 라이선스 하에 사용됩니다.•질소충전 | MAXIM은 몬델리즈 인터내셔널 그룹의 상표이며 | 국번업이 1399 고객생담실 080-023-9114 | 피해를 보상해드립니다.부정,량식품 신고는 | 소비자기본법에 따른 소비자분장해결 기준에 따란 | 지점및 다리점에서 그하드립니다.이제품은 | 보관하세요유통과정서 변"
000570,13,2026-05-20,0,0,0,H스S | 10S  | 2026.05.20 TAA
000572,13,NONE-10-15,1,0,0,10.15까지 | 13:56 | ILDONG 일둥후디스 | 2 | 홈페이지: ww.toois.om | 다를수 있습니다. | 콜레스테롤31mg | 10 | % | 트랜스지방 0.5 9 | 나트륨 115mg 6% | 탄수화물 | 89 | 영양정보
000573,13,NONE-10-22,0,0,0,"연출된예 | (0~10°C) | gx4 | 복숭아6%,프로바이오틱스0.00142% | 냉장보관 | 유산균 | 개입 | 프로바이오틱스 | 320 g (288kcal/80gX4컵) | 8억마리 | Peach Yogurt | GOOD TODAY | 복숭아 | 떠먹는 요거트 | 오늘 하루 요거트 한스푼 | 10.2AN"
000576,13,2026-05-21,0,0,0,풀무원 | 박순이 | 생산담당 | 2026.05.21 | 202.06.22 | 제조입자오 보사 간하세요
000581,13,2026-02-25,1,0,0,OT | 비닐 | 기한 | 2026.02.25 까지 B | 소비 | 처 및 고객만족센터·부정·불량식품 신고는 국번없이 1399 | 준에 의거 교환 또는 보상 받을 수 있습니다.·반품 및 교환장 | 주의하십시오!·본 제품은 공정거래위원회 고시 소비자 분쟁 | ·제품에 충격이 가해질 경우 내용물이 파손될 우려가 있읍니 | 즉십취되가 쉬운 제품이므로 개봉 후에는 가급적 빠리 등십시 | 옥시 개식하 시가 바랍니다.조스는 이산화탄속출적포장하였 | 곳에 보관시 실산연에 세할 수 있는니주의하십시원 포장하였 | 곳에관받하 십시오-제플내 방습제는 
000596,13,2026-08-13,0,0,0,2826:18:13.81 | 2U5.U8. | 부터 | 연출된 이미지입 | 식품의약품안전자 | HACCP | 안전관리인증
000611,13,2026-07-20,1,0,0,"기한 | 2026.07.20 B | 빈 | 깨끗이 분리수거 하여 재활용합시다.소중한 자원,깨끗한 환경 | (수신자요금부딩) | 주이므로 개인의 필요 열량에 따라 다를 수 있습니다. | 080-019-9119 | 영양성분 기준치에 대한 비율(%)은 2,000 Kca | 4% | 단백질2g | 0% | 콜레스테롤0mg | 0% | 포화지방0g"
000613,13,2026-05-28,1,0,0,13:47 | 2026.05.28 까지 | 고객상담실:080-024-23수진자요금문 | 보관·사용 전 흔들어 주세요 | 신고는문
000617,13,2026-07-11,1,0,0,"평거래위원회 | 자중심 | 까지 | OTHER | ccm | 비닐류 | 2026.07.11.B | 소비기한: | DAESANG | 신자요금부담) | http://w.jungoneshop.com | 소중한 자원 깨끗한 환경 | htps://www.daesang.com | 담실 | 분리수거를 생활화합시다. | 하는 향신료 줄기이므로 | 안심하고 드십시오. | T,이미를"
000619,13,2026-09-15,1,0,0,까지 | 2026.09.15 | 11:06 | 의요 열량에 따라다를수있습니다. | 다기으로 | 콜렉스테롤 Omg0% | 단백질2g4% | 00%랜지방g 포화지방 g0% | UE룹46ng 239% | 탄수화물41 g13% 당류18g 18% | 9 o T70 Kcal | 영영이소
000642,13,2026-09-01,0,0,0,36% | 트랜스지방 | og | 지방 | 23g | 43% | 당류 | 21g | 21% | 탄수화물 | 65g | 20 % | 글리 | 나트륨 | 150mg | 풀설 | 8 % | 기씨 | 100g당 | 기준치에 대한비를 | 388 | 일 | 영양정보 |  10 5scal | 총 내용량 4008 | 범블 | ee | 215.3.81
000649,13,2027-04-07,1,0,0,"품목보고번호 | 20010445055181 | 소비기 | 레라이스 | 밥 위에 없어내면 완성됩니다. | 2.을 약하게한후 오두기백세카케를 | 1골것고재료가 완전히익을때까지 | 조리방법 | 1.고기.양파, 감자 당근을 적당한크 | 근(소)60g,오뚜기식용유 2(25) 7 | 재료(4인분) | 오기세카100,고고기지고기고 | KSE CURRY MILD | 로즈마리,월계수잎등을 | 오뚜기백세카레는 강홍 | 순한맛 | 아레 | ""더 맛있고 잘 | 10 | 2009K | 04.0그관진"
000650,13,2026-08-05,1,0,0,10:49영양F3 | 2026:06.05까지 | 단백질 10g 18%
000653,13,2027-01-19,1,0,0,사용기한 | 2027:01.19 | 제조번호 | 08474B
000657,13,2026-07-27,1,0,0,2026.07.27까지 | 24 | 13g | 7% | 질 | 18mg 3% 25mg | 스테를 | 17g | 19 4% | 화지방 | 89 | 렌스지방 | 3% | 17g  | LT
000674,13,2026-06-02,1,0,0,LT5 | 까지 | 기한 | 소비 | 26.06.02 | 의원 | 개(190 g)가 | 단백질11 | 난소화성밀 | White | 백미 | Oats | 귀리 | 연미
000705,13,2026-06-29,1,0,0,"김상규 B | 2026.06.29까지 | 소쇄기한 | 고객만를수신자요금부담08-90-333 | 냉장보 | 고드셔도된 | 다·사용 직전층분히들에사용하시기비랍 | 개봉 | 시고개봉 후에는 잘밀통해여 냉장보만 하십시오 | ·빈통표 | 한 본사 공장,영업소 보방법 직사랑선을 | 한불해드립니다·부 불랑시풍 신고는 국권"
000719,13,2026-04-04,0,0,0,흔들어 드세요! | Shake it! | 102771 01:57 LJH | 2026.04.04 | ~ㄷH7 | X
000720,13,2026-02-28,0,0,0,어메이징 오트 오리지널 | 놀라운 맛을 위해 흔들어 주세요 | 700mg | B-GLUCAN | 2026.02.28 | F2 H 16:37
000722,13,2026-08-04,0,0,0,
000727,13,2026-06-22,1,0,0,"5분(700W 기준)데워드세요 | 씌워 | 전자레인지용 덮개 또는 | 5분 | 전자레인지용 용기에 분은 후 | 전자레인지 이용시 | ,쇠고기미역국 | 하고 맛있게 | 준) | 사골로만 고아 | 까지 | RKK4T | EASY CUT | 간편하게 뜯우세요!"
000737,13,2026-03-04,1,0,0,·소비기한2026.03.04 | 까지 | 81 | 809668 | 040258 | FREE | HACCP | sugar | 있으니사용후잘닦아주세요 | 부정분량식품신고번호는국번없이 1399번 | 조버바자상담실: 032-873-272 | (합상향 | 에리스 | 소비기 | 내용량
000741,13,2025-12-03,1,0,0,마늘98.4%(국산)2 | t)20gkal | 엇 | 다진매 | L | 플무원 | 국산 | 25.12.03까지 | Pulmuone | 25.08.04제조 | 제주
000745,13,2026-01-10,1,0,0,기한 | 까지 | 26.01.10T 1 | 소비. | /40c공즈/냉장제품/지62 | 모짜렐라|크림치 | 체다고다
000747,13,2026-06-22,1,0,0,"16:59 | 까지 | 2026.06.22 | 소비기한 | ※뚜껑을 처음 열때 빵소리'가 나야 정상제품입니다. | 소비자 분쟁 해결 기준에 따라 교환 또는 보상 받을 수 있습니다.소비자생담실""이 | 국번없이1399·반품 및 교환:구입처 및 유통전문판매원·본 제품은 공계 | 섭취시설사를일으수있으며,용기는가열조리용으로 사용불기합니다 | 과"
000761,13,NONE-11-11,0,0,0,메기로배출 | 영양성분기 | 12-0056
000762,13,2026-08-02,0,0,0,"20260802 | -1,000"
000763,13,NONE-11-12,0,0,0,"수있습니다 | 2.000kca | 65%)0.1% | 6g11% | 농추과집고형분 | 방4.5g30% | 원유78%,매론 | 708%92727% | 240mL/195kcal | 동랑240mL | 위해 | 195 kcal"
000776,13,2026-01-09,0,0,0,04:53F5D | 2026.01.019 | 까 | 바리스타틀스 | Rules | BARISTA
000783,13,2025-12-21,0,0,0,25.12.21#지 15SU20
000786,13,NONE-12-17,0,1,1,"서울우유 | 서울우우 | 제조일자를 확인하세요! | 신선함의 기준, | 1.…“ | 1. | 1.... | 2.1"
000815,13,2026-06-22,0,0,0,WK000
000865,13,2021-09-25,0,0,0,"1.8% | "" | 36 | FOODS | DELI | K"
000882,13,2021-06-08,1,0,0,·개통드시 상장보관 하시고 클리드시기 | 0-10't방정보관 | °30115737740 | 전행호15:31파0 | 유통기한 | 21.06.08까지
000893,13,2022-02-07,1,0,0,07FEB2022 PV 0727 2 | Fudge | Chocolate | BESTH Used BY | CAKE MIX | Betty | SuperMoist.
000903,13,2021-08-31,0,0,0,Chunks | Milk Checelate | Dark and | with delieious | COOKIES | CHOCOLATE | DOUBLE | 0 | 2 | C | EDITION | merba | L2024403-234 | 31-08-2021 | MiSU | MiSURA
000904,13,2021-08-31,0,0,0,Dark and | wott delicions | COOKIES | CHOCOLATE | DOUBLE | 0 | 9 | Merba | 스골04나금르234 | MAISL | MSUJRA
000919,13,2022-03-11,1,0,0,2022.03.11 | SAIO | 사조 | 반및환장소수입고장신장부Sj. | 1장당:000-63() | 880 039-003947 | 장·냉동보관하여주시오부장기봉작잔고 | 에는가적리사용하시고장기보관시일하 | 주의하시기바랍니다 동결건조제품은 습기에약하사시 | 부상받을수있습니다.포장지가날카로우니해공빛 소비자 | 있대소기우()우유를사용제과같은 | 유통전문판매원(주)사조대림/경기도안산시 단원구 정격면 청 | (주)프엔디 청계공장/전남 무안군 청계면 청계 공단볼과4 | 제조원 | 실은보관(직사광선을피해서늘하고건조한곳에밀보관 | 보관방법 | 
000923,13,NONE-02-01,1,0,0,아인슈타인 | 머리가 마시는 우유! | 우유 | (세균수 기준) | 생우유100%/1A등급원유성분 조정 | 아인슈타인 | 테크플로지 | 까지 | 유통기한 | 천안신 | 02.01. | 20:49.N0
000940,13,2021-10-28,0,0,0,3 | 2 | o
000941,13,2021-07-02,1,0,0,vortrla | chip | acho | MATES | UNCH | 08:17:28 | 1600741 | 20210702 | BEST BY | MATES | MATES | RUNGN | CRUNCH | OL
000949,13,2021-10-24,0,0,0,0018 | 4824000499131 | 0% | 473 | 1337
000964,13,2023-11-14,0,0,0,문비하었습니다. | 상아는다 당 | 5 | 입니다.스피게티를 | 일 리나(의에서 | STEP1. | 좋은 파스타는 은 | Fresco | L20640 | 04 | 2023/11/14
000967,13,2022-10-17,1,0,0,WWW.NOKCHAWON.CO.KR | 까지 | 유통기한 | 2022.10.17 | 분쟁 해결기준에 의거 교환 또는 보상을 받으실 수 있습니다. | 곳에 보관하십시오본 제품은 공정거래위원회 고시 소비자 | 호두밀. 토마토 복숭이를사용한 제품과 같은 제조시설에서 | ·부정·불량식품 신고는 국번없이 1399·본 제품은 땅콩 | 소비자상담실:02)597-3949 | 경기도 안성시 대덕면 모산로 433 | 공장소재지 | 소재지 | 본사:서울시서초구서초대로4길84 | 녹차원|쥐 | 업소명및 | 2011036047233 | 품목보고번호 | 본
000973,13,2022-12-02,0,0,0,식유형 | LOCALeHONEY
000981,13,2021-08-08,0,0,0,Rouno | Great fo | THICKE | RiCpS | 00:44316 31 | 2021 0808
000984,13,2021-08-20,1,0,0,Herbal Tea 3-52 | Black Tea2-3 | 90-100'C | OTHER | 200-250m1 | 780138 | 8*809691 | 유통기한 2021.08.20 까지 | 교환는거워원공시 |  기에 의거 |  313 | wtekreak e No.136 | 경기도부권시중동83-9757 | ()아180-37502 | 판매원 | 데고리아8(032)672-3742 | 수입/소문원 | Akbar Brothers Ltd | 제조원 | 수입원및수입처 | 반품및교환 | 건법할 창소에 보관 | 보관방법 | 플리에틸렌 | 포장재질 |
000992,13,2021-03-04,0,0,0,AEERING | 0-5618 | FG-2G1-A#10a | R09615 | 14173-D | OLMAND. | S:MIACIN. | DMINYCORN | Bbaed oa | Vienn | source | 10% | 3 | 2.
000993,13,NONE-02-18,1,0,0,15:49.F16 | 02.18까지 | ∞ | 4본바코드
001024,13,2021-07-13,1,0,0,Best before:13.07.2021 | Use by | Imported
001025,13,2020-12-09,1,0,0,"좋깃하고 담백한 | 냉동보관 불필요 2.개봉한 제품은 변질의 우려가 있으니가급적 한번에 드심상오 | 국내산 참쌀과 업쌀 | 제품과 같은 제조시설에서 제조하고 있습니다.보관방법.1.실신온보권상 | 쌀알이 금고 깨지지 않은 | ·이제품은일쇠고기 조개류물 전복 포함,오징어새유,우유게닭고기,것을 시용한 | 포장재질 나인폴리프로필런 품목보번호 1995022705019 | 끌여 재르 본연의 맛이살아 있는 | #통방식 길은 맛:모든 재르를 한번에 넣고 오랫동안 저으면서 | 대두,조개류홍합포함은 | 건표고버섯 고소한풍미분말,양파농축액 | 소금북센"
001029,13,2021-07-07,1,1,0,맛있는약속 | 2021.07.07까지 | 유통기한 | 제조일 | 2021.01.08 B
001036,13,2021-10-07,1,0,0,"걸치읽로법상(PROD,)제조인 | 본관에 유통기한.에표시한 | e90 | 보관요령:직사광선을 피해서는하고 | 중량:909 82e | 플리프로필렌 | 90n5 | 포장재장 | DR38E | PP | EXP. 07.10.2021 | PROD, 07.07.2020 | 04.84,Simgapoes539 | Composite ru)MakaC.yie | 22Sn MingLane Midview Ct | (s | Dstnibute by | ww.werther-originalom | (Westalenl,ww sarnkon | Importedb.SH"
001051,13,2022-12-20,1,0,0,2022.12.20 | 유통기한 | 뚜껑:철 | ·반품 및교한장소:구입처 및제조원 | ·부정·불량식품신고는국번없이1399 | 받을수있습니다 | 분쟁해결기준에의거 교환 또는 보상을 | 본제품은 공정거래위원회고시 소비자 | 반드시냉장보관하십시오 | 보관방법:직사광선을 피하고개봉후에는 뚜껑을닫아 | 20050518017-45 | 품목보고번호 | 하단별도표기일까지 | 유통기한 | 유리(뚜껑:주석도금강판/내면:PVC) | 포장재질 | 02-380-5678 | 판매원 | (주)이마트/서울특별시성동구 뚝섬로37끼(성수동2가개)/ | 유통전문 |
001055,13,2022-08-10,0,0,0,"36 g(18 g×20개입)| 히비스커스 62.5% | 2022.08.10 | 히비스커스 | PASSION FOR GOOD TEA | TEAZEN | 2이차 | 9,980 | 9.980"
001060,13,2022-06-23,1,0,0,THE | 100 | 선추장밤치다양하게사용하시면음식의풍부한을더합니다. | 2022.06.23까지 | Glutinous Rice Powder | 참쌀가루 | 1006국산활쌀로만든 | SUNGIN | 보관시지퍼를이용하세요
001069,13,2021-03-15,0,0,0,100 | 2021.03.15
001070,13,NONE-01-24,0,0,0,"74, 오분말 0.5 바니계 1 비디스-0 이 | 1509 | 바나나& 곤약 | 칼로리는 낮지만 포만감가득한곤약과 바나나로 가법게 | 통곡물과 국내산 오곡으로 든든하게! | 든든한끼 | 불가리스 | 떠먹는 | PREMIUM | 남양 | 01.24 A | +"
001085,13,2023-10-09,1,0,0,"02843657 | 20:38 | 2023.10.09 | 유통기한 | 41043200/1007165 | 뚜껑:PP | : | 80105510015521 | 유리 | TTE-Nestle(Korea) Co., Ltd. | jark. Used under license. Distributed | 399 -Taster's Choice is a registered | -5336·부정·불량식품 신고는 국번 | 보 | 받으실 수 있습니다.·소비자상담실:08 | 시 | 소비자분쟁해결기준에의거교환 또는 | 요.·질소충전·본 제품은 공정거래위원회 고 "
001087,13,2022-06-14,0,0,0,2022. 06. 14
001089,13,2023-08-05,1,0,0,B000755 | L 03232970 | 05/08/2023 | Best before: | Aueratore contolaton 99 | Ar icolua UE / EU Agriculture | ITBI | winw falicettit | 842508681 | 3P | Pastificio Felicetti srl | felicetti | Geproduceerd in talie | antes de / Ten minste houdbaar tot eide | in italy/Produt n Itale / Producido en tala/
001098,13,2021-03-18,1,0,0,"용기PP | 냉장보관 | 8-801114 | 136838 | 리드지OTHER | 소ㅂ산칼륨(보존로) | 높첨가 | HACCP | 지쿠사량 | 빙초산,시키린나트륨(감미료)0~10c | 비닐류 | 252 | 무원은 고객의 의견을 존증합니다.WwMpuimuonekr·부정불량식품 신고는국번이 199 | 은정고 분기에따보을으수다고기터:-02-00 | D 산 5O | 반동인교환 본사및구입체 | 무53.9%,발효식초2.025%|230g | 싸먹는 | 두께가 얇아 | 쌈단무지 | 2021.03.18까지 | Pulmuone | 원강한 | 2021."
001107,13,2021-02-28,1,0,0,라면 | 국물 | 나면사리가 들어있어 | 15:10 | A15 | 유통기한 | 21.02.28 까지 | 안심 프로젝트 | 해물 | 4 | 해물 | 김치특기 | 김치배기
001111,13,2022-07-12,1,0,0,12:23 A 22 | 2022.07.12까지 | D12009 | HUG금부당) | 에보 | 포아 을 | 수금
001120,13,2021-12-16,0,0,0,15 | 2021.12 | 13
001130,13,NONE-02-12,1,0,0,GT | 우유 | 맛있는 | TT | 유유 | 맛있는 우유GT | 100%1등급! | 까지 | 유통기한 | 02.12.12:53.HA | 잊있는
001138,13,2021-10-23,0,0,0,CE37:47 | ERP.2081. 10.23 | Wt-= | 509
001147,13,2021-12-13,0,0,0,2021.12.13 | 2020.12.14 | 예조말 | 80
001150,13,2021-09-18,1,0,0,"Country o | (E200), Presenvative (E234), Co | L200918 | 18:22 | Milk POwder, Sat, Acidt RulatorE330 | 18/09/2021 | Water, Casein, Wey Powder, EmusiferE33 | INGREDIENTS: Cheese | ( Milk, Salt, Rennet,Chee | BEST BEFORE(DD/MM/YYYY): | Krat Singles Processed Cheese 25% Les | 2"
001151,13,2021-09-18,0,0,0,MAC | INGREDENTS: Ch | 18/09/2021 | STEOEDOIMM | Z
001161,13,2021-04-23,1,0,0,까지 | Binch | 21.04.23.09:47
001166,13,2022-01-20,1,0,0,"까지 | 2그22 | ·유통기한: | 홈플러스(주)wwhomeplus.co.k 서울특별시 강서구 화곡로 398 | 유통전문판매원 | (주)]꽃샘식품 /경기도 포천시 소홀읍 죽엽산로 35번길 82 | 제 조 원 | 내포장재질:폴리에틸렌 | 포장재질 | 별도표기일까지 | 유통기한 | 감(우즈베키스탄]왓함유 | 생강,대추:국산,숙지황중국),계피(베트남) | 이산화규소*쌍화[작약,천궁,당귀,황기 | 말(고형분 40%10%]0.7%,정제소금 | 멜색소분말 사화농축분말(고형분 5이 | 및함량 | 본드(미국산)2%, 잣중국산)2%,카라 | 원재"
001167,13,2022-01-20,1,0,0,"까지 | 2022 | ·유동기한 | 유통전문판매원 | (주생/경도 모천시소음 족업산로 5번길8 | 원 | 제조 | 내포장재질: 플리에밀 | 모장재질 | 별도표기일까지 | 유동기한 | 우즈버스지원중) | 이상 한조직의약구.점 송기 | 및 함량 | 원재료명 | 살는액상카라 대북신)2 % 아 | 6013  | 문말데스트,갈량색학논총은 | 쌍화농축혼 | 설탐,포도당,덱스트린 | 고형차내용량450g (15gX30개입) | 식품의 유형 | 20060372438444 | 품목보고번호"
001172,13,2021-09-NONE,1,0,0,www.loacker.it | 80gㅅ | BZ/ South Tyrol / Italy | >LJG081446133 | 1-39054 Unterinn / Auna di Sotto | 4gb-ED/EWul -PD | 2021.09 | Tacker | A consommer de préférence avant fin: | ufactured by/Fabriqué par /:J | Best before end: | 104mg | 21.0 | of which saturated fatty acids / dont acides grass | d'It
001174,13,2021-03-14,1,0,0,있으니유의하시기바랍니다 | Dongwon | HACCP | 바랍니다·광선에 노출된 치즈는 탈색될수 | 0-10°C냉장보관 | 한전관리인증 | ·개봉후 반드시 냉장보관하시고 발리드시기 | 8801155737733 | 전행호10:41 B05 | 유통기한 | 2021.03.14까지
001190,13,2019-06-28,0,0,0,REAE | 1 | C | (1000 kal) | 3배달호 | EO! | 고소한콩의맛 | 1kg | L | 5 | TT | 1kg | OEAEDANG | 콤직해서 다양하게 즐길수있는 | 2019.06.287IFe | 2019.06.16터AM
001191,13,2020-12-08,1,0,0,921052 | 20 | a | 00:55 | 950C | 08 12 20 | () | (D/M/Y) | 'BEFORE: | BESTI | %
001199,13,2021-10-20,1,1,0,•유통기한 | 2021.10.20 | 까지 | ccm | 2020.10.21 | ·제조일: | ∞ | 스방0 포화지 0g6월스터를0m03 단908 | 2100mg105수물28916g 지방4609 | 영양정보 | 총내용량 450g 100g 당 190 kcal |  육수영 0  | 정 |        
001210,13,2021-08-03,0,0,0,A202162 19:21 | 03.08.2021
001215,13,2021-06-13,0,0,0,게리초코크래커 | RACKERS | MD235513036016 | CHOCOLATE | UI: 00100014221200 | Gkers | Thoco | :1 | Garudafood
001217,13,2022-05-30,1,0,0,2022.05.30 L14 까지 | 유통기한 | 뉴플이스
001220,13,2021-01-14,1,0,0,2021.01.14 | 유통기한
001221,13,2021-11-10,1,0,0,철분함유7가지비타민 | 칼습함유 | 까지 | ca | Fe | Vit | 카카오 | 친구들 | '와 | 번로로 | 무첨가 | 색소·항료 | 빙그레
001230,13,2021-10-28,1,1,0,유봉기한 | 2021.10.28까지 | 있있는약속 | 제조일 | 2020.10.29제조 | CROW'N | GRACE
001236,13,NONE-01-28,1,0,0,’ | delicious | 딸기맛 | 떠먹는 요구르트 | 컨슈머가 되는 길 | 니다.소비자다 | rand' | N-T11. | 01.28. F2
001238,13,NONE-01-31,1,0,0,"균 1억이상/mL | 까지 | 유통기한 | 도 | √얼려 먹으면 더 맛있어요! | 칼습,비타민D3함유 | R역는 | 성장에 필요한 | √프로바이오틱스 함유 | (개당)비타민D31ug,칼슘55m2,포도농축액(고형분68%)0.9708포도과습으로6%)"
001241,13,2022-06-13,1,0,0,민용기는리수기하어재용합시다 | 까지 | 801075 0108 | 2022.06.13 | 유통기한 | 순창양념쌈장 |  IIL
001256,13,2023-07-03,0,0,0,EPIRY DATE:2023/073 L.18520
001258,13,2022-03-15,0,0,0,C | 15 | 2022 | '03 | 33
001270,13,2021-10-11,1,0,0,23:33:03 | 201931102 | 11/Uct/2021 | Best before
001289,13,2024-11-21,0,0,0,Dairy | Non | BED:24/11/21 | 21:57 T1
001298,13,2021-06-24,1,0,0,2020 269 05:32 | ORIGINAL | 24'062021 | CHOCOMILR TART | Best before date: | SSERT BISCU
001304,13,2021-04-12,0,0,0,※냉장제품 | 조리예 | 가공버터5%/200 d10kca) | Spreadable buh | 버터 | 발라먹는 | 부드럽게 | 021-04-12 | CHoice
001317,13,2022-12-07,1,1,0,"EMAIL IFCUTEALATEAS.COM | TEL:(+94 11) 25389278 | EA[S"" | KADUWELA SRILANKA 1OC4O | 1200328 V00 | EUABORADOY GMASADO EN SALANKA/TRARTE ET EMBALOEA SHUPANA | PROCESEDE PAKED IN SRILANKA/MBTOTOBNEH MYIAKOBAH BUPM AAHKE | 4117960041234409 | TC/E/PR/1443/995 | PROTEIN | CARBOHYDRATES | □ | SODIUM | TOTA"
001318,13,2022-12-07,1,1,0,TC/E/PR/1443/995 | 20032VO0 | 11700002 | samin | 1 | CRAAOS NETOS | HUTRITIONAL FACTS | 1.050z | AEC AETTO | NET WENGHE | 30 g/r | BATCH NO/NUMERO DE LOTD | E200340303342 | DAE DE LIMTE DE CONSOMMATION | CPOK TONHOCTM/ | EXPARY DATE/ECHA DE EXPRACION | PACKED DATE /FECHA DE EMBALAE | CONSERERDARSUNE
001328,13,2021-06-26,1,0,0,"고객상담실:080-088-1212(수신자요금부담) | 유의·조리에 안전사고에 주의 | HACCP | 안전관리인증 | 기준이으로 개인의 필요 | 1일 영영정분 기준치에 | 818010451522012 | A171 | 0402 | RAME | OITTOC | 2021.06.26까지 | 찌개류의국물과 잘어우러져음식의맛을한층더좋게해줍니다. | ·각종 | 찌를전이사리를이용모든요리잘조화되도부드럽 | ·각종 | 각종전골,찌강용 | 오뚜기 | 라면사리"
001336,13,2021-07-04,1,0,0,"폴리에틸렌 | 용기(포장재질 | 보관방법 | O'C-S’C 냉장보관 | ""우유 이산화항 함유” | 원재료명 | L7AUG:8월 SEP:9월 OCT:10월 NOV:11월 DEC-12일 | 유통기한 | 제품에 별도표시일까지(일/월/년) | 판매원 | 구르에 에프앤드비코리아(주)서울시강남구 연주로174길1(신사동,신구빌딩301호 TEL02-790-1717 | 수입업소명 | (쉬에스에이치글로벌코리아/서울시강동구천호대로1111 TEL.070-4264-7754 | 제조사 | FRESH CHEESE CO (AUST) PTY LTD | 호주 | "
001338,13,2021-06-08,1,0,0,"RS/1175517A | 76109001205820 | 2402 | CH | Emmi+ | re: | 08.06.2021 | L1001947014 | ww.emmi.com | Keep refrigerated | zerland, Emmi Schweiz AG, | t. skimmed milk powder, salt. Contains Milk | s: Swiss cheese,water, butter, buttermilk powder, | sifying salt, skimmed milk powder, salt. Contains Milk. "
001340,13,2021-11-25,1,0,0,[a | PP | o.com | ITN 2 2 33011:32 | EXP. 25/11/2021 | PROD. 25/11/2020 | Trporiunon | Mindestens | halbar bi | obno nman do/An a | N | 2 | Macca HeTTo: | 180g/r/e180l | 80 | / | 제조사 | 및소지 | 수입업소를 |     | 식름유형 | 제품명 | HeCOnbuR C | BCOICRERR | Cora a | soncnito. | Sestai | Spure | DTA | /ald orHlng K
001341,13,2021-11-25,0,0,0,AEPUA | ITN2 2 330 1132 | PROD. 25/11/2021 | PROD. 25//2020 | Macca HerTo: | 18O8/e180 | a9 | b | A11S | Sesa
001351,13,2021-06-09,0,0,0,and hagelnuts | chocolate | eombination of | delieious | COOKIES | B HAZELNUT | CHOCOLATE | DARK | 0 | 9 | E | C | N | S | EDITION | Merba | L2016203-023 | 09-06-2022
001370,13,2021-12-03,1,0,0,are printed on the package. | u e nest efore | (Day/Month/Year) | Best Before: | 44362101H11 | 2021.12.03 | Production Date:
001379,13,NONE,0,1,0,054-763-7717 | 비에틸렌 | 포장일자 | 별도표기일 | 구입처 (추 북경주시강동강동산단로길80 | 구입처 및 판매원 | 대구농산(주)인천광역시총구인종로176904 | Superfood | 자연의 신선함에 깨끗함을 더하다 | GFARm | 2021.01.22 | 포장일자
001387,13,2021-07-17,1,0,0,93163890095671 | Best efore (/M/Y):17/07/’2021 | Net weight: 125g REG.EST.N.1975 | 8111919 | www.lactalis-international.com | 의거교환 또는 보상받을수있습니다. | 이제품은 공정거위원회고서소비자분쟁해결기준에 | 콜레스테를0mg 0%단백질 11.10 20% | 사용한 제품과 같은 제조시설에서 제조하고있습니다. | 지방 40g 74%트스지방2.19포화지방27.80 185% | 바랍니다이제은우루방트리이산을 | 나트름 625mg 31%탄수화물
001396,13,2022-11-01,1,0,0,"보리100%1침출차 | 2022.1.01 | 10gX20T) | 품질유지기한 | 무표백제 티백에 담았습니다 | 산보리차 | 구수한100% 국내산 유기농 보리를 | 정성스럽게 고르고,볶아서 부드럽고 | 크유기농"
001398,13,2021-07-23,1,0,0,"폴리에틸렌 | 표장)재질 | 보관방법OC~-SC냉장보관 | ""우유,이산화황 함유 | 원재료명 | 메타아화산보즈(보십아본드가구 소브산합물(보테지터플경합수요도당구아경진탄) | 쿠루이장은(보큰로),구(살구,가루 무수아학산(보존) 건부건 | 크림치즈[우유크림(우유)정제소금로커스트콩검,구아경,배양에건파파이(건파파설렇 | JUL7월AUG:8월SEP:9월 OCT:10월 NOV:11월 DEC:12월 | 유통기한 | 읽는법:(예) JAN:1월 FEB:2월 MAR:3월 APR:4월MAY:5월 JUN:6 | 제품 윗면(밑면)에 별도표시일까지(일/월(영"
001403,13,2020-09-29,1,0,0,820844 | 까지 | 801007 | 8 | 1541 | 특당호덕익스 380 | HD | 우통기한 | 기전 | 발가이 끌적일 수 있어 식용에 바크거나 가무 려주세요 | 2 에어프라이어에서 180C 10~15분간 구워주면 완성! | 1 반죽에 쟁믹스를 넣어 동그렇게 만들어주세요 | 호백볼 | 3에어프라이어에서 180만 1~15분간주워주면 완성! | 돌을말아준 적당한 크기로 붙어주세요 | 2 | 반줄을밀대로 앞게 퍼준후 먹스를 공고루 루려주세요 | 1 | 궁몰 | 어프라이어활용법 | 더구워주시면 맛있는 호력이 완성됩니다. | ~구다
001404,13,2021-01-27,1,0,0,"산한 을 보 입니다다 | 16Ck | 12973 | 요만드수있니다. | 0 |  등어 | 영양정보 | 05694% | 0~30분정도 숙성 | 영양정보 | 100 o60 eal | 0m어충문하 | 총 내용량 7509 | 까지 | 국수가원생니다 | 14:38 김영재 B-1 | 널고학,자 | 등의재료로만든 | 2021.01.27F1 | 적당한으로 | 유통기한: | 제조합니다. | ·이제품은 대두,우유활 사용한 제품과 같은 제조 | ·초리시 기름이 튀어 화상을 입을 수있으니주의 | 받을 수 있습니다 | 가루입니다 | 주 | 백 | 100%"
001414,13,2021-07-23,1,0,0,기한 | 유통 | 03:17B10 | 까지 | 부터 | 6 | 1SO11760403 | OTHER | 니다. | 비널류 | 투이므로 | 1일영8기 | 단백질28 | 플레스0 | 화지방4.3 | 트랜스지0 | 지방11 | 180인 | 416 | 나95mB | 영양정보
001419,13,2021-07-18,1,0,0,130gx4개입 | NRRD CIR | BS S20o13004:4KC0 | BU(ASSORTEDRUODNG | 식세위생에 의한 표사사항 | 564861800227 | Strawbery Pudding | Melon Pudding | Mango Pudding | EXPIRY DATE:2021-07.18 | Assorted Pudding | THOMYAM
001450,13,2022-04-26,1,0,0,"81/80610211877746! | 2022.04.26 F | 20313 | 기준에 의거 교환 또는보상 받을수 있습니다. | ※본 제품은 공정거래위원회고시 소비자분쟁해결 | 같은제조시설에서 제조하고 있습니다. | 과 | 아,돼지고기,쇠고기 토마토,홍합을 사용한 제품 | 본제품은알류(가금류) 대두 밀,게 새우, 복승 | ※ | 부정·불량식품 신고는 국번없이 1399 | 한이 경과된 제품은 섭취하지 마시기 바랍니다 | 혼자의 지도,감독하에 섭취시켜 주십시오유통 | 취 | 수 있으므로 주의하시길 바랍니다. | 의하시기 바랍니다.제품 개"
001451,13,2022-04-26,0,0,0,88061027 | 2022.04.26 F | 20313 | 제조 | 단백질O지방% | 레스테들Omg O% | 총 내용량 BOg(2g × 40포) | 영양정보
001455,13,2022-04-02,1,0,0,"끼지 | 2022.04.02 | 유통기한 | • | 부정 황식품인고는국번없이 1399 | 주의사항 | 마통들사용한 제과갈은제조시설에서 제조 | - | 인제물은 보륨,운윤,메일,땅콩,대두일,복승아 | 본사및 구입처 | 문의 및 교환처 | WWW.NOKCHAWON.CO.KR | 소비자상담실:02)597-3949 | 및판매원 | ·소분원:녹차원(주)포천공장/경기도 포천시 | 손분원 | 서초대로4길 84 | ·유통전문 판매원:녹차원(주)/서울시 서초구 | 제조원 | 용기폴리프로필렌.뚜껑:물리에틸렌 | 내포장재질 | 합형)해바라기유. 카로틴"
001456,13,2022-06-28,1,0,0,"니다 | 이제품을사용한 제품과 같은 | 품목보고번호 | 20080509087-89 | 용기(포장)재질 | 내포장재질-폴리에틸렌(E) | 불되는서늘한장소에 보관하십시오. | 보관방법 | 직사광선을 피하여 통풍이 | 잘점을 흘들신서도 좋습니다. | 엘못승탑제신오기에따라 | 에본틱제1포(23에 보과 | 음용방법 | 냉·온수1잔(약100mL) | 닥선인장열매분말 | 사과산, 비타민C,유자분말, 손바 | 합성향료(자동항), 구연산(무수) | (국산), 치자분말(치자열매, 국산), | 파우데아카시아벌꿀(국산),화분 | 습분말(미국산), 아가베"
001469,13,2022-12-03,1,0,0,8 | 2E | 2022.12.03 | B리합니다. | 드AS Ba니C. | 제품화까지철저하게 | 맛을느일수있습니다 | E902-3ec1P2 | 명인이원료·가용 | 원물의입자가머서용부한 | 팔우러니는피리이드 | 천년다행(조)의지리산화개등에서 1975년부터차를 만들어왔습니다. | 대한민국 식품명인 제28호 김동곤 명인이 만든 쌍계명차는 | 1975 | 김동곤명인명차 | Since | ESANDGY | 계피생강차 | 씨5키 | 온기충전 | 스국하-
001471,13,2021-12-29,1,0,0,45 | Mskcal | U92M09 | 영양정보 | T | EE2 | 비중보 | 7733 | A.0오 | A | 10608015-23 | 1번유 | 무제비가루 | S 17.5% | E83 |  2409 | 수 | 반족이쉬운 | 감자 | 메달라붙지않이 | 까지 | 10:26장진성A | 2021.12.29 F2 | 백설 | 유통기한 | FK
001476,13,2022-05-10,0,0,0,"IB1 | 25 10 | 210. | 11. | .11 | 부터 | 라벨:PP | cj.co.kr | 다게LDPE | 1666-5471(문자) | 080-850-1200 | 고객행복센터 | ·박철 로고의 1960년은 C제일제당이 국내 최초로 생산한 설당이 첫센브 | 이물질이아닌원 유래 성분이므로 안심하고 사용하  | ·원재료의 고유성분으로인해침전물 또는부유물이생길수있 | 인의 치이이,및과 품질의 이싱없안하능는로 | 제물마다 색깔차이가발생될수있나 이것은 원터  | 4 | 주의사항 | 식초 | 주장초받 | 전분을 증류 | 주정 | 과즙"
001478,13,2022-08-27,1,0,0,형:LDPE | 페트 | 라벨:OTHER | 88010071077352 | Ac.co.kr | 16-57( | 080-850-1200 | 고객행복센터 | 2022.08.27방혁 | AS1 | 까지 | 임아  수있습니다 | 1일 영양성분 기준치에 대한 비을(%)은 200Kcal 기준 | 콜레스테0mg 0%단백질0g0% | 지방1.3g2% | 트랜스지방0g 포화지방0g0% | 나트룹10mg 1% 탄수화물 74g 23%당류 50g 50% | 100g용310 kcal | 영양정보 | 총내용량1.209 | :부정: 불량식품신고는 국번없이 1
001484,13,2022-09-28,0,0,0,이마트의상표입니다 | #구이#부침#샐러드#이탈리아#포도씨유 | NoBrand는 | #노브랜드#스마트컨슈머#식용유#퇴김 | 2100000-80838 | 28/09/2022 L113782 | Omg | 08 | 0% | 0% | 단백질 | 콜레스테콜 | 방 | 포회지 | 181 | 트렌스지방 | 92g 170% | 10g 67 | 지방 | 당류08 0 | 0%수물08 0% | Omg | 나트륨 | 830ka | 내용량1.000m | 영양정보 | 부·식품신고는이장소  |     | 기름이 부영게용22 | 포장재질 | 100 | 포도씨유 
001486,13,2022-12-08,1,0,0,"37(성수동27)/(02)380-5678 | 수입원 | (주)이마트서울특별시성동구 뚝섬로 | 제조사 | Aceites de sur- cosur.S AA | 포장재질 | 보관하십시오 | 보관방법 | 직사광선을 피해건조하고서늘한곳에 | 유통기한 | 제품별도표기일까지(월일/년순) | 포도씨유100% | 원재료명 | 1,000ml (8,300 kca) | 내용량 | 식품유형 | 기타식물성유지원산지 스페인 | 제품명 | 포도씨유(GRAPE SEED OIL) | 2252 | EXP08.2.2022"
001499,13,2021-06-30,1,0,0,e in a cool and dry place | LNOT SURTANABT | 9104001 | MD AY | AD | GUARANTE | L1860 | 2021/06/30 | 트랜스지방09 | 230 153% | L13mg 1% | 1mg 0% | 민수확을 499 15% | 단4.8955 | 영양정보 | 1847947% | 지방 37969% | 85 25 100 9 550 | 유용기 | 널도표시일까지(연밀일순) | 수입번어원 | 나용령 | 125 g(690 kcal) | 제조시 | 저품명 | 스위스 센즈디크 | EINDT SRN
001516,13,2021-11-19,1,0,0,첫선을 보인 해53년다. | 합습니다. | 단백질89 | 15% | 콜레스테롤Omg | 0% | 포화지방0.69 | 4% | 트랜스지방0g | 2% | 지방1.29 | . | 당류4g | 4% | 23% | 탄수화물73g | 19005-20 | Ad.cO | 28% | 나트륨 550mg | 518 | 밀함유 | 1일영양성분 기준치에대한비율 | 100g당 | 100 g당 335 kcal | 영양정도 | OTHER | 영양정보 | 총 내용량1.400g | 추류가공품 | 필가루 | 까지 | 14:11최대목C | 2021.11.19 F2 
001518,13,2022-12-07,0,0,0,"18 | 4.5L (3,10kca) | 2022. | 12.07 | 1684 | ORIGINAL | 식 | 몽고송표간장 | 1,소맥 | 영양정보 | ® | 마산 | 명산 | 자료명: | 0031 | 주O니다 | 창업1905년 | 간장"
001520,13,2021-07-08,1,0,0,"80906913091831 | 8 | OTHER | HACCP | 식품인전관리인증 | 1:0 | 까지 | 2021.07.08 | 응기포성실 뚜용기니면- | 20001832828335 | 품목보변호 | 품후연표시일 | / | 제조원 | 유 | 30n8kc | 식품유형 | 00 | 풍은 | A명 | 돌 곤약질리 자스민복숭아 | New,식감 | 성비타민C항유 | 8kcal | 성인1일권장취량 | 탱글탱글 | 저칼로린"
001534,13,2022-07-11,0,0,0,"2022,07.11 A12 | OTHER | 8180105206978 | 080-019-9119(수신자요금부담) | 하고서늘한곳에보관하십시오.개봉후밀 | 경우맛이 변하고색상이 질어지거나덩어리 | 사용전 반드시읽어보세요 | 800347002589이반품및교환장소구입처 | 좋플러스/서울시 강서구화곡로 398 | 유무필소기,맑고기, 조개(로)함유 | 장파페이스트향미증진제 | 포장재질(내면) | 로만든한우다시 | 내산한우 | 식품유형 | 복합조미식품 | 방법 | 시그니처의 이을불입 | Selected with Pride | 한우다시"
001537,13,2021-02-19,1,0,0,SANDWICH HAM | 샌드위치햄 | 더건강한 | 2010 | Hince | JHEALTHY | 81 | 까지 | 부터 | 0.1능
001540,13,2021-06-13,1,0,0,"8 | ""8o1 | OTHER | 21.06.13 A1 | 까지 | 부터 | 20.12.14 22:54 | 진짜 감자의 품미를 극대화한 공법 | 롯데제 | 오랜 연구로 얻어진 고유의배합을 밑간하여 | 마리네이드(Marinade)공법 | 다들 | 필요 얼량에 따라 | -1일 영양성분 기준치에 대한 비율 | 1.69 | 단백질 | 0mg | 클레스테롤 | 1.29 | 포화지방 | 트랜스지방 | zi | 3. | 방 | 1.2 | 당류 | 23 | 탄수화물 | 150mg | 나트륨 | 기준치에대 | 30g당 | 영양정보 | 감자껍질이 |"
001544,13,2021-08-02,0,0,0,hama | HO | 2021.08.02E | S19729
001552,13,NONE-02-19,1,0,0,"340g(280kcal),딸기 9% | 0-10C | 농후발효유/85g×4개입 | 냉장제품 | 딸기 요거트 | 02.19까지 F1 | PROBIOTIC | 바이오 | Maeil | 독점공급 | LGG | 국내유일"
001556,13,2022-03-16,1,0,0,"e |  009 288 k0n | 로인제에우해하니 | 수있으나,이는 | www.haribo.com | 의거교한 | 8 | PP | 1691216109047 | SAN.AS. | 소고기향유 | contain any pig gelatine orany other pig based ingredients | 전연행료 학성청료 과재동사과 열더리 | 시럼, 설당,정세수 헬리틴(우피), 역스트로스 | 강남구논현로10일6 | 에프에스Te1: 02-578-8385 | 03월 16일까지 | 내용80g (288 kcal) | ode Produksi: L"
001557,13,2022-03-16,1,0,0,"www.haribe.com | 0 | 7070 | ARM | GulaLunakellAnea Rasa Buah | CTANIU | mavutkoy | grusorinni | L901-260 20 0101209 13:23 | EXPDATE: 16.03.2022 | ndanunoi mu. 10120 | PRO.DATE:16.09,2020 | SECIPE"
001561,13,2022-06-11,0,0,0,"770 (3,157kcal) | 14:21 | 2022.06.11 | AND FRUIT FLAVOR | LPTONTEA | 복숭아맛 | 아이스티 | Lipton"
001562,13,2022-06-11,0,0,0,"770g (3,157keal) | 14:21 | 2022,06. | AND FRUIT FLAVOR | LPTON TEA | 복승아맛 | 아이스티 | Lipton"
001565,13,2022-01-17,1,0,0,"까지 | 22.01.17 | 8 | 180 | OTHER | 롯데제과 | 버스가출합 |  고객지원센터 | 스와함께하서 | 요! | *단맛을 L느원앞는 차일리톨 말티를, 소비톨 등의 원료입니다. | 인체에는 우해하니드셔 괜찮습니다. | 제제특정상 의부 한·도독안해 형태의 변형 및 표면이 녹을 수 있으나. | 0이 제율는 40°c 이하 및급도가 사을 곳에 보관해 주세요 | 하고 있습니다""·과량 섭취시 설사를 일으킬 수 있습니다. | 을내는 의리 중 자일리톨62%함유 | ·부정,불량식품 신곳는 국번없이 1399 | 자일리톨사용 | 100"
001578,13,2022-11-05,1,0,0,유통기한 | 까지 | 2022.11.05 | 전행 있습니다. | 소재지 | 은용청 | 업소명및 | WAOKCHAWCONCOKR | 분의및교환처 | 내포장재질 | 원재료명 | 식품유형 | 침출차 | 내용량 | 록보고번호 | 제품명 | 19980467010471 | 일크향가록우용차 | ML FLVOR OLONTA | Fremium
001589,13,2023-01-09,1,0,0,2023.01.09 | 유통기한: 하단표기일까지 | 도 광주시초월을 선동길12-4 | 주신영에프에스/031-796-6435 | d imoort 8.Export수입소 | 입제조HaSe | 산시주의사직사평신을
001596,13,2021-02-25,1,0,0,탱글탱급 | 까지 | 21.02.25 | D | 부터 | 13:56 | 21.01.22 | 조리예 | IB3
001599,13,2021-02-15,1,0,0,시작 | 0 | 사각 | 6장×2 | 4809 | 내용량 | 국1등어묵 | 12장 | 사이5 | 삼호 | 1 | 국 | 등 | 1985 | E | AL3 | 2021.02.15A2 | 유통기한
001600,13,2021-02-08,1,0,0,"191018! | 2 | 1등어묵 | FISHCAKE | 3 | 대 | 한민 | 묵탕 | E1985,한국 어묵의 시작 | 호어묵 | CD1 | 허용 | 2021.02.08B5 | 유통기한 | 어묵"
001602,13,2021-02-11,1,0,0,특가기획 | 쓸깃한 약속사가어물 | 안심 | 쫄깃한약속 사과 | 부산어물 | 진신용 담아 더육건강한 | 속 | 21.02.11까지F1 | 꽃게
001613,13,2022-02-25,0,0,0,25025 | 2022.02.25
001618,13,2023-10-06,0,0,0,OTHER | 비닐류 | OTTOGI WHOLE BLACK PEPPER | 통후추 | ® | 갈아먹는 | 오뚜기 | 직접 | 향이 생생한 | 2023.10.06B | 뜯는곳
001626,13,2021-07-03,1,0,0,까지 | 12:20 | 2021.07.03 | 유통기한 | 제출사관 | UO | 1.2LX12본입
001655,13,2019-09-12,1,0,0,"고객시 | 오뚜] | 주식회사 | 포장재질 폴리프로필레(내면) | 상단 표시일까지 | 유통기한 | 카추출색소 | 일 | 콜레스테를 5m0민만 1% | 단백 8 8 | 지방6g 11% | 스방 | 나트룹 830mg 42% | 탄수화물 13  |   니국산 제,  그네술 | 원지로명 | 영양정보 | 3ol | 총내용량 250 | 설플유형 즉석조리식품 | 물이끝기시작하면 | 순두부찌개를 부은 후 데워 드십시오 | 2분간더가열후드십시오 | (반드시 전자레인지용용기를사용하십시오) | 데워드십시오 | 직접 가열시:냄비나 뚝배기에 | 3분간 |"
001665,13,2021-01-28,1,0,0,촉촉한 글 | 꿀 카스테라 | CASTELLA | HONEY | SWEET | 2021.01.28까지최좀헌 | samlip | X | 삼
001672,13,2021-05-19,1,0,0,HACCI | Dongwon | 박준성14:54B11 | 8801155 | 2021.05.19까지 | 유통기한 | 가공치즈/252g(840ka.제9.015%) | 4
001681,13,2022-10-22,0,0,0,사카린나트륨제제 | 100g | 2022.10.22 | 사용기준에 적합하게원하는 감도에 따라 사용하세요 | 음식에단맛이 필요할 때 | New Sugar | 뉴쥬가 | 전원 | 전원식품 | WON
001682,13,2022-10-22,0,0,0,100g | 사카린나트제제 | 2022.10.22 | 에 단이  | New Sugar | 뉴슈가 | L | 전원 | 전원식점 | W8
001685,13,2021-11-29,1,0,0,인증한식품에만표기하는마크입니다 | http://www.orionworld.com | 식약처에서위생적이고안전하다고 | 88011171276201 | HACCP 마크란? | 식품의약품인진처 | HACCP | 식품안전관리인증 | 2021.11.29 | 까지 | 2020.11.30/08:26 | 부터 | 유통기한 | 오리온
001690,13,2020-08-16,1,0,0,"rp.com | nes | City 6014 | any | 5111229 | BEST BEFORE: | 2020 08 16 RE | (AS PRESERVATIVE) | COCONUT, SUGAR,SODIUM METABISULFITE | INGREDIENTS: | 30g | 25g | Dietary Fiber | 375 g | 300g | Total Carbohydrate | Less than | 2,400mg | 2,400mg | Sodium | than | Less | 300mg | 300mg | Cholesterol | 핀 | "
001692,13,2021-07-03,0,0,0,% | 돌김(국산)40.5 | 30유9% | 볶음밥과고소하게 | 돌김자반을맛있게즐기는방법 | 2021.07.03 | 설탕무첨가 | 자반
001694,13,2022-07-01,1,0,0,"유통기한: | 용량:500g | 2022.07.01까지 | www.kapdang.com배a | 소비자상담실:02-967-2010 | 부정,불량식품신고는국번없이1399 | 상담후섭취하여주십시오 | 소비자분해결기준에의해보상해드립니다이체질,알레르기체질은 전문가와 | 원회 | 및반품구입처를 통하여교환및반품하여드립니다.(제품에이상이는경우공정거다 | -3회섭취1회섭취시2-3g을 울과함께드십시오(개인의개에따취량은조설취 | 시위장기보관시냉장또는동보)앞장재/A에는가급접입에 | 수입원(주)미립물산(경기도용인시기능구지 | %성상:분말식품의유형:기타가R"
001699,13,2021-12-22,0,0,0,2021.12.2218:24 | SH2 | 2함 | ) | 스피티레시피(1인분기준) | :입고맞입는 | 인하시 | 으하여  판되어 다  | 있으나 | 용기가 | 조리예
001707,13,2021-05-02,0,0,0,이스포함 | 정성가록 | 2021.05.02 | Homenlus | -
001709,13,2021-04-12,1,0,0,21.04.12 A | 까지 | SHEESEOFIP | 제부 | OLOTTE
001723,13,2021-05-13,1,0,0,여낸 | 만든 | 지그 | 2021 05 13 F191 | 유통기한 | 까지 | 절취선→
001724,13,2021-05-13,1,0,0,2021.05.13 F1A1 | 까지 | 유통기한
001730,13,2021-10-02,0,0,0,맛있는 와사비 소스 만드는 법 | 뜰는곳 | 2021. 10.028 | 와사이
001732,13,2022-11-18,1,0,0,"2022.11.18B | - | 10450676 | 하단표시일까지 | 인도네시아 말레이시아 등 | 후추 0국산베트남 | 전 | 전향신료,건조제품 | 좋습니다 | 이크 요리등에 | 이 | 그대로 살아 있어 | 은순후추는 금게 길이"
001742,13,2021-10-26,1,0,0,고시 | 우유 | 고객상담실 | 가급적별리 프하여실 | 보방법 | 제조원 | 대두일함유 | 원재료명 | 유통기한 | 20170435485108 | 품록보고번호 | 포장재질 | 제람별도표기일까지 | 폴리에틸렌 | 식품유형 | 내용량 | 제품명 | 70 (312 kcal) | Ball | Corn Soup | 콘스프볼 | 고소하고! | 부드러운 | Homeplus | 10.26 | 2021
001744,13,2022-01-28,1,0,0,"2022.01.28/2N | 8011174323001 | 2021.01.29.01:14 | 부터 | 유통기한 | ""오리온"
001748,13,2019-07-03,0,0,0,대두99.01%(국산) | 380g(399kca) | 제품명:행복한콩 손맛살린 고소한두부 | :무: | 국산콩 | 진공포장하여 신선하고 쓴득한 식감을 살렸습니다. | 1등급 | 단단하게 늘러고소한두부의 맛은살리고따뜻할때 | 고소한두부 | 손맛살린 | CHEILJEDANG | 콩 | 행복한
001761,13,2021-11-22,1,0,0,"Best before | t maximum 23°C | Aay contain milk and eggs. | ral flavour (vanilla flavour) 0.1% | ed cream 28%: sugar, vegetable | ent (sodium hydrogen carbonate), | 202111/22 E5 | r, sugar, vegetable oils (palm, | A VANILLA FLAVOUR FLLING (28%) | 150g (780 kcal) | OUR"
001773,13,2020-08-07,1,0,0, 으 위D 드시   사 | (1IO0OWAB시4M) | 데운 후드세요 | 제은 뜨거우으로 화상 | 덮개 또는 랩을 씨우고 5분간(700W7 | 25분간 데운 후 드세요 | 용기에 내용물을 부은 후 전자레인지용 | 읽는 물에 봉지를 그대로 | 3 전자레인지 이용시 5분 | 5분 | 2끝는 물이용시 | 센 불에 4분간 끊여 드세요. | 2020.08.07까지 A | 냄비에 내용물을 부은후 | 4분 | 1직접 가열시 | 즐기간 | 꼬리곰탕 | 쿠탐 | 242 | 농심
001774,13,2021-04-02,0,0,0,BR | 16:52전 | 2021.04.02 | C | 공배이
001785,13,2021-09-19,1,0,0,EXP:2021.09.19 DDF0 TC20
001793,13,2021-11-07,0,0,0,먹메 봉지로 한번 더 포장하여 맛과 향이 잘 보존됩니다. | www.dongsuh.co.kr | 통서식품 | 관느치를시원하게 즐기실 수 있습니다 | 부N3~4분경과 후 티백을 수회흔들어 주시면 맛있는 | 티백1개를컵에 넣고 냉수120m를 | 냉수음용법 | 수회흔들어 낸 후음용하십시오 | 물100m를부어1~2분경과후티백을 | 티백1개를 컵에 넣고 80‘C정도의 | 음용법 | 동서 | 현미녹차 | 20211107 | 07-24F1
001806,13,2020-11-09,0,0,0,"수시지부 | 080-024-600 | DA | 고격지원센터 | 롯데제과 | 9""801020148275"
001807,13,2021-02-25,1,0,0,"니다 | kcal | 13% | 8% | 127 | % | 까지 | 21.02.25 B1 | 39 | 89 | % | 8801062 | 334247 | OTHER | % | 35 | 비닐류 | % | 29 | 에대한비율 | 75 kcal | http://www.lotteconf.co.kr | 158g | 수신자요금부담 | 080-024-6060 | S데N | 고객지원센터 | -0000 | 주의:번에 삼키지 않도록주의하세요. | 호 | 안버리는밝은마음 | 휴지줍는 고운마음, | 자이가 없습니다. | 제품 중량에는 | 있"
001824,13,2021-09-07,1,0,0,기 교환 | 원재료명 | 우형 | 내용37g(180kcal) | Crisp malt centres tovered with smooth milk chocolate | 이므로개인의 필요 열량에 따리를 | 818049731306204 | 1일 영양성분 기준치에 대한 비율/ | 16:55 | 콜레스테롤10mg 3% | 단백질 | 037A1 | 트랜스지방0g | 지방 8g 15% | 07 09 21 | 나트륨40nig 2% 탄수화물24y T당 | epl | 0일 00월 00년까지) | (0D/AM/YY) | 영양정보 | 아래 첫 6숫자) |
001830,13,2020-12-NONE,0,0,0,004CG4CB19 BB12/2020
001838,13,2021-10-15,1,0,0,"2021.10.15까지B | 블량식품 신고:국번 1399 | 국물이변진되었을경우지마시고 | 어사용하시기바니다기가변형상니 | 상이변하는경우가있으품질에는이상이업으니사용진 | 시기니다.원료겨자의특성상은보 | 광선을 피하고 실은에서 보관하시기 | 자래워원회고시소비자 생결기 | 을제조서설에서 제조하고있습니다. | 목보고번호 | 200504150202610 | 대두계란,쇠고기함유 | 조제품,주정,심황색소,파라옥시 | 정제소금,타마드검 과가 | 원재료명 | (산화방지제)설탕,정제 | 후면하단표시일까지 | /02-380-5678"
001839,13,2021-10-15,1,0,0,2021.10.15까지B | 99 | 지CA고 | 바니다원료 | 의거교환 | 200504150202610 | 대두기린 쇠고기않유
001848,13,2021-11-18,1,0,0,10K107 | 브랜드가아니다.소비자다 | No Brand | EP 2시 능 | N318 | 바닐라향 웨이퍼를 | 인도네시오 | WAFERROLL
001849,13,2021-11-18,1,0,0,10K107 | EXP: 2021-11K18 | No Branc | 바닐라양웨이피트 | 2WAFERROL]
001854,13,2022-01-18,1,0,0,"2022.01.18 | 유통기한 | 하세요 | 마지막단계에 | 므로요리의 | *가열시향이날 | 문제가없습니다 | 나품질에 | 뿌영게보일수 | 상으로 | ※저온보관시동 | 취급시주의사항 | 하단별도기일까지 | 유통기한 | 판매원 및구입처 | 및교환 | 반품은 | 02-3431-0100 | 소비자상담실 | 20170275127-21 | 목보고변 | 포장재질 | 병(유리),뚜껑(PE) | 사광선을 피해건조하고서늘한곳에보를 | 보관방법 | 실은보관(1~35'C) | 로버섯향 | 산)] | E | 섯1%(이탈리아 | % | 스페인산)건축 |"
001856,13,2023-10-28,0,0,0,L20302 M781 | 28.0ct2023 | Da cons me eil | OLIo | CON | nosl | SACCA | di | Seidoca | RA | PR | Www.spralen | 03030 Broccosiea | Via PomteTn | TALASA | COMPAGNANEO | SPRAY
001861,13,2023-06-18,1,0,0,1001250120120 | 8 | sna (CH) Ialy | by the leter   | fudig miljp | Lotto 00220170 | 06:37 L11/05 C | beskytet mo hs hi n | Exp:18 06 23 | bewarer. | pnter longe de ontes d clin t | (:/ |  calor y de l le sitaaniets | houdbaar tot: / Bedst fer./ Bast fore: | Consumi de peferénciantesde:/enminste | un
001872,13,2022-10-14,1,0,0,"분리수거를 생활화 협시다.소중한자원 깨끗한 환경 | hip:/wwjungoneshop.com | hip://w.daesang.com | DAESANG 대상주식회사 | 2022-10.14L4 | B11809 | 8고객상담실080-019-91(수신자요금부담 | 2P | ·부정·불량식품 신고는국번없이 1399 | |닐류 | ·반품 및 교환장소 판매원및 구입처 | 보상을 받을수 있습니다 | 본제품은 소비자 분쟁해결 기준에 의거,교환 또는 | ·직사랑선을 피하고습기가없는상은에 보관하세요 | ccm |  폴리프로필렌(P) | 내용량200g |"
001874,13,2021-10-22,0,0,0,"Troll Gs | www.trollide | Made tor | 22.10.21 | 570 211201 | not;emuloente | imento colorante | de prelv nta inainte de: | desgrasaov en | arroz);,gelatina, caca | lecitina di soia, a ms di mais. |    | atteintero in polvere; attosio; late | Mies enDs | yanetalr | (girasole, paima, semi di | MARSHMA"
001884,13,2021-09-09,0,0,0,20030-30913:11 | 00-321 | 09/09/2021 | 80ge | Roffr. | onium | socy ma | atrium | notie. | u- | IASTECAARA | Demo- | e | Bas at au se | Beentsche | A C
001886,13,2021-12-05,1,0,0,DANONe | 000970241 | LN318:59 | 2021.12.05 | 100961833 | PROD: | 2020-06-05 | EXP: | 2021-12-05 | × | 121119610112 | amil | 을아기수하야 투지기바랍니다. | 모유가 아기에게 가장좋은 | 니나
001888,13,2023-08-22,0,0,0,488 | 젠과그램에서 | 제과 이벤트를 | Dole의 다양 | BE2023 0 22 | KPHCD | 20235
001890,13,2021-08-31,1,0,0,"Bananas | BEST BY 31AUG21 | nicart source o  Ps | tD. alcum, and rpermission20sN | JUCTS COMPAMY - FREMONT,MI149413. SA | c1D). | 0 | 0 | 00 | 00311 | IS: BARAAS CTRIC ACID,VITAMIN C | HAS FROM COSTA RICA | s brokan or mising | ted for netal su | nner unitas not"
001891,13,2022-05-22,1,0,0,8 | 801055705870 | 까지 | 03283404 | 09:25 | 2022.05.22 | 77 | 11/100% | 1.19 | ×1이개입
001909,13,2021-12-29,0,0,0,+ | 4 | 2021.12.29
001910,13,2021-05-07,1,0,0,"까지 | 고객상담: 02)2049-2000 | 2021.05.07 이도행 | 홈페이지: www.foodis.com | 1399 | 2020.05.0819:52 | 불량식품 신고는 국번없이 | 유통기한: | 보상 받을 수 있습니다.부정 | 공정거래위원회 고시 소비자 분쟁해결 기준에 의거 교환 또는 | 주시면 좋습니다.·반품 및 교환:지점및 구입처·본 제품은 | 않은 아이는 보호자께서 지켜봐 주시고, 경우에 따라 물과 함께 | 후밀봉하여보관하시기바랍니다·과자를먹는것이능숙하지 | 보관하세요.흡습되기 쉬운제품이니 가급적빨리드시고,개봉 | "
001949,13,2023-07-16,0,0,0,"16 07 23 | DA CONSUMARSI PREFERIBILMENTE ENTR IL | 20ge | umidita e fonti di calore. | Conservare lontano da luce, | di tutto il mondo. | selezionati | essiccati | Semi di cumino"
001952,13,2022-09-16,0,0,0,16.09.2022 L1
001954,13,2021-10-NONE,1,0,0,"3484301011402 | EMB 29 168 A | 8 | OCT.2021 | apt fin: | 40 | Aconsome de elfrens | Pi t  eitingct | 6% | Fer/lron | 0% | OTHER | 단3 5% | Caldum/Calcum | 0% | 6g 40% | 스25mg 8% | ViamineC/Vitamin | 트랜스지방 19g | 6% |  8g 8% | 지방 9 17% | Vamine A/VamminA | 총내용량 40g, 18kcal | 213mng 1% 수화 2397% | Protei"
001966,13,2023-10-12,0,0,0,K09 | 2023.10.12 | www.alog.cokr | 조식의시 오뚜기
001967,13,2022-08-24,1,0,0,"2022.08.24 | 유통기한 | 8""809194 | 825121 | 안심하고 드셔도 됩니다 | ·침전물은 매실과육이므 | 관하여 주십시오 | 하시고개봉후에는 냉장 | 고 건냉한 곳에 보관 | ·보관방법:직사광선을피 | 엑기스 | 매실 | () | 황금 | 유기농"
001971,13,2021-06-18,1,0,0,Chocobelle | 18.06.2021 | A consommer de preéference avant le: | Best before: | Mindestens haltbar bis:
001982,13,2021-10-20,0,0,0,"2021,10.20 | IAAA | 32"
001995,13,2021-12-18,0,0,0,"비식바식한완 | 로센조니크로커 밀크 | MILK | KROCKER | JOHNNY | ROSHEN | w2,000 | 18.12.2021"
002003,13,2022-05-15,0,0,0,"※템퍼링 공정 | 내용량 100 g(580 Kcal) | W1,50 | Strawberry | 딸기향 | 행복한 쇼콜라띠에 | Happy | 2022.05.15 | 그라쉐 | rache"
002004,13,2022-05-15,0,0,0,"W1,500 | Strawberry | 딸기향 | 행복한 쇼콜라띠에 | Hapuy | Chocolatier | 2022.05.15 | ache"
002013,13,2022-10-01,1,0,0,GTIN.8806435073914 | Ver.02117206 | 사용기한: | 2022.10.01 | 19025 | 제조번호: | 스프레이 | RFID | 나잘 | 코감기가 싹 코앤쿨
002015,13,2023-06-28,1,0,0,2623.62.28 | 사용기한 | 2200629 | 제조번호: | [대형] 8매일 | 8 | 1 | · | ·드대형 | 의약외품 | 특수 물리에팅랜양 | 동기구명 | Band | 밴드닥터
002022,13,2022-04-09,1,0,0,"2022.04.09 | 유통기한 | -30-T | 반품및 교환 | 구입처및판매원 | 회석양 | 1개(10g)당/100ml | 용기(포장)재질 | 및함량 | 북승아유 | 원재료명 | 유통기한 | 제조·판매원 | 전밖이올먹2,(02-6403-3388 | 무방이먹스테크/서울신영동공구 | 제품명 | 무설팅 비타민C복숭아티 식품의 유형 가공풀 | Stevid*1스틱/100ml 용기준 | ZERO | kcal | CCP"
002026,13,NONE,0,0,0,YJ | 20.01.03.13:04
002039,13,2021-12-03,1,0,0,구운캐슈녀 | 고수하고 영지인트남산캐슈 | 최조 도가 좋습니다 | 최적의 온도와 시간으로스팅하여 | 2021.12.03까지 | Pride | Selected with
002042,13,2020-08-27,1,0,0,인CMSB(O미지2) | 주의사항 | 2020.08.27까지F2 | A | 영양정보 | 영양정보 |  DAESANS GO | 170 kcal | OTH | $488600 | 업스명일 | ccm | 1 | 로명 | 3608 | 고구아10인도넥시이) | 제로구운군고구 | 35일로 구운군고구마의 풍미와 달림함 | 365% 발에서 갓 캐낸 햇고구마의신함 | 100%고구마그대로 자연의맛 | irnan | CHEw&Real
002055,13,2021-12-NONE,1,0,0,Nettovikt / Macca HerTo: | BAaxHOCTM  BO3AyXa He | 50g/re | Net weight / Peso neto / Nettopaino/ | ocht svalt. /XpaHwTb npn | www.Iindt.com | en lugar fresco y seco. / | LINDT SUSTAINABILITY | FR-64400 OLORON-SAINTE-MARIE | COCOA | LINDT & SPRONGLI SAS | 1oMeueHne 18. | MANUFACTURED IN FRANCE BY: | 
002058,13,2022-06-22,1,0,0,"OTHER 분리수시다.소한자원한 환경 | hp/wwurgoneshop.com | 까지 | 2022.06,22 L30 | rto/ww cesarg.com | m | ·유통기한 | DAESANG 대상주식회사 | ·포장지가날카우므로개봉및사용신주의하십시오 | 고건하고서한 곳에보 | 8801052012032 | 정육기준) | 다두 밀 식고기 조개를 함유 | 고객상담실080-19-99(수신자요금부 | 1399 | 이스알 | 부정 | 불량식움 신고는 국번없이 | 반품 | 및교환장소 복산및구입처 | 표환는복상 | 전제은 손비자기본법에의거 | 성분"
002063,13,2023-02-NONE,1,0,0,"Non-GMO | '100"" | “ | 1947 | Since | SOLGAR | 022023 | EXP | LOT | 502337-04"
002071,13,2022-03-24,1,0,0,2022.03.24 | 품질유지기한 | 학백함을 즐길 되었안심 | 레몬밤 | TEA | BALM | MON | 이미지사진 | TEA | AFT
002092,13,2021-09-21,0,0,0,"국내산계란 | 250g (1,168 kcal) | 2021.09.21 | 우리아이#가 | COOKIES | EGG | SW | SOFT"
002094,13,2021-04-28,0,0,0,2021.0.2 7
002112,13,2022-08-25,0,0,0,2022. 08 25
002115,13,2020-12-01,1,0,0,"16:06까지1L05 | 2020.12.01 | 수 생 다. 소한자원 경 | DAES/ | ww.daesang.com/www.jungoneshop.com | 247 | 풍질에는 영향이 없습니다. |  드러원지거나친 경가 있아서 | ccm | 장기갈 수보관시 빛에 의해 부분적으로 | 정통 프랑스식 갈색육수입니다. | 우려 넣어더욱 부드럽고 고소한 | 아채 마늘 양파, 허브 등을넣고 | 오른에구운소고기뼈에 볶은 | Fond De Veau | 풍드보 육수"
002116,13,2020-07-05,1,0,0,"기준이므로 개인의 필요 해 | 1일  양성분 기준지에 | 단백질29 | 어산 B31고은아0630 | 콜레스테롤14.4mC | 2020.07.05까지 | 포화지방3.6g | 트랜스지방이g | OTHER | ·신선도유지를위해질소충전포장을하였습니다. | 지방1g | ·반품:본사 및 영업소혹은 구입한곳. | 비닐류 | 199 | ·부정·불량식품 신고는 국번업이 1399 | 5 | ·소비자기본법에 의거 교한,환불. | ·장제가날카로우므로개봉및사용시주의하여주십시오. | 120g | 나트롭 | 인체에 무해하오니 안심하고 드셔도 됩니다. | 30"
002118,13,2021-01-03,1,0,0,2021.01.03 | 3F2B | ·정 에 광이가  수으니  시는  마 고상시연주시오 | OTHER | 소비자심경열 |  대생주)서울별시 동대문구 천호대로 28 | HACCP | (주산 공장인광시구청능대 400 | ccm | 원 | 제조 | 취진축산인천공역시동구남동로54번길47 | 모장재질내면 폴리에릴렌(PE | 430g | ∞ | htp/www.ungonesho.com | htp:/www.daesang.oom | DAESANG 대상주식회사 | ·부정·불량 식품 신고는 국번없이 1399 |    | ·반품 및 교환장소:판매원 및 
002128,13,2021-08-12,1,0,0,2021.08.12까지 | 유통기한 | 해제에따라 대한또는 보상받을수있습니다. | 신세움은 공정 위원고사에의한소비자분장 | 국번없이 1399 | 섭취를금하여 | 하기위해질 | 조관사여 주산시오반및교환장소:구입처및 | 이이을간식/간단한 만주때
002139,13,2021-06-29,0,0,0,진공포장 | HACC | 공포장으로 신유지요 |  신아드 | ANCHOVY | STIR-FRIED | 조리예 | 멀치볶음 | 2021.06.29 | 견과류 | 맛도영양도 | Homeglus
002141,13,2021-04-11,1,0,0,돌김 | 웃를 | JS | YMC-03 10:22 | 2021.04.1까지
002145,13,2021-07-13,1,0,0,HACO | ccm | 2021.07.13.A | 유통기한 | PDAESANG GINFN | Rdaund cor |  0-09- | 시고에 주의요 | · | 아 토마토 | 50 | 인시기8구 | OHAOA | 7 | 48150 | 필수개9-
002149,13,2021-03-31,1,0,0,"까지 | 2021.03.31.F2 | 유통기한: | 곳이분리수거하여제활용합시다.소중한자원깨끗한 환경 | ht/hwwjungoneshop.com | 소비자OTHER |  DAESANG ho/ww,daesang.com | ccm | 8고객상담실08-19-919(수신자요금부담) | 유리 | ·부정 불향식품 신고는 국없이 13999 | 본겨품은 | 스비자기본법에 의거교환 또는 보상 | ""늘하고 건조한 곳에 보관,개봉 후에는 냉장보관 | 유성분 혼입 기능 | 19504490248 | 용가유리뚜장철 플리염화비날 | 트다두.말 고기,달고기 조개"
002154,13,2021-05-21,1,0,0,"의한 피해보상·유지출는 고운마음,안버리는 밝은마음-부정, 물골 | 둘,주크랄로스),카나우바확스,용성비타민P시.와참유 | 재료명 | 유통기한 | 19690086003923 | 혹보고번호 | 후면표기일까지(연,월일 | 롯데제과(주)서울시영등포구 양평로21길25 | 내포장세질 | 조판매원 | 플리어일 | http://www.lottecou: | 추천하기 | kr | 치과 진료가 어려운이웃에게치과 진료 봉사를제 | 닥터 자일리를버스가 간다! | 닥터자일리 | 버스와 함께하세요 | 21.05.21 | 오리지날 | 자일리톨 | LOTTE | "
002166,13,2021-04-12,0,0,0,2021.04.12
002169,13,2020-01-15,1,0,0,2020.0115까지
002195,13,2021-10-28,1,0,0,"5g(65 kcal)커피 7.6%,무지방농축우유 10.1% | OTHER | 을 넣고잘저어주세요 | 뽕치포장재질:폴리에틸렌 | 09:36E3 | 2021.10.28 | ml | 1 | 유통기한 | 까지"
002196,13,2021-10-28,1,0,0,"(6kc피76%,무방농추우유 1.1% | 넣고잘 저어주세요 | 2022.0.28 | 8 09:36 E3 | 유통기한"
002205,13,2021-03-05,1,0,0,21.03.05 | 까지 | PEPERO
002212,13,2020-10-30,1,0,0,① | 까지 | 5최광훈 | 07:45 | 2020.10.30 | 8 | 유통기한
002217,13,2023-05-NONE,1,0,0,facilities exist | typhoo.co.uk | recyclable where | Packed in the UK | Tube | Packaging is | fo | You | Stay in the loop: | Fillm-not yet recycled | L0148 16:15 | Carton- widely recycled | MAY2023 | in an airtight container. | and once opened store | Store in a cool dry place | BEST BEFORE END
002220,13,2019-09-30,0,0,0,8250020534 | 00:59 | BEOT EEF URE  SEP·30·2019
002235,13,2022-02-22,1,0,0,까지 | 2022.02.22 | - WORLD'S No.1 OATS BRAND° | -ESTD 1877- | TM | QUAKER | 3.184
002236,13,2021-06-08,0,0,0,OTHER | 202106981M | 비닐류 | ·부정량식품신고는국번없이 1399 | ·반품및교환장소:구입처및제조원 | 보상받으실수있습니다 | 중국산) | 제조라인에서제조되었습니다. | D외국산태국 | ·제품이목에릴수있므로어서드십시오 | 새로7 | 섭취시주의사항 | 완반단로 4길 19 | 보관방법 | 량 | 70g | 품목보고번호 | 20150205327-95 | 포장재질 | 폴리에틸렌(내면) | 2% | 3% | ron 0.6mg | 1% | Calcum II mg | 0% | Vitamin omcg | Protein og | 4
002241,13,2021-05-26,1,0,0,JUE | N | ASIEATIN | 08:44:00 | 2021 18 3 1 FAt | 2021 PIAY | 26 | BESTIEUSED
002244,13,2021-05-21,0,0,0,:: | MadameLoik | R | SANS | BRETON | paysan
002253,13,2022-01-04,1,0,0,2022.01.04 | 유통기한: | 까지 | IV120015G1 | 아이배넷(주) | A | 8국물요리 | 수수요에 간편하게 한스문 | 부드럽고순한 | ive ret | 순산양유아식 | CANUD
002256,13,2021-04-30,1,0,0,2021.04.30까지 | 서울시공진구동을로 | 유통진문관과원 | (주한국생활건강) | 경기도안성시원 | 소 | 원 | 분 | (주한국생활가 | 충청복도전 | 제조원 | (주가회에프앤서 | 제품상단또는 | 유통기한 | 내용량 | 모링가잎 | 목보고번호 | 품명모링가 | 모림가일 | MO
002272,13,2021-08-02,0,0,0,"NEWI.1306kstk13g,al6oka10sticks] | 조리예 | 10sticks | Vanilla | Cappuccino | 2021.08.02 12:51 | 인천 A/0 | CAFE | MaXIm"
002277,13,2023-07-NONE,1,0,0,1189 | BEST | ETLL | 2023 | NET WT. 3.64 0Z. (103g) | garlic
002290,13,2021-09-10,1,0,0,"과자류/25g(9 kca) | 2021.09.10까지 | w2,000 | 꽃 머랭쿠키 | Cookie | Meringue"
002294,13,2022-09-22,1,0,0,"2022.09.22 | 품질유지기한 | 차게해서드셔도 좋습니다 | 차를밀폐용기에담아 냉장고에넣어 | 식힌후얼음을띄워드시거나우려낸 | 여름철에는차를반컵정도에우려내어 | 냉차로만드시는방법 | 면차가매우 진해집니다) | 허브차를 즐기세요. (티백을오래 담권놓으 | ②차가 우러나면 티백을건져내고 맛있는 | 합니다) | 으로 1컵, 또는머그컵으로2/3컵이면 적당 | 3~5분간 기다립니다. (물의 양은 종이컵 | 컵에 끊인 물을 붓고 티백을 넣은 뒤 | 3-5min | 루이보스 맛있게 즐기기!"
002295,13,2022-09-22,1,0,0,2022.09.22 | 품질 유지기한 | 차게해서 드셔도 습니다 | 차게해용기에 담아생경에우려어 | 시할후얼음을 띄워 드시거나.우려내에 | 여철에는차를반함 정도에 우려내어 | 냉차로 만드시는 방법 | 면차가매우 진해집니다) | 허부차기세요(건저내맞있으 | •차가울러나면 티백을건저내고맛있는 | 합니다) | 3~5분가 기다립니다. (은용이 | ●에을고티백을 넣은 뒤 | 3-5min | ② | ㅅ있게 즐기기!
002315,13,2022-06-15,0,0,0,6 | Co | 15.06.2022 | 리스피로
002316,13,2022-06-15,0,0,0,15.06.2022 | 피로
002320,13,2020-10-29,0,0,0,로스팀 | 14:16 | Tasting Note | 2020.10.29
002321,13,2022-11-04,1,0,0,13:21국내안 | 2022.11.04 까지
002323,13,NONE-04-15,1,0,0,340g(260kcal) | 냉장제품 | 농후효유/85g×4개입 | 플레인요거트 | 첨가 | 04.15까지 | 탕 | PROBIOTI | 바이오 | Maeil | 독점공급 | LGG | 국내유일 | NO. | 세계
002324,13,2020-09-06,1,0,0,까지 | 22:47 | 2020.09.06 | 유통기한 | U이
002333,13,2021-10-04,0,0,0,21.10.04F8
002336,13,2021-11-19,0,0,0,사랑 | 31F1 | 202 .11.19
002338,13,2023-01-05,0,0,0,리치 헤이즐넷향 | 행복을 주는 커피 | 2023.01.05 | ilty- | CUT OR TEAR HERE
002340,13,2021-12-28,1,0,0,"까지 | OTHER | 21.12.28 | tp://wwwlottecont.co.kr | 롯데제과 |   |  가은 | 880 10621335824 | ·아,지가능 | 정제소전분기타 식용유지가자 | 경기대로1952 | 25% | 17% | 단백질148 | 247% | 30m8 | 밀크Milk | 포하지방37.8 | 769 | 트스지방0.58미만 | 177 | 지방418 | 1722 | 57 | 226m | 나1130m8 | 3A5 KCal | 13 1 | 내용원3158 | 영양정보 | 10-1855891-0000 | 특허록번호 | "
002341,13,2021-12-15,1,1,0,맛있는약속 | 까지 | 2021.12.15 | 유통기한 | 2020.12.16B | 제조일
002345,13,NONE-02-12,0,0,0,02.122 122520 | ACTIVA | 풀무원다는 | egan | 비건인증 | 식물성액티비아 | 우유대신코코넛으로! | DANONe | Pulmuone
002352,13,2021-09-13,1,0,0,100g8 370kcal | 189 | 8189 | 169 | 수 539 | 총 내용량500 g | 25% | L5ong | 영양정보 | 100g당 | 고추 불레의 않누속니다 | Red pepper | 우리의땅고츠가루 | 국내에서 재배한 | 실수있도록 만들었습니다. | CP인증을 받아 안전하게 | 산물배상책임보험가입 | 0억원 | 기를 한 후 지미를 단고 직사광신드미하이 서능한 것에 보관하시고 남은 재용은 일봉하이 보관하십시오 | 유통기한2021.09.13
002354,13,2021-10-22,1,0,0,까지 | 21.10.22 T | PEPERO | LOTTE
002355,13,2021-02-12,1,0,0,[240g×2]8 | 량:480g | 8 | 해를더해안심! | 토사각 | 첨가 | 쓸깃쓸깃식감이살아쉬는 | 부산어묵 | 삼호 | FD1 | 2021.02.12A7 | 유통기한
002359,13,2021-06-10,1,0,0,E12 | 2021.06.10까지 | OTHE | 비닐류 | n | 원대료명 | 유통전 | 조 | 원 | 도표기일까지 | 명 | 모 | 식풍차칠 불리에팅렌내는 물못보고번 | CALMONO?? | 식품유형 명콩또는견과률가공폭 | 칼숭멸치+고소한 아몬드! | 남나도수누나좋아하는머거본대표양간
002362,13,NONE,1,1,0,"정제소금(국내산)90% 1-금루용센나트 | 4   0 20 | 제조원 | 연표시 유동기원 제조일로부터 5년까지 | 제품명 맛소금터 가공소금 | 등의 요리에 사용하시면 좋습니다. | 오든 요리에사용되에,특하계란,무칭,조림 | 국내산소금을사용하여해하고했이 길플합니다 | 요리의 길은맛을살리주는소금입니다 | 백설 맛소금의 특징 | FLAVORED SALT | 맛소금 | 요리의 맛을 살려주는 소금 | EKSU | 백설 | 제조 2019.12.10 A03"
002374,13,2021-12-27,1,0,0,감자전믹스 | 간편한 | 유라 | 5 8-10 | 양건이노마트컨슈머가 되는길 | 가것하저의랜드의이념과철할 | 가정최저의 가격대를 만는것 | 최적의 소재와제조발법은 찾았 | 브랜드가 아니다.소비자다 | No | Brand | TM
002385,13,2019-08-18,1,0,0,".ht.co.kr | OTHER | 080-233-6677 | 비닐류 | HACCP | 고객만족산:수신자요금부담 | 안전관리인증 | 에따라 | 19.08.18 까지 A5 | 0% | 19.03.19F2 16:43 | 방0g | % | kcal | 량609 | 좋전 포장을 하였습니다. | 하고 있습니다.※신선한 제품 공급을 위해 질소 | 난류를 사용한 제품과 같은 제조 시설에서 제조 | 고기,복숭아,호두, 조개류(전복,홍합 포함),아치 | 고고는 국번없이 1399※이 제품은 토마 | !! | F2:20160383281 | 풀목보고번호"
002388,13,2021-01-14,1,0,0,2021.01.14.까K지 | HACCP | 유통기한
002389,13,2021-08-04,1,0,0,8/80100713256131 | 까지 | 2021.08.04 | 유통기한: | 골드고추장 | 맛있게매운 | 태양초
002390,13,2021-03-18,1,0,0,http://www.lotteconf.co.kr | 수신자요금부담 | 롯데제과 | 080-024-6060 | 까지 | 고객지원센터 | n!ㅅA | 87801062521272 | 메이트 | 러운새로운와플 | QQe
002403,13,2022-10-02,0,0,0,SA | CHILI | 1869 | HEINZ | Chili | Sauce | Mmerica's | Favorite
002404,13,2022-10-02,0,0,0,AUCE | TUILI | 1869 | JHEINZ | Sauce | Chili | Favorite | S | America
002408,13,2022-10-29,0,0,0,EHP : 29.10.2022-4882 | PROD: 29.10.2019 08:07 | 1
002411,13,2023-01-12,1,0,0,"8 80925711332153 | 넣습니다 | (약90m)을 봇습니다. 드십시오. | 분말스틱1포(15g)를 | 냉-온수(약90 C) 1잔스푼으로 잘저어서 | 2023,01 12 | 까지 | 유통기한: | ·담터 대추차맛있게드시는 방법 | 석의마봉인전자 | 고객상담실:080-754-5152 | HACCP | 안전관리인증"
002428,13,2020-12-23,1,0,0,8 | 1801007/2562381 | 까지 | 20.12.23F2E | 유통기한: | 1666-5471( | ·진소충전제품·부정식품 신고는국번업에 139 | 080-850-1200 | 및조리후보관할경우품변의우리가있습니다. | ·사용후 포정지는번드시 분리출하여주십시오 | 모장소성을입으면변의우리가있습니다. | 주의사항 | 고객 | ·본계품은소비자분기의 보을수있다. | 기율동 용기는 에우 뜨거우으로 화생에 주의하십시오 | 영양정보 | ·는물이용시:는 물에 개하지 마시고 용로 넣어조리기구의 껑을은10분간더이세요
002432,13,NONE,0,0,0,"바닐라&아몬드바 | “ | NATURAL PREMIUM ICE CREAM | Natuur | 이미지 사진입니다 | 가향)0.4%, | kcal | 15%)"
002439,13,2022-01-26,1,0,0,"Bicarbonate, Calcium carbonate | Product Name : Grilled Fish Snack-Original Tasle | -부정불량식품신고는 국번없이 1399-개봉 후 가급적 빨리 드십시오 | 드시지 마십시오. (Do not eat desiccant)바식하게 구운 제품으로 부서질 수 있습니다. | 품목보고번호19770144003-142 | 051)261-9944 | 소비자상담실 | 8802896""002234 | 직사광선을피하고 건조하고 서늘한 곳에 보관하십시오 | 보관방법 | 폴리에틸렌(포장내면) | 포"
002440,13,2022-01-26,1,0,0,"Bicarbonate, Calcium carbonate | Product Name : Grllod Fish Snack-Oriainal Tasto | 구서수니다 | 분제은공기래위원회고시 소비자 | 8422-0197044003-142 | 8802896002234 | AMX상90511261-0944 | 리에일(장내연) | 포재일 | 일가(일/03.01 | OTH | 원재교 | 80678( | (/ | 229 | 88-3(/) | 조(주)진식/부신광역시 사하 | 이가( | 영꾸이오리지널식용 | .26 | 91 | 2022. | HACCP "
002441,13,2021-08-03,0,0,0,35 g/130 kcal | 2021.08.03 | 시리얼바 | BAR | GEREAL | 듣한13oKca한끼식사 | LACOCK
002442,13,2021-08-03,0,0,0,35g/130kcal | 시리얼바 | 2021.08.03 | CEREAL | BAR | COCK | 한3oKca한끼식사
002463,13,NONE,1,0,0,288114 | MPP | 유통기한:용기상단표시재조일로 부터 12개까지 | 0-3 | 20-203 | 09-34084 | Na | (0M | A | 23:26 체조 | 2020.12.
002466,13,2022-01-20,0,0,0,"규동 | 토마토소고기 | 아이배넷꼬마 | 리조또소스 | 순란 | wivenet | 우디스 | 9,900 | 영4기만 | E0p11.650/08 | 아이배생유산6OG | 아어애넷 | 생유산균 | 아이배넷 | 2022.01.20 | wivenet | GMP | 소금 | 프로바이오틱스 | 프로바이오틱스 | 위한하루습 | 위한하루습관 | 아이장건강 | 무리아이장건강을 | 1009 | 음소금 | )유산균 | 생 | 유산균 | P2108 | 아이배넷 | 아이배넷 | wivenet | wivenet"
002467,13,2021-05-18,1,0,0,nice | 그라비올라 | GRAVIOLA | 물한방을넣지않은 | 자임 | 이 | EXP: 18/05/2021 BN U2 | H-1/1/2019 11
002474,13,2021-03-16,1,0,0,"기래위원회 고시 | 자N:080-259-2000(수신지요 | 입하시고기한 제은 법집될우려가 있으니반트 | )(-0490 | 고F1:19980487825523,F2.20040490 | .95 | 도 F1(취하림/전북 의산시 망성면 망성로 14,F2:(주하림 | O | 9:29 | 160109 | 2-14-090-60 | L22103107228011 | 유통기한:21.03.16A | 등급판정일 : 21.03.10F1 | 잔연 | 건강먹거리 | 자연을담은"
002479,13,2022-07-NONE,0,0,0,OTHER | 2022.07 | 892B | 제조번호: | 258 | 2 1CH0
002481,13,2021-03-28,1,0,0,D쿨 | 2021.05.28까지AM레영A
002483,13,2021-05-05,1,0,0,맛이 더욱 좋습니다. | 빨대를 곳아서 많있게 도세요! | 흔들어서드시면 | 까지 | 유통기2021.05
002497,13,2023-01-24,0,0,0,"오레이사65a | /1009당) | ERB | 압착올리브유100%(스페요 | 원재료명 | 900m (25 ) | 내용량 | 1902085615 | 제품명해표압착올리브유 | “건강한 올레인산 65%"" | 압착하여만들었습니다 | Olie oil 100% | 올리브유 | 2023.01.24 09:06"
002502,13,2022-01-24,1,0,0,No Brand는 이마트의 상표입니다 | 이념과 실천 | 까지 | 81802989004572 | 2022.01.24 | 노브랜드의 | N111 | 유통기한 | #노브랜드#스마트컨슈머#견과류#우리가족간식#리얼넛츠 | ·부정·불량식품 신고는 국번없이 1399 | :PP/2P | ·반품 및 교환장소:구입처 및제조원 | 페트 | 과휴원회고시소비자 분장해결 기준에 의거 교환 또는 보상받을 수 있습니 | 탈각하여 간혹호두 캡질조각이있을 수 있으므로 드실때 주의하시기바랍니 | 지않아포창과에서약간의비차이가생수있습니다봉한선도유는먹지마십시오 | 팔리
002503,13,2022-01-24,0,0,0,8-80298900457 | 이념과실 | 지 | No Brand=이마트 니다 | N111 | 2022.01.24 | #21일52 | R7 | 시기바라니다.보 | 나타널 | REAL NUTS 리얼넷츠
002516,13,2022-07-20,0,0,0,뛰어납니다. | 불순물이적어안전하며색과향미가 | 일반방식으로 만든 분말제품보다공정상 | 제다과정을 거친후분쇄하여 만든제품으로 | 어린새을채엽하여녹차만들듯이 | ‘새싸블랙보리’분말제품입니다. | '흑다향'종자를사용하여 만든 | 새싸블랙보리는 농촌진흥청에서 개발된 | 2022.07.20 | aste | ee | cote
002530,13,2022-01-19,1,0,0,"30%,브라질산20%),합성헤이즐넷향함유 | (80z) | 커피원두 97%(에티오피아산 30%,인도네시아산 | 227g | 14:09 | 이p지시진 | 2022.01.19까지 | #티타임#풍부한풍미 #깊은향 #분쇄원두커피 | #노브랜드#스마트컨슈머 | 헤이즐넛향블렌드 | 08 | ROAST | CDFFEE | MILD | MIGH | BEEND | RICH | FLAVOR | TASTE | HAZELNUT | 브랜드가 | No Brane"
002538,13,2021-08-05,1,0,0,"PASTELEOI | Manutactured! | Batch: 2783 20 | 2021/08/05 | Best before: | .[(E20N270 | ( | I | Tocnen und kuhl lagern | DE Mindesiens haltbar bis/Lot-Nr: | Bewaren ini eer koele og droge | NL Houdbaat totLot: | FRTTAAGUSUO, LAITS e SNIA. | PT Consumi de perenciantes delLote: | Store in a cool: ad dry"
002561,13,2022-10-21,0,0,0,045520-3414 | 200ge | 04510-21 | de | 818569209111 | a | 원산지내일랜드 | 2 | 200 | 100  360 | 원재료명 | 영양정보 | 200g(720kca) | 4용형 | UST CANDY | ( | 일통02)380-5678 | 업소영일 | C | 식품유형
002562,13,2021-08-29,0,0,0,300 | e | g | 2 | 15:42 | L | 29/08/2021 | _27021 | 2 | 3 | 6 | 6
002564,13,2021-09-25,1,0,0,"2021/09/25 | 21i10358 | 개인의 필요열량에 따라 다를 수있습니다 | 1일영양성분 기준치에 대한비율(%)은2,000 kcal 기준이므로 | 트랜스지방 0.3 g 포화지방60 g 400 %콜레스테롤2.1mg 1%단백질27.7g 50% | 나트륨163 mg 8%탄수화물 288g 89 %당류 125 g 125 %지방 95g 176% | 2,118kcal | 영양정보 | 총내용량 4209 | 본 세품은 소비자분쟁해결 기준에 이거,교환 또는 소삭받을 수 있습니다. | 부정불량식품신고는 국번없이1339 | A | 있으니가적이면"
002572,13,2021-12-29,1,0,0,2021.12.29 | 유통기한: | 까지 | 실립지:OTHER | 88029891003773 | 뚜영:P/지:OTHER | 품목보고번호19970368036-49 | 포장재질폴리에틸렌테레프탈레이트 | 및함량 | 원재료명 | 감땅콩중국/등콩유 정제염6%구운이몬드이몬드미키2%로스티드피니츠네트팀등콩밀가루실당코넷주스 | (주대봉식품경기도광주시오포읍양별로58-7eL:031-7-080 | 제조원 | 내용량 1kg | 땅콩 또는 견과류가공품 | 식품유형 | 유통기한별도표기일까지 | 믹스넛점보 | 제품명
002576,13,2020-02-18,1,1,0,OTHER | 용산자인경번호 | 151020 | (김병석) | 인증번호 | 65-6- | 인종기간영 | 도담진 | (유) | 전화 | 061)433-6826 | 2020.02.18 | 포정장소 | 전남강진군강진읍목화길15 | ORGANC | 포장년월일 | 여냉장보관하세요 | 전남 장홍군 | 생산지 | 유기능 | 해나하시고 | 반품및교환 | 구입처 | 품목 | 유기농 상황버섯(30g) | 고서을한공에보여하조한 | 취급자 | 청림농원영농조합법인 | 폴리에틸렌(내면) | 용기(포장)재질 | *직사광설을피하여 건조하 | 인증품의 표시사항 
002578,13,2024-01-14,1,0,0,"8809258654292 | 2024,01,14 | 유통기한:하단표기일까지 | www,shinyoungspice.com | Shin Young | 부정·불량식품 신고는 국번없이 1399 | 의거교환또는 보상을받을 수있습니다 | 본 제품은 공정거래위원회 고시 소비자 분쟁해결기준에 | 포장재질:용기PET·뚜껑PP·리드지OTHER | 주소:경기도광주시초월읍선동길12-4 | 수입소분판매원:(주)신영에프에스/031-796-6435 | 수출사: Adani Food Products PVT.Ltd | 반품및교환장소:구입처 | 보관시 주의사항:직사"
002581,13,2021-11-17,1,0,0,2021.1.17 | 까지 | 유통기한 | 품목보고번호 | 20050471173-177 | 28번길117 | 41-956-1434 | 정남서천군 | 강읍 장항공단길 | 제조원 | 농업 | |사법인 한생(주)/ | 부급방법 | 곳에 | 관하시기바랍니다 | 보관및 | 직사 | 선을 피하고 서늘한 | 프릴레이 | 뚜껑-플리프로필렌 | 용기 | 쌀(내 | 면)-플리에틸렐테레 | 하단표 | 시일까지 | 일재료명 | (충국산) | 검정께100% | 기타동산가공품 | 2008 | 58 | 친정임마 볶음검정께
002592,13,2023-08-11,1,0,0,"540 | 57.5g |  dico e cabono | hydralen | Glucde/HHidorios de | 00 | urdoherf metede | gesetitsuren ont | 0g | Vetten /Lipios | 1027KJ-242KCal | 11/08/23 | L22420 16:34 | *인흥번:I BO 009 2089 | 어리아 | 인증기관:CCPB Srl | *전화번호:031–595-6281 | ACETROO CARANDINI EMILIO S,P.A | Casteinuovo Rangone(Mo)-ala | 조:"
002599,13,2021-12-NONE,1,0,0,"""00146620791 | 9 | 12/2021 L20154 08:38 | Batch no | Best betore date/RE | 02 Aochach | Brandstaturatrabe  | RAPSO Oamch Gmio | preect ton nus and iope | Oually from the nature | 0n | -0 | OEOHOABH | centted ty agovor GmbH | 100% rapeseed oil | e0,751 | Rapso"
002610,13,2021-07-11,0,0,0,"houtar tot | 1 | H184F318 | ndestens haithais | wer de prefrer vamle | BRETOn | PRO:13.11,2020  | paysan"
002621,13,2023-12-21,0,0,0,mMhenny | 12.221 | L0T 12120 | This is the | MRASCO
002634,13,2022-02-03,1,0,0,"(04228957 | Swet S@ace | 총내용량50g | 영양정보 | 2022.02.03 | HA | 돼지고기 합유 | Best before: | bees was, white and ye | urnauba wax. | lenon, spindinal: favourr | 리린(9지)구입 | alm kermel ot glarng oe | blackcarot, turmeric saflou | 020016-064562 | red radishred grape te | lactic acid; geing agent pectin | iouri"
002642,13,2021-10-31,0,0,0,31  10 2021 | 457000 | www.Iindt.sor | LINDT SUSTAINA | IT-210NG INDUNO OLONAAA | NINDT TSPRONGUSR | COCO | MANUFACTURED IN ITAIY BY | KREEARRRCEN SWITZERLAND | CHOCOLAOEFARIEN IWPERIARONGUI AG | QUALITY | GUARANTEE | HIGHLY MELTABLE · KEEP COOL | since 1845. | for chocolate | lon and love | Chocola
002645,13,2021-12-14,1,0,0,"20000009761981 | 기준이으로 개인의 필요 열량에 따라 다를 수 있습니다 | 폴리프로필렌(내면) | SSG.COM | 1일영양성분 기준치에 대한 비율(%)은 2,000 kcal | 길,대두,우유,계란함유 | 3g | 단백질 | 5% | 바랍니다. | 소금, 착색료(β-카로틴) | ·개봉후가급적빨리섭취하시기 | 45mg | 콜레스테롤 | 15% | 분유,합성향료(파인애플향),정제 | ·반품 및 교환장소:구입처 및 수입원 | 10g | 포화지방 | 67% | 1399 | 색료(3-카로틴)],버터,계란, 전지 | 0g | 트랜"
002658,13,2021-07-01,0,0,0,800-239185 | 01/07/21 | L19173 A | Sole | Proteine | Fibre | polioll | COSUMARPERMENENRO | di cus zuccheri | 7oge | PLASTEA | Carboidrom | PRASTREA | RACCOLTA | ACARTO | Grassa | PETT | 955k1/229kcol | Eneroio | PPS | PEREAMREIUNTE | INFORMAZION | RETORELE | GUSTO ARANCIA RAMONE | CON EDULCORANW | C
002667,13,2021-09-09,0,0,0,"L.20-371 | 09/09/2021 | AOnLUK | Hower oll, 3.5% |  no ceories | lsa | Maln | enomonum a sSOA | (emmoniumbkabo | 0% | X.3.5 | 1e,3.5% traneabpeor | 0% | wo.Con | 0% | ZaMerat | amiddol ( an SoJA | 0% | jsmiddel (ammonium | Cukier | (urarwna, | molle, 3.5% veenbes- | [ | 14% | on: Trocken und koh"
002677,13,2021-08-04,0,0,0,2021.08.04W지
002685,13,2021-07-28,1,0,0,"Pb.7,0901 Oslo | TINE SA | 7103801010296461 | 800 35 999 | TINE Kundesenter | TINE | ® | 1.150:44:41 | EFTA | KJOLEVAREO°C-4°C | M106 | 28.07.2021 | Pakket i beskyttende atmosfaere | Nõ | BEST FOR: | 'av referanseverdien [Saltinnhold er beregnet fra melkens naturlige innhold av natrium] | magnesium "
002687,13,NONE,0,0,0,연천방문의해 | 청정수원지캠페인1탄 | 임진강주상점리 | 21:06제조2 | 2021.02.02
002690,13,NONE-03-11,0,0,0,유기능 | MIL | ORGA | 유기농 | Hav'eat | 18:00 | 03.11
002693,13,2021-04-19,0,0,0,발사믹 드레싱 | 향긋함이살아있는 | 적포도가 더해져 | 드레싱 | 그레이프발사믹 | 포켓 | SALAD for MEAL | GARDEN | THE | IN | PIG | CUT | ASY | SV | 202104.19 A
002694,13,2021-04-19,0,0,0,발사익 트레싱 | 항할이살아있는 | 적포도가더해져 | 드레싱 | 그레이프발사믹 | 포켓 | SALAD for MEAL | GARDEN | THE | IN | PIG | TU | ASY | 202104.19 A
002695,13,2022-01-14,1,0,0,"아이애내(지) | 품목보고번호 | 플리에달렌내면 | 20140386713 | 용기포장재질 | :080-650 | 반풍 | 유유함유 |  .1있고분 량60%,,유군  | 농축액1 | 4% | 단백질29 | 말,네널란드산),티피오카전분태국산),설남,구연산,기 | 탈염유장분말 | 1% | 솔레스터를2.4mg | ,당,출,3.4, | 1% | 아미드므팩틴 | 포화지방0.29 | 랜스지방g | 1% | 요거 KS 9있요구트혼합국내 62. | 지방0.4g | 원재료명 | 13% | 20g(80kcl) | 내용량 | 13g | 별도표시일까지 |"
002696,13,2021-07-23,1,0,0,"www.maeil.c | 매일유업(주) | 매일상담센터 158 | 12:40 E5 | 2021.07.23 | 확인하실 수있습니다. | 캡:PP | 입력하시면 식품의 정보를 | OTHER | 식품이력추적관리번호를 | ""www.tlod.go.kr'o서 | 이력추적 | HACCP | raceabulft | +유통기한 | 비닐류 | 안전관리인증 | 싱드(88012176781) | '식품이력추적관리번호: | M | 주의사항 | 단백질 1.7g11% | 보관방법 | 콜레스테롤Omg | 을하여보여주시 | 포화지방0g | 트랜스지방0g | 유통기"
002705,13,2021-12-07,0,0,0,60 | 662 | 699 | 60 | $62 | 62'0 | 07-12-21 17:51 10 | 극 | U yBuno | I0
002711,13,2022-01-11,0,0,0,대두 함유 | R화제 | *이미지사진 | Ba | 주물러 | 스크류 | 22.01.17 | OPIEND | ATTOI
002727,13,NONE,0,0,0,7a2 | L007 | 04:55 | 17.03.22 | L0076
002729,13,2021-11-04,1,0,0,"GLU | EN | S.L. | 14:31 LOT 309 | /Tiverkadi | 04 NOV 2021 | panha / Hergestellt | BEST BEFORE | mEsgre / Prodotot | altecata sparya / | CEOINHONNG EN OLIFOLE CI%) | ODHOHUNCSPUEVER, MED OLIVOLUIA (I1%) | EONPUIVER, MED OLVENOLIE (I%) | ORONGAUER MITOLIVENOL (I%) | SCOM MELE AZEITE (T%) | ETALHUE DO"
002736,13,2021-04-28,1,0,0,"20 | 라끌레뜨200g | 0000 | CH-6002 Luzem | 7161 09003 3 9011 | Emmi Schwaiz AG | Product of Switzerland | 200ge | Articel Number: 1282849 | L1002021551 | 2066 | Best before | 28.04.2021 | CH | Keep refrigerate at +4°C to +8°c | Importeur: Fine F8B Service Co Ltd.,06017 Seoul/ Korea | Packaged in a prote"
002759,13,2021-05-12,0,0,0,"HER | 81809064/498431 | 2 | HACCP | 2021.05.12 | 나타드코코16%, 딸기14% | 뚜또코코딸기 | Tutto | 250 g (253 kcal) | Tutto"
002766,13,2021-03-16,1,0,0,st well beforeuse | Best before | eiez | LHn
002769,13,2021-12-08,1,0,0,1636TNG2160903F0 | EXP DATE: 08.12.2021
002778,13,2021-10-02,1,0,0,00074 | 8 | 809075112177911 | 02.10.21 | 175 9 | 2506070 | Best Before (유통기한) | Weight (중량) | 이상 는 변시드 구및 관문하기비립니다.용추식리드시기바립니다 | 유통기한라빌퓨시일MBest Before일일순지 내용량175g(700kcal) '모정사 리이렌 | 1일 영성분기비은2 기 의필을 이라다를수있습니어려 | OTHER | 랜스지방0g 포화지방21g 141% 레스테30mg 10% 단백질24q44% | 나트720mg 36% 탄수화물0g 0%당류0g 0% 지방34g 
002797,13,2021-04-28,1,0,0,유통기한:2021.04.28까지 19:09 | SHRED PIZZA CHEESE | 피자지즈 | 슈레든 | 닌마크 | Denmark | 201 | 2.1 | 2.1 | -2.55 | 2+7 | 2+1
002809,13,2023-01-20,0,0,0,침차 100 g(1 g × 100 티백)우50%현1 50 %| Korean Burdock tea  | 100E | 2023.01.20 | 만들어 맛파 향이 뛰어납니다 | 녹차원 우영차는 국내산 우영으로 | 우엉차 | 국내산재료만 담은
002819,13,2022-12-01,0,0,0,2022.12.01 | 이피클 | RPICKLES | 보영을수있니다
002828,13,2022-01-02,1,0,0,Do not freeze | Jangan dibekukan | and consume within 3 days | dan dikonsumsi dalam 3 hari | Refrigerate after opening | Setelah dibuka disimpan di lemari es | Stir well before use | Kocok dahulu sebelum pakai | The Coconu't Specialist! | CH0702 4/23:46 | 02.01.2022 | Digunakan sebelum | Best before
002833,13,2021-08-30,0,0,0,H218E33 | 202108 30
002836,13,2021-08-01,1,0,0,Q | 01/08/2021X28 | BEST BEFORE: | z314 11920AM2
002846,13,2020-03-09,0,0,0,NSX: | 09.03.2020 | T | 74 | CTY THM PHA TRAN | MPphim ouy | San Xu | meling. | hoan toan | Cah dang: | NMIETXOCO
002853,13,2021-08-11,1,0,0,"ypoBaikaHanpaxforMnak | MneumM 0DorCm.Bynspamcon(E331.E339.E450.E4S | cMpeHe bo CpeHe Mouapena ise), Boa, obeMacheHo MaKo Ha mpax, MaCho | 1045 | 0059/08/218:58 | EXP: 11.08.2021. 22 | Mliapinga No. | FZEATIVYKASZ | OTVVILRASZ | WE | 1309 | 개인의 않요 열링에 따라 다를 수있습니다. | 3151603 | 1일 영양성분 기준치에 대한 비을()은2,"
002861,13,2021-03-25,1,0,0,Supérieure | Cream | Créme | PRESIDENT | Whipping | EXP: | 25/03/2021 | H238T | PROD: 25/08/2020 | 15:55 | Adtv
002864,13,2023-03-02,0,0,0,GP-XX19
002866,13,2022-02-28,1,0,0,Da consumarsi preferibilmente entro il / Best before: | 28502/22 | RollBreak | L20238 | Serving suggestion (**
002884,13,2022-07-20,1,0,0,"""801045 | M22612 | 2 | Omg | 단백질 | 레스터를 | 탄수화물 | 나트름 | 당류 | 영양정보 | 수입판대원 | 소분원 | 제조원 | 포도씨유 100%스페인산 | 원료명 | 내8경 90m250 | 사용시주사항및보관방법사용종공기에장시간노 | 있으나 이는 포도씨유 고유 특성으로 | 전혀 없습니다 | 동결현상겨울철이나 냉장보관 하실 | 응고될수 | 함께 닫혀 샐 염려가 없습니다. | 함께 열리며 뚜껑을닫으면 마개도 | 안심캡사용법 뚜껑을 열면 마개가 | 2022.07.20. 11:57까지 | 포도씨유 | O또 | 프"
002895,13,2024-02-13,1,0,0,2024.02.13 | 유통기한: 하단표기일까지 | 순 부채(선통길 12-4 |  CECA/S | ESNE ROCSANG VEI
002904,13,2023-03-NONE,0,0,0,61 | HDPE | 3002939075 | -775
002912,13,2021-06-30,1,0,0,EXP:30/06/21 14:63
002915,13,2022-09-15,0,0,0,9 | 88 | 2022.09.15 | MAKG | BRMIRY | PENO | lomato
002937,13,2021-11-11,0,0,0,82% | CACAO | 카카오함량 | DREAM | 라
002943,13,2020-06-23,0,0,0,프별도표 | -0035 | 2020.06.23 | 제자
002944,13,2020-06-23,0,0,0,2020.08.28
002945,13,2023-08-27,1,0,0,포정 | 16:16 | L02401 | R | 27/08/2023 | 수입편적 | TRESPA | 제조원 | 보관생 | 유통기 | 2
002948,13,2021-08-12,0,0,0,12.88.2021 L268X6-U 11
002952,13,2021-11-03,1,0,0,까지 | 21.11.03 | 미o
002960,13,2021-10-08,0,0,0,www.cj.co.kr | 166-5471(문자) | 080-850-1200 | 고객행복센터 | 히브와천일염이만나고기맛을 살러습 | 맛있는 요리제안! | 으 한곳에서는 P | 시강선을 피하고 서늘입 | 분관방법 따을원 | 개봉및사용
002968,13,2021-05-28,0,0,0,Iuiru | 0 | 2021.05.28 | ELT
002981,13,2021-12-17,0,0,0,80g 05 | TE18 | 200 | 2021.1217 | Yunnpurth Cood Ar | Canpot Judoe | SWEIOR | Peaoh Plavor | ALAE | WEPRORE | Came Suge | We' re prord o | gummyworms | FRUIT JUICE | FLAVORED WTH | COLOREDAND | J pacl
002992,13,2021-02-21,1,0,0,"8809592/650066 | OTHER | 3억원 생산물 책임보험 가입 | 330g | NH농협 | 로오스나트륨,정제영) 대두합유 | ·사용상주의:개봉후에는 가급적빨리드시는 것이 좋습니다. | 및향량 | 베이트65,소르비탄지방산에스테르카르복시메틸셀를 | 또는 보상받을수 있습니다·부정·블량식품신고는국번업에 139 | 원재료명 | (조제해수,염화마그네슘) 소포제(규소수지폴리소르 | ·본제품은 공원회 고시 소비자 분쟁해결 기준에 의거 교환 | 대두분 99.6%(외국산:미국,인도 등),혼합제제 | ·소비자상담살 | 23-06/1보관방법:"
003004,13,2023-05-NONE,0,0,0,"H | 4 | 6 | 5 | llo""3 | o | 5 | ‘길 | 2 | 8 | 2 | 이 | 05.2023 | D9481 | o요 | □"
003008,13,2021-10-05,0,0,0,6001 | V/P | 66L | 699 | 60 | 62 | 670 | D | 3 | 05-10-2121:046 | onupy asS
003013,13,2024-01-29,0,0,0,L2029925 | 29lan2024 | (A€ | OIL | WITH | BAG | On IR | 스
003014,13,2021-06-12,0,0,0,AIWANS | TASTE | WEBERRY | y CiNnaMen FLaX | 1:4401017 | TUN | 블틈ST 부탑FOR트 | 1UM POWER | 9 | F
003016,13,2022-07-01,0,0,0,470237 | 8091411 | 8 | 2022.07 | 080-215-9800 | M00237-07 | Midgees | Ron | Tootsie
003018,13,2023-01-04,0,0,0,
003022,13,2021-11-01,0,0,0,"2021.11.C1 | 3,00"
003025,13,2021-09-13,0,0,0,"영양정보 | nutella | 1257xu-02:22 | 13.09,2921 | SKIRU"
003032,13,2021-04-12,1,0,0,"Masa netto: | 511901126013804> | 100 g (6 x16,67 g) | Net weight | 개인의 필요 열량이 따라 다를 수있습니다. | WE | 1일 영양성본 기족치에 대한 비울(%)은 2,000kcal 기준이므로 | 2,5g | 단150 27% | 일레스태를 60mg 20% | 28151603 | 포화지방13g 87% | 지방 16 30% 스지방 0.8g | PL | 15g | 100ng 505%50 2% 3.8g 4% | 3,8g | 1099-10005 224Kcal | 신고는 국번었 이 1399·"
003034,13,2022-11-21,0,0,0,wwocelonor.com | 21 11 2022 PX | NETWEGT: 0g9 71 | Gula | Jawa | RS | SUGAR | COCONUT | Deliomor
003039,13,2021-03-01,1,0,0,"송고객상담실 080-019-9119(수신지부담) | 8801024051779 | IACCF | 2021.03.01까지 | ccm | 유통기한 | DAESANG 대상주식회사 | Da | 고있습니다 에는 질을 우리가 있으니기적간 내에드시고넘은 세은 는시정보하여 주십시오본은 소사 | 제조원 | (주)하이푸드택 충청님도 금산군 금성연 금성공단로4) | 반품 및 교황장소 판매원 및 구입서 | 유동기한 | 후면 요시열까지 | 포장재질(내면) 폴리에릴렌(PE) | 보관방법 | -2~10C닝정보관 | S예르기유발물질 | 읽고기;돼자교기,최고기,대"
003041,13,2022-01-17,1,0,0,"일수 | J다 | 영양정보 | 0 | deleo | Firenze, toly | Tovamnel oliPes0 | Vi L.D Vnci 31.5028 | Caropell firennSBA. | Pocked in taly bby: | 22 | BATCH N | F BEST IF USED BY |   | Inmpotedondibd) | INGREDENTSER | Souroed foat( 13 | 13.71 | Tonal a 912 | Totll gar (g) | Sevings percontoiner, 3 | Cotbodinte () |"
003046,13,2021-10-20,1,0,0,"88092421176786 | 뚜맹PP | 페트 | 소비자분쟁해결기준에의거교환또는보상받을수있습니다. | 제조사실에서조하고있습니다본제품은 공정거래워원회고시 | 식고기오징어조개류(통합전복포함를사용한제품과 같은 | 게지고기복승아토마토대두아항신호두장새우고기 | 유통기한 | 제품별도표기일까지(년,월,일) | 필레(P),실링자-플리스티런페이페(PSP) | 포장재질 | 폴리에틸렌테레프탈레이트(PET)뚜껑-폴리프로 | 품목보고번호 | 200203364411119 | 및 소재지 | 사기막로 52 B106호B107호 | 소분업소명 | 취브려드가는 성"
003047,13,2021-04-07,0,0,0,DAmiC | salsa tart | LAE81 | 07/04/2021
003061,13,2022-03-05,1,0,0,유토2022.03.05 | 제조202103.06 | ·번품 및교 | ·소비자상담 | ·부정-물강 | 6/18096081103981 | IPP | 개봉후는 | ·직시공선및 | 닐류 | H | 의거교 | ·본은 | 7 | 수인이니2 | 하고인 | ·이 | 기을 20 | 단백질 | 포장저일 | 79 | 13% | 물레스테롤 | Omg | 원재료 | 3% | 표화지방 | 0.5g | 3% | 지트랩스지방 | 4 | 지방 | 0g | 3.9g | 당류 | 7% | 6g | 남수화물 | 6% | 87g | 나트를 | 27% | 60mg | 1
003065,13,NONE,0,0,0,"중량8118 g(20 kcal/1개5.9g,총400kcal/20개)커피20.3% | STICKS | 홍 | 20 | 2021.11.12 19:222AN | 커피믹스 | 블랙 | 아이스 | MaXIm. | NoR"
003073,13,2021-08-25,1,0,0,"2021.08.25까T | 8801062335 | 고운마음, 안버리는밝은마음 | http://www.lotteconf.co.kr | 법에의한피해보상 | 고객지 인선터 수신지요금부당080-024-6060 | 식품신고는국번없이 1399 | !본사에서 교환 | 롯데제과 | 개인의 필요 열량에 따라 다를 수 | 곳에 진열,유통중 변질품은 | 1일영양성분기준치에대한 | 습니다.·직사광선 및 습기를 | 9% | 단백질5g | 계란,복숭아,땅콩,돼지고기를 사용한 제품과 같은 제조시설에서 | 1% | 콜레스테롤 5mg미만 | 73% | 포화지방1"
003075,13,2021-01-16,1,0,0,"8809470006640 | OTHES | 유통기한 | 2021.01.16 | 까지 | -부정·불량식품신고는=번없이1399 | ·혼제품은 공정거래위원의고시소비자분쟁해결기준에의거 교환또는 보상받을수있습니다. | 홍합 포함) 잣을 사용한 제품과같은시설에서 제조하고 있습니다 | ·이제품은알류(가금류)메밀,땅밀고등어게새우돼지고기복승아토마도호두닭고기,시고기오장어조 | *보관시 주의사항:직사광선 및 고온다습한 곳을 피하여 건조하고 서늘한 곳에 보관하십시오 | ·제품개봉시포장재에의해상처를입을수 있으니주의하십시오 | ·특이체질 및 알레르기체질인경"
003077,13,2021-12-13,1,0,0,까지 | 21.12.13 | /www.lotteconf.co.kr | 신자요 | 롯데제과 | 080-024 | 60 | 고객지원 | 터 | OTHER | 비닐류 | 단백질 | 1 | 9미만 | % | 콜레스테롤 | Cmg | 0% | 포화지방09 | % | 0 | 발랜스지방09 | % | 0 | % | 9 | %
003096,13,2022-10-12,1,0,0,말 | 메 | 메 | 졸깃한 | 까지 | 2022.10.12
003097,13,2021-04-12,1,0,0,비빔막국 | 브랜드가 아니다. 소비자다 | No Brand | 계절별미 | 까지 | 2021.04.12 | 유통기한:
003108,13,2022-07-16,1,0,0,"la.co.th | ww.mama-ricenoodles.com | Thailand | Rd, Pak Raet, Ban Pong, | PSPUBLIC COMPANY LIMITED | 16/07/2022020G17 | ari: Thailand | a povodu | puvodu | duct of | Baik digunakan sebelum: lihat kemasan. | megncitempat sejuk | na zadnej strane obalu. | iarenia, | hade na such | dtum vyroby/Minimaln"
003118,13,2021-07-10,0,0,0,2021.07.10 | 젤리스틱1L003(1prOkal) | Deach | Lychee
003120,13,2021-09-30,1,0,0,PP | PP | 61192957211510454 | EXP: 2021.09.30 | Okcal 기준이므로 개인의 필요 열량에 파라 다를 수 있습니다 | 0g 0%트랜스지방 0g·콜레스테를Omg 0%단백질 0g0%일 영양성분 기준치 | 수화물 64g20%당56956%  0g 0%화지방 | 바자의 피에해교또는 보상을 받을 수있습니 | 식물의신고는국번이 1399제은 공정거래워원회고시수비자해 | 경우 질식의위험이있으니잘게자르거나꼭꼭어서섭취하시고5세이하 | 070-4-9248*0 | -PP.껑-리프로필유기 제도기일지( | (소 소 | 실팅
003126,13,2021-02-16,0,0,0,021.02.16 | 점선을 따라개봉하십시오.
003127,13,2021-02-16,0,0,0,1.02.16
003130,13,2022-03-30,1,0,0,"machoenmallcom | TEL(055963-7107 FAX(055)963-7106 | 경남 함양군 마천면 천왕봉로 1172 | 지리신마천농업업동조합 | ·소분·판매원: | 정:PE | 8803662170041 | 베트 | 2022.03.30까지 | 유통기한: | ·만 12개월 미만의 영유아에게는 섭취시키지 마십시오. | 으실 수 있습니다 | 분쟁해결기준에의거교환 또는 보상받 | ·본 제품은 소비자기본법에 의한 소비자 | ·부정·불량식품 신고는 국번없이""1399"" | 구입처 및 대리점에서 교환하여 드립니다 | ·유통과정중 파손"
003133,13,2021-05-22,1,0,0,No Brand | 메밀소바 | 좋깃한면발과가쓰오조니액으로로 | 까지 | 2021.05.22 | 유통기한:
003140,13,2021-07-12,1,0,0,"1,0009 | 이미지사진 | 12% | 해바라기유사용 | 고올레산 | PREMUM ORIENTAL DRESSING | 오리엔탈드레싱 | 프리미엄 | 2021.07.12까지A | 2021.01.13제조A | sias | sias"
003141,13,2021-07-12,1,0,0,"1,0009 | 해바라기유사용 | 고올레산 | 오리엔탈드레싱 | 프리미엄 | 2021.07.12까지 A | 2021.01.13제A | sias | sias"
003148,13,2022-01-14,1,0,0,"880507377 | 95번길 76 (0313-0451 | 제조원취옥천식품/경기도파주시 소라지로 | 번용및고관장소구입처 | CoK서울시강서구화곡로 398(동동) | 홈플러스주)ww.homelus | 유통전문관매원 | 직사량선을 피하고 실온 보관 | 보관방법 | 유동기한 우측상단표시일까지 | 포장재질(면) 용기리드지-PET뚜껑-P | 지리아, 파키스탄등 | 원재료 및 함량 | 참께 100%(외국산(인도, 나이 | 19960355183170 | 픔목보고번호 | 기타농산가공품 | 식품의유형 | 제품명 봄음께 | 2022.01.14 | 2"
003157,13,2021-10-26,1,0,0,001 | 까지 | 2021.10.26 | 유동기한 | 국번없0199 | 부정-통광식신고 | 단백질1 | 스터 | 자방 0 | 탄수 | 나50 | TRRE9 |  e | 영양정보
003172,13,2021-06-20,1,0,0,1462 2 ddenoll | ver etiqueta | temente antes eren | Consumir preeent | 17122451 9 1272 | 8 | Best before: se bl | 2-7°C | Conservese etd | Kenp refrigerated | 150g e | EC | Z0714 | NL | 120917 | 20-06-21 |   | Fre ranging lo | 48% | 30% | 단백질26g | 159% | 콜레스테90mng | 61% | 9g | 포화지방24g | 0% | 지방33g 
003180,13,2021-07-08,0,0,0,2021.07.08 | () | Net Weight 125g | BRIE
003184,13,2021-06-28,1,0,0,YHI2R 0E0036 1749 | BEST IF USED BY JUH 28 20E1 | 2.40
003187,13,2022-01-17,1,0,0,AR | 기보세요 | 떡톡 | 2 | 까지 | 2022.01.17 | ·부정·불량식품 신고는국번없이  | 라면사리가들어요 | 여교환 또는 보상을받을수있습니다. | 에의한 소비자분쟁해결기준에 이가라 | :041-74-30 | 기·
003195,13,2021-12-13,1,0,0,8 | 80507 | 1952 6 3-051 | 반품및교환장소구입처 | 홈플러스()ww.homus. | 직사광선을 피하고실은 보관 | 보관방법 | 우측상단표시일까지 | 유동기한 | 용기/리드자-PET뚜껑-P | 포장재실(내면) | OESAME | 검정께 10%(중국산) | 원재료및함량 | 19960355183167 | 품목보고번호 | 식품의유형 | 형기타농산가공품 | 품명 | 을깨 | 2021.12.13
003196,13,2022-11-05,1,0,0,Natura BioS.de R.Lde C.V. 7 503019 799826 | Made in Mexico by: | Avocado Oil. | Exta Virgin | INGREDIENTS: | Exp: | EXP N0U 05 2022 | LOT ACAEU051120 | Lot: | 부종불량식품신고는국번없이 1399 | 원산지:역시코 | 니다.
003211,13,2021-08-11,1,0,0,FRUIT BOWLS | Peach | Dk | 복숭아 | T10Ouice | BEST BY ALG 11 20E1
003212,13,2022-08-25,1,0,0,미국판매1위 내서널 | 2022/08/25 | Exp: | Lot.: | 2392871 | -> | O | 4 | nlin
003217,13,2022-01-15,1,0,0,470 | 2022.01.15 | BAIK SEBELUM: | BEST BEFORE: | LUN123FAX604-4412235 | MANUFACTURED BYS | 0.0% | 1.0% | 10% | TRAY | tion | OK
003218,13,2021-03-16,0,0,0,"16.03.2021 | 기준이므로개인의 필요 열량에 따라다를 수 있습니다 | 3009 | 1일 영양성분기준치에대한비율(%)은 2,000kcal | 지방 31g | 61%단백질 | 7g 13% | PP | 당류 | 32g | 콜레스테를Omg 0% | 탄수화물58g | 18% | 포화지방 14g 93% | 트렌스지방0g | 나트륨 200mg10% | 100g 당1일영양성분 기준치에대한 비율 | 영양정보 | 총내용량300g 100g당 535kcal | Foeds | 밀,계란,우유함유 | Imperia | *부정,불량식품신고는국 | 달갈분"
003229,13,2022-07-NONE,0,0,0,ESTB07/202 08 | :26 | L0T 3114412
003230,13,2022-03-28,0,0,0,282-20202-1:29-272
003240,13,2021-11-06,0,1,1,"13.4: L6.01V23091 | EXD: 06.11,221 | PRD: 04.11.20220 | 0 | 178530215735 | 41 | FRANCE | Man"
003247,13,2023-01-17,1,0,0,"1,640원 | ON | 인하가격 | 656원 | 0.01g | 할인을'50%100g당 | 739299 | 인하상품 | 1.199 | 352kal Eh | (100g) | (=)0 | 8 | 7·70 | oe loste ond | L00350176 | 05:42 | mscocterged | 2023.01.17 | Aast tho oomes | 7( | sot2amesibe | -Best before:- | sonst be frved | Stoton, in | foulouing | 인증번호T-10-009-996 | CCPB Srl |"
003249,13,2023-02-01,1,0,0,Nl0l9 | 1008 | YEAST | 이미지사진 | 효모98.9% | 이스트 | 빵 발효가 잘되는 | DRL | INSTANT | 이스 | 효모98. | 잘되 | 까지F2 | 2023.02.01 | 브랜드가 아니다소비자다 | No Brand | 보관시지퍼를 이용하세요 | ZIPPER BAG | OPENHERE
003250,13,2023-02-01,1,0,0,YEAST | 이미지사 | 98.9% | 이스트 | 방 발효가 잘되는 | INSTANTC | DRY | 이스 | 효모98.9 | 까지F2 | 2023.02.01 | No Brand
003251,13,2023-04-NONE,1,0,0,"994 | 04/2023-L501 | Best before end/Batch | 0.05c | an | fnde/Lote: | 12g | Consumir feretementeantese | Fibre | a | 5,0g | 3rs | Mantener enlugar frescoyseco. | 4,0g | MADE IN SPAIN | Carbohydrate | 67g | urates | FABRICADOEN ESPANA | 0,5g | fwhich: | 1620ECari CORDOBA | 2,0g | 344 kcal | CALLO,S."
003262,13,2021-06-10,1,0,0,120775A15:33 | EXP DTE 2021-06-10 | 413121/360055 | 7200
003264,13,2021-09-13,1,0,0,1200 | 키≤e | 22 | EXP:2021/09/13 A1 | Net Wt./Net Contents 120 g | CRACKER SANDWICH | SUPER CHOCO | Kid:-0
003269,13,2022-01-28,1,0,0,Min.: +15°C/59°F Max.:+21°C/68°F | 141295612134131 | 28.01.212 | LF20210 14 | NetWt100ge | ennen / Najlepiej spozy przed: | antes e:/Minst holar til:/ st fore:/Prast | INFO@KIMCHOC.BE - WWW.KIMCHO.BE | Daconsumars prefebilmenteentr :/Consumir | GRUPENLAAN 11-330 TIENEN BELGIUM | Ten minse dr tot: /M
003272,13,2021-05-03,1,0,0,냉장제품 | 내용량 150 g/589.5 kacl | 88093591620356 | 자연치즈·생치즈·무방부제 | MADE | HAND | 번품및구입및본사 | 유한도가일조일로부터60일 | 구워먹는치즈 | 2000 cal 기준이 | 보208002 | 18% | 242g (44% | 74.% | 보관방법 | 캐스지 | 049 | 폴리에달렌내면 | 포화지방 | 포장제질 | 429 | 28% | 21.2 g(140 %) | 649 | 26% | 31.8g (63%) | 004821 | 당 | 0.9 | 부청주시 상당구 미원면 내산길26 | 
003297,13,2021-10-21,1,0,0,면률철가 | 조리예 | 지방함유량이고불지않아 합니다. | 기름으로 튀기지않고고은으로구워 | BAKED NOODLE | 구운사리면 | 기름에 튀기지 않은 | PEACOCK | 2021.10.21까지(원주B)(5) | 유통기한
003298,13,2021-10-21,1,0,0,BAKEDNODLE | 구원사리면 | 기름에 튀기지않 | PEACOCK | 유동기한 | 2021.10.1까지(원주)
003312,13,2021-03-11,0,0,0,R:070
003314,13,2021-07-05,1,0,0,851936 | 100102 | TEL | 7 |  을수있습니다 | 유8기한 | 일소제지 | () | Thtn foodCo d | COCOI
003316,13,2022-02-07,1,0,0,PH 232 | BBE 2022 02 07 | SANDVIC | BiSKUVI | KAKAO | 2000 | Bifa
003322,13,2021-09-01,0,0,0,"A | 01파지 | 99 | 2021 | 8%가공버터 25% | 500 g(2,540 kcal) | somtip"
003330,13,2021-11-03,1,0,0,"()안은100g당 1일영양성분 기준치에대한 비을임 | 1일 영성분 기준처에 대한 울()은 200K 기준이므로 개인의 필요 열량에 따라다를수 있습니다. | 트랜스지방 0g, 포화지방 0.67g(4%), 콜레스테를 0mg(0%), 단백질 11g(20%) | 나트름1,470mg(74%), 탄수화물 75.6g(23%),당류 4.2g(4%), 지방 5.7g(11%), | 영양정보:총내용량250g,100g 당397kcal | EXP : 2021.11. 03 | *본제품은대두를사용하는 시설에서 제조하고있습니다.부정,불량식품신고는 국번없이 139"
3348,13,2027-07-13,0,1,1,"1 | MFG1303 | F | WKNA001 | in a cool,diyplace.Cat food only.(212) | 고 서늘하고 건조한 장소에 보관하여 주십시오.변질의 우려가 있으니 개봉 후하급적 빨리 급여하십시오 비추동물에게 | (D/M/Y)/주의사항:항상신선한울과함께급여해주세C선이 당는장,해충 | 월/ 순서) Product of Thailand. Manufactuag Date (DD/MMYY) PRINTED ON THE PACK/ | 00-002-828조업자명주/anufactured by/:Mars Pecare | :11"
3349,13,2025-12-10,1,0,0,ㅇ | -04-6 | 품목보고번호:2000347052-3048 | 880111801237221010 | 소김핵2.16사장지 | 품명 | 소김년원일시간까지 | 참고소한제육덮밤
000004,14,2022-02-14,1,0,0,"$ | 유러 | 스트텐주정,구연산,진단검 | 두 | 물굴농축에자농(농축에 | 반 하여 주십시오. | 시가능성이있으므로용는하 | 능·부정량식품신고는국번이1 | 사용하십시오·소비자분해결기준에의거그 | 굳는현상이있을수있으나품질에는이상이없으며 | 은조시에서 제조하고 있니다제품특성상 | 고기기시고기오를사용 | 시용시기따손주본제품은토마트고 | 보그변202046480868 | 100"
000009,14,2026-10-29,1,0,0,"iok | [19=1.09 m | 0% | 단백질09 0% | 플레스테Omg | 87% | 0%수화09 0% 답0 | 나트륨omg | 0% | 영양정보 | 기I-PET,마개-PE | 용기 | 장재질(내면) | 그늘진곳에 보관하십시오. | 서늘하고 | 분관방법 | !상단표기일까지 | 라벨 | 교환처 | 소비기한 | 영업소 | 19790190025-19 | 반품 및 | 구입처또는 | 품목보고번호 | 인천광역시 중구 서해대로 140번길 49 | 소재지 | 씨제이제일제당(주) | 업소명및 | 포도씨유 100 %(스페인산) | 원재료명 | "
000015,14,2026-03-01,1,0,0,"M | Nel | ICE 2008 | o | Ket | 기한 | 2026.03,01/A | E | 소비 | 2025,09,02/21:35 | 209 | 801117-55591 | AC | 승오리은 | 마켓오브라우니 | Marketo"
000034,14,2026-06-30,1,0,0,"까지 | LOTTE | PEPERO | 1,660 | PREI | 이트  | white | 화이트쿠키 37ge | white"
000044,14,2026-02-07,0,0,0,CJ2 | 23:53 | 26.02.0
000047,14,2027-04-14,1,0,0,"2027.04.14 15 | 소비기한 | DAESAN | 8고객상담실 | F12408 | ·게새우고기닭고기조개()성분입 | 에틸렌 | 내포장재질 | 용기폴리에틸렌테레프탈레이트 무 | 비아(감미료)종국,영양강화제 | 대두밀함유 | 마베이스4.9%(다시마:국산), 주정, 염화효소처 | 천일염(호주산),소맥(미국산)기타과당, 유산균 | 원재료명 정제수, 탈지대두{외국산(인도·미국·청 | 소재치 | 순창읍 순창로30 | 업소명 및 대상(주) 창공장:전북특별자치도 순 | 식품유형 | 품목보고번호19850499011231 | 자르기"
000050,14,2025-09-30,1,0,0,"국번없이1399 | ·이제품은 | www.cwod.cor | 일제조원및 판매원 | 080-039-8585 | 2014035624181 | 고객행목센터 | 품욕보고번호 | 먼재길 129 | (주)청우식품 | ()철우시품/경기도포천시 영중면 | 꿈과 사랑의과자 | 유통전문매원 | 543-1(가통) | 달공씨앤에프/경기도 파주시 정문로 | 제조원 | 기준이으로 개인의필요 열량에 따라다를수 | 1일영양성분 기준치에 대한비을(%)은2 | 포장재질 | Ar | 후면표기일까지 | 소비기한 | 0g | 단백질 | 출색소,정제수,3-카로틴(착색료)"
000059,14,2027-06-22,1,0,0,"품은 소비자 분쟁해결 기준에 의거 교환 또는 | 같은 제조사에서 제조하고 있습니다.·본제 | 없이 1399. 본 제품은 메밀을사용한 제품과 | 보관 하십시오.·부정·불량식품 신고는 국번 | 직사광선을 피하여 건조하고 서늘한 곳에 실온 | 나는것과 함께 보관 하지 말아 주시기 바랍니다. | 면 바로 건져 찬들에 씻으십시오.·강한 냄새가 | Na | 래 끊이면 퍼질 수있으니 적당히 말랑말랑해지 | 며익히면 됩니다.면이 삶아진 후에 계속오 | 나며 넘치려할때찬물을한,두스품씩 부어가 | 화재 위험이나 화상을입을수 있으니 거품이 | :국수를"
000071,14,2027-07-20,1,0,0,GOOD TODAY | 2027.07.20까지 | 소비 | * | 2025.07.21 | 포장 | Macadamia | 마카다마아 | 은은한 | 풍미와 | 향긋한
000080,14,2026-09-16,1,0,0,"지방산에스 | 1 | 까지 | 소금,산도 | 25.0917 | 부터 | 전분),전란 | 잠유(말레 | 일:미국산 | 롯데웰푸드 | 가나산,에 | 혼합분유 | 8 | 프로필렌 | 180225911020431 | 읍 | 1길25 | 3,990"
000101,14,2026-04-08,1,0,0,박스밑면들 | 면 | 한국인의 맛 | 2026.04.08까지 | K1B1 22:41 12961 | 정 | 근욱 | (9) | ZESEOOIOI | 육농
000103,14,2025-12-18,0,0,0,치즈버터 | 갖구분 | 에어프라이어 | 맛으케 | BREAD | EHP: 2025-12718 | 6개입 | CHFE | HESEBUTER BKEAD
000109,14,2025-12-12,1,0,0,04:43 D3 | 2025:12.12WA1 | 소비기한 | 소비 | 20001d | 11% | 5830%
000134,14,2026-09-23,1,0,0,"유하 | 나트륨 | 공산/설당,식물성유지, | 구입처및제조원 | 반품및 교환장소 | 20080435169414 | 고번호 | 문판매원 | 폴리에틸렌 | 포장재질(내면) | 후면표기일까지 | 한 | 곡류가공품 | 내용량 | 300g | 식품유형 | 더티초코청크그래놀라 | 명 | Granola | Chunk | Dirty Choco | 2026.09.23 A | No Brand X OuR Bakery"
000135,14,2026-04-18,1,0,0,"노브랜드의 이념과 실천 | 0 | N184 | 을 | 고 | 호 | 서 | 에 | 저 | 조한 | 하고 | 호 | 밀 | 실하시기 | 시 | 고,개 | 개봉시 | 용한제 | 리스틱 | 내포장:OTHER | 이미지사진 | 뚜껑:PP | ·추의사항제품을그롭 | 필요열량에 따라다를 수있습니다. | 콜레스테울0m8 0% | 트랜스지방0g | 포화지방이 | 4%지방0g | 당류4g | 1%탄수확물 43 | 나트륨15mg | 영양정보 | 총내용금 | EXP 2026.04.18"
000136,14,2025-12-02,1,0,0,"다 | 까지 | A | 2025.12.02 | 소비기한 | 2 | 치 | 세요 | 장으로 | No Brand는 모두 이마트의 상표입니다 | HACCP | 인하여 | 안천관리 | 변질 | 온혼도편차 | 재활용어 | 8801077/3718001 | 가급적 | 빠른 | NER | 내포장: | IiR | OTH | 비 | -578 | 준이으로 개인의 필요 | 따라다를수있습 | 영성분 기준치에대 | 구서종대로 | 율(%)은2,000 kc | 단백질28 | 4%19g | 우산공단 | 클레스테를 | 10mg | 3% | 335mg | 포화지방 "
000137,14,2026-03-26,1,0,0,"103510 | OTHER | 804433 | 8 | 브랜드의 이념과 실견 | N2063 | 의 필요 열량에 따라 다를 수 있습니다 | 까지 | 6g 7% | 87% | 포화지방13g | 까지H13:36 | 당류14g 14% | 12% | 까%26.03.26 | 60g/60g당310 kcal | 소비기한 | 곳에 보관해 주시고 개봉 후에는 빨리 트십오 | 도는 보상을시에서 조다다 | 분쟁해결기준에 의거 교환 | 구입처및제조원 | 반품 및 교환장소 | 19910461077-548 | 60g | 품목보고번호 | 5678 | 우유, 대두"
000143,14,2027-03-06,1,0,0,"이마트의상표입니다 | #노브랜드#스마트컨슈머 #식용유#파스타 | No Brand는 | N776 | 210000001806785 | 06/03/2027 L15448 | 1열영영성분 기준처에대한비을(%)은 2,000kcal기준이으로개인의 필요 열량에따라 다를수입 | 0% | 클레스테롤Omg | 0g | 단백질 | 0% | 지방 | 트랜스지방 0.19 | 91g 169% | 포화지방14g8 | 0mg | 나트륨 | 0%탄수화물 | 0g 0% | 100m 당 820kca | 영양정보 | 총내용량 100 | 수입원및 구입처 | 환받을 수 있"
000144,14,2027-03-25,1,0,0,액상차 | 딸기당절임(딸기40 | Type | 시원기 | 580 g | 당신이스마트 컨슈머가 되는 길 | |당절임(딸기40%)70 | 브랜드가아니다.소비자다 | No Brand | 80g | N1838 | Main Ingredient | Str | Strauberry | 2027.03.25 D | Frit Tass | '1청 | Sweet | 딸기정
000145,14,2027-03-24,1,0,0,"뜻하 | 용카페 | m9478 | 한 | 079. | Type | 다같은 | 노브랜드의 이범과 일론 | 당신이스 | N1195 | 브랜드 | 5800g | 역상치 | 현상이 상감 | 고 | No | ·원료의특성 | Ginger | 원료확인훈 | No Bral | 2027 | 교환 | bingeedient | 에따라과면 | 포장재질 | 127.01.23 | ·특이체질,알레리 | 2027.03.24C | 색이진해질수업 | 판매원 | ·보존료 무첨가제 | 유통전문 | Fr | fruit Ta | 주의사항 | 67 | 제조원 | 샐러드러성"
000149,14,2026-04-28,1,0,0,Brand | No | # | 2026.04.28 | 까지 | 소비기한 | 국산 | 품목보고번호 | 2005047117351 | (순화동)/(02)380-5678 | 서울특별시중구 세종대로7길 37 | 유통전문판매원 | (주)이마트 | 오소버비자다 | 28번7/041-956-1434 | 충남서천문 장항읍 장항공단길 | 제조원 | 농업회사법인한생(주) | 취급방법 | 곳에보관하시기바랍니다 | 보관및 | 직사광선을피하고서늘한 | 재질 | 포장 | 소비기한 | 하단표시일까지 | 원재료명 | 건고추100%(국내산) | 식품유형 | 고줏가루
000151,14,2026-09-07,1,0,0,되는길 | 과 철학 | 만드는 것 | 법을찾아 | 소비자다 | 2026.09.07.B | nd | TM | M | Brand | TM
000155,14,2026-06-22,0,0,0,2026.06.22  08:26:40L1 | 우리
000159,14,2027-01-08,1,0,0,< | > | 2027. | 01.08.21 까지 | 소비기한: | 뚜껑:LDPE | 무색페트 | 소비자증심 | 제품명 있습 | 이미지사진 | 사용하십시오 | 선에 #잡내제거#비린내제거 | MATSUL | 1399 | 량식품 신고는 국번없이 | 또는 | 받을 수있습니다.
000160,14,2026-10-27,1,0,0,"3,780 | 액 | EXP: 2026/10/27 | FPD:2025/04/29 | 침"
000162,14,2027-06-12,1,0,0,"노브랜드 | 4,580 | 몰리고당1.2kg | 2027.06.12 까지 | N127 | 900 | 라P벨:PET | 뚜껑:LDPE | 05.10 16:5 | 는국번업이 1399 | 법에의게,교 또는 보상"
000171,14,2026-05-27,1,0,0,"시아산),코코 | 탕,가공유지(팔 | 올수수가루(옥수 | 내용량 | 120g | 식품유형 | 초콜릿가공품 | 제품명 | 초코소프트콘 | 2026.05.27까지 | 2025.08.28부터 | F1-C 13:38"
000205,14,2027-05-18,1,0,0,"AUCE WiIth VEGETABLES | 3,580 | LDENCURRY. | 18. 5.2027 | BEST EFOREODMW"
000211,14,2026-02-12,0,0,0,"3,700 | 3,700 | 961240"
000230,14,2026-03-28,1,0,0,"EXP 2026-03-28 | 따라 한를 수 있습니다 | 론일을내드시기 바랍니다 | N고드셔도 괜찮습니다 | 쉴레스테를95 mg 32%단백질5 | 윗로커스트콩검우유함유 | 지방 23 g 43% 트랜스지방 12 | 지않은 | 나트륨390 mg 20% 탄수화물31 | 서 15초 이상 살균 | 영양정보 |  엽면에 표시된 기일까지 | 7,45 | 648 339 | 팔라델피아 크림치즈 191 | 6,980 | 필라엘피아 크림 | CREAMY | PHILADE"
000232,14,2027-11-26,1,0,0,"메디컬허브 | 7 | + | 7 | TOTAL | 사용기한 및 제조재P1,P2):- | 제조번호:튜브상단에별도표기"
000239,14,2026-07-10,1,0,0,"트랜스지방 00포화지방0g0%콜레스테를0.m9 0%단백 | 나트륨 910mg 46%수화물26g 8%당류22g22%지방 | 총내용량300g/100 g 당 | 영양정보 | ·부정·불량식품 신고는 국번없이 1399 | 까지 | 2026.07.10 | ∞ | 소비기한 | 및 구입처·본 제품은 소비자기본법에 의거교환 또는 보상 | (굴,홍합 포함)성분 혼입 가능·반품 및 교환장소:고객상담실 | 밀,게,새우,돼지고기,아황산류,닭고기, 쇠고기,오징어, 조개류 | ·서늘하고 건조한 곳에 보관,개봉 후 냉장보관,·알류,우유,땅콩 | 업소명 및 소재"
000242,14,2026-05-21,1,0,0,"라 다를 수 있습니다. | 까지 | 을(%)을2,000 cal | 7% | 4g | 백질 | 2026.05.21 | 23% | 부터 | 포화지방3.58 | 2025.09.22/15: 10 | 랜스지방이g | 11% | 68 | I방 | 소비기한 | 인증한 식품에만표기하는 마르합다 | 총내용량당 | 대한비율 | 식용의약품안전지 | 신약천에서 위생적이고 안전하다고 | 1일영양성분기준치에 | HACCP | HACCP마크란? | 식품안전관리인증 | 1용량468/206kcal"
000243,14,2026-08-17,0,0,0,로 개인의 필요 | D3 | 2026.08.17 | 3g22% | 류1.491% | 185kcal | 5.504개입)
000245,14,2026-02-24,1,0,0,"보존을 위해 | 어, 새우게 | 제품 본연의 가채를 높여 나가겠습니다. | 눈을감자는 합리적 포장으로 | 식품의약봉안전처 | 87005149 | OTHER | D | HACCP | 닭고기함유 | SMART | 식품안전관리인증 | 베트남산,말레 | 가산,채종유호 | 유지, 변성전분, | 까지 | 11 | 26.02.244 | 후면표기일 까지 | 23:09.25/21:58 | 부터 | 소비기한 | 이미지예 | 28% | % | 1% | %"
000246,14,2026-02-04,1,0,0,"18011171752802 | 8 | OTHER | HACCP | 서울인전관리인 | 까지 | 05:40A01F4 | 부터 | 26.02.04 | 기한 | 25.09.05 | 소비 | 등이있습니다 | 어니언 | 양념바베큐, | 감자그라당 | 파타레프의대표 요리는 | '감자'를뜻하는 | 이탈리아어로 | PROPILE | 마리오파타타 | 이탈리아쉐프"
000250,14,2026-03-04,0,0,0,"맛있는 | 까 | 26.03.04 B6 | 부터 | 25.09.0514:11 | 기준이브로 개인의 필요 열량에 따라 다를 수 있습니다. | 1일 영양성분기준치에 대한 비을(%)은2.000 kcal | 칼슘 73.5mg11% | 콜레스테를5mg미만 1%단백질 39.5% | 트랜스지방0g | 포화지방8g53% | 당류2g2% | 지방21g39% | 나트륨 370 mg 19%탄수화물 44g 14% | 377kcal | 영양정보 | 총내용량709 | 안심하고 드시기 바랍니다 | 껍질(갈색) | ""옥수수 씨눈 또는 같찰이오 | 일부 제품 표"
000258,14,2026-05-30,1,0,0,"까지 | 1:23 | 2026.05.30 | 소비기한 |  vesmm | HACCP | 안전관리인증 | ·껑을처음열때병소리가나야정상입니다.반품및 |  1399소비분해결기준에의거,환또는 | 오어,,,"
000260,14,2027-04-01,0,0,0,까 | 27.04.01 | WB1A | 노신산이 | 로인산나 | 8013921002663 | 글(가공소 | 스터수짓
000262,14,2027-01-10,1,0,0,"8809048523507 | 2027.01,10 | 까지 | 기"
000263,14,2028-01-22,0,0,0,1 | 40 | 기름김 | 들기름김 | 양반김 | NO. | 양반
000264,14,2026-06-06,0,0,0,26.06.067π119:37 F2B
000267,14,2026-06-02,0,0,0,이스 | 26.06.02
000281,14,2026-07-15,1,0,0,13:35 A0827 | 26.07.15 | 따라 다를 수 있습니다 | 소중한 자원 깨끗한 환경 | 분리수기를 생활화합시다. | 0mg 0%단백질 599% | g47% | F12408 | 133%트랜스지방 09포화지방 090% | 류4g4% | OTHER | L트30mg 20%탄수화물60 19%당191% | 공정거래위원회 | O kcal | 영양정 | 용량200g | 소비자중심 | 275 kcal | 비닐류 | CR | 총 내용량200g | 정통우동면200 g) | 건게느껴지징.출식품 신고는 국번없이 139 | 못하니 섭취시주의하 
000282,14,2026-09-10,1,0,0,1 | HACCP | 468 92 | 냉동보관 | 1)에어프라이어를 | 로 | 맛있는 | 1)오뚜기 | 떡만듯국을즐기실때 | 비작바작군만트를 기실때 | 가득채원! | 개운한김치를 | 3) 맛있는 뻔만두 드실 수 있습니다. | 2      | 1) 찜통에 적당량의 물을 넣고 끊입니다. | 부드러 찍만두를 즐기실때 | 김치 | · | 이렇게요리해보세요! | F고자 | 맞있는 | 까지D | 2026.09.10 | 지퍼
000284,14,2026-08-20,1,0,0,801045380513 | 까지 | 2026.08.20A | wwwtsc.org | FSC* C155910 | 소비기한: | FSC | responsible forestry | Packaging I Supporting | MIX | 기호에 따라 다양한 치즈를넣어 조리하실수 있습니다 | 후 반죽을 넣고 | 4~5분정도 고르게 튀겨주세요 | ※기호에 따라 검은께또는 참께를 넣으시면 맛있는  | 프라이팬에높이2~3cm정도의기름을 부어170정도 까지 가열한 | -에어프라이어에서180'c에서 15분 구워주세요 | 넣고 구멍이 생기지 않도록 
000300,14,2026-05-21,1,0,0,까지 | 2026.05.21 | 소비기한 | BD-L | cal | 22% | 단백질12g | 13% | 콜레스테롤40mg | 당 | 13% | 포화지방1.9g | 2% | 당류2g | H) | 트랜스지방0g | 5% | 탄수화물159 | 360g | 19% | 지방10g | 14% | 나트륨28amg | 보 | 1일영양성분기준치에대한 비율 | 1개당
000325,14,2025-11-03,1,0,0,"하고 드시면됩니다 | 25.11.03 | 각마이모로제게 | 란에서 유쾌한 | HACO |  한심하고 시기 바랍니다.-간장소츠 | 참 주보으 이을 계란 고유의 내용물(육 | I | 홍합] | 81809869 | .비 | F | :구입처 및 판매원본 제품은조비자기 | 고번호 | 202104230298 | 폴리프로필렌 | 단백질7g | mg | 콜레스테롤207n | 65,초를 | 포화지방4.18 | 산도초절 | 트랜스지방08 | 지방7Ag | 추 신 대파학가 | 스터 | 813mg | 원재료명 | 조재지 | 10081Kcal | 영양정보"
000326,14,2025-10-18,1,0,0,"2025.10.18 까지 | 기 | 이 | 요 | 필 | 이므로개인의 | 이춘 | 열량에 따라 다를 수 있습니다. | 1일 | 영양성분 | 기준칙에 | 대한비율(%)은2,000 kcal | 비스테롤 | 콜레 | 80 mg | 27% | 단백질14g25% | g | 랜 | E | H스지방0 | 포화지방0.8g 5% | 당류 | g0% | 0 | 지방4.2g8% | 나트륨 | 800 mg 40%탄수화물1g 0% | 영양정보 | 총내용량 70 g 98 kcal | 향식을 | 1399 | 그환 | 객 | 고 | 의거 | 에 | 보 | 에 "
000336,14,2025-11-20,1,0,0,1인분 개별포장×4개 | 냉세트 | 126 | 16:00 | 기한 | 25.11.20까지2 | 소ㅂ
000337,14,2025-12-09,1,0,0,2025.12.09까지 | 2개 | 2개 | 2개 | 2개 | 5.59 | (1150 kcal) | 65.9 | 29 | 19 | 고능 | 467 9 | 김깨고명 | 된장3%.
000347,14,2027-05-26,1,0,0,까지 | 2027.05.26 | 소비기한 | 130kcal | OTHER | 콜레스테롤Omg | 0% | 단백질2.8g | 5% | 당류0g | 30g | 0% | 포화지방1g | 7% | 탄수화물23g | 7% | 트랜스지방0g | 8/1097350 | 353mg | 지방 | 18% | 6% | 기주치에대한비율 | 100g당 | 기준치에대한비율 | 1일영양성분 | 1일영양성분 | 하고있습니다 | 평(취) | 202105332985 | 구미시 | S
000365,14,2026-03-11,1,0,0,"(제품이터질 수있습니다) | 냄비 껑을 열고 조리하세요 | 제품을넣고5~6분조리 | 중탕끓는물에봉지째 | 정자례우진 후700w | 전자례인지 | 하게 썰어낸 돼지고기, | 같홀에 따라도 것있니다 | 맛이깔끔한국물맛 | 기호에따라순제비라면사리 등을 | 맛있게먹는TIP | 다. | 지고기 김치찌개는 | 으로,두툼하게 썰어낸 | 치찌개 | 육통령, | 전문브랜입니다 | 한요기를 가장고 | 인레시피로 | 11:37:11까지1M3. | 2026.03.11 | 소비기한"
000367,14,2026-05-18,1,0,0,"기에 부 | Microwave | 전자레인지 | -Porsounnvmedium | ,쇠고기함유 | -개봉하여냄비에 붓고중불로 4~5분 조리 | 제효모추출물설 | Pot 냄비조리 | 23,들깨가루, 고추 | 합조미식품1,혼합 | 비비고남도식추어탕 조리방법 | H(미얀마산), 대파 | 이미지 | 풍미가득 | 가지(중국산),정제 | 3 | 산초 | 연출 | ,들까가를 | 토란 | 2 | 풍성 | 혜원산단길 107 | 진한국출 | 미꾸라지를갈아 | 0U4 | 가지 | 1즐겁게! | 01:53B. | 상을 | 2026.05.18 | 과함께 "
000368,14,2026-09-22,1,0,0,"보드선정 | 상 | 국 | 난각분말,생강 | 유형 즉석조리식품 | 제품명 오즈키친 정통직화유니짜장 | 지 개봉하여주시기 바랍니다. | 조리시는처의내용물을는아로용하시오가열후는우치및내용물이거니주의하십시 | 0초 | 는물용시파우치면스 부에뜨물이고 우려가으니주하십오개용지도 | 간(700W) | 1분10초 | 끓는물에제품을 봉지째 넣고3분 | 간데워드십시오 | 끓는물이용시 | OTHER | 까지 | : | 7 | : | 비널류 | UJ | 인족질요 열향에 따라 다들 수 있습니다. | 1일 영양성분 기준치에대한비(을수있 | 칠민 | 레스테를 "
000373,14,2026-09-18,1,0,0,"8180984710901351 | OTHER | 1 | 비닐류 | HACCP | 인전관리인증 | 소비기한 | 콜레스테롤10mg | 3% | 단백질2.8g | 5% | 237kcal | 당류17g | 17% | 21% | 포화지방3.1g | 총내용량60g | 탄수화물45g | 14% | 트랜스지방0g | 나트륨1,360mg | 68% | 9% | 지방5.1g | 영양정보 | 기준치에대한비를 | 총내용량당 | 기준치에대안세불 | 1일영양성분 | 총내용량당 | 차원열양성분 | 합가능성이있습니다. | 소재지 | 축석조리식품 | 식품유형 |"
000380,14,2026-09-02,1,0,0,2026.09.02까지A
000382,14,2026-08-18,1,0,0,"5대구경북능금농협 | ""80167418105731 | SAENG GI-D | 열량에따라다를수있습니다. | 1일 영양성분 기준치에 대한 바율(%)은 2.000kca 기준이므로 개인의 필요 | 트랜스지방 0g 포화지방 0g 0% 콜레스테롤0mg 0% 단백질0g 0% | 나트륨 0mg 0%탄수화물17g 5% 당류 16g 16%지방0g0% | 1병68 kcal | 영양정보 | 총 내용량 1,000 mL(100mL×10병) | 까지 | 08:40 | 소비기한 : 2026.08-18"
000396,14,2026-02-27,1,0,0,7012A04 | 2026.02:27까지 | 개입 | 5 | 농심mo | 소비기한 | SHWRAMYUN | 매울신 | 라면 | 농심 | 인생을 맛있게
000405,14,2027-10-15,1,0,0,"ACCP | 고객상담실: 080-024-2311(수신자요금부담) | 잡시곤 | 2 | 폴리에틸렌(내면) | 제조원 | 축 심황산 왜소면 대품산단로 128 | 포장재질 | A | 주실회삭 온뚜기 | 코아분말 | 고가,맑가말마로우유대두조개(굴)함유 | 원료명 | 밀가루(밀:미국산/호주산)데스트린,혼합식용유[팔올레인유(말레이시아 | 유형 | 기타가공품품목보고번호20010445055218 소비기한상단표시일까지 | 오키친(ottogi.okitchen.co.kr)에 놀러오세요 | Kitchen | 이 | 쉽고 간편하게 따라할 수 있는 맛있는 "
000420,14,2025-12-04,1,0,0,"까지 | Chtt | 고객지원센터 | 2025.12.04G1 | 으로록 주의하세요 | OTHER | 통일갖화니다한번 | 8/8010621898862 | 밀닭고기,쇠고 | 1399 | 구부정물량식 | 구합상점및본 | 롯데웰푸드 | 의란 파해보상·유F | 리드십시오·소비자 | 돼지고기, 복숭아 함유 | .향료IV | 3제풍이하에서직사광선을피 | ·제품이고온에약해 | 혼합제제I(파프리카추출색소,카로틴) | 지자적색소,치자청색소,주정),블랙캐롯 | 산도조절제향료,산도조절제씨혼합 | 단백질49 | 농축액,펙틴,향료1,향료,기타식용유지 | 콜"
000425,14,2025-11-05,1,0,0,KRA2 | 까지 | 2025.11.05 11:25 | 콘푸로시 | 소비기한 | Keloggis | 뜯는곳
000434,14,2026-10-28,1,0,0,"06:21 | 2026.10.28 | ·소비기한 | 고객상담실:080-024-231(수신자요금부팀) | ·전화주문:080-43-888(오뚜기물) | ·개통후냉장보관기급적빠른시일내섭취·유리병파손주의 | ·부정·불량식품신고는국번이1399·직광을피해실온보관 | ·유대두토마토복숭아혼입가능·소비자기본법에따라피해보상 | 젖산칼슘,구연산 | (국산아카시아끌국산)셀물로스검카라기난합성향대추항진단검 | 원료명기타과당,정제수설당,올리고당,대추국신)대추농축액대추 | 포장재질 뚜껑(내면)폴리염화비닐 | 유형액상차품목보고번호198304643303"
000437,14,2025-11-19,0,0,0,뉴케어
000439,14,2026-03-18,1,0,0,※뚜껑은 플라스틱으로 분리배출해 주세요 | 2026.03.18 | 정은콩 | 41-05:23 | 베지밀 | 까지 | 소비기한
000444,14,2026-07-01,1,0,0,신고는 | 식품 | 국번없이1399 | 3% | 의거 | 또는 | 제 | 제조하고 | 를먹여 | 0% | 1X | 0% | 지평로816-3 | 28 09 | 제조원 | 8% | 0 | 1% | 원재료명 | 수9 | UEB TOmg | 보관방법 | 기  | Wade in Ke | 폴리프로필렌 | 20060378122332 | 품보고번호 | 115 kcal | 소기한의 후면 표시입가지 | N품명 | 내8링 309 | 영양정보 | 브로콜리 | 2026.07.01 | 유기농 | 소비기한 | 시금치 | m요! | 유기농 | 쌀 | 충분한수분
000449,14,2026-01-28,1,0,0,56% | 5g정보 | 껑에표기(일월년순까지) | 원산지린드 | 원재료명 | 식품유형 | L028K06---13:08 | BB | 28.01.2026 | '
000453,14,2026-01-26,1,0,0,까지 | 818011171760304 | 08:381-205 | 기한 | 부터 | 6.01.2 | 25.08.27 | 소비 | 확인할수 있습니다 | 12g | 단백질 | OR코드로 | 4% | 콜레스테Omg | 다양한 정보는 | 0% | 포438 | 29 | % | 트랜스지방0 | 지방11 | 20% | 몸끔한품질체크까지 | 당류1미만 | 1% | 직접 농가를방문하 | 탄수화물16g | 5% | 348 | 전국 300여개 농가와 계4 | 나트륨95 mg | 210 | 5% | 기준치에대한비을 | 위한신품종감자개발! | 30g당 | 
000461,14,2026-11-28,1,0,0,"PET | 8/80148/531253 | 2026.11.28 | 품질유지기한 | 있습니다 | 399 | 하고드셔도 됩니다 | 보상 | 구정에 의거 | 색상0 | ·장기 보관 시 제품의 | 공대 | 보고번호 | 마포 | 제조 | 영월농협가공사업소강원특별자치도영월군 북면원 | 두함유 | 천일염(국산) 13.8%,정제수 | 원재료명 | 메주(대두100%, 국산) 43.5%, | 500g | 품질유지기한 | 농협 한식된장 | 식품유형"
000467,14,2025-12-26,0,0,0,KIo | 8 | 5:12.26  | (음성에세지 유효기간:~25.3.31) | 지금 바로 들어보세요 | 070-4567-5050 | 가나와 함께한 50년의 이야기를 | 행복사서항 | GHANA
000471,14,2027-01-08,1,0,0,2027.01.081RF3.058 | 학연도 리025년 | 1352008 | 8010451 | 제 | 기 | 곳에사피해에 | 충분희이을 | 정소비자기본벗에 따라 피하 보상 | 본품은 자연에y | 소비기한 | 하단 표시일까지 | mlall | 수화연론및 | 농공단지52전 | 합아식품전남환로운환로입 | 기타용 | 면여중기주보 | 남여주시 | 장강로165/일주)보양 | 셀종월티)부래열어조합법인 전남 | 안양시 놓안우 좋안내로 | 경기 | 판매원 | 주식회사 오뚜 | 폴리프로필렌(내인 | 장재질 | 년일일 | 미역(국산 | 료명 | Ma기
000481,14,2026-03-09,0,0,0,2026.03.09
000484,14,2027-11-14,1,0,0,"사조대림 | 5 | EXP:2027,11.14 | 유통기한 | 및폐기시 | 교환청 | Lid-본 | /경기도 | 71.3.% | 제품명:생생참치 오리지널"
000500,14,2026-12-17,1,0,0,818010071166452 | 200/1501/ | 2 | 스를0m0% 단백질4g7% | E랜스지방 Og 포지방0g0 | 1824g 4% | .450m12348g 15%2323% | 수천일명(국신 | 총내용량 500g/100g당 230kcal | 영양정보 | 산고충기루 | ·시통의유항교추주 | 2026.12.17 | 소비기한 | (OREA | 2025.06.18 09:16 | BG4 | H조일자:
000510,14,2026-09-03,1,0,0,"까지 | 2026.09.03 | 20:05 | F12404 | 캡:철라벨:PP | 8 고객상담실 080-019-9119(수신자요금부담) | ·부정·불량식품 신고는 국번없이 1399 | 유리 | 본 제품은 소비자기본법에 의거 교환 또는 보상. | 냉장보관하여도 변질우려가 있으니 가급적 한번에 사용. | 성분 혼입 가능,서늘하고 건조한 곳에 보관,개봉 후에는 | 빵콩,게 새우,아황산류,오징어, 돼지고기,조개류홍합 | - | 반품 및교환장소 | 고객상담실및구입처 | 대포장자질용기유리,뚜껑-철폴리엄화비는 | 토마토대두유밀쇠고기.닭고기조가ㅋ"
000513,14,2026-09-03,1,0,0,255 15교1 | 2026.09.03까지
000514,14,2026-07-13,1,0,0,까지 | 09:03 | 2026.07.13 | 소비기한 | 액티브
000517,14,2026-09-25,1,0,0,OTHER | 비닐류 | 까지 | 26.09.25 R | 다. | 필요 | 개인의 | 13% | 0.2mg | 타민B2 0.5mg | 비타민B6 | 36% | % | 5 | a | 0g0% | 단백질3 | % | 화물40 9 12% | 26926%방00 | 당류 | o Kca | 내용링5이 | 0-2002 | 고개봉후가 | 신고는 국번없이 399
000531,14,2026-02-28,1,0,0,DESIGN | 총당 | 2026.02.28 까지F박영B | 소비기 | 옥수수 | 종당 | samlip | 미니끌약 | 과
000532,14,2026-02-28,1,0,0,함유 | 2026.02.28 까지A박영B | 페이스트 | 옥수수 | 초당
000541,14,2026-03-22,1,0,0,녹산A62성명선0854 | 2026.03.22.까지
000555,14,2027-04-16,1,0,0,2027.04.16 | 까지 | 8 | 수욕특필름:-OPS | 리벨:P | 외컵:P리드지OTHER | 고유의 풍미를느끼실 있습니다. | 각총2리이사동하시민다를 | Coking Tip
000556,14,2026-08-07,0,0,0,움트리 | 2026.08.07
000564,14,2026-06-25,1,0,0,2026.06.25F01 | 소비기한
000565,14,2025-12-05,1,0,0,ㄴ | 7 | ¶ | 과일특제 양념장 | 새콤 | 쫄깃탱글 면발과 | BKb | 15:46 F0608 | 2025.12.05까지 | 냉장보관/소비기한 | 02
000566,14,2026-09-17,1,0,0,고구마문 | pocato | sweet | 구문 | 오른에 | 좋은 | 2026.09.17까지 | 오른에 구문
000568,14,2026-02-23,1,0,0,"21116:00 30 | 2026.02.23 | 은 제조시설에서 제조하고 있습니다. | 마토,호두돼지고기,쇠고기를 사용한 제품과 | 이제품은 알류메밀,땅콩,대두밀,복숭아 | T | 창보관하시고 개통 후에는 빨리 드시기 바랍니다. | 상이 | 잘 | 살후들어드시기 | 침전 | 의해 | 질소를 | 전 | 송충정 | 냉장보관·원료고유 | 도 | 수원 | 장c | 명칭 | 소비기 | 한 | 활용기하단 | 폴리프로필렌 | 포장재중 | 고번회1970260304135 | 품목보 | 감미료) | 올배당체(강미료),규소수지:소르ㅂ | 구연산삼니트 "
000571,14,NONE-10-18,1,0,0,그릴요건 | PR O B I O T I C | 바이오 | Maeil | NO.1 | 세계 | 가장많이연구 | L2 | F5 | 까지 | 11:24 | 10.18 | 10ml당100원/130
000579,14,2026-07-10,1,0,0,부 | 33 | 191 | EXP: 2026/07/10
000584,14,2026-07-15,1,0,0,맛있는약속 | 까지 | 2026.07.15 | 2025.07.16A | 부터 | CROUEN | 동권리장원 | √아동학대
000586,14,2026-03-14,0,0,0,2R::광진
000595,14,2026-05-01,0,0,0,영양 | 2026.05.01/15:351 | 고소한 현미
000597,14,2026-09-02,1,0,0,2026.09.02 | 기한 | 까지 | 2025.09.03/17:42 | 소비 | 부터 | 통전용
000599,14,2026-09-04,1,0,0,까지 | 2026.09.04A3. | 기한 | 소비
000602,14,2026-09-22,1,0,0,맛있는약속 | 2026.09.22 | 까지 | 부터 | 2025.09.23A
000622,14,2027-01-22,1,0,0,소스(살균제품) | 식품유혈 | 품목보고번호 | 1991044507 | 2027.01.22/0 07:51 | 소비기한 | 약 5분간 더 끓입니다. | 더욱맛있습 | 3분간끓입니다. | 면을 따로삶 | 추가재료를 넣고 | 양념을 넣고 센 불에 | 끓기 시작하면 야채와 | 볶아 드셔도 | 굴700mL와떡 | · 남은 국물에 | 양파(중)1)
000624,14,2027-06-15,1,0,0,까지 81800 | 8080-99677 | 답합니대 | 품질관리자이의성 | 궁금하다면? | 레시피가 | 2027.06.15 F2 | 제철재료 | 소비기한
000625,14,2027-04-01,1,0,0,080-996-77 | 리 | 고객지원실 요금은 생가 부 | D010159 | 2027.04.01 | 소비기한 | 801051299602
000626,14,2026-07-01,0,0,0,H16:20F1 | 26 17 01
000631,14,2025-11-15,0,0,0,25.11.15 | 노브랜드의 이념과 실천 | 는 모두 이마트의상표입니다 | N1660 | OTHER | 개:PP
000636,14,2026-03-09,1,0,0,2026.03.09 까지 | 불실딩
000640,14,2026-02-08,1,0,0,까지 | 2026.02.08
000652,14,2027-03-31,1,0,0,개인의 필요 혈량에 따라 내을 있습니다. | 이영양성기치에대한비있기준이므로 | 62 8 | 단백질 | 0% | 알룰로오스 | 0% | 2% | 포화지방 | 0% | 트랜스지방 | 75 8 23% | 탄수화물 | 0%지방 | 5mg | 0:0% | 나트륨 | 총내용량 490g | 100g당 39 kcal | 영양정보 | 까지 | 2027-03.31=A | 소비기한 | 요금부담):080-023-3399 | (수신자 | ·'고객상담실( | 주있습니다 | 본 | 본제품은 공정거래 | 내 위원회'고시 소비자 분쟁해결기준에 | 국번없이 139
000654,14,2028-07-02,1,0,0,b05298 | 250703G | 2까지 | 2028.07.02 | T=849 | 보피순면거버니 | (리품)
000658,14,2026-01-16,1,0,0,2026.01.16까지 617
000664,14,2026-02-20,0,0,0,"단백주 | 2.000a | 9 | 0 | 지방 | 포화지방 | 9 | 류6g6% | 지방169 30% | 마트륨 | 480 mg | 24% | 탄수화물 | 479 15 | 영양정보 | 350ka | 총 내용량 709 | 안양2B15김지선0 | 2026.02.20 | 8 | ""801043044400 | CCP | 전관리인증 | 는유지를 위해질소충전 포장을 하였습니다. | OTHER | 본시 및 T ㅂ드"
000669,14,2026-09-02,1,0,0,맛있는 약속 | 2026.09.02 | 까지 | 2025.09.03 | 부A | SALTINE CRACKERS
000774,14,2026-02-08,1,0,0,"까지 | 08:34.B | 26.02.08 | 801069422317 | 품목보그번호 | 2002049019104 | 호동, | 천 | 1077 | /서 | 강동구천호 | 331-55 | 교초 | 천 | 안시 | 남양유 | 업 | 소비기한 | 미료 | (감 | 소금 | 수크랄 | 천연반 | 천 | 글제판탄건 | 윤화제3 | 피원두 | 로즈버드"
000777,14,2026-03-NONE,1,0,0,"10-26560-KOR01 PP | www.tootsie.com | ©TRI,LLC | DELAVAN, WI 53115 USA | ANDES CANDIES | 2026 03 | 소비기한: | K26560-14C23-F | 5 | 영양성분 기지에 대한비 | 0 | 단백질59 | 콜레스테를2mg | UCT CONTAINS MILK AND SOY. | 03% | 포화지방30.4g | AKE, BLUE 1 LAKE). | PPERMINT OIL, COLORS ADDED | 트랜스지방0g | D, NATURAL AND ARTIFICIAL |"
000781,14,2026-10-02,0,0,0,시유전급 | 2026.10.02 | 05:12 F5 H1
000801,14,2026-03-25,0,0,0,락토바실러스 | g | 128 | 12 | 0g | 0g | [12% | % | 4% | 0% | 125 당 | 있습니다.부청 불량식품신고:국빈 | ORGANI | EST | 2018 | 11:39 F | RISI | 2.80
000806,14,2026-10-02,0,0,0,ASSAM MILK TEA | 2026 10 02 16:30 2041255 | 500
000812,14,2026-05-29,1,0,0,Best B | 04:03:39311 | EXP 29/05/2026 | 2.1 | 1.1 | 1a1 | 100 | Real | Real | Im | Hell Hej!
000821,14,2026-02-02,0,0,0,choice. | school | 리지 | PEEL HERE | 2+12+1
000830,14,2025-12-20,0,0,0,25.12.20N 00m042 | ACIA
000840,14,2026-01-01,1,0,0,"글 하있고 들들한 받 끼 | 2 | 80 | 26.01.01 | 소비기한 | 132-12(TEL031-323-4177) | 제조원 | 르트엔코/경기도용인시처인구모현읍초부로 | 판매원 | 133호(내수동,용비어천가) | 유통전문 | 제이컴떠니/서울시종로구 새문안로3길 36, | 보고번호/20210363128114 | 포장 용기:PE,포크:PS,트레이:종이 | 보관방법 | 냉장보관(0~10°C) | 소비기한별도표시일까지 | 식품유형 | 으 | 빵류 | 내용량 190 g (430kcal) | 제품명 벽돌모양 레드벨빛케이크 | 3설 | 옥"
000846,14,2026-05-28,0,0,0,비닐류 | 1 | 영양보 총내응량 40 10l | 1011248428 | und vor Wame schunteb | OPJ0453522 4 | 1653 28.05.2026 | Ose14. 92142 Gamart Cede)
000863,14,2021-10-22,1,0,0,3 | 2200461846 | EXP | PROC | :18.8 | CE | (35-239-001 | est beflore / | FR
000870,14,2021-10-15,1,0,0,aM0200a | 로개의필요 량이따라다를수있습니 | 100g당 | 콜레스테를5mg 2% | 단백질129 | 22 | 759 | 당류25g 25% | 60 | 포화지방99 | 내용량 | 탄수화물53g 16% | 트랜스지방0.59 | AME44A 13:28 | 15.10.2021 6B | 나트륨210mg | 11%지방30g | 56% | 기준치에 대한비을 | 기준치에대한비율 | 100g당 | 정보 | 100g당 | EXP | 1일영양성분 | 1일영양성분
000872,14,2021-02-26,1,0,0,Best By FEB/26/21 | 10:48 NDL2A | o
000876,14,2021-07-01,1,0,0,"피크닉,사과 | 까지 | 2021.07.01 | 19:27"
000877,14,2023-04-03,1,0,0,Net wt.: 12.3 0z- | 350ge | Nettogewicht: | TRADITIONAL HELVA | SUBE SESAMPASTE | HELVA | SADE | BATCH:094 E/1/3 | BEST BEFORE: | Sera
000880,14,2021-05-11,1,1,0,LOT 0720 W 177 | 51120217510198311 | 는수 | EXP. DRTE:1/05/2021 | 는구치 | PROD.DRTE:15/07/2020 | P | 용 | BEST BEFORE | 4E: URE | 175ge | C | TOTAL NETWEGHIE: | 7 | NACHO N' DIP | 유형:A스(싱근) | DDL-시구 | 단백109 | 18% | Web site www elsabor gr | 스OmG | 0% | 자(유) | Ematk ioaelaber gy | 1A | 93% | Fac+302620316
000884,14,2021-07-03,1,1,0,301505035 | 까지 | 28t:81:99 | 유통기한 | 생산일자
000885,14,2021-07-09,1,0,0,까지 | 8804433100120 | 80% | 80% | 0% | 0200% | 2% | 유통기한 | %/21200% | 20y200% | 30203% | 28% | 8y20% | SSG.COM | 우려가있습니다.그러므로개봉후에는가습 리계보 | 6y8% | HACCP | 21920% | 본제은 통국과 건과가들어가 있어서 유동종에 쉽게 변집월 | 1주의사항
000909,14,2021-09-20,0,0,0,20-09-2021 | 1428758 | 000000 | 12 | 227 | No Bra
000912,14,2022-05-05,0,0,0,07154 | 0300365; | 2000.05.05 | LP OopI  | 4 | 유익만 | etie. | 1E.1 | WV 51 | -101-1R | WE | 5 | 2 | 영양정보 | 0 | Nestle
000913,14,2021-10-19,1,0,0,"까지 | 요구르트 | DHA웨하스 | 유통기한 | 남남 | 81801157115505451 | 아이밀 | 스 | NG | 36 g[190 kcal, 6 9(2개) × 6입] | 776 | 310μ9 | 6.74% | 요구르트 | 혼합분말 | 아A분말"
000914,14,2021-07-21,1,0,0,"2 | 아이엠마더 | 엄마로 태어나다 | MOTHER | aMn | 안심 아기과학 | 아기에게 힘이되는 | SINCE 1964 | 유통기한:10:30 02088 | 월까지 | 2021-07.21 | 일부터 | MOTHER | 영아 | 26,000"
000918,14,2021-09-17,1,0,0,809409 690124 | urdens | 2021.0S.17 | 유통기한 | Bread | 붙이고 예쁘게 포장해보세요 | 위에 올려 장식해보세요 | 만들수 있어요 | 다양하게 표현해보세요 | 이용하여 롤리팝스틱과 앞뒤로 | 메시지를쓰고케이크나머핀 | 이용하여귀여운인형을 | 초코펜을이용하여 | 쁘띠초콜릿을초코펜을 | 푸드데코펜을이용해 | 동그라미와하트초콜릿을 | 귀여운동물들의 표정을 | 응용예 | 응용예 | WRAPPING TIP | APPLICATION | QR코드를 통하여 확인하세요 | 다양하게 장식하여 완성한다 | 나만의 초
000927,14,2021-08-23,1,0,0,":LDPE | 까지 | OTHER | 15:27 | 2021.08.23 | 8801045176338 | 고객싱담실-00-024-23(신자요금부담 | 보관 | 0~10c) | 복화 | 용7 | 올리에틸렌 내면정 올리에널린 | IX | 대두 | 건조당밀 효소제제 향신료 영양강화제 | 사 | 나다 | 정제소금,난황액, 오런지식이섬유 잔탄검,겨지분이 | 새 | 자분3 | 9%계 | 아카시아꿀6%국산),커스템머스터드2.5%(미국산),연거 | ㅎ영 | (미국산·시초머스터드 소금,터메릭,파프리카,기타과당,설탕,발 | 렌티나미국,중국 등, 샐러드"
000942,14,2021-05-29,1,0,0,"Fiearbongs Pepper Cy | Bicarbonat, Aid (ad | Eley Mam Bicaras | Eaey Mal Eiract as | PoLers Cheese, Natre  | Sunflower, Died Cheese (2 | Wheat Four, Vegetable i | Cheese Snack Biscuits Igre | 18:30 | B03 | Y.rl.or | EXP 29 05 2021 | PROD 29 08 2020"
000947,14,2021-09-30,0,0,0,uonsantns | AVE11E 12:16 | 2021.09.30
000950,14,2022-09-16,0,0,0,IVz | aR | 0 | alz | selda6oo | 2022.09.16.14:27진천 | 쿠키앤초코 | SUIsSm
000952,14,2021-04-05,1,0,0,가공235만원 상입니다. | 가공유235mL×4뼈 | 오리지널 | ORIGINAL | HERSHEY'S | 허쉬초콜릿드링크 | 까지 | 2021.04.05 | F | 02:14
000960,14,2022-07-19,0,0,0,2022.07.19 | 35 | 105220 | 영양정보 | PA PASANG  | 장 | 출고추장
000972,14,2021-06-25,0,0,0,"푸르릴 | 생초콜릿우유 | ChocolateMilk | 2021.06,25 | 88"
000975,14,2023-08-03,0,0,0,www.ottogi.co.kr | 경기도 안양시 동인구 흥안대로 406 | 주식회사 | 오뚜기 | 판매원 | Pastificio Fabianelli S.p.A | 오뚜기m | ·제조원: | 88010451360553 | L20434 | 08 | 2023/08/03 | 드살수 있습니다. | 간단히 기분 전환용 간식으로도 | 거교환 | 맛을풍부하게느낄수있어 | 즐기시수 있습니다 | 면이 불시 않고 소스가많이묻어 | 맛을가정에서도 손쉽게 | 꼬불간소양때문에쉽게 | 함께 하시면 전문스피니점의 | 간단한 일품 요리가 됩니다 | .와 | 뚜기
000977,14,2021-11-03,0,0,0,buuesueseuey sed ueiles yeun | SAAAIN N EI N AMUAAH UMII | tepeunesunuayeer | inouow/eobunL unu xeplL yeuer | esunodepues ynue yeplyeuar | JeBns/ene | unpos/unuen | unangay eped ueyesepueq Syy uesued. | u yqay uyunu epue iuau ueynunqay | 'sinuead pue | )) | B | /0--20 | )(k) | 88 | rzk | MISANOONIZT
000979,14,2021-06-14,1,0,0,http://www.orionworld.com | 까지 | 12111412 | 202121-1: | 부터 | 8011171545512 | 후레쉬베리 | 오리온 | HACCP 인중제품 | HACCP
000989,14,2020-07-21,1,0,0,euina | Whipping | Montarea | da | 1000mle | FSC C014047 | FSC | responsible sources | Board from | MIX | 14:54:23709 | DA MONTARE E PER CUCINA | A LUNGA CONSERVAZIONE U.H.T. | GRASSO VEGETALE | BEST BEFORE: | PREPARATO A BASE DI | DA CONSUMARSI PREFERIBILMENTE ENTRO IL:
000998,14,2021-11-11,1,0,0,1001686113015551 | 100g | Net Weight. | om | 치에 대한 비을은 2.00ka | 13% | Omg | 0% | 1% | 0% | 46% | Best Before Date: 11/11/2021 | 24% | Production Date: 11/08/2020 | 2% | 기준치에대한비을 | 4924000513090-1614 | 00g 338 kcal | 제거후 | 굳어진것 | Sodium | 10 | 30mg | Sugars | 45.6g | 고 | 1398 | Carbohydrates | 77.49 
000999,14,2021-11-11,0,0,0,10016861301555 | om | 45 | Befare Date: 11/11/2021 | 24 | roduction | 1011/08/2020 | 1090 | 400051 | 164 | 338 kCa | Sodium | ramsta | stusatedte | 이고있이 | en | Distributorsa | 50 | sses milk and | eod aso
001012,14,2021-11-10,1,1,0,"2021.11.10 | ·유통기한: | 까지 | 80 1052736945 | a | 2020.11.11 | ·제조일: | 고기전용 | 5,980 | 6.500"
001014,14,2022-01-11,0,0,0,"완성 | 250ml | 250m | 육수 | 물 | 본품 | 사용하시면 좋습니다. | 미음,죽등에 | 2022.01.11.A | 무첨가 | L-글루탐산나트륨 | 250m물 | FEACUCK"
001015,14,2022-01-11,0,0,0,2 | 250ml | 윤성 | 250mi | 물 | 본 | 사용하시면 좋습니다 | 이음죽등에 | 2022.01.11.A | 무첨가 | L-글루탐산나트륨 | 250m | CACUCK
001016,14,2021-02-21,1,0,0,19:18NDL4C | FEB/21/21 | By | Best
001018,14,2021-05-15,0,0,0,291851
001022,14,2021-06-28,0,0,0,1어4 | 보이하게 | 가당연유 500g | 건국유업 | KU | 76u6 | 100 | 10:85 | :06 | 2021
001034,14,2021-06-28,1,0,0,2 열량에 따라 다를 수 있습니다. | 기치에대한 비을(%)은 200 kcal | 플레스테를0mg 0%단백질39 5% | 트랜스지방0g 포화지방6g40% | 여의대방로112(신대방동) | 당류 3.6g4%지방 18 g 33% | 본사: 서울특별시 동작구 | 나트름 350 mg 18% 탄수화물 36 11% | 3759 | 320 kcal | 영양정보 | 총내용량609 | 부산 2A3 송혜린1129 | 2021.06.28까지 | OIYER | 하였습니다. | ·신선도 유지를 위해 질소충전포장을 | ·반품·본사 및 구입한 곳 | ·부정·
001035,14,2021-10-07,1,0,0,"Net Weight: | 건표한 못에 보관 유통기한·제품에 표시한 | e909 | 보관요령:직사광선을 피해 서늘하고 | 중량: 90g (382kcd | 90n53 | 폴리프로필렌 | 포장재질: | nninn | DR38E | PP | 2. 10120 In3.0-2681-5081 | EXP.07.10.2021 | PR0D. 07.07.2020 | ( | #04-84,Singapore 573969 | Composite Group) Makati Cty, Phili | 22 Sin Ming Lane, Midview City | Couver"
001038,14,2021-12-28,1,0,0,EXP:2021.12.28 DDFL TF29
001101,14,2021-03-14,1,0,0,첨가 | ASER | AE | 0-10-c | 452 3100 | '김밥단무지 | 무농약무 | 무색소 | 발효식초로만든 | Pulmuone | 조리에 | 2021.03.14까지 | 2021.01.14제 | 안심프로
001102,14,2021-03-14,0,0,0,과일야채샐러트 | 썬업 | Maeil
001105,14,2021-08-26,0,0,0,8801007330723 | 500g(4인 기준/6회분) | 2029:11:27 | 다딩 | 우렁강된장
001108,14,2021-02-28,1,0,0,둘 | A15 | 15:10 | 기1 | 21.02.28까지 | 해물 | 해물초수 | 김치북배기 | 김치육에기
001109,14,2021-03-22,1,0,0,L23 | 14:53 | 기한 | 21.03.22까지 | 유통 | 안심프로젝트 | &수 | 해물 | 수 | 배기우 | 김치육해기 | 김치책해기
001114,14,2023-11-15,0,0,0,-2 | R | 5 | 2023.11.15B
001143,14,2021-06-26,1,0,0,BEST BEFORE: 28 AN 21 | HC27SJ 06:05 | 8801065103925 | walrherdomsconke | AIOL
001159,14,2021-08-10,0,0,0,-03382 00-24 | 2021 08 10 | GNICXIS
001162,14,2021-12-06,1,0,0,까지 | OW SUGAR | 2021.12.06A. | 아이비
001163,14,2021-12-06,1,0,0,까지 | 2021.12.06A. | 기 | OWSUGAR | 아이비
001164,14,2021-03-01,1,0,0,라이트 | 뚜라이트 | 좋은아침! 좋은생각! | 까지 | 미혜정 | 담당이끔끔히살폈습니다 | :# | 담당이안전하게 만들고 | 박정원 | =ㅁ르103.01 | 1/3라이트 | Post | 여러분의좋은아침을위하여 | 콘푸라이트 | 유통기한 |   | [ ]
001175,14,2021-09-07,1,0,0,표 | 15:40 | 037F | 0709 21 | (D/M/Y) | BEST BEFORE:
001176,14,2021-09-07,1,0,0,15:40 | 037F | 0709 21 | BEST BEFORE: (D/MY)
001177,14,2021-12-01,0,0,0,JAM
001179,14,2023-09-01,1,0,0,"6398 | TC/E/PR/1007/478 | Pure Ceylon tea, packed in Sri Lanka | Best Before Date: 0i 5EF 2023 | 15285146149"
001200,14,2021-10-20,0,0,0,2021.10.20 | 2020.10.21 | M | 6190kca | 3보
001205,14,NONE-05-21,0,0,0,Dr.Oetker | MULTI-FRUCHT | müsli | Plus | Mindestens haltbar bis Ende: Monat/Jahr | Knusper | 05.21 L095 2 | Dr.Oetker | VITALIS | Hier öffnen
001213,14,2021-05-15,1,0,0,Sodium | Sugar | weathearts | 411711521115849741 | Carbohydrat | 5 | SCA | Cholesterol | Trans Fat | Saturated F | Fat | Protein | Kcal | Calories | Quantity Per | 20g | IS0 22000 | 2021.05.15 | Serving Per | Serving Size | Expiry Date | ACTS | NUTR | soybeans. | ade on | ww.sophisca.comMade in Taiw
001218,14,2022-05-30,1,0,0,2022.05.30 L14 | 유통기한 | 블이스
001222,14,2021-11-10,1,0,0,까지 | 2021.11.10B | 탑습합유 | Ca | FeVit | 친구들 | 카카오 | 와 | 6빙그레
001223,14,2021-04-11,1,0,0,"METALASOLAPA PARACERRAR | LEVANTEAQUIPARAABRIR | TUCKFLAPINTOCLOSE | LIFTHERE TOOPEN | IMPRESOS EN EL ENVASE | ORIGINAL | LOTEY FECHA DE CADUGDAD | BEST WHEN USED BY DATE SHOWN, | F8 1756 | Kraft | 11 APR-2021 | NET: 8 0Z (226 g) B0 | CREAM CHEESEIQUE"
001227,14,2022-01-11,1,0,0,http://www.orionworld.com | 8801117109004 | 까지 | 기한 | 2.01.11(B | 21.01.1214:38) | 부터 | 유통 | HACCP | 식품인전관리인증 | 집에서도 | 드라이브할때 피크닉갈때 | ORION
001231,14,2021-05-05,1,0,0,주흑임자우유 | 21.05.05 1543 F1 | 유통기한 | 까지 | 냉장제품
001248,14,2021-07-15,1,0,0,8180 | 한층 듣구어 줍니다 | 방의 맛을 | 우영의산한과가 | 단무지 | 플라스단무지는 | 김밥용 | 주진제절임 | 홍합포함 | ACC | 우엉플러스 | Since 1982 | 조리예사진 | 일가집 | ·본제품은 공정거래위원회 고시 소비자분정해결기준 | 하시고가능하면클리드시는것이 좋습니다 | 주의시항 | 개봉후에는 변질의 우려가 있으니 냉장고에 보관 | 080-017555(수신자요금부담 | 고객민족센타 | 에서 교환해드립니다 | 는일가집의 한가족 입니다 | 반품및교환장소 | 유통과정에서 변질된 제품은 본사 모는 구입지 | 20
001249,14,2021-07-15,0,0,0,8 | 김밥용 | 단무지 | Snce 1982 | 우엉 | 일가짐 | 수립기집의 인까록입니다 | 2021015 | 2
001250,14,2021-04-11,1,0,0,"트륨돌리 | 까지 | 한 | 형기리세르비아등),고기8.02%국신),분리대 | 21.04.11 | 수되지기6.7지방일부용국산미국스페인나다 | 21.01.12 | CA6 | 부터"
001252,14,2021-08-19,0,0,0,그스1.디타.19 7가지- 5
001259,14,2021-08-30,1,0,0,/Best Before: | Consumir pref. antes de:30/08/2021 | Lote/Batch no. | T320308 | 02:07 | 8 x020(320-gr) | S | TA | DE TRIGO | Tortillas | ACANASTA
001272,14,2023-07-08,1,0,0,EXP: 20230708 | LOP: 007091
001274,14,2022-06-17,1,0,0,8 | 719189 | Lot No:117 | 17/06/2022 | BEST BEFORE | 6CO | JOUY | ina brv | NetWt | SRGUKIA | o.con ww joycoom | HHEMETHELAS | AJ0 97 | douy32. 1soeXIZaandam | uts/w tym kwny thuac | e ngoe/v mte/tho n | 000 | Valor enenetico/Enercia | /Valores mutido | Nutrttioral wa | leuns mutrlan | Le/Wr | 이13 |
001278,14,2022-01-03,0,1,1,Switzerad where | Hero AG KerRe | 03/01/2022 | Produdnscnn | 03/10/2019 | Sodum/Natrium | Sugars/Gua | -Tres a s | Proten/Prdten | Energ/Ereg
001292,14,2022-11-05,0,0,0,ANPL | :makaorl | oon5 | reipes. | Ban | KNLaem. | ma | 10120/ | ama | Foos | 8858135001551 | D FO | /EKBALLE | HIR: | e wit | the lime | fges. | ande | Leaves. | th the Ee | Sproutm | an | over ihe Chn | RICE STICK 3 mm | g the Stock A | wure to a bowlan | ared noodles | the Slieed Chicken Breast w
001299,14,2021-07-28,1,0,0,"www.maeil.com | 8801150161113 | OC-MOC | 3 | 2021.07.28 | 유통기한 | HACCP | 5m0g180m | 안전관리인증 | 343방259 3987 | OTHER | 리단수확물 0 류 0g0 | LE S43E | 봉합지(PE) | 뚜껑PP) | 비닐류 | 10g2 kcal | 영양정보 | 총48량 309 | 0080 | 10 | REAEI | 크래커,빵,과일,구운 감자,스파게티,피자 튀김."
001302,14,2021-11-29,1,0,0,"fmiio Lepido, 58 - Parma | MULINO FORMAGGI SRL | 08:46 | . | LOTTO: LH033SD | 818523 | ""60137 | 4 | 0.150kg | e | Best before: | 29.11.21 | Production day: | 30.11.20 | Keep efrigerated +0°C / +10°C | Product of Italy | AGED OVER 15 MONTHS | CHEESE PARMIGIANO REGGIANO"
001303,14,2021-09-14,0,0,0,+8 | EXF:1409.202 5 TK01 | 1HN:14/09/2020 15:38
001308,14,2022-11-06,0,0,0,ge | INGREOIENS | den oe ban | 5oo | CADO | 209 | MUTROWIRIORAIO
001315,14,2021-12-09,1,0,0,"118090191/71003 | 8 | 유통기할: 2021.12.09 | 까지 | 브라질넷100% | 원재료명및함량 | (주)석보유통/경기도광주시곤지암을구수동일39 | 소분/판매원 | (상라이/시강구기, | 수입원 | 페루 | 원산지 | 폴리에틸렌(내면) | 포장재질 | 2009 | 내용량 | 브라질넷 | 제품명 | BRAZIL.NUT"
001320,14,2021-11-22,1,0,0,다를 수있습니다. | |이므 개인의 길료에 대 | 5.89 11% | M20328 12:07B | 1%개단백질 | 표지방119 73% | 콜레스테5mg미 | 다과용으로함께 | 22/11/2021 | 당류 | 트텐스방0g | 니다.품호두 | 25g46% | 수69 | 290mg 15지방 | 수있니 | 나트륨 | 영양성분기준지에 대한네울 | 고소비자분정 | 100g 당5 520 cal | 100g당 | 교환장소구입처 | 총내용량200g | 영양정보
001321,14,2022-02-15,1,0,0,"8 | 은 | 이수 | 19930355028194 | 보고번호 | 계란, 우유, 대두밀함유 | 3% | 단백질1.79 | 조절제,신도,정소,성바린 | 5% | 콜레스테롤15mg | 프리페어드에드블,옥수전분,식물성크림,신도 | 21% | 말레이시아산,대두(외국신,요, 아자요 | 포화지방3.2g | 1마기가공유재팔스터아리에스터르화의 | 트랜스지방0g | 료명 | 13% | 지방7g | 9% | 당류9.2g | 밀가루밀100이주신,실당,전란에계란국 | 6% | 80g | 탄수화물20g | (내면) | 폴리에틸렌 | 295mg | 4% |"
001323,14,2023-07-09,1,0,0,"KP:09/07/2023 | PYOD: 09/07/2020 | _190191042000 | 17:16 | 800399311270914 | 2영량에 따라 다를 수 있습니다 | 대한비을(%)은2,000kcal | 22 % | 119 | 0% | 2% | 혼입가능성이 | 0 | 없 | 3% | 량 | 신과 | % | 4 | 즙 | · | % | 22 | 교환 | 에 | % | 1 | 부 | 하 | 치에대한 비를 | 공정거래 | 우 | 1일영양성분 | 매 | 원 | 348 kcal | 품 | O | 불찾고환장소:구입 | 내용량 500g |"
001326,14,2021-07-19,1,0,0,81801073 | 유탕연류(바국을형) 나트를 평군행량은 1140mg | 이주의하세요 | Omg | 나트름향량비교표시 | 8 | 적당량(약2큰술정도)이되면 불을 끄고 맛있게 드십시오. | 1120mg | 800 | 2000mg | 2 | 30초이상볶습니다 | 3 | 1800 | 1000 | 45 | 물을 약8스푼정도남기고 따라버린후액상스프를넣고 | 1200 | 1600 | 1400 | 물600mL에면을 넣고5분30초더끓입니다. | 기인의활요가에대한 | 1일영양성분 기준치에대한바 | OTHER | 리방법 | 단백질119 | HACCP
001334,14,2021-10-26,1,0,0,"LOT 300 | 17:41 | 26 OCT 2021 | www.patatastorres.com | BEST BEFORE | (Barcelona) ESPANA | 08160 Montmel6 | 0 | RRES | cVerneda del Congost,4 | '와 | Pol. Ind. EI Pedregar | TO | PATATAS FRITAS TORRESS.L | TILLVERKAD ISPANIEN/ GEPRODUCERNS | HERGESTELLT INSPANEN/FREMSTLETIS | MADE IN SPAIN/ FABRIQUE "
001335,14,2021-10-26,1,0,0,"26 O0T 2021 | www.patatastorres.com | BEST BEFORE | (Barcelona) ESPANA | 08160 Montmelo | CVemeda delCongost,4 | RRE | Pol. Ind EI Pedregar | PATATAS FRITAS TORRESSL. | TVERKADISPARAEN R | HERGERTEAL SSAANARRDO | escheme | BERDSTELIN SPANA/PROBUEIO | Aardappelchips met h | Potatischips med K | faise"
001347,14,2021-10-31,0,0,0,07:23 | ICA3 | /10/31 | 2021 | WITOR'S | Dal 1959 | Ciokolotti | MiSt
001352,14,2022-06-27,1,0,0,net weight 17.6 | 500g | PRODOTTA IN ITALIA | U% GRANO ITALIANU | 8809394830895 | 유통기한:2022-06-27 | 입 | 상품명 | Pack_MISURA 통밀푸질리 500g_2 | B.. | AL BRONZO | .·.. | MiSURA | FUSTY
001355,14,2021-07-22,1,0,0,"Calcium(mg) | Sodium(mg) | Holstebro, Denmark. | Dietary fibre (g) | ·< | Hiermvej 28,7500 | -sugars (e) | EC | Holstebro Fladeost, | 03-379-5906(<)9:00~17.00 | M198 | Carbohydrates (g) | Viby J., Denmark at | DK | Cholesterol (mg) | Foods amba, 8260 | Denmark by Arie | -trans-fat (e) | (//) | Produ"
001358,14,2020-12-NONE,0,0,0,"ZMIR | Dr. Oetker Gida San. ve Tic. A.S | 8 | 1169062921 | 12.2020-13:28/1819011 | R.7. | Net: 165ge | Tavsiye edilen tüketim tarihi/Parti no: | Mensei:Turkiye | Serin, kuru ve kokusuz yerde saklayiniz. | isle,me KayIt No: TR-35-K-000884 | Tur.GIda Kodeksi'ne uygundur. | hicbir urunu icermez | tepsi"
001369,14,2025-09-21,1,0,0,"RMRTNR | siMIzep | -6-0// | (ONOS)O! | 을융 | OSB | CP | www.tago.com.pl | e-mail: export@tago.com.pl | mobile (+48) 503 011 872/875/880 | tel.(+48 22)763 71 15, fax (+48 22)78671 66 | 05-250 Radzymin, Poland | Ciemne, ul. Wolomiñska 125, | 1일영양성분기준치에대한비(2기준이므로개인의요에따다를수있습니다. | TAGO P.P.C.Tadeusz Goleb"
001377,14,2021-12-02,0,0,0,1915173 | 21 1202 (EA
001380,14,2021-04-09,1,0,0,"우유함유 | 백봉로72번길21 | 및행량 | 3:트남 | 소지 | 원재료명 | 충청북도 청주시 홍덕구 | 경화유:외국색,산도조전제 카제인 | 업소명및 | ·본제품은 공정계고시소자 | 롯데네슬레코리아 주식회사 | 복실당,식물성크림물엇,식물성유지 | OTHER | : | 2021.04. | 비널류 | 유통기한 | 080-730-5336 | 네슬레고객 상담실 | RIE20kca | 네슬레이게 이야기 하세요 | 13895% | 것으로 널리 일러져 있습니다 | 130ng 0% | 세로의 유해한 성산소의 동을 억제하는 |  의 입종으로 | 8"
001381,14,2021-04-09,0,0,0,:0--8 | MMZ 72번일 21 | 2 | SE 성주시 BRP | 성크 식성유지 | 494220 주 | 0200 | 92833657 | OTHER | –04. | 2 02 1 | 080-730-5336 | 10 | 4mg | 0001 | 52kc | 마일드 커피 | 넬스카페
001392,14,2021-02-25,0,0,0,28113129 | Soft | Super | 6 90650 | 2021.02.25N | 통곡물의 힘!영양가득 로면말 | WHOLEGRAIN | 로만밀통밀식빵 | 26.% | 0% | 토종효모로만든 | 13 | 물보로모
001402,14,2020-09-29,1,0,0,까지 | 811801007820644 | 14111 | 흑당호떡믹스 380 | HD | 우통기한 | ※급기 전 실은에서 30분~1시간 발효사긴 후 구우면 더욱 맛있게 즐가실 수 | ※반죽이 끈적일 수 있어 식용유를 손에 바르거나 덧가루를 부려주세요. | 2에어프라이어에서 180t 10~15분간 구워주면완성! | 1반죽에 잼믹스를 넣어 동그랗게 만들어주세요 | 호떡볼 | 3 에어프라이어에서 180c 10~15분간 구워주면 완성! | 돌돌 말아준후 적당한크기로 썰어주세요 | 2 | 반죽을 밀대로앞게 퍼준 후 잼믹스를골고루 뿌려주세요 |
001405,14,2021-01-27,1,0,0,"보인입니다 | 29 | 개인의 필요 | A | 지방2394% | L트를5.9mg | 랜스지방09 | 0% | U72922 | 05094% | 영양정보 | 0~30분정도 속성 | 내용림 750 | 까지 | 국수가원생 | 14:38 김영재 B-1 | 2021.01.27 F1 | 등의재료로만든 | Y | EABAGHC. | 유통기한: | 제조합니다. | · | ·이 제품은 대루,우유를 사용한 제품과 같은 제 | 조리시 기름이 튀어 화상을 입을 수 있으니주 | 받을 수있습니다. | 100% | 의해"
001427,14,2020-08-12,1,0,0,"Onion | 아산B32김미향1527 | HACCP | 2020.08.12까지 | HACP크a? | 상재가 | ·풍및교한경본사각공장,각영업지점및특약점 | 심고객상담팀:수신자오금부당전화2080-023-5181 | http://www.nongshim.com | 최대방로112(신대방동) | 농심 | 서울특별시동작구 | 포장재질폴리프로를린 | 기준이으를 개인의 필요 열량에 따 | 다를수 있습니다 | 1일영양성분 기준치에 대한 비율( | 은2,000 kcal | 단백질29 | 4% | 5 | 9% | 콜레스테롤0mg | 0% | 생감자 일수"
001430,14,2021-01-23,1,0,0,SLICE | 5공버터1.7% | 24 | 540 g(1.47 Kca) | 링고성태 | 2021:91 | ·23까지 | 가한브리오슈버터니라 | 버터가 함유된 촉촉하고풀미가 | BUTTER SLICED BREAD | 배터식빵 | 촉촉한 브리오슈 | Garatip | No:
001437,14,2021-08-29,1,0,0,"2021.08.29까지 | 5kcal) | 개입/빵류 | cm | 20 | 밀 61.63%함유 | 다양하요리-또아! | 싸고, 접고, 말아서만드는 | Tortilla"
001443,14,2021-09-06,1,0,0,깊은맛 | 사골-국물의 | 진한 | #밥한그딱#쇠고기#사골까지#미역국 | #노브랜드스마트컨슈머 #간편한#깊은맛 | 미역국 | 쇠고기사골 | BEEF SEAWEED SOUP- | 07:28 | 2021.09.06L4 | .소비자다 | and
001445,14,2021-10-28,0,0,0,2021.10.2장매봉 | CORN NUTS BAR
001446,14,2021-10-28,0,0,0,2R1.10.2E | 장재볼 | CORN NUTS BAR
001454,14,2022-04-02,1,0,0,"까지 | 유통기한 | 2022.04.02 | 부정울량식품 신고는 국번없이 1399 | 직사광선을 피하고 실혼보관 하십시오 | 준에 의거 교환 또는 보상 받으실 수 있습니다. | 본 상품은 소비자기본법에 의한 손비자분쟁해결 기 | 주의사항 | 하고있습니다 | 토마토를사용한 제품과같은 체조 시설에서 제조 | ·이 제품은 난류우유메밀, 땅콩대두밀복숨아 | 본사및 구입처 | 문의및 교환처 | •WWW.NOKCHAWON.CO.KR | 소비자상담실:02)597-3949 | 창수면창동로294 | 및 판매원 | •소분원:녹차원(주)포천공장/경기도"
001460,14,2022-11-18,1,0,0,2022.11.18 | 유통기한 | 공장소재지:경기도 | 청수연청동로20 | 녹차원취·본 | 업A명및스지 | 본사및구입처·소 | 싱당실:0269-2349 | 문의및교육처 | 주의시항 | 포장재질 | 원재료명 | 550g | 태도라시재 식품유용 역생자 내용량 | 제품명
001472,14,2022-02-17,1,0,0,"aS on packae Men | Keep in a cool and dy place,! | E | 주움트리 | 제조원 | 및함량 | 원재료명 | 포장재질 | 유통기한 생단 피일 용량 300g | 제품명강사이신 스의 유스 | 2022.02.17 | OOMTREE | 28.000"
001475,14,2022-07-10,0,0,0,2022.07.10.E. | 4 | 18 | 300 | 39 | SAE | 로 맛을낸맛음은
001477,14,2022-05-10,1,0,0,IB 1 | 까지 | 부터 | LDPE | 1666-5471(204) | 080-850-1200 | 고적명복센터 | RN | 주의사항 | 200% | 6%
001483,14,2021-02-06,1,0,0,8 02. (226g) | NET WT. | 4-2 02. Minis | SOARED IN CRE | BURRATA | ipasti plater. | read dured | BELGIOIOSO' | iaCareesalad. | aienin ldeas | BEST BY FEB/06/21 07:45 FL6A
001490,14,2021-08-06,1,0,0,8 | 2021.08.06A | 저주 | OTHER | 2020.12.07A | 10 | HACCP | 포평자질내인 | 10-3500 | 유동진문 | ·부 | 10-4395 | 제조원 | ·복제품은소비자문문에 | 구입처및제조원 | 하시기바랍니다 | 반풍및교환 | 개통는- | 200504150202863 | 중목보편건호 | 에서 교환하시기비합니다 | 계란대두쇠고기힘유 | 칼슘이나트륨(산화방지 | 원재료명 | 미국신 | 발호시 | 잣을 | 브라질파라과이 | 300g200kcl | 48 | 유통기한 | 별도표시일까지 | 보관 | 고니
001496,14,2022-09-18,1,0,0,"880944511021982 | 유통기한 | 까지 | 2022-09-18 | 개인의 필요 열령에 파라 대를 수 입습니다 | _멘통질릿형.전연향료(자몽향0.1%) | 1일양성분기준대한비율은0기준이므로 | 나-아스코브샌나트륨 합성향료 | 콜럭스터를mg0 면력 | EC RSn  | (128kcal) | 식용색소황석제4회,비타민C, | 4개입 | 호을스 자몽향캔디 | 34g | 지병OO. | (감미로,착 식용색스적석제4호 | 박실탕,액생포도당,구연산 수크릴로스 | 나트륨리 | 108 2525% | 41M34Jg 128kl | 원재료명및 함"
001505,14,2021-01-27,1,0,0,"OTHER | HACCE | 한정원요시일까지년월일수 | 보관방법 | 냉장보관0~ | 원재료명 파인애를 100%(필리핀산) | 신용의유형 신선민의집품 | 32008030922047 | 제품명 스위티오 후레쉬컷 파인매를4 | 후""쉬컷 파인애플 | SWEETIO | 스위티오 | 2021.01.27 C | OTHEF"
001509,14,2021-10-19,1,0,0,BEST BY: OC-19-2001 | PKO-906 | 83823 | ITMARE T306722 | wuct o the USA | Aro
001511,14,2023-12-01,0,0,0,26222.01.4 | 660200 | PLO00502 | ·장:대 | ·1 | X | B스크(K-94) | 대형(K-94) | 효능·효과
001521,14,2021-07-08,1,0,0,HACCP | 까지 | 11:85 | 08 | New 식답
001522,14,2021-06-14,1,0,0,레스Om8 | 16:57 A01 | 까지 | 포화지방118 | 75 | 2021.06.14 | 트랜스지방08 | 부터 | 2021.01.15 | 지방248 | 44 | 당류38 | 탄수화물698 | http://www.orionworld.com | 21 | 오리온 스낵을 인터넷에서 만나요! | 나트륨620mg | 3 | 100g당 | OTHER | 기준치에다 | HACCP | 영양정보 | 사및구입한곳 | -5700(문자)1522-40 | 없이 1399·고객센터R | 리드세요·부정·불랑 | 복가 필행곳에 보집 | 의한피해보상·직사 |
001526,14,2021-01-21,1,0,0,"2021.01.21.F2지 | 유통기한 | 대성주시회사 | rwwjungoneshop.com | DAESANG hww,caesang.com | C | 송고객상담실 080-019-9119(수신자요금부담) | ·부정·불량식품 신고는 국번없이 1399 | 본제품은 소비자 기본법에 의거교환 또는 보 | 서늘하고 건조한곳에 보관개봉후에는 냉장보 | 승아이 | 2347 | 교번화 | -200046402-2-199504 | 모포장사질용가유리 뚜껑철폴리염화비날 | 토마토 대두밀,시고기 닭고기, 조개류힘은 | 정자 | 소금*토마토함량 70.8 %생"
001529,14,2021-02-11,1,0,0,미를 몰렸어요! | 나맛을이고 | 9 | 80이상 | 이상 | 11 | 30소 | 연육함량SURIMI | 고단백PROTEIN | 륨NATRIUM | 사각어묵 | 간간한 | 2021.02.11 | 유통기한
001530,14,2021-02-11,1,0,0,었어요 | 나맛를이고 | 30 | 119 | NATRIUM | 800% | 고단백PROTEIN | 연육함량|SURIM | 사각어묵 | 렇깐깐한 | 2021.02.11 | 유통기한
001541,14,2021-06-13,1,0,0,OTHER | 까지 | 부터 | 21.06.13 2:1 | 20.12.14 22:54 | 롯데제 | 0 | 파감자의 열이질곡의해랑 | 자 어 간하이 | 플레스지팔 | 데리너이트(Marinde) 공법 | 플랜스지방 | 5098 | 영양정보 | 지구원 | COog(Ar Bakine) 공법 | 살린
001542,14,2022-01-22,1,0,0,"22.01.22F2 | 유통기 | 080-019-919/수신0부당 | 송고객상담실 | DAESANG | m | 블량식품 신고는 국번업이 전 | 및교환장소본및주립 | ·반품 | 최고 | ·알류 | 업소명및소재지대상(주) | 호박산이나트륨 | (인도신),농축굴국센 | 풍목보고번호19509"
001560,14,2020-11-25,0,0,0,"2020.11.25까.지11:00 | 5.취향에 따라 간장이나 소금을 첨가하거나 간단한 반찬과 함께 즐겨도 좋습니다. | 즐길 수 있습니다. | 4.느끼함 없이 귀리의 담백하고 고소한 맛 그대로를 오롯이 즐길 수 있도록 설계되어 부담 없이 | 3.귀리 식이성유가 주는 포만감으로든든한한끼 식사를 약속합니다 | 오리지널 30g 당878 mg 함유되어 있습니다. | 2.엄선한원물에 귀리에서 추출한 식이섬유(Fiber)를 추가로 넣어,베타글루칸이화이버 오트밀 | 부드럽게 만들어져,온 가족 아침식사로 좋습니다 | 1.포스트만의 노하우로 탄생"
001563,14,2020-08-05,0,0,0,[OPEN | A취급주의:제품 개봉시 손이 베지 않도록주의하시기 바랍니다. | Jagabee | 짧짤한맛 | 자가비
001566,14,2020-04-23,0,0,0,2 | KCM 12 15:54 | 23 APR | 2020 | SIRING | STRINE
001573,14,2022-01-06,1,0,0,2022.01.06 | 까시B | 150202972 | SA | 처및제조원 | OTHER | (성수동2가)/(02)380-5678 | 마트/서울특별시성동구 뚝섬로 | 6 | 학산업 1로102/ (02)430-1975 | 단월89 | 제조원 | 시아스/충북 청주시 흥덕구 옥산면 | 15% | 레스를25mg | 폴리프로필렌 | 8% | 69 | 40% | 바랍니다. | 랜스.q미만 | 보관방법 | 직사광선을 피하고 실온에서 보관하스 | 지방89 | 15 | 160 | 기한 | 별도표기일까지 | 16% | 당루 | 269 | 탄수화물 |
001576,14,2022-03-27,1,0,0,지기 | 022.03.27 | 까지 | 2 | ·소동위원 | ·원-235% | ·내용량 | ·내용량4009 | 원산지:국내산 | 제품명:지리산
001577,14,2022-11-05,1,0,0,88017671336652 | 까지 | 2022.11.05 | 유통기한 | 받으실수 있습니다. | 거래위원회 고시 소비자분쟁해결기준에 의거 교환 또는 보상을 | 제품과 같은 제조시설에서 제조하고 있습니다.·본 제품은 공정 | ·부정·울량식품 신고는 국번없이 1399·이 제품은 메밀을 사용한 | ·직사광선 및 고온다습한 곳을피해 건냉한 곳에 보관하십시오 | ·WWW.NOKCHAWON.CO.KR | 소재지 | ·공장소재지:충남금산군진산면실학로67 | 업소명 및 | 녹차원주·본사:서울시 서초구 서초대로4길84 | 본사및구입처·소비자상담실
001583,14,2021-12-15,0,0,0,정제조 | 조리방법 | 조절 | 믹스' | 202112.150 | 핫케이 | Shake | 우유를넣고
001605,14,2021-03-06,0,0,0,A | 132 | g | x2 | 삼호 | 안심김밥맛살 | 정 | 합 | g | 132 | x | DD1 | 2 | 삼호 | 안심 | 실김밥맛살 | 8 | 801 | 4 | 2 | 41 | 62 | 2 | 8 | 2 | DAL | 152379 | 2021.03.06
001607,14,2021-04-03,1,0,0,충무강발12 | 2021.04.03까지 | 감밥소스와함께드세요 | 충무김밥 | 2징어 | 올질어 | 국니산 | 100%
001617,14,2021-12-15,1,0,0,까지 | 2021.12.15 | 고(국산)100% | 50보동고중가위) | 식물의 유 | 고중기부
001627,14,2021-07-03,1,0,0,까지 | 12:20 | 2021.07.03 | 유동기한 | 12년일
001630,14,2022-10-21,1,0,0,"www.nokchawon.co.kr | 2022.10.21 | 유통기한 | 주·본사:서울시 | 원 | 및구입처·소비자상 | %,비타민CHO0% | 국산 | 철임새콤레모정백당, 레몬 | 녹차민 | 13037237849 | 품목보고번호 | 새새레 | 식품유형"
001636,14,2021-12-22,1,0,0,1142704 | 801117 | 까지 | 2021.12:22:27 | 부터 | -23.05:32 | 2020-12 | 오리온 | 유동기한
001647,14,2021-12-14,1,0,0,써스위트 | 제품명 | 식품위임 | 한 | PCWU2P5117L3X12 | 2021~12~14 | EXPIRYDATE/유통기한
001654,14,2019-08-19,0,0,0,2019.08.19지 16:05단
001664,14,2020-08-29,1,0,0,까지 | 2020.08.29 | 유통기한 | 의  C보 | OTHER | 18730180015-54 | Q고객병복센터 | D-A9.5H0.28 | 1201c.k | 500g | 스Omg | Lr니다 | 01 | 05 | 400 kcal | 제8연구가의 100년 2을원 | 88g | 0 | 8% | 08 | AREISWEETREE)E | 10098 | 100g | 31% | 80 | 48500g | 전정을담은라이프 스위트너백설스위트리 | L0mG | 0% | 0g | 01 | 트리 브인드를 소개합니다 | 영양정보 | 2 | 3/2 |
001670,14,2021-10-23,1,0,0,"8 | 801117109202 | w.orionworld.com | 기한 | 고기 함유 | 21.0.23(A) | 까지 | 료 4종 밀, 달걀 | 유통 | 20.10.24(06:27) | 부터 | 화제,언하이드로 | 코친(백분탈2),백설탕, 전란액, 실역,가공연유,산도조절제 2종, 식염 | 알감백가량 식물성유지말레이시아산, 코코아프리퍼레이서 프량스삼 | 재지 | 호 | 7호4/론 제4청주공장 충청북로 청주시 덕구월명록 249 | 19870415003165 | 포장재질 | 폴리프로필렌 | 과지 | 기한 | 측면 또는밑면 표기일까지"
001674,14,2021-07-18,1,0,0,이미지사진 | 56.0 | 입/가공치 180g(600kal/냉장품 | 러운 크림치즈의조화 | 고소한 술성체다와 | neese | lce | 체다슬라 | Cheda | 체타 치즈 | 부드럽고 고소한 | 13:55 | D김창훈 | 18까지 | 2021.07 | 장하지즈 | Maeil
001677,14,2021-11-28,1,0,0,< | 0 | 연 | 국 | n | 번 | F.nu | 김 | 피 | 네칩네 | <i | 까지 | 2021.11.28E
001684,14,2021-11-14,0,0,0,LATLR | AVTC | SDORANIE | SIMON | DON | ORANGE IUICE | 2UMO DE NARANIA | 1-140 1205: | 1Le | 14/11/2021
001687,14,2020-11-27,1,1,0,080-850-200 | TEAAE | 1000%) | 9 | 2000531002-233 | 조정재(내입 | 리에릴렌 | 제조일로부터 5년까지 | 연출이미지 | 제조2020.11.27
001695,14,2022-07-01,1,0,0,"용왕:500g | ww.kapdang.com | 2022.07.01 까지 | 유통기한: | 5이제 | 부점,광식신고는 | 소비자상담심:02-6-2010 | 있반 | TWr.5 | PO | IROA | 250 | 카카오파우더 | 카카오AO 100% | CACAO 100% | REAL"
001696,14,2022-06-23,1,0,0,"까지 | 2022.06.23 | ·유통기한 | 느까실수있으며또한벌레모기등을쫓아내는역합도합니다 | 시나온스틱들을만들면열이가해은은하게시나은향을 | 시나몬캔 | 넣고약한들 | 0)분 정도 끝여주면 따듯한 뱅쇼를 즐길 수 있습니다 | 냉비에 레드 | 과일(오렌지1,레온1/2사과1/2과시니온스틱을 | 뱅쇼(프량 | 따듯한와인) | 스프레이로 채용하시거나천연 방향제로 사용하실 수 있습니다. | 사용한시나틱은 깨끗이 씻어 물에 넣고 끝여 천면 모기되지 | 벌레퇴치 스프레이/방향제 | 머를여로사용 | 몬스틱 이렇게 활용하세요!"
001708,14,2021-05-02,0,0,0,R | 정성가록 | 2021.05.02
001711,14,2021-10-15,1,0,0,까지 | 080-024-6060 | BF4 | 부터 | 21:10:16 | 21:11:15 07:54 | 오리지널 | 미가렛트 | ©LOTTE
001712,14,2021-07-18,1,0,0,"""세계No.1나츠"" | HER | 까지 | 21.07.18#3 | 21.01.1918:16 | 부터 | 통옥수수의씨눈이드로안심하고드셔도 | 됩니다 | 제과 | 흔적과 | 표면에있는검은반점은오본에구운 | 열량에 따라 다를 수있습니다 | Y인의 필요 | 1일영양성분 기준치에대한 비을(%)은2,000kcal 기준이므로 | 11% | 68 | 2.2g 4% | 단백질 | 0.3% | 5mg미만 | Omg 0% | 콜레스테롤 | 43% | 6.4 | 2.3g 15% | 포화지방 | 0.5g01 | 트랜스지방 0.5g미만 | 21839 | 7"
001715,14,2021-02-07,1,0,0,야채 | 살어묵 | 육74%로 부드럽고랭글한 | 민국 1등 브랜드* | 어묵 | DK2 | 2021.02.07P1 | 유통기한
001722,14,2021-07-06,1,0,0,까지 | 부터 | 2021.07.06 | 2021.01.07 | [오어 치기 | 국신합간장 | 국산 | OTHER | (이 p
001746,14,2021-10-12,1,0,0,"21.10.12 | 까지 | 분터 | 20.10.13 | vww.lotteconf.c | 수신자요금부담 | 81801062/8817101 | 0-024-6060 | 고객지원센터 | 라 다를 수 있습니다 | 이므로안심하고드셔도됩니다 | a기준이드로개인의필요 | 분기준치에대한 비율(%)은 | 실모양은코코넷분말껍질 또는밀기울 | ·과자 표면에 보일 수 있는 짧은 | 9% | 5g | ·부정,불량식품신고는 국번없이1399 | 0% | 롤Omg | 안버리는밝은 마음 | 73% | 지방11g | 항상 교환·유지 줍는 고운마음 | 스지방0.5 "
001754,14,2021-12-05,0,0,0,조리에 입니게다 | 출 | 균 | 살 | (저 | 용기 | 뚜껑:철 | 특의 | 스품위생법에의한 한글표시사항 | 10T 194992002EST251 | EET BEF0RE 2021 12 15 | liart PREMIUM PASTA SAUCE  | TM PASTA SAUCE
001768,14,2021-06-29,0,0,0,25%더드 | 2021.06.29/A | 부터 | 2020.12.30/08:19 | 가격은 그 | 어속 | 0 O0
001769,14,2021-12-22,1,0,0,까지 | facebook | 2 | 롯데제과 | 가득! | 달콤한 선물이 | 파이 | 엄마손 | 더욱 달콤하고 바삭해진 | LOTTE
001779,14,2021-04-09,1,0,0,까지 | 21.04.09 19:02 | http/wlotecon.o | 롯데제과 | 080-024-6060 | 고객지원센터
001781,14,2020-09-01,1,0,0,"구입한곳 | 270-09.AF2 | 까지 | 유통 | 일산시 서동로 23111 | 220-13.248 | 76487005194 | 부터 | 5종 | 달걀,말 | 8/801771 | 산수소니트륨,산성 | 센시트를 발가루, 푸마르 | HACCP | 포장시질 플리므프로를럼 | -HACCP지정제품"
001782,14,2022-10-01,0,0,0,L40LC1 | 2022/10/01
001783,14,2021-06-13,1,0,0,2021.06.13 까지
001797,14,2020-05-26,1,0,0,까지 | A | 1음:1금:25 | 부터 | RICH CHOCOLATE CAKE
001801,14,2021-03-05,1,0,0,! | ? | 2 | Best before/ | 202 | 621519/090419
001804,14,2021-01-15,1,0,0,까지 | 20 21.01.15.B | 쿠키 | 애플
001805,14,2020-11-09,1,0,0,"itp./7www.lotteconi.co.k | 까지 | 수신자요금부담 | DA | .11.05 | 080-024-6060 | 부터 | 20:모2-10 | 고객지원센터 | 8""801062014675 | 롯데제과"
001811,14,2023-10-22,1,0,0,BEST BY 23.1.2
001813,14,2021-03-26,1,1,0,SALTIN | 맛있는약속 | 2021.03.26까 | 유통기한 | 제조일 | 2020.0327 83 | be | CROU'N
001817,14,2021-04-14,0,0,0,166-57 | 080-850120 | OTHER | 고 | 8801391102 | 무(국산)53% | [48165 | 한 것이필으한 으리의 | 새금한맛5 | 심 의 무이 | 쌈무 | Csince 1954 | 하선정 | 내콤하게 만든 | 한식명가 | 100%국산무로
001827,14,2021-11-28,1,0,0,0000499930-33302:24 | 28/11/2021 PL | No Best for: GWe Bast före: | ⑨A consommer de préférence avant le: I Parasta ennen: |  Ha-o6po Ao:  Consumir preferentemente antes del: | B Best Before: N Ten minste houdbaar tot: | Strawberry& Mango | TWININGS
001841,14,2021-09-30,1,0,0,2021.09.30까지A | B | 일고장소구일 | 의거교 | 용은 공정거 | 205041502024
001844,14,2021-11-23,1,0,0,EXP:2021.11.23 | PL020 S | EZ:HDPE | 2 | 10000001597737 | 로인의 필요 당데 다라다를수있습다 | 일 영성분 기준에대한비을()은20 | Ong 0% 단백 12g 2 | E텐스장방 0g 포화지방 | DEB 65mC | 25g 25%방3496 | 115% | 100g당 550 kcal | 장양경보 | 내용량500g | 같은 제조시설에서 제조하고 있습니다.
001847,14,2021-09-23,0,0,0,2 | .54f | 8432 | '000000 | 2 | 23129 | ER202109/23 | D | 크레페 | 녹차
001864,14,2023-08-04,0,0,0,1e | 12% | a | 1 | 1955 | L2172 | 0408/2023 | AERODIISEPIA | LHENTIA
001867,14,2022-07-NONE,1,0,0,용우수 | 식 | 김의켜료환 고신 손방지 | 먹시코/ | 원재료명 | 읽는방법 | (BEST BY 월.년순) | 별도표시 해당월의 1일까지 | 유통기한 | 서울시 강남구손현로10길 6 | 수입원 | (주)삼경에프에스 | 150m | 내용량 | 소스 | 식품유형 | 제명출플라핫소스오리지널 | B2R31R142222:36 | BEST BY JUL 2022
001868,14,2022-07-NONE,1,0,0,1일까지 | 부로10림6
001879,14,2021-09-01,1,0,0,22720 | OTHER | 8 80497330072 | 우유.밀 대두함유 | OWE | 7% | 49 | 포일7 | 대두모함가 | 3% | 10mg | 단백질 10 | 13.39 89% | 리스터 SOn | 0g | 모하지방4.00 | 41% | 원재료명 | 22.29 | EP방Og | 62% | 62g | 지방679 | 유통기한 | 22% | OEW제2002 | 719 | 3% | 허기번호 | 65mg | Conectonery u | 소분업체및 | 150 (7550cal | 내용량 | 제조업소 | 강남구학동로 40114중 | 영
001882,14,2021-06-20,1,0,0,DS | 09:4E:00 | 2671W32K A5 | 2021 JUN 20 | BEST IF USED
001893,14,2021-03-19,0,0,0,이미지사진 | 2021.03.19 | 90gx2개입 |우유 30% | MILK PUDDING | 밀크푸딩 | La vita Diliziosa | 마올로 | Mamolo | PEACOCK
001905,14,2022-01-15,1,0,0,EXP: 2022.01.15 | PA211 S | No Brarid는모두이마트의 | 레스Omg 0% | 100 o 530 kc | 영양정보
001908,14,2021-08-16,1,0,0,까지 | 2021-08.16 | 유통기한 | 180715752983 | 8 | 바나나웨하스 | 냥냥 | 압입밀 | 우디스 | LDONG | 9100 | 30
001911,14,2021-05-21,0,0,0,014251591P | 0 | 21MHY2021 | e ni b rT | ASCORBIC ACID) | 의동보시 | Vit C 23mg 45% | 남긴제등은변의우기의 | Iron Omg 0%Poi s140mg 20% | 하십시오  | 심취하게하시고 동안 | VitDOmcg 0%Calcum10.4mg4% | 마십시-두에 유의 | 혼들어주시-두이 | source of protein | 인한 - | Protein <1g | Not a signiticant | TZOAUSA주O- | Incl Og Added Sugars | 1 | Tota
001913,14,2021-09-14,1,0,0,까지 | 으으 | 2021.09.14 | 초유웨하스 | 유통기한: | 8 | 남남 | 3801157550538 | 후디스 | 아이밀 | ILDONG | 4200
001923,14,2022-06-14,1,0,0,"81 | GMP | 유통기한 | 2022. 06.14 | 까지 | 제조번호: | 2012901 | 에 대한 비율임 | ※()안의 수치는 1일 영양성분기준치 | MSM'1.5g,NAG | (0 %),비타민D 5 μg(50 %), | (0%),지방0g(0%)나트0 mg | 탄수화월39(1%),단백질 09 | 1일섭취량당함량:열량10kcal, | 1일섭취량: 4정(3,200 mg) | 총30일분량 | 도움을줌 | 에필요/골다공증발생 위험 감소에 | 이용되는데 필요/의 형성과 유지 | [비타민D]칼슘과 인이 흡수된고 | 에도움을 줄 수 있"
001926,14,2021-04-27,1,0,0,1209 | 구운피스타치오 | 2021.04.27까지 | 이미지사진 | PISTACHIO | ROASTED | 보관시지퍼를이용하세요
001927,14,2021-04-27,1,0,0,1209 | 구운피스타치오 | 2021.04.27까지 | 이미지사진 | PISTACHO | ROASTED
001930,14,2022-01-01,1,0,0,809236 | 8 | 006600 | 2022.01.01 | 유통기한 | C191194 | 인증번호 | CER-OPT100509
001938,14,2021-03-NONE,0,0,0,016CM4CB19 BB03/2021
001948,14,2022-08-10,1,0,0,LOANO! | MF6:10 | :E6S20020:10-B05 | Acosorm avant te: | Aecorsommer de | Best before. | 12
001959,14,2020-11-13,0,0,0,"HAPPY DANCE | 080-850-0085 | 더리일 및 민려경 영양에 대해 궁금한 | Pe | 85031 | 50508 | 조문 | 조단버집 | Nutrition facts | ·사료관리법에 의한표시사항 | 감성착색료-감미료·항이제 무참가 | 수분련트를로 합성보존로는 0% | Why 소간? | 100%원을 그대로,리업푸드 |  의     수있 | STUDIo | 더:리얼저키한우간 | DANCE | 100%HUMANGRADE | LHAPPY | Real | Harim Pet Food | Harim | 조2020.11. 13"
001960,14,2022-06-15,0,0,0,L7·166 1/15-06-2022 | econsumareentro 3/4 giorni. | confezione. Una volta aperta la confezione conservare in frigo | a consumarsi preferibilmente entro la data stampata sulla | CE | CE | 12.00734/C | 12.00385/C | O) | www.rizzoliemanuelli.com | ES | ES | alia in Spagna nello stabilimento (vedi ultim
001963,14,2021-10-09,1,1,0,까지 | 유통기한 2021.10.09 | 제조일자 2019.10.10 | 할및통기한 하단별도표기일 | 도중주시도 | 제조원 | 주가보식품/경기도 | 제품명
001985,14,2022-01-19,1,0,0,"까지 | 2022.01.19A | 유통기한 | 18% | 0%단백47% | 801204 | 프화지방0g 0% | 05450 | 지방0g0% | 57g 18% | 245kcal |  내용량 708 | 박등하,우유,돼지고기 함유 | 내용량 | 70g"
001994,14,2021-10-29,1,0,0,OTHIER | 15:38윤정희 | 비닐류 | 2021.10.29 | 716 | 는 이크입니다 | 18 | 단백질 | 플레스테 | 포화지 | 트랜스 | 지방 | 터갈릭 새우칩 | 당류 | 탄수화를 | 나트름 | 총내용량당 | 영양정 | 개용후바로 | 소비자 | 호두s고기시고 | NPS | 보관방법 | 080
002028,14,2020-11-26,1,0,0,2020.11.26까지13:00 | 5.취항에따라간이소을가하나간단한반과겨도습니다 | 즐길수 있습니다 |   수 되 이 | 3권리식이성가 는 만감으한적 식사를약합니다. | 오리지널 309 당 878m9 유의어있나 | 2 | 부드게안들어져 아시 오 | 프스트 와이버 오임이 확법한 이유 | 시기문주의세 |  23120 | 1V2 120m | 1 | 11 | 2 | S | 2 | 구 | 모스트 하이버 오트일를 건방하게 먹는 방법 | 화이버오트밀 | Post | 키리로 있이하는 바뜻한이집
002044,14,2019-12-20,0,0,0,호두100% | 원산지:미국산 | 1농산물 | ENJOY | 캘리포니아 | 호두 | 2019.12.20.FBS | Valnut | CALIFORNIA
002045,14,2021-12-10,1,0,0,"2021.12.10 | 14R8F0E | 8901157552716 | DreamWorksTrols@2020DreamWorks AnimationLLC.AllRights Resenved | 트랜스지방0g | 식이섬유1.5g6% | 지방0g0% | 그: | 당류129 12% | 51 kcal | ILDONG G스 | 영양정보 | 층내용량 159 | 용기포장재질 | 유통전문판매원 | 이렇게 만들었어요 | 으로면과질유지에도움이웠니다. | DDREAMWORKS | 아이밀 | ,200"
002054,14,2021-12-NONE,1,0,0,"Nettovikt / Macca HeTTo: | 50g/r | Net weight / Peso neto / Nettopaino/ | o BAaKHOCT BO3AyXa He | rt ocht sValt. / XpaHuTb npn | www.lin dt.com | LINDT SUSTAINABILITY | /ar en lugar fresco y seco. / | FR-64400 OLORON-SAINTE-MARIE | COCOA | LINDT & SPRUNGLI SAS | MANUFACTURED IN FRANCE BY: | 5, noMel"
002056,14,2021-12-17,0,0,0,2021.12. 17 | 더해줍니다. | 즐거움을 | 있는 허브티가우러나는 모습을 | 있어 보는 | 우러납니다 | 필란미간이 없어 허브티의 맛과 향이 | 차입니다
002062,14,2023-02-NONE,1,0,0,"Non-GMO | GLUTEN | ""100 | 1947 | Since | SOLGAR | 0272023 | EXP | L0T 502337-04"
002074,14,2020-05-28,0,0,0,GAA | 었다 | 품질어는 | 특염 | 문 | ·맞있는  | 2020.05.28 | 삼들채 | 선정된 신안증도의 태평염전 | 고층가
002078,14,2020-10-21,0,0,0,산 | 1 | K9 | 바디감 | 로스팅 | Tasting Note | 09:43 | 2020.10.21
002086,14,2021-11-22,0,0,0,GLUTI | 글루텐크 | 2021.71.22 | 10 | STIL | Yummy
002088,14,2021-09-03,1,0,0,영 | 제영인절미아몬드 | 내용 | 2021.09.03까지A5 | 인진기아몬드
002091,14,2021-09-21,0,0,0,"250 g (1,168 kcal) | 국내산계란 | 2021.09.21 | #우리아이#온가족#간식#국내산계란 | #노브랜드#스마트컨슈머#부드럽고#달콤한 | COOKIES | EGG | M | OFT | SWEET"
002096,14,2022-06-16,1,0,0,"818098080 | wwteatoo08.com | 1 | 2022.06.16 | 판매원및구입처 | 빈품및교환장소 | (습기및 직사을 때한 곳에원 | ※신선도유지를위한산소흡수제는드시지마세요. | 보관방법 | 실온보관 | ·부정 불량 식품신고는 국번없이 1399 | 별도표기일까지 | 유통기한 | 제품과 같은 제조시설에서 제조하고 있습니다 | 201803500619 | 오징어우유 밀 쇠고기, 토마토,잣을사용한 | 품목보고번호 | 고등어 돼지고기, 복숭아, 아황산류,호두닭고기 | 031-541-9900 | 소비자상담실 | ·복제품은메밀 "
002106,14,2022-01-03,0,0,0,세트(블랜드) 1KG | 산 | 미 | 바디감 | 로스팅 | Tasting Note | 12:55 | 2022.01.03 | eoml | 논방법 | 과말라 40% 콜비아 30%인도네 | FULL AUTHEN
002120,14,2020-07-20,1,0,0,CHOICE FOR | e | CHOICE FOR US | e | 까지I01 | F1 | Im | 거품 | 2020.07.20
002129,14,2021-08-12,1,0,0,2021.08.12.까x | 유통기한 | aloko | 하고있습사 | 5 | 하기위 | 심자부담
002131,14,2021-11-01,1,0,0,2021.11.01 | 유통기한 | 허쉬 초코크림 샌드위치쿠키 | CHOCO CREAM SANDWICH COOKIES | HERSHEY'S
002132,14,2021-10-04,0,0,0,IMLN | 07 | (6EZ0b | RO6T-2 | 2
002135,14,2022-11-02,1,0,0,422673 | OTHER | 2022-11.02 | 유통기한 | 니이 139 | 가제조하고있내다 | 폭보고번호 | 포장재질 | 20160086809-251 | 무류 대두 문 방콩 함유 | 및합량 | 원재료명 | 법반요기일까지
002152,14,2019-07-11,0,0,0,19.07. | 19.06.12 | 부터
002173,14,NONE-07-01,0,0,0,170
002174,14,2021-09-05,0,0,0,2021.09.05 14:48 | 일영양성분  | 변동분수거하여용합시다. | /ww.ungoneshop.com | 콜레스터를Ome0% 단력질6g | /ww.daesang.com | DAESANG T상주식최사 | 지방g0%트랜스방이 | 4E 5900m025 | 08-0919(수자요금부담) | 100ma5 | 8고객상담실 | 영양정보 | 대두밀함유 | 장· | o0 | 목보고번호:1850499
002176,14,2021-02-11,1,0,0,사각 8009 | 산어묵 | TE ORIGIN. | 21.02.11 까지F1 | 대립선 | DELICIOUS | ERIMSUN | 생신남어목
002179,14,2022-01-19,1,0,0,사조대림 | 8 | 01039204276 | 깔끔마개사용 | 상담실(080-900-613) | 콜러레스테를 | 교:구입저및 소비자 | 고환 또는 보상받을 수 있습니다 | 나트를Omg 0% | 소비자 분쟁해결 기준에 의거 | 0q=18m | 영양정보 | 100gcal | 흔 공정거래위원회고시 | 총48량 900m | 고 | 니다. | 되기 | 가정은도(160-180 주 | A주의사기을하면24이기이나연가고이우가 | 2022.01.19 | 보관방법 | (주)사조대림인천광역시시구봉수대로2 | |상단 또는 중앙별도표시일까지 | 900m (2
002181,14,2018-12-04,1,1,0,:Pp | 껑:LDPE | 14:17 | 까지 | OTHER | 2018.1: | 2.04 | 플라스틱 | 88010451176307 | 고객상담실:080-024-231(수신자요금부담) | 0-0C보관하시고 얼지 않도록 주의하십시오 | ·직을때시을한보관하시고에는 | 또는보상받으실수있습다·부정불량식품신고는국번 | 제조설에서제조하고있습니다.·본제품은소비자 분쟁해결기준에 | 콜레스테롤10mg3%단백질 19미만 1% | ·이제품은 우유 돼지고기 조개류굴를 사용한 제품과 같은 | 지방3 6% 텐스지방 09포화방 33 | 주식회사 오뚜기 충북
002190,14,2022-02-04,0,0,0,교유자 | /04
002193,14,2020-06-10,1,0,0,2020.06.10 23:30 M11 | 까지 | 하세요. | 유통기한: | g(50kcal)
002207,14,2020-06-11,1,0,0,dr.sajo.co.kr 환경보호생활화로금수강산 아름답게 | 기준이므로 개인의 필요 열량에 따라 다를 수 있습니다. | 단백질 8g 15% | 포화지방 0.3g2% | 09 | 202D.05.11 | 4:07 | 당류2g2% | 79g 24% | 100g당 350 kcal | 총내용량1kg | 유통기한: | 매원·소비자싱담살 080-900-6133(수신자요금부담) | 은 공정거래위원최고시소비자 분정해결 기준에 의거 교환 | OTHER | [지마십시오. | 937594 | 801039 | 8 | SAJO | 1냉장하여 보관하십시오-사
002213,14,2020-10-30,1,0,0,까지 | 07:45 최광훈 | 2020.10.30 | 유통기한
002218,14,2023-05-NONE,1,0,0,"reydabewher | typhoo.co.uk | Packedin the ur | Pachagiegs | Tube | Vf | 01 | Stayin the lop, | L0148 16:15 | Fim-notyetreyed | Carton-widely reyced | MAHY 2023 | in anairtigt containec | K | and once opened store | BEST BEFORE END | Storein a col dy place"
002227,14,2023-03-03,0,0,0,MEXICO | 31 | BV3 | 0 | OUDE | 2023.03 G3 | LEFGRE | op organic P | TUMEARTH | 레스테를 Omg 0% | 지방 0g 0% | 영양정보 | iops | Vrapped | llyw | 289 | EARMEXICM | ORMEXICO | NENTCUT 06902 | HINC. | dofO | EAKI
002233,14,2023-01-21,0,0,0,.2023 0121
002237,14,2021-06-08,1,0,0,"OTHER | 2021.06087 | -부정-불량식품신고는 국번없이 1399 | (산리고당 | ·반품 및 교환장소:구입처 및제조원 | 보상받으실수있습니다. | 제은 공정거래위고시소비지분기준에의거 | 0국산 | 제조라인에서 제조되었습니다. | y외국산·태국, | ·품이목에수있이로 법어서드십시오 | 섭취시주의사항 | 377 | 2% | Putasiu74 mg | 13 | 910 | ylamin oomea | 4% | 185 | rate 16"
002273,14,2021-08-09,0,0,0,"NETW13060kick13,ta/10stick] | 조리예 | 10sticks | Hazelnut | Cappuccino | 2021.08.09 19:55 인천 A/0 | CAFE | R | MaXim"
002283,14,2022-01-20,1,0,0,http://www.crown.co.kr | 맞있는 과자세상 | 2022.01.20까지B | 8801117/941198 | 2021.01.21제조 | OTHER | NSC 62 | 1일 영양성분기준치에 대한 | 다를수 있습니니 | 000 kca | 비율(%)은 | 으로 개인의필요열량에따리 | 콜레스테롤0mg | % | 32% | 비타민C 32mg | % | 1901 | 단비 | 질 | 지방1.994% | 3 % | 포화지방1.9g | 스지방 | 트린 | 4트륨10mg 1% | 당알콜99 | 3 %당류14 g 14% | 화물 | i1
002292,14,2021-07-03,1,0,0,"BRR | 2021.07.03까지 | NEARCOMMTTTED | D TO MAKING A SNACK. | – | D | T | W1,000 | ."
002298,14,2021-10-15,1,0,0,"2021.10.15까지 | 냉동연육23,23%함유 | (전갱이,고등어,갈치/국내산) 41.23% | 24g /기타어육가공품(비살균제품) | Hol Tadte(C | 식품의약품인전 | HACCP | 식품안전관리인증"
002310,14,NONE-03-13,0,0,0,1AB | 세크수 | 187.437A | 이서울우유 | 3.13:13:4?부A | 03.13.13:4?F5
002319,14,2020-10-29,0,0,0,바디감 | 로스팅 | Tasting Note | 14:16 | 2020.10.29
002329,14,2020-11-30,1,0,0,까지 | 20:55 | 2020.11.30 | ccm | 080-019-919(수신자부) | 자 |  상이 이니 안심하시고 드  |  제조하고 있습니다·혼들어서 사용하세요 | 2 681번길28 | 홍로
002335,14,2021-11-19,0,0,0,시주감귤 | 사랑 | 2:31 F1 | 2021.11.18
002344,14,2022-04-09,1,0,0,2022.04.09 | 유통기한 | 자상담일 | 202-6403-3388 |  139 | 개 | 반일교램구입처및 관때인 | 희석양 | 용기(포장)재질 | (10g)/100ml | 021 | 및합량 | 아02 | 원재료명 | 유통기한 | 제조·판매원 |  101 | 방이을미2/6403-38 | 제품명 | 무방이을에/성신 영용구 | Stevio 1스/100m 기 | ZERO | kcal | HACCP
002346,14,NONE-02-12,0,0,0,02.12011 125520 | ACTIVA | 풀무왔다 | egan | 비건인증 | 식물성액티비아 | 우유대신코코넷으로! | Pulmuone
002373,14,2021-12-27,1,0,0,A4i | 감자전믹스 | 우라이 | 간편한 | 약 8-10 | 당신이스마트컨슈머가 되는길 | 이것이노브랜드의이념과철학 | 가장최저의 가격대를 만드는것 | 최적의 소재와제조방법을찾아 | 브랜드가 아니다.소비자다 | 7 | No Brand | : | TM
002387,14,2021-01-14,1,0,0,2021.01.14까지 | HACCP | 유통기한
002395,14,2023-11-11,1,0,0,"까지 | 유통기한(Exp) | 제조번호(Ld | *용기 개봉 시개봉부위에주의하여사용하시기바랍니다. | 건강기능식품의 정보를 확인하실수있습니다 | (상품바코드번호13자리+제조번호4자리)를 입력하시면 | ‘www.tfood.go.kr'에서 건강기능식품 이력추적관리번호 | * LGG°, BB-12는 Chr.Hansen A/S의 등록상표입니다. | :BB-12"" | 안전성을과학적으로입증하였습니다. | 수많은논문과인체시험을통해기능과 | 145년동안 유산균을연구해온Chr.Hansen는 | LGG | 가장 많이연구된 특허받은 유산균입니다 | L"
002398,14,2021-09-18,1,0,0,- | 과 | 0-0 | O-AE- | AA | 응기가 행 방상 손상되었거니 내용물이 | ·일레르기등특이체질의 경우 과민반응이 | 준에거보상받을수있습니다 | ESEEP | 본제품은공정래위원회고시소비자분쟁 | ·부정·불량식품 신고는국번없이 199 | O
002410,14,2022-04-NONE,0,0,0,04.2022 | 토네이도젤리 | 677101 | 8809256 | 뜯어먹는 재미가 있는 | 길~쭉길~쪽 | 단 0539 | 0% | 레스테를 Omg |  0219 | 24% | 824g | 0 | 9% | 수화를 30g | 지병 0.359 | 4% | 70mg | 8489 | 풍신고는 국번없이 1399 | 5에의
002435,14,2021-06-03,1,0,0, preferencialmente antes de | Consumir | r de préférence avant le | .Aconsommer | e(dd/mm/yy) | E: Best before ( | dunDa brica | de | Date | (dd/mm/yy) | Date | P: Production | 292 | 2 | 6 | 6 | 0 | 61650 | KIn | 양F
002443,14,2021-11-11,1,0,0,LEMONADA | 소비자다 | 브랜드가 아니다. | No Brand' | K12015 | 16:06 | 11111 | BEST BEFORE
002445,14,2021-01-16,1,0,0,이미지예 | 앤넷바 | BAR | IUT | RRY | 유통기한 | KRA2 | 2021.01.1621:56
002449,14,2021-06-09,1,0,0,"2021.06.09까지 | 10체조 | 2020.121 | 스터롤 | 당류 | 환수화물 | 트 | 영양 | 이나트륨 | 론제제텍스트린 | 제소금DL | 과산,혼합제제 | 핀산]사과퓨레[사고 | 키위뮤러22%(뉴질랜드산) | 고번호 | 품목 | 소스(살균제품) | 키위드 | 키위의 | 질랜드 | 신선한"
002478,14,2023-03-15,0,0,0,S | 2023.03.15 | 20006 | 하메론-S
002520,14,2023-10-02,1,0,0,TEA BAGS | 20 g/20 | NET WT | 페퍼민트티 | TEA | PEPPERNNT | HerbalT | 02/10/2023 | 가아니다.소비자다 | Brand | 자르는곳
002525,14,2023-01-25,0,0,0,2023.01.25 | 율무차 | 이로 | 5.180 | 40
002544,14,2021-03-21,0,0,0,"의배출하여 주십시오 | 교환 또는보상받을 | 오징어 | 지 | 전지 | 주의사항 | 산 | 업조명 및 소재지 한일식품()경기도 | 포장재질(내면) 플리에릴렌-면, | 80108518816 | /폴리프로필렌-후레이크/알미늄용 | 고추씨맛풍미 | d-토코페(혼합형 | 거와국소 아르헨티나,미국,브라질 등) | 숙면(국물형)나트륨평균함량 | 0mg | 나트륨향량비교표시 | 오트 | 2060 mg | 800 | 증진저 | 1000 | 표고버 | 선추출 | 1200 | 1600 | 조미 | 1400 | ‘고충기 | 정제속 | (국산) | 산나"
002558,14,2022-04-01,1,0,0,"2022.04.01 | ※부정·불량식품신고는 국번없이1399 | 서늘한곳에보관하십시오 | PP | 114110111820405 | 5 | 보관방법 | 직사광선 및 습기가없는 | 폴리프로필렌 | 포장재질 | 반품 및교환 | 수입원 및 구입처 | 탄산수소나트륨 심황색소 코치닐추출색소 | 및함량 | 가능성 있음)데스트로오스L-주석산 | 0% | 원재료명 | 설탕,옥수수전분(유전자변형 옥수수포함 | 단백질0g | 0% | 201.8통1719(문정동)T.02-402-0026 | 플레스테를Omg | 0% | 주식회사대광인터내서널 서울시 송마구"
002560,14,2022-10-21,1,0,0,"Mi Best ar @Pa to enen | onles del:@Consunir de preferéncia | 2022-10-21 | avant le:Cons mir preferentemente | bis:Acon ommer de préférence | @Best before:@ Mindestens haltbar | @@ Ten minste houdbaar tot: | 200ge | 81718469320912 | 네덜란드 | 원산지 | 폴리에틸렌(내면) | 포장재질 | 밀납, 심황색소,착색료(이산화티타늄) | 푸마르산,카나우바확스,"
002566,14,2021-10-15,0,0,0,1000000597720 | TLE40C 09:24 | 15.10.2021 | 루베리/퓨리동액3.4%(블루베리 100%친 | 연향료(블루베리향) 0.03%) | 공한상한 | 레이 | Kcal네란드산(OEM) | #스마트건슈머우유량 | N581 | 이미지 사한
002580,14,2021-11-17,1,0,0,2021.1.17 | 까지 | 유통기한 | 품목보고번호 | 20050471173-177 | 28번길17/ | 41-956-1434 | 충남서천군 장 | 항읍 장항공단길 | 사법인한생(주)/ | 제조원 농업 | 추급방법 | 관하시기바랍니다 | 선을 피하고 서늘한 | 프탈 | 뚜껑-폴리프로필렌 | 용기 | 면)-폴리에틸렌테레 | 한 | 하단표시일까지 | 일재료명 | (충국산) | 검정깨100% | 식품유형 | 기타농산가공품 | 2008 | 친정엄마 볶음검정께
002583,14,2021-01-07,0,0,0,SSG.COM | 8 | 2021.01.07
002584,14,2023-11-04,0,0,0,"riparo da luce e fonti di calore. | salare 'aqua della pasta. Consevar al | ort | per piati a base di carne o pesce e per | Tuber s  | tracceo spore del gener Tuber sp. dale | may on | 로(검은서양송로향)0.5% | melanosporum Vitt), Aromi. Puo contenere | (Tuber mea | 4412 | 뚜껑:철 | aestivum Vitt), Tartufo Nero"
002586,14,NONE-12-22,1,0,0,"Exp.Date: 12/22 | Batch No: 652332 | KEEP OUT OF REACH OF CHILDREN. | DO NOT USE IF BLISTER SEAL IS BROKEN. | cool, dry place. | may inhibit the absorption of B-carotene. Store in a | amounts, it may tumn the skin yellow temporarily It | adverse reactions occur, When taken in excessive | Discontinue"
002598,14,2021-12-NONE,1,0,0,"""00146612079111 | 12/2021 120154 08:38 | Best before date:/ RE/Batch no.: | Internet: www.rapso.at | A-4082 Aschach | BrandstatterstraBe 6, | RAPSO OSsterrich GmbH | protect from heat and light | Light proo-botl protects the product | Quality from the nature | 반품및교한:구입처또는수입원 | 부정·불량식품 신고는 국번없이 1399 "
002600,14,2020-10-21,0,1,1,제조일: 2020.10.21 | OTHER | (삭카린나트륨제제) | 식품첨가물혼합제제류 | 60g | 참가하면 좋습니다. | 위기류에 소랑 | 뱅튀기 | 전통 | 50년 | DOWDER | 분말 | NEWSUGAR | 뉴슈가
002603,14,2022-07-07,0,0,0,NET. CONT.750 ml e | (25.3U.s0z) | 2022.07.07 I L0T 018950 | 8004275156365 | HILDP | 영양정보 | 영양정보 | 내8 (50om) 10n8 5od | OOLE | 9 | 마십시오 | 후에는 | 이탈아 | 0% | 에 | 유지
002606,14,2022-04-02,1,0,0,Omg 0% | 단백질 | 콜러스터롤 | - | - | 탄수화물 | 당류 | 나트륨 | 고객상담실:080-024-231(수신자요금 | 실수 | 분쟁해결기준에의거교환또는 보상받으 | ·부정·불량시품신고는국번없이1309분 | 모장재질용가플리에릴린테레프팔레이트 두 | 어틸런 | 수입원주식회사오누기경기 양시 동안구 | 주식회사 오누기 울산광역시 울주군 | 구대로 19 | 소분원 | BORES AGACLTIRAL &NDUS | OLSAU | 제조원 | 포도씨유 100%스페인션 | 500msc | 원료명 | 표기일까지 | 시품R기타식물성유지유
002618,14,2022-05-04,1,0,0,유통기한 | 2022.05. | .04 | 까지 | 25965 | 00117 | 3
002624,14,2022-12-19,0,0,0,22.12.19 | CE | U장재진 | 송국산)
002625,14,2021-06-22,0,0,0,8 | 801056 | 170585 | PureJuice Orange 10% | opicana. | 오레지1090M 64 | JUICE BRAND | 롯데칠성음료 | THE WORLO'S NO.T
002628,14,2021-12-08,0,0,0,"2021.12.08 | 3808 | HIGH FIBEA, PROTEIN INCLUDED"
002633,14,2022-02-03,1,0,0,"OOOST | 2로게의 별 일세학라대를수일 | Sweet S@ace | 단백질2.8g 5% | Omg0 | 방Og 0% 트방Og 0g 0 | 45omg3% 탄수 385g 12% 당4924 | 총내용량50g | 영양정보 | 을수있습니다.부정·랑식품 신고는국번 | 2022.02.03 | 제품은 공정거래위원회고시 소비자분쟁해결기준에 의거 | .개리시오 환 구입은 | 관방법:직사광선을 피해 서늘한 곳에 보관 방서 및방용 | 폴리에틸렌트레프탈레이트+폴리 | 장재질 | Best before: | 돼지고기 함유 | 알레르기 | 복승아상래몬행),"
002635,14,2022-10-09,1,0,0,MANUFACTURED BY: | www.sweet | 03 0 293 316 | ©acl | 09.10.2022 | 1일영성분기은200 | Best before / Lot.Nr.: | 29 88 | 단백질 | 콜레스테를Omg 0% | 프A | 지방 0g 0%트랜스지방0g | 나트륨100mg 5% 탄수화물79g4%  | 333KC | 영양정보 | 총내용량 | 있습니다.부정·불량식품 신고는 국번이PP | 소비자 분쟁해결 기준에의거교환 또는 보상 | 방법·소은위 | <0.2g | 보관 | 반품 및 교환장소구입처 또는수입판매원 | 4.2
002663,14,2021-08-18,1,0,0,EXP: 2021-08-18 | PROD: 2020-08-18 | festens haltbar bis | before: | nir preferentment ala | umir preferentementi | rotein | itaria/ Fibre | es Azicares /of whichSu | Carbono/ Carbohydrate | adas /Pobyunsaturates | uradas/ Monounsaturates | es Saturadas/of whichSa | etio/Energy | pical values per' |
002671,14,2021-04-05,1,0,0,"8801068388787 | 2021.04.05까지 | 유통기한 | 고객상담실 080-739-8572(수신자부담) | www.spcsamlip.co.kr | 포장재질PP 보관방법 직사광선을 피하여 실은에 보관품목보고번호 19910227021-846 | ],정제소금,합성향료 | 알류(달걀),우유,대두,밀함유 | 은십스(순초콜릿),혼합제제[산성피로인산나트름, 전분,탄산수소나트를, 제일인산칼슘, 탄산칼승 | 유지, 탈지분유,정제소음,레시틴],전란액,기타설탕, 코코아분말,물영D-소비톨액,다크컴파운 | 청제소금,유화제, 합성향료,-토코페를("
002683,14,2021-12-03,1,0,0,LOT: SIV 1/19/1 | CAL: 141/160 | BEST BY: 03/12/2021
002686,14,2021-11-05,1,0,0,"단호박 43%,사양벌꿀0.5% | 250g(165kcal)| 즉석조리식품(레토르트식품) | 이미지사진 | WITH | RICE PORRIDGE | SWEET PUMPKIN | 꿀단호박죽 | 2021.11.05 | 당신이 스마트컨슈머가 되는 길 | 브랜드가 아니다.소비자다 | No Brand | TM"
002697,14,2021-06-06,1,0,0,/T2002TGB] | 8180936011922401 | 고객상담실080-850-4311 | www.ivenet.co.kr | 아이배냇(주) | 까지 | 2021.06.06 | 유통기한: | 1일영양성분기준치에대한비()은200ca기준므로개인의필요열량에따다를수있습니다. | 콜레스테롤0mg 0%단백질1 g 2% | 지방 09 0%트랜스지방09포화지방09 0% | 나트륨4mg 0% 탄수화물29g 9% 당류17g 17% | 120 kcal | 영양정보 | 총내용량90g | = | ②가열후제품의 뜨거운정도를확인후 아이에게먹여주세요 | 이시 
002718,14,2022-02-23,1,0,0,EXP 23.02.2022 | IMPERIAL
002720,14,2026-01-09,1,0,0,"부정 | 제조사 | 제조하 | 교기L | 5-03 | 505 | 우유 | 주A | 보상 | ! | 어 | 있이나 | B 이상이 | ·소금은 | B성이 일기 | ·사광선과 기피 | 구입처및 만매원 | 모장제질 | 응기: | 천일국산천일염109 | 유통기한 | 후면 상단표기일까지 | 소지 | ·문원 | 업소명및 | ·원가원/경기도 | 생품의유행 | 천일염 | 2026,01.09"
002725,14,2021-10-28,0,0,0, 095 E 28 10 21
002731,14,2021-04-18,1,0,0,"bouquet. | 250g | Pr  rctr icu i forl | Madein Brny usig fresh emtathbeenmaturefo18hours,LeGal | NET WEIGHT | suited to milk production. | POIDS NET | m nnrnn | fioralparticuliérement riche. | des notes de fruits secs et un bouquet | Gall rofessionnel se caractéerise par | 1 | Fe maturée durant 18h,"
002745,14,2024-04-06,0,0,0,Parti No:190926 | S.K.T.:06.04.2024 | (21)151368657 | (01)08699717010109
002753,14,2022-01-NONE,1,0,0,Saran Penyajian | 6.1.207 4 | EXP:01.2022 | lalkist | crackers | Mokist
002758,14,2022-09-10,1,0,0,WWw.NOKCHAWON.cO.KR | 8 | 80177335587 | PP | PP | 표기일까지 | 2022.09.10 | 품질유지기한 | 키지 마십시 | 영하에게는 | 원시오 | 여 | 보관하 | 십시오 | 단 | 본사:서 | 판매원 | 시8 | WAOKCANONAB | 소분원 | 면283 | 교환처 | 문의 및 | 내포장재질 | 상가 플리에 터레프로레이트 | 원재료명 | 제품명 | 내용량 | - 
002760,14,2021-05-12,0,0,0,4984 | 2021.05.12 | 뚜또코코딸기 | Tutt | 250g(253ca)
002761,14,2023-06-01,1,1,0,"1.97.9z/2.99) | 334, T.B Jayah Mawatha, Color | Store in a cool dry place. | Nutrition Facts | Akbar Brothers (P | 3aBapHBaTb 3-5 MHHyT | 100 raHx nakerhkoB no 2 rpaMa B Kea c piako | lepyaka shan Wsupauota Srlankoje/Pakhud | NleHThHEI HaTypaIHOMy | Empaqeté a Ssi Lanka par/Abgepackt in Si Lan | Coc"
002774,14,2021-10-08,1,0,0,"※사용전에잘흔들어주세요 | 해드립니다 | 10.보관방법 | 90용기-P- | 8.월명및정제수거자씨27% | 7.내용림:2002(5679) | (읽는법: 년/월/일) | 6.유통기한:제품에별도표기일까지 | 4.제사:OLDS PRODUCTS COMPANY | 3.원산지:미국(USA) | 2.식품의유형:향신료조제품 | 1.제품명: 라리 홀그레인머스타드 (겨자씨27%) | 식품위생법에의한한글표기사항 | Salt, Citric Acid, Turmeri | ·Food Communicatin Channel | Mustard Seed, Vineg"
002782,14,2021-04-22,1,0,0,"Ciudad Real· Spain | 8 | 142019711005886 | Ctra. de Toledo, s/n· 13420 Malagón | Produced by: Quesos Rocinante, S.L. | 4°C and 10°C | Keep refrigerated between | Net Weight: 200 g | Salt | 1.9 g | 0,5 g | Protein | 259 | 79 | Sugars | 0,1g | <0,1 g | Carbohydrate | 2,39 | 0,6 g | Saturated fat | 23,"
002787,14,2022-06-22,0,0,0,Ep. 22 06 2022 | 05:41 | ESTERNO | CARTA | INCARTO | Prod. 23 06 2020 | L26M | ARKICLAR | B024 | sposye drzod | Upotreb | vo do | -A consu- | 500 ge 11lb | all'uovo | SERVIZIO CoNe DranOOR | f | SERVIZIO CONSUMATORI | LASAGNE | www.granoro.it | Crespano del Grappa(TV) | N.120 | Prodotto da:- Manufec
002790,14,2021-12-06,1,0,0,Product Of Singapore | Green | Kaya | PREMIUM | KAYA HOUSE | 06/12/2021 | BEST BEFORE | BATCH:R 4552
002793,14,2022-10-05,0,0,0,2022/10/05 | ILADI | foreignfo
002794,14,2022-10-05,0,0,0,2022/10/05
002803,14,2021-04-19,1,0,0,GASPARD | YONSEI | #연세밀크#무앙생제인증 | 2021.04.19 13:36 | 유통기한 | 까지
002815,14,2021-06-28,1,0,0,8 | 단백질1g | 29 | 콜레스테롤0mg | 0 | 포화지방11g | 기한 | 73 | 00:10 A01 | 까지 | 트랜스지방08 | 2021.06.28 | 지방24g | 유통 | 부터 | 2021.01.29 | 당류3g | 탄수화물69g | http://www.orionworld.com | 나트륨620mg | 오리온 스낵을 인터넷에서 만나요 | 기준치 | 100g당 | OTHER | 100 | 영양정보 | HACCP | 품인편관리인 | 사및구입한곳 | -5700(문자)1522-40 | 이1399·고객센터 | 의한 | 셔도 
002816,14,2021-06-28,1,0,0,21 | 0 | Omg | 73 | 지1 | 랜스지방08 | 지방248 | 까지 | 838 | 00:10A01 | 기한 | 부터 | ö | 탄수69 | 20:1-81:288 | 나620mg | 기준 | 유통 | 100 g당 | 100 | 영양정보 | OTHER | 사일구입자 | HACCP | 5709() | 갈음한 감칠맛허브솔트 | 갈아만트감자의 진한풍미 | 달길 | - | 특앗있는 감자소리 | 고 | 모장재질리 | 224 | 솔트맛 | 가자톡
002822,14,2021-10-07,1,0,0,"곰광이 등에 의해 오임될 수 | 마십시오 | 포장재질(내면) | 폴리에틸렌 | 및 소재지 | 업소명 | 씨제이제일제당(주) | 유통기한 | 후면상단표기일까지 | 밀 100 %(미국,캐나다산) | 원재료명 | 밀함유 | 내용량1 kg | 식품유형밀가루 | 강력밀가루 | 제품명 | 조리예 | 까지 | 08:26 이진호 A | 2021.10.07 | 유통기한:"
002837,14,2022-08-02,1,0,0,BEST BEFORE: DD/MM/YYYY | 300n. | 02/08/2022 | ae | Sauce | g 05 | as Keag | 단백질 19 2% | 트랜스지방009 00% | 또지방0g 005 | 민수화물 21g 6% | 당139 13% | 영양정보 | Scern | 1(100ml)당 88kcal | Teady | 유리
002843,14,2023-06-NONE,0,0,0,601010512221 | 06.2023 L164A | HE
002857,14,2023-06-02,1,0,0,Lotto 00220154 | 11:50 L9/71 C | Exp:02 06 23
002885,14,2022-07-20,0,0,0,LET | 영양정보 | 100 o8 90c | 정하기에 의거 교 | 모도유 10%스페인선 | 305 | 사용시주의사일 보관방법 | 사용중공기에장시간노 | 있나 이는 포도씨유 고유 특성으로 | 거울철이나 냉장보관 하실 | 동결현상 | 함께 닫혀 생 영려가 없습니다. | 함 영리며 두경을 달면 마게도 | 뚜껑을 열면 마개가 | 안심법사용법 | 2022.07.20. 11:57  | 포도씨유 | 프레스코
002909,14,2021-07-21,0,0,0,21-07-2021
002914,14,2020-11-18,1,0,0,A사 | JEMICE | 고는 국번업이 100 | LC | MA | () | 05046100 | 보관양법 | 도일권장사용량 | 인재영 | 유통기한 | 일부터1년 | LMS | 제니코베이링파우 | 3000 | 식품천가울의명칭 | 합성맹장제 | 2020.11.18 | BAKING POWDER | 베이킹파우더 | 제니콘
002917,14,2021-04-30,1,0,0,ebullitior | Cuise | 50ml | de viz. | CER INSTRUCTIONS DE PREPARATION | PREPARAR UM EXCELENTE RISOTTO | Best seved creamy. | bf bu eland | Pamesan | bsorbdo | o de vez en cuando | hieve | Mlezclar y | Cuando el agua | UO COOKING INSTRUCTIONS: | TVeps de   por ad vaso de aro | CES COMO PREPARAR ESTE 
002920,14,2021-09-11,0,0,0,11.09.2021 | e4002 | EU-Landwirtschaft | DE-OKO-001 | aioland | BALDI | BE | spelr
002935,14,2022-02-02,1,0,0,"1009t | 2 | Me , Oststrane 94, D-0o7es Pie De tayaro | Mate ty/Distrbutin: Producent/Dyetrytutor Dydets! | 060224242 | 02.02.22 07:47 | hcane | 34OkCal | 100 | 엄양정보: | 480 | 100g(340kcal) | TROLLI CMGH | (일년) | 제현이업의 발도표시일까지 | 035-45-160 |   ch | U | 일 | 지 | A | 0g | e v o  | 09"
002938,14,2021-10-NONE,1,0,0,S | 8 | 400733 | 041DSCLV08 | Best Before 10/2021 | s  | DO 1B SUPI | US> | bouoz wnlpos | 10 | TLET
002940,14,2022-07-29,1,0,0,EXP DATE | 2022/07/29 | LOT NO. | VA351 | WWwB | Co er r els at 25c | STORAGE: Keep away! | direct sunlight | PRODUCT OF VIETNA | INGREDIENTS: IOUS UNRE NEO | ahighconte | coconut is | OTG | of the most nourishing food i
002950,14,2021-04-30,0,0,0,2버H터 | 0s | 상하목장 | 2021.04.30 | ·세균수기준8천미만/mL | 국산원유로만든신선한크림사용 | 발효시킨깊은풍미 | 저온발효 | 1A등급보다3.7배 더깨끗한 | 신선한 | 저온에서12시간이상천천히 | 12시간 | 슬로우버터는상하목장이 엄선한깨끗한원유로 만든100%유크림으로 한정생산됩니다.
002961,14,2021-11-21,0,0,0,고곳가루 | 사고추로만트 | y | ignatur | Homeplus | 202111.21
002963,14,2020-11-06,0,0,0,2020.11.06 F2i0 | 보다 부드러운 신맛을 냅니다.1배식초총신도: | 4.5는 음식 고유의 맛과 형을 잘 살려주는 식초의 선요 | 저산도4.5 | “는100 서요리 동[ | 옷색감유지에도 좋습니다 | 빨래찌꺼기 냄제거 | 안심행! | 닦거나 뿌려주세요 | 도마나행주는식초로 | 안심살균! | 과일과야채를 세척하세요. | 식초를희석한물에 | 활용한살림레지피 | 먹능오뚜기식초를
002966,14,2021-09-03,1,0,0,"부정·원산 신고는 이 139 | ILLATEOGNIC | FRASCHERIS.P.A | 이필리아 | 원산지 | FRASCI | (LOPE) | 산용 | OC~0 | 우유함유 | 및활량 | 유크림100% | 원재료명 | 1L | 내용량 | 제품 측면에 별도표시일까지(일/년) | 유통기한 | LOPE | (종양동,상성상가지162) | 및 소재지 | 경기도 과천시관문로 166 | 수입업소명 | 스토()Te1:(02)503-7200 | 열균) | 12:03 | L20312 | (균제:146C에서4간 | 유형 | 유크(조지방 35%minim"
002967,14,2021-09-03,0,0,0,FRASCI | B | 12:03 | L20312 | 0320921
002974,14,2022-03-15,1,0,0,EXP: 15/03/2022 | PR0D:21/09/2020
002983,14,2021-09-14,0,0,0,80 | 8 | R | 과 | 과재(유처리제움) | 8:85 9(412KC | 프레첼갈릭버터맛 | 2021.09.147x1
002986,14,2022-04-01,0,0,0,2022.04.01 | 67
002993,14,2021-11-22,0,0,0,2821.11.22-A
003000,14,2021-10-12,1,0,0,"재활용어려움 | (2,505 kcal) | D개8:LDPE | 주 | 300 mL/25 | 8/801759062 | 유리 | 들기름식용유지 | 식품의유형 | 2021.10.12 | 전리도김제시준동신단일2 | Perila oil | 제조원(주참고을 | 보번호20040314108 | 선물및 교환판매원및구입 | HACP | 보괄한 곳에 실은보관 | 기한하일까지 | ·월기름이비트남산"
003006,14,2022-05-26,0,0,0,·HOT COCOA MIX. | Swiss miss | 2022.05.26 | Ssims | Ssiuu | molleuuslew
003012,14,2024-01-29,0,0,0,L2129N75 | 9.3n2024 | DA | 일영영성분가 | Ong 0 | 콜레스티 | 9170ENO | 지방91 | Umg | 나트륨 | 영양정보  | RC | 멕시크 | 원산지
003027,14,2021-09-28,1,0,0,"rmik, soyboans | (YMD) | Alergen Indomation: Contains eo. wheat. | O.LTD | BEST BEF0RE: 2021/09/28 | A4 | remballage. | preference avant | Yemballage. | conservation | 19 13% | Voir date indiquee sur | A consommer de | Voir date indiquee sur | Durée de | Shown on the package | Best Before/ | 9 35% |"
003029,14,2021-11-02,1,0,0,"02.11.2021 | 기준이으로개인의 필요 열량에 따라다를 수 있습니다. | 4118400080179611 | 1일 영양성분 기준치에 대한 비을(%)은 2,000kcal | FOODS | 7g13% | 지방32g59%단질 | IMPERIA | 당 28g 28%레스테를 0mg 0% | 탄수화물 56g | 17%포화지방 16g 107% | 나트름 400mg 20%트렌스지방 0g | 100g당1일영양성분기준치에 대한 비율 | 영양정보 | 총내용량 300g100g 당 540kcal | 밀,계란,대두,우유함유 | *부정·불량 식품신고는국번"
003036,14,2022-08-28,0,0,0,Net Wight:10.56 o2(309) | 28 03 2022 |  Productofindneia | M
003055,14,2021-03-06,1,0,0,"B180565 | 10 | 단백지 | 콜레스테를225mg | 포화지방4.8g | v2:GS25 080-855-5525 | 트랜스지방0g | -정·불량식품신고 | 지방28g | 구입처보관방법 | 당류13g | 수 있습니다반품 | 탄수화물20g | 거래위원회고시소비자문쟁해결기준에의 | 나트륨460mg | 1일영양성분기준치에대 | 할포함) 혼입가능성있음본제품은공정 | 총내용량당 | 370k | 두닭고기,쇠고기,오징어,조개류(굴, 전복홍 | 영양정보 | 총내용량17 | 우돼지고기,복숭아,토마로,아황산류,잣,호 | 메추리알,우유메밀,땅콩,밀"
003063,14,2021-10-18,1,0,0,ussiN apulow | 'KeManp | LL8ZL | ZZ-12-959000 | 2006929-3 900 | EXP:2021/10/18 A6 | Net | 허니버터 | HONEY BUTERALMOND
003067,14,2021-06-15,0,0,0,81801062888832 | htp://www.lollecont.co.kr | 080-024-6060 |  고객지원센터 | 21.06.15
003078,14,2021-12-13,1,0,0,까지 | 21.12.13 | www.lotteconl_co.kr | 롯데제과 | 080 | -024 | 60 | 고객지원 | OTHER | 비닐류 | % | 0
003098,14,2021-04-12,1,0,0,비범막국 | 브랜드가 아니다.소비자다 | 쓸깃하고 고소한 수타식 면발과 새콘살콤? | No Brand | ·계절별미 | 까지 | 2021.04.12 | 유통기한:
003101,14,2022-11-21,1,0,0,"유통기한 | 2022.11.21 | 까지 | 음용방법 | 용기재질 | 규역산(경정재집 도금강 | 카연산(결정),비타미C | 1994051800763 | 유통전문판맹원로2097번 85-8 | 유통전문판매원(주)당터/경기도포천 | 원면고로2418 | 동가공사업/정남 | 제기한하단요 | 까지 내용량1kg | 제품명꿀유자차 | 식품유형 액상차"
003105,14,2023-12-06,0,0,0,2023.2.86 013 | 00 | 0. | 38 | H | 584 | 31 | 2 | IACCA | 2 | 1.69 | 정정원 | 배사과식초는7 | 2배시시n
003112,14,2021-03-28,1,0,0,모짜렉라치즈99 % | 유동기한: 2021.03.28 까지 | THE TASTE | 3 | COR | 99% | 9990
003136,14,2022-11-09,0,0,0,"1등내용광당 | 2022.11.09 | 조리예 | 칼비 민DS | HACCP | 가인증 | drganie | 칼슘,비번D 함유 | Powder | 카레 | Curr | 순유기농 | 분말 함유 | 사과고인애플 | 키요 | I키워요 | 건강하게 | 후디스 | 글무딩니트 | ILDONG | 무첨가"
003145,14,2022-01-11,1,0,0,까지 facebook | 22.01.11 22119 | 롯대재과 | 9
003146,14,2021-04-22,1,0,0,국산우유사용연증 | 뚜껑:PP | K-MILK | 88011151711056 | OTHER | 이이 | 89 158 | 25mg | 0 -7- | E09 | 1985026220516 | 지방 | 11920 | 49949% | 탄수출물 | 579 18% | LED | 150mg 8% | 10098 | 용기성단표일시 | 유통기한 | 100g 360kca | 영양정보 | 총내835009 | 09:51 | 2021.04.22 | 서울우유
003155,14,2021-07-11,1,0,0,까지 | 02:36 | 2021·07.11 | 유통기한
003161,14,2021-10-NONE,0,0,0,L010276 | 141000 | 10 2021 | 13:42 | 20M
003166,14,2021-07-NONE,1,0,0,2x 40g | Schlagcreme - Dessert | Topping | Mousse | a Fouetter - Slagschuim | Topping | RUF | Schlagcreme - | Dessert Topping | - | Mousse a Fouetter | Slagschuim | RUF | Topping | Best before end | Mindestens halthar bis Ende: | 11:24 | Ten minste houdbaar tot einde: | 07.2021 | L1392z72 | A consom
003167,14,2021-10-10,1,0,0,10.10.24 | BEST BEFORE: | 2010 | lot:
003176,14,2021-04-30,0,0,0,2021.04.30 | 1H일 | STPRIK | STR
003179,14,2021-07-08,0,0,0,2021.07.08 | () | Net Weight 125g | BRIE
003208,14,2021-07-20,0,0,0,강력합(M) | 큐원 | 21:1 | 2021.07-20 | 고객한시습지다 | 왼쪽으로당기세요. open
003216,14,2022-01-15,1,0,0,1088-05/2004 | 470 | MS 1500:2009 | 2022.01.15 | BAIK SEBELUM | BEST BEFORE: | uto | ells you he | trient in a | MAUFACTUREDBY | 0.0% | 0.0% | 1.0% | B40 | 0% | MAPROR | es | ze | 1009 | tion | Facts | STRAKBERY | GUMIKY | okio
003219,14,2021-03-16,0,0,0,"16.03.2021 | 30 | 3009 | 이의  에  니다 | 2에()2.000KCal | 7g 139 | 61%82 | 31R | 지방 | HAOmgO% | 328 | 당류 | 18%6 14 9396 | 200mg 10W 0 | 10에대 | Foeds | 4300g I00g 535kcal | 영영정보 | lmperia | 일.계란,우유함유 | 방사 | 달걀분말,유당 | 관하시고, | 아본말,인공우유항,소 반산수소니() | 원재염:일기(소),,지9:146 | ·제A:SAFRANZELUTA | 내:300g(일:1,604kcal) "
003220,14,2021-09-13,1,0,0,2021 09 13 | EXP
003222,14,2022-06-14,1,0,0,R | n.399 | LASAGNE | Barilla | OVEN-READY | 112436960(A)13:29 | 2022/JUN/14 | BEST IF USED BY
003235,14,2022-11-NONE,1,0,0,11/2022-L103180 112 | Best before end/Batch | PP | 영양정보 | 8 | 제3사 | - | 수입원 | 원산시 계리를 사용합 | 스마게 | ·원산지:스페인
003242,14,2022-01-28,0,0,0,FB. 78-81-0681
003256,14,2022-04-01,1,0,0,5 | 411011118226521 | 4 | 2022. 04. 01 | PF | 9 | × | sauer | UF | STRC | % | 15990 | 소 | 식용 | 년 | 날까지
003257,14,2022-04-01,0,0,0,5 | 4110118226 | 2022. 04. 01 | W | sauer | 25900M | UF | YA | U3 | auce
003258,14,2021-07-28,1,0,0,"onalunqlesialatua | MSOILN | 8 | 002590060923 | 부정.색통신고는국번이 139 | 반:구입는수입 | 보관병법: 직선을 피하어 온도습도가낮은 곳해 보적은 식  | 본제용은 공정거유원되 고시 소비자분쟁해결기준에 의거 교환 또는 보상법을 수 있습니다 |  리  성   | 유봉기한 | 제에 별도표시일지(는법: 일없년순)사COUSSPA모  | (주부성류/영업신고번호: 제2018-07423호 경기도 0시명원 03 46-2 8지0리0) | 소용 | 구구 디지로 30길 31(구로동,요오통디지타2차 1212121"
003261,14,2022-07-29,1,0,0,Cocoa Cream Flavor | 2022.07.29 | Best Before: | CocoaWafor | Packs
003271,14,2021-07-07,1,0,0,"RS 1175517A | 711616900 | 205820 | 23.11 | 16:00 | Erini4 | Best before: 07.07.2021 | Cre-coo2 Luzern ww ammicom | L1001981133 | Product or Sutrertand Emmu Brhweiz AQ. | Koap tetrgerated | my, Ingredients sumed mak powder san Contans Ma | Conts u mentaer ngredenss chese er Du |    | Pasteurced Proce"
003276,14,NONE-04-10,0,0,0,1522-2323 | 가정배달 신청 | 녹십자 | CE | 큰빈틈없이! | !은기본 | 만듭니다! | 색! | 1위씬! | 1일 | SnE 15Kca | 영양정보 | 량 | 영양정보 | 4주 16 | 04.10
003282,14,2022-12-21,1,0,0,IACCP | 2022.12.21까지 | v1953 | 선도하는 표기업으 입이니 | 하 | 조리예 | 넣고 4분정도 삶습니다인 | ·조리법 | 2% | 40mg | 행군후 | 70% | 1.402 mg | 조리전 | 나트롭섭취 | 100g당 | 단백집8.7g | 스 | 트랜스지방 | 지방1.61g | 당1.78 | 76 | 100m5
003288,14,2021-09-25,0,0,0,8801117/104603 | PACKAGE | 2021.09.25 | 2021.01.26/01:33 | 포테이토 | 마켓·오리얼치즈칩
003301,14,2023-04-21,1,0,0,x | Best ifused drefore: 21-04-2023
003302,14,2023-02-06,1,0,0,"080-977-3308(수신자부담) | ※자세한 사항은 제품설명서를 참조하세요 | 구입문의 | 정보를 확인하실 수 있습니다. | 관리번호를 입력하시면 건강기능식품의 | 이력추적 | 중성지방 수치가 걱정되시는 분 | www.tfood.go.kr""에서 식품이력추적 | 부족한 운동으로 혈행 건강이 걱정되시는 분 | 까지 | ·유통기한: | 인스턴트 식품섭취를많이 하시는 분 | 2128225 | ·제조번호: | 많으신분 | 식품이력추적등록번호(7719620)+유통기한 | 육류 위주의 식습관으로 지방질 섭취가 | 건강기능식품이력추적관리번호:"
003306,14,2020-09-01,1,1,0,"KC | •허리온팩은 잘라서 사용할수없습니다.""걸포장개봉 후에는 즉시사용해 주세요 | •사용후 화재의 위험이 없으니 휴지통에 버려주세요 | •사용자의 부주의로인한 피해 발생시 당사가 책임지지 않습니다 | 8 | www,mediheally.com (한국OEM) | 080-745-1234 | 고객센터 | 제조판매원 | (주피플파이 서울서초구 양재동 원드스톤빌딩 15F | 제조일로부터3년 | 유통기한 | 별도표기 | 제조년월일 | 8시간 이생(최고온도 54'c) | 지속시간 및 최고온도 | 분말형 (붙이는타입) | 종류 | 철분, 물.활"
003331,14,2021-11-03,1,0,0," 100g9 1 | 41756270 | 영양정보:내8250g100g 당397kcal | EXP 2021.11.03 | 고니다. 고는국이9 |    | , | :02-7-136 |  구 | SC DUNCECOSSO 9 | 명:미니프레 트(요오드소금 3%함유) | 식품위생법에 의한 한글표시사항"
003332,14,2021-04-29,0,1,1,"WISGONSIN | 4-2 0z.""Minis | PONLSE | 80229) | PRDUDL9 | SOAKED IN CREAM | BNETW | KEP RE | Ingredns h | BURRATA | per seari | Calories 70 | 1 02.(289 | Serving is | BELGIOIOSO | per contaner | 8 servings | Facts | ASSI | Nutrition | EST B FR2/2 UUFLD"
003341,14,2022-09-29,0,0,0,22:07 | 273 | P | 000582022- | 29/8EP/2022 | 70177185452 | 9 | Partnership | Ethical Tea
3344,14,2026-09-11,0,0,0,6병그레 | SAMVANG | 226.19.1
000676,14,2026-06-10,0,0,0,2026.06.10 04:46:13L1
000680,14,2025-10-15,1,0,0,"까지 | 2025.10.15 | 소비기한 | 81809117 | ""021 | 7.39 | HACCP | OTHER"
000718,14,2026-01-17,0,0,0,AMyANG | 원료명 | 제품명 | 2026.01.17
000726,14,2026-09-16,1,0,0,20로트 . 0로. 1B까지
000731,14,2026-03-08,0,0,0,210500336 | 2026.03.081
000734,14,2025-10-28,1,0,0,2025.10.28까4지! | 8 | 809117 | 022323 | 기준을제시하는 스마트소비브랜드입니다 | 리얼프라이스는가격과 품질의합리적 | 치한비이기므로인필에따다를 | mg 5%단백질 | 6g 11% | 칼슘196m | 4g7% | 트랜스지방0g | 포화지방2.5 | g 3% | 탄수화물1 g미만 0.2% | 당류 0 | 총내용 | )80-855-5525/GS THE FRESH 080-345-7700
000754,14,2026-05-24,1,0,0,2026.05.24까지 | 소비기한(BEST BEFORE) | +1136- | 8 /8903704273 | OTHER | 0% | 0 | 4센터 | 비타민C | vitamin C | 0% | 비타민A | 0 | vitamin A | 1.18 | 033-462-5050/w.bukseok.cm | 비타민D | 2 | 0.12mg | vitamin D | 214% | iron | 149.99 mg | 31.41ma | 12% | calcium | 0.649 | 148 | potassium | 조단백질 | 4.32 mg | 0.1% | p
000759,14,2026-05-14,0,0,0,LAB1047-3 | 10:48 | KG | 2026/05/14 | 2환 도 상받을수있습니다. | 자몽항
000764,14,2026-03-12,0,0,0,지밀 | 달콤한두유 | 2026.65.12 | 0121
000768,14,2026-06-26,0,0,0,206026
000773,14,NONE-12-10,0,1,1,"분리하지 않으셔도 됩니다. | 저지방 | 입구부분은별도로 | 재활용 일반팩류 | 확인하세요 | 제조일자 | 서울우유 | 기준, | 신선함의 | sh Milk | 1.1..28. | 까 | 14:30 | 02 | 크 | 12.10 | 유 | 14:30 | 까 | 레수 | 8913 | 8801033811357 | 2 | 8801033807893 | 각 | 각1,600원 | 학1,600원 | 1,6 | VEN | 3개 3,200원 | 3개3,200원 | 3개 3 | 고단백 | 두유초코190ml | 고단백두유190ml | 검은콩두 | 고단"
000010,15,2026-06-08,0,0,0,"2026.06.08 | 초코 크림 | 씬즈 | 오레요 | 리츠 | 리츠 | 1,980원 | 수유딩모대모딩!"
000027,15,2026-04-27,0,0,0,F07:57 | 28:04.2025 | 27.94.2926
000038,15,2027-02-12,0,0,0,"VONO | 캅스프 | 콘스프 | 2027.02.12/K | PMPAIN | ASOUP | EP | 3,980 | 0 | 3,980 | 1+1 | 2,590 | 오푸기크림스프80G"
000045,15,2027-04-21,1,0,0,"기한 | 2027/04/21 | KS | 소비 | ·자율안전화인신고빌증번호: CB061R1461-2003 | ·사용연령:8세이상주의사항:경고! 완구를 분해하여입에 넣지마세요 | ·소비자상당실:031)576–5589 | ·제조및소분, 판매원: 늘무론식품/울산광역시울추군언양읍언양로662-4 | ·완구제조국:중국 | ·수입원: (위)리틀토이 | ·재질:플라스틱 | ·제조자명:OCIE | ·모델명:꼬마전자총 | ·풍영:완구 | 품질경영및공산품 안전관리법에 의한 품질표시 | ()안의 수치는 1일영영소기준치에대한 비율임 | 레스 Omg(0%)"
000051,15,2026-01-12,0,0,0,"피크닉사과 | 2026.D.12 | 04:45 | 피크닉,사과 | 2026.01.12 | 04:45 | 4nom"
000052,15,2025-11-19,0,0,0,"다코코 | SNaC | 2025.11.19 | IMEMBER | 09:00 G | 국제스댁협회정회원 | 고객지원센터 | 수신사요금 부능 080-024-6060 | ww.lottewellfood.com | 단호박 | 토마로 | 시금치 | 토마토 | O채H | 가지 | VEGGIE | 셋가지야채, | 9"
000058,15,2027-03-27,0,0,0,"L | F2A'09:15 | 2027.03.27 | PP | HACCP | 안전관리인 | 88010451490472 | *당사 식품안전센터 분석 결과 | 빠면 완성됩니다 | ②찬물에 충분히 행군 후.물기를 | 영양성분기준치일영성분기에대한 | 행군후 | 92.8mg | 5% | 삶은후 | 162mg | 8% | 조리전 | 1,530mg | 77% | 구분 | 나트룸 함량 | %영양성분기준 | 줄어들어요~ | 4~5분 간 삶습니다. | 오부이국수를 넣고 | 조리법 대로 찾아 행커드시면나트를 | 함량 | ①1000m(5)팔팔공인후 | :"
000063,15,2026-06-16,1,0,0,까지 | 25.06.17 | 부터 | CROUN | 2026.06.16 | 맛있는약속 | 까지 | '2025.06.17 | 부터 | CROUN
000067,15,2025-12-19,0,0,0,이1 | 다리 | 매
000093,15,2026-04-23,0,0,0,TRE | ㅇㅇ | 126.1.2
000100,15,2026-02-11,1,0,0,08 | 49 | 나인하세요! | 460g | 다양한헤백 | 슈페너츠 | 유리 | 함유 | 07:53:58 | 땅콩 | 2026.02.11 | 까지(A) | 소비기한 | Best before | 4609 | 10) | Iool
000102,15,2025-11-13,1,0,0,05:46 | 2025.11.13까지 | S
000111,15,2025-10-25,1,0,0,EAS | GE | 나.소비자다 | NA | and | 125 11:50F2/1 | Tasty
000115,15,2025-12-08,0,0,0,"085.12.08 | YOGU | 1,580"
000116,15,2026-03-27,1,0,0,정제술. | 판매원 | 737(순화동)/(02)380-5678 | 주 | 아트/서울트별시중구세종대로 | 제조원 한아 | 품목보고번호 | 20583/경상북도고령문개진면 | 200505683-44포장폴리프로프 | 제품명 아식한 쌓무 | 식품유형절임식품 | 3260% | #쌓무쌍 고기#야채 | #노브랜드 #스마트컨슈머 #새콤한 #무 | Pickled Radishes | 아삭한 쌈무 | 2026.03.27 | 당신이 스마트 컨슈머가 되는 길 | 브랜드가 아니다.소비자다 | No Brand
000117,15,2025-11-28,0,0,0,"PH머 | leon | 12 | 취양저격 | S | OLD | 당신이 | 브랜드 | MoBrand | 08:54 F F2 | 2025.11,281"
000118,15,2026-03-23,1,0,0,"D | 다소비자다 | 2026.0.23 | breathd | 08:54 F F2 | 2025,11.26"
000127,15,2026-04-27,0,0,0,"4,280 | 12 | 노므앤트 월방상 | 450k9 | 'SOPER MATCHA | No Brand | 2026.0427 | SUPER"
000141,15,2026-09-17,0,0,0,SNACK | CRISP | NACK | RISPY | 2026.09.17 | #간식#우유랑#참께스틱 | #노브랜드#스마트컨슈머#고소한
000147,15,2026-03-21,1,0,0,780 | 2026.03.21까지B | an | 2
000148,15,2026-02-26,1,1,0,후투 | 라벨:페트 | 마소금 | 뚜껑:PP | 만능 | PRD24.08.27 | EXP26.02.26 | No Brand | 요리의 감칠맛을살려 | (각종 | 볶음 | 장 | 맛 | 6
000150,15,2026-08-12,1,0,0,제 | 까지 | 2026.08.12 | 소비기한 | 본비자 | 본제품 | 2005047117389 | 은 | 품목보고번호 | (순화동)/(02)380-5678 | 만진 | 후에는 | 서울특별시중구세종대로7길 37 | (주)이마트/ | 유통전문판매원 | 수 | 이 | 28번길117/041-956-1434 | 앱고 | 충남서천군장항읍 장항공단길 | 도나이지리이 | 주의사항 보관받 | 참께10 | 원재료명 | 농업회사법인한생(주)/ | 제조원능 | 취급방법 | 곳에보관하시기 바랍니다. | 볶음참 | 제품명 | 보관 및직사광선을피하고서늘한
000165,15,2027-01-13,0,0,0,2027.01.13 | 보관시지퍼를 이용하세요 | 뜰는곳
000169,15,2026-03-18,1,0,0,F1 | 까지 | 2026.03.18
000180,15,2026-06-25,1,0,0,까지맛있는약속 | 2026.06.25 | 2025.09.26 | HACCP | 식품안전관리인증
000182,15,2026-10-01,0,0,0,Recycling | )0c | PAPER | FR | CARDBOARD | CARTON | VERI | PAP21 | 450 | 1144 64504 | 01 10 | 2026 | (E) 01:57 | TENMNSTE HOUDBAAR TOT
000185,15,2028-03-15,1,0,0,"주십시오 | 을습있습니다.제제 | 살용한 제품과 같은제 | 향식품신고는 육한없기 | 잘수있으니 주의하시기 | L135TM221:18 | 밀함유 | 나100% | 까지 | 원산지이탈리아산 | 렌 | E.DATE: 15/03/2028 | (읽는법:일, 월,연도순) | cico | 2 | 166-547(자) | 08-50-1220 | C | 이므로 개인의 필요 열량에 따라 | Dokcal기준 | 1일영양성분 기준치에대한 | 11 | 단배지 | 콜레스테를0mg 0% | 포화지방0 g 0% | PP | 트랜스지방0g | 지방1.7g 3% |"
000191,15,2026-06-15,1,0,0,토바질 | 15.까지A | 소비기한 | (주)메스피씨살럽 | 제조원 | 취크랜프트하인츠코리아 | EOKE
000195,15,2027-07-01,1,0,0,"2개502 | 까지 | 2027.07.01 | 20090275178346 | 품목보고번호 | 제품별도표기일까지(년월일 | 소비기한 | (ABS),마가-플리스티런페이페(S) | 하아크필니트-부타인-스 | 포장재질 | 가- | PA528108B10 | 제조원 | 바질100%(이집트산) | 원재료명 | 천연향신료(건조제품) | 식품유형 | PARSLB"
000196,15,2027-02-27,1,0,0,"2027.02.27까지-1 | 3.980 | 2,98t | 마시고기 | 갈릭비프짜장"
000204,15,2026-06-18,0,0,0,"18:44:06 | 2026.06.18 | 8180 1005101 | 129 22% |  1809  10Kcal | 시제품과으 | 고환체 | 로632-1통전문판매업표식품/서울특별시 | 초분,흑후추분말 | 마늘,마조실 | 비현 | 팬두반장)최고기추출액,클속 | '고추엑기스,화조유,대무 | 고추맛기 | 0 | 화제, 레시틴,탄 | 013042"
000212,15,2026-12-16,1,0,0,"학윤 | 포도 | 유크림,식 | 번호 | 료명 | 측석종리식품 | 20010445055201 | 유형 | 번 | 잘서약하게합니다 | 오루가녀가시가됩니다. | 불에어다을기시작하면 | 2 | 신안더 이면 맞있는 | 불에 올려고끌을때까지 | 3. | 눈지 않도록가끔저으면서 | C | OTHER | HACC | 다있다! | moll | 오뚜기 | 쇠고기스프 | SF1 | 16 | 2.16까지 | '자르는 | 이니엔 | VONO"
000233,15,2028-01-13,0,0,0,2028011 | B5D | P2 | SN:08-02 | 솔트히말라야핑크솔 | 청정 | PERIOE | 외품 | 치과대학평가완료
000271,15,2026-03-24,1,0,0,"2026.03.24 까지-2 | 가능성이 있습니다. | 직사광선을 피해 서늘한 곳에 보관·달길,광콩 혼입 | 글로개인의질에델황세요 | 는국번없이 1399·취급 및 보관시 주의사항 | 약성분기중친행대한비율 | 또는 보상받을 수 있습니다.·부정·불량식품 신 | 7g | 자기본법에따른 소비자분쟁해결 기준에의거교 | Omg | 스테롤 | 및교환장소:구입처 및판매원·본 제품은 | 6g | F지방 | 2002046712787 | 보고번호 | 0g | ""스지방 | 폴리에틸렌 | 장재질(내면) | 229 | 밀, 대두, 우유, 아황산휴 함유 | "
000285,15,2027-07-02,1,0,0,"까지 | 2027.07.02 | 품목보고번회 | 20090275178349 | 소비기한 | 제품별도표기일까지(년,월일 | (ABS),마가-폴리스티렌페이퍼(PS) | 포장재질 | 하·아크릴니트-부티디엔-스티 | 제조원 | 부려드가 성남공경기 성 | 원재료명 | 계피100%(베트남산) | 식품유형 | 천연향신료(건조제품)"
000294,15,2026-09-08,1,1,0,뚜행:PP | 통면규대사로59폭목보리번호194- | 리드지:OTHER | 우능·조일정도공주 | 818010071052854 | PP | 분쟁매결기준에의거교환또는보상가능·게조개류쇠고기오 | 플라스틱 | 다·부정불량식품 신고는국번없이 139·본제품은 소비자 | 됩니다 | 보이는 입지는 원료내두밀)의일부분이로 안심하고드셔도 | 지고스가생성을수숙성에이한현상이미로인심하고셔도다·검게 | 해실은보관개봉냉장보관권장·생물지가참가어오물수록식이에 | 에틸렌유산자-실리콘고무·빈 | ·반품 및환전국편정및대리정·보합식시공선을 | 클경스를Omg 0% | 단백
000307,15,2025-11-14,1,0,0,풀리는 | 09:51 | 기한 | H15 | 소비 | 25.11.14.까지2
000308,15,2025-12-04,0,0,0,4 | 육즙부 | 05:25 | 김성대 | 2025.12.04 B2
000320,15,2025-11-12,1,1,0,"조미깨2.94 | 조미유부85.29 %,초밥 소스11.77 %, |  kcal) | 냉장보관 | 0g | 0~10C | 소비기한: | 2025.11.12까지 | 2025.08.13부터 | 제조일자: | 착색료(3-카로틴),2말소 | 빙초산,스테비올배당체 | 첨가 | 4 | 각유부초밥 | 내콤달콤 | 도톰쫄깃 | 달인 | 추란의"
000332,15,2025-10-22,1,0,0,"도통사각 | 살가루로 쫄깃하고,도톰해서 탱글한 | 삼호어묵 | 까지 | 2025.10.22J337 | 소비기한 | FD4"
000338,15,2026-05-28,1,0,0,LIFE | 14:48 | 2026.05.28 | 까지
000352,15,2026-08-27,1,0,0,충북 음성군 대소면 대품산당로 128 | 주식오기 | 있대 | 까지 | 01 | 2026·08·27 | S2 | 수 | 단백집 | 1g미만 1% | 콜러스테롤 | ng 0% | 스지방09 | 포화지방0g 0% | 당류 | 269 26% | 지방 09 0% | 나트 | 물27g 8% | 180mg 90 | 탄수회물 |  470 g/100 9당 112 cel | 종 | 경양향보 | 용량 | 했습니다. | 2두7 | 오랜노하우와 | 성으로 만들어 정통 소다의 | 것을 부드럽고 | 김게해주는 소하업나중 | 스테이크속스트 | 표도주로 숙성하
000354,15,2027-07-06,1,0,0,ALTist | 라벨:PP | 뚜껑:PE | 88095681426084 | HACCP | 페트 | 2027.07.06 | 소비기한 | 1일 영양성분기준치에 대한비율 | eD수요니 | 포화지방 080% 콜레스테를0mg 0% 단백질 080% | 알툴로스 67g | 지방0 8 0% 트랜스지방08 | 나트륨 0mg 0% 탄수화물 718 22% 당류080% | 100 g당 15 kcal | 영양정보 | 총 내용량 5258 | 부정-불량식품 신고는 국번없이 1399 | 또는 보상받으실 수 있습니다 | 본제품은 공정거래위원회 고시 소비자분장해결
000360,15,2026-02-18,1,0,0,판매원 | 고객상담실 및 구입처 | 환장소 | 발물질 | 내포장재질 | 실온보관(1~35°C) | 폴리프로필렌 | 품목보고번호 | 후면상단표기일까지 | 2003044900548 | 식품유형 | 조림류(살균제품) | 청정원견과류멸치볶음 | 견과류와멸치를따로볶아 더 고소하고바식합니다. | 원 반찬은?내 가족의 맛과영양을 위한 현명한 선택입니다 | 청정원이만든더욱맛있는반찬 | 특철가 | 즐기는 | 화류멸치볶음 | 간편하게 | 21
000370,15,2026-09-02,1,0,0,비IT | IACC | 화합시다.소중한 자원깨끗한환경 | F12503 | OTHER | 1일 영양성분 기준치에 대한 비율(%)은 2000kca | 019-913(수신자요금부담) | 11% | 단백질6g | 고객시 | 심실 | 비닐류 | 0 | 0 | % | i399 | 콜레스테롤Omg | 0 | 포화지방0g | .부정·불량식 | 트랜스지방0g | 교환장소:고객상담실및 | 6 | 1방3.49 | 소비자기본법에 의거 교환 | 20 | 당류20 9 | 포함)-아황산류 홍일 각능 | 7 | 559 | 것호정어 조개류 | 214 | mg |
000377,15,2026-07-01,1,0,0,B | 17:006/안성호 | 2026.07 | i01까지 | 6 | 이뚜
000381,15,2027-01-20,0,0,0,5 | DDM: 20/01/20E7 | N DE LOT:5.020.43.B
000387,15,2027-01-21,1,0,0,81180904911869058 | 까지 | 소비기한:2027.01.21 | 301 | 품목보고번호 | 국산) 8% | 분60%이상 | 홍삼농축액 | 3 | 12 | DiectsDisoopower.Stoonm | 한국홍심을 사용하협습니다 본 제품 1토3g)을 온수 또는 냉수 8om에 넣고 잘 저어서 드십시오. | 음용방법:고러 | g rots withgucose throghconcaraonprs inlow temperatur | KOREAN RED GINSENG TEA
000390,15,2026-05-19,1,0,0,"미담푸 | 202605.19. | ※부정불량 식품 신고는 | ·유통과정에서 변질품이나 파손품은 본사 및 구입처에서 교환 | ·소비기한별도표기일까지 | ·직사광선 및 승기를 피하여 주십시오 | ·Tel.(031)611-3592·포장재질:PET | ·제조원:미담푸드/경기도평택시서탄면 서탄1로345 | 호주산)98.5%쌀가루, 대두유]9%밑대두함유 | 46%,물옛(옥수수전분100%)45%, 영양쌀(밀(미국산 | 원재료및 성분배협비을 입쌀뒤밥[압출열위밥(쌀외국산)] | 중량:200g(694kcal보고번호:2021032318512 | ·제품"
000393,15,2027-08-02,1,0,0,지역 | Put nao | 익합니다 | 로것가라으로 저어가면서 | 2.면을넣고약6~7분정 | Pour 100m f wate nto a lage | 고 안전하게 끓일수 있습니다 | 하넣고이시면넘치지 않 | 입니다.(는 그릇에 물을 충문 | 정도)를넣고100 c이상 | 1000m총이5에서6 | 1.큰냅비를 준비하여물 | 조리법(100 91원분기준) | 2027.08.02까지
000403,15,2027-04-01,0,0,0,
000421,15,2026-07-17,0,0,0,"파인애플 | 26,07 17 16:35 A | Digos"
000483,15,2027-04-15,0,0,0,2027.04.15까/자-1067437
000490,15,2025-11-27,0,0,0,5111.27
000505,15,2026-03-02,1,0,0,유탕면/110 g (495 kcal) | 끓는물3분 | 8801128503211 | 거이머페이커 | 26.03.02까지90 1 | FAKER | 도 | 만나고 | 페이커 | 먹고 | 뚜껑 | 왕뚜껑 | 왕 | KING OFLEGEND | 편의점용 | EAT | PROVE | 색다른 즐거용 팔도 | paldo | 스파 | 취앙저격 | 복작복작
000507,15,2026-05-19,1,0,0,"http/www.lottewelfod.con | 롯데웰푸드 | 비자기본법에 의한 피해 보상·부정·불량식품 신고는 국번 없이 1399 | 주신자요금부담 | 까지 | 080-024-6060 | 에서 항상 교환·땅콩 혼입 가능 | 26.05.19 B4 | 고객지원센터 | 사광선및습기를피해서늘한곳에진열, 유통 중변질품은 구입상점 및 | 25.08.20 16:53 | 부터 | 당,말토데스트린),유화제,레시틴,탄산수소암모늄,탄산수소나트륨,잠추출물 밀, 달갈, 우유, 대두,쇠 | 연유혼합제제1(치자적색소데스트린,치자청색소)벌꿀(국내산)우유,정제"
000512,15,2026-02-17,1,1,0,"5% | 13g | 13% | 탄수회물 22g | 7% | 63g | 19% | 나트150mg | 8% | 430mg | 22% | 1일 영양성분 기준치에대한 비율 | 30 g당 | 총내용량당 | 30 g당140 kcal | 영양정보 | 총 내용량 85g | JSUI YOSHITO 1992-2025 Licensed by Animation Int"" | B4 선순일 23 | 2026.02.17 까지 | CB061L011-2001 | 안전확인 신고확인증번호 | 공정거래위원회 | 소비사장 | KS | ccm | 643-2501 | 은부픔품"
000519,15,2026-08-10,1,0,0,"까지 | 기한 | 26.08.10 | 25.08.11 08:46 | 부터 | 소비 | 증량에는 차이가 없습니다. | 있으나,컴퓨터 계랑 | 생산공정상 간혹빈봉거나 개수의차이가 있을 수"
000529,15,2026-01-12,0,0,0,43170857 | BED 2026-01-12
000536,15,2026-01-01,1,0,0,HT | 2026.01.01 까지(밀양 5B1)(3) | 파스타 | le | 4개업
000542,15,2027-07-22,1,0,0,"까지 | 2027.07.22 | P | 식범의약봉인전처 | HACCP | 안전관리인증 | 180135414025551 | 8 | 정제 | !: | 로개인의실요항에라다를수 | 필 | 영양성불기존치에대한비를(2o | 곁하 | 65 | 단백질 | 000 | 콜레 | 소공동 | 중구나대 | 포 | 필주 | 2% | 문판매업 | 5% | 356-4462 | (노원 | 24% | 당류5g | 19,노원로 | 56% | 탄수화물79g | 강역시북구 | 게대한비울 | 업손:풍국면"
000548,15,2026-05-26,1,0,0,"818010073038191 | 무색제트 | P 22160 | 2-20/60/a | 059 | 정제금은합미)고기(호주신)파페이스트(파:국산)에고이트주 | ·합장(실제)· 원재 고장 74.4연소(미국산,주산  | 11:29 | 소기한 | 2026.05.26 | NB4"
000549,15,2027-01-16,1,0,0,"60 kcal | 총 내용량1009 | 고객지원실(요금은 가부무내 | 영양정보 | 09 | www.sempio.com | HACCP | 소비자중심 | 제동푸드스트/정부도 영공군 대소면대금로 105길70 | ;중국산),양파분말 대두,밀,닭고기 함유 | 정계수백용소수[진간장탈지대둔(외국산),설탕,생화농축액(작약(국산) 천,당귀,기 | 심품유형소스(살균제품)품목보고번호[199104450779630 | OTHER | 까지 | 2027.01.16/0 09:42 | 소비기한 | 확인해보세요 | 맛있는 백숙/삼계탕 완성! | 백숙/라 | R 2"
000551,15,2026-12-19,1,0,0,"까지 | 16:00 | 2026.12.19 | htts//,jungoneshop.com | DAESANG | htps:/ww,.daesang.com | ∞ | U | 소비자중심 | HACCP | ccm | 5 | 080-019-9119(수신자요금부담) | 8고객상담실 | 식품 신고간국 | 처및고객행 | 국번없이1399 | 로잘 | ·부정·불량식품 신고는 | Ao나품 | 보상 | AH부이로인해 | 게고환 또는 보상 받을 | 한침하고 드셔도 되니다 | 본제품은 소비자 분쟁해 | 그클리드시기바랍L | 라은 | 됩니다 | 하고개봉후반드 |"
000553,15,2028-10-24,1,0,0,"까지 | OTHER | 소비기한 | 고 대도고기,정어조 성있니다 | 받을세있습니다.부정 불량식은 신고는이 1 알 | 제품은 소비자트 소비자   | ·취급·보관시주의 | 항:직사광을피하그서늘치건한곳에 보 | 반품 및 교환장소 | 구입처및 판매의 | 품목보고번호 | 201903818548 | [시일까지 | 소비기한 | 면하단 | N | 장재질(내면) | 니에탈 | 튀르키예산 | 원재료명 | 수잎 100 | 시중구  1(4) | 소재지 | ·유트전문판매업소: 데소 | 업소명및 | ·제조업소:신영에프에스 | 식품유형 | 천연향신료(건조제품"
000557,15,2026-08-12,1,0,0,125398 | OTHER | 비닐류 | 7509 | 성우리밀밀가루 | 따라 | 이필요열량에 | 바를있습니다. | 0% | og | 수진박질9g 16% | 트랜스지방0g | 183% | WE10mg 1% | 05 | 수화물74023% | 영양정보 | 100e 5kcl | 총내용량75DO | 까지 | 는정소 | 11:46 | A4 | 1233279 | 266 | 2026.08.12 F1 | 일가지 | FA2 | 소비기한: | 를만드실수 있습니다 | 감자 채를 넣어이더 니다 | (4~5인분) | 이완성 | 자비가 원성니다.가에따라오박 
000558,15,2025-05-16,1,0,0,"8 | 180901716275051 | 라벨:P/제활용어려움 | 내접:PP,외PLDPEPBE | PET | 플라스틱 | 2025.05.16 | 소분일 | 불량식품 신고는 국번없이 1399 | 또는 보상받을 수 있습니다 | 은 공정거래위 희고소비지 분쟁해결기준에 | 입니다 | 검사를필한제를 | 회사에서 식는 공전 규격에 의거 | 실: 033-73-5760 | 구입문의 및 소비자 | 는섭취시키지 | 12개월 미만의 유0 | 됩니 | 독이면 | 물에용기째로 | 중 | 여 자연스럽게 | 정화 | 상으로품질에는 | 없습니다.3 | 자연시 |"
000562,15,2025-12-30,1,0,0,"10.100 | 13:36 | 2025.12.30 | 까지 | 속발 | 고객님께 제공합니다 | W | 드림팩토리는 세계적인 수준의 로스팅설비로 4단계에걸친 | madeby이디야 드림팩토리 | 모든 과정을 커피연구소에서 주도합니다 | 전세계 각지의 생두를 직접 선별-소싱-로스팅-제조까지 | 자체커피연구소와로스팅 센터를 보유하고있는이디야커피 | 이디야 커피연구소의연구개발 | 전문념 저온심,커피야커피의 노하우가 고스란히 담겨있습니다. | 커피년부터오직커피만을생각해은 이디야 피 | 2n01 | 커피만을 연구해온 이디야커피, Since 20"
000569,15,2025-11-02,1,0,0,13:48  | 2025.11.02까지
000575,15,NONE-10-14,1,0,0,무항생제 1급A원 | 유통기한 | 750mL | H용량 | 및소세지 | 우유 | 품유형 | 업소명 | PJS | 13:48
000583,15,2025-11-23,1,0,0,"1향미증진제 학시료 조제품3 복합조매식 | 탄산수소나트륨, 향신료조제품1,비타민C, 향신 | 곡류가공품,혼합제제(폴리인산나트륨,피로인산 | 기시아등)],안데스소금,혼합제제(젖산니트륨, | 규소수지]포도당,흑후추분말[흑후추(외국산(베 | 가슴살/국산),정제수, 카놀라유[카놀라유(외국산 | 제품 | 피두슬콩 | 까지 | GS8 | 슬습더글 | 01:35 | 345-11 | 23 | 19 | 등지웨지"
000590,15,2025-12-05,1,0,0,2025.12.05까지16:01:02
000591,15,2026-07-27,1,0,0,리에틸렌 | 품목보고번호19690086003932 | 까지 | 26.07.27 | |지널 | 껌 | 쩍 | (자사용기대비) | 중량 | 20%이
000594,15,2026-08-25,1,0,0,손주이 | 표 | 2026.08.25까지B | 2025.08.26부터2 | from. | 에9 | 티타임 | 아자아지! | 여문국 | H | 기운내
000600,15,2026-08-31,1,0,0,2026.08.31 까지 F2AA | 2025.09.01부터
000623,15,2027-03-10,1,0,0,"1:… | DA6 | GA | 까지 | 송황고추기스C, 감귤류추출물 대두,밀함유 | 제,-글루탐산나트미증진제),김 | 구사국산),비 | 기타과학제스"
000627,15,2026-10-06,0,0,0,0.1% | Grope | 청꼬도 | 곤약젤리 | 맛있는 | sugarlsl | EX | PRC | ZEROSUGAR
000655,15,2026-08-27,1,0,0,"B252 F2 | 2026.08.27 | 소비기 | 이인의필요량에따라다수있습니다. | 영기준에대한비율(%)은2,000 cal | 단백질19g 35% | 클레스베를 Omg 0% | 포화지방3g20% | 지방474%트랜스지방0g | 트FUong 34%탄수화물 33g10%당류 16g16 | 100 g당 568k | 영양정보"
000660,15,2026-02-28,1,0,0,안전관리인경 | 소비지 | MADE IN KOREA | 108830 | 801728 | 8 | 까지 | 소반 | 2026.02.28까지B20:35 | 11% | 6g | 콜레스테롤 | 15 mg | 단백질 | 5% | 14893% | 당류 | 33g | 포화지방 | 33% | 08 | 탄수화물 | 트랜스지방 | 100 g | 31% | 35% | 19g | 나트륨 | 150 mg | 지방 | 8% |  595KCa | 총 내용량 140g | 영양정보 | 니다. | 일 지간내에드  | 개봉 후에는 빠른
000684,15,2026-03-23,1,0,0,까지 | 03815 | 193648 | 2026.03.23 | RICH SOYBEAN PASTPSTEN
000685,15,2026-05-28,1,0,0,탕 | STE | 까지 | 00126 1322 | 2026.05.28B
000703,15,2026-01-25,1,0,0,부담 없이 맛있는 초코우유 | 2026.01.25 16:468 | 소비기한 | 드세요! | 흔들어
000706,15,2026-03-11,1,0,0,나트륨810mg 41% | 영양정보 | 818010451560038 | 0235 B081 | 2026.03.11까지 | 먹기 알맞게 부습니다 | 기호에 맞게 넣습니다. | 를열고스프를꺼낸후 | ②불고기맛 스프의 양을
000715,15,2026-06-26,1,0,0,EXP:26/062026 | THER | 콜레스테롤 | Omg | 0% | 단백질 | 49 | 지방10g | 7% | 19% | 비널류 | 트랜스지방 0g | 나트륨 130mg 7% | 탄수화물 34g 10% | 60 | 820 20% | 영양정보
000717,15,2025-10-12,0,0,0,Enjoy | Yogurt | Maeil
000721,15,2026-12-17,0,0,0,나E륨 50mg 3% 탄수회물169 5% 당 11 11% | 1포(20 g)당 85 kcal | 총 내용량200 g(20 gX 10포) | 영양정보 | 즐길수있는간편함 | 스틱포장으로언제어디서나 | 좋아하는깊은 풍미의핫초코 | 따뜻한물만 있으면 남녀노소누구나 | 우더로더욱진하고 달콤한 맛 | 네덜란드와 인도네시아산 코코아 | 하나. | ORIGINAL | 핫초코 | 2026.12.17 | 1
000723,15,2026-05-10,0,0,0,제조원 | 상단의 링전모들입
000724,15,2026-05-20,1,0,0,26.05.20 | 까지13:49
000742,15,2026-05-01,0,0,0,82항45민2R817S | 2026:95:1801987
000771,15,2019-11-26,0,0,0,"13 | 1,000 | ""2000 | SAN | 교육보관 | M블ADD | 12.1-12.31 | #2,800 | 2+1 | 딸기소다 | 오로라필의"
000779,15,2026-06-03,1,0,0,0 | 6 | 09800180005 | 건조하고서늘한곳에보관 | ·냉장보관을하지마시고 | ·소비기한(일-월-년순까지) | 기준이으로 개인의 필요 열량에 따라 다를 수 있습니다 | 1일영양성분 기준치에대한 비율(%)은 2.000kcal | 콜레스테를1.6mg1%단백질3.8g | 7% | 트랜스지방 0g | 포화지방4.7g 31% | L234K07---83 15:37 | 지방13.1g | 23% | 당류22.7g | 24% | 03 06 2026 | 나트륨125mg 6% 탄수화물 33.5g 10% | 영양정보 총내용량 52g 267 k
000789,15,NONE-12-19,0,0,0,플레 | 12.19 01758 | 2.300 | 2.300 | 2.300 | 2+1 | • | 1+1
000790,15,2027-07-NONE,1,0,0,"D/ | 00 | -0141 | 19015501 | nCU. | 51512899 | (28 | () | 11100 | New Taste New Happiness /www.neje.co.kr | < | 1일양성분기준치대한비은0기준므로인의필요량에따다를수있습니다 | 륨424mg 12%구연산4,617mg | PP | 트랜스지방g포화지방1.2 8% 콜레스테Omg0%단백질0g0% | 2yB2) | 트1.7수화2399방43% | K | 309kcal | 총내용량81g | 영양정보: | L | 1 | 비타민B2 | 우유함유 | 0100%0 | 원"
000800,15,2026-08-12,1,0,0,"15:52 | 52257848 | 2026.08.12 | 품질유지기한 | 이백면 | MFR | 떡부이 | 농심 | W3,800 | #5.500 | #5.500 | 동세이니누드10업 | 바다 | 스스라스 | INI | MINI | 리카노 | 오기 | 페인 | 마일드로스트 | 나누 | SMOOTH & BALANCED | 키누 | C | 미디엄 로스트"
000809,15,2026-08-30,0,0,0,)빙그레 경기도 | 126 9.3 | 3.501 | 7
000835,15,2026-02-02,0,0,0,"choice. | school | 0311220 | PEELHERE | 1,800. | 1,700. | 1,800 | 3.0b | RDR"
000838,15,2026-02-21,1,0,0,PEEL HERE | EXP FEB 21 26 K1
000849,15,2026-05-21,0,0,0,218KBBNHX | 21 85 2026
000851,15,2026-06-30,0,0,0,E30 06 | 2026 | P103 09 | 2025 | 246K11- | 원산지:충국 | 완구 | 번호 | 신고확인증
000859,15,2021-10-28,0,0,0,
000861,15,2022-07-23,1,0,0,"R.m.2ys.. | (A2D00)70.55 07 | 8""69099 | s2kge | 23.072022 | BEST EEFORE | L0T:232 | 5629 | tayas | Prptus Dae Bes Befon | MSA"
000866,15,2021-09-25,0,0,0,"25,09.2021 | 1.8% | -지5- | 3 | DELI"
000867,15,2021-10-23,0,0,0,"ATCHA COOKIES | BATCH""NO | 202 | DATE | : | 2020 | DATE | 07 | TEGOGold"
000871,15,2021-10-15,1,0,0,22 | 00g당 | 5mg 25 12g | 759 | 61 | 당25g 25% 포지빵9g 6 | 내용량 | AME44A 13:28 | 53g 16% 트스지방05 | 15.10.2021 6B | UE20mg 11%방 30g 56 | EXP
000874,15,2021-03-22,1,0,0,"111966191109090 | OF THE USA | PRODUCT | 29310 | MAR 22 21 06:57 | 18KS09133a | BEST BEFORE | KEEP REFRIGERATED | CONIAIRS: MILK. | ITM. / ART. 9090 | INGREDIENTS: CULTURED PASTEURIZED GOAT'S MILK, SALT, ENZYMES | WWw.cOSTCO.cOM | Vitamin D 0% · Calcium 0% Iron 0%· Potassium 0% | per serving | 1-800"
000887,15,2021-12-04,0,0,0,"HALAL | tes Ins | ntanées | reng | pedas | & | Spicy | eng | ant Noodles | 11 | F | 1 | 21 | EFCFE | 1 | Sauce, Chilli Powder, Fried Shallot | Fmie | R | SeasonIng Powder, Seasoning Oil,Sweet Soy | Contains Sachets"
000888,15,2021-12-04,0,0,0,Spicy | eng | TNoodls | 52 | 04 | KR A1 | 202112 | BEFORE | R | Wemie
000899,15,2022-09-02,1,0,0,"OTHER | PP | CAPPUCCIN | 섭취를 삼가시기 바랍니다. | ※ | 건강밸런스를 생각하여, 한 번에많은양의 | 58603 | 제품 중량에는 차이가 없습니다. | 571104 | 바랍니다 | ※개봉 후빠른 시일내에도시가 | 주의 | RESA | 조 | 고건하고곳에보 | EXP.DATE:2022.09.02 | 우유,대두함유 | (유전자 변형대할가능단산수소나 | 우다, 성→(널라소,대 | 273%273%1.23% | 실,도당시경화해유 연스거있피 | 방120g(475kcal) | 48 | 제품 도표기일지(읽는 법:년월입순) "
000900,15,2022-09-02,1,0,0,APPUCCI | 설취를 하가시기 바합니다 | 제용 중활에는 자이가 없습니다. | 에니다 | 주의2 | EXP.DATE:2022.09.02 |  T  | 2% | E 10 | 40 | 0% | 88% | 랜스지방0 | 30 | 0 | 사방02 | 5% | 4 m | 100yu | Candies | 395kcal | CAPPUCCINO | 영양정보 | 120
000907,15,2022-01-NONE,1,0,0,NFORMASI NLA | 원지료령 | BP.1.2072 | EXP:01.2022 |   | BISCUITS | UBM | 내용량 135g900cal 용동기한제품이별도표기 | 지품명커비스키지도시유지제작
000910,15,2021-09-20,0,0,0,20-09-2021 | 00042875
000920,15,2022-03-11,0,0,0,"2022.03.11 | dr,sao co i | 4248 | 2- | 2 | ( | ( | 만대97%(산)고 | (PE) | 장일 | 20g | NHS | 리라이스 대 | 능 | 생생대파 | 리얼슬라이스 | 310 | 3.150"
000926,15,2021-06-10,1,0,0,총녕장보관하거니 | 무유향유 | 4.52% | 유당0.019%/미국신) | 유통기한·용기상단표기 | 가당연유 500g | 일 | 연우 | 맹 | 신선한우유로만들 | Maeil | 2021.06.10 H
000928,15,2022-03-13,1,0,0,"2211:40 | 13/03/22 L19520 | 8 | 1001250220028 | 500ml | www.deoettd.cam | Customerserviceadececo. | 개인의요열에 따라다수있습니다 | 1일영양성분기준치에 대한비(%)은2,000kca기준이으로 | 0% | 단백질0g | 끝레스터를Omg | 0% | 100% | 포지방14g | 0% | 당류 0g | 트랜스지방 0g | 0% | 탄수화물 0g | 100ml 당 825kcal | 170% | 지방91.6g | 0% | 나트 Omg | 총내용량 500ml | 10"
000929,15,2022-03-13,0,0,0,022-11140 | 13/03/22419520 | 500ml | 0012501220028 | E200 149 | 2% | DBB | 영일정보 | htolww Dorat.co | 100 | ( | 유리 | 425C | URE:S0OME | (2--3 | ROETA | OOEXRAVAGNEDOINA | 식워생법에의한 한표시사항 | dol 1886 | uttttlo
000934,15,2021-02-10,1,0,0,영양정보 | 총 내용량 10m1 1okcl | N | 21.02.10까지 | 21.01.25체조 | 지구사항 | - | 라발PP | 경과 이 | 22 | 뚜정:HDPE
000951,15,2021-04-05,1,0,0,*동일날짜로포장된상품입니다 | 81801121112809 | 가공유235mLX4팩 | 오리지널 | ORIGINAL | HERSHEY'S | 허쉬초콜릿드링크 | 까지 | 2021.04.05 | 02:14 | F
000953,15,2021-02-05,1,0,0,"8801037869629 | DA1 | 21.02.05 | B | 까지 | 21.01.07 | 부터 | 광해원산단2길 11 | 돼지고기,우유,쇠고기,밀 함유 | A정수 정계소금국선 최성을 |  등심식품의 스실  . | BEER&PL | ER | 촉촉하고 담백한 | Ppre | 100%국산 등심 | 는햄등심 | 돼지고기(알등심살) 90.33% | 연출이미지"
000959,15,2022-07-19,1,0,0,기한 | 2022:07.19 | 유통 | 번용기는 이 분리수거하여 지용합시다.소중한자원곳한  | 1일 영성분이은20으 | 트랜스지방0포화지방0g0 월클레스터를0mg 0있단백질 | 18 | 나트륨 170mg 86탄수화물 8 15 당 37g37지방 | 100g당 220.Res | 영양정보 | 총내용당 | htps//www.jungoneshop.oom | 대성주식회사 | DAESANG hy/wdaseng.o | X.4EROTHER | 비자 | OTHER | HACCI | 플러스4 | 080-019-9119(수신자요금부담) | 공고객상담실
000963,15,2023-11-14,0,0,0,양정보 | 4분 | 3분 | 건민 | STEP2 | 준비하였습니다 | 간하게즐기실수있도를 | 유해 프리미엄 맛을 가정에서 | 잘아는특별한 당신을 | 시작됩니다.스파게티를 | STEP1. | 듀럼밀 세물리나(밀)에서 | 조파게터입니다 | 좋은 파스타는 좋은 | 조리가가능한 | 럭스파게티는 | Fresco | 스페게티면 맛있게 | L20640 | 04 | 2023/11/14
000985,15,2021-12-28,1,0,0,0165456 111014541 | LOT:0C184296 | EXP:DEC-28-2021 | 85g | BANANA | Four Sereving | Quick set
000990,15,2020-07-21,0,0,0,Cooking | for | Montaina | da | Whipping | 1000mle | F8C* C014047 | FSC | MIX | DANONTARE E PERCUCINA | BEGT BEPORE | GRASSA CONSERVAZIONE U.H.T | GRASSO VEGETALE | PREPARATO A BASE DI
000995,15,NONE-02-18,0,0,0,
000997,15,NONE-02-19,1,0,0,8 | 4본 바코드 | 우3:19까지
001047,15,2021-05-12,1,0,0,BEARS | GUMMI | 2021.05.12B5 | 브랜드가아니다.소비자다 | Ne Brand
001054,15,2022-09-01,1,0,0,까지 | 유통기한: 2022. 09. 01 | 제조번호:20003 | 파손 등에주의하십시도 | 보존항에 유의하잡성을피하업서록활공의 | 보관방 사장성을피하영서고에 | 완상담하십사생 | 접취쉬주의사항 | 내용량
001058,15,2021-10-14,1,0,0,10:28 | 2u21.10.14까지 Du5 | 3.280 | 241 |  17 | 3.280 | 2+1 | C2042100
001061,15,2022-07-04,1,1,0,"8801007/166452 | PP | 있습니다.(주중 | , | 신고는국민이 은 소분생준에 | 이므로 개인의 필요 열량에 따라다를수 있습니다. | 재는것은수성에의한한상으로 안싱하고드세요·부정실해 | 1일 영양성분 기준치에 대한 비율(%)은 2,00 kcal 기준 | 을신보병정보·색이 | 플레스터를0mg 0% 단백질4g7% | 기- | 지방 2g 4% 트랜스지방0g 포지방0g 0% | (국정계수,천일국선)기류20교추국,주정대두 | 나트름25m 128% 탄수속물4g14% 당류23g 23% | 추중국신93,, | 총내용량50g/10g당"
001067,15,2021-12-06,0,0,0,YORIWON | S E O U L | 서울요리원 | 2018 | ST. | PEACOCK | 특집리자:조은이 | 2021 12.06
001068,15,2021-03-15,0,0,0,영양정보 | 100% | 다 | √ | 2021.03.15 | C
001074,15,2021-09-30,0,0,0,"30/09/2021 L4620 | www.iindt.com | LINDT SUSTAINABILITY | CH-88O2 KILCHBERC | LINDT&SPRUNCLSCHWEIZNAC | MANUFACTURED IN SWITZERLAND BY: | S W IS S MADE | KILCHBERG/SUISSI | CHOCOLADEFABRIKEN LINDT A SPRONGLIAG | QUALITY GUARANTEE | HIGHLY MELTABLE· KEEP COOL | 일 영행성분 기준치에 대만 배을()은 2,00 kca기준이으로 의 | "
001083,15,2021-07-09,1,0,0,A2 | 영양정보 | 껑:HDPE | 81809069113091901 | OTHER | HACCP | 식풍인전관리인증 | 2021.07 .09 | 까지 |  년 | E | FE | 2 | 미스디일션 | 103 | 등목보고호 | 후연일 | 200018382836 | 유통기한 | 조원 | 무드 /[구광역시 달사구 성로  | / | 4용3 | 혼합으료 | 130 m4 kca | 돌고약리얼그이자용 | 민C 함유
001094,15,2022-01-12,1,0,0,까지 | 부터 | 유통기한
001095,15,2022-01-12,1,0,0,"2201,12B) | 씨지 | 21.01-13(11±08) | 유동기한 | 부터"
001106,15,2021-03-27,1,0,0,|식품의유형 | 지가 | Stew | 개 | 14:05 0764 | F12 | 2021 03. 27 | 유통기한 | 까지 | 절취선
001110,15,2021-03-22,1,0,0,L23 | 14:53 | 24.03.22까지 | 해물초수 | 해물 | 김치북에기 | 김치해기 | 배기우
001113,15,2023-11-15,0,0,0,"고객생용실 | 0-02-21문I | 두기 경기도 안양시동연구 30 | 199304500675 | 다 | 2023.11.15B | 2,590 | H5"
001115,15,2022-01-12,1,0,0,한병하B | 2022.01.12까지
001119,15,2021-12-26,0,0,0,2021.12.16
001122,15,2023-01-10,1,0,0,500 | 투껑:PP | 8803217013588 | 질지기한2023.01.10 | 02404 | 시키지마십시오 | -만 12개월미만의영아에게는 섭취 | 받으실 수 있습니다. | 분쟁해결기준에 의거 교한 또는 보상 | -본제품은 공정거래위원회 고시 소비자 | -부정-불량식품 신고는 국번없이 139 | 으로 두시면 결정이 없어집니다. | 없습니다.결정된 끌은 따뜻한 물에 중딩 | 결정이 생길 수 있으나 품질에는 이상이 | 성분 조성상 저온이나 온도변화에 의해 | ②냉장고에 보관하지 마십시오.벌끌은 | 달아 상온의 건조한 곳에 보관하십
001126,15,2021-12-28,0,0,0,2021.12.2817:22
001129,15,NONE-02-07,1,0,0,"제용 | S3 | 252 | 1,270 | 1,700 | 합민시 | 드림컴요구르트플레인 | 2008115726258000012714 | 할/인/판/매 | 덴마크 | Denmark | F | 22:04 | Expiry Dat | 83-07 | 유동기한"
001131,15,NONE-02-12,1,0,0,우유 | 맛있는 | 우유 | 맛있는 우유GT | 100%18 | 유통기한 | 까지→ | 02.121253.HH
001134,15,2021-03-03,0,0,0,"SELL ET 0303E! LOT 85I EST 54 | NET WT 3OZ | AGRICULTURE | cultured celery powder | DEPARTMENTOF | *Except for those naturally occurring in sea salt & | AND PASSED BY | INSPECTED | tMinimally processed, no artificial ingredients added | U.S. | All natural ingredientst | made in New England | NO NITR"
001135,15,2022-09-24,1,0,0,TOMATO SAUCE | RED BEANS IN | 924M0 | EF0RE-24/09/2022 | BEST | EE | AIOLI
001139,15,2021-02-28,0,0,0,"19 2% | Omg 0% | 0g 0% | 09 | 09 0% | 199 19% | 2196% | 5mg% | 10 | 90kcl | 정보  | 오엔시 | 새움 | 비가열 냉정주스 | ORANGE | 100% | 2021.02,28 | 20:07"
001146,15,2021-12-13,1,1,0,R | 2021.12.13 | ·유통기한: | 까지 | ccm | 2020.12.14 | ·제조일: | B1905 | ∞ | 대두.밀 명공 함유 송고객상담실 080-19-91(수소자요금부당
001182,15,2022-04-14,1,0,0,FRUIT BOWLS' | Mango | 망고 | D | 100yuice | BEST BY APR 14 2022
001188,15,2020-04-23,0,0,0,이번호:30327090006 | 2020.04.23 F1 | 15개입(10) | 국산 | 냉장제품 | HACCP | HACPSTEM리기에 | FRESHEGGS | 왕란 | 신선
001195,15,2021-10-18,1,0,0,"http://www.lotteconf.co.kr | 롯데제과 | 고객지원센터수신자요금부담 080-024-6060 | 88010621880188 | 1일영양성분 기준치에대한비울(%)은 2,000kcal 기준이므로 개인의 필요 열량에 따라 다를 수 있습니다. | 콜레스테롤15mg 5 %단백질6g 11% | 지방 34g63 %트랜스지방 0.5g미만 포화지방19 g 127 % | 나트륨80mg 4 %탄수화물47g 15 % 당류42 g 42 % | 520 kcal | 2 | 영양정보 | 총 내용량909 | 괜찮습니다.·휴지줍는 고운 마음, "
001201,15,2022-07-16,0,0,0,2022.07.16 | ()
001209,15,2021-08-03,0,0,0,A202162 | 19:21 | 03.08.2021 | 4
001226,15,2022-06-27,1,0,0,"8801007-166575 | dico,k | PP | 166-571 | 080-850-120 | 고객행복센터 | 기술로 더욱 맛었게때운맛 | 해찬만의 불과용동시발효 | 판매1위에는 이유가있다. | 2022.06.27 | 유통기한 | 2020.12.28 | 제조자:"
001229,15,2021-10-28,1,1,0,2021.10.28까지 | 맛있는 약속 | 유통기한 | 제조일 | 2020.10.29제조 | 19 | CROUN | GRACE | utol
001233,15,2021-03-09,1,0,0,0141단호박-5 | 2021.03.09까지
001245,15,2021-11-01,0,0,0,배질바 | PROTEIN BAR | CHEWIT OVER | gomgom | 2021.11.01
001251,15,2021-04-11,0,0,0,21.04.11 | 21.01.12 | 크 | aiss | rass
001253,15,2021-08-19,1,0,0,2021.0.19까지-5
001255,15,2019-09-13,1,0,0,매일두유99.89 | 드시기 전충분히흔들어 주세요 | 새로운캡 | 까지 | 2019.09.13 | 10:53
001263,15,2022-12-03,0,0,0,"뚜껑:철 | 유리 | 2022.12.03 | 량식품 신고는 국번없이1399 | 드십시오 | 법:기호에 알맞게 생수 또는 탄산수에 희석 | 드십시오 | 2개봉 후에는 반드시 냉장 보관하시고 가능한 | 법:직사광선을피해서늘한 곳에보관하십 | 고환처:구입처 및제조원 | 포장재질 | 유리(껑:주석도금강판/내면:PVC) | (성수동2가)/02-380-5678 | 서울특별시성동구 뚝섬로 377 | 취이마트/ | /061-833-8757 | 제조원 | 서광식품영농조합법인/ | 구연산,비타민C | 20507807-84 | 1,2009 | 약상차 "
001266,15,2022-06-NONE,1,0,0,17239213433 | 0 | BEST BY JUN 2022 | HL0167 1121
001267,15,2022-09-05,1,0,0,2022.09.05 | 유통기한 | 까지 | 1일 영양성분기준치에 한비(%)은2.00 cal기준이으로개인의 요에따라 수있습니다. | 포화지방0.0g 0% | 콜레스테롤Omg 0% | 단백질0g0% | 비타민IC 61mg 61% | 나트륨 Omg 0% | 탄수화물0%당류00%지방.0% | 트랜스지방 0% | 1개입당 | 1일병당생분기준 대한을 | 1개입3)당Okcal | 영양정보 | 총내용량:30g BgX10개입) | 아니므로 안심하고 접취하시기 바랍니다. | 제품과같은조설에서하고있니다제은당일어리스리을포항한제으로 | 는보을수니다은어 
001281,15,2025-08-05,0,0,0,"8 | 101434711001509 | 250mle | Surhedsgrad:/Zurtegrad:/Acidez: | Adia/ADdiy/Sure:/ACiti/Aidez: | 05/08/25 | L21820 07:28 | Produkt uithalis- Poduzid en halla | Produit e ale Producde aaap | Prodoto n ala-Producdo ah-Hags | Castelnuovo Rangone (M)-li | Via per Formigine 54, 41051 | Acetificio Carandi"
001283,15,2022-04-23,1,0,0,"dry place. | cool and | Best Defare: | store ina | Lot | Keep seald. | SA17S TLPC, NAVAAIT MDOCO | 인증품의표시사항 | 14.에이동 | 경기도 | 0% | .02-56-4581 | 보관하시고 | 개봉후에는 | g 1509 | 0% | 보관일주의사항:직사공 | dalie 150g 5% | 포창세에 | 0% | 0% | 원산지:멕시코 | 0% | 내용량:2500 | ToFag | 250(50 | 식품유형:당시업류 | 12 | Saning Per Cota | 0"
001297,15,2023-11-NONE,1,0,0,8 | 11/2023 L20204150-331 | Decorsaama prcerbamerte oro fne/Bestbesoreerd/A Tiet | drenta del sole/ Saore inacool.dy pkxe. aey lom heak souoos and diet areue | Comovore Eprooto inkogo lresooe ascato kontano colle fontidi caorec dstbs kce | wuw.perledisole.cam | PtplaniO | Lotto n.8-Boo27 Franamagago
001301,15,2021-11-29,1,0,0,"ctak Via Emilio Lenido, 58-Parma | MULINO FORMAGGI SRL | CE | 08:46 | 08 621 | LOTTO: LHO335D | 601374 | 010323 | 0.150kg | e | 29.11.21 | Best before: | 30.11.20 | Production day: | Keep rfrigerated t0c/+10 | AutorizzazionParmiianReggianvigente09/2012 | Product of Italy | AGED OVER 15 MONTHS | HEES"
001311,15,2022-10-20,1,0,0,"EXPORT | 612926201005 | EXF':2022/10/20 | L0T:191001008 | 6292620008854+유통기한 | 건강기능식품이력추적관리번호 | 품과 같은 제조시설에서 제조하고 | 포 | 두쇠고기,조개류(굴, 전복,통합 | 돼) | 게 | 가능성이있는 우유 대두말, | 제 | 본 | 상사례신고는1577-2488※ | ED | 유동기한표기일까지년 | 1da | 등포구양평로 2길21 | 나이 | 가운로31 | 판매원:(주) | Canada | 수입원한정주식회 | 원산지 | 및제조사캐나다 | CELLE POI "
001330,15,2021-03-05,0,0,0,GOURMET 494 | 22612020020200 | 2400 | 2021.03.05 | 3 | 2개 | 유요일 | 100g8(8 | 애플망고(페두산)
001339,15,2021-06-08,0,0,0,RS/11756582 | 2402 | 205820 | CH | 6109081 | 2222 | L 1001947014 | pre: 08.06.2021 | Keep retngerated | ww.mmico | E | OTHER | Paeectio | EAE
001348,15,2021-10-31,0,0,0,:2.3 | L | 110/31 | 2021 | WITOR'S | Dal 1955 | Ciokolett
001350,15,2021-08-21,0,0,0,being | ChPme | Raselnuit | delirious | w4tR | IKKIES | NOUGATELLI | EDITION | Merba | L202340-073 | 23=08-2022
001357,15,NONE-08-20,1,1,0,30-4 GRAMS | BATCH: 0001015697 | EXP:08/22 | MFD:08/20 | 23:16
001360,15,2021-09-02,0,0,0,"C/LDPE | 8 | 69063718 | 4 | Mondi Kalenobel | 4 | TETT:02.09.21 202 5930 | 2ge | ortalama bir yetiskinin referans alm düzeyini belirtir[8400 kJ/200 kcal) | 0,6g | 1,6g | %26 | 0,6g | 'ein | 1,4g | %3 | 0,1g | 0,2g | Unilever No:13 34768, Umraniye-Ista | %1 | eker | Dr. Adnan Büyukdeniz Cad. | 1,1g |"
001361,15,2021-09-02,0,0,0,Kalend | 2ge | in | 8 | 0.6g | 0.69 | 590637 | 1.6g | 0.19 | 1.49 | 26 | 1.19 | 0.2 9 | 3 | 132 | Doymusyad | 4.69 | 2.79 | 21 | 0.19 | Eneru | 11.69 | 3 | 0.30 | Unilever | 0.39 | 34 | Enerve | 0.8g | 42 | 38 | 51 | 100ml | 3 | RA
001363,15,2021-04-NONE,0,0,0,"Uretici: Dr. | R.8 | 04.2021-10:13/1906064 | Net: | 8169 | 43 | Tavsiye edilen tüketim tarihi/Parti no: | e | Mensei:Turdae | Serin, kuru ve kokusuz ortamda saklayiniz. | 5 | Isletme Kayit No: TR-35-K-000884 | Turk Gida Kodeksi'ne uygundur. | yapabilirsiniz | hicbir | Domu | Hindistan cevizi rendesi"
001366,15,2021-09-29,1,1,0,"Avanwon katanpotiunonnpiv anó: (dd/mm/yyyy) | lapaokuleralomlepuavia | Alanpeitat oε pooepó kal ξnpo μpoc. Huepounvia lapaywyric: (dd/mm/yyy) | OTHER | Made in Germany | E37B | 서울시서초구 강남대로271502호(양재동aT센터) | EXP.29.09.20.21 | 수입원:매크로통상(주)(전화.02-6300-8181) | 포장재질:종이,폴리프로필렌 | PR0D. 29.06.2020 | 읽는법:상(P"
001372,15,2022-03-07,1,0,0,2031TNG1070905B8 | EXP :07-03-2022 | :(-) | :(--) | :18 | /SaeZout/Salt/Sall/Sal/Sal/Sel | roteines | n/Prolein/Proleina! | weiB/Proteina/Ewit | ntsuces | es/dos quais aqucares | waavan
001373,15,2022-03-07,0,0,0,2031TNG1070805B8 | E031:07-03-2022 | 4M | Ton/SR/Sal/Sal/Sal1S4
001374,15,2022-05-NONE,1,0,0,"식품위생법에 의한한글표시사 K13270-15G17 | 기준치에 대한 바율(%)은 2.000Kcal 기준이으로 개인의 필으 열당에 | 7,4 | 식풍신고는국번업이 1399·소비기상영실(수신자부담/ 0802159800 | 콜레스테롤0mg 0%단백질2.8g 5% | 위교시기분경기준에의거교또는 보받을수입습니다.부경불량 | 트랜스지방0g 포화지방8.4g 5% | 지방9.6g18% | ·0x | 제품은이드를사용한품과같은제조시설에서제조하고있습니다본제품은 공경거 | 나트륨64mg 3%탄수화물 23.5g 7%당류11.2g 11% | 낮은 곳에보관·"
001378,15,NONE,0,1,0,"54-763-7717 | 리에틸렌 | 별도표기일 | 포장일자 | 에이치엠피(주)경북 경주시 강동면 강동산단로1길 80 | 구입처및판매원 | 대구농산(주) 인천광역시 중구 인중로 176,904 | 수입원 | Superfood | 자연의 신선함에 깨끗함을 더하다 | 2021.01.22 | DGFARM | 포장일자 | 지퍼포장:개봉후"
001384,15,2018-09-NONE,0,0,0,Parti | ta.: | kul. | no/Son | 09-2018 | 161752115
001389,15,2021-06-20,1,0,0,"·식품유형헨디류·포장재질(내면:용기/필름폴리프로릴렌·본 제품은 소비자분정해결기준에의거 | 영양성분 기준치에 대한 비을(%)은2,00 ca기준이므로 개인의 필요열량에 따라 다를 수 있습니다. | cal | 36 g | 70mg | 0g | 0mg | 8g | 36 g | 6g | 0g | 215 | 11% | 4% | 0% | 0% | 40 % | 36%15% | 트린스지방 포화지방 콜레스테를단백질 | 열량 나트륨 탄수화물 당류 지방 | 총내용량2100당 | 2021.06.20 | EEARKO | 210.g(215 keal)4 | -"
001390,15,2021-06-20,0,0,0,8g | 101 | 0g | 70mg | 40%7 | 15$ | 2021.06.20 | Whtecoo | 요거젤리 화이트코코 | petitzel | 쁘띠첼
001395,15,2021-09-01,0,0,0,A | 200 | TORO | 0g | 4 | 민수 | 0.50 | 20209D1EN | 무보존료 | OTHER | 찬아름
001416,15,2021-11-05,0,0,0,중량:300 g(1.250kcal) [30g(125kcal)×10개] | 화이트초콜릿분말 2.7%(카카오버터 22.5%) | 조리예 | 부드러운 달콤함 | 카카오버터가전해주는 | 2021-11-0504:55파지 | 초코 | 화이트 | 미떼
001422,15,2021-11-NONE,1,0,0,08:17 | .L9309F | Nov 2021 | BEST BEFORE END: | Thispock can | R= of yor | wolroseco | Salt | Protein | Fibre | of whicnsr | e | Cortohte | 500g | owionse | Fat | EnergyKc | Energy서 | waitrosecom | Berkshire ROI2 8YA UK | Wolrose um.ed Brocknc | AS PREPARED | TYPICAL VAUUE | refundy:u. | emcna | rep
001423,15,2021-11-NONE,0,0,0,00:17 | NLO309F | NoV 2021 | EST BEY | spockca | B-Ofyou | WCAE | sor | proten | Fove | 5009 | Ro | waltrose.com | Energyie | Berkshire RSI2 BVA UK | Energyy | Waltroseum.ted Bracknc: | refundy:u. | replace-our | emanui | TYPCALS | waitroabro | nand we' | NUTR | pockoging br k to any | product. plea
001435,15,2021-10-04,0,0,0,14:183청희 | 02110.04 | 2 | 전통 | CONCHSHAPEDSNA | 과자 | 왕소라 | 재미있게들
001436,15,2021-09-20,0,0,0,02 | 계피ㅇ | %함유 | .all | 11:57황미숙 | 있어요 | 2021.09.20 | 퍼지는 | 추억을 간직한고스한 | ·고소 | ZZANG SNACK | 짱이야 | 추억의 간식 | LUS
001461,15,2022-01-20,1,0,0,8/80157 | 단백질1g미만2 % | 레스omg0% | 트랜스지방0g | 지방090% | 당류9g9% | 탄수화물11  3% | 46 kcal | 총 내용량 129 | 나트 | 영양정보 | ILDONG IBE | 시지 마라울과함께 주시면 | 201705253006 | 보관방법및주의사항 | 품목보고번호 | 직사광선을피하여건조하고 | 유통기한 | 포장재질(내면) 폴리에틸렌 | 별도표시일까지 | 유통전문판매원 | 일동후디스()/강원도춘천시동내면거두단지2길60 | 제조원 | (주)에프엔디 청계공장 /전라남도무안군청계면 청계공단1길74 
001465,15,2022-11-18,0,0,0,213:57 | 202 | 7 | 11.18 | 5
001493,15,2023-08-17,0,0,0,Sale/Salz/ Saltt | Proteine /Eiveis /Proli n | of which sugars | davon zucker | di cui zuccheri | 88 | of which Saturated | davon Gesattigte fettsuren | di cui acidi grassi Satun | Grassi/Fett/ Fat | Energia Bennwert/ En.g | 12813 | AVERAGE NUTRITIONAL DECLARATION | DURCHSCHNITTLICHE AHRWERT | PERER
001500,15,2021-09-23,1,0,0,2021.09.23까지 | 과자/84.g (287 Kcal) | 옥수수분말 12.779% | 식품의약품안전처 | HACCP | 식품안전관리인증
001502,15,2021-06-24,1,0,0,"OTHER | 분말3.75%함휴 | 2 | No Brand는o다 | 쌀가루50%,스 | 비닐 | 국수국0니평명은 1640m | 32 g(320 kcal)면 | 중 | 나트룸 함량 비교 표시 | 쌀국수멸치맛 | 브랜드의이널 | 조리불가 | 2,120 mg | 주의 | 싸그시 | 전자레인지 | 뜨거운물 | N5]4 | L0X | 60X | 400 | 으5mg 1% 79 | RICE NOODLE | 3% | 8% | 영양정보 | 370 | 총내용량 | 넣어드세요 | 멸치맛 | 나 | 위해스프를기호에 맞게 최당히 | 열고잘저어드싶? | 3"
001507,15,2021-02-19,1,0,0,BEST BY 2021.02.19 08:27 FL | BELGIOIOSOCHE | 2-12GZ.PACKAGES | 개인의필요 | 1일 영양성분 기주에 | 300 | 84 | 1 | 플레스60m0 20%8 | 3 | 지방 19g 35% | 0.3 | RS | 나트 300ng 15% | 12 | 19 | 영양정보 | 17스 | 25 | 10 | 32 | : | 28 | 에도 | LLA | 우96 | 9079 (2 | LB | 449-9909(02 | 경기도 | (주)코 | 수업원 | :96972798 | BELGI | Belgio | 
001528,15,2021-06-25,0,0,0,| | 흑임자우유 | 2021.06.25 | 냉장제품
001535,15,2022-07-11,0,0,0,"202207, 11 A12 | 8801052-0012 | OTHER | 080-019-9119(수신자요금부담) | 공서능할 곳에 보관하어지거명어 |  맛이변하고 색상이 친어지거나어고 | 사용전 반드시 읽어보세요 | 87002-580반일장소입처 | 스/시시시구38 | 대 읽, 최고기, 밝고기, 조개류(금) 함유 | ?[:국산) | 한우다시 | Satetee wnn Priae"
001539,15,2022-01-18,1,0,0,"포지방 20g 133% | 레스테를Omo0% | 트텐스지방00 | 당류 27 027% | 탐수화를 64g 20% | U트10m8 | 지영 200  | 영양정보 | 848 100g9 | 까지 | 8012 | OTHER | 22·9118 | 아파우데(미국산), 미강유.  | 8시신(유화제) | 아분(이시아)아 | AAI | (야자유(말레이시아산 | 영업장의 명칭 | 내포장재질 | 허쉬조코바나나웨이스타 | CHOCOBANANA CREME WAFERS MINI | HERSTETO"
001543,15,2022-01-22,0,0,0,22.01.22 F2 | (수) | () | 01
001549,15,2022-09-28,0,0,0,7.1 | M240GM
001550,15,2021-08-25,1,0,0,L0T 0238 02:54 4F | BEST BEFURE 2U21/08/2
001551,15,2021-10-09,1,0,0,L보 | 중량:255G(90Z) | 기한:도시일일/년순) | RERVGRAEATERCCGNG | HORSERADISH SAUCE | GLORIAS FINEST | 8EST B:9/10/2021 21:8
001564,15,2020-08-05,0,0,0,OPEN | 스취급주의:제품 개봉시 손이베지 않도록주의하시기 바랍니다 | 짭짤한맛 | 자가비
001579,15,2022-11-02,0,0,0,"2022.1.02 | 제조원 농업회사법인쌍 | G | 스테비아잎,구자,합성향료 | 원재료명 | 국화(국산),결명재국신,발효차(속 | 저품명선명한 영국하차 식품유형침 량  | BELFLE TEA"
001590,15,2021-02-18,1,0,0,Bacpn | Original | 오리지널 | Stignatine | Homepius | 21.02.18까지 | 유통기한
001594,15,2021-12-13,1,0,0,까지 | 2021.12.13 | Hr | 13:34A | JO | 고있습니다 | 1399-이
001601,15,2021-02-11,1,0,0,묵 | 특가기의 | 안심 | 쓸깃한 약속 사각어물 | 쓸깃한약속사과 | 부산어물 | 주속 | 진심을담아더욱건강한 | 태림어묵 | 신선해서깨끗에서 | 21.02.11까지F1 | 꽃게 | 꽃게
001611,15,2021-02-12,1,0,0,A4 | 내용량100g | A | L | 신품 | 보고번호200806230359 | 내용량 3009 | A | 포장재질리에릴텐(내면) | 조리법(2인분4 | c Pride | 떡볶이 | 국민간식!주억맛 | 그대로 | ORIGINA | 2021.02.12까지 | 유동기한
001615,15,2020-09-03,0,0,0,mp | V DAESANG -HSM | 09:50 | 제조 | 2020.09.03 | 100083710 | 6
001643,15,2021-10-16,0,0,0,( | B&no | %99 | %2 | %S | 022 | %15 | 0211 | 0281 | 201~2 | %121 | DU16BR | (10: | %0E | 012 | 3dOH | (// | 0106103 16: 사는 | EXF: 16 ·10.20E 1
001644,15,2021-10-16,0,0,0,an | 35 | 16:42 | 41 | 010611010 | 1061010.2021
001651,15,2021-03-09,0,0,0,라벨:P | 8 | 뚜껑:LDPE | 유리 | 이므로개인필요에따다수있습니다 | 1일영양성분 기준치에대한비는은200ca | 단백질0g | 0% | 콜레스테롤Omg | 0% | 포화지방8g | 53% | 트랜스지방0g | 지방99g | 183% | 당류0g | 0% | 탄수화물0g | 0% | 나트룹Omg | 0% | 기준치에대한 비율 | 100 m당 | 1일영양성분 | 100m당890 kcal | 영양정보총내용량30m | 2021.03.09
001671,15,2021-10-23,1,0,0,1801117 | w.orionworld.com | 고기 함유 | 기한 | 유통 | 21.10.23(A) | 하제인하이트로 | 까지 | 20.10.24<06:27) | 부터 | 인기일까시
001679,15,2021-03-16,1,0,0,평장보관 | C-10'C | 청당 | 버섯 | 칼국수 | 김치 | 칼칼국물과 풍성버섯건더기로 완벽한 한그윗 | 을 위한 동반성장 브랜드입니다. | 02 | MJ201 | 일제당과 중소기업의 | 2021.03.16까지 | 2021.01.16제조
001683,15,2021-11-14,0,0,0,"REALIZZATO | ARLANCE | VRUCHTVLEES | NATUURLLE | umir em S dias. | Servieren schonech | A | UND REICHAN VTACHTCESCH | NATURLICHEM RUCATEISCH | NATURELLE ET RICHE EN VITAMINE | SPANISCHEN ORANGRNS CHEN | FRAICHES, AVEC LEUR PULPE | D'ORANGES | HERGESTELT AUS FRISCHEN | ESPAGNOLES | ORANGENSAFT. |   J"
001689,15,2021-06-22,0,0,0,CRT | 20
001716,15,2021-02-07,1,0,0,채 | 살어묵 | 7A | 민국1등브랜드 | 어국 | DK2 | 2021.02.07P1 | 유동기한
001721,15,2021-07-06,1,0,0," 이제품은 질소충전하였습니다 | 또는 보상가능·부정불량식 | 2021.07.06 | 까지 | 고 있습니다.소비자 | 부터 | 을사용한 | 2021.01.07 | 대무밀 조개류굴 함유 | 으을 다진생 강남해굴농축에 | 있습니다 | 근사한 술인주로 즐기실수 | 조 장원액정저소기당 | 두루치기로 즐겨보세요 | 미늘중국산),설당,혼합간장 | 소면을비버 매콤한 오징어 | [오징어두루치기] | 중국산)탈지대두분,정제소금 | 살려줍니다 | 조맥분말:미국산 호주산) | 맞입게 매을 맛으로 입었을 | 당고충가고추중국산) | 주이 볶음에 활용해보요 "
001726,15,2021-02-16,1,0,0,생원기 | 2021.02.16까지 A | 928.32 % | 716%) | 00kca | 더룩맛있게 | 방에발라 | 스클샐러드 | 참치마요 | P1G | INTHE GARDEN
001733,15,2022-11-18,0,0,0,"2022.11.188 | 304500676 | 시일지 | 신료,"
001735,15,2022-01-20,0,0,0,"7 | 2022,01.20(A)"
001752,15,2022-01-10,0,0,0,"htt://www.lotteconf.co.kr | 22.01.10 | 수신자요금부담 | 080-024-6060 | 고객지원센터 | ""8010621013418 | 8"" | 롯데제과"
001756,15,2021-12-30,1,0,0,"까지 | 기한 | 2021.12.20(3) | 2020.12.21/09:12 | 유통 | 81801117131210 | 씬 | 다이제 | 오리온 | htp:/ww,oromworld.com | (주)오리온"
001757,15,2023-03-09,1,0,0,"5US | KRAFT FOODS GROUP ING | AANTHAN GUM, CELERY SEED. | ARD OAON CARAMEL COLOR | SPICES AND HEBS DRIED GARLIC | RAISIN PASTE, ORANGE PUREE | WNEGAR, CORN SYRUP. SALT | (WATER TOMATO PASTE), DISTILED | INGREDIENTS: TOMATO PUREE | based on a 2,000 alore diet. | *Percent Daily Values are | Protein Og"
001758,15,2023-03-09,1,0,0,"KAFTE0DS LB0093-2753 USA | KRAFT FOODS GROUP, INC | XANTHAN GUM CELERY SEED. | AND ONION CARAMEL COLOR. | BAICES AND HERS DRED CARLIC | RASNA PASTE ORANGE PUREE | WAEGAR CORN SYRUP PSALT | (WARER TOMATO PASTE), DISTLED | INGREDIENTS: TOMATO PUREE | pased on a 2,0oo calorio diet | ""Percent Daly Value"
001764,15,2021-12-23,1,0,0,"노브랜드의 이념과실원 | 220 g (1,090 Kcal) | 참께1.49%, 참매향0.1% | 2021.12.23 | N182 | 간식#우유랑 #참께스틱 | #노브랜드 #스마트컨슈머 #고소한 | Sesame Sticks | 참깨스틱 | 브랜드가 아니다.소비자다 | No Brand"
001765,15,2021-09-10,0,0,0,10/SEP/21I21:36 | A | m
001766,15,2021-09-10,0,0,0,10/SEP/21 I 21:36
001770,15,2019-10-18,1,0,0,450 g(607 kca) | 구수한맛! | 깔끔하게 | 된장 | 밀가루를 넣지 않아 | 찬마루 | 19.10.18까지 | muone | 19.04.19제조15:37 | 'mlmuone
001775,15,2021-04-02,0,0,0,16:52전복 | 2021-D4.02
001778,15,2021-04-09,1,0,0,까지 | 21.04.09 19:02 | htip://www.lolteconf.co.kr | 수NURB부 | 롯데체과 | 080-024-6060 | 고객지원센터
001791,15,2020-08-13,1,0,0,"8 | 까지 | 010078111921 | 20.08, 13 F1 | 유통기한: | 166-5471문자상 | 주의사행 | 080-850-1200 | 고객행복센터 | 매20930c | 조리방법 | 영양정보 | 층내용용3g2go | 전지O W이용시:청신부분가지 병기싱2물간 데원드심시오 | 보관행일 | 이일당 주식사 | 주 | 11 | 반 매일용집곡법 | 세계일류상품"
001810,15,2023-10-22,1,0,0,BEST BY 23 10.22
001816,15,2021-04-14,1,0,0,"·부정·불광식품신고든국번없이 139 |     이니다 | · | cj.co.kr | N | 166-5471(문자) | 080-850-1200 |     | 재활용어려움 | 소용한의견을기니다 | OTHER | 고객행복센터 | 88013911027151 | 비닐류 | 무(국산)53% | [내용량 185.5g] | 조리예 | 새콤한 맛이 필요한 요리에 딱! | 새콤한맛 | 350g | 삼겹살, 훈제오리, 무샘말이 냉면등 | 21.04.14까지 | 21.01.15부EA | 삼무 | .since 1954. | 하선정 | 내콤하게 만든 | 한"
001818,15,2022-01-18,1,1,0,2022.01.18 | ·유통기한: | 까지 | ·제조일: | 2021.01.19 | 138소중 02005 | 대두밀 쇠고기함유 | 교환 또는 보상·부정·불량식품 신고는 국번없이 | 후냉장보관반품및 교환장소본사및구입처·본제품은소비자기본법에의거 | 입지는 대두의일부분으로안심하드니다서하고건조한곳에보관기봉 | 잘수있으나속성에의한 현상이로인심하고드서도니다.제품중의검은 | 수칭읍 순창로30/사:서울특별시동대문구천호대로26·오래들수록색이 | 말레이트뚜껑-플리프로밀·업소명및 소재지:대상(주)순창공장:전라북도 | 국양 주정농 마축액 추출물정소글 
001822,15,2021-06-09,1,0,0,사용기한: | 2021.06.09 | 제조번호:
001823,15,2021-06-09,1,0,0,사용기한: | 2 | 021.06-09 | 제조번호:
001829,15,2021-03-07,1,0,0,": | SLICE | 우유2.49% | 24 | 540 g(1,318 kcal) | 다C양대수 | 2021.03.07까지 | 우유의 깊은풍미를느낄수있는 우유식빵 | 국내산 1등급 우유(세균수 기준 1A등급)가 함유되어 | MILK SLACED BREAD | 우유식빵 | 촉촉한1A등급 | samlip"
001831,15,2020-12-NONE,0,0,0,004CG4CB19 BB 12/2020
001843,15,2021-05-NONE,0,0,0,백포로 | NF | JOICE | WHITEGRAPE | MADE FOR CONSUMER | Brand | NO | 15:20 | LE147 | 05-2021(B
001845,15,2021-11-23,1,0,0,EXP:202.1.233 | PL020S | Z:HDPE | 페트 | 20051 | E 09 | DEF65 | 장양경보
001852,15,2022-08-13,1,0,0,3 | 1 | 08 | EXP: | ED4891 | LOT: | 7143771150433
001857,15,2022-07-17,0,0,0,17072022 | EST BEFORE: | 170720 | ATCH NO | 132- | MO REFRIGERATION NECESSARY | • SHAKE WELL BEFORE USE | Salt | 4.3g | Sugar | 59.3g | 64.5g | Carbohydrate | Less Than 0.1g | Saturated | Less Than 0.1g | Fat-Total | Protein | 2.1g | Energy | 1112KJ/266kcal | Per 100g | 내용제최유리 | 내용량:3589 | 정제소금사랑수수식
001862,15,2023-06-18,1,0,0,Lotto 00220170 | 08:37 L11/05 C | Exp:18 06.23 | / | bedst | Bast fore: | athar bis: /Consumi | Medestr | 500 ge 1.1 1b | PESO LiQUIDO | DNV-GL | C800-861106 | SERVIUZO CLMENT | C0 | 0 | PAESE DI MOUTURA TA | www.dececco.com | DEL GRANO. UE E NOHUE | PAESE DI COLTNAZIOME | CDARSE BRONZE-DRAWING | TR
001870,15,2021-09-26,1,0,0,MFC: 26-11/2020 15:1426 | EXP: 25-0/202 FPEARRT | btlan tait | asusinarieu | Tipci
001871,15,2022-11-10,0,1,1,"PRAGRB226/H1 | THAILANDE | TOF THAILAND | SUC | marketing@real-tha.z | ments & suggestions are since | www.real- | se yisit | EEE110 (D) | redpes | PRD:2211/10 | Bang Kho Laem, Bangkok 10 | rokket, Ran | us internation. | fd | 14 | ED FOR/ EMBALLE POUR | ander | ""9명1537 | 8 | 양5생135까"
001875,15,2022-10-21,0,0,0,22.10.21 | 570 211201 | wr de p | 영양정보 | PP | 000 | 비널류 | 임재료명 | 사 | 제품명
001880,15,2024-09-01,0,0,0,80497 | 영일정보 | 시물위상립에 의린
001881,15,2021-06-20,1,0,0,ACAIN | 09:4e:00 | 267 1W32K A5 | 2021 JUN 20 | BEST IF USED
001883,15,2021-09-09,0,0,0,"2003JL 0913:11 | L.20-363 6 | 09/09/2021 | 1원이양설개인의질요대향에 파라다를수 있습니다. | 80ge | 1일 영양성분기준치에대한 비율(%)은2,000kcal | 플레스테Omg (0%) 단백질5g (9%) | 지방13g (24%) | 트랜스지방0g 포화지방3g (20%) | ;toffer. | 식이성유1g (4%) 당류21g (21%) | onium | 4130mg (7%) 수화56g (17%) | debæer | 영상 정보 총내8량 80g 80g 당 359KCa | 3,5% | 이지방 신은 국번업"
001889,15,2021-08-31,1,0,0,"USO311 | 01255157C202:05:6 | Bananas | BEST BY 31AUG21 |   | igiicant source of sat fat, trns fat, cholest, fiber, vit D,calcium, and iron. | Sugas)e(Notsiian source ein)Ps(15%D)Vt C(35%DV). | at Og(0% DV),Sodium 5mg, Total Carb 10g(1% DV), Total Sugars 10g (Includes 0g | ion Facts Servings:2,Ser si"
001894,15,2021-03-19,0,0,0,이미지사진 | 90g 2개입/우유 309%% | 2021.03.19 | MILK PUDDING | 밀크푸딩 | ls vita Dilia | 로 | Mamolo | PEACOCK
001897,15,2021-05-29,0,0,0,Tropical | 트로피칼 | FRUIT BOTTLE | Dke | E.P MAY 29 2021
001901,15,2021-10-28,0,0,0,04657 | : | 2 | 4.2021 | 5 | ※ | *
001903,15,2027-08-21,1,1,0,"2.7g of mega6and 0.2gof Omega 3per serving | **Vitamin A, D, B6, B12, E and Foli Acid | Sunflower Oil & Canola Oil | Made with | WITH 6 VITAMINS** | ORIGINAL | Flora | SPREAD | PLANT-BASED | BBD.27/08/21 | PRD.27/08/20 | 0012B"
001914,15,2021-09-14,1,0,0,우유 | 까지 | 초유웨하스 | 2021.09.14 | 남남 | 유통기한 | 우디스 | ILDONG | 아이밀 | R기농 발막방
001931,15,2022-01-01,1,0,0,8 | 809236 | 006600 | 유통기한 | 2022.01.01 | C191194 | 인증번호 | CER-OPT100509
001933,15,2022-01-22,0,0,0,2022.01.22
001934,15,2022-03-29,1,0,0,데수요니 | 8 809256 679051 | 3g 5% | %단책질 | 12g 80% | 포화지 | :9% | 비닐류 | 59g | 8 | 0g | 방 | 트랜스 | 19g 35% | 6%지방 | LE 120m | 영양정보 | 2022.03.29 | 848 | ·두망혼업가능 | -gol wumsimall.o.r | 제품은 이본드를사용한 제시설에서 같이 제조하고 있습니다. | 은 소비자 분해결기준의거 교환 또는 보상받을 수 있습니다 | 광식신고는국번없0 1399 | 장소구입처또는 | 입원(02-723-8175) | :사선을피하고 | 
001943,15,2023-09-29,1,0,0,BEST EFORE-2023-09-29 09:50 | BLACK PITED 240/260 L-BGCJ/2816 L-6
001970,15,2021-06-18,1,0,0,Chocobelle | 18.06.2021 | A consommer de préférence avant le: | Best before: | Mindestens haltbar bis:
001984,15,2022-01-19,1,0,0,"까지 | 2022.01.194 | 니다. | 유통기한 | 을(%)은 2,000 kcal 기준이므로 개인의 | 0% | 단백질4g7% | 5054501 | 801204 | 포화지방0g 0% | 지방0g0% | 탄수화물57g 18% | 245 kcal | 총 내용량70g | :-0120 | 회 | 곱시 손비자 분정 해결기준 | 보관해 | 가위에 | 줍식고 개봉 후 빨리 | 폴리에틸렌 | 청우식품/ | 동명기도 포천 | 영중면 먼재길 129 | 아주 | 디지털타워 | 복숭아,우유,돼지고기 함유 | 피),복숭아농축액 | 판매원 | 구입처 "
001987,15,2021-12-28,0,0,0,"(우유)3.31%함유 | 가당연유 | 가공접징 | 분 | 90g | (우유,대두)4.64% | 05 kcal | W | 1,000 | 4 | 202 | 정직한마음 | 소 | 무색 | CARAMEL | 칼라멜 | 동아의 | BIORYUGA | 고"
001996,15,2021-12-18,0,0,0,"로센조니크로커밀크 | MILK | KROCKER | JOHNNYL | ROSHEN | W2,000 | 18.12.2021"
002027,15,2020-11-26,1,0,0,"2020.11.26까지13:00 | 5.취향에 따라간장이나소금을 첨가하거나 간단한 반찬과 함께 즐겨도 좋습니다 | 즐길 수 있습니다 | 4.느끼함없이귀리의 담백하고고소한 맛그대로를오롯이 클길 수 있도록 설계되어 부담 없이 | 3.귀리식이섬유가 주는 포만감으로든든한한끼식사를약속합니다 | 오리지널 30g 당878 mg함유되어 있습니다 | 2.엄선한원물에 귀리에서추출한 식이섬유(Fber)를추가로넣어, 배타글루칸이화이버 오트밀 | 부드럽게만들어져,온 가족 아침식사로좋습니다 | 1.포스트만의노하우로탄생한포스트화이버오트말은귀리의영양은담으면서,"
002029,15,2020-11-22,1,0,0,"08:58 | 까지 | 2020.11.22 | PIDAESANG  | OTHER | 음2박생당실 080-019-9119(신지부담) | ccm | · | 2도5-00·품및교장소본사및 |  시 통문구 천호대로2 | 공정인시구기이 | 시육스스알파전북옥수수외국션,정제소금국산] | 일지 내용3009 | 0-식유형 아요니즈 | 제품명교소한마요니즈 |   | CAP | CLEAN | 메으버즈 습관처럼 고르지는 합니요?"
002032,15,2022-03-22,1,0,0,2022.03.22 | 유통기한 | 길28·고객상담실:080-254-6580 | 및제조원·업소명및소재지:대상프비(주충남논산시성동연업 | 뚜경을처음열때소리상제니다 보지품은 청 | 로사용하지 시 부정신고이 | 1780 | ·제품명:복음자리 딸기정·식품유형:
002035,15,2017-12-20,0,0,0,utella | 하를시작하는 | L352MW-12:14 | 17.12.20
002038,15,2020-11-26,1,0,0,까지 | 2020.11.26C | 유통기한 | ① 0 0 0 0 0 0 ① | 깊은 함이 뛰어난 다크 아메리카노 | 최상급 아라비카원두불렌딩 | O-grader가 선택한 명품 아메리카노 | 프리미엄 다크로스팅 | Drip in Stick | Reserve | LOOKAS 9
002047,15,2021-07-31,1,0,0,"1S0306 | 00935157C107:14:8 | Pears | BEST BY 31JUL21 | soaiete des Produits Nestle S.A.Vevey,Switzeriand or used with permission. © 2019 Nestle. | uirce of sat fat, trans fat, cholest, vit D, calcium, and iron. | ratein Og (Not a significant source of protein), Potas (8% DV), Vit C (35% DV). | (C GV"
002060,15,NONE-04-17,0,0,0,5:5S | 041 | 8 | OTHER | 10 | omg 4% | 탄수화52% | 므로
002061,15,NONE-04-17,0,0,0,POA | 1 | O | OTHER | 8
002066,15,2020-04-30,1,0,0,"축산물의유항식용란 | 냉장제품 | 제24-5-1625 | 농림촉산식품부 | (NONANTIBIOTIC) | 선란 | 무항생제 | 축산물품질평가원 | 급 | 소란 | 등급 | 왕란 | 중량규격 | 품질등급 | 까지 | 유통기한 2020.04.30 | 50001 | 2020.04.06 | 산관일자 | 06 | 신선함의 기준,신란일자를 확인하세요 | 구논"
002072,15,2024-12-21,1,0,0,1014073131166 | 311 | 4:12:21 | BESTBEREDM | ·원산지:중국 | 부담080-567-9898 | ·소비자상담실 | 일판매업소및구입처 | 품및교환차 | 폴리에틸렌 | 밀함유 | 식용 | 원재료명 | 호 | (China)Limited | Mars Wige oniecinsey | 제조업소 | 중입판매업소 | 스키틀즈 사워 | $ | 제품명
002073,15,2024-12-21,1,0,0,0.3 | 311 | 24:12/21 | 0년까지) | OTHER | 원산지:중 | 번 없이1799 | 080-567-9898 | 가났은 곳에보하시고개가능 | 일함유 | 원재료명 | Mars | 제조업소 | 국이즈(유)서울 | 입판매업스 | 스기즈사워 | 제품명
002083,15,2020-11-06,1,1,0,T평130332158 | OTHER | HER | L 00730303G8 | Best before:06/11/2020 | Prod date:13/03/2020 | 09:13 | 자 | 를 | tarolando. Minsegt megori | consumarsi preferibilmente | minste hodbaar tot: / | enemente ns e: |     |   e | BESTBEFERE /ACONSommer d
002097,15,2022-06-16,1,0,0,"wwwteafood2018.com | 2022:06,16 | 도 유재 위한 산스수는 드시지 마세요 |  국번이 109 | 보관방법 |   에서고있니 | 기한 | 201803500-3 | 031-54-0300 | EDLC | 원 |   고시의거 교는 | 조 | 사 | 창재 | OHaALRA/L | 제고 요리에 한다. | 10-20 인C | 물이 끝으면 다시을고 | 원재 | 2 | 을인다 | 80OmL-IL정의 | 수신 | 수01 | 제품상세내용 | 깊고,깔끔한 국를맛을돌화 시았습니다. | 재마다 최객의 스도와 시간을적 | 육수이야기 "
002114,15,2020-12-01,1,0,0,"16:06까지L05 | 2020.12.01 | 대상주식회 | 분라수를생활화합시다.소중한자원개끗한환경 | WDAES | 품질에는 영향이 없습니다. | ccm |  수있습니다 또한 유치 부서 | 잘작갈 상용본관시,빛에 의해 부분적으로 | 정통 프랑스식 갈색육수입니다. | 우 어더 부드럽고소한 | 야채,마늘 양파, 허브 등을넣고 | 오분에구운소고기뼈에봄은 | Fond De Veau | 풍드보 육수"
002119,15,2021-01-03,1,0,0,2021.01.03 | F2B | A | OTHER | P | LACC | ccm | 488309 | 8 | a ungrec.cin | 1eiwwiwidamang.oon | 8 | DAESANG CB루시 | - | 명 | ·부정·신고는 국민이 | D-  | ·반용일교장소:판매원일구업처 | 2 | (수신자요금부담) | 원 | ·고객상당실:080-09-919 | 7B570-국 | 의기 교환또는보상법을수있습니 | ·본 제품은 공정거래위원 고시 소비자 문경해를 기준에 | -200806.20018058 | ·실은보령(직시광신을 피비고 세한 
002137,15,2021-10-11,1,0,0,"까지 | 2021.10.11 | 유용기한 | 8""809547191143 | AA | @ | 023397-613 | 고2지원 | 바르고 정감하 니다 | 바르고 정갈하게 만듭니다 | 199704903240 | Oiban Fos | 명인의Me | Anchosy | 붉음고 | 1올반1 | 180960gx3 | 하관 냉장관 | 고소하게 가은 | Olhaur | 멀치볶을고추장소스 | 영결에 가가는 신세계푸드의 | 엄격한 기준과"
002156,15,2021-12-25,1,0,0,"8 | XF | Lot."" | DE.25.2021 | BEST BEFORE: | 145g NET (5.1oz) | @.m.a | Distiue b CA Markei Ptyd | Produc o Thailand. | Kep ina col | womear & light."
002159,15,NONE-04-13,0,0,0,남양유업 | milkioo | 불가리스 | 04.13 D0932 | 22 | 97 | 02 | E84 | 모정 | 용기면시지 | 유동기현 | 제품명
002163,15,2023-06-18,0,0,0,minced pimiento | ves | SP | h | Queen | LAND | L.0170B06823 | sufed wit mnedieno | Olives | Spanish | Queen | e m the | KIRKLIND | ity | arnd
002168,15,2021-05-28,0,0,0,광동 | 2021.05.28 | 09:53R2
002170,15,2020-01-15,1,0,0,2020.0115까지 | 10
002171,15,2020-06-24,1,0,0,"O00 | 표하지바 | 0d | 20~ | 0% | 12% | 트랜스지방 | 40g | 0g | 1% | 지방 | 13mg | 0g 0% | 기준치에대한 비율 | 기준치에대한비율 | 총내용량당 | 1일영양성분 | 1일영양성분 | 67533 | 20.06.24 3 | ·반품 및교환:본사 혹은 구입처 | 149020 | 고시에의거교환는보상받을수있습니다 | 되지기,우유 복승아함유 | TOT시O | 본제품은소비자분해결기준(공정거래위원회 | ·부정·불량식품 신고는국번없이 1399 | ·폐기술분리수거를생활화합시다 | D-소에 승아1. ( | "
002180,15,2022-01-19,1,0,0,(080-900-6133) | m | 영양정보 | 기름 | 있로 가을정온도(160 t-180 ) | 827 | 붙을 | 주의사항·기름을 과열하면(240' 이상)기름이 튀거나 연기가나고 불이 | 2022.01.19 | 상온202)에서일정시간이상보관시말은색상으로돌아오며품질에는전이상이업습파 | 겨울또는낮은온도에서보관시동상으로기름이부거나입자청해로되는경우도아 | 보관방법 | (주)사조대림/인천광역시서구 봉수대로126 | 유통기한상단또는중앙별도포시일까게 | 900ml (25C) | 내용량 | 1995020805633 | 품목보고번호 | 용가-
002184,15,2020-09-25,1,0,0,"Wwm,oiog.co.kr | 총북 음성군 대소면 다대품산단로 28 | 주식회사 | HACCP | 오뚜기 | (Q4J | 리인중 | 까지 | 1.541 | 2020.09.25 | 고객상담실: 080-024-231(수신자요2 | ·포장재질-마개:폴리에렌·목보고호: 200150557 | 후에는 뚜껑을 꼭 닫아 냉장고에 보관하십시오 | ·직사광선이 닿지않는 서늘한 곳에 보관하시고개통 | · 다이이의 시 주기 | 부정·량식품신고는국번업이 399 | 유동기한:하단표시일까지 | 륙표고버섯에기스 | 유:소"
002185,15,2020-09-25,1,0,0,HACCP | 오뚜기 | 주식에사 | 까지 | 15841 | 2524109.25 | 에 보하십 | o 1 | 기을단서까지 | 국딩 정지소금국산 자고농숙해
002186,15,2020-06-10,1,0,0,8801759007430 | OTHER | 비닐류 | · | 얼음육수 | · | 1577-7966 | 고객상담실 | www.chilkabmall.co.kr | 칠갑 공식쇼핑몰: | www.chilkab.co.kr | 제조원 | 인터넷 홈페이지: | 탱글맹글한 칠갑농산 냉면사리와함께 | 충남 청양군 청양읍 충절로 872-6 | 칠갑농산(주): | 더맛있게먹는 냉면 | 19030472005291 | 품목보고번호 | 폴리에틸렌(내면) | 포장재질 | 후면표기일까지 | 유통기한 | 반품및교환장소 | 제조원 및구입처 | 한국인의입맛을사로잡은
002191,15,2020-10-20,0,0,0,"Tangerine | Tasting Note | 14:43 | 2020,10.20"
002194,15,2020-06-10,1,0,0,2020.0.10 3:0A1 | 유통기한 | 세요 | g(50.kca
002198,15,2021-01-13,1,0,0,2021.01.13까지 | 초코영공콩 | 유통기한 | 귀여운 공룡양의 초비스킷! | Cw
002216,15,2023-06-NONE,1,0,0,typhoo.co.uk | facilities exist | Packed in the UK | recyclable where | Tube | Packaging is | VfO | You | Stay in the loop: | L0152 15:27 | Film - not yet recycled | Carton - widely recycled | JUN 2023 | in an airtight container. | and once opened store | Store in a cool dry place | BEST BEFORE END
002234,15,2023-01-21,0,0,0,21 | 01 | ·2023
002255,15,2021-10-26,1,0,0,OTHER | 8180599009 | 까지 | 이로인 | 2021.10.28 | 부터 | 2DED.10.27 | 유사용 | 165kcal | 기가는서 | 까지 | 영양정보 | 202109-34 | ER유 | -0-0450 | 36 | 성명 산업단지로 3일28 | 불은로224년28 | D | 하고  | F |   오에어요~
002263,15,2021-12-01,1,0,0,"2021.12.01 | 8809164 227146 | 시신국이 13거 | 반품및교환 | 수입원 및구입처 | 보관방법 | 직사광신을 피하고 건냉한 곳에보관 | 원산지 | 스페인 | 얼링에따라다를수 있습니다. | 포장재질 폴리에틸렌 | 제조사 | 은 2000od기준이므로개인의필요 | VDAL GOLOSNAS,SA | 1일영양성분기준치에 대한비울(%) | 단백질 3g |  책료식색소항제회 지기유 | 5% | 콜레스테를Omg | 원료명 | 0% | 알기행코크넷유유유키니우비와스 | 포화지방 0g | 0% | 이진분,구연산DL-사과산옥수수진분"
002265,15,NONE-03-05,0,0,0,더진한 | 99.997% | 이서울우유 | 서울우유원유 | 03.05 10:14M C2
002269,15,2021-03-16,0,0,0,
002270,15,2021-03-16,0,0,0,P21015110 | 16/03/21
002274,15,2021-08-09,0,0,0,"NErWI. 130g6okcal/1stick 13g, lotal60okcal/10sticks] | 조리예 | 10sticks | Hazelnut | Cappuccino | 2021.08.09 19:55 인천A/0 | CAFE | Maxim"
002278,15,2023-07-NONE,1,0,0,0189 | BEST | BY JUL | SHBHY
002285,15,2022-01-06,1,0,0,"지고려은 | OTHEN | 플레스테를Oomg 0% | 28g 28%지0 0 | g0% | T/0 kcal | 3량500 | B을A0g 12% | 총내 | 까지 | 22.01,06 | 영행정보 | 터 | 530272 | 21.01.07A | 되지고기함유 | 산에스터트 | 과채가 | 요0T7 | 기타식 | BC,아미드 | WLE | 원재료명 | 1O44 %,레몬 | 구미"
002300,15,2022-01-31,1,0,0,2 | 2022.01.31까지 | 냉동연용-78.3% | 24g(85 kcal | 10
002305,15,2022-07-31,0,0,0,"w1,500 | Milk Choco | 밀크초코 | 행복한쇼콜라띠에 | Happy | 2022.07.31 | Gracre"
002306,15,2021-11-23,0,0,0,21.11.23
002307,15,2021-11-15,1,0,0,15.11.2021.까지 | - | 8 | ㅅSE)
002322,15,NONE-04-15,1,0,0,340g(260kcal) | 냉장제품 | 농후발효유/85g×4개입 | 무첨가 | 플레인 요거트 | 설탕 | 04.15까지 | P-R-O BIOTLC | 바이오 | Maeil | 독점공급 | LGG. | NO. | 국내유일 | LGG유산2 | 가장많이 연구된' | 세계1
002325,15,2020-09-06,1,0,0,까지 | 22:47 | 2020.09.06 | 유통기한 | 6
002326,15,2022-10-23,1,0,0,2022.10.23.04:10 까지 | 201024/N12 FS2 A
002331,15,2021-12-16,0,0,0,A
002337,15,2023-01-05,0,0,0,리치헤이즐넛향 | enlsCAe | 행복을 주는 커피 | 2023.01.05 | ilty' | CUT OR TEAR HERE
002342,15,2021-12-15,1,1,0,유통기한 | 2021.12.15 | 까지 | 맛있는 | olu | 제조일 | 2020.12.16B
002360,15,2021-06-10,1,0,0,"E12 | OTHE | 2021.06.10까지 | 비닐류 | w.murgerbon.comiwww.facebook_com/murgerbon | 오장어,조개류(굴,전복,홍합포함)를 사용 한 제품과 같은 제조시설에서 | ·이제품은 땅콩,고등어,게,토마토,새우,우유,계란,메밀,복숭아,이산화 | 교제불한 곳에 보관하시고 개봉 후 즉시 드십시오.·개봉,보관 및 메기시 절단 부분 | 해의거 교환 또는 보상받을 수 있습니다.-부정·불량식품 신고는 국번없이 | 산도 유지를 위해 본 제품은 질소가충전되어 있습니다.·큰 제품은 공정거래 | 생비자상담실"
002363,15,2021-08-04,1,0,0,"이I스 | 후민보희이 | 관방법:개봉 | 재료 및함량 | 제품 뒷면표기일까지(년월.일순) | 유통기한 | (더채움/경기도양시일산동구장진천길46번길8919 | 내용 | 조원및 소재지 | 매원및소재지 | 원더풀 피스타치오 (가염) | 식품의유형 | 제품명 | 85 | WonderfulPistachios.co.kr | 2,000kcal 13 | 까먹는 재미에 빠져보세요 | 1일 영양소기준 | 철분 | 피스타치오와 건강한 간식 | 칼슬 | 칼름 | 2021.08.04까지 | 단백질 | 클레스테를 | 엄선한 피스타치오를 담았습니다. | 포화"
002364,15,2021-08-04,1,0,0,료및 항량 | 동기한 | 일및소재지 | 원및소재지 | 원더플 피스타치오(가엄) | 제품명 | WonderfulPistachios.세. | 까먹는재미에 빠져보세요 | 간식 | 건강한 | 피스타치오와 | 2021.08.04까지 | 엄선한 피스타치오 집접재배한 | 지방 | 갤리아장에서 진점 재배하고 | 2 | 1000 1 | LB | PISTACHIOS | Wonderful | 승겨진늘라운보 | 껍질속에
002367,15,2020-10-01,0,0,0,11091037 | 01-10-2020
002369,15,2022-01-16,1,0,0,2022.01.16 | 유동기한 |   | HACCE | 하십시오·구입은 정 | ·보관상 주의사 보상 주의 기 및 직생선을고 건조한실은에 보 | (이 전화는 수신자 요금 부담입니다)질소충전복 | 주남 천인시서구 성을연임을로42고객만족센터080-26-138 | 내포정재질 - 리에 유통기별도 시일까지 제조원 및 판매원한국맥널 | 9(8g X개입 포정여지 -리 리에일이트 | 200808-6원재료명 및함량 미원두100%통비아산 100) | 제품명 클름비아슈프리모 드림 원두커미 식품의 유형 커미 품목보고번호 | 2~3회 처 나누어 부어 세요
002370,15,2022-05-12,1,0,0,유통기 | 대두밀함유 | 원명정수발 | 19550509001497 | 내용량 | 품목보고번호 | 만능장아끼간장소 | 식품이 | 21022 | .05. 12  | 나능 | 원의
002392,15,2021-07-21,1,0,0,"1088-05/2004 | 61 | M5 1500:2009 | 2021.07.21 | BAIK SEBELUM: | BEST BEFORE: | FAX: 604-4412235 | TEL:604-44122. | 08000 SUINSNIPETANI, KEDAH, MALAYSIA | ice. | NU. 3, LORONG AYAM DIDIK, TAMAN RIA JAIA, | COCON FOOD INDUSTRIES SDN. BHD. | y euc2,ouceloriesa | MANUFACTURED BY: | MADE IN MALAYSIA/ BUA"
002405,15,2021-11-01,1,0,0,8 | 까지 | 2021.11.01 | 유통기한 | 00 | 토마토를사용한품과갈은계 | 제품의다저짐험상으로 부가를수 | 발생을 | 이하 | 국산마늘가로 | 70g품보보 | 내용량
002416,15,2021-12-25,0,0,0,8 | BEENYCOM | Beeny. | eeny | 43kcal | 영양정부 | 2021.12.25 | 기준에의거 교한또는 보상받을수있습니 | 반품 및 교환 수입원 및 구입처 | 오코퍼트 | 전다류
002422,15,2023-02-07,1,0,0,리드지:OTHER | 809258657316 | 뚜껑:PP | 2023.02.07 | oodallmarket.co.kr | MARKET | 유통기한:하단표기일까지 | FOOD | 부정·불량식품 신고는 국번없이 1399 | 교환 또는 보상을받을 수 있습니다 | 품은 공정거래위원회 고시 소비자 분쟁해결기준에 | 포장재질:용기PET·뚜껑PP·리드지OTHER | 주소:경기도 남양주시 화도읍 재재기로 26-31 | 전화:1588-2216 | 판매원:(주)푸드올마켓 | 주소:경기도 광주시 초월읍 선동길12-4 | 전화:031-796-6435 
002430,15,2021-06-11,1,0,0,LIFT TAB TO | BEST If Used By | KN E 10T | SPE | 202106 11
002434,15,2023-01-07,1,0,0,법 | 인 | 보성제다 | 영농조합 | 유통기한: | 2023.01.07 | 까지 | 유통기한 | 별도표시 | 반품 및교환장소 | 구입처및제조원 | 영농조합법인보성제다 | 제조원 | 기준에의거 교환 또는 보상을받을 수 있습니다. | 주의사항 | ·본 제품은 공정거래위원회고시 소비자분쟁해결 | ·부정·불량식품 신고는 국번없이 1399 | 내포장재질 | 여과지(천연펄프) | 품목보고번호 | 19960519025-34 | 내용량 | 11g(1.1g× 10개H) | 원재료명및함량 | 유기농차나무(잎) 100%(전남 보성군) | 식품의 유형
002446,15,2021-01-16,1,0,0,넷바 | 유통기한 | BY | KRA2 | R.01.16 21:56
002450,15,2021-06-09,0,0,0,(실교제8) | 키위드클상
002452,15,2021-12-22,1,0,0,"801133006264 | 정  | 8기OTHER | 유통기한 별도표가일 | 질 폴리프로필레(뚜껑],폴리에틸렌터레프틸레이티방 | 포장재질 | 서계식품주식회사/부산광역시영도구해 | 소분원 | 주민민푸드/경상남도 양산시 물금을 | C1 | 수입원 | OOLMIRAONGOO | QINGDA BAQUAN PEANUTSPR | 제조원F1 | 내용량1.5.kg | 꿀땅콩식품유형명도 파류가공동 | 제품명"
002456,15,2024-09-15,1,0,0,"de:76646 | PrAC, 6353 Weggis-Sc | silerh | 758 | e2.6403 | Net weight: | 000771073111 | 15091204 | mehrabfuhrend wirken. | efeitos axativos, | L 308698 | tilssatiif | 15.09.2024 | 2 | Iir des efets axatis. | axative effectts/ | lenthol Ssuerungsmite | Mindestens haltbar bis: | 1009 | ce avantle/Daco"
002461,15,2021-10-31,1,0,0,"Tin made in China | kencana, Chers 5610o Kuala Lan e Malay sa |   | contains soybeans and milk. |    | Wht chocolte ithstraberieCream and a smooth meltig iling | 80.5mg | Sodium | -Sugars | 41894475100176 | 448 | Carbohydrates | 2021.10.31 | 0.118 | -Trans fat | Saturated fat | 88 | Total fat | (y/m"
002462,15,2020-12-21,1,0,0,8801047288114 | 리벨:PP | 뚜껑:ADPE | 기간응기상단시로부터12개일까지 | 무기물질행량(mo) | 불소F | 22  | 20201E
002465,15,2022-01-20,0,0,0,"순한5 | 어린이 | 규동 | 한우사골육수 | 토마토소고기 | 세계도 | 리조또소스' | 아이배냇꼬마 | 토마토 | 순한 | 키요 | ivenet | 후디스 | 052319495/8809360920209 (AX8) | 2201/20 | 9,900 | 2021/03/01-2021/03/17 | 1+1 | 행사기간 | 단위가격:1,650원/10g | 아이배넷 생유산균 60G | 아이애냇 | 아이애냇 | 생유산균 | 2022.01.20 | givenet | ren's first sale | M | 음소금 | 리애들 | 프로바이오틱스 | "
002476,15,2021-03-13,0,0,0,1002/ | Hoveplus | 신선의 자신감 | 49900 | 2021.03.13 | 100 | 원산지:참조기(국산3천일염(국신) | 영광참굴비4(18마리) | 4012100022 | 번호 | 이력 | 이력추적 | STS
002482,15,2021-03-28,0,0,0,800 | 2021 D. 28AA
002486,15,2022-08-03,0,0,0,2022.08.03.GBH | 행습튼 견과류가공품 | 캐슈넛트 103% | 350 g | 구운캐슈넛트 | ANNIVERSARY | 24 | 홈플러스창럼
002487,15,2021-02-06,0,1,1,CU2071 | 81 | 건강하게 담았습니다 | 자연그대로 | PIENT | 잣 | 2021.02.06 | 포장일자:
002488,15,2021-02-06,0,1,1,자연 그EE | AnEUT | 잣 | 수산 | 2021.02.06 | 포장일자:
002493,15,2022-02-10,0,0,0,GUMMY CANDY | 109 | 10.02.2022 | 223/ | /10.08.2020 | Bears | BEBETO | 식
002507,15,2021-08-08,1,0,0,건조시면 | 말랭이 | 고구마 | Potato | Sweet | FOOD | DRIED | HACP | 유통기한 | 2021.08.08 까지
002508,15,2021-11-09,0,0,0,-DOUBLE CHOCO | 2021.11.09 16:28 | NUT BAR
002511,15,2022-03-09,0,0,0,2409 | 222.03.09 DUA21 | 카카오닙스 | 문단하곳이가득한 | 담백하고고속학 | Rodsted Caca Nibs
002519,15,2023-01-25,0,0,0,"2023.01.25 | RP | 81808018W520723 | 는이|139 | 는받을수있습니다 | 기에의거교 | ·은 공정거래위원회고 | OTHER | 구입처및제조원 | 별도표기일 | 5 | 2000250 | 레몬밤100%(독일산) | )807-300 | 27031) | BB105,B107 | 식유침출차 | 명 레몬방티"
002521,15,2023-10-02,0,0,0,NET WT 20g/20 TEA BAGS | 페퍼민트티 | TEA | PEPPERI | HenbalId | 02/10/2023 | Brand | 자는
002523,15,2022-09-14,1,0,0,갈라만시 | MANSI | CALA | CALAMANSI ESTLACE 00 | 브랜드가 아니다. 소비자다 | Nokanu | N747 | 2022.09.14
002536,15,2021-09-22,1,0,0,13:22 | 2209 | L- | /2021 | /09 | 22 | 0 | EXP | LOTE: | A | tot | Y | e houdbaart | len | m | e | preferibil | il | before | /Best | le | avant | ha | 8 | S | con | / | nent | Consumir | / | antes del | preferentemente | Constmir
002539,15,2021-08-05,1,0,0,Batch: 2783 20 | 2021/08/ 05 | Best before: | 0500 | AR | Consen are in liogo fresco o asclutto | Ca covumars preteribimente ntro/Lott. | I | 4 | oon und kini labem. |   | DE MindesiensIalbarbiLo-Nr | Bewaren toe koele og *ne | Houdbaat totl ot | ML | Aonarenarenioerence anteoco | P Conpt deLote: | 
002542,15,2021-10-17,0,0,0,팝핑초코몰 | BALLS | GHOGO | POPPING | 2021/10/17
002550,15,2021-09-30,1,0,0,50 g(195kcal)/천연향료(페퍼민트향) 1.1% | 스트롱민트 | 네덜란드산(OEM) | 미지사진 | Flavor | Peppermint | MINTS | STRONG | D4002 | 30-09-2021 | 브랜드가 아니다.소비지다 | No Brand' | SNACKS
002551,15,2021-09-30,0,0,0,50g(195kcal항료(피항)11% | 스트롱민트 | 네덜란드산(OEM) | Flavos | Peppermit | MINTS | STRONG | D4RE | 30-09-2021 | No Brand | SNACKS
002556,15,2021-11-17,1,0,0,114kg(80Okcal) | 4 | ME | 20 | IASORTEO | 영양정보 | 소비보전: | EXP 2021.11.17
002557,15,2021-11-17,1,0,0,1TAKG(8OOkcal) | 20 | ASORTED | 영양정보 | EXP 2021.11.17
002559,15,2022-04-01,0,0,0,04 | 2022. | 5 | 보간방법 | 0 | 30 | g(144 kca) | 40
002565,15,2021-09-25,1,0,0,"2021/09/25 | 2,118ka | 4209 | 11035811 | 영양정보 | R | 주의사항 | #기한 | 실에서 간식으로! | 소 | 원재명 | 식사 대용으로! | 자이력째 떠어요!"
002569,15,2022-04-04,0,0,0,N319 | 04104/2022
002574,15,2021-12-16,1,0,0,2 | 100000019051431 | OTHEA | 2021.12.16까지A6 | 부정·물량 식품신고는국번없이 1399 | 보상받을수있습니다. | 실은 포장시설에서생산하였습니다 | 원재료명 | 브라질넛100% | 폴리에틸렌 | 포장재질(내면) | 유통기한 | 후면 하단표기일까지 | 식물소분업소 | (주)길림양행/경기도광주시오포읍 봉골길166 | 수입판매업소 | ECOMMODITIES S.A.C | 제조업소 | 원산지 | 페루산 | 내용량 | 160 g | 땅콩또는 견과류 가공품 | 식품유형 | 제품명 | BRAZILNUT
002575,15,2021-12-16,1,0,0,2 | 1000000905143 | DTHCA | 2021.12.16A6 | 식신고는 국번없이 1399 | 을수니다 | 원재료명 | 브라질넷 100% | 유기 | 후면 하단 표기일까지 | 식소분업소 | 수입남대업소 | 제조업소 | ECOMMODITIES S.A.C | 내용량 | 원산지 페루산 | 160g | 식유형 | 방또는과가공 | 제품명 | BRAZILNUT
002596,15,2022-10-22,1,0,0,"PE | 500ml | 2022/10/22 | Best before: | ∞ | 있습니다 | 1일 영양성분 기중치에 대한 비율(%)은 2.000kcol 기준 | 0% | 단백질0g | 0% | 콜레스테를Omg | 107% | 포화지방 16g | 트랜스지방0g | 169% | 지방 91g | 0% | 당류 0g | 0% | 탄수화물Og | 0% | 나트름 Omg | 100ml당 | 100m5819kcal | 영양정보 | 총내용림500m | 아이w.korak | ·부정,불량식품 신고는국번없이1399 | ㄷ는 보상받을수 있습니다. | ("
002629,15,2023-05-NONE,0,0,0,4 | 8 | 2 | 5 | 0 | 1035 | 2 | 2 | 0 | 119 | H | 05.2023 | D9482 | ㅇ유 | rt | rde
002631,15,2022-01-20,1,0,0,"고여러번 베어드세요 | 09 | 영주십시오 | 러 조각으'로 나눈 후 취식 | 경우,반드시 보혼자가 | |의 | 낫구미 섭취시주의사항: | 단백질 0.79 | 1% | 플레스테를omg | 0 | 포화지방 0.19 | 사분생해결기준에 의거 교환또는 | 트랜스지방 Og | 지방 0.19 | 일고환구입또는 수입번어원 | 당류10.3g | 보관(적정온도:20°C 이하) | 10% | 탄수화물13.5g | 4% | 나트륨15/ng | 9 | 1개당 | 기준치에대한 |  농축물밀납 | 1일영양 | (시용색소청색제1호카민, | 1개(18.8g)"
002644,15,2022-11-NONE,0,0,0,"11.282 1452 | Kuvertire | 0,01g | Salz/Salt | A | 'weight: | ca5s | 6,39 | achten, | Eiweiss/Protein | Holade.de | und im Wassertad | 41.9 g | Germany | davon Zucker /from sugar | Kuvertiresch | 46.89 | H&CO. KG | Khehydrate/Carbohydrates | Endestens | Mich | 32,69 | ak1? | Fett/Fat | Brennwert / En"
002656,15,2021-03-25,0,0,0,21.03.250AGb
002661,15,2022-01-11,1,0,0,"E | e | O | • | Gi | Eistray | nhegan Wo drekdter | Yod trockn | mg odoua | ereslo | 50ne(170) | 9 | eonelo/  t weight | 3 | raineret solsikkeolie medh | Ingredienser: hvedemel a | BRODPINDE (MED OLNENLE | end best before, | sporen van sesamzad betl | gerafineerde zonnebloemole iu | Ingredienten: ta"
002676,15,2021-03-23,0,0,0,이미지사진 | 2021.03.23 | 90gx 2개입|메이플시럽5% | MAPLE PUDDING | 메이플 푸딩 | La vita Diliziesa | 마물로 | Mamolo | PEACOCK
002678,15,2021-08-04,0,0,0,11618 | 2021.08.04까
002681,15,2021-09-10,1,0,0,0051934-720472 | 일서수입구입처 | 조기방법 | 보관방법 | 6g | 1 | 정~동c 영장보관해주십시오 | 포장재질 | 20mg | 저일도플리어릴럼 | LDPE | 2 | 우유 함유 | 원재로명 | 소(넷)안나토색소 | g | 135 | 우유치즈처정제소 | 유통기한 | 8$0g | 2021년 10월 09일지 | 05 | 소지지 | 단수을 0g | 0$ | 중기도 용인 처인구 한로 153 | 영업자의당청상호 | (주호성 T. 03-702-5274 | 4140mg | 제조원 | RUMIANO CHEESE COMPANY | 
002708,15,2020-01-22,1,0,0,21 | (읽는 : 00일/00/00 | BEST BEFORE (DD/MM/YY | 기한 아래 청6자 | Skittles | 향
002713,15,2021-10-22,1,0,0,"12:15 | DATE:22/10/2021 | EXPIRE | 거이플미니쿠ㅋ | 메이플시럽 0.83%,천연향료(메이플향) 0.64%캐나다OEM) | 4여보관11509(720kcal)"
002716,15,2021-12-15,1,0,0,2021/12/15 | OTHER | 40 | Best Before: | MADE IN CHINA | 20008이 | 19367561228471 | 11% | 6 | O% | 0% | 0mg | 09 | 0% | 309 | 41% | 18% | 0%3 | 기치에  | OOLS | 04064-7755) | AMOS | 제조원 | Gummy | CO.LTD | 4D | 공구불리
002719,15,2026-01-09,1,0,0,"·부정·불량식품 신고는 | 제조시설에서 제조하고 | 고기복숭아, 토마토,오징 | 본제품은 난류,우유메 | 의거 교환또는 보상받을 | 주의사항 | ·본제품은 공정거래위원 | 에는 이상이 없습니다. | ·갯벌에서 채염되어 검은 | 있으나품질에는이상이 | ·소금은 흡습성이있기때 | ·직사광선과습기를피하 | 변풍 및고환장소 | 구입처 및 판매원 | 포장재질 | 용기라벨:폴리에틸테레프틸레이 | 원료명 및 항량 | 천일염(국산천일염)100% | 후면 상단표기일까지 | 유통기한 | 소재지 | ·유통전문판매원:데쇼핑주 | 업소명및 | ·제조원(가"
002724,15,2019-12-20,1,0,0,91784 8-2-044-19 1253 | 19/12120 B12 | BEST BEFORE
002728,15,2021-11-04,1,0,0,"GLU | S | aña | m | EN | RSS.L. | 14:31 | LOT 309 | ion/Tilverkadi | 04NOV 2021 | espanha / Hergestet | BEST BEFORE | sia spanya/ | BE CALEN HONING EN OLIFOLIE (1%) | UKE HONUNGSPULVER, MED OLIVOLA (11%) | ME HONGPUVER, MED OLIVENOLIE (11%) | MERNPUVER, MIT OLIVENOL (1%) | MEBLHS COM ME EAZETE (17) "
002730,15,2021-06-25,1,0,0,assorted mini | 25.06.2021 | Beurre | A consommer de préférence avant le: | Petit | Best before: | Mindestens haltbar bis: | Choco | - | -
002735,15,2022-02-04,0,0,0,9 | 2022.02.04NE
002737,15,2021-06-12,1,0,0,0Z | 412289110037401 | 8 | 150g | NEEWEIGHT: | 96210113 | BEST BEFORE:12.D6.2021 | 일 영양성분 기준치에대한 비율(%)은2.000kca 기준이므로 개인의 필요 열량에 따라 다를 수있습니다 | 0.60 | 130 87%50m0 16%140 25% | 량50q/ | 120 80%50ma 17%13a 23% | 0.5g | 량50a /210kcal 360mq 18% 1g0 만 0%100 만 1% 18q 32% | 트랜스지방 포화지방 콜레스터롤단백질 | 지방 | 당류 | 총1
002747,15,2022-01-08,1,0,0,SSAL캐나다 | MISSISSAUGA | ROADNORTH | ONTARIO. | 영국 | INC | 전공정위제조(제자) | BRIDGE ROADR | URLAORTHSIRON | 제THKLINE | 제종장 | 제자위탁제조(제조의회자) | 일련번호 | 제조번호 | BERFA4BREZ | BU2A | 사용기한 | 표준코드 | 2022.01.08 | 8806500029815 | A080892
002752,15,2022-01-NONE,1,0,0,Saran Penyajian | G.1.2074 | EXP:01.2022 | qMalkist | Crackers | Malkist
002754,15,2021-05-29,1,0,0,"8 | 001605 | 011653 | 09:28 | 29/05/2021 | LOTTO 3335 | 80°C/+10°C | 의거교환 또는 보상받을 수있습니다 | 재활용 어려움 | *는 제품은 공정거래위원회 고시 소비자분쟁해결기준에 | *부정·불량식품신고는 국번없이 1399 | PVC | ※개봉후냉장보관하거나,빨리드시기바랍니다 | 내용량:100g(10g x 10개) | 플라스틱 | 유통기한:제품의별도표시일(일/월/년순)까지 | 재질:종이(내면:폴리에틸렌) | 냉장제품 | 방법: 냉장보관(0‘C~10°C) | CE | 및교환:구입처및수"
002755,15,2021-05-16,1,0,0,"favorite db | 81050652 | ymy! | Arl Gsrichuttery,slightywetaor anda | 1548581703681 | JA | lavorror preservatives. | & NURIOU | theit ouryroducts do not contain any artifcial | good- | WHOLESOME | philosby of atural-Goodness. We prid ursevesin | ""SIMPLE, | cdnur | 643373 | BEST BY: 2021.05.16 | 우로서 "
002763,15,2021-11-06,1,0,0,"In apdesblmente ento  | ISIGNY GEZOUTENBOTER | ptoma, al 2, fermt latid | pand a iK maimumn Best belore | MILDGESAUERTE GESALZENEBUTERVOHISIGHY | SSteMere |  psicas | 250g | CGRI BUTTER | 311 | Isiqnu | Vetan(Gaesi | :Nomade Proditen franc. | 06-11-21 | MatGe/Fat/Fet/ | IGNY DEMI-SEL | 80% | DEMI-SE"
002765,15,2021-03-16,1,0,0,Do not ireeze | and consume withpe days | Refrigerate after opening | Stir well before use | BJ09172501:06 | 16.03.2021 | Best before | © | eies | LHN | COLNOOT
002768,15,2021-12-01,1,0,0,910280987537 | TimTam | V0246 B 18-04 | #01/12/2021 | ARNOTTS | ACONSORER AVANT | DD MMY | BEST BEFORE
002771,15,2021-10-10,0,0,0,21 |   | 인 요) | 뚜껑:철 | 12 | 도 있습니다 | 고 있니 |  재료와 바유 | 를사용하여 | c) | 화방지제 | ( | 기지 (:연.일 | 02-567-341) | 내용 | 1909 | 제조사 | CUAS SP | 드라 | 썬 드라이드 토마토 페스토 | DO NOT USE IF | AN IS UP
002773,15,2024-05-NONE,0,0,0,"1601010432010 | L130J | 05,2024 | 849 | DRAINES WRIENT | DRAONECORID | UTESDESCORWICHT | 1209 | POEDSEGOUTTE | NET WEIGID | PESOLEWIDO | NESOGEWICHT | PODSNET"
002780,15,2021-04-06,0,0,0,"150ge | +2^(y+8°C | CONSERVARBN RIO BRE | Opbevare ve +2CC | (codolodico, sdl. | makesnbaderer saal15S) | (E450, -452, idaonte | solesd undido | smelesake(45005 -E52) | 14:39D | makeproleiner yond | proleinos de lece | pasleurseret mak. | 282 | (50%), leche,ogua, | Ingredienes Queso | Ingredienser O"
002785,15,2021-04-18,1,0,0,0.300 kg | EC | 87177310303 | 20445 | NL | 18-04-2021 | BESTBEFORE | CHARGENRDBETW9 | RRE UER | CHESEAO+ | EDAM CHESE Ao+
002786,15,2022-06-22,1,0,0,05:41 | Exp.2206 2022 | RECYCLABLE | CPAP21 | L26M | Prod.23 06 2020 | ESTERNO | CARTA | INCARTO | 2 | RICICLABILE | AeniH. | TOAHocTh Ao: -KapaMAbInbiK MepaiMI. | 5001-500 | Ten minste houdbaar tot:epok | spozyc przed: | Avawon kara ooiunon mpiv ano-Nailepiei | Bec Hetto 500 r - Ta3a canMafbl-500rp
002796,15,2021-03-18,1,0,0,관활야채 | 용등의 | G병그레 | 16:28 | L-11 | 2021.03:18까지 | 89
002798,15,2021-04-28,0,0,0,유기하-2021.04.28909 | SHRED PIZACHEESE | 겠는 | enmac
002799,15,2021-12-27,0,0,0,미니 | 2021.12.27(3) | 2020.12.28/16:35 | 부터 | 다이젠
002801,15,2021-09-29,1,0,0,"320.g(1,4B7 kcal) | 품목보고번호 | 가루(국내산)6.6% | 렌 | 포장재질 | 용기 | 콘스프시즈닝16% | 탄산칼슘,d- | 프토코페롤 | 제소금 | ed wih | 기료 | 원재료명 및 함량 곡류가 | 가공품 | Bol | 유통기한 제능널드기일 | 서울특별시강서구회목로3 | 팔가루 | 유통전문판매원흘플러스 | 국내산 | 바이오별리2 413838 | iepatwre | 제조원 | omeplus | 지디앤와이(주/충청북도 | 식품의유형 과자류용 | 내용량 | 320g(1.451d | 2021.09.29 | 콘스프볼"
002806,15,2023-01-13,0,0,0,141 | 01213 | 청목색은 원료 본연의 성분으로오시고의이며입의 | 응역축신부의 희생은 우영 원료의상위문이어니단면의 | ·연영 테당리의 경은 반경은 연근 고유의 무니입니다. | 본연의로에가까운연근파우영 | 우리고취항에 따라 의 상을하계하서도늘20 | 울처 수시에 기세요 시원하게트우분 이상 | 100% | 울5에연개와우영개를고우려서 | 국내산 | 장연우영차마시는법 | SemploLotus rot & Burdock Tea | 연근우영차 | 우리 땅에서자란 | 수작 | 요생표
002810,15,2023-01-20,0,0,0, 100 g1gx 100 50150%1orean Burdocto | 100EP | 2023.01.20 | 만윤어 맛파 함이 뛰어납니다 | 녹차원우영차는 국내산 무영으로 | 우엉차 | 국내산재료만담은
002818,15,2022-12-01,1,0,0,"2022.12.01 | ad,cnciorde ctricad adcadAum | horedent | 주의하여주십시오 | ·진공충전저품으로뚜껑이잘을 지않으니주급시 | '이 피클 | *반용및교환처:구입처또는수요 | “부정,불량식품신고는 국번없이99 | BERPICKLESS | 보상받을 수있습니다 | s. | ·본저품은 소비자 분정해결 기준에 으어 교환 또는"
002830,15,2022-05-21,1,0,0,SHAKE WELL BEFORE USE | 11:16:4504 | 2022.05.21 | Best Before | HOHOVHO
002844,15,2023-06-NONE,0,0,0,'51일일일 | L164A | 06.2023
002850,15,2021-08-15,1,0,0,까지 | 2021.08.15 | 70431877-760 | L | TEL-02M4- | 영(수) | 조제 | 중량:450g | 199 | 19504523 | 후추 | 오토 | OTTO | 오토미 | R | OTTO BLACK PEPPER
002856,15,2022-09-13,1,0,0,90~100C | Black Te 2- | OTHER | 889691 | 유통기한 2022. 09.13 | ( | 판매원 | 제조원 | 반품있한 | 보관방법 | 포장재질 | 중량 | ) | 20140347201498 | () | 식의유 | 제품영 | AKBAR | GB
002860,15,2022-06-15,1,0,0,350201 18:42 | BEST BEFORE 20206115
002863,15,2021-08-30,1,0,0,8 | :48 | ha | L | Best Before: | 90743- | Made by
002868,15,2021-08-04,1,0,0,"노브랜드의이념과 실권 | !화상주의 | N926 | 숙민(국물형)나트품평균 1680mg | 8 | 나트륨함량비교시 | 0 mg | 2000m | 1700mg | 800 | 1800 | 6 | 주0A | 5 | 70358015-622 | 품목보고 | 1000 | 1600 | 1200 | 1400 | 제조원 | 러스터Ong 0% 단19 % | 355 kcal | 총내용량 1909 | 영양정보 | MALA NOODLE | 라랑 | 마라탕면소스 13.18 %, 고주후레0 | 조리 | 0000 | ↓ | 기 | 2분 | 2021.08.04 "
002880,15,2021-04-13,0,0,0,"정통디저트 | 폭신한 프랑스 | Latte | with | 2021.04.13/8 | 2020.10.14/09:25 | 나쿠아즈 | Marketo | 말90/ | 볶음아몬드분말10 %, | X4개입 | 이미지예"
002886,15,2022-01-04,0,0,0,22-01-4 | BIOPE | E |  Ong 0% | 도공부시 포승음포 | 220900449 | 시올레오리진따프리 | 꼬리금딩
002890,15,2021-11-11,1,0,0,"20e1.11.11 | 유통기한 | www.harim.com | 8801492353870 | (주)하림 | 뚜껑:LDPE | T | ·본제품은 소비자 분정해결기준에의거교한 또는 보상받을수 있습니다. | (하립/전역산시당성연 성로4·사용상주의:보관방합에준하여보관하 | 3로 16일유통전문 관매업 신고번호:전북 약산5호· | 시00-54-20수부 | 식정제스(국팅요즈물성유지 | 알타과당,토토토마토테이스트(외국산) | 국산식초겨자16소금학일 | 원재료명:제겨자36.73미 | ·중랑:280g·식품의 유형:소스( | ·품명:하림뉴머스타드소스 "
002896,15,2021-07-20,0,0,0,2021.07.20
002897,15,2021-07-20,0,0,0,2021-07.20 | N
002902,15,2020-07-22,0,0,0,"8 /809021071 | · | 지 기일(원일순) | 장라인에서 생산되었습니다. | 오  | 1kg | 내용량 | 원산지미국산 | ·본제품은땅,대두. | 제품명아몬드슬라이스 | 포장2020 07 E2 | FOR OUR FAMILY! | EVERY DAY WITH FRESH NUT | ALMOND | SLICED"
002908,15,2021-10-30,1,0,0,O | KERSE. ZUTATINMEO | Exp 30 10 2021 | Prod 31 10 2020 HB | BEST MEFORE: | Rich | PP
002910,15,2021-07-21,0,0,0,21.07.2021
002918,15,2021-04-30,0,0,0,TRUFFLL -A LA TRUFIE-A LA TRUFA - COM TROFAS | PERFETTO | CESD Con MY BSOTO PERPETO | CATt | Mar ansono PEiEno Iepeien | Gallo | nisotla. Nous ul | CERDAUE MY RISOTO PERFETO. ChC | artist of risoton Our eshr | UK WIn MY RSOTTOP | 2AE | 모지방1 | 175gE | 트래스지방 | x1방1.8g | 8#2.1g | 단수7 | L/88 | 0.0() | 0
002919,15,2021-09-11,0,0,0,11.09.2021 | e4002 | EU-Landwirtschaft | Bioland | DE-OKO-001 | BALDIE | spelt
002923,15,2021-06-13,0,0,0, 9% | 185Kkcal | %함유 | 하루권장 | y1%함유 | 마일드리키 | 마시는스 | Labnosh | 36%함유 | 만듭니다 | 를위한 | 고칼률 | 0:5 6 | 2021.06.13 | 한
002936,15,2021-11-11,0,0,0,"드림카카오BN | 21.11.11 | 블루베리(1098 | 82% | CACAO | DREAM | 카카오함량 | 바라? | *3,000 | w2000"
002949,15,2021-08-12,0,0,0,L26BXB-U 11 | 12.08.2021
002956,15,2021-01-02,0,1,1,"VE1 | 2021.01.02 B02:23 김민찬 | ·제조연월일: | 81801007111022381 | cj.co.k | LDPE | 리메수있습니다 | 비닐류 | %,.00kcal | 0% | 0% | 0% | (설당은장기보관이가능한식품이므로제조일자만표니다.) | 구명이 려 있습니다 | 0% | 력중시싶을 있포장에는 등시지는 취   | 100% | 31% | 취급 부주의록 | 0% | 기준치에 | 사탐수수에서 | kcal | 내용량3 | 00 g | 입되지 | 변 | 소금 | ·사용중외관이 | 주의사항"
002957,15,2021-01-02,0,1,1,VE1 | 2021.01.02 B 02:23 김민찬 | ·제조연월일: | @c.c.k | 81801007102238 | LDPE | 있니다 | .0o0 kcal | 0% | 0% | 0% | (실당은 장기보관이가능한 식이므로 제조일자니다. | 0% | 력명이 싶려 있습니다 | 100% | 31% | 0% | kcal | 009 | 4당
002959,15,2022-07-27,0,0,0,2022.07.278 | 5 | A | 3 | 450 g | 후추100% | BLACK PEPPER POWDER | 순후추 | 순도100%
002962,15,NONE,1,1,0,"OTHER | 8809022207044 | ·부정·불량식품신고는국번없이 1399 | 개봉후에는밀폐하여 냉장보관하여 주십시오 | ·직사광선을 피하고건조한 실온에 보관하여 주십시오 | 보상받을 수 있습니다 | ·본제품은 공정거래위원회고시소비자 분쟁해결기준에의거 교환 또는 | 한포장라인에서생산되었습니다 | 쇠고기,오징어, 우유, 조개류(굴, 전복, 홍합포함를 사용한 제품과 동일 | 본제품은 땅콩,대두밀,게 계란,새우,돼지고기 토마토,호두,닭고기 | ·반품및교환:구입처 및 판매원 | ·소비자상담실:080-700-8383(수신자부담) | 포"
002973,15,2022-03-20,0,0,0,유기 22 032 0 | PP | 2
002978,15,2020-07-20,1,0,0,20.07.20까지M8C F1 | JAN | o 무 위아n | 도오 | 무우r오
002994,15,2022-07-13,0,0,0,"818010521880747 | 2:OTHER | L:LDPE,외BPP | ccm | 2022.07.13 A | TDAESANG | 번용는이분라수거하여용다 소한자 경 | 1일 영문 은 200E 9 | E스지방0g 포방0g0%스테0mg0% 단0g0% | 45mg0% 수3g1%당0g0% 지방000% | 영양정보 | 080-019-9119(수신자부담) | 8고객상담실 | 수있습니다.·업소명및소재 대상주)오산공장경기도오산시가장로 | 없 139 품은 소분기준에또는보상을 | 번품및환장소:본사및구입처 부정불시품신고는국번 | 제품변질이 아니으로 "
002998,15,2021-10-07,0,0,0,"2021.10.07 11:15 | VA | 8801007/185910 | 유리 | 대두,밀새우,조개류물모럼 | 역양파·중국산) | 정불량식품 신고는국번업이 139 | 기가일지"
003007,15,2021-11-30,0,0,0,w.samjin.net | 2021.11.30 | 2601942189 | Up for Fiun: | Neet | OTHER | 장소구입상점및본에서 항상 교환해드립니다. | 이 | 건한에 보하 | 89 | 15% | 2mg | 1% | 6g | 고번호20140332468-15 | 40% | 09 | 밀우유 대두 함유 | 149 | 0.997%미국산아스담감미로 | 26% | 10 | 우다6100 | 료명 | 다치즈씨즈닝A | AL프 | TCHEESE | 마이끼
003009,15,2021-10-05,0,0,0,6 | 670 | 05-10-21 21046 | 2
003020,15,2021-03-23,1,0,0,"14:58 | 2021.03.23 | 1399·고객상담실:080-589-322314 | OTHER | 니다.부정·불량 식품 신고는국번없이 | 플라스틱 | 에의거 교환또는 보상을받을수 있습 | 있습니다.이제품은 소비자분쟁해결기준 | 쇠고기를사용한제품과같은제조설에서제조하고 | 에밀,명공대두밀복승아토마토호두지기 | 에는이상이없으니잘흔들어드세요이제품 알 | 렌영업장의명정일소패기 | 포리프로들 | 한겨품하단표기"
003026,15,2021-04-10,1,0,0,"굴,전복 | 감 태 없유 | .고등어 | 개봉방법 | 보상받을 | 주십시오 | 대두함유 | 레스테5mg2%단백질497% | 합성향료(치즈향) | 5'-이노신산이나나 | 미액,L-클루탐라다 | 설탈,대두육분리대 | 정보내용560g(35g×16개)/개(5 | 치즈(호주산/원유 | 갱이므로 변질품이아니다. | 제가공치즈,산진수 | 제품에'치즐가 번져보이는 것은 치이 | 트치즉[자연치츠 | 인하여 변질의 우려가 있으네추의 하십씨오. | 남산37.5%/어육 | 1992015423619 | 반드 시 개홍방법을 훈수해 주세요 | 품목보고번호: "
003031,15,2020-07-14,0,0,0,() | PING CITY XURIEGGS PRODUCTSCO.LTD. | 186 | 111.6 | 15 | : | 수입집및구업처 | 2388 3980 | 0780-2620388 :0750-2620776 | 025 | 878 | 0 | 0A | 0 | - | 오리일99.766%청소청제수 | 3.9 | 369.0 616 | // | 0 | 0 | 023-1.62(2.오 | - | 3.4 | 2.04 | SC1194407a300196 | 9.5 | 5.7 | .8 | 6:98 2749 | 회에의한한급료시사방 | 12.8 | 7.68 |
003033,15,2022-11-21,0,0,0,www.deliginor.com | NET. WEIGHT:50Og (17 oz) | 2111 2022PX | 8997021880033 | Gula Jawa | 부신고 | 2 | SUGAR | COCONOT | 510 | 0 | MISA PANGANLESTAR | 1조사 | Trans fat | Saturated fae | 인도에시야 | 원신지 | Totalfat | 요소광및 | Deliomc | eranae
003044,15,2022-05-02,1,0,0,"81992 | com | S1- (SMS) | 1-226-263 | com | (BEBAS PULSA) | ps seputar bumbu bamboe | CUSTOMER CARE | PRODUCT OF INDONGES | 2022.05.02 | garlic | mixed spices, vegetable oil, | BEST BEFORE: | Ingredients:shallots, salt, | Dietary Fiber | 25g | 30g | Total Carbohydrate | 300g | 375g | Less thar | Sod"
003051,15,2020-12-19,1,0,0,2020.12.19까지
003069,15,2020-08-09,1,0,0,20.08.09까지 | 기준이므로개인 | 20.02.10부터 | 1일영양성분 | F2D17:04 | 단백질3g | 콜레스테롤 | 818048745493971 | 포화지방8 | 트랜스지방 | 지방18g | 19
003071,15,2021-08-19,1,0,0,"20 | 콜레스테롤 | 25mg | 포화지방 | 13 | 8% | 트랜스지방 | 87% | 0.2g | 지방 | 17g | 31% | 당류 | 71g | 71% | 10-1855891-0000 | 탄수화물 | 94g | 특허등록번호: | 29% | 나트륨 | 470 mg | 24% | 총 내용량당 | 1일영양성분 | 치에 대한비울 | 560kcal | 영양정보 | 폭신폭신한 식감 | 총내용량 1298 | 공법으로 | 특허 에어레이션 | ·유지춥는 고운 마음,안 버리는 밝은 마음 | 항상 교환·부정,불량식품 신고는 국번없이 1399 "
003074,15,2021-08-25,1,0,0,"2021.08.25까지 | htp. | 글,안버리본 밝은마음 | 9 | 의한피해보상 | 롯데제과 | 단백질58 | 이 1399 | 73 | 스터를 Smg미한  | 사에서교항 | 포화지방1 | 트랜스지방O | 니다· 사람선지공기를 | 지방 118 | 1993030 | 658 | 종이제 | 탄수 88 | 나트360mng | OTHER | 470kC | 영양정보 | 후면요기일까지(연돌 일) | 개디류 | ()서료시원보구 | 일크카라엘"
003087,15,2021-06-30,0,0,0,000000 | 597713 | JVE27B 21:21 | 30.06.2021 3A | 상(가100%)천연향료(딸기향) 0.08 %) | #스마트C매
003094,15,2023-01-03,1,0,0,"까지 | 이념쾌실원 | 노랜드의 | 2023.01.03 | NZO | 500g (1,800 kcal) | 3분4시간 | 조리시간 | Noodle | 소면"
003106,15,2021-01-11,0,0,0,정제소금 90.3 내 | 250g | 2021.01.11 A | Seasoning Sat | ® | 맛소금 | 미원 | 담백하고깔끔한
003110,15,2021-06-09,1,0,0,"루피르어 | Dongwor | 전행호14:51 B11 | 2021.06.09까진 | 8801155 | 566135 | 유통기한 | 14앱 | 체다치즈 78%, 모짜렐라5.5"
003114,15,2021-09-25,1,1,0,BEST BEFORE:2021.09.25 | PROD.DATE.:2020.09.25 | avant/Data de validade/: Jliylsi | Best before/Consumir preferentemente antes del/A consommer de préférence | Net weight 125 g C | CAMEMBERT
003134,15,2021-10-14,1,0,0,"2021.10.14까지 | J1013F08 | R | 88011571155181811 | 고객상담:02)2049-2000 | HACCP | 홈페이지:www.foodis.com | 안전관리인증 | ILDONG 일동후디스 | ·부정·불량식품신고는국번없이 139본제품은 정당한소비분쟁해결기준에의거교환또는환불을받을수있습니다. | 오징어,조개류굴,전복.홍합포함성분을사용한제품과같은제조시설에서제조하고 있습니다.반품 및교환:지점 및 구입처 | 함께주시면좋습니다이제품은 난류메밀 콩밀고등어게새우되지고기 복승아토마도아산류호두.닭고기,쇠고기 | 개통후밀통"
003135,15,2021-10-14,1,0,0,2021.10.14 까지 | 고책상:022049-2000 | 8 | SOGFOB | 페이: ww.lodi.Cm | ILDONG 열우디스 | 02 | 01 | 이이의  고 구원강간식 | 우리아이의 건강한 간식 손곡를바 | 아이일 | 하이g이만 | 면다니다 | 아의일 | 곡물바
003142,15,2021-12-11,1,0,0,"2021.12.11까지 | 워당습니다 | 2020.12.12제조 | R | Paul Saret | 기립니 | 풍미를 가장 맛있게 이끌어냅니다 | 기법과추출방식은이특별한커피가가진 본연의 맛과 | 족합적인 맛과생동감을보여줍니다.그리고저만의로스팅 | 조화를이루며커피에 가장 잘어울리는 달콤하고 | Paul Basset 블렌드에사용된커피들은 서로간의 홀륭한 | he intrinsic tasteand texture ofeachcoffee | and bring technique ve develed enhance | seess, vibracy a"
003143,15,2021-12-11,1,0,0,2021.12.11 까지 | 2020.12.12제조 |  에이이니다 | Signatre lend ut ntial
003158,15,2021-04-25,1,0,0,"까지 | 2021.04.25 | THER | ※ 주의사항: 껍질을꼭 벗겨서드십시요 | 제조시설에서생산을하였습니다 | 널루 | ·본제품은 소고기, 닭고기.계란을 사용한 제품과 같은 | 보상들으실 수있습니다.(소비자 불만 등신고는 국번업이 1399) | ·본제품은 공정거래위원회 고시소비자 분정해결기준에의거교환 또는 | ·유통기한: 아래표시일까지 | ·내용량:450-500g | ·보관방법: 냉광보관(2-10t) ·정재집:리에랜(내원) | T.053-428-3846 대구광액시 동구 신덕로5285 | ·계조원:주식회사라자트푸드LAZZAT F"
003159,15,2020-04-23,0,0,0,"2020.04.23 | 고객지원실(요금은 생표가 부답합니다 | ②080-996-771 | 잘 빠져쓴 맛이 적고 부드럽습니다. | 채염한프리미엄천일염으로간수가 | 6,7,8월 한여름에만 한정 | 신안바다 갯벌의 명품 천일염입니다 | 하나천혜의자연환경을가진 | 신안바다천일염 | 샘표 병품 구운소금을 만드는 | 볶음 등에 사용하세요 | 나물 무침,짧조름하고 담백한 | 국물 요리아식하고 향이살아 있는 | 좋습니다. 깔끔하고시원한 맑은 | 요리에간을 맞출때사용하시면 | ① 입자가 곱고부드러워 모든 | 클린시스템 | 클린시스템 | 클린시스템 "
003163,15,2021-02-16,1,0,0,KIn | R | 21.02.16까지 | 20.11.17부터
003168,15,2021-09-18,0,0,0,004052 | ; | 9701 | .09. | 0au | noy | W | 3 | /OLL2H
003169,15,2018-04-21,0,0,0,S | 3 | 109029111194031 | M1/259/294E3 | 18/04/21 |    os. | l mantm 8chmyenne. | Sodium/Sodium | 480mg | 100mg | at d pducionManfacunDate/ | Proteines / Proteins | 20g | 42g | -dont soces/of whhsugars | <0.5g | <01g | 150ge | Glucides/ Carbohydrates | <0.5g | <0.1g | Emb 23001 | of which saturated 
003181,15,2021-06-14,1,0,0,"   |   m | Mil CundL r Pael,Mml4013,INDA.CUSerCare No.91-22249783EmalD | /DH Building, 2o Kal Cheung oad, Kowoon Bay, Hong Kong.India: imported and | Imported by/Dimpor oleh/:Hong Kong: Sims Trading Company Uimited, | 117119531063954 | 17:34 | S5A | 1398 | 14.06.2021 | Batch no, and best before (dd/"
003191,15,2021-11-19,1,0,0,"롯데제과 | 9% | 0% | 0% | 0% | 21.11.19 | 20.11.20D | 61% | 24% | 한번에잠키지않도 | 요 | 도로보관,개봉 후 | 320kcal | 제품이 | 총내용량91g | 방보 | 안버리는밝은마음·부정,불량식 | 항상 교환·과량섭취시설사를 | ·소비자기본법에의한 피해보상 | 유대두 복숭아땅콩을 사용한 제품광 | 제 | %(고형분65%) | 돼 | 원재료명 | 제본합세체통화황책소치자청색소 | 영상료(수박향 딸기항)픽터 | 여질라틴,D-소비톨액4.8 | (주) 전북군산 | 며 | 데제과(주)서울시 | "
003192,15,2021-11-19,0,0,0,제고 | 8 | 9% | 0% | 0% | 21.11.19 | 0% | D | 20.11.20 | 61% | 24% | 320Kcai | 윤항 | 980
003198,15,2025-10-12,1,0,0,42100910312211 | 9 | 952546 | BEFORE: | BEST | 12.102025 | 반품 및 교환장소:구입처 | 변화는 없습니다 | 원상태로돌아오며품질 | 상온에서 일정시간 보관시 | 침전물이생길수있으나 | 낮은온도에서 동결현상으로 | 피하여건조한실은 보관 | 보관방법:직사광선을 | 틸렌본체-유리 | 포장재질:뚜껑(내면)-폴리에 | 일까지(읽는방법:일/월/년순) | 유통기한:제품별도표시 | 원재료명및함량: | 내입업소명및 소재지: | 원산지:뉴질랜드
003200,15,2022-09-21,1,0,0,WWWLAESPANOLAOLIVEOILCOM | CIRA MADRID-CADIZ KM SS0.6. | ACEITES DEL SUR-COOSUR SA | 'N.R.V. Nutrient Reference Values | (150% N.R.V.)* | Vitamin E 18mg | 0g | Salt | 0g | Protein | 0g | Fibre | 0g | Sugars | of hich | 0g | Carbohydrates | Polyunsaturates | Mono-unsaturates | Saturates | of which | 
003203,15,2021-10-NONE,1,0,0,EXP 10/2021 | LOT 93042
003206,15,2021-04-13,1,0,0,WHIPPING CREAM | 까지 | 2021.04.13 | 03:09 | F
003215,15,2022-10-13,0,0,0,2022·−·− = | 20:0547 | O2B3LL | 100% | NISH EXTRA | VIRGIN OLIVE OTL
003225,15,2021-08-21,0,0,0,20210.21 | 2020.08.2부터 | /잔소리졸 | √자일라 | 부드러운 | HPC O12E | 자일리를53
003227,15,2022-01-29,1,0,0,까지 | 2022.01.29 | 통기한 | 조번홍 | DM47200130 | 한사항은설명서참조 | 과함께 섭취하십시오 | 설취방법]1월1회
003228,15,2022-04-26,0,0,0,0FE:0008048 | 828480242 | PO:2 | BB24/04/3822
003231,15,2021-04-04,0,0,0,"의0 | 어 | 선 | 사 | o | 와 | 전문 | 시 | 나의약품복용 | 시 | 생 | 발 | 수있습니다.이상사례 | 수 | 일 | !섭취시주의사항:7 | 및 | 방법 | 섭취 | 락타아제 | 한성향(더덕항) | 팩틴 | 축 | 매실농 | 축 | 간 | 골든애를공 | 간건길 | 스테아린산마그네, 글리세린,에실 | 스타치1500전분가공)카록 | 민B,비타민B-영산염,난소화성말보 | 중일크시술추출물분말 비타민B·염산염, | 2104.04지 UCa"
003237,15,2021-03-30,1,0,0,식빵 | 샌드위치 | 국민 | Fresh Sandwich Bread | 2021.03.30까지 장연기.E.E
003239,15,2021-11-06,0,1,1,"13:41 L101V2 309/1 | EXD: 06.11.2021 | PRD: 04.11.2020 | Producion dt RDD.MY or MMD | ""415735 | 1178530 | benoten le m | fanwe, eiere l | ril iiog.. | Modllines | sy ilandae | ogent p | FRANCE | Contres | st Findustrie -"
003253,15,2020-10-20,0,0,0,고 | 하 | $ | Masan | Lot6 | (감)합 | 제) | 늘' | ( | )250 | 원산지:비트남 | :수리소스(고추13%합유) | CHIN-SU. | 20-53-2A | D:20 10 2020
003281,15,2021-10-15,0,0,0,피코크유기놀 | 2021.10.15 | 유공식 | PEACOCK
003284,15,2021-09-10,1,0,0,스지방05g미만 | 485 | XI방269 | 6% | 569 | 195 | 3450일 | 수630 | 353 | 나660mg | 1일영영경E | 100 g당 | 100g8 | 영양정보 | 안양2A3구회원 1228 | 2021.09.10까지 | 하였습니지 | 소충전포장을 | 밝다라 | ·신신도 유지 귀 | 번9이 1394 | 소비기에기 | 있게 즐기 | 로시오 | 에 | 보관하십시오 하고수 | OL | -적사관선을 피하조하 | 시에서 제 | 다바식고고가는 | 닭다리너! 빵가루 | 구현한 | 나을스낵으로 | 19603200136() 
003287,15,2021-09-25,1,0,0,8 | 180111711046031 | 까지 | 2021.09.25 | SMARI | 2021.01.26/01:33 | 부터 | 포테이토 | 리얼치즈칩 | 마켓·오
003290,15,2022-12-22,1,0,0,VONO | 캡스프 | 콘스프 | 2022.12.22/P | 유통기한 | 조리예 | 57g(255kcal) [19g(85kcal)x371입) | 15
003294,15,2021-07-26,0,0,0,2021 | 에쏘오~짜먹는 | 포도램 | 필요없어더욱 | 간편한~ | T | JAM | Handu | grope jam | 카먹는모드램 | FODWELL | HHo을
003300,15,2023-06-11,0,0,0,이탈리아산(OEM) | g(970 kcal)2~3인분 | 250 | 계란19.36% | 01:35 | 346 | Z | L50M | 2023/06/11 | 에그 파스타/페투치니 | Fettuccine | egg
003335,15,2021-07-02,0,0,0,11:37 L20184 2021/07/02
003336,15,2021-07-02,0,0,0,11:37 L20184 2021/002
003338,15,2021-06-01,0,0,0,"영양정보 | 기에의기 | 은소 | 202N06/01 | *부정.불량식품 | 조하고서 | Beat Bel | Product of China | 지고기 | 나트 | A | 0.4%시과신 | Technology Co., Ltd. | 사과주스농속 | Manufctrer.Gungdong Fuwe Heath | 나E | 사과산 학식 | (시용색소 | (OWSEE | 구연산지고 | ) | 설용시"
