block,labeler,image_id,file,raw,year,month,day,final_date,format,tags,ts
2,서현,000001,000001.jpg,2027.06.26,2027,06,26,2027-06-26,YYYY.MM.DD,,2026-09-09T12:21:23
8,민섭,000002,000002.jpg,2025.12.11,2025,12,11,2025-12-11,YYYY.MM.DD,,2026-09-12T16:17:26
12,서영,000003,000003.jpg,2026.05.12 t,2026,05,12,2026-05-12,YYYY.MM.DD,t,2026-09-12T09:35:08
14,서영,000004,000004.jpg,2022.02.14 b,2022,02,14,2022-02-14,YYYY.MM.DD,b,2026-09-09T18:26:43
1,승아,000005,000005.jpg,2026.07.02,2026,07,02,2026-07-02,YYYY.MM.DD,,2026-09-09T13:41:59
5,병철,000006,000006.jpg,2026.02.17,2026,02,17,2026-02-17,YYYY.MM.DD,,2026-09-09T00:21:08
1,승아,000007,000007.jpg,26.06.25 2,2026,06,25,2026-06-25,YY.MM.DD,2,2026-09-09T13:42:23
3,민섭,000008,000008.jpg,2027.06.29,2027,06,29,2027-06-29,YYYY.MM.DD,,2026-09-09T17:42:45
14,서영,000009,000009.jpg,2026.10.29,2026,10,29,2026-10-29,YYYY.MM.DD,,2026-09-09T18:26:55
15,서현,000010,000010.jpg,2026.06.08,2026,06,08,2026-06-08,YYYY.MM.DD,,2026-09-12T16:19:11
3,민섭,000011,000011.jpg,2026.02.05,2026,02,05,2026-02-05,YYYY.MM.DD,,2026-09-09T20:19:47
10,병철,000012,000012.jpg,2026-03-23,2026,03,23,2026-03-23,YYYY.MM.DD,,2026-09-10T01:55:19
4,서영,000013,000013.jpg,2026.03.20,2026,03,20,2026-03-20,YYYY.MM.DD,,2026-09-09T14:01:20
12,서영,000014,000014.jpg,26.01.31,2026,01,31,2026-01-31,YY.MM.DD,,2026-09-12T09:35:11
14,서영,000015,000015.jpg,2026.03.01 2,2026,03,01,2026-03-01,YYYY.MM.DD,2,2026-09-09T18:27:00
12,서영,000016,000016.jpg,2026.01.22,2026,01,22,2026-01-22,YYYY.MM.DD,,2026-09-12T09:35:14
12,서영,000017,000017.jpg,2026.11.25,2026,11,25,2026-11-25,YYYY.MM.DD,,2026-09-12T09:35:17
7,서현,000018,000018.jpg,26.04.24,2026,04,24,2026-04-24,YY.MM.DD,,2026-09-09T13:45:37
4,서영,000019,000019.jpg,2026.04.09 2,2026,04,09,2026-04-09,YYYY.MM.DD,2,2026-09-09T14:01:26
5,병철,000020,000020.jpg,2025.10.09,2025,10,09,2025-10-09,YYYY.MM.DD,,2026-09-09T00:21:13
10,병철,000021,000021.jpg,25.10.10,2025,10,10,2025-10-10,YY.MM.DD,,2026-09-10T01:55:21
11,승아,000022,000022.jpg,25.10.14,2025,10,14,2025-10-14,YY.MM.DD,,2026-09-09T16:42:53
12,서영,000023,000023.jpg,25.10.10,2025,10,10,2025-10-10,YY.MM.DD,,2026-09-12T09:35:22
6,승아,000024,000024.jpg,25.10.11,2025,10,11,2025-10-11,YY.MM.DD,,2026-09-09T15:33:09
3,민섭,000025,000025.jpg,2026.06.11,2026,06,11,2026-06-11,YYYY.MM.DD,,2026-09-09T20:19:53
13,민섭,000026,000026.jpg,2025.11.13,2025,11,13,2025-11-13,YYYY.MM.DD,,2026-09-12T16:32:56
15,서현,000027,000027.jpg,27.04.2026,2026,04,27,2026-04-27,DD.MM.YYYY,,2026-09-12T16:19:52
8,민섭,000028,000028.jpg,26.02.10,2026,02,10,2026-02-10,YY.MM.DD,,2026-09-12T16:17:30
1,승아,000029,000029.jpg,2026.08.02,2026,08,02,2026-08-02,YYYY.MM.DD,,2026-09-09T13:43:14
12,서영,000030,000030.jpg,28.08.17,2017,08,28,2017-08-28,DD.MM.YY,,2026-09-12T09:35:26
11,승아,000031,000031.jpg,2026.02.14,2026,02,14,2026-02-14,YYYY.MM.DD,,2026-09-09T16:43:19
13,민섭,000032,000032.jpg,2026.03.22,2026,03,22,2026-03-22,YYYY.MM.DD,,2026-09-12T16:33:01
13,민섭,000033,000033.jpg,26.06.17,2026,06,17,2026-06-17,YY.MM.DD,,2026-09-12T16:33:07
14,서영,000034,000034.jpg,26.06.30,2026,06,30,2026-06-30,YY.MM.DD,,2026-09-09T18:27:07
13,민섭,000035,000035.jpg,2026.08.17,2026,08,17,2026-08-17,YYYY.MM.DD,,2026-09-12T16:33:10
3,민섭,000036,000036.jpg,2026.08.26,2026,08,26,2026-08-26,YYYY.MM.DD,,2026-09-09T20:19:58
13,민섭,000037,000037.jpg,2026.07.17,2026,07,17,2026-07-17,YYYY.MM.DD,,2026-09-12T16:33:14
15,서현,000038,000038.jpg,2027.02.12,2027,02,12,2027-02-12,YYYY.MM.DD,,2026-09-12T16:19:56
13,민섭,000039,000039.jpg,2026.05.26,2026,05,26,2026-05-26,YYYY.MM.DD,,2026-09-12T16:33:18
6,승아,000040,000040.jpg,2025.10.11,2025,10,11,2025-10-11,YYYY.MM.DD,,2026-09-09T15:33:13
13,민섭,000041,000041.jpg,2025.10.11,2025,10,11,2025-10-11,YYYY.MM.DD,,2026-09-12T16:33:22
11,승아,000042,000042.jpg,2025.10.12,2025,10,12,2025-10-12,YYYY.MM.DD,,2026-09-09T16:43:34
2,서현,000043,000043.jpg,10.14,NONE,10,14,NONE-10-14,MM.DD,,2026-09-09T12:21:27
14,서영,000044,000044.jpg,26.02.07,2026,02,07,2026-02-07,YY.MM.DD,,2026-09-09T18:27:12
15,서현,000045,000045.jpg,2027/04/21,2027,04,21,2027-04-21,YYYY.MM.DD,,2026-09-12T16:20:01
6,승아,000046,000046.jpg,2025.10.10,2025,10,10,2025-10-10,YYYY.MM.DD,,2026-09-09T15:33:20
14,서영,000047,000047.png,2027.04.14,2027,04,14,2027-04-14,YYYY.MM.DD,,2026-09-09T18:27:17
13,민섭,000048,000048.jpg,26.06.12,2026,06,12,2026-06-12,YY.MM.DD,,2026-09-12T16:33:27
13,민섭,000049,000049.jpg,2026.03.01,2026,03,01,2026-03-01,YYYY.MM.DD,,2026-09-12T16:33:32
14,서영,000050,000050.jpg,2025.09.30,2025,09,30,2025-09-30,YYYY.MM.DD,,2026-09-09T18:28:38
15,서현,000051,000051.jpg,2026.01.12,2026,01,12,2026-01-12,YYYY.MM.DD,,2026-09-12T16:20:06
15,서현,000052,000052.png,2025.11.19,2025,11,19,2025-11-19,YYYY.MM.DD,,2026-09-12T16:20:11
7,서현,000053,000053.png,2025.12.20,2025,12,20,2025-12-20,YYYY.MM.DD,,2026-09-09T13:48:29
13,민섭,000054,000054.jpg,25.10.08,2025,10,08,2025-10-08,YY.MM.DD,,2026-09-12T16:33:38
3,민섭,000055,000055.jpg,2026.08.04,2026,08,04,2026-08-04,YYYY.MM.DD,,2026-09-09T20:20:02
12,서영,000056,000056.jpg,2026.07.11 2,2026,07,11,2026-07-11,YYYY.MM.DD,2,2026-09-12T09:35:32
2,서현,000057,000057.jpg,2026.06.24,2026,06,24,2026-06-24,YYYY.MM.DD,,2026-09-09T12:21:33
15,서현,000058,000058.jpg,2027.03.27,2027,03,27,2027-03-27,YYYY.MM.DD,,2026-09-12T16:20:15
14,서영,000059,000059.jpg,2027.06.22,2027,06,22,2027-06-22,YYYY.MM.DD,,2026-09-09T18:28:41
7,서현,000060,000060.jpg,2026.04.30,2026,04,30,2026-04-30,YYYY.MM.DD,,2026-09-09T13:48:35
4,서영,000061,000061.jpg,26.06.04,2026,06,04,2026-06-04,YY.MM.DD,,2026-09-09T14:01:32
8,민섭,000062,000062.jpg,26.05.26,2026,05,26,2026-05-26,YY.MM.DD,,2026-09-12T16:17:34
15,서현,000063,000063.jpg,2026.06.16 2,2026,06,16,2026-06-16,YYYY.MM.DD,2,2026-09-12T16:20:22
5,병철,000064,000064.jpg,2026.08.03,2026,08,03,2026-08-03,YYYY.MM.DD,,2026-09-09T00:21:25
13,민섭,000065,000065.jpg,2026.01.12,2026,01,12,2026-01-12,YYYY.MM.DD,,2026-09-12T16:33:41
10,병철,000066,000066.jpg,2026.08.17,2026,08,17,2026-08-17,YYYY.MM.DD,,2026-09-10T01:55:25
15,서현,000067,000067.jpg,2025.12.19,2025,12,19,2025-12-19,YYYY.MM.DD,,2026-09-12T16:20:26
7,서현,000068,000068.jpg,2026.06.17,2026,06,17,2026-06-17,YYYY.MM.DD,,2026-09-09T13:48:40
5,병철,000069,000069.jpg,2026.06.24,2026,06,24,2026-06-24,YYYY.MM.DD,,2026-09-09T00:21:30
2,서현,000070,000070.jpg,2026.10.08,2026,10,08,2026-10-08,YYYY.MM.DD,,2026-09-09T12:21:37
14,서영,000071,000071.jpg,2027.07.20 2,2027,07,20,2027-07-20,YYYY.MM.DD,2,2026-09-09T18:28:47
9,서영,000072,000072.jpg,2026.04.25,2026,04,25,2026-04-25,YYYY.MM.DD,,2026-09-09T14:32:28
5,병철,000073,000073.jpg,2026.03.12,2026,03,12,2026-03-12,YYYY.MM.DD,,2026-09-09T00:21:34
12,서영,000074,000074.jpg,2026.08.28,2026,08,28,2026-08-28,YYYY.MM.DD,,2026-09-12T09:35:36
9,서영,000075,000075.jpg,2026.01.06,2026,01,06,2026-01-06,YYYY.MM.DD,,2026-09-09T14:32:32
12,서영,000076,000076.jpg,2026.08.17,2026,08,17,2026-08-17,YYYY.MM.DD,,2026-09-12T09:35:39
11,승아,000077,000077.jpg,2026.03.07,2026,03,07,2026-03-07,YYYY.MM.DD,,2026-09-09T19:45:01
13,민섭,000078,000078.jpg,2025.06 19,2025,06,19,2025-06-19,YYYY.MM.DD,,2026-09-12T16:33:57
11,승아,000079,000079.jpg,2026.01.31,2026,01,31,2026-01-31,YYYY.MM.DD,,2026-09-09T19:45:06
14,서영,000080,000080.jpg,26.09.16 2,2026,09,16,2026-09-16,YY.MM.DD,2,2026-09-09T18:28:52
11,승아,000081,000081.jpg,2026.05.18 2,2026,05,18,2026-05-18,YYYY.MM.DD,2,2026-09-09T19:45:13
3,민섭,000082,000082.jpg,2026.08.24,2026,08,24,2026-08-24,YYYY.MM.DD,,2026-09-09T20:20:09
13,민섭,000083,000083.jpg,26.07.01,2026,07,01,2026-07-01,YY.MM.DD,,2026-09-12T16:34:00
6,승아,000084,000084.jpg,2026.03.31 2,2026,03,31,2026-03-31,YYYY.MM.DD,2,2026-09-09T15:33:30
10,병철,000085,000085.jpg,2026.03.30,2026,03,30,2026-03-30,YYYY.MM.DD,,2026-09-10T01:55:28
1,승아,000086,000086.jpg,26.03.14 2,2026,03,14,2026-03-14,YY.MM.DD,2,2026-09-09T13:43:24
4,서영,000087,000087.jpg,2026.08.10 2,2026,08,10,2026-08-10,YYYY.MM.DD,2,2026-09-09T14:01:37
4,서영,000088,000088.jpg,26.09.03 2,2026,09,03,2026-09-03,YY.MM.DD,2,2026-09-09T13:06:43
5,병철,000089,000089.jpg,2026.09.11,2026,09,11,2026-09-11,YYYY.MM.DD,,2026-09-09T00:21:38
2,서현,000090,000090.jpg,2026.09.01,2026,09,01,2026-09-01,YYYY.MM.DD,,2026-09-09T12:21:46
10,병철,000091,000091.jpg,2027.05.22,2027,05,22,2027-05-22,YYYY.MM.DD,,2026-09-10T01:55:31
5,병철,000092,000092.jpg,2026.12.05,2026,12,05,2026-12-05,YYYY.MM.DD,,2026-09-09T00:21:44
15,서현,000093,000093.jpg,2026.04.23,2026,04,23,2026-04-23,YYYY.MM.DD,,2026-09-12T16:20:31
11,승아,000094,000094.jpg,2027.06.30,2027,06,30,2027-06-30,YYYY.MM.DD,,2026-09-09T19:45:19
7,서현,000095,000095.jpg,26.07.29,2026,07,29,2026-07-29,YY.MM.DD,,2026-09-09T13:48:44
4,서영,000096,000096.jpg,2026.05.26,2026,05,26,2026-05-26,YYYY.MM.DD,,2026-09-09T13:08:09
3,민섭,000097,000097.jpg,2025.11.19,2025,11,19,2025-11-19,YYYY.MM.DD,,2026-09-09T20:20:13
6,승아,000098,000098.jpg,2026.03.11,2026,03,11,2026-03-11,YYYY.MM.DD,,2026-09-09T15:33:33
5,병철,000099,000099.jpg,2026.03.07,2026,03,07,2026-03-07,YYYY.MM.DD,,2026-09-09T00:21:48
15,서현,000100,000100.jpg,2026.02.11,2026,02,11,2026-02-11,YYYY.MM.DD,,2026-09-12T16:20:44
14,서영,000101,000101.jpg,2026.04.08,2026,04,08,2026-04-08,YYYY.MM.DD,,2026-09-09T18:28:58
15,서현,000102,000102.jpg,2025.11.13,2025,11,13,2025-11-13,YYYY.MM.DD,,2026-09-12T16:20:47
14,서영,000103,000103.jpg,2025/12/18,2025,12,18,2025-12-18,YYYY.MM.DD,,2026-09-09T18:29:04
3,민섭,000104,000104.jpg,2026.04.01,2026,04,01,2026-04-01,YYYY.MM.DD,,2026-09-09T20:20:18
5,병철,000105,000105.jpg,2025.11.09,2025,11,09,2025-11-09,YYYY.MM.DD,,2026-09-09T00:21:52
10,병철,000106,000106.jpg,10.20,NONE,10,20,NONE-10-20,MM.DD,,2026-09-10T01:56:07
8,민섭,000107,000107.jpg,2025.12.25,2025,12,25,2025-12-25,YYYY.MM.DD,,2026-09-12T16:17:38
4,서영,000108,000108.jpg,25.10.24,2025,10,24,2025-10-24,YY.MM.DD,,2026-09-09T13:08:38
14,서영,000109,000109.jpg,2025.12.12 b,2025,12,12,2025-12-12,YYYY.MM.DD,b,2026-09-09T18:29:10
11,승아,000110,000110.jpg,25.10.29,2025,10,29,2025-10-29,YY.MM.DD,,2026-09-09T19:45:23
15,서현,000111,000111.jpg,25.10.25,2025,10,25,2025-10-25,YY.MM.DD,,2026-09-12T16:20:52
8,민섭,000112,000112.jpg,25.10.17,2025,10,17,2025-10-17,YY.MM.DD,,2026-09-12T16:17:42
13,민섭,000113,000113.jpg,2026.01.16,2026,01,16,2026-01-16,YYYY.MM.DD,,2026-09-12T16:34:04
13,민섭,000114,000114.jpg,2026.02.28,2026,02,28,2026-02-28,YYYY.MM.DD,,2026-09-12T16:34:08
15,서현,000115,000115.jpg,2025.12.08,2025,12,08,2025-12-08,YYYY.MM.DD,,2026-09-12T16:20:56
15,서현,000116,000116.jpg,2026.03.27,2026,03,27,2026-03-27,YYYY.MM.DD,,2026-09-12T16:21:00
15,서현,000117,000117.jpg,2025.11.28,2025,11,28,2025-11-28,YYYY.MM.DD,,2026-09-12T16:21:06
15,서현,000118,000118.jpg,2026.03.23,2026,03,23,2026-03-23,YYYY.MM.DD,,2026-09-12T16:21:14
13,민섭,000119,000119.jpg,2026.08.24,2026,08,24,2026-08-24,YYYY.MM.DD,,2026-09-12T16:34:11
13,민섭,000120,000120.jpg,2026.08.25,2026,08,25,2026-08-25,YYYY.MM.DD,,2026-09-12T16:34:15
9,서영,000121,000121.jpg,2027.04.13,2027,04,13,2027-04-13,YYYY.MM.DD,,2026-09-09T14:32:36
5,병철,000122,000122.jpg,2027.04.28,2027,04,28,2027-04-28,YYYY.MM.DD,,2026-09-09T00:21:57
3,민섭,000123,000123.jpg,2026.06.04,2026,06,04,2026-06-04,YYYY.MM.DD,,2026-09-09T20:20:23
2,서현,000124,000124.jpg,2026.01.02,2026,01,02,2026-01-02,YYYY.MM.DD,,2026-09-09T12:21:51
10,병철,000125,000125.jpg,2026.04.07,2026,04,07,2026-04-07,YYYY.MM.DD,,2026-09-10T01:57:11
11,승아,000126,000126.jpg,2026.06.12,2026,06,12,2026-06-12,YYYY.MM.DD,,2026-09-09T19:45:30
15,서현,000127,000127.jpg,2026.04.27,2026,04,27,2026-04-27,YYYY.MM.DD,,2026-09-12T16:21:18
7,서현,000128,000128.jpg,26.05.28,2026,05,28,2026-05-28,YY.MM.DD,,2026-09-09T13:48:48
13,민섭,000129,000129.jpg,2026.01.09,2026,01,09,2026-01-09,YYYY.MM.DD,,2026-09-12T16:34:19
13,민섭,000130,000130.jpg,27.02.05,2027,02,05,2027-02-05,YY.MM.DD,,2026-09-12T16:34:23
13,민섭,000131,000131.jpg,2026.08.05,2026,08,05,2026-08-05,YYYY.MM.DD,,2026-09-12T16:34:28
9,서영,000132,000132.jpg,2026.08.21,2026,08,21,2026-08-21,YYYY.MM.DD,,2026-09-09T14:32:39
3,민섭,000133,000133.jpg,2025.11.25,2025,11,25,2025-11-25,YYYY.MM.DD,,2026-09-09T20:20:33
14,서영,000134,000134.jpg,2026.09.23,2026,09,23,2026-09-23,YYYY.MM.DD,,2026-09-09T18:29:14
14,서영,000135,000135.jpg,2026.04.18,2026,04,18,2026-04-18,YYYY.MM.DD,,2026-09-09T18:29:18
14,서영,000136,000136.jpg,2025.12.02,2025,12,02,2025-12-02,YYYY.MM.DD,,2026-09-09T18:29:21
14,서영,000137,000137.jpg,2026.03.26,2026,03,26,2026-03-26,YYYY.MM.DD,,2026-09-09T18:29:24
6,승아,000138,000138.jpg,2026/05/14,2026,05,14,2026-05-14,YYYY.MM.DD,,2026-09-09T15:33:39
11,승아,000139,000139.jpg,2026/07/26,2026,07,26,2026-07-26,YYYY.MM.DD,,2026-09-09T19:45:41
11,승아,000140,000140.jpg,2026/07/14,2026,07,14,2026-07-14,YYYY.MM.DD,,2026-09-09T19:45:48
15,서현,000141,000141.jpg,2026.09.17,2026,09,17,2026-09-17,YYYY.MM.DD,,2026-09-12T16:21:22
2,서현,000142,000142.jpg,2026.05.14,2026,05,14,2026-05-14,YYYY.MM.DD,,2026-09-09T12:22:18
14,서영,000143,000143.jpg,06/03/2027,2027,03,06,2027-03-06,DD.MM.YYYY,,2026-09-09T18:29:28
14,서영,000144,000144.jpg,2027.03.25,2027,03,25,2027-03-25,YYYY.MM.DD,,2026-09-09T18:29:33
14,서영,000145,000145.jpg,2027.03.24,2027,03,24,2027-03-24,YYYY.MM.DD,,2026-09-09T18:29:36
3,민섭,000146,000146.jpg,2026.04.03,2026,04,03,2026-04-03,YYYY.MM.DD,,2026-09-09T20:20:37
15,서현,000147,000147.jpg,2026.03.21,2026,03,21,2026-03-21,YYYY.MM.DD,,2026-09-12T16:21:27
15,서현,000148,000148.jpg,26.02.26 2,2026,02,26,2026-02-26,YY.MM.DD,2,2026-09-12T16:21:33
14,서영,000149,000149.jpg,2026.04.28,2026,04,28,2026-04-28,YYYY.MM.DD,,2026-09-09T18:29:40
15,서현,000150,000150.jpg,2026.08.12,2026,08,12,2026-08-12,YYYY.MM.DD,,2026-09-12T16:21:37
14,서영,000151,000151.jpg,2026.09.07,2026,09,07,2026-09-07,YYYY.MM.DD,,2026-09-09T18:29:44
12,서영,000152,000152.jpg,2026.07.31,2026,07,31,2026-07-31,YYYY.MM.DD,,2026-09-12T09:35:42
1,승아,000153,000153.jpg,2026/10/12,2026,10,12,2026-10-12,YYYY.MM.DD,,2026-09-09T13:43:37
1,승아,000154,000154.jpg,2027.08.13,2027,08,13,2027-08-13,YYYY.MM.DD,,2026-09-09T13:43:44
14,서영,000155,000155.jpg,2026.06.22,2026,06,22,2026-06-22,YYYY.MM.DD,,2026-09-09T18:29:48
11,승아,000156,000156.jpg,2026.07.29,2026,07,29,2026-07-29,YYYY.MM.DD,,2026-09-09T19:45:52
9,서영,000157,000157.jpg,08/07/2027 t,2027,07,08,2027-07-08,DD.MM.YYYY,t,2026-09-09T14:32:51
2,서현,000158,000158.jpg,2028.07.20,2028,07,20,2028-07-20,YYYY.MM.DD,,2026-09-09T12:22:22
14,서영,000159,000159.jpg,2027.01.08,2027,01,08,2027-01-08,YYYY.MM.DD,,2026-09-09T18:29:53
14,서영,000160,000160.jpg,2026/10/27 2,2026,10,27,2026-10-27,YYYY.MM.DD,2,2026-09-09T18:29:59
12,서영,000161,000161.jpg,2027.05.10,2027,05,10,2027-05-10,YYYY.MM.DD,,2026-09-12T09:35:49
14,서영,000162,000162.jpg,2027.06.12,2027,06,12,2027-06-12,YYYY.MM.DD,,2026-09-09T18:30:03
10,병철,000163,000163.jpg,2026.11.20,2026,11,20,2026-11-20,YYYY.MM.DD,,2026-09-10T01:57:13
10,병철,000164,000164.jpg,2026.04.27,2026,04,27,2026-04-27,YYYY.MM.DD,,2026-09-10T01:57:17
15,서현,000165,000165.jpg,2027.01.13,2027,01,13,2027-01-13,YYYY.MM.DD,,2026-09-12T16:21:42
7,서현,000166,000166.jpg,2027.08.18,2027,08,18,2027-08-18,YYYY.MM.DD,,2026-09-09T13:51:23
11,승아,000167,000167.jpg,2026.08.07,2026,08,07,2026-08-07,YYYY.MM.DD,,2026-09-09T19:45:57
5,병철,000168,000168.jpg,2026.02.16,2026,02,16,2026-02-16,YYYY.MM.DD,,2026-09-09T00:22:01
15,서현,000169,000169.jpg,2026.03.18,2026,03,18,2026-03-18,YYYY.MM.DD,,2026-09-12T16:21:47
10,병철,000170,000170.jpg,2026.09.07,2026,09,07,2026-09-07,YYYY.MM.DD,,2026-09-10T01:57:25
14,서영,000171,000171.jpg,2026.05.27 2,2026,05,27,2026-05-27,YYYY.MM.DD,2,2026-09-09T18:30:19
7,서현,000172,000172.jpg,2026.06.10 2,2026,06,10,2026-06-10,YYYY.MM.DD,2,2026-09-09T13:55:27
7,서현,000173,000173.jpg,2026.09.17,2026,09,17,2026-09-17,YYYY.MM.DD,,2026-09-09T13:55:32
11,승아,000174,000174.jpg,2026.09.05 2,2026,09,05,2026-09-05,YYYY.MM.DD,2,2026-09-09T19:46:03
12,서영,000175,000175.jpg,2026.06.28 2,2026,06,28,2026-06-28,YYYY.MM.DD,2,2026-09-12T09:35:55
7,서현,000176,000176.jpg,2026.09.22 2,2026,09,22,2026-09-22,YYYY.MM.DD,2,2026-09-09T13:56:05
6,승아,000177,000177.jpg,2026.08.18,2026,08,18,2026-08-18,YYYY.MM.DD,,2026-09-09T15:33:44
8,민섭,000178,000178.jpg,2026.06.25,2026,06,25,2026-06-25,YYYY.MM.DD,,2026-09-12T16:17:46
12,서영,000179,000179.jpg,2026.06.29 2,2026,06,29,2026-06-29,YYYY.MM.DD,2,2026-09-12T09:36:00
15,서현,000180,000180.jpg,2026.06.25 2,2026,06,25,2026-06-25,YYYY.MM.DD,2,2026-09-12T16:21:54
11,승아,000181,000181.jpg,2026.09.08 2,2026,09,08,2026-09-08,YYYY.MM.DD,2,2026-09-09T19:46:22
15,서현,000182,000182.jpg,01 10 2026,2026,10,01,2026-10-01,DD.MM.YYYY,,2026-09-12T16:21:59
4,서영,000183,000183.jpg,2027.07.28 2,2027,07,28,2027-07-28,YYYY.MM.DD,2,2026-09-09T13:08:52
6,승아,000184,000184.jpg,19 11 2027,2027,11,19,2027-11-19,DD.MM.YYYY,,2026-09-09T15:34:04
15,서현,000185,000185.jpg,15/03/2028,2028,03,15,2028-03-15,DD.MM.YYYY,,2026-09-12T16:22:06
11,승아,000186,000186.jpg,2028/04/14,2028,04,14,2028-04-14,YYYY.MM.DD,,2026-09-09T19:46:27
8,민섭,000187,000187.jpg,2028.02.05,2028,02,05,2028-02-05,YYYY.MM.DD,,2026-09-12T16:17:52
1,승아,000188,000188.jpg,2027/09/30,2027,09,30,2027-09-30,YYYY.MM.DD,,2026-09-09T13:43:55
12,서영,000189,000189.jpg,2026.08.25,2026,08,25,2026-08-25,YYYY.MM.DD,,2026-09-12T09:36:03
7,서현,000190,000190.jpg,22.11.26,2022,11,26,2022-11-26,YY.MM.DD,,2026-09-09T13:56:14
15,서현,000191,000191.jpg,2026.06.15,2026,06,15,2026-06-15,YYYY.MM.DD,,2026-09-12T16:22:11
12,서영,000192,000192.jpg,2026.06.24,2026,06,24,2026-06-24,YYYY.MM.DD,,2026-09-12T09:36:07
5,병철,000193,000193.jpg,2026.03.06,2026,03,06,2026-03-06,YYYY.MM.DD,,2026-09-09T00:22:28
13,민섭,000194,000194.jpg,2027.04.23,2027,04,23,2027-04-23,YYYY.MM.DD,,2026-09-12T16:34:32
15,서현,000195,000195.jpg,2027.07.01,2027,07,01,2027-07-01,YYYY.MM.DD,,2026-09-12T16:22:15
15,서현,000196,000196.jpg,2027.02.27,2027,02,27,2027-02-27,YYYY.MM.DD,,2026-09-12T16:22:21
3,민섭,000197,000197.jpg,2026.07.30,2026,07,30,2026-07-30,YYYY.MM.DD,,2026-09-09T20:20:40
10,병철,000198,000198.jpg,2026.05.08,2026,05,08,2026-05-08,YYYY.MM.DD,,2026-09-10T01:57:29
5,병철,000199,000199.jpg,2027.09.07,2027,09,07,2027-09-07,YYYY.MM.DD,,2026-09-09T00:22:33
6,승아,000200,000200.jpg,2027.07.14,2027,07,14,2027-07-14,YYYY.MM.DD,,2026-09-09T15:34:43
9,서영,000201,000201.jpg,2027.03.30,2027,03,30,2027-03-30,YYYY.MM.DD,,2026-09-09T14:32:56
10,병철,000202,000202.jpg,2027.02.06,2027,02,06,2027-02-06,YYYY.MM.DD,,2026-09-10T01:57:32
8,민섭,000203,000203.jpg,2026.07.01,2026,07,01,2026-07-01,YYYY.MM.DD,,2026-09-12T16:17:59
15,서현,000204,000204.jpg,2026.06.18,2026,06,18,2026-06-18,YYYY.MM.DD,,2026-09-12T16:22:26
14,서영,000205,000205.jpg,18.5.2027,2027,05,18,2027-05-18,DD.MM.YYYY,,2026-09-09T18:30:30
13,민섭,000206,000206.jpg,2026.05.08,2026,05,08,2026-05-08,YYYY.MM.DD,,2026-09-12T16:34:36
3,민섭,000207,000207.jpg,2026.09.24,2026,09,24,2026-09-24,YYYY.MM.DD,,2026-09-09T20:20:48
9,서영,000208,000208.jpg,4.13.2026,2026,04,13,2026-04-13,MM.DD.YYYY,,2026-09-09T14:36:38
1,승아,000209,000209.jpg,2027.06.11,2027,06,11,2027-06-11,YYYY.MM.DD,,2026-09-09T13:44:04
4,서영,000210,000210.jpg,2027.05.20,2027,05,20,2027-05-20,YYYY.MM.DD,,2026-09-09T13:08:59
14,서영,000211,000211.jpg,2026.02.12,2026,02,12,2026-02-12,YYYY.MM.DD,,2026-09-09T18:30:52
15,서현,000212,000212.jpg,2026.12.16,2026,12,16,2026-12-16,YYYY.MM.DD,,2026-09-12T16:22:31
12,서영,000213,000213.jpg,2026.03.20,2026,03,20,2026-03-20,YYYY.MM.DD,,2026-09-12T09:36:12
1,승아,000214,000214.jpg,2026.08.13,2026,08,13,2026-08-13,YYYY.MM.DD,,2026-09-09T13:45:32
4,서영,000215,000215.jpg,2026.10.14 b,2026,10,14,2026-10-14,YYYY.MM.DD,b,2026-09-09T13:09:19
11,승아,000216,000216.jpg,2026.03.16,2026,03,16,2026-03-16,YYYY.MM.DD,,2026-09-09T19:46:31
13,민섭,000217,000217.jpg,27.03.08,2027,03,08,2027-03-08,YY.MM.DD,,2026-09-12T16:34:40
11,승아,000218,000218.jpg,2026.05.03,2026,05,03,2026-05-03,YYYY.MM.DD,,2026-09-09T19:46:35
13,민섭,000219,000219.jpg,2026.09.07,2026,09,07,2026-09-07,YYYY.MM.DD,,2026-09-12T16:34:43
11,승아,000220,000220.jpg,2026.02.23,2026,02,23,2026-02-23,YYYY.MM.DD,,2026-09-09T19:46:40
12,서영,000221,000221.jpg,2026.07.15,2026,07,15,2026-07-15,YYYY.MM.DD,,2026-09-12T09:36:15
11,승아,000222,000222.jpg,2026.03.25,2026,03,25,2026-03-25,YYYY.MM.DD,,2026-09-09T19:46:45
12,서영,000223,000223.jpg,2026.08.13,2026,08,13,2026-08-13,YYYY.MM.DD,,2026-09-12T09:36:18
3,민섭,000224,000224.jpg,2026.06.15,2026,06,15,2026-06-15,YYYY.MM.DD,,2026-09-09T20:20:52
12,서영,000225,000225.jpg,2026.04.06,2026,04,06,2026-04-06,YYYY.MM.DD,,2026-09-12T09:36:22
9,서영,000226,000226.jpg,27.03.15,2027,03,15,2027-03-15,YY.MM.DD,,2026-09-09T14:37:25
13,민섭,000227,000227.jpg,2028.09.17,2028,09,17,2028-09-17,YYYY.MM.DD,,2026-09-12T16:34:48
13,민섭,000228,000228.jpg,2025.10.20,2025,10,20,2025-10-20,YYYY.MM.DD,,2026-09-12T16:34:52
6,승아,000229,000229.jpg,2025.10.28,2025,10,28,2025-10-28,YYYY.MM.DD,,2026-09-09T15:34:48
14,서영,000230,000230.jpg,2026-03-28,2026,03,28,2026-03-28,YYYY.MM.DD,,2026-09-09T18:30:56
2,서현,000231,000231.jpg,2028.05.27,2028,05,27,2028-05-27,YYYY.MM.DD,,2026-09-09T12:22:34
14,서영,000232,000232.jpg,2027.11.26 e,2027,11,26,2027-11-26,YYYY.MM.DD,e,2026-09-09T18:31:07
15,서현,000233,000233.jpg,20280113,2028,01,13,2028-01-13,YYYYMMDD,,2026-09-12T16:22:38
2,서현,000234,000234.jpg,261027 2,2026,10,27,2026-10-27,YYMMDD,2,2026-09-09T12:22:58
12,서영,000235,000235.jpg,2026.03.08,2026,03,08,2026-03-08,YYYY.MM.DD,,2026-09-12T09:36:25
12,서영,000236,000236.jpg,2026.04.08,2026,04,08,2026-04-08,YYYY.MM.DD,,2026-09-12T09:36:28
6,승아,000237,000237.jpg,2026.06.05,2026,06,05,2026-06-05,YYYY.MM.DD,,2026-09-09T15:34:52
12,서영,000238,000238.jpg,2026.09.10 2,2026,09,10,2026-09-10,YYYY.MM.DD,2,2026-09-12T09:36:33
14,서영,000239,000239.jpg,2026.07.10,2026,07,10,2026-07-10,YYYY.MM.DD,,2026-09-09T18:31:51
11,승아,000240,000240.jpg,2027.05.20,2027,05,20,2027-05-20,YYYY.MM.DD,,2026-09-09T19:46:49
12,서영,000241,000241.jpg,2027.08.10,2027,08,10,2027-08-10,YYYY.MM.DD,,2026-09-12T09:36:36
14,서영,000242,000242.jpg,2026.05.21 2,2026,05,21,2026-05-21,YYYY.MM.DD,2,2026-09-09T18:31:58
14,서영,000243,000243.jpg,2026.08.17,2026,08,17,2026-08-17,YYYY.MM.DD,,2026-09-09T18:32:05
13,민섭,000244,000244.jpg,2026.06.21 2,2026,06,21,2026-06-21,YYYY.MM.DD,2,2026-09-12T16:34:57
14,서영,000245,000245.jpg,26.02.24 2,2026,02,24,2026-02-24,YY.MM.DD,2,2026-09-09T18:32:24
14,서영,000246,000246.jpg,26.02.04 2,2026,02,04,2026-02-04,YY.MM.DD,2,2026-09-09T18:32:29
11,승아,000247,000247.jpg,20/05/2026,2026,05,20,2026-05-20,DD.MM.YYYY,,2026-09-09T19:46:56
3,민섭,000248,000248.jpg,2026.04.21,2026,04,21,2026-04-21,YYYY.MM.DD,,2026-09-09T20:20:57
8,민섭,000249,000249.jpg,2026.02.16,2026,02,16,2026-02-16,YYYY.MM.DD,,2026-09-12T16:18:03
14,서영,000250,000250.jpg,26.03.04 2,2026,03,04,2026-03-04,YY.MM.DD,2,2026-09-09T18:32:40
11,승아,000251,000251.jpg,26.02.24 2,2026,02,24,2026-02-24,YY.MM.DD,2,2026-09-09T19:47:06
13,민섭,000252,000252.jpg,2026.07.09,2026,07,09,2026-07-09,YYYY.MM.DD,,2026-09-12T16:35:04
9,서영,000253,000253.jpg,2026.06.20,2026,06,20,2026-06-20,YYYY.MM.DD,,2026-09-09T14:37:29
6,승아,000254,000254.jpg,26.08.12 2,2026,08,12,2026-08-12,YY.MM.DD,2,2026-09-09T15:35:00
5,병철,000255,000255.jpg,26.08.20,2026,08,20,2026-08-20,YY.MM.DD,,2026-09-09T00:22:38
7,서현,000256,000256.jpg,27.01.02,2027,01,02,2027-01-02,YY.MM.DD,,2026-09-09T13:58:30
13,민섭,000257,000257.jpg,2025.12.10,2025,12,10,2025-12-10,YYYY.MM.DD,,2026-09-12T16:35:30
14,서영,000258,000258.jpg,2026.05.30,2026,05,30,2026-05-30,YYYY.MM.DD,,2026-09-09T18:32:44
12,서영,000259,000259.jpg,2025.11.09,2025,11,09,2025-11-09,YYYY.MM.DD,,2026-09-12T09:36:39
14,서영,000260,000260.jpg,27.04.01,2027,04,01,2027-04-01,YY.MM.DD,,2026-09-09T18:32:47
11,승아,000261,000261.png,26.03.07 2,2026,03,07,2026-03-07,YY.MM.DD,2,2026-09-09T19:47:16
14,서영,000262,000262.jpg,2027.01.10 b,2027,01,10,2027-01-10,YYYY.MM.DD,b,2026-09-09T18:32:56
14,서영,000263,000263.jpg,2028.01.22,2028,01,22,2028-01-22,YYYY.MM.DD,,2026-09-09T18:33:02
14,서영,000264,000264.jpg,26.06.06,2026,06,06,2026-06-06,YY.MM.DD,,2026-09-09T18:33:07
7,서현,000265,000265.jpg,2026.11.26,2026,11,26,2026-11-26,YYYY.MM.DD,,2026-09-09T13:58:34
9,서영,000266,000266.jpg,2025.12.04 b,2025,12,04,2025-12-04,YYYY.MM.DD,b,2026-09-09T14:37:38
14,서영,000267,000267.jpg,26.06.02,2026,06,02,2026-06-02,YY.MM.DD,,2026-09-09T18:33:12
1,승아,000268,000268.jpg,26.07.14,2026,07,14,2026-07-14,YY.MM.DD,,2026-09-09T13:45:37
11,승아,000269,000269.jpg,2026.05.15,2026,05,15,2026-05-15,YYYY.MM.DD,,2026-09-09T19:47:20
11,승아,000270,000270.jpg,2026.09.03,2026,09,03,2026-09-03,YYYY.MM.DD,,2026-09-09T19:47:25
15,서현,000271,000271.jpg,2026.03.24,2026,03,24,2026-03-24,YYYY.MM.DD,,2026-09-12T16:22:42
11,승아,000272,000272.jpg,2026.05.10,2026,05,10,2026-05-10,YYYY.MM.DD,,2026-09-09T19:47:29
3,민섭,000273,000273.jpg,2026.03.13,2026,03,13,2026-03-13,YYYY.MM.DD,,2026-09-09T20:21:01
2,서현,000274,000274.jpg,26.03.02 2,2026,03,02,2026-03-02,YY.MM.DD,2,2026-09-09T12:24:05
8,민섭,000275,000275.jpg,2026.04.23,2026,04,23,2026-04-23,YYYY.MM.DD,,2026-09-12T16:18:07
6,승아,000276,000276.jpg,26.03.25 2,2026,03,25,2026-03-25,YY.MM.DD,2,2026-09-09T15:35:08
3,민섭,000277,000277.jpg,2026.07.15,2026,07,15,2026-07-15,YYYY.MM.DD,,2026-09-09T20:21:07
1,승아,000278,000278.jpg,26.06.22 2,2026,06,22,2026-06-22,YY.MM.DD,2,2026-09-09T13:45:48
4,서영,000279,000279.jpg,26.06.02 2,2026,06,02,2026-06-02,YY.MM.DD,2,2026-09-09T13:09:28
12,서영,000280,000280.jpg,2026.03.23,2026,03,23,2026-03-23,YYYY.MM.DD,,2026-09-12T09:36:42
14,서영,000281,000281.jpg,26.07.15,2026,07,15,2026-07-15,YY.MM.DD,,2026-09-09T18:33:17
14,서영,000282,000282.jpg,2026.09.10,2026,09,10,2026-09-10,YYYY.MM.DD,,2026-09-09T18:33:21
11,승아,000283,000283.jpg,27.09.17,2027,09,17,2027-09-17,YY.MM.DD,,2026-09-09T19:47:35
14,서영,000284,000284.jpg,2026.08.20,2026,08,20,2026-08-20,YYYY.MM.DD,,2026-09-09T18:33:26
15,서현,000285,000285.jpg,2027.07.02,2027,07,02,2027-07-02,YYYY.MM.DD,,2026-09-12T16:23:03
12,서영,000286,000286.jpg,2027.03.11,2027,03,11,2027-03-11,YYYY.MM.DD,,2026-09-12T09:36:45
11,승아,000287,000287.jpg,27.02.18,2027,02,18,2027-02-18,YY.MM.DD,,2026-09-09T19:47:40
12,서영,000288,000288.jpg,2028.07.25 b,2028,07,25,2028-07-25,YYYY.MM.DD,b,2026-09-12T09:36:52
10,병철,000289,000289.jpg,2030.07.23,2030,07,23,2030-07-23,YYYY.MM.DD,,2026-09-10T01:57:37
11,승아,000290,000290.jpg,2027.03.02,2027,03,02,2027-03-02,YYYY.MM.DD,,2026-09-09T19:47:48
6,승아,000291,000291.jpg,2027.07.21,2027,07,21,2027-07-21,YYYY.MM.DD,,2026-09-09T15:35:17
6,승아,000292,000292.jpg,13/02/2026,2026,02,13,2026-02-13,DD.MM.YYYY,,2026-09-09T15:35:27
1,승아,000293,000293.jpg,25.10.24,2025,10,24,2025-10-24,YY.MM.DD,,2026-09-09T13:45:55
15,서현,000294,000294.jpg,2026.09.08 2,2026,09,08,2026-09-08,YYYY.MM.DD,2,2026-09-12T16:23:11
13,민섭,000295,000295.jpg,2025.11.08,2025,11,08,2025-11-08,YYYY.MM.DD,,2026-09-12T16:35:35
13,민섭,000296,000296.jpg,2026.07.28,2026,07,28,2026-07-28,YYYY.MM.DD,,2026-09-12T16:35:38
1,승아,000297,000297.jpg,2026.04.08,2026,04,08,2026-04-08,YYYY.MM.DD,,2026-09-09T13:46:03
1,승아,000298,000298.jpg,2026.09.11,2026,09,11,2026-09-11,YYYY.MM.DD,,2026-09-09T13:46:10
8,민섭,000299,000299.jpg,2026.05.13,2026,05,13,2026-05-13,YYYY.MM.DD,,2026-09-12T16:18:10
14,서영,000300,000300.jpg,2026.05.21,2026,05,21,2026-05-21,YYYY.MM.DD,,2026-09-09T18:33:30
13,민섭,000301,000301.jpg,2027.04.09,2027,04,09,2027-04-09,YYYY.MM.DD,,2026-09-12T16:35:43
10,병철,000302,000302.jpg,2026.03.15,2026,03,15,2026-03-15,YYYY.MM.DD,,2026-09-10T01:57:40
12,서영,000303,000303.jpg,26.07.31,2026,07,31,2026-07-31,YY.MM.DD,,2026-09-12T09:36:55
11,승아,000304,000304.jpg,2026.06.01,2026,06,01,2026-06-01,YYYY.MM.DD,,2026-09-09T19:47:54
9,서영,000305,000305.jpg,26.02.24,2026,02,24,2026-02-24,YY.MM.DD,,2026-09-09T14:37:43
11,승아,000306,000306.jpg,2026.09.16,2026,09,16,2026-09-16,YYYY.MM.DD,,2026-09-09T19:48:00
15,서현,000307,000307.jpg,25.11.14,2025,11,14,2025-11-14,YY.MM.DD,,2026-09-12T16:23:16
15,서현,000308,000308.jpg,2025.12.04,2025,12,04,2025-12-04,YYYY.MM.DD,,2026-09-12T16:23:20
1,승아,000309,000309.jpg,2027.04.01,2027,04,01,2027-04-01,YYYY.MM.DD,,2026-09-09T13:46:42
12,서영,000310,000310.jpg,2026.09.28,2026,09,28,2026-09-28,YYYY.MM.DD,,2026-09-12T09:36:58
1,승아,000311,000311.jpg,2026년08년09일,2026,08,09,2026-08-09,YYYY.MM.DD,,2026-09-09T13:48:46
11,승아,000312,000312.jpg,2026.08.26,2026,08,26,2026-08-26,YYYY.MM.DD,,2026-09-09T19:48:05
6,승아,000313,000313.jpg,2026.03.17,2026,03,17,2026-03-17,YYYY.MM.DD,,2026-09-09T15:35:35
4,서영,000314,000314.jpg,2026.09.01,2026,09,01,2026-09-01,YYYY.MM.DD,,2026-09-09T13:09:32
13,민섭,000315,000315.jpg,2026.07.19,2026,07,19,2026-07-19,YYYY.MM.DD,,2026-09-12T16:35:46
9,서영,000316,000316.jpg,2027.03.01,2027,03,01,2027-03-01,YYYY.MM.DD,,2026-09-09T14:37:46
11,승아,000317,000317.jpg,2025.11.15,2025,11,15,2025-11-15,YYYY.MM.DD,,2026-09-09T19:48:09
3,민섭,000318,000318.jpg,2025.11.09,2025,11,09,2025-11-09,YYYY.MM.DD,,2026-09-09T20:21:12
11,승아,000319,000319.jpg,2026.02.14,2026,02,14,2026-02-14,YYYY.MM.DD,,2026-09-09T19:48:13
15,서현,000320,000320.jpg,2025.11.12 2,2025,11,12,2025-11-12,YYYY.MM.DD,2,2026-09-12T16:23:25
1,승아,000321,000321.jpg,2025.10.29,2025,10,29,2025-10-29,YYYY.MM.DD,,2026-09-09T13:49:08
6,승아,000322,000322.jpg,2025.10.29,2025,10,29,2025-10-29,YYYY.MM.DD,,2026-09-09T15:35:43
9,서영,000323,000323.jpg,2025.12.21 2,2025,12,21,2025-12-21,YYYY.MM.DD,2,2026-09-09T14:37:50
6,승아,000324,000324.jpg,2027.05.15,2027,05,15,2027-05-15,YYYY.MM.DD,,2026-09-09T15:35:47
14,서영,000325,000325.jpg,25.11.03,2025,11,03,2025-11-03,YY.MM.DD,,2026-09-09T18:33:33
14,서영,000326,000326.jpg,2025.10.18,2025,10,18,2025-10-18,YYYY.MM.DD,,2026-09-09T18:33:38
1,승아,000327,000327.jpg,25.10.21,2025,10,21,2025-10-21,YY.MM.DD,,2026-09-09T13:49:13
9,서영,000328,000328.jpg,2025.12.25,2025,12,25,2025-12-25,YYYY.MM.DD,,2026-09-09T14:37:53
6,승아,000329,000329.jpg,2025.12.25,2025,12,25,2025-12-25,YYYY.MM.DD,,2026-09-09T15:35:55
11,승아,000330,000330.jpg,25.11.02 2,2025,11,02,2025-11-02,YY.MM.DD,2,2026-09-09T19:48:22
7,서현,000331,000331.jpg,2025.10.31,2025,10,31,2025-10-31,YYYY.MM.DD,,2026-09-09T13:59:18
15,서현,000332,000332.jpg,2025.10.22,2025,10,22,2025-10-22,YYYY.MM.DD,,2026-09-12T16:23:29
12,서영,000333,000333.jpg,2025.11.07,2025,11,07,2025-11-07,YYYY.MM.DD,,2026-09-12T09:37:03
13,민섭,000334,000334.jpg,2026.03.15,2026,03,15,2026-03-15,YYYY.MM.DD,,2026-09-12T16:35:50
12,서영,000335,000335.jpg,2025.11.28,2025,11,28,2025-11-28,YYYY.MM.DD,,2026-09-12T09:37:05
14,서영,000336,000336.jpg,25.11.20,2025,11,20,2025-11-20,YY.MM.DD,,2026-09-09T18:33:41
14,서영,000337,000337.jpg,2025.12.09,2025,12,09,2025-12-09,YYYY.MM.DD,,2026-09-09T18:33:48
15,서현,000338,000338.jpg,2026.05.28,2026,05,28,2026-05-28,YYYY.MM.DD,,2026-09-12T16:23:35
5,병철,000339,000339.jpg,2026.08.18,2026,08,18,2026-08-18,YYYY.MM.DD,,2026-09-09T00:22:41
13,민섭,000340,000340.jpg,26.08.11,2026,08,11,2026-08-11,YY.MM.DD,,2026-09-12T16:35:55
11,승아,000341,000341.jpg,2026.04.29,2026,04,29,2026-04-29,YYYY.MM.DD,,2026-09-09T19:48:36
13,민섭,000342,000342.jpg,2026.06.22,2026,06,22,2026-06-22,YYYY.MM.DD,,2026-09-12T16:35:59
4,서영,000343,000343.jpg,2025.12.30,2025,12,30,2025-12-30,YYYY.MM.DD,,2026-09-09T13:09:38
13,민섭,000344,000344.jpg,2026.08.04,2026,08,04,2026-08-04,YYYY.MM.DD,,2026-09-12T16:36:02
9,서영,000345,000345.jpg,2026.04.09,2026,04,09,2026-04-09,YYYY.MM.DD,,2026-09-09T14:37:56
11,승아,000346,000346.jpg,2026.05.15,2026,05,15,2026-05-15,YYYY.MM.DD,,2026-09-09T19:48:42
14,서영,000347,000347.jpg,2027.05.26,2027,05,26,2027-05-26,YYYY.MM.DD,,2026-09-09T18:33:53
8,민섭,000348,000348.jpg,2026.04.02,2026,04,02,2026-04-02,YYYY.MM.DD,,2026-09-12T16:18:13
8,민섭,000349,000349.jpg,2025.12.07,2025,12,07,2025-12-07,YYYY.MM.DD,,2026-09-12T16:18:21
9,서영,000350,000350.jpg,2027/05/15,2027,05,15,2027-05-15,YYYY.MM.DD,,2026-09-09T14:38:01
4,서영,000351,000351.jpg,2026.05.03,2026,05,03,2026-05-03,YYYY.MM.DD,,2026-09-09T13:09:44
15,서현,000352,000352.jpg,2026.08.27,2026,08,27,2026-08-27,YYYY.MM.DD,,2026-09-12T16:23:40
10,병철,000353,000353.jpg,2026.03.08,2026,03,08,2026-03-08,YYYY.MM.DD,,2026-09-10T01:57:43
15,서현,000354,000354.jpg,2027.07.06,2027,07,06,2027-07-06,YYYY.MM.DD,,2026-09-12T16:23:45
10,병철,000355,000355.jpg,2028.06.17,2028,06,17,2028-06-17,YYYY.MM.DD,,2026-09-10T01:57:47
12,서영,000356,000356.jpg,2027.03.17,2027,03,17,2027-03-17,YYYY.MM.DD,,2026-09-12T09:37:09
10,병철,000357,000357.jpg,2027.08.11,2027,08,11,2027-08-11,YYYY.MM.DD,,2026-09-10T01:57:50
1,승아,000358,000358.jpg,2027.09.16,2027,09,16,2027-09-16,YYYY.MM.DD,,2026-09-09T13:49:24
13,민섭,000359,000359.jpg,2026.06.16,2026,06,16,2026-06-16,YYYY.MM.DD,,2026-09-12T16:36:06
15,서현,000360,000360.jpg,26.02.18 2,2026,02,18,2026-02-18,YY.MM.DD,2,2026-09-12T16:23:54
13,민섭,000361,000361.jpg,2026.12.19,2026,12,19,2026-12-19,YYYY.MM.DD,,2026-09-12T16:36:09
3,민섭,000362,000362.jpg,2026.08.11,2026,08,11,2026-08-11,YYYY.MM.DD,,2026-09-09T20:21:16
6,승아,000363,000363.jpg,2026.04.21,2026,04,21,2026-04-21,YYYY.MM.DD,,2026-09-09T15:36:01
10,병철,000364,000364.jpg,2026.06.04,2026,06,04,2026-06-04,YYYY.MM.DD,,2026-09-10T01:57:53
14,서영,000365,000365.jpg,2026.03.11,2026,03,11,2026-03-11,YYYY.MM.DD,,2026-09-09T18:33:56
6,승아,000366,000366.jpg,2026.09.05,2026,09,05,2026-09-05,YYYY.MM.DD,,2026-09-09T15:36:05
14,서영,000367,000367.jpg,2026.05.18,2026,05,18,2026-05-18,YYYY.MM.DD,,2026-09-09T18:33:59
14,서영,000368,000368.jpg,2026.09.22,2026,09,22,2026-09-22,YYYY.MM.DD,,2026-09-09T18:34:02
10,병철,000369,000369.jpg,2027.06.25,2027,06,25,2027-06-25,YYYY.MM.DD,,2026-09-10T01:57:56
15,서현,000370,000370.jpg,2026.09.02,2026,09,02,2026-09-02,YYYY.MM.DD,,2026-09-12T16:23:59
6,승아,000371,000371.jpg,2026.02.15,2026,02,15,2026-02-15,YYYY.MM.DD,,2026-09-09T15:36:10
13,민섭,000372,000372.jpg,2026.09.15,2026,09,15,2026-09-15,YYYY.MM.DD,,2026-09-12T16:36:14
14,서영,000373,000373.jpg,2026.09.18,2026,09,18,2026-09-18,YYYY.MM.DD,,2026-09-09T18:34:06
12,서영,000374,000374.jpg,2026.08.28,2026,08,28,2026-08-28,YYYY.MM.DD,,2026-09-12T09:37:12
13,민섭,000375,000375.jpg,26.05.31,2026,05,31,2026-05-31,YY.MM.DD,,2026-09-12T16:36:22
7,서현,000376,000376.jpg,2025.10.07,2025,10,07,2025-10-07,YYYY.MM.DD,,2026-09-09T13:59:22
15,서현,000377,000377.jpg,2026.07.01,2026,07,01,2026-07-01,YYYY.MM.DD,,2026-09-12T16:24:03
12,서영,000378,000378.jpg,29 05 2026 2,2026,05,29,2026-05-29,DD.MM.YYYY,2,2026-09-12T09:37:16
13,민섭,000379,000379.jpg,050926 d,2026,09,05,2026-09-05,DDMMYY,d,2026-09-12T16:36:39
14,서영,000380,000380.jpg,2026.09.02,2026,09,02,2026-09-02,YYYY.MM.DD,,2026-09-09T18:34:10
15,서현,000381,000381.jpg,20/01/2027,2027,01,20,2027-01-20,DD.MM.YYYY,,2026-09-12T16:24:16
14,서영,000382,000382.jpg,2026.08.18,2026,08,18,2026-08-18,YYYY.MM.DD,,2026-09-09T18:34:14
11,승아,000383,000383.jpg,2026.04.03,2026,04,03,2026-04-03,YYYY.MM.DD,,2026-09-09T19:48:47
13,민섭,000384,000384.jpg,2026.09.08 2,2026,09,08,2026-09-08,YYYY.MM.DD,2,2026-09-12T16:36:47
11,승아,000385,000385.jpg,2026.09.14 2,2026,09,14,2026-09-14,YYYY.MM.DD,2,2026-09-09T19:48:54
7,서현,000386,000386.jpg,2026.06.10 2,2026,06,10,2026-06-10,YYYY.MM.DD,2,2026-09-09T13:59:28
15,서현,000387,000387.jpg,2027.01.21,2027,01,21,2027-01-21,YYYY.MM.DD,,2026-09-12T16:24:21
1,승아,000388,000388.jpg,2026.01.15,2026,01,15,2026-01-15,YYYY.MM.DD,,2026-09-09T13:49:31
4,서영,000389,000389.jpg,2026.02.27,2026,02,27,2026-02-27,YYYY.MM.DD,,2026-09-09T13:09:48
15,서현,000390,000390.jpg,2026.05.19,2026,05,19,2026-05-19,YYYY.MM.DD,,2026-09-12T16:24:25
11,승아,000391,000391.jpg,2026.12.10,2026,12,10,2026-12-10,YYYY.MM.DD,,2026-09-09T19:48:58
11,승아,000392,000392.jpg,26.08.28 2,2026,08,28,2026-08-28,YY.MM.DD,2,2026-09-09T19:49:14
15,서현,000393,000393.jpg,2027.08.02,2027,08,02,2027-08-02,YYYY.MM.DD,,2026-09-12T16:24:30
13,민섭,000394,000394.jpg,2026.04.14,2026,04,14,2026-04-14,YYYY.MM.DD,,2026-09-12T16:36:52
3,민섭,000395,000395.jpg,2026.03.15,2026,03,15,2026-03-15,YYYY.MM.DD,,2026-09-09T20:21:23
14,서영,000396,000396.jpg,2026.02.27,2026,02,27,2026-02-27,YYYY.MM.DD,,2026-09-09T18:34:20
7,서현,000397,000397.jpg,2026.02.19,2026,02,19,2026-02-19,YYYY.MM.DD,,2026-09-09T14:00:25
11,승아,000398,000398.jpg,2027.07.30,2027,07,30,2027-07-30,YYYY.MM.DD,,2026-09-09T19:49:22
12,서영,000399,000399.jpg,2027.01.31,2027,01,31,2027-01-31,YYYY.MM.DD,,2026-09-12T09:37:21
4,서영,000400,000400.jpg,26.01.11 2,2026,01,11,2026-01-11,YY.MM.DD,2,2026-09-09T13:09:53
8,민섭,000401,000401.jpg,2027.04.12,2027,04,12,2027-04-12,YYYY.MM.DD,,2026-09-12T16:18:26
13,민섭,000402,000402.jpg,28.04.19,2019,04,28,2019-04-28,DD.MM.YY,,2026-09-12T16:36:57
15,서현,000403,000403.jpg,2027.04.01,2027,04,01,2027-04-01,YYYY.MM.DD,,2026-09-12T16:24:35
12,서영,000404,000404.jpg,2026.06.10,2026,06,10,2026-06-10,YYYY.MM.DD,,2026-09-12T09:37:23
14,서영,000405,000405.jpg,2027.10.15,2027,10,15,2027-10-15,YYYY.MM.DD,,2026-09-09T18:34:25
11,승아,000406,000406.jpg,2026.08.27 2,2026,08,27,2026-08-27,YYYY.MM.DD,2,2026-09-09T19:49:53
11,승아,000407,000407.jpg,2025.12.01 2,2025,12,01,2025-12-01,YYYY.MM.DD,2,2026-09-09T19:50:21
11,승아,000408,000408.jpg,2025.10.09 2,2025,10,09,2025-10-09,YYYY.MM.DD,2,2026-09-09T19:50:32
1,승아,000409,000409.jpg,2027.03.26,2027,03,26,2027-03-26,YYYY.MM.DD,,2026-09-09T13:49:40
12,서영,000410,000410.jpg,2027.04.13,2027,04,13,2027-04-13,YYYY.MM.DD,,2026-09-12T09:37:27
6,승아,000411,000411.jpg,2026.09.09 2,2026,09,09,2026-09-09,YYYY.MM.DD,2,2026-09-09T15:36:18
9,서영,000412,000412.jpg,2026.1.19,2026,01,19,2026-01-19,YYYY.MM.DD,,2026-09-09T14:38:05
2,서현,000413,000413.jpg,2027.04.23,2027,04,23,2027-04-23,YYYY.MM.DD,,2026-09-09T12:24:12
10,병철,000414,000414.jpg,2026.04.07,2026,04,07,2026-04-07,YYYY.MM.DD,,2026-09-10T01:57:59
4,서영,000415,000415.jpg,2026.05.27,2026,05,27,2026-05-27,YYYY.MM.DD,,2026-09-09T13:27:39
7,서현,000416,000416.jpg,2026.04.07,2026,04,07,2026-04-07,YYYY.MM.DD,,2026-09-09T14:00:29
8,민섭,000417,000417.jpg,2026.03.15,2026,03,15,2026-03-15,YYYY.MM.DD,,2026-09-12T16:18:30
11,승아,000418,000418.jpg,2026.09.08,2026,09,08,2026-09-08,YYYY.MM.DD,,2026-09-09T19:50:37
13,민섭,000419,000419.jpg,2026.08.05,2026,08,05,2026-08-05,YYYY.MM.DD,,2026-09-12T16:37:03
14,서영,000420,000420.jpg,2025.12.04,2025,12,04,2025-12-04,YYYY.MM.DD,,2026-09-09T18:34:43
15,서현,000421,000421.jpg,26.07.17,2026,07,17,2026-07-17,YY.MM.DD,,2026-09-12T16:25:20
13,민섭,000422,000422.jpg,2026.06.09 2,2026,06,09,2026-06-09,YYYY.MM.DD,2,2026-09-12T16:37:11
12,서영,000423,000423.jpg,2026.06.04 b,2026,06,04,2026-06-04,YYYY.MM.DD,b,2026-09-12T09:37:35
13,민섭,000424,000424.jpg,2026.03.28,2026,03,28,2026-03-28,YYYY.MM.DD,,2026-09-12T16:37:21
14,서영,000425,000425.jpg,2025.11.05,2025,11,05,2025-11-05,YYYY.MM.DD,,2026-09-09T18:34:48
13,민섭,000426,000426.jpg,2026.12.26,2026,12,26,2026-12-26,YYYY.MM.DD,,2026-09-12T16:37:28
10,병철,000427,000427.jpg,2027.04.01,2027,04,01,2027-04-01,YYYY.MM.DD,,2026-09-10T01:58:05
1,승아,000428,000428.jpg,26.04.23,2026,04,23,2026-04-23,YY.MM.DD,,2026-09-09T13:50:02
8,민섭,000429,000429.jpg,2026.01.04,2026,01,04,2026-01-04,YYYY.MM.DD,,2026-09-12T16:18:34
13,민섭,000430,000430.jpg,2028.02.01,2028,02,01,2028-02-01,YYYY.MM.DD,,2026-09-12T16:37:34
10,병철,000431,000431.jpg,2026.03.17,2026,03,17,2026-03-17,YYYY.MM.DD,,2026-09-10T01:58:09
3,민섭,000432,000432.jpg,2027.04.28,2027,04,28,2027-04-28,YYYY.MM.DD,,2026-09-09T20:21:28
13,민섭,000433,000433.jpg,2026.08.05,2026,08,05,2026-08-05,YYYY.MM.DD,,2026-09-12T16:37:38
14,서영,000434,000434.jpg,2026.10.28,2026,10,28,2026-10-28,YYYY.MM.DD,,2026-09-09T18:34:51
12,서영,000435,000435.jpg,2026/07/14,2026,07,14,2026-07-14,YYYY.MM.DD,,2026-09-12T09:37:40
9,서영,000436,000436.jpg,2026.02.12,2026,02,12,2026-02-12,YYYY.MM.DD,,2026-09-09T14:38:09
14,서영,000437,000437.jpg,25.11.19,2025,11,19,2025-11-19,YY.MM.DD,,2026-09-09T18:34:55
9,서영,000438,000438.jpg,2026.02.19 t,2026,02,19,2026-02-19,YYYY.MM.DD,t,2026-09-09T14:38:17
14,서영,000439,000439.jpg,2026.03.18,2026,03,18,2026-03-18,YYYY.MM.DD,,2026-09-09T18:35:00
6,승아,000440,000440.jpg,26.08.13 2,2026,08,13,2026-08-13,YY.MM.DD,2,2026-09-09T15:36:39
2,서현,000441,000441.jpg,2025.12.15,2025,12,15,2025-12-15,YYYY.MM.DD,,2026-09-09T12:24:17
11,승아,000442,000442.jpg,2025.11.30,2025,11,30,2025-11-30,YYYY.MM.DD,,2026-09-09T19:50:43
9,서영,000443,000443.jpg,2026.04.06,2026,04,06,2026-04-06,YYYY.MM.DD,,2026-09-09T14:38:27
14,서영,000444,000444.jpg,2026.07.01,2026,07,01,2026-07-01,YYYY.MM.DD,,2026-09-09T18:35:03
11,승아,000445,000445.jpg,2026.07.17,2026,07,17,2026-07-17,YYYY.MM.DD,,2026-09-09T19:50:48
4,서영,000446,000446.jpg,2026.04.11,2026,04,11,2026-04-11,YYYY.MM.DD,,2026-09-09T13:27:53
12,서영,000447,000447.jpg,2025.11.22,2025,11,22,2025-11-22,YYYY.MM.DD,,2026-09-12T09:37:47
7,서현,000448,000448.jpg,2026.08.20,2026,08,20,2026-08-20,YYYY.MM.DD,,2026-09-09T14:00:32
14,서영,000449,000449.jpg,28.01.2026,2026,01,28,2026-01-28,DD.MM.YYYY,,2026-09-09T18:35:08
7,서현,000450,000450.jpg,2026.03.11 2,2026,03,11,2026-03-11,YYYY.MM.DD,2,2026-09-09T14:00:37
11,승아,000451,000451.jpg,26.02.27 2,2026,02,27,2026-02-27,YY.MM.DD,2,2026-09-09T19:50:55
11,승아,000452,000452.jpg,2026.03.25 2,2026,03,25,2026-03-25,YYYY.MM.DD,2,2026-09-09T19:51:05
14,서영,000453,000453.jpg,26.01.26 2,2026,01,26,2026-01-26,YY.MM.DD,2,2026-09-09T18:35:14
10,병철,000454,000454.jpg,2025.07.15  2,2025,07,15,2025-07-15,YYYY.MM.DD,2,2026-09-10T01:58:37
11,승아,000455,000455.jpg,2026.02.10 2,2026,02,10,2026-02-10,YYYY.MM.DD,2,2026-09-09T19:51:13
13,민섭,000456,000456.jpg,2025.12.26 2,2025,12,26,2025-12-26,YYYY.MM.DD,2,2026-09-12T16:37:48
4,서영,000457,000457.jpg,2026.06.18,2026,06,18,2026-06-18,YYYY.MM.DD,,2026-09-09T13:28:06
3,민섭,000458,000458.jpg,2026.07.01,2026,07,01,2026-07-01,YYYY.MM.DD,,2026-09-09T20:21:37
10,병철,000459,000459.jpg,2026.01.19,2026,01,19,2026-01-19,YYYY.MM.DD,,2026-09-10T01:58:42
4,서영,000460,000460.jpg,2025.12.03,2025,12,03,2025-12-03,YYYY.MM.DD,,2026-09-09T13:28:20
14,서영,000461,000461.jpg,2026.11.28,2026,11,28,2026-11-28,YYYY.MM.DD,,2026-09-09T18:35:17
6,승아,000462,000462.jpg,2027.05.27,2027,05,27,2027-05-27,YYYY.MM.DD,,2026-09-09T15:36:48
4,서영,000463,000463.jpg,2027.02.14,2027,02,14,2027-02-14,YYYY.MM.DD,,2026-09-09T13:28:28
6,승아,000464,000464.jpg,2026.03.19,2026,03,19,2026-03-19,YYYY.MM.DD,,2026-09-09T15:36:53
12,서영,000465,000465.jpg,2027/07/30 t,2027,07,30,2027-07-30,YYYY.MM.DD,t,2026-09-12T09:37:54
12,서영,000466,000466.jpg,2027.06.07 t,2027,06,07,2027-06-07,YYYY.MM.DD,t,2026-09-12T09:37:59
14,서영,000467,000467.jpg,25.12.26,2025,12,26,2025-12-26,YY.MM.DD,,2026-09-09T18:35:21
12,서영,000468,000468.jpg,06 04 2026 ?,2026,04,06,2026-04-06,DD.MM.YYYY,?,2026-09-12T09:38:22
10,병철,000469,000469.jpg,2026.07.21,2026,07,21,2026-07-21,YYYY.MM.DD,,2026-09-10T01:58:45
8,민섭,000470,000470.jpg,2026.08.06,2026,08,06,2026-08-06,YYYY.MM.DD,,2026-09-12T16:18:38
14,서영,000471,000471.jpg,2027.01.08,2027,01,08,2027-01-08,YYYY.MM.DD,,2026-09-09T18:36:00
5,병철,000472,000472.jpg,2025 01.17,2025,01,17,2025-01-17,YYYY.MM.DD,,2026-09-09T00:27:38
13,민섭,000473,000473.jpg,2026.05.21,2026,05,21,2026-05-21,YYYY.MM.DD,,2026-09-12T16:37:52
12,서영,000474,000474.jpg,26.06.26,2026,06,26,2026-06-26,YY.MM.DD,,2026-09-12T09:38:26
5,병철,000475,000475.jpg,30/07/26 d,2026,07,30,2026-07-30,DD.MM.YY,d,2026-09-09T00:28:05
12,서영,000476,000476.jpg,2026.07.06,2026,07,06,2026-07-06,YYYY.MM.DD,,2026-09-12T09:38:32
13,민섭,000477,000477.jpg,2026.07.21,2026,07,21,2026-07-21,YYYY.MM.DD,,2026-09-12T16:37:56
12,서영,000478,000478.jpg,26.06.11,2026,06,11,2026-06-11,YY.MM.DD,,2026-09-12T09:38:36
8,민섭,000479,000479.jpg,2026.05.22,2026,05,22,2026-05-22,YYYY.MM.DD,,2026-09-12T16:18:47
13,민섭,000480,000480.jpg,2026.06.04,2026,06,04,2026-06-04,YYYY.MM.DD,,2026-09-12T16:37:59
14,서영,000481,000481.jpg,2026.03.09,2026,03,09,2026-03-09,YYYY.MM.DD,,2026-09-09T18:36:04
9,서영,000482,000482.jpg,2026.11.14 b,2026,11,14,2026-11-14,YYYY.MM.DD,b,2026-09-09T14:38:34
15,서현,000483,000483.jpg,2027.04.15,2027,04,15,2027-04-15,YYYY.MM.DD,,2026-09-12T16:25:24
14,서영,000484,000484.jpg,2027.11.14,2027,11,14,2027-11-14,YYYY.MM.DD,,2026-09-09T18:36:07
13,민섭,000485,000485.jpg,2027-09-17,2027,09,17,2027-09-17,YYYY.MM.DD,,2026-09-12T16:38:04
2,서현,000486,000486.jpg,2027.07.15,2027,07,15,2027-07-15,YYYY.MM.DD,,2026-09-09T12:24:39
8,민섭,000487,000487.jpg,2027.12.11,2027,12,11,2027-12-11,YYYY.MM.DD,,2026-09-12T16:18:54
5,병철,000488,000488.jpg,2026.02.27,2026,02,27,2026-02-27,YYYY.MM.DD,,2026-09-09T00:28:11
8,민섭,000489,000489.jpg,2026.05.08,2026,05,08,2026-05-08,YYYY.MM.DD,,2026-09-12T16:19:01
15,서현,000490,000490.jpg,25.11.27,2025,11,27,2025-11-27,YY.MM.DD,,2026-09-12T16:25:27
2,서현,000491,000491.jpg,2026.09.19,2026,09,19,2026-09-19,YYYY.MM.DD,,2026-09-09T12:24:45
4,서영,000492,000492.jpg,2026.03.12,2026,03,12,2026-03-12,YYYY.MM.DD,,2026-09-09T13:28:37
10,병철,000493,000493.jpg,2026.06.17,2026,06,17,2026-06-17,YYYY.MM.DD,,2026-09-10T01:58:48
13,민섭,000494,000494.jpg,2025.12.12 2,2025,12,12,2025-12-12,YYYY.MM.DD,2,2026-09-12T16:38:16
13,민섭,000495,000495.jpg,2026.02.19 2,2026,02,19,2026-02-19,YYYY.MM.DD,2,2026-09-12T16:38:23
8,민섭,000496,000496.jpg,2027.03.05,2027,03,05,2027-03-05,YYYY.MM.DD,,2026-09-12T16:19:05
9,서영,000497,000497.jpg,26.08.31,2026,08,31,2026-08-31,YY.MM.DD,,2026-09-09T14:38:37
13,민섭,000498,000498.jpg,2026.03.07,2026,03,07,2026-03-07,YYYY.MM.DD,,2026-09-12T16:38:31
13,민섭,000499,000499.jpg,2026.05.13,2026,05,13,2026-05-13,YYYY.MM.DD,,2026-09-12T16:38:43
14,서영,000500,000500.jpg,2026.12.17 2,2026,12,17,2026-12-17,YYYY.MM.DD,2,2026-09-09T18:36:11
4,서영,000501,000501.jpg,26.02.24,2026,02,24,2026-02-24,YY.MM.DD,,2026-09-09T13:28:50
11,승아,000502,000502.jpg,2026.06.20,2026,06,20,2026-06-20,YYYY.MM.DD,,2026-09-09T19:51:16
7,서현,000503,000503.jpg,26.02.18,2026,02,18,2026-02-18,YY.MM.DD,,2026-09-09T14:00:43
7,서현,000504,000504.jpg,26.02.28,2026,02,28,2026-02-28,YY.MM.DD,,2026-09-09T14:01:00
15,서현,000505,000505.jpg,26.03.02,2026,03,02,2026-03-02,YY.MM.DD,,2026-09-12T16:25:33
10,병철,000506,000506.jpg,2026.06.18  2,2026,06,18,2026-06-18,YYYY.MM.DD,2,2026-09-10T01:58:53
15,서현,000507,000507.jpg,26.05.19 2,2026,05,19,2026-05-19,YY.MM.DD,2,2026-09-12T16:25:39
1,승아,000508,000508.jpg,26.08.25,2026,08,25,2026-08-25,YY.MM.DD,,2026-09-09T13:50:07
3,민섭,000509,000509.jpg,2026.09.01,2026,09,01,2026-09-01,YYYY.MM.DD,,2026-09-09T20:21:43
14,서영,000510,000510.jpg,2026.09.03,2026,09,03,2026-09-03,YYYY.MM.DD,,2026-09-09T18:36:14
11,승아,000511,000511.jpg,26.03.24,2026,03,24,2026-03-24,YY.MM.DD,,2026-09-09T19:51:20
15,서현,000512,000512.jpg,2026.02.17,2026,02,17,2026-02-17,YYYY.MM.DD,,2026-09-12T16:25:43
14,서영,000513,000513.jpg,2026.09.03,2026,09,03,2026-09-03,YYYY.MM.DD,,2026-09-09T18:36:17
14,서영,000514,000514.jpg,2026.07.13,2026,07,13,2026-07-13,YYYY.MM.DD,,2026-09-09T18:36:21
2,서현,000515,000515.jpg,2026.01 2,2026,01,NONE,2026-01-NONE,YYYY.MM,2,2026-09-09T12:24:56
11,승아,000516,000516.jpg,16/07/2026,2026,07,16,2026-07-16,DD.MM.YYYY,,2026-09-09T19:51:27
14,서영,000517,000517.jpg,26.09.25,2026,09,25,2026-09-25,YY.MM.DD,,2026-09-09T18:36:25
13,민섭,000518,000518.jpg,26.09.14,2026,09,14,2026-09-14,YY.MM.DD,,2026-09-12T16:38:53
15,서현,000519,000519.jpg,26.08.10 2,2026,08,10,2026-08-10,YY.MM.DD,2,2026-09-12T16:25:47
8,민섭,000520,000520.jpg,2026.09.15,2026,09,15,2026-09-15,YYYY.MM.DD,,2026-09-12T16:19:08
12,서영,000521,000521.jpg,2026.03.10 2,2026,03,10,2026-03-10,YYYY.MM.DD,2,2026-09-12T09:38:42
12,서영,000522,000522.jpg,26.02.21 2,2026,02,21,2026-02-21,YY.MM.DD,2,2026-09-12T09:38:45
12,서영,000523,000523.jpg,2026.03.23 2,2026,03,23,2026-03-23,YYYY.MM.DD,2,2026-09-12T09:38:49
13,민섭,000524,000524.jpg,18/06/2026,2026,06,18,2026-06-18,DD.MM.YYYY,,2026-09-12T16:38:58
13,민섭,000525,000525.jpg,2027.09.08,2027,09,08,2027-09-08,YYYY.MM.DD,,2026-09-12T16:39:03
4,서영,000526,000526.jpg,2026.07.04,2026,07,04,2026-07-04,YYYY.MM.DD,,2026-09-09T13:29:01
6,승아,000527,000527.jpg,2025.10.12,2025,10,12,2025-10-12,YYYY.MM.DD,,2026-09-09T15:36:57
1,승아,000528,000528.jpg,2026.03.11,2026,03,11,2026-03-11,YYYY.MM.DD,,2026-09-09T13:50:13
15,서현,000529,000529.jpg,2026/01/12,2026,01,12,2026-01-12,YYYY.MM.DD,,2026-09-12T16:31:28
11,승아,000530,000530.jpg,2026.06.24,2026,06,24,2026-06-24,YYYY.MM.DD,,2026-09-09T19:51:37
14,서영,000531,000531.jpg,2026.02.28,2026,02,28,2026-02-28,YYYY.MM.DD,,2026-09-09T18:36:28
14,서영,000532,000532.jpg,2026.02.28,2026,02,28,2026-02-28,YYYY.MM.DD,,2026-09-09T18:36:33
10,병철,000533,000533.jpg,2026.03.26,2026,03,26,2026-03-26,YYYY.MM.DD,,2026-09-10T01:58:56
10,병철,000534,000534.jpg,2027.01.29,2027,01,29,2027-01-29,YYYY.MM.DD,,2026-09-10T01:58:59
11,승아,000535,000535.jpg,2026.02.04,2026,02,04,2026-02-04,YYYY.MM.DD,,2026-09-09T19:51:41
15,서현,000536,000536.jpg,2026.01.01,2026,01,01,2026-01-01,YYYY.MM.DD,,2026-09-12T16:31:31
5,병철,000537,000537.jpg,2026.05.08,2026,05,08,2026-05-08,YYYY.MM.DD,,2026-09-09T00:28:16
11,승아,000538,000538.jpg,2026.02.06,2026,02,06,2026-02-06,YYYY.MM.DD,,2026-09-09T19:51:45
8,민섭,000539,000539.jpg,\2027.08.11,2027,08,11,2027-08-11,YYYY.MM.DD,,2026-09-12T16:19:12
11,승아,000540,000540.jpg,2026.03.24,2026,03,24,2026-03-24,YYYY.MM.DD,,2026-09-09T19:51:50
14,서영,000541,000541.jpg,2026.03.22,2026,03,22,2026-03-22,YYYY.MM.DD,,2026-09-09T18:36:35
15,서현,000542,000542.jpg,2027.07.22,2027,07,22,2027-07-22,YYYY.MM.DD,,2026-09-12T16:31:35
6,승아,000543,000543.jpg,2026.06.23,2026,06,23,2026-06-23,YYYY.MM.DD,,2026-09-09T15:37:02
3,민섭,000544,000544.jpg,2029.06.25,2029,06,25,2029-06-25,YYYY.MM.DD,,2026-09-09T20:21:48
11,승아,000545,000545.jpg,2027.07.09,2027,07,09,2027-07-09,YYYY.MM.DD,,2026-09-09T19:51:55
12,서영,000546,000546.jpg,2026.08.10 2,2026,08,10,2026-08-10,YYYY.MM.DD,2,2026-09-12T09:38:54
13,민섭,000547,000547.jpg,2026.05.28,2026,05,28,2026-05-28,YYYY.MM.DD,,2026-09-12T16:39:08
15,서현,000548,000548.jpg,2026.05.26,2026,05,26,2026-05-26,YYYY.MM.DD,,2026-09-12T16:31:40
15,서현,000549,000549.jpg,2027.01.16,2027,01,16,2027-01-16,YYYY.MM.DD,,2026-09-12T16:31:44
13,민섭,000550,000550.jpg,2026.05.29,2026,05,29,2026-05-29,YYYY.MM.DD,,2026-09-12T16:39:11
15,서현,000551,000551.jpg,2026.12.19,2026,12,19,2026-12-19,YYYY.MM.DD,,2026-09-12T16:31:48
12,서영,000552,000552.jpg,2026.09.07,2026,09,07,2026-09-07,YYYY.MM.DD,,2026-09-12T09:38:57
15,서현,000553,000553.jpg,2028.10.24,2028,10,24,2028-10-24,YYYY.MM.DD,,2026-09-12T16:31:52
12,서영,000554,000554.jpg,2027.09.17,2027,09,17,2027-09-17,YYYY.MM.DD,,2026-09-12T09:39:04
14,서영,000555,000555.jpg,2027.04.16,2027,04,16,2027-04-16,YYYY.MM.DD,,2026-09-09T18:36:43
14,서영,000556,000556.jpg,2026.08.07 e,2026,08,07,2026-08-07,YYYY.MM.DD,e,2026-09-09T18:36:55
15,서현,000557,000557.jpg,2026.08.12,2026,08,12,2026-08-12,YYYY.MM.DD,,2026-09-12T16:31:57
15,서현,000558,000558.jpg,2025.05.16,2025,05,16,2025-05-16,YYYY.MM.DD,,2026-09-12T16:32:01
11,승아,000559,000559.jpg,2027.04.21,2027,04,21,2027-04-21,YYYY.MM.DD,,2026-09-09T19:52:01
11,승아,000560,000560.jpg,2027.07.13,2027,07,13,2027-07-13,YYYY.MM.DD,,2026-09-09T19:52:06
13,민섭,000561,000561.jpg,2028.08.07,2028,08,07,2028-08-07,YYYY.MM.DD,,2026-09-12T16:39:20
15,서현,000562,000562.jpg,2025.12.30,2025,12,30,2025-12-30,YYYY.MM.DD,,2026-09-12T16:32:04
6,승아,000563,000563.jpg,26.01.10,2026,01,10,2026-01-10,YY.MM.DD,,2026-09-09T15:37:07
14,서영,000564,000564.jpg,2026.06.25,2026,06,25,2026-06-25,YYYY.MM.DD,,2026-09-09T18:37:01
14,서영,000565,000565.jpg,2025.12.05,2025,12,05,2025-12-05,YYYY.MM.DD,,2026-09-09T18:37:05
14,서영,000566,000566.jpg,2026.09.17,2026,09,17,2026-09-17,YYYY.MM.DD,,2026-09-09T18:37:10
12,서영,000567,000567.jpg,25.10.29,2025,10,29,2025-10-29,YY.MM.DD,,2026-09-12T09:39:08
14,서영,000568,000568.jpg,2026.02.23,2026,02,23,2026-02-23,YYYY.MM.DD,,2026-09-09T18:37:15
15,서현,000569,000569.jpg,2025.11.02,2025,11,02,2025-11-02,YYYY.MM.DD,,2026-09-12T16:32:27
13,민섭,000570,000570.jpg,2026.05.20,2026,05,20,2026-05-20,YYYY.MM.DD,,2026-09-12T16:39:25
14,서영,000571,000571.jpg,10.18,NONE,10,18,NONE-10-18,MM.DD,,2026-09-09T18:37:18
13,민섭,000572,000572.jpg,10.15,NONE,10,15,NONE-10-15,MM.DD,,2026-09-12T16:39:29
13,민섭,000573,000573.jpg,10.22,NONE,10,22,NONE-10-22,MM.DD,,2026-09-12T16:39:32
12,서영,000574,000574.jpg,2026.02.24,2026,02,24,2026-02-24,YYYY.MM.DD,,2026-09-12T09:39:11
15,서현,000575,000575.jpg,10.14,NONE,10,14,NONE-10-14,MM.DD,,2026-09-12T16:32:33
13,민섭,000576,000576.jpg,2026.05.21 2,2026,05,21,2026-05-21,YYYY.MM.DD,2,2026-09-12T16:39:39
11,승아,000577,000577.jpg,2026.04.20,2026,04,20,2026-04-20,YYYY.MM.DD,,2026-09-09T19:52:10
12,서영,000578,000578.jpg,2026.03.04,2026,03,04,2026-03-04,YYYY.MM.DD,,2026-09-12T09:39:15
14,서영,000579,000579.jpg,2026/07/10,2026,07,10,2026-07-10,YYYY.MM.DD,,2026-09-09T18:37:26
1,승아,000580,000580.jpg,2026.02.28,2026,02,28,2026-02-28,YYYY.MM.DD,l,2026-09-09T13:50:20
13,민섭,000581,000581.jpg,2026.02.25,2026,02,25,2026-02-25,YYYY.MM.DD,,2026-09-12T16:39:42
11,승아,000582,000582.jpg,2025.11.21,2025,11,21,2025-11-21,YYYY.MM.DD,,2026-09-09T19:52:15
15,서현,000583,000583.jpg,25.11.23,2025,11,23,2025-11-23,YY.MM.DD,,2026-09-12T16:33:35
14,서영,000584,000584.jpg,2026.07.15 2,2026,07,15,2026-07-15,YYYY.MM.DD,2,2026-09-09T18:37:32
12,서영,000585,000585.jpg,2026.05.16,2026,05,16,2026-05-16,YYYY.MM.DD,,2026-09-12T09:39:20
14,서영,000586,000586.jpg,2026.03.14,2026,03,14,2026-03-14,YYYY.MM.DD,,2026-09-09T18:37:37
12,서영,000587,000587.jpg,2026.02.07,2026,02,07,2026-02-07,YYYY.MM.DD,,2026-09-12T09:39:25
11,승아,000588,000588.jpg,2025.11.28,2025,11,28,2025-11-28,YYYY.MM.DD,,2026-09-09T19:52:19
9,서영,000589,000589.jpg,2026.04.02,2026,04,02,2026-04-02,YYYY.MM.DD,,2026-09-09T14:38:42
15,서현,000590,000590.jpg,2025.12.05,2025,12,05,2025-12-05,YYYY.MM.DD,,2026-09-12T16:33:38
15,서현,000591,000591.jpg,26.07.27,2026,07,27,2026-07-27,YY.MM.DD,,2026-09-12T16:33:42
11,승아,000592,000592.jpg,25/03/2025 2,2025,03,25,2025-03-25,DD.MM.YYYY,2,2026-09-09T19:52:36
11,승아,000593,000593.jpg,26.07.22,2026,07,22,2026-07-22,YY.MM.DD,,2026-09-09T19:52:43
15,서현,000594,000594.jpg,2026.08.25 2,2026,08,25,2026-08-25,YYYY.MM.DD,2,2026-09-12T16:33:46
14,서영,000595,000595.jpg,2026.05.01,2026,05,01,2026-05-01,YYYY.MM.DD,,2026-09-09T18:37:45
13,민섭,000596,000596.jpg,2026.08.13,2026,08,13,2026-08-13,YYYY.MM.DD,,2026-09-12T16:39:47
14,서영,000597,000597.jpg,2026.09.02 2,2026,09,02,2026-09-02,YYYY.MM.DD,2,2026-09-09T18:37:49
11,승아,000598,000598.jpg,26.03.09 2,2026,03,09,2026-03-09,YY.MM.DD,2,2026-09-09T19:52:49
14,서영,000599,000599.jpg,2026.09.04,2026,09,04,2026-09-04,YYYY.MM.DD,,2026-09-09T18:37:52
15,서현,000600,000600.jpg,2026.08.31,2026,08,31,2026-08-31,YYYY.MM.DD,,2026-09-12T16:34:01
11,승아,000601,000601.jpg,2026.01.27,2026,01,27,2026-01-27,YYYY.MM.DD,,2026-09-09T19:52:56
14,서영,000602,000602.jpg,2026.09.22 2,2026,09,22,2026-09-22,YYYY.MM.DD,2,2026-09-09T18:37:57
11,승아,000603,000603.jpg,26.09.24,2026,09,24,2026-09-24,YY.MM.DD,,2026-09-09T19:53:01
7,서현,000604,000604.jpg,2026.09.15,2026,09,15,2026-09-15,YYYY.MM.DD,,2026-09-09T14:01:04
12,서영,000605,000605.jpg,2028.07.01,2028,07,01,2028-07-01,YYYY.MM.DD,,2026-09-12T09:39:28
12,서영,000606,000606.jpg,2026.10.01,2026,10,01,2026-10-01,YYYY.MM.DD,,2026-09-12T09:39:32
12,서영,000607,000607.jpg,2028.06.23,2028,06,23,2028-06-23,YYYY.MM.DD,,2026-09-12T09:39:36
12,서영,000608,000608.jpg,2026.08.13,2026,08,13,2026-08-13,YYYY.MM.DD,,2026-09-12T09:39:40
11,승아,000609,000609.jpg,2027.06.11,2027,06,11,2027-06-11,YYYY.MM.DD,,2026-09-09T19:53:05
11,승아,000610,000610.jpg,2026.06.04,2026,06,04,2026-06-04,YYYY.MM.DD,,2026-09-09T19:53:11
13,민섭,000611,000611.jpg,2026.07.20,2026,07,20,2026-07-20,YYYY.MM.DD,,2026-09-12T16:39:56
12,서영,000612,000612.jpg,2026.05.07,2026,05,07,2026-05-07,YYYY.MM.DD,,2026-09-12T09:39:43
13,민섭,000613,000613.jpg,2026.05.28,2026,05,28,2026-05-28,YYYY.MM.DD,,2026-09-12T16:39:59
11,승아,000614,000614.jpg,2026.03.07,2026,03,07,2026-03-07,YYYY.MM.DD,,2026-09-09T19:53:14
5,병철,000615,000615.jpg,2026.03.24,2026,03,24,2026-03-24,YYYY.MM.DD,,2026-09-09T00:28:20
12,서영,000616,000616.jpg,2026.09.10,2026,09,10,2026-09-10,YYYY.MM.DD,,2026-09-12T09:39:47
13,민섭,000617,000617.jpg,2026.07.11,2026,07,11,2026-07-11,YYYY.MM.DD,,2026-09-12T16:40:03
3,민섭,000618,000618.jpg,2026.08.26,2026,08,26,2026-08-26,YYYY.MM.DD,,2026-09-09T20:21:53
13,민섭,000619,000619.jpg,2026.09.15,2026,09,15,2026-09-15,YYYY.MM.DD,,2026-09-12T16:40:09
4,서영,000620,000620.jpg,2026.07.06,2026,07,06,2026-07-06,YYYY.MM.DD,,2026-09-09T13:29:22
12,서영,000621,000621.jpg,2026.08.25,2026,08,25,2026-08-25,YYYY.MM.DD,,2026-09-12T09:39:51
14,서영,000622,000622.jpg,2027.01.22,2027,01,22,2027-01-22,YYYY.MM.DD,,2026-09-09T18:38:01
15,서현,000623,000623.jpg,2027.03.10,2027,03,10,2027-03-10,YYYY.MM.DD,,2026-09-12T16:34:04
14,서영,000624,000624.jpg,2027.06.15 2,2027,06,15,2027-06-15,YYYY.MM.DD,2,2026-09-09T18:38:16
14,서영,000625,000625.jpg,2027.04.01,2027,04,01,2027-04-01,YYYY.MM.DD,,2026-09-09T18:53:19
14,서영,000626,000626.jpg,26.07.01,2026,07,01,2026-07-01,YY.MM.DD,,2026-09-09T18:53:22
15,서현,000627,000627.jpg,2026.10.06 2,2026,10,06,2026-10-06,YYYY.MM.DD,2,2026-09-12T16:34:09
12,서영,000628,000628.jpg,25.02.03,2025,02,03,2025-02-03,YY.MM.DD,,2026-09-12T09:39:55
5,병철,000629,000629.jpg,25.09.22,2025,09,22,2025-09-22,YY.MM.DD,,2026-09-09T00:28:23
4,서영,000630,000630.jpg,2026.03.31 e,2026,03,31,2026-03-31,YYYY.MM.DD,e,2026-09-09T13:30:37
14,서영,000631,000631.jpg,25.11.15,2025,11,15,2025-11-15,YY.MM.DD,,2026-09-09T18:53:26
12,서영,000632,000632.jpg,2025.12.28,2025,12,28,2025-12-28,YYYY.MM.DD,,2026-09-12T09:39:58
11,승아,000633,000633.jpg,2025.12.24,2025,12,24,2025-12-24,YYYY.MM.DD,,2026-09-09T19:53:19
8,민섭,000634,000634.jpg,2026.02.05,2026,02,05,2026-02-05,YYYY.MM.DD,,2026-09-12T16:19:15
3,민섭,000635,000635.jpg,2026.02.21,2026,02,21,2026-02-21,YYYY.MM.DD,,2026-09-09T20:21:57
14,서영,000636,000636.jpg,2026.03.09,2026,03,09,2026-03-09,YYYY.MM.DD,,2026-09-09T18:53:30
5,병철,000637,000637.jpg,2026.06.17,2026,06,17,2026-06-17,YYYY.MM.DD,,2026-09-09T00:28:26
12,서영,000638,000638.jpg,2026.06.16,2026,06,16,2026-06-16,YYYY.MM.DD,,2026-09-12T09:40:02
2,서현,000639,000639.jpg,2026.02.02,2026,02,02,2026-02-02,YYYY.MM.DD,,2026-09-09T12:25:00
14,서영,000640,000640.jpg,2026.02.08,2026,02,08,2026-02-08,YYYY.MM.DD,,2026-09-09T18:53:35
8,민섭,000641,000641.jpg,2026.09.02,2026,09,02,2026-09-02,YYYY.MM.DD,,2026-09-12T16:19:18
13,민섭,000642,000642.jpg,2026.09.01,2026,09,01,2026-09-01,YYYY.MM.DD,,2026-09-12T16:40:44
2,서현,000643,000643.jpg,2026.01.21,2026,01,21,2026-01-21,YYYY.MM.DD,,2026-09-09T12:25:05
2,서현,000644,000644.jpg,27.03.11,2027,03,11,2027-03-11,YY.MM.DD,,2026-09-09T12:25:10
2,서현,000645,000645.jpg,2026-05-13,2026,05,13,2026-05-13,YYYY.MM.DD,,2026-09-09T12:25:16
10,병철,000646,000646.jpg,15/01/2027,2027,01,15,2027-01-15,DD.MM.YYYY,,2026-09-10T01:59:03
5,병철,000647,000647.jpg,2026.08.19,2026,08,19,2026-08-19,YYYY.MM.DD,,2026-09-09T00:28:30
7,서현,000648,000648.jpg,2028/08/25,2028,08,25,2028-08-25,YYYY.MM.DD,,2026-09-09T14:01:12
13,민섭,000649,000649.jpg,2027.04.07,2027,04,07,2027-04-07,YYYY.MM.DD,,2026-09-12T16:40:49
13,민섭,000650,000650.jpg,2026.08.05,2026,08,05,2026-08-05,YYYY.MM.DD,,2026-09-12T16:40:53
6,승아,000651,000651.jpg,2026.06.25,2026,06,25,2026-06-25,YYYY.MM.DD,,2026-09-09T15:37:12
14,서영,000652,000652.jpg,2027.03.31,2027,03,31,2027-03-31,YYYY.MM.DD,,2026-09-09T18:53:37
13,민섭,000653,000653.jpg,2027.01.19,2027,01,19,2027-01-19,YYYY.MM.DD,,2026-09-12T16:40:57
14,서영,000654,000654.jpg,2028.07.02,2028,07,02,2028-07-02,YYYY.MM.DD,,2026-09-09T18:53:41
15,서현,000655,000655.jpg,2026.08.27,2026,08,27,2026-08-27,YYYY.MM.DD,,2026-09-12T16:34:13
12,서영,000656,000656.jpg,2026.09.04,2026,09,04,2026-09-04,YYYY.MM.DD,,2026-09-12T09:40:05
13,민섭,000657,000657.jpg,2026.07.27,2026,07,27,2026-07-27,YYYY.MM.DD,,2026-09-12T16:41:01
14,서영,000658,000658.jpg,2026.01.16,2026,01,16,2026-01-16,YYYY.MM.DD,,2026-09-09T18:53:49
10,병철,000659,000659.jpg,2026.08.24,2026,08,24,2026-08-24,YYYY.MM.DD,,2026-09-10T01:59:06
15,서현,000660,000660.jpg,2026.02.28,2026,02,28,2026-02-28,YYYY.MM.DD,,2026-09-12T16:34:18
12,서영,000661,000661.jpg,2026.04.17,2026,04,17,2026-04-17,YYYY.MM.DD,,2026-09-12T09:40:08
7,서현,000662,000662.jpg,2026.03.11,2026,03,11,2026-03-11,YYYY.MM.DD,,2026-09-09T14:01:15
5,병철,000663,000663.jpg,26.02.10  2,2026,02,10,2026-02-10,YY.MM.DD,2,2026-09-09T00:28:35
14,서영,000664,000664.jpg,2026.02.20,2026,02,20,2026-02-20,YYYY.MM.DD,,2026-09-09T18:53:53
5,병철,000665,000665.jpg,2026.03.25,2026,03,25,2026-03-25,YYYY.MM.DD,,2026-09-09T00:28:39
1,승아,000666,000666.jpg,26.09.01,2026,09,01,2026-09-01,YY.MM.DD,l,2026-09-09T13:50:31
10,병철,000667,000667.jpg,2026.06.22 2,2026,06,22,2026-06-22,YYYY.MM.DD,2,2026-09-10T01:59:10
9,서영,000668,000668.jpg,2026.4.30,2026,04,30,2026-04-30,YYYY.MM.DD,,2026-09-09T14:38:49
14,서영,000669,000669.jpg,2026.09.02 2,2026,09,02,2026-09-02,YYYY.MM.DD,2,2026-09-09T18:57:03
10,병철,000670,000670.jpg,26.06.24  2,2026,06,24,2026-06-24,YY.MM.DD,2,2026-09-10T01:59:15
8,민섭,000671,000671.jpg,2026.03.31,2026,03,31,2026-03-31,YYYY.MM.DD,,2026-09-12T16:19:22
12,서영,000672,000672.jpg,26.02.08,2026,02,08,2026-02-08,YY.MM.DD,,2026-09-12T09:40:11
4,서영,000673,000673.jpg,2026.06.02,2026,06,02,2026-06-02,YYYY.MM.DD,,2026-09-09T13:30:40
13,민섭,000674,000674.jpg,26.06.02,2026,06,02,2026-06-02,YY.MM.DD,,2026-09-12T16:41:04
11,승아,000675,000675.jpg,?,NONE,NONE,NONE,NONE,none,?,2026-09-09T19:54:58
14,서영,000676,000676.jpg,2026.06.10,2026,06,10,2026-06-10,YYYY.MM.DD,,2026-09-10T11:10:08
8,민섭,000677,000677.jpg,2027.08.17,2027,08,17,2027-08-17,YYYY.MM.DD,,2026-09-12T16:19:25
11,승아,000678,000678.jpg,2026.7.24,2026,07,24,2026-07-24,YYYY.MM.DD,,2026-09-09T19:55:02
12,서영,000679,000679.jpg,2027.09.17,2027,09,17,2027-09-17,YYYY.MM.DD,,2026-09-12T09:40:15
14,서영,000680,000680.jpg,2025.10.15,2025,10,15,2025-10-15,YYYY.MM.DD,,2026-09-10T11:10:11
1,승아,000681,000681.jpg,2026.01.09,2026,01,09,2026-01-09,YYYY.MM.DD,,2026-09-09T14:04:12
12,서영,000682,000682.jpg,2026.01.25,2026,01,25,2026-01-25,YYYY.MM.DD,,2026-09-12T09:40:19
11,승아,000683,000683.jpg,2026.03.11,2026,03,11,2026-03-11,YYYY.MM.DD,,2026-09-09T19:55:09
15,서현,000684,000684.jpg,2026.03.23,2026,03,23,2026-03-23,YYYY.MM.DD,,2026-09-12T16:34:21
15,서현,000685,000685.jpg,2026.05.28,2026,05,28,2026-05-28,YYYY.MM.DD,,2026-09-12T16:34:24
10,병철,000686,000686.jpg,2026.10.12  2,2026,10,12,2026-10-12,YYYY.MM.DD,2,2026-09-10T01:59:18
5,병철,000687,000687.jpg,2025년10월17일,2025,10,17,2025-10-17,YYYY.MM.DD,,2026-09-09T11:58:44
5,병철,000688,000688.jpg,2025.11.10,2025,11,10,2025-11-10,YYYY.MM.DD,,2026-09-09T11:58:47
12,서영,000689,000689.jpg,25.10.27,2025,10,27,2025-10-27,YY.MM.DD,,2026-09-12T09:40:23
6,승아,000690,000690.jpg,2025.10.11 2,2025,10,11,2025-10-11,YYYY.MM.DD,2,2026-09-09T15:37:22
11,승아,000691,000691.jpg,26.09.22 2,2026,09,22,2026-09-22,YY.MM.DD,2,2026-09-09T19:55:14
12,서영,000692,000692.jpg,26.08.21,2026,08,21,2026-08-21,YY.MM.DD,,2026-09-12T09:40:28
6,승아,000693,000693.jpg,26.09.01 2,2026,09,01,2026-09-01,YY.MM.DD,2,2026-09-09T15:37:35
12,서영,000694,000694.jpg,26.09.01,2026,09,01,2026-09-01,YY.MM.DD,,2026-09-12T09:40:30
3,민섭,000695,000695.jpg,2027.09.09,2027,09,09,2027-09-09,YYYY.MM.DD,,2026-09-09T20:22:01
2,서현,000696,000696.jpg,2025.10.28,2025,10,28,2025-10-28,YYYY.MM.DD,,2026-09-09T12:25:20
11,승아,000697,000697.jpg,2025.10.07,2025,10,07,2025-10-07,YYYY.MM.DD,,2026-09-09T19:55:22
4,서영,000698,000698.jpg,10.12,NONE,10,12,NONE-10-12,MM.DD,,2026-09-09T13:31:09
12,서영,000699,000699.jpg,2025.10.27 b,2025,10,27,2025-10-27,YYYY.MM.DD,b,2026-09-12T09:40:39
10,병철,000700,000700.jpg,2025. 10.24,2025,10,24,2025-10-24,YYYY.MM.DD,,2026-09-10T01:59:22
2,서현,000701,000701.jpg,25.10.05,2025,10,05,2025-10-05,YY.MM.DD,,2026-09-09T12:25:25
2,서현,000702,000702.jpg,25.10.09,2025,10,09,2025-10-09,YY.MM.DD,,2026-09-09T12:25:34
15,서현,000703,000703.jpg,2026.01.25,2026,01,25,2026-01-25,YYYY.MM.DD,,2026-09-12T16:34:28
12,서영,000704,000704.jpg,2026.07.29,2026,07,29,2026-07-29,YYYY.MM.DD,,2026-09-12T09:40:42
13,민섭,000705,000705.jpg,2026.06.29,2026,06,29,2026-06-29,YYYY.MM.DD,,2026-09-12T16:41:08
15,서현,000706,000706.jpg,2026.03.11,2026,03,11,2026-03-11,YYYY.MM.DD,,2026-09-12T16:34:30
1,승아,000707,000707.jpg,2026.08.19,2026,08,19,2026-08-19,YYYY.MM.DD,,2026-09-09T14:04:17
12,서영,000708,000708.jpg,2025.09.18,2025,09,18,2025-09-18,YYYY.MM.DD,,2026-09-12T09:40:46
8,민섭,000709,000709.jpg,2025.10.14,2025,10,14,2025-10-14,YYYY.MM.DD,,2026-09-12T16:19:29
11,승아,000710,000710.jpg,2025.10.14,2025,10,14,2025-10-14,YYYY.MM.DD,,2026-09-09T19:55:26
12,서영,000711,000711.jpg,2025.10.09,2025,10,09,2025-10-09,YYYY.MM.DD,,2026-09-12T09:40:49
5,병철,000712,000712.jpg,2025.11.20,2025,11,20,2025-11-20,YYYY.MM.DD,,2026-09-09T11:58:51
5,병철,000713,000713.jpg,2025.10.23,2025,10,23,2025-10-23,YYYY.MM.DD,,2026-09-09T11:58:54
9,서영,000714,000714.jpg,12.3.2026 d,2026,03,12,2026-03-12,DD.MM.YYYY,d,2026-09-09T14:38:59
15,서현,000715,000715.jpg,26/06/2026,2026,06,26,2026-06-26,DD.MM.YYYY,,2026-09-12T16:34:36
8,민섭,000716,000716.jpg,2025.11.07,2025,11,07,2025-11-07,YYYY.MM.DD,,2026-09-12T16:19:33
15,서현,000717,000717.jpg,2025.10.12,2025,10,12,2025-10-12,YYYY.MM.DD,,2026-09-12T16:34:40
14,서영,000718,000718.jpg,2026.01.17,2026,01,17,2026-01-17,YYYY.MM.DD,,2026-09-10T11:10:14
13,민섭,000719,000719.jpg,2026.04.04,2026,04,04,2026-04-04,YYYY.MM.DD,,2026-09-12T16:41:11
13,민섭,000720,000720.jpg,2026.02.28,2026,02,28,2026-02-28,YYYY.MM.DD,,2026-09-12T16:41:15
15,서현,000721,000721.jpg,2026.12.17,2026,12,17,2026-12-17,YYYY.MM.DD,,2026-09-12T16:34:43
13,민섭,000722,000722.jpg,26.08.04,2026,08,04,2026-08-04,YY.MM.DD,,2026-09-12T16:41:19
15,서현,000723,000723.jpg,26.05.10,2026,05,10,2026-05-10,YY.MM.DD,,2026-09-12T16:34:51
15,서현,000724,000724.jpg,26.05.20,2026,05,20,2026-05-20,YY.MM.DD,,2026-09-12T16:34:54
8,민섭,000725,000725.jpg,2026.04.16,2026,04,16,2026-04-16,YYYY.MM.DD,,2026-09-12T16:19:36
14,서영,000726,000726.jpg,2026.09.16,2026,09,16,2026-09-16,YYYY.MM.DD,,2026-09-10T11:10:18
13,민섭,000727,000727.jpg,2026.06.22,2026,06,22,2026-06-22,YYYY.MM.DD,,2026-09-12T16:41:22
9,서영,000728,000728.jpg,2026.06.24,2026,06,24,2026-06-24,YYYY.MM.DD,,2026-09-09T14:39:08
1,승아,000729,000729.jpg,2026.01.07,2026,01,07,2026-01-07,YYYY.MM.DD,,2026-09-09T14:04:21
12,서영,000730,000730.jpg,2026.02.26,2026,02,26,2026-02-26,YYYY.MM.DD,,2026-09-12T09:40:52
14,서영,000731,000731.jpg,2026.03.08,2026,03,08,2026-03-08,YYYY.MM.DD,,2026-09-10T11:10:21
12,서영,000732,000732.jpg,2026.03.16,2026,03,16,2026-03-16,YYYY.MM.DD,,2026-09-12T09:40:56
8,민섭,000733,000733.jpg,2026.03.24,2026,03,24,2026-03-24,YYYY.MM.DD,,2026-09-12T16:19:40
14,서영,000734,000734.jpg,2025.10.28,2025,10,28,2025-10-28,YYYY.MM.DD,,2026-09-10T11:10:24
10,병철,000735,000735.jpg,2027.01.12,2027,01,12,2027-01-12,YYYY.MM.DD,,2026-09-10T01:59:27
4,서영,000736,000736.jpg,2026.12.17,2026,12,17,2026-12-17,YYYY.MM.DD,,2026-09-09T13:31:17
13,민섭,000737,000737.jpg,2026.03.04,2026,03,04,2026-03-04,YYYY.MM.DD,,2026-09-12T16:41:33
12,서영,000738,000738.jpg,2026.02.12,2026,02,12,2026-02-12,YYYY.MM.DD,,2026-09-12T09:40:59
2,서현,000739,000739.jpg,2024.08.07 2,2024,08,07,2024-08-07,YYYY.MM.DD,2,2026-09-09T12:25:42
2,서현,000740,000740.jpg,2026.07.23,2026,07,23,2026-07-23,YYYY.MM.DD,,2026-09-09T12:25:48
13,민섭,000741,000741.jpg,25.12.03 2,2025,12,03,2025-12-03,YY.MM.DD,2,2026-09-12T16:41:39
15,서현,000742,000742.jpg,2026.05.01,2026,05,01,2026-05-01,YYYY.MM.DD,,2026-09-12T16:34:58
11,승아,000743,000743.jpg,2026.11.16,2026,11,16,2026-11-16,YYYY.MM.DD,,2026-09-09T19:55:31
7,서현,000744,000744.jpg,2027.08.18,2027,08,18,2027-08-18,YYYY.MM.DD,,2026-09-09T14:01:20
13,민섭,000745,000745.jpg,26.01.10,2026,01,10,2026-01-10,YY.MM.DD,,2026-09-12T16:41:43
11,승아,000746,000746.jpg,2026.06.23,2026,06,23,2026-06-23,YYYY.MM.DD,,2026-09-09T19:55:36
13,민섭,000747,000747.jpg,2026.06.22,2026,06,22,2026-06-22,YYYY.MM.DD,,2026-09-12T16:41:46
8,민섭,000748,000748.jpg,2027.01.22,2027,01,22,2027-01-22,YYYY.MM.DD,,2026-09-12T16:19:43
5,병철,000749,000749.jpg,2026.01.21,2026,01,21,2026-01-21,YYYY.MM.DD,,2026-09-09T11:58:58
4,서영,000750,000750.jpg,2026.01.06,2026,01,06,2026-01-06,YYYY.MM.DD,,2026-09-09T13:31:20
8,민섭,000751,000751.jpg,2025.05.08,2025,05,08,2025-05-08,YYYY.MM.DD,,2026-09-12T16:19:49
6,승아,000752,000752.jpg,26.07.09,2026,07,09,2026-07-09,YY.MM.DD,,2026-09-09T15:37:47
3,민섭,000753,000753.jpg,2026.03.18,2026,03,18,2026-03-18,YYYY.MM.DD,,2026-09-09T20:22:05
14,서영,000754,000754.jpg,2026.05.24,2026,05,24,2026-05-24,YYYY.MM.DD,,2026-09-10T11:10:28
2,서현,000755,000755.jpg,2026.4.30,2026,04,30,2026-04-30,YYYY.MM.DD,,2026-09-09T12:25:53
11,승아,000756,000756.jpg,2027.02.24,2027,02,24,2027-02-24,YYYY.MM.DD,,2026-09-09T19:55:45
10,병철,000757,000757.jpg,10.22,NONE,10,22,NONE-10-22,MM.DD,,2026-09-10T01:59:30
11,승아,000758,000758.jpg,2026.03.11,2026,03,11,2026-03-11,YYYY.MM.DD,,2026-09-09T19:55:49
14,서영,000759,000759.jpg,2026/05/14,2026,05,14,2026-05-14,YYYY.MM.DD,,2026-09-10T11:10:33
11,승아,000760,000760.jpg,11.20,NONE,11,20,NONE-11-20,MM.DD,,2026-09-09T19:55:56
13,민섭,000761,000761.jpg,11.11,NONE,11,11,NONE-11-11,MM.DD,,2026-09-12T16:41:49
13,민섭,000762,000762.jpg,20260802,2026,08,02,2026-08-02,YYYYMMDD,,2026-09-12T16:41:54
13,민섭,000763,000763.jpg,11.12,NONE,11,12,NONE-11-12,MM.DD,,2026-09-12T16:41:57
14,서영,000764,000764.jpeg,2026.03.12,2026,03,12,2026-03-12,YYYY.MM.DD,,2026-09-10T11:10:37
11,승아,000765,000765.jpeg,2025.11.21,2025,11,21,2025-11-21,YYYY.MM.DD,,2026-09-09T19:56:41
12,서영,000766,000766.jpeg,24 09 26,2026,09,24,2026-09-24,DD.MM.YY,,2026-09-12T09:41:04
9,서영,000767,000767.jpeg,2026.03.12 b,2026,03,12,2026-03-12,YYYY.MM.DD,b,2026-09-09T14:39:20
14,서영,000768,000768.jpeg,20260626,2026,06,26,2026-06-26,YYYYMMDD,,2026-09-10T11:10:41
12,서영,000769,000769.jpeg,2026.12.10,2026,12,10,2026-12-10,YYYY.MM.DD,,2026-09-12T09:41:08
11,승아,000770,000770.jpeg,04/2030,2030,04,NONE,2030-04-NONE,MM.YYYY,,2026-09-09T19:56:54
15,서현,000771,000771.jpeg,19.11.26,2019,11,26,2019-11-26,YY.MM.DD,,2026-09-12T16:35:03
7,서현,000772,000772.jpeg,12.20,NONE,12,20,NONE-12-20,MM.DD,,2026-09-09T14:03:24
14,서영,000773,000773.jpeg,12.10 2,NONE,12,10,NONE-12-10,MM.DD,2,2026-09-10T11:10:45
14,서영,000774,000774.jpeg,26.02.08,2026,02,08,2026-02-08,YY.MM.DD,,2026-09-09T18:57:15
8,민섭,000775,000775.jpeg,2025.12.17,2025,12,17,2025-12-17,YYYY.MM.DD,,2026-09-12T16:19:53
13,민섭,000776,000776.jpeg,2026.01.09,2026,01,09,2026-01-09,YYYY.MM.DD,,2026-09-12T16:42:01
14,서영,000777,000777.jpeg,2026.03,2026,03,NONE,2026-03-NONE,YYYY.MM,,2026-09-09T18:57:19
12,서영,000778,000778.jpeg,2026 06 22,2026,06,22,2026-06-22,YYYY.MM.DD,,2026-09-12T09:41:12
15,서현,000779,000779.jpeg,03 06 2026,2026,06,03,2026-06-03,DD.MM.YYYY,,2026-09-12T16:35:09
12,서영,000780,000780.jpeg,2026.04.27,2026,04,27,2026-04-27,YYYY.MM.DD,,2026-09-12T09:41:16
14,서영,000781,000781.jpeg,2026.10.02,2026,10,02,2026-10-02,YYYY.MM.DD,,2026-09-09T18:57:23
5,병철,000782,000782.jpeg,12.19,NONE,12,19,NONE-12-19,MM.DD,,2026-09-09T11:59:01
13,민섭,000783,000783.jpeg,25.12.21,2025,12,21,2025-12-21,YY.MM.DD,,2026-09-12T16:42:04
1,승아,000784,000784.jpeg,2027.05.22,2027,05,22,2027-05-22,YYYY.MM.DD,,2026-09-09T14:04:25
5,병철,000785,000785.jpeg,2026.10.15,2026,10,15,2026-10-15,YYYY.MM.DD,,2026-09-09T11:59:04
13,민섭,000786,000786.jpeg,12.17 2,NONE,12,17,NONE-12-17,MM.DD,2,2026-09-12T16:42:09
5,병철,000787,000787.jpeg,2026.04.09,2026,04,09,2026-04-09,YYYY.MM.DD,,2026-09-09T11:59:07
12,서영,000788,000788.jpeg,12.21,NONE,12,21,NONE-12-21,MM.DD,,2026-09-12T09:41:18
15,서현,000789,000789.jpeg,12.19,NONE,12,19,NONE-12-19,MM.DD,,2026-09-12T16:35:12
15,서현,000790,000790.jpeg,2027.7,2027,07,NONE,2027-07-NONE,YYYY.MM,,2026-09-12T16:35:16
4,서영,000791,000791.jpeg,26.06.30,2026,06,30,2026-06-30,YY.MM.DD,,2026-09-09T13:31:27
4,서영,000792,000792.jpeg,2026.04.05,2026,04,05,2026-04-05,YYYY.MM.DD,,2026-09-09T13:31:32
10,병철,000793,000793.jpeg,2026.05.06,2026,05,06,2026-05-06,YYYY.MM.DD,,2026-09-10T01:59:33
12,서영,000794,000794.jpeg,2026.10.27,2026,10,27,2026-10-27,YYYY.MM.DD,,2026-09-12T09:41:23
11,승아,000795,000795.jpeg,14 07 2026 2,2026,07,14,2026-07-14,DD.MM.YYYY,2,2026-09-09T19:57:16
11,승아,000796,000796.jpeg,14 07 2026 2,2026,07,14,2026-07-14,DD.MM.YYYY,2,2026-09-09T19:57:35
4,서영,000797,000797.jpeg,25 08 2026 2,2026,08,25,2026-08-25,DD.MM.YYYY,2,2026-09-09T13:32:33
12,서영,000798,000798.jpeg,12.20,NONE,12,20,NONE-12-20,MM.DD,,2026-09-12T09:41:25
3,민섭,000799,000799.jpeg,12.20,NONE,12,20,NONE-12-20,MM.DD,,2026-09-09T20:23:16
15,서현,000800,000800.jpeg,2026.08.12,2026,08,12,2026-08-12,YYYY.MM.DD,,2026-09-12T16:35:20
14,서영,000801,000801.jpeg,2026.03.25,2026,03,25,2026-03-25,YYYY.MM.DD,,2026-09-09T18:57:27
6,승아,000802,000802.jpeg,2026.07.03,2026,07,03,2026-07-03,YYYY.MM.DD,,2026-09-09T15:38:04
4,서영,000803,000803.jpeg,2026/09/13,2026,09,13,2026-09-13,YYYY.MM.DD,,2026-09-09T13:33:36
12,서영,000804,000804.jpeg,010927 d,2027,09,01,2027-09-01,DDMMYY,d,2026-09-12T09:41:30
5,병철,000805,000805.jpeg,2027.7,2027,07,NONE,2027-07-NONE,YYYY.MM,,2026-09-09T12:01:11
14,서영,000806,000806.jpeg,2026 10 02,2026,10,02,2026-10-02,YYYY.MM.DD,,2026-09-09T19:07:51
12,서영,000807,000807.jpeg,29/05/2026,2026,05,29,2026-05-29,DD.MM.YYYY,,2026-09-12T09:41:36
12,서영,000808,000808.jpeg,2026.06.12,2026,06,12,2026-06-12,YYYY.MM.DD,,2026-09-12T09:41:40
15,서현,000809,000809.jpeg,2026.08.30,2026,08,30,2026-08-30,YYYY.MM.DD,,2026-09-12T16:35:24
12,서영,000810,000810.jpeg,26.03.31,2026,03,31,2026-03-31,YY.MM.DD,,2026-09-12T09:41:44
6,승아,000811,000811.jpeg,26.03.31,2026,03,31,2026-03-31,YY.MM.DD,,2026-09-09T15:38:08
14,서영,000812,000812.jpeg,29/05/2026,2026,05,29,2026-05-29,DD.MM.YYYY,,2026-09-10T01:37:42
2,서현,000813,000813.jpeg,20260824,2026,08,24,2026-08-24,YYYYMMDD,,2026-09-09T12:26:16
4,서영,000814,000814.jpeg,2026 06 22,2026,06,22,2026-06-22,YYYY.MM.DD,,2026-09-09T13:33:45
13,민섭,000815,000815.jpeg,2026 06 22,2026,06,22,2026-06-22,YYYY.MM.DD,,2026-09-12T16:42:14
3,민섭,000816,000816.jpeg,2026.10.09,2026,10,09,2026-10-09,YYYY.MM.DD,,2026-09-09T20:23:21
7,서현,000817,000817.jpeg,12.2026,2026,12,NONE,2026-12-NONE,MM.YYYY,,2026-09-09T14:03:37
9,서영,000818,000818.jpeg,MAY 12 2026,2026,05,12,2026-05-12,MON DD YYYY,,2026-09-09T14:39:28
12,서영,000819,000819.jpeg,18.05.2026,2026,05,18,2026-05-18,DD.MM.YYYY,,2026-09-12T09:41:50
2,서현,000820,000820.jpeg,18.05.2026,2026,05,18,2026-05-18,DD.MM.YYYY,,2026-09-09T12:26:26
14,서영,000821,000821.jpeg,26/02/02,2026,02,02,2026-02-02,YY.MM.DD,,2026-09-10T01:37:48
1,승아,000822,000822.jpeg,26/02/02,2026,02,02,2026-02-02,YY.MM.DD,,2026-09-09T14:04:34
10,병철,000823,000823.jpeg,2027/02/23,2027,02,23,2027-02-23,YYYY.MM.DD,,2026-09-10T01:59:37
11,승아,000824,000824.jpeg,12.18. 2,NONE,12,18,NONE-12-18,MM.DD,2,2026-09-09T19:57:54
8,민섭,000825,000825.jpeg,2026.06.22,2026,06,22,2026-06-22,YYYY.MM.DD,,2026-09-12T16:19:56
8,민섭,000826,000826.jpeg,2026.06.22,2026,06,22,2026-06-22,YYYY.MM.DD,,2026-09-12T16:20:02
4,서영,000827,000827.jpeg,20260809,2026,08,09,2026-08-09,YYYYMMDD,,2026-09-09T13:34:21
9,서영,000828,000828.jpeg,12.21,NONE,12,21,NONE-12-21,MM.DD,,2026-09-09T14:39:33
9,서영,000829,000829.jpeg,2026.03.20,2026,03,20,2026-03-20,YYYY.MM.DD,,2026-09-09T14:39:42
14,서영,000830,000830.jpeg,25.12.20,2025,12,20,2025-12-20,YY.MM.DD,,2026-09-10T01:37:52
6,승아,000831,000831.jpeg,16.07.2026 2,2026,07,16,2026-07-16,DD.MM.YYYY,2,2026-09-09T15:38:21
12,서영,000832,000832.jpeg,16.07.2026 b,2026,07,16,2026-07-16,DD.MM.YYYY,b,2026-09-12T09:41:58
11,승아,000833,000833.jpeg,2026.04.27,2026,04,27,2026-04-27,YYYY.MM.DD,,2026-09-09T19:58:09
2,서현,000834,000834.jpeg,26/02/02,2026,02,02,2026-02-02,YY.MM.DD,,2026-09-09T12:27:59
15,서현,000835,000835.jpeg,26/02/02,2026,02,02,2026-02-02,YY.MM.DD,,2026-09-12T16:35:30
1,승아,000836,000836.jpeg,18.05.2026,2026,05,18,2026-05-18,DD.MM.YYYY,,2026-09-09T14:04:40
3,민섭,000837,000837.jpeg,2026.02.21,2026,02,21,2026-02-21,YYYY.MM.DD,,2026-09-09T20:23:56
15,서현,000838,000838.jpeg,FEB 21 26,2026,02,21,2026-02-21,MON DD YY,,2026-09-12T16:35:40
1,승아,000839,000839.jpeg,2026.01.03 2,2026,01,03,2026-01-03,YYYY.MM.DD,2,2026-09-09T14:04:51
14,서영,000840,000840.jpeg,26.01.01,2026,01,01,2026-01-01,YY.MM.DD,,2026-09-10T01:37:54
1,승아,000841,000841.jpeg,2025.12.22,2025,12,22,2025-12-22,YYYY.MM.DD,,2026-09-09T14:04:56
12,서영,000842,000842.jpeg,03 07 2026,2026,07,03,2026-07-03,DD.MM.YYYY,,2026-09-12T09:42:03
2,서현,000843,000843.jpeg,17.06.2026,2026,06,17,2026-06-17,DD.MM.YYYY,,2026-09-09T12:29:21
4,서영,000844,000844.jpeg,03 07 2026,2026,07,03,2026-07-03,DD.MM.YYYY,,2026-09-09T13:34:35
11,승아,000845,000845.jpeg,17.06.2026,2026,06,17,2026-06-17,DD.MM.YYYY,,2026-09-09T19:58:18
14,서영,000846,000846.jpeg,28.05.2026,2026,05,28,2026-05-28,DD.MM.YYYY,,2026-09-10T01:37:58
8,민섭,000847,000847.jpeg,2026.05.28,2026,05,28,2026-05-28,YYYY.MM.DD,,2026-09-12T16:20:12
9,서영,000848,000848.jpeg,21 05 2026,2026,05,21,2026-05-21,DD.MM.YYYY,,2026-09-09T14:39:51
15,서현,000849,000849.jpeg,21 05 2026,2026,05,21,2026-05-21,DD.MM.YYYY,,2026-09-12T16:35:45
2,서현,000850,000850.jpeg,09 08 2026 2,2026,08,09,2026-08-09,DD.MM.YYYY,2,2026-09-09T12:30:21
15,서현,000851,000851.jpeg,30 06 2026,2026,06,30,2026-06-30,DD.MM.YYYY,,2026-09-12T16:35:52
1,승아,000852,000852.jpeg,14.08.26 d,2026,08,14,2026-08-14,DD.MM.YY,d,2026-09-09T14:10:41
12,서영,000853,000853.jpeg,26.09.24,2026,09,24,2026-09-24,YY.MM.DD,,2026-09-12T09:42:09
10,병철,000854,000854.jpeg,2026.09.04,2026,09,04,2026-09-04,YYYY.MM.DD,,2026-09-10T01:59:41
6,승아,000855,000855.jpeg,25 08 2026 2,2026,08,25,2026-08-25,DD.MM.YYYY,2,2026-09-09T15:38:38
12,서영,000856,000856.jpeg,03 06 2026,2026,06,03,2026-06-03,DD.MM.YYYY,,2026-09-12T09:42:13
11,승아,000857,000857.jpg,2025/01/28,2025,01,28,2025-01-28,YYYY.MM.DD,,2026-09-09T19:59:00
7,서현,000858,000858.jpg,2021/10/28,2021,10,28,2021-10-28,YYYY.MM.DD,,2026-09-09T14:03:50
15,서현,000859,000859.jpg,2021/10/28,2021,10,28,2021-10-28,YYYY.MM.DD,,2026-09-12T16:36:00
12,서영,000860,000860.jpg,23.07.2022,2022,07,23,2022-07-23,DD.MM.YYYY,,2026-09-12T09:42:18
15,서현,000861,000861.jpg,23.07.2022,2022,07,23,2022-07-23,DD.MM.YYYY,,2026-09-12T16:36:07
3,민섭,000862,000862.jpg,2021.10.22,2021,10,22,2021-10-22,YYYY.MM.DD,,2026-09-09T20:24:06
14,서영,000863,000863.jpg,22.10.2021 2,2021,10,22,2021-10-22,DD.MM.YYYY,2,2026-09-10T01:38:02
5,병철,000864,000864.jpg,04/03/2023,2023,03,04,2023-03-04,DD.MM.YYYY,,2026-09-09T12:01:27
13,민섭,000865,000865.jpg,25.09.2021,2021,09,25,2021-09-25,DD.MM.YYYY,,2026-09-12T16:42:20
15,서현,000866,000866.jpg,25.09.2021,2021,09,25,2021-09-25,DD.MM.YYYY,,2026-09-12T16:36:11
15,서현,000867,000867.jpg,23 10 2021 2,2021,10,23,2021-10-23,DD.MM.YYYY,2,2026-09-12T16:36:16
6,승아,000868,000868.jpg,23 10 2021,2021,10,23,2021-10-23,DD.MM.YYYY,,2026-09-09T15:38:45
4,서영,000869,000869.jpg,15-09-2021,2021,09,15,2021-09-15,DD.MM.YYYY,,2026-09-09T13:34:46
14,서영,000870,000870.jpg,15.10.2021,2021,10,15,2021-10-15,DD.MM.YYYY,,2026-09-10T01:38:06
15,서현,000871,000871.jpg,15.10.2021,2021,10,15,2021-10-15,DD.MM.YYYY,,2026-09-12T16:36:19
14,서영,000872,000872.jpg,FEB/26/21,2021,02,26,2021-02-26,MON DD YY,,2026-09-10T01:38:12
2,서현,000873,000873.jpg,FEB/26/21,2021,02,26,2021-02-26,MON DD YY,,2026-09-09T12:39:15
15,서현,000874,000874.jpg,MAR 22 21,2021,03,22,2021-03-22,MON DD YY,,2026-09-12T16:36:24
12,서영,000875,000875.jpg,MAR 22 21,2021,03,22,2021-03-22,MON DD YY,,2026-09-12T09:42:24
14,서영,000876,000876.jpg,2021.07.01,2021,07,01,2021-07-01,YYYY.MM.DD,,2026-09-10T01:38:16
14,서영,000877,000877.jpg,03/04/23 d,2023,04,03,2023-04-03,DD.MM.YY,d,2026-09-10T01:38:28
12,서영,000878,000878.jpg,03/04/23 t,2023,04,03,2023-04-03,DD.MM.YY,t,2026-09-12T09:42:33
12,서영,000879,000879.jpg,11/05/2021,2021,05,11,2021-05-11,DD.MM.YYYY,,2026-09-12T09:42:40
14,서영,000880,000880.jpg,11/05/2021 2,2021,05,11,2021-05-11,DD.MM.YYYY,2,2026-09-10T01:38:35
12,서영,000881,000881.jpg,2021.06.08,2021,06,08,2021-06-08,YYYY.MM.DD,,2026-09-12T09:42:43
13,민섭,000882,000882.jpg,2021.06.08,2021,06,08,2021-06-08,YYYY.MM.DD,,2026-09-12T16:42:25
12,서영,000883,000883.jpg,2021.07.03,2021,07,03,2021-07-03,YYYY.MM.DD,,2026-09-12T09:42:47
14,서영,000884,000884.jpg,2021.07.03 2,2021,07,03,2021-07-03,YYYY.MM.DD,2,2026-09-10T01:38:40
14,서영,000885,000885.jpg,2021.07.09,2021,07,09,2021-07-09,YYYY.MM.DD,,2026-09-10T01:38:44
9,서영,000886,000886.jpg,2021.07.09,2021,07,09,2021-07-09,YYYY.MM.DD,,2026-09-09T14:40:04
15,서현,000887,000887.jpg,2021 12 04,2021,12,04,2021-12-04,YYYY.MM.DD,,2026-09-12T16:36:29
15,서현,000888,000888.jpg,2021 12 04,2021,12,04,2021-12-04,YYYY.MM.DD,,2026-09-12T16:36:42
8,민섭,000889,000889.jpg,2021.05.27,2021,05,27,2021-05-27,YYYY.MM.DD,,2026-09-12T16:20:24
10,병철,000890,000890.jpg,2021.04.05,2021,04,05,2021-04-05,YYYY.MM.DD,,2026-09-10T01:59:52
11,승아,000891,000891.jpg,2021.04.05,2021,04,05,2021-04-05,YYYY.MM.DD,,2026-09-09T19:59:08
11,승아,000892,000892.jpg,07FEB2022,2022,02,07,2022-02-07,DD MON YYYY,,2026-09-09T19:59:22
13,민섭,000893,000893.jpg,07FEB2022,2022,02,07,2022-02-07,DD MON YYYY,,2026-09-12T16:42:35
12,서영,000894,000894.jpg,2021.06.02,2021,06,02,2021-06-02,YYYY.MM.DD,,2026-09-12T09:42:49
7,서현,000895,000895.jpg,2021.06.02,2021,06,02,2021-06-02,YYYY.MM.DD,,2026-09-09T14:03:56
3,민섭,000896,000896.jpg,2023.02.15,2023,02,15,2023-02-15,YYYY.MM.DD,,2026-09-09T20:24:21
11,승아,000897,000897.jpg,2025/05/19,2025,05,19,2025-05-19,YYYY.MM.DD,,2026-09-09T19:59:36
8,민섭,000898,000898.jpg,2025.05.19,2025,05,19,2025-05-19,YYYY.MM.DD,,2026-09-12T16:20:27
15,서현,000899,000899.jpg,2022.09.02,2022,09,02,2022-09-02,YYYY.MM.DD,,2026-09-12T16:36:48
15,서현,000900,000900.jpg,2022.09.02,2022,09,02,2022-09-02,YYYY.MM.DD,,2026-09-12T16:36:54
4,서영,000901,000901.jpg,01/11/2021,2021,11,01,2021-11-01,DD.MM.YYYY,,2026-09-09T13:35:15
10,병철,000902,000902.jpg,01/11/2021,2021,11,01,2021-11-01,DD.MM.YYYY,,2026-09-10T01:59:56
13,민섭,000903,000903.jpg,31-08-2021,2021,08,31,2021-08-31,DD.MM.YYYY,,2026-09-12T16:42:42
13,민섭,000904,000904.jpg,31-08-2021,2021,08,31,2021-08-31,DD.MM.YYYY,,2026-09-12T16:42:46
11,승아,000905,000905.jpg,01.2022,2022,01,NONE,2022-01-NONE,MM.YYYY,,2026-09-09T19:59:41
9,서영,000906,000906.jpg,01.2022,2022,01,NONE,2022-01-NONE,MM.YYYY,,2026-09-09T14:40:09
15,서현,000907,000907.jpg,01.2022,2022,01,NONE,2022-01-NONE,MM.YYYY,,2026-09-12T16:37:01
3,민섭,000908,000908.jpg,01.2022,2022,01,NONE,2022-01-NONE,MM.YYYY,,2026-09-09T20:24:39
14,서영,000909,000909.jpg,20-09-2021,2021,09,20,2021-09-20,DD.MM.YYYY,,2026-09-10T01:38:48
15,서현,000910,000910.jpg,20-09-2021,2021,09,20,2021-09-20,DD.MM.YYYY,,2026-09-12T16:37:07
12,서영,000911,000911.jpg,2022.05.05,2022,05,05,2022-05-05,YYYY.MM.DD,,2026-09-12T09:42:52
14,서영,000912,000912.jpg,2022.05.05,2022,05,05,2022-05-05,YYYY.MM.DD,,2026-09-10T01:38:52
14,서영,000913,000913.jpg,2021.10.19,2021,10,19,2021-10-19,YYYY.MM.DD,,2026-09-10T01:38:55
14,서영,000914,000914.jpg,2021.07.21,2021,07,21,2021-07-21,YYYY.MM.DD,,2026-09-10T01:38:58
11,승아,000915,000915.jpg,2021.07.21,2021,07,21,2021-07-21,YYYY.MM.DD,,2026-09-09T19:59:49
12,서영,000916,000916.jpg,2022.06.06,2022,06,06,2022-06-06,YYYY.MM.DD,,2026-09-12T09:42:55
4,서영,000917,000917.jpg,2022.06.06,2022,06,06,2022-06-06,YYYY.MM.DD,,2026-09-09T13:35:27
14,서영,000918,000918.jpg,2021.09.17,2021,09,17,2021-09-17,YYYY.MM.DD,,2026-09-10T01:39:02
13,민섭,000919,000919.jpg,2022.03.11,2022,03,11,2022-03-11,YYYY.MM.DD,,2026-09-12T16:42:50
15,서현,000920,000920.jpg,2022.03.11,2022,03,11,2022-03-11,YYYY.MM.DD,,2026-09-12T16:37:11
12,서영,000921,000921.jpg,2022/02/26,2022,02,26,2022-02-26,YYYY.MM.DD,,2026-09-12T09:42:59
5,병철,000922,000922.jpg,2022/02/26,2022,02,26,2022-02-26,YYYY.MM.DD,,2026-09-09T12:01:32
13,민섭,000923,000923.jpg,02.01,NONE,02,01,NONE-02-01,MM.DD,,2026-09-12T16:42:53
9,서영,000924,000924.jpg,02.02,NONE,02,02,NONE-02-02,MM.DD,,2026-09-09T14:40:18
9,서영,000925,000925.jpg,02.02,NONE,02,02,NONE-02-02,MM.DD,,2026-09-09T14:40:23
15,서현,000926,000926.jpg,2021.06.10,2021,06,10,2021-06-10,YYYY.MM.DD,,2026-09-12T16:37:15
14,서영,000927,000927.jpg,2021.08.23,2021,08,23,2021-08-23,YYYY.MM.DD,,2026-09-10T01:39:05
15,서현,000928,000928.jpg,13/03/22,2022,03,13,2022-03-13,DD.MM.YY,,2026-09-12T16:37:20
15,서현,000929,000929.jpg,13/03/22,2022,03,13,2022-03-13,DD.MM.YY,,2026-09-12T16:37:24
11,승아,000930,000930.jpg,2021.07.29,2021,07,29,2021-07-29,YYYY.MM.DD,,2026-09-09T19:59:54
11,승아,000931,000931.jpg,2021.07.29,2021,07,29,2021-07-29,YYYY.MM.DD,,2026-09-09T20:00:00
8,민섭,000932,000932.jpg,2021.05.26,2021,05,26,2021-05-26,YYYY.MM.DD,,2026-09-12T16:20:32
8,민섭,000933,000933.jpg,2021.05.26,2021,05,26,2021-05-26,YYYY.MM.DD,,2026-09-12T16:20:37
15,서현,000934,000934.jpg,21.02.10 2,2021,02,10,2021-02-10,YY.MM.DD,2,2026-09-12T16:37:29
5,병철,000935,000935.jpg,21.02.10  2,2021,02,10,2021-02-10,YY.MM.DD,2,2026-09-09T12:03:50
7,서현,000936,000936.jpg,2021.10.19 2,2021,10,19,2021-10-19,YYYY.MM.DD,2,2026-09-09T14:04:10
8,민섭,000937,000937.jpg,2022.06.11,2022,06,11,2022-06-11,YYYY.MM.DD,,2026-09-12T16:20:40
7,서현,000938,000938.jpg,2022.06.11,2022,06,11,2022-06-11,YYYY.MM.DD,,2026-09-09T14:04:32
3,민섭,000939,000939.jpg,2021.10.28,2021,10,28,2021-10-28,YYYY.MM.DD,,2026-09-09T20:24:44
13,민섭,000940,000940.jpg,2021/10/28,2021,10,28,2021-10-28,YYYY.MM.DD,,2026-09-12T16:43:00
13,민섭,000941,000941.jpg,2021 07 02,2021,07,02,2021-07-02,YYYY.MM.DD,,2026-09-12T16:43:06
14,서영,000942,000942.jpg,29 05 2021 2,2021,05,29,2021-05-29,DD.MM.YYYY,2,2026-09-10T01:39:09
4,서영,000943,000943.jpg,29 05 2021 2 b,2021,05,29,2021-05-29,DD.MM.YYYY,2b,2026-09-09T13:35:45
12,서영,000944,000944.jpg,03/07/2021,2021,07,03,2021-07-03,DD.MM.YYYY,,2026-09-12T09:43:06
3,민섭,000945,000945.jpg,03/07/2021,2021,07,03,2021-07-03,DD.MM.YYYY,,2026-09-09T20:25:00
11,승아,000946,000946.jpg,2021.09.30,2021,09,30,2021-09-30,YYYY.MM.DD,,2026-09-09T20:00:05
14,서영,000947,000947.jpg,2021.09.30,2021,09,30,2021-09-30,YYYY.MM.DD,,2026-09-10T01:39:13
12,서영,000948,000948.jpg,24/10/2021 2,2021,10,24,2021-10-24,DD.MM.YYYY,2,2026-09-12T09:43:14
13,민섭,000949,000949.jpg,24/10/2021 2,2021,10,24,2021-10-24,DD.MM.YYYY,2,2026-09-12T16:43:27
14,서영,000950,000950.jpg,2022.09.16,2022,09,16,2022-09-16,YYYY.MM.DD,,2026-09-10T01:39:16
15,서현,000951,000951.jpg,2021.04.05,2021,04,05,2021-04-05,YYYY.MM.DD,,2026-09-12T16:37:33
14,서영,000952,000952.jpg,2021.04.05,2021,04,05,2021-04-05,YYYY.MM.DD,,2026-09-10T01:39:20
15,서현,000953,000953.jpg,21.02.05 2,2021,02,05,2021-02-05,YY.MM.DD,2,2026-09-12T16:37:40
11,승아,000954,000954.jpg,21.02.05 2,2021,02,05,2021-02-05,YY.MM.DD,2,2026-09-09T20:00:16
12,서영,000955,000955.jpg,22.01.25,2022,01,25,2022-01-25,YY.MM.DD,,2026-09-12T09:43:18
5,병철,000956,000956.jpg,22.01.25,2022,01,25,2022-01-25,YY.MM.DD,,2026-09-09T12:03:52
12,서영,000957,000957.jpg,21.02.22 2,2021,02,22,2021-02-22,YY.MM.DD,2,2026-09-12T09:43:21
6,승아,000958,000958.jpg,21.02.22 2,2021,02,22,2021-02-22,YY.MM.DD,2,2026-09-09T15:38:56
15,서현,000959,000959.jpg,2022.07.19,2022,07,19,2022-07-19,YYYY.MM.DD,,2026-09-12T16:37:43
14,서영,000960,000960.jpg,2022.07.19,2022,07,19,2022-07-19,YYYY.MM.DD,,2026-09-10T01:39:24
12,서영,000961,000961.jpg,2023/10/21,2023,10,21,2023-10-21,YYYY.MM.DD,,2026-09-12T09:43:25
3,민섭,000962,000962.jpg,2023.10.21,2023,10,21,2023-10-21,YYYY.MM.DD,,2026-09-09T20:25:07
15,서현,000963,000963.jpg,2023/11/14,2023,11,14,2023-11-14,YYYY.MM.DD,,2026-09-12T16:37:54
13,민섭,000964,000964.jpg,2023/11/14,2023,11,14,2023-11-14,YYYY.MM.DD,,2026-09-12T16:43:32
6,승아,000965,000965.jpg,24.07.2020 2,2020,07,24,2020-07-24,DD.MM.YYYY,2,2026-09-09T15:39:55
12,서영,000966,000966.jpg,10/08/2021,2021,08,10,2021-08-10,DD.MM.YYYY,,2026-09-12T09:43:28
13,민섭,000967,000967.jpg,2022.10.17,2022,10,17,2022-10-17,YYYY.MM.DD,,2026-09-12T16:43:37
6,승아,000968,000968.jpg,2022.10.17,2022,10,17,2022-10-17,YYYY.MM.DD,,2026-09-09T15:40:00
12,서영,000969,000969.jpg,2022/06/30,2022,06,30,2022-06-30,YYYY.MM.DD,,2026-09-12T09:43:32
9,서영,000970,000970.jpg,2022/06/30,2022,06,30,2022-06-30,YYYY.MM.DD,,2026-09-09T14:40:28
1,승아,000971,000971.jpg,2021.11.11,2021,11,11,2021-11-11,YYYY.MM.DD,,2026-09-09T14:10:46
14,서영,000972,000972.jpg,2021.06.25,2021,06,25,2021-06-25,YYYY.MM.DD,,2026-09-10T01:39:28
13,민섭,000973,000973.jpg,02/12/22,2022,12,02,2022-12-02,DD.MM.YY,,2026-09-12T16:43:45
1,승아,000974,000974.jpg,02/12/22 d,2022,12,02,2022-12-02,DD.MM.YY,d,2026-09-09T14:11:33
14,서영,000975,000975.jpg,2023/08/03,2023,08,03,2023-08-03,YYYY.MM.DD,,2026-09-10T01:39:33
12,서영,000976,000976.jpg,2023/08/03,2023,08,03,2023-08-03,YYYY.MM.DD,,2026-09-12T09:43:36
14,서영,000977,000977.jpg,03 11 2021,2021,11,03,2021-11-03,DD.MM.YYYY,,2026-09-10T01:39:54
12,서영,000978,000978.jpg,03112021,2021,03,11,2021-03-11,MMDDYYYY,,2026-09-12T09:51:56
14,서영,000979,000979.jpg,2021.06.14 2,2021,06,14,2021-06-14,YYYY.MM.DD,2,2026-09-10T01:40:00
1,승아,000980,000980.jpg,2021.06.14 2,2021,06,14,2021-06-14,YYYY.MM.DD,2,2026-09-09T14:11:39
13,민섭,000981,000981.jpg,2021 08 08,2021,08,08,2021-08-08,YYYY.MM.DD,,2026-09-12T16:43:49
12,서영,000982,000982.jpg,15FEB22 t,2022,02,15,2022-02-15,DD MON YY,t,2026-09-12T09:52:10
12,서영,000983,000983.jpg,2021.08.20,2021,08,20,2021-08-20,YYYY.MM.DD,,2026-09-12T09:52:13
13,민섭,000984,000984.jpg,2021.08.20,2021,08,20,2021-08-20,YYYY.MM.DD,,2026-09-12T16:43:52
15,서현,000985,000985.jpg,DEC-28-2021,2021,12,28,2021-12-28,MON DD YYYY,,2026-09-12T16:38:02
4,서영,000986,000986.jpg,DEC-28-2021,2021,12,28,2021-12-28,MON DD YYYY,,2026-09-09T13:36:21
1,승아,000987,000987.jpg,DEC-28-2021,2021,12,28,2021-12-28,MON DD YYYY,,2026-09-09T14:12:44
7,서현,000988,000988.jpg,DEC-28-2021,2021,12,28,2021-12-28,MON DD YYYY,,2026-09-09T14:04:44
14,서영,000989,000989.jpg,20/07/21,2020,07,21,2020-07-21,YY.MM.DD,,2026-09-10T01:40:04
15,서현,000990,000990.jpg,20/07/21,2020,07,21,2020-07-21,YY.MM.DD,,2026-09-12T16:38:07
11,승아,000991,000991.jpg,MAR 04 2021,2021,03,04,2021-03-04,MON DD YYYY,,2026-09-09T20:00:33
13,민섭,000992,000992.jpg,MAR 04 2021,2021,03,04,2021-03-04,MON DD YYYY,,2026-09-12T16:43:58
13,민섭,000993,000993.jpg,02.18,NONE,02,18,NONE-02-18,MM.DD,,2026-09-12T16:44:00
6,승아,000994,000994.jpg,02.18,NONE,02,18,NONE-02-18,MM.DD,,2026-09-09T15:40:08
15,서현,000995,000995.jpg,02.18,NONE,02,18,NONE-02-18,MM.DD,,2026-09-12T16:38:11
12,서영,000996,000996.jpg,02.19,NONE,02,19,NONE-02-19,MM.DD,,2026-09-12T09:52:19
15,서현,000997,000997.jpg,02.19,NONE,02,19,NONE-02-19,MM.DD,,2026-09-12T16:38:14
14,서영,000998,000998.jpg,11/11/2021 2,2021,11,11,2021-11-11,DD.MM.YYYY,2,2026-09-10T01:40:12
14,서영,000999,000999.jpg,11/11/2021 2 b,2021,11,11,2021-11-11,DD.MM.YYYY,2b,2026-09-10T01:40:19
12,서영,001000,001000.jpg,07 SEP 21,2021,09,07,2021-09-07,DD MON YY,,2026-09-12T09:52:23
4,서영,001001,001001.jpg,07 SEP 21,2021,09,07,2021-09-07,DD MON YY,,2026-09-09T13:36:27
12,서영,001002,001002.jpg,2022. 08 24 b,2022,08,24,2022-08-24,YYYY.MM.DD,b,2026-09-12T09:52:31
5,병철,001003,001003.jpg,2022.08 24,2022,08,24,2022-08-24,YYYY.MM.DD,,2026-09-09T12:03:58
12,서영,001004,001004.jpg,2020.08.10,2020,08,10,2020-08-10,YYYY.MM.DD,,2026-09-12T09:52:35
11,승아,001005,001005.jpg,2020.08.10,2020,08,10,2020-08-10,YYYY.MM.DD,,2026-09-09T20:00:41
12,서영,001006,001006.jpg,2022.06.29 2,2022,06,29,2022-06-29,YYYY.MM.DD,2,2026-09-12T09:52:38
10,병철,001007,001007.jpg,2022.06.29  2,2022,06,29,2022-06-29,YYYY.MM.DD,2,2026-09-10T02:00:02
12,서영,001008,001008.jpg,2022.11.24,2022,11,24,2022-11-24,YYYY.MM.DD,,2026-09-12T09:52:40
3,민섭,001009,001009.jpg,2022.11.24,2022,11,24,2022-11-24,YYYY.MM.DD,,2026-09-09T20:25:11
12,서영,001010,001010.jpg,09.08.2021,2021,08,09,2021-08-09,DD.MM.YYYY,,2026-09-12T09:52:44
5,병철,001011,001011.jpg,09.08.2021,2021,08,09,2021-08-09,DD.MM.YYYY,,2026-09-09T12:04:02
14,서영,001012,001012.jpg,2021.11.10 2,2021,11,10,2021-11-10,YYYY.MM.DD,2,2026-09-10T01:40:25
12,서영,001013,001013.jpg,2021.11.10 2,2021,11,10,2021-11-10,YYYY.MM.DD,2,2026-09-12T09:52:47
14,서영,001014,001014.jpg,2022.01.11,2022,01,11,2022-01-11,YYYY.MM.DD,,2026-09-10T01:40:28
14,서영,001015,001015.jpg,2022.01.11,2022,01,11,2022-01-11,YYYY.MM.DD,,2026-09-10T01:40:30
14,서영,001016,001016.jpg,FEB/21/21,2021,02,21,2021-02-21,MON DD YY,,2026-09-10T01:40:35
12,서영,001017,001017.jpg,FEB/21/21 b,2021,02,21,2021-02-21,MON DD YY,b,2026-09-12T09:52:55
14,서영,001018,001018.jpg,2021.05.15,2021,05,15,2021-05-15,YYYY.MM.DD,,2026-09-10T01:40:42
12,서영,001019,001019.jpg,2021.05.15 b,2021,05,15,2021-05-15,YYYY.MM.DD,b,2026-09-12T09:53:00
11,승아,001020,001020.jpg,2020.02.27,2020,02,27,2020-02-27,YYYY.MM.DD,,2026-09-09T20:00:45
2,서현,001021,001021.jpg,2021.06.28,2021,06,28,2021-06-28,YYYY.MM.DD,,2026-09-09T12:39:24
14,서영,001022,001022.jpg,2021.06.28,2021,06,28,2021-06-28,YYYY.MM.DD,,2026-09-10T01:40:46
11,승아,001023,001023.jpg,13.07.2021,2021,07,13,2021-07-13,DD.MM.YYYY,,2026-09-09T20:00:52
13,민섭,001024,001024.jpg,13.07.2021,2021,07,13,2021-07-13,DD.MM.YYYY,,2026-09-12T16:44:04
13,민섭,001025,001025.jpg,2020.12.09,2020,12,09,2020-12-09,YYYY.MM.DD,,2026-09-12T16:44:09
10,병철,001026,001026.jpg,2020.12.09,2020,12,09,2020-12-09,YYYY.MM.DD,,2026-09-10T02:00:06
12,서영,001027,001027.jpg,2020.09.08,2020,09,08,2020-09-08,YYYY.MM.DD,,2026-09-12T09:53:05
12,서영,001028,001028.jpg,2021.07.07 2,2021,07,07,2021-07-07,YYYY.MM.DD,2,2026-09-12T09:53:08
13,민섭,001029,001029.jpg,2021.07.07 2,2021,07,07,2021-07-07,YYYY.MM.DD,2,2026-09-12T16:44:16
1,승아,001030,001030.jpg,2022.10,2022,10,NONE,2022-10-NONE,YYYY.MM,,2026-09-09T14:15:04
11,승아,001031,001031.jpg,10 2022,2022,10,NONE,2022-10-NONE,MM.YYYY,,2026-09-09T20:00:56
12,서영,001032,001032.jpg,2019.07.16,2019,07,16,2019-07-16,YYYY.MM.DD,,2026-09-12T09:53:14
2,서현,001033,001033.jpg,2019.07.16,2019,07,16,2019-07-16,YYYY.MM.DD,,2026-09-09T12:41:23
14,서영,001034,001034.jpg,2021.06.28,2021,06,28,2021-06-28,YYYY.MM.DD,,2026-09-10T01:40:50
14,서영,001035,001035.jpg,07.10.2021 2,2021,10,07,2021-10-07,DD.MM.YYYY,2,2026-09-10T01:40:55
13,민섭,001036,001036.jpg,07.10.2021 2,2021,10,07,2021-10-07,DD.MM.YYYY,2,2026-09-12T16:44:20
9,서영,001037,001037.jpg,2021.03.18,2021,03,18,2021-03-18,YYYY.MM.DD,,2026-09-09T14:40:32
14,서영,001038,001038.jpg,2021.12.28,2021,12,28,2021-12-28,YYYY.MM.DD,,2026-09-10T01:40:58
8,민섭,001039,001039.jpg,2021.12.28,2021,12,28,2021-12-28,YYYY.MM.DD,,2026-09-12T16:20:43
11,승아,001040,001040.jpg,2022.04.15,2022,04,15,2022-04-15,YYYY.MM.DD,,2026-09-09T20:01:02
12,서영,001041,001041.jpg,2022.04.15,2022,04,15,2022-04-15,YYYY.MM.DD,,2026-09-12T09:53:21
11,승아,001042,001042.jpg,13.09.21 d,2021,09,13,2021-09-13,DD.MM.YY,d,2026-09-10T10:39:23
12,서영,001043,001043.jpg,13.09.21,2021,09,13,2021-09-13,DD.MM.YY,,2026-09-12T09:53:25
12,서영,001044,001044.jpg,30-04-2021,2021,04,30,2021-04-30,DD.MM.YYYY,,2026-09-12T09:53:37
11,승아,001045,001045.jpg,30-04-2021,2021,04,30,2021-04-30,DD.MM.YYYY,,2026-09-10T10:39:47
8,민섭,001046,001046.jpg,07/10/2021,2021,10,07,2021-10-07,DD.MM.YYYY,,2026-09-12T16:20:52
15,서현,001047,001047.jpg,2021.05.12,2021,05,12,2021-05-12,YYYY.MM.DD,,2026-09-12T16:38:19
1,승아,001048,001048.jpg,2021.05.12,2021,05,12,2021-05-12,YYYY.MM.DD,,2026-09-09T14:15:30
11,승아,001049,001049.jpg,2022.01.06,2022,01,06,2022-01-06,YYYY.MM.DD,,2026-09-10T10:39:51
11,승아,001050,001050.jpg,2022.01.06,2022,01,06,2022-01-06,YYYY.MM.DD,,2026-09-10T10:39:55
13,민섭,001051,001051.jpg,2022.12.20,2022,12,20,2022-12-20,YYYY.MM.DD,,2026-09-12T16:44:23
11,승아,001052,001052.jpg,2022.12.20,2022,12,20,2022-12-20,YYYY.MM.DD,,2026-09-10T10:39:58
11,승아,001053,001053.jpg,2022.09.01,2022,09,01,2022-09-01,YYYY.MM.DD,,2026-09-10T10:40:05
15,서현,001054,001054.jpg,2022.09.01,2022,09,01,2022-09-01,YYYY.MM.DD,,2026-09-12T16:38:24
13,민섭,001055,001055.jpg,2022.08.10,2022,08,10,2022-08-10,YYYY.MM.DD,,2026-09-12T16:44:27
12,서영,001056,001056.jpg,2022.05.27,2022,05,27,2022-05-27,YYYY.MM.DD,,2026-09-12T09:53:44
3,민섭,001057,001057.jpg,2022.05.27,2022,05,27,2022-05-27,YYYY.MM.DD,,2026-09-09T20:25:16
15,서현,001058,001058.jpg,2021.10.14,2021,10,14,2021-10-14,YYYY.MM.DD,,2026-09-12T16:38:27
3,민섭,001059,001059.jpg,2021.10.14,2021,10,14,2021-10-14,YYYY.MM.DD,,2026-09-09T20:25:21
13,민섭,001060,001060.jpg,2022.06.23,2022,06,23,2022-06-23,YYYY.MM.DD,,2026-09-12T16:44:30
15,서현,001061,001061.jpg,2022.07.04 2,2022,07,04,2022-07-04,YYYY.MM.DD,2,2026-09-12T16:38:32
1,승아,001062,001062.jpg,2022.07.04 2,2022,07,04,2022-07-04,YYYY.MM.DD,2,2026-09-09T14:15:48
11,승아,001063,001063.jpg,2022.01.04 2,2022,01,04,2022-01-04,YYYY.MM.DD,2,2026-09-10T10:40:10
8,민섭,001064,001064.jpg,2022.01.04,2022,01,04,2022-01-04,YYYY.MM.DD,,2026-09-12T16:20:56
11,승아,001065,001065.jpg,2022.05.04,2022,05,04,2022-05-04,YYYY.MM.DD,,2026-09-10T10:40:14
11,승아,001066,001066.jpg,2022.05.04,2022,05,04,2022-05-04,YYYY.MM.DD,,2026-09-10T10:40:17
15,서현,001067,001067.jpg,2021.12.06,2021,12,06,2021-12-06,YYYY.MM.DD,,2026-09-12T16:38:36
15,서현,001068,001068.jpg,2021.03.15,2021,03,15,2021-03-15,YYYY.MM.DD,,2026-09-12T16:38:39
13,민섭,001069,001069.jpg,2021.03.15,2021,03,15,2021-03-15,YYYY.MM.DD,,2026-09-12T16:44:34
13,민섭,001070,001070.jpg,01.24,NONE,01,24,NONE-01-24,MM.DD,,2026-09-12T16:44:37
11,승아,001071,001071.jpg,01.24,NONE,01,24,NONE-01-24,MM.DD,,2026-09-10T10:40:22
4,서영,001072,001072.jpg,2023/09/18,2023,09,18,2023-09-18,YYYY.MM.DD,,2026-09-09T13:36:55
12,서영,001073,001073.jpg,2023/09/18,2023,09,18,2023-09-18,YYYY.MM.DD,,2026-09-12T09:53:51
15,서현,001074,001074.jpg,30/09/2021,2021,09,30,2021-09-30,DD.MM.YYYY,,2026-09-12T16:38:50
6,승아,001075,001075.jpg,30/09/2021,2021,09,30,2021-09-30,DD.MM.YYYY,,2026-09-09T15:40:18
12,서영,001076,001076.jpg,2021.07.31,2021,07,31,2021-07-31,YYYY.MM.DD,,2026-09-12T09:53:54
3,민섭,001077,001077.jpg,2021.07.31,2021,07,31,2021-07-31,YYYY.MM.DD,,2026-09-09T20:25:27
11,승아,001078,001078.jpg,2023 09 24,2023,09,24,2023-09-24,YYYY.MM.DD,,2026-09-10T10:40:54
11,승아,001079,001079.jpg,2023 09 24,2023,09,24,2023-09-24,YYYY.MM.DD,,2026-09-10T10:40:59
12,서영,001080,001080.jpg,21.10.13,2021,10,13,2021-10-13,YY.MM.DD,,2026-09-12T09:53:58
12,서영,001081,001081.jpg,2021.06.17,2021,06,17,2021-06-17,YYYY.MM.DD,,2026-09-12T09:54:01
11,승아,001082,001082.jpg,2021.06.17,2021,06,17,2021-06-17,YYYY.MM.DD,,2026-09-10T10:41:07
15,서현,001083,001083.jpg,2021.07.09,2021,07,09,2021-07-09,YYYY.MM.DD,,2026-09-12T16:38:54
7,서현,001084,001084.jpg,2021.07.09,2021,07,09,2021-07-09,YYYY.MM.DD,,2026-09-12T17:44:24
13,민섭,001085,001085.jpg,2023.10.09,2023,10,09,2023-10-09,YYYY.MM.DD,,2026-09-12T16:44:44
12,서영,001086,001086.jpg,2023.10.09,2023,10,09,2023-10-09,YYYY.MM.DD,,2026-09-12T09:54:04
13,민섭,001087,001087.jpg,2022.06.14,2022,06,14,2022-06-14,YYYY.MM.DD,,2026-09-12T16:44:47
8,민섭,001088,001088.jpg,2022.06.14,2022,06,14,2022-06-14,YYYY.MM.DD,,2026-09-12T16:21:00
13,민섭,001089,001089.jpg,05/08/2023,2023,08,05,2023-08-05,DD.MM.YYYY,,2026-09-12T16:44:57
11,승아,001090,001090.jpg,2021.04.16 2,2021,04,16,2021-04-16,YYYY.MM.DD,2,2026-09-10T10:41:13
5,병철,001091,001091.jpg,2021.04.16,2021,04,16,2021-04-16,YYYY.MM.DD,,2026-09-09T12:04:06
11,승아,001092,001092.jpg,2021.03.19 2,2021,03,19,2021-03-19,YYYY.MM.DD,2,2026-09-10T10:41:21
12,서영,001093,001093.jpg,2021.05.25,2021,05,25,2021-05-25,YYYY.MM.DD,,2026-09-12T09:54:07
15,서현,001094,001094.jpg,22.01.12 2,2022,01,12,2022-01-12,YY.MM.DD,2,2026-09-12T16:38:57
15,서현,001095,001095.jpg,22.01.12 2,2022,01,12,2022-01-12,YY.MM.DD,2,2026-09-12T16:39:03
12,서영,001096,001096.jpg,2021.06.11 2,2021,06,11,2021-06-11,YYYY.MM.DD,2,2026-09-12T09:54:10
11,승아,001097,001097.jpg,2021.06.11 2,2021,06,11,2021-06-11,YYYY.MM.DD,2,2026-09-10T10:41:30
13,민섭,001098,001098.jpg,2021.03.18 2,2021,03,18,2021-03-18,YYYY.MM.DD,2,2026-09-12T17:04:27
4,서영,001099,001099.jpg,2021.03.18 2,2021,03,18,2021-03-18,YYYY.MM.DD,2,2026-09-09T13:37:07
10,병철,001100,001100.jpg,2021.03.14  2,2021,03,14,2021-03-14,YYYY.MM.DD,2,2026-09-10T02:00:10
14,서영,001101,001101.jpg,2021.03.14 2,2021,03,14,2021-03-14,YYYY.MM.DD,2,2026-09-10T01:41:09
14,서영,001102,001102.jpg,2021.03.14,2021,03,14,2021-03-14,YYYY.MM.DD,,2026-09-10T01:41:13
12,서영,001103,001103.jpg,2021.03.14,2021,03,14,2021-03-14,YYYY.MM.DD,,2026-09-12T09:54:13
11,승아,001104,001104.jpg,2021.08.26 2,2021,08,26,2021-08-26,YYYY.MM.DD,2,2026-09-10T10:41:37
14,서영,001105,001105.jpg,2021.08.26 2,2021,08,26,2021-08-26,YYYY.MM.DD,2,2026-09-10T01:41:20
15,서현,001106,001106.jpg,2021.03.27,2021,03,27,2021-03-27,YYYY.MM.DD,,2026-09-12T16:39:08
13,민섭,001107,001107.jpg,21.02.28,2021,02,28,2021-02-28,YY.MM.DD,,2026-09-12T17:04:30
14,서영,001108,001108.jpg,21.02.28,2021,02,28,2021-02-28,YY.MM.DD,,2026-09-10T01:41:24
14,서영,001109,001109.jpg,21.03.22,2021,03,22,2021-03-22,YY.MM.DD,,2026-09-10T01:41:27
15,서현,001110,001110.jpg,21.03.22,2021,03,22,2021-03-22,YY.MM.DD,,2026-09-12T16:39:10
13,민섭,001111,001111.jpg,2022.07.12,2022,07,12,2022-07-12,YYYY.MM.DD,,2026-09-12T17:04:33
6,승아,001112,001112.jpg,2022.07.12,2022,07,12,2022-07-12,YYYY.MM.DD,,2026-09-09T15:40:24
15,서현,001113,001113.jpg,2023.11.15,2023,11,15,2023-11-15,YYYY.MM.DD,,2026-09-12T16:39:13
14,서영,001114,001114.jpg,2023.11.15,2023,11,15,2023-11-15,YYYY.MM.DD,,2026-09-10T01:41:30
15,서현,001115,001115.jpg,2022.01.12,2022,01,12,2022-01-12,YYYY.MM.DD,,2026-09-12T16:39:16
7,서현,001116,001116.jpg,2022.01.12,2022,01,12,2022-01-12,YYYY.MM.DD,,2026-09-12T17:44:28
12,서영,001117,001117.jpg,2022.01.20,2022,01,20,2022-01-20,YYYY.MM.DD,,2026-09-12T09:54:15
2,서현,001118,001118.jpg,2022.01.20,2022,01,20,2022-01-20,YYYY.MM.DD,,2026-09-09T12:41:27
15,서현,001119,001119.jpg,2021.12.26,2021,12,26,2021-12-26,YYYY.MM.DD,,2026-09-12T16:39:22
13,민섭,001120,001120.jpg,2021.12.16,2021,12,16,2021-12-16,YYYY.MM.DD,,2026-09-12T17:04:40
12,서영,001121,001121.jpg,2023.01.10,2023,01,10,2023-01-10,YYYY.MM.DD,,2026-09-12T09:54:19
15,서현,001122,001122.jpg,2023.01.10,2023,01,10,2023-01-10,YYYY.MM.DD,,2026-09-12T16:39:26
9,서영,001123,001123.jpg,09-10-2021,2021,10,09,2021-10-09,DD.MM.YYYY,,2026-09-09T14:40:39
9,서영,001124,001124.jpg,09-10-2021,2021,10,09,2021-10-09,DD.MM.YYYY,,2026-09-09T14:40:43
12,서영,001125,001125.jpg,2021.12.28 2,2021,12,28,2021-12-28,YYYY.MM.DD,2,2026-09-12T09:54:23
15,서현,001126,001126.jpg,2021.12.28,2021,12,28,2021-12-28,YYYY.MM.DD,,2026-09-12T16:39:30
12,서영,001127,001127.jpg,21.06.10 2,2021,06,10,2021-06-10,YY.MM.DD,2,2026-09-12T09:54:26
7,서현,001128,001128.jpg,21.06.10 2,2021,06,10,2021-06-10,YY.MM.DD,2,2026-09-12T17:44:32
15,서현,001129,001129.jpg,02.07,NONE,02,07,NONE-02-07,MM.DD,,2026-09-12T16:39:35
13,민섭,001130,001130.jpg,02.12,NONE,02,12,NONE-02-12,MM.DD,,2026-09-12T17:04:42
15,서현,001131,001131.jpg,02.12,NONE,02,12,NONE-02-12,MM.DD,,2026-09-12T16:39:39
12,서영,001132,001132.jpg,2021.02.19 2,2021,02,19,2021-02-19,YYYY.MM.DD,2,2026-09-12T09:54:29
12,서영,001133,001133.jpg,2021.02.19 2,2021,02,19,2021-02-19,YYYY.MM.DD,2,2026-09-12T09:54:32
15,서현,001134,001134.jpg,03/03/21,2021,03,03,2021-03-03,DD.MM.YY,,2026-09-12T16:39:45
15,서현,001135,001135.jpg,24/09/2022,2022,09,24,2022-09-24,DD.MM.YYYY,,2026-09-12T16:39:53
10,병철,001136,001136.jpg,24/09/2022,2022,09,24,2022-09-24,DD.MM.YYYY,,2026-09-10T02:00:16
12,서영,001137,001137.jpg,17 JUL 21,2021,07,17,2021-07-17,DD MON YY,,2026-09-12T09:54:38
13,민섭,001138,001138.jpg,2021.10.23,2021,10,23,2021-10-23,YYYY.MM.DD,,2026-09-12T17:04:48
15,서현,001139,001139.jpg,2021.02.28,2021,02,28,2021-02-28,YYYY.MM.DD,,2026-09-12T16:39:59
7,서현,001140,001140.jpg,2021.02.28,2021,02,28,2021-02-28,YYYY.MM.DD,,2026-09-12T17:44:37
12,서영,001141,001141.jpg,14.03.2022 2,2022,03,14,2022-03-14,DD.MM.YYYY,2,2026-09-12T09:54:43
1,승아,001142,001142.jpg,28 JUN 21,2021,06,28,2021-06-28,DD MON YY,,2026-09-09T14:18:12
14,서영,001143,001143.jpg,26 JUN 21 t,2021,06,26,2021-06-26,DD MON YY,t,2026-09-10T01:41:38
12,서영,001144,001144.jpg,2021.05.25,2021,05,25,2021-05-25,YYYY.MM.DD,,2026-09-12T09:54:46
12,서영,001145,001145.jpg,2021.05.25,2021,05,25,2021-05-25,YYYY.MM.DD,,2026-09-12T09:54:49
15,서현,001146,001146.jpg,2021.12.13 2,2021,12,13,2021-12-13,YYYY.MM.DD,2,2026-09-12T16:40:03
13,민섭,001147,001147.jpg,2021.12.13 2,2021,12,13,2021-12-13,YYYY.MM.DD,2,2026-09-12T17:04:54
8,민섭,001148,001148.jpg,2022.07.31,2022,07,31,2022-07-31,YYYY.MM.DD,,2026-09-12T16:21:03
11,승아,001149,001149.jpg,2022.07.31,2022,07,31,2022-07-31,YYYY.MM.DD,,2026-09-10T10:41:42
13,민섭,001150,001150.jpg,18/09/2021,2021,09,18,2021-09-18,DD.MM.YYYY,,2026-09-12T17:05:02
13,민섭,001151,001151.jpg,18/09/2021,2021,09,18,2021-09-18,DD.MM.YYYY,,2026-09-12T17:05:13
10,병철,001152,001152.jpg,2021/10/31,2021,10,31,2021-10-31,YYYY.MM.DD,,2026-09-10T02:00:19
5,병철,001153,001153.jpg,2021/10/31,2021,10,31,2021-10-31,YYYY.MM.DD,,2026-09-09T12:04:10
12,서영,001154,001154.jpg,21-09-2021,2021,09,21,2021-09-21,DD.MM.YYYY,,2026-09-12T09:54:53
11,승아,001155,001155.jpg,21-09-2021,2021,09,21,2021-09-21,DD.MM.YYYY,,2026-09-10T10:41:48
11,승아,001156,001156.jpg,21.02.07,2021,02,07,2021-02-07,YY.MM.DD,,2026-09-10T10:41:55
11,승아,001157,001157.jpg,21.02.07,2021,02,07,2021-02-07,YY.MM.DD,,2026-09-10T10:42:00
11,승아,001158,001158.jpg,2021 08 10,2021,08,10,2021-08-10,YYYY.MM.DD,,2026-09-10T10:42:04
14,서영,001159,001159.jpg,2021 08 10,2021,08,10,2021-08-10,YYYY.MM.DD,,2026-09-10T01:41:42
12,서영,001160,001160.jpg,21.04.23,2021,04,23,2021-04-23,YY.MM.DD,,2026-09-12T09:54:56
13,민섭,001161,001161.jpg,21.04.23,2021,04,23,2021-04-23,YY.MM.DD,,2026-09-12T17:05:23
14,서영,001162,001162.jpg,2021.12.06,2021,12,06,2021-12-06,YYYY.MM.DD,,2026-09-10T01:41:48
14,서영,001163,001163.jpg,2021.12.06,2021,12,06,2021-12-06,YYYY.MM.DD,,2026-09-10T01:41:52
14,서영,001164,001164.jpg,2021.03.01,2021,03,01,2021-03-01,YYYY.MM.DD,,2026-09-10T01:41:55
5,병철,001165,001165.jpg,2021.03.01,2021,03,01,2021-03-01,YYYY.MM.DD,,2026-09-09T12:04:14
13,민섭,001166,001166.jpg,2022.01.20,2022,01,20,2022-01-20,YYYY.MM.DD,,2026-09-12T17:05:28
13,민섭,001167,001167.jpg,2022.01.20,2022,01,20,2022-01-20,YYYY.MM.DD,,2026-09-12T17:05:31
4,서영,001168,001168.jpg,2021/08/31,2021,08,31,2021-08-31,YYYY.MM.DD,,2026-09-09T13:37:13
11,승아,001169,001169.jpg,2021/08/31,2021,08,31,2021-08-31,YYYY.MM.DD,,2026-09-10T10:42:11
9,서영,001170,001170.jpg,22.01.18,2022,01,18,2022-01-18,YY.MM.DD,,2026-09-09T14:40:46
7,서현,001171,001171.jpg,22.01.18,2022,01,18,2022-01-18,YY.MM.DD,,2026-09-12T17:44:56
13,민섭,001172,001172.jpg,2021.09,2021,09,NONE,2021-09-NONE,YYYY.MM,,2026-09-12T17:05:35
11,승아,001173,001173.jpg,2021.09,2021,09,NONE,2021-09-NONE,YYYY.MM,,2026-09-10T10:42:14
13,민섭,001174,001174.jpg,2021.03.14,2021,03,14,2021-03-14,YYYY.MM.DD,,2026-09-12T17:05:40
14,서영,001175,001175.jpg,07 09 21 d,2021,09,07,2021-09-07,DD.MM.YY,d,2026-09-10T01:42:04
14,서영,001176,001176.jpg,07 09 21 d,2021,09,07,2021-09-07,DD.MM.YY,d,2026-09-10T01:42:14
14,서영,001177,001177.jpg,DEC012021,2021,12,01,2021-12-01,MON DD YYYY,,2026-09-10T09:26:28
10,병철,001178,001178.jpg,dec012021,2021,12,01,2021-12-01,MON DD YYYY,,2026-09-10T02:00:31
14,서영,001179,001179.jpg,01 SEP 2023,2023,09,01,2023-09-01,DD MON YYYY,,2026-09-10T09:29:12
1,승아,001180,001180.jpg,01 SEP 2023,2023,09,01,2023-09-01,DD MON YYYY,,2026-09-09T14:18:41
11,승아,001181,001181.jpg,APR 14 2022,2022,04,14,2022-04-14,MON DD YYYY,,2026-09-10T10:42:20
15,서현,001182,001182.jpg,APR 14 2022,2022,04,14,2022-04-14,MON DD YYYY,,2026-09-12T16:40:08
7,서현,001183,001183.jpg,2021.10.08,2021,10,08,2021-10-08,YYYY.MM.DD,,2026-09-12T17:45:00
6,승아,001184,001184.jpg,2021.10.08,2021,10,08,2021-10-08,YYYY.MM.DD,,2026-09-09T15:40:29
11,승아,001185,001185.jpg,21.09.28 2,2021,09,28,2021-09-28,YY.MM.DD,2,2026-09-10T10:42:37
2,서현,001186,001186.jpg,21.09.28 2,2021,09,28,2021-09-28,YY.MM.DD,2,2026-09-09T12:41:34
3,민섭,001187,001187.jpg,2020.04.23,2020,04,23,2020-04-23,YYYY.MM.DD,,2026-09-09T20:25:31
15,서현,001188,001188.jpg,2020.04.23,2020,04,23,2020-04-23,YYYY.MM.DD,,2026-09-12T16:40:12
12,서영,001189,001189.jpg,2019.06.28 2,2019,06,28,2019-06-28,YYYY.MM.DD,2,2026-09-12T09:55:01
13,민섭,001190,001190.jpg,2019.06.28 2,2019,06,28,2019-06-28,YYYY.MM.DD,2,2026-09-12T17:05:55
13,민섭,001191,001191.jpg,08 12 20,2020,12,08,2020-12-08,DD.MM.YY,,2026-09-12T17:06:01
11,승아,001192,001192.jpg,08 12 20 d,2020,12,08,2020-12-08,DD.MM.YY,d,2026-09-10T10:43:01
12,서영,001193,001193.jpg,11/02/2021 2,2021,02,11,2021-02-11,DD.MM.YYYY,2,2026-09-12T09:55:05
2,서현,001194,001194.jpg,11/02/2021 2,2021,02,11,2021-02-11,DD.MM.YYYY,2,2026-09-09T12:41:45
15,서현,001195,001195.jpg,21.10.18,2021,10,18,2021-10-18,YY.MM.DD,,2026-09-12T16:40:20
10,병철,001196,001196.jpg,21.10.18,2021,10,18,2021-10-18,YY.MM.DD,,2026-09-10T02:00:34
8,민섭,001197,001197.jpg,2021.10.10,2021,10,10,2021-10-10,YYYY.MM.DD,,2026-09-12T16:21:06
6,승아,001198,001198.jpg,10 10 2021,2021,10,10,2021-10-10,DD.MM.YYYY,,2026-09-09T15:40:36
13,민섭,001199,001199.jpg,2021.10.20 2,2021,10,20,2021-10-20,YYYY.MM.DD,2,2026-09-12T17:06:18
14,서영,001200,001200.jpg,2021.10.20 2,2021,10,20,2021-10-20,YYYY.MM.DD,2,2026-09-10T09:29:15
15,서현,001201,001201.jpg,2022.07.16,2022,07,16,2022-07-16,YYYY.MM.DD,,2026-09-12T16:46:50
2,서현,001202,001202.jpg,2022.07.16,2022,07,16,2022-07-16,YYYY.MM.DD,,2026-09-09T12:41:52
11,승아,001203,001203.jpg,28/02/2023,2023,02,28,2023-02-28,DD.MM.YYYY,,2026-09-10T10:43:12
12,서영,001204,001204.jpg,28/02/2023,2023,02,28,2023-02-28,DD.MM.YYYY,,2026-09-12T09:55:11
14,서영,001205,001205.jpg,05.21,NONE,05,21,NONE-05-21,MM.DD,,2026-09-10T09:29:18
11,승아,001206,001206.jpg,05.21,2021,05,NONE,2021-05-NONE,MM.YY,,2026-09-10T10:45:58
12,서영,001207,001207.jpg,2020.08.18,2020,08,18,2020-08-18,YYYY.MM.DD,,2026-09-12T09:55:16
8,민섭,001208,001208.jpg,2020.08.18,2020,08,18,2020-08-18,YYYY.MM.DD,,2026-09-12T16:21:10
15,서현,001209,001209.jpg,03.08.2021,2021,08,03,2021-08-03,DD.MM.YYYY,,2026-09-12T16:46:54
13,민섭,001210,001210.jpg,03.08.2021,2021,08,03,2021-08-03,DD.MM.YYYY,,2026-09-12T17:06:21
11,승아,001211,001211.jpg,2021.07.03,2021,07,03,2021-07-03,YYYY.MM.DD,,2026-09-10T10:46:58
12,서영,001212,001212.jpg,2021.07.03,2021,07,03,2021-07-03,YYYY.MM.DD,,2026-09-12T09:55:19
14,서영,001213,001213.jpg,2021.05.15,2021,05,15,2021-05-15,YYYY.MM.DD,,2026-09-10T09:29:27
11,승아,001214,001214.jpg,2021.05.15,2021,05,15,2021-05-15,YYYY.MM.DD,,2026-09-10T10:47:05
13,민섭,001215,001215.jpg,13 06 2021,2021,06,13,2021-06-13,DD.MM.YYYY,,2026-09-12T17:06:28
3,민섭,001216,001216.jpg,2021.06.13,2021,06,13,2021-06-13,YYYY.MM.DD,,2026-09-09T20:25:38
13,민섭,001217,001217.jpg,2022.05.30,2022,05,30,2022-05-30,YYYY.MM.DD,,2026-09-12T17:06:35
14,서영,001218,001218.jpg,2022.05.30,2022,05,30,2022-05-30,YYYY.MM.DD,,2026-09-10T09:29:31
11,승아,001219,001219.jpg,2021.01.14,2021,01,14,2021-01-14,YYYY.MM.DD,,2026-09-10T10:47:08
13,민섭,001220,001220.jpg,2021.01.14,2021,01,14,2021-01-14,YYYY.MM.DD,,2026-09-12T17:06:43
13,민섭,001221,001221.jpg,2021.11.10,2021,11,10,2021-11-10,YYYY.MM.DD,,2026-09-12T17:06:51
14,서영,001222,001222.jpg,2021.11.10,2021,11,10,2021-11-10,YYYY.MM.DD,,2026-09-10T09:29:34
14,서영,001223,001223.jpg,11 APR 2021,2021,04,11,2021-04-11,DD MON YYYY,,2026-09-10T09:29:37
11,승아,001224,001224.jpg,11 APR 2021,2021,04,11,2021-04-11,DD MON YYYY,,2026-09-10T10:47:13
7,서현,001225,001225.jpg,2022.06.27 2,2022,06,27,2022-06-27,YYYY.MM.DD,2,2026-09-12T17:45:04
15,서현,001226,001226.jpg,2022.06.27 2,2022,06,27,2022-06-27,YYYY.MM.DD,2,2026-09-12T16:46:58
14,서영,001227,001227.jpg,22.01.11 2,2022,01,11,2022-01-11,YY.MM.DD,2,2026-09-10T09:29:43
11,승아,001228,001228.jpg,22.01.11 2,2022,01,11,2022-01-11,YY.MM.DD,2,2026-09-10T10:47:20
15,서현,001229,001229.jpg,2021.10.28,2021,10,28,2021-10-28,YYYY.MM.DD,,2026-09-12T16:47:00
13,민섭,001230,001230.jpg,2021.10.28,2021,10,28,2021-10-28,YYYY.MM.DD,,2026-09-12T17:06:57
14,서영,001231,001231.jpg,21.05.05,2021,05,05,2021-05-05,YY.MM.DD,,2026-09-10T09:29:46
12,서영,001232,001232.jpg,21.05.05,2021,05,05,2021-05-05,YY.MM.DD,,2026-09-12T09:55:23
15,서현,001233,001233.jpg,2021.03.09,2021,03,09,2021-03-09,YYYY.MM.DD,,2026-09-12T16:47:04
12,서영,001234,001234.jpg,2021.03.09,2021,03,09,2021-03-09,YYYY.MM.DD,,2026-09-12T09:55:26
4,서영,001235,001235.jpg,20.09.26 2,2020,09,26,2020-09-26,YY.MM.DD,2,2026-09-09T13:37:20
13,민섭,001236,001236.jpg,01.28,NONE,01,28,NONE-01-28,MM.DD,,2026-09-12T17:07:00
4,서영,001237,001237.jpg,1.28,NONE,01,28,NONE-01-28,MM.DD,,2026-09-09T13:37:31
13,민섭,001238,001238.jpg,01.31,NONE,01,31,NONE-01-31,MM.DD,,2026-09-12T17:07:06
10,병철,001239,001239.jpg,2020.12.19,2020,12,19,2020-12-19,YYYY.MM.DD,,2026-09-10T02:00:37
10,병철,001240,001240.jpg,2020.12.19,2020,12,19,2020-12-19,YYYY.MM.DD,,2026-09-10T02:00:41
13,민섭,001241,001241.jpg,2022.06.13,2022,06,13,2022-06-13,YYYY.MM.DD,,2026-09-12T17:07:11
2,서현,001242,001242.jpg,2022.06.13,2022,06,13,2022-06-13,YYYY.MM.DD,,2026-09-09T12:45:16
12,서영,001243,001243.jpg,31/12/2023,2023,12,31,2023-12-31,DD.MM.YYYY,,2026-09-12T09:55:29
7,서현,001244,001244.jpg,31/12/2023,2023,12,31,2023-12-31,DD.MM.YYYY,,2026-09-12T17:45:12
15,서현,001245,001245.jpg,2021.11.01,2021,11,01,2021-11-01,YYYY.MM.DD,,2026-09-12T16:47:08
9,서영,001246,001246.jpg,22.01.19 2,2022,01,19,2022-01-19,YY.MM.DD,2,2026-09-09T14:44:45
11,승아,001247,001247.jpg,22.01.19 2,2022,01,19,2022-01-19,YY.MM.DD,2,2026-09-10T10:47:27
14,서영,001248,001248.jpg,2021.07.15,2021,07,15,2021-07-15,YYYY.MM.DD,,2026-09-10T09:29:50
14,서영,001249,001249.jpg,2021.07.15,2021,07,15,2021-07-15,YYYY.MM.DD,,2026-09-10T09:30:01
14,서영,001250,001250.jpg,21.04.11 2,2021,04,11,2021-04-11,YY.MM.DD,2,2026-09-10T09:30:04
15,서현,001251,001251.jpg,21.04.11 2,2021,04,11,2021-04-11,YY.MM.DD,2,2026-09-12T16:47:11
14,서영,001252,001252.jpg,2021.08.19,2021,08,19,2021-08-19,YYYY.MM.DD,,2026-09-10T09:30:06
15,서현,001253,001253.jpg,2021.08.19,2021,08,19,2021-08-19,YYYY.MM.DD,,2026-09-12T16:47:15
9,서영,001254,001254.jpg,2019.09.13,2019,09,13,2019-09-13,YYYY.MM.DD,,2026-09-09T14:44:50
15,서현,001255,001255.jpg,2019.09.13,2019,09,13,2019-09-13,YYYY.MM.DD,,2026-09-12T16:47:20
13,민섭,001256,001256.jpg,2023/07/03,2023,07,03,2023-07-03,YYYY.MM.DD,,2026-09-12T17:07:19
12,서영,001257,001257.jpg,2023/07/03,2023,07,03,2023-07-03,YYYY.MM.DD,,2026-09-12T09:55:35
13,민섭,001258,001258.jpg,2022/03/15,2022,03,15,2022-03-15,YYYY.MM.DD,,2026-09-12T17:07:26
14,서영,001259,001259.jpg,30/08/2021,2021,08,30,2021-08-30,DD.MM.YYYY,,2026-09-10T09:30:15
1,승아,001260,001260.jpg,30/08/2021,2021,08,30,2021-08-30,DD.MM.YYYY,,2026-09-09T14:18:53
12,서영,001261,001261.jpg,2021.03.25,2021,03,25,2021-03-25,YYYY.MM.DD,,2026-09-12T09:55:39
10,병철,001262,001262.jpg,2021.03.25,2021,03,25,2021-03-25,YYYY.MM.DD,,2026-09-10T02:00:44
15,서현,001263,001263.jpg,2022.12.03,2022,12,03,2022-12-03,YYYY.MM.DD,,2026-09-12T16:47:23
12,서영,001264,001264.jpg,2022.12.03,2022,12,03,2022-12-03,YYYY.MM.DD,,2026-09-12T09:55:42
8,민섭,001265,001265.jpg,2022.06,2022,06,NONE,2022-06-NONE,YYYY.MM,,2026-09-12T16:21:29
15,서현,001266,001266.jpg,JUN 2022,2022,06,NONE,2022-06-NONE,MON YYYY,,2026-09-12T16:47:30
15,서현,001267,001267.jpg,2022.09.05,2022,09,05,2022-09-05,YYYY.MM.DD,,2026-09-12T16:47:33
7,서현,001268,001268.jpg,2022.09.05,2022,09,05,2022-09-05,YYYY.MM.DD,,2026-09-12T17:45:38
2,서현,001269,001269.jpg,11/Oct/2021 2,2021,10,11,2021-10-11,DD MON YYYY,2,2026-09-09T12:45:35
13,민섭,001270,001270.jpg,11/Oct/2021,2021,10,11,2021-10-11,DD MON YYYY,,2026-09-12T17:07:36
12,서영,001271,001271.jpg,2023/07/08,2023,07,08,2023-07-08,YYYY.MM.DD,,2026-09-12T09:55:46
14,서영,001272,001272.jpg,2023/07/08,2023,07,08,2023-07-08,YYYY.MM.DD,,2026-09-10T09:30:19
9,서영,001273,001273.jpg,17/06/2022,2022,06,17,2022-06-17,DD.MM.YYYY,,2026-09-09T14:44:58
14,서영,001274,001274.jpg,17/06/2022,2022,06,17,2022-06-17,DD.MM.YYYY,,2026-09-10T09:30:25
1,승아,001275,001275.jpg,2021.11.07,2021,11,07,2021-11-07,YYYY.MM.DD,,2026-09-09T14:19:03
12,서영,001276,001276.jpg,2021.11.04,2021,11,04,2021-11-04,YYYY.MM.DD,,2026-09-12T09:55:49
10,병철,001277,001277.jpg,2021.11.04,2021,11,04,2021-11-04,YYYY.MM.DD,,2026-09-10T02:00:47
14,서영,001278,001278.jpg,03/01/2022 2,2022,01,03,2022-01-03,DD.MM.YYYY,2,2026-09-10T09:30:30
11,승아,001279,001279.jpg,2022/10/09,2022,10,09,2022-10-09,YYYY.MM.DD,,2026-09-10T10:47:40
7,서현,001280,001280.jpg,2022/10/09,2022,10,09,2022-10-09,YYYY.MM.DD,,2026-09-12T17:46:22
15,서현,001281,001281.jpg,05/08/25,2025,08,05,2025-08-05,DD.MM.YY,,2026-09-12T16:47:41
12,서영,001282,001282.jpg,01/04/2025,2025,04,01,2025-04-01,DD.MM.YYYY,,2026-09-12T09:55:54
15,서현,001283,001283.jpg,2022/04/23,2022,04,23,2022-04-23,YYYY.MM.DD,,2026-09-12T16:47:46
12,서영,001284,001284.jpg,2022/04/23,2022,04,23,2022-04-23,YYYY.MM.DD,,2026-09-12T09:55:57
12,서영,001285,001285.jpg,21/11/2022,2022,11,21,2022-11-21,DD.MM.YYYY,,2026-09-12T09:56:00
4,서영,001286,001286.jpg,21/11/2022,2022,11,21,2022-11-21,DD.MM.YYYY,,2026-09-09T13:37:35
4,서영,001287,001287.jpg,01 10 23 d,2023,10,01,2023-10-01,DD.MM.YY,d,2026-09-09T13:38:10
4,서영,001288,001288.jpg,2023.05.22,2023,05,22,2023-05-22,YYYY.MM.DD,,2026-09-09T13:38:19
13,민섭,001289,001289.jpg,24/11/21,2024,11,21,2024-11-21,YY.MM.DD,,2026-09-12T17:10:27
12,서영,001290,001290.jpg,24/11/21,2024,11,21,2024-11-21,YY.MM.DD,,2026-09-12T09:56:03
3,민섭,001291,001291.jpg,2022.11.05,2022,11,05,2022-11-05,YYYY.MM.DD,,2026-09-09T20:25:43
14,서영,001292,001292.jpg,2022/11/05 2,2022,11,05,2022-11-05,YYYY.MM.DD,2,2026-09-10T09:30:34
10,병철,001293,001293.jpg,2020/09/21,2020,09,21,2020-09-21,YYYY.MM.DD,,2026-09-10T02:00:50
11,승아,001294,001294.jpg,NOV2021,2021,11,NONE,2021-11-NONE,MON YYYY,,2026-09-10T10:47:44
12,서영,001295,001295.jpg,NOV2021,2021,11,NONE,2021-11-NONE,MON YYYY,,2026-09-12T09:56:06
10,병철,001296,001296.jpg,11/2023,2023,11,NONE,2023-11-NONE,MM.YYYY,,2026-09-10T02:00:55
15,서현,001297,001297.jpg,11/2023,2023,11,NONE,2023-11-NONE,MM.YYYY,,2026-09-12T16:47:54
13,민섭,001298,001298.jpg,24/06/2021,2021,06,24,2021-06-24,DD.MM.YYYY,,2026-09-12T17:10:36
14,서영,001299,001299.jpg,2021.07.28,2021,07,28,2021-07-28,YYYY.MM.DD,,2026-09-10T09:30:43
2,서현,001300,001300.jpg,2021.07.28,2021,07,28,2021-07-28,YYYY.MM.DD,,2026-09-09T12:45:40
15,서현,001301,001301.jpg,29.11.21 2,2021,11,29,2021-11-29,DD.MM.YY,2,2026-09-12T16:49:08
14,서영,001302,001302.jpg,29.11.21 d,2021,11,29,2021-11-29,DD.MM.YY,d,2026-09-10T09:31:04
14,서영,001303,001303.jpg,14/09/2021 2,2021,09,14,2021-09-14,DD.MM.YYYY,2,2026-09-10T09:31:10
13,민섭,001304,001304.jpg,2021.04.12,2021,04,12,2021-04-12,YYYY.MM.DD,,2026-09-12T17:10:40
6,승아,001305,001305.jpg,2021.04.12,2021,04,12,2021-04-12,YYYY.MM.DD,,2026-09-09T15:40:41
12,서영,001306,001306.jpg,2021.07.19,2021,07,19,2021-07-19,YYYY.MM.DD,,2026-09-12T09:56:10
10,병철,001307,001307.jpg,06/11/2022,2022,11,06,2022-11-06,DD.MM.YYYY,,2026-09-10T02:01:01
14,서영,001308,001308.jpg,06/11/2022,2022,11,06,2022-11-06,DD.MM.YYYY,,2026-09-10T09:31:14
12,서영,001309,001309.jpg,30APR21 t,2021,04,30,2021-04-30,DD MON YY,t,2026-09-12T09:56:36
12,서영,001310,001310.jpg,20APR21 t b,2021,04,20,2021-04-20,DD MON YY,bt,2026-09-12T09:56:44
15,서현,001311,001311.jpg,2022/10/20,2022,10,20,2022-10-20,YYYY.MM.DD,,2026-09-12T16:49:32
11,승아,001312,001312.jpg,2022/10/20,2022,10,20,2022-10-20,YYYY.MM.DD,,2026-09-10T10:47:52
12,서영,001313,001313.jpg,2022.01.15,2022,01,15,2022-01-15,YYYY.MM.DD,,2026-09-12T09:56:48
11,승아,001314,001314.jpg,2022.01.15,2022,01,15,2022-01-15,YYYY.MM.DD,,2026-09-10T10:47:56
14,서영,001315,001315.jpg,2021.12.09,2021,12,09,2021-12-09,YYYY.MM.DD,,2026-09-10T09:31:18
12,서영,001316,001316.jpg,2021.12.09,2021,12,09,2021-12-09,YYYY.MM.DD,,2026-09-12T09:56:50
13,민섭,001317,001317.jpg,07/12/2022 2,2022,12,07,2022-12-07,DD.MM.YYYY,2,2026-09-12T17:10:47
13,민섭,001318,001318.jpg,07/12/2022 2,2022,12,07,2022-12-07,DD.MM.YYYY,2,2026-09-12T17:10:55
5,병철,001319,001319.jpg,22/11/2021,2021,11,22,2021-11-22,DD.MM.YYYY,,2026-09-09T12:04:16
14,서영,001320,001320.jpg,22/11/2021,2021,11,22,2021-11-22,DD.MM.YYYY,,2026-09-10T09:31:22
14,서영,001321,001321.jpg,2022.02.15,2022,02,15,2022-02-15,YYYY.MM.DD,,2026-09-10T09:31:27
5,병철,001322,001322.jpg,2022.02.15,2022,02,15,2022-02-15,YYYY.MM.DD,,2026-09-09T12:04:23
14,서영,001323,001323.jpg,09/07/2023 2,2023,07,09,2023-07-09,DD.MM.YYYY,2,2026-09-10T09:31:35
6,승아,001324,001324.jpg,09/07/2023 2,2023,07,09,2023-07-09,DD.MM.YYYY,2,2026-09-09T15:41:16
1,승아,001325,001325.jpg,JUL 22 21,2021,07,22,2021-07-22,MON DD YY,,2026-09-09T14:19:31
14,서영,001326,001326.jpg,2021.07.19,2021,07,19,2021-07-19,YYYY.MM.DD,,2026-09-10T09:31:39
11,승아,001327,001327.jpg,2021.07.19,2021,07,19,2021-07-19,YYYY.MM.DD,,2026-09-10T10:48:04
13,민섭,001328,001328.jpg,2021.06.26,2021,06,26,2021-06-26,YYYY.MM.DD,,2026-09-12T17:10:58
4,서영,001329,001329.jpg,2021.06.26,2021,06,26,2021-06-26,YYYY.MM.DD,,2026-09-09T13:38:25
15,서현,001330,001330.jpg,2021.03.05,2021,03,05,2021-03-05,YYYY.MM.DD,,2026-09-12T16:50:46
2,서현,001331,001331.jpg,2021.04.19,2021,04,19,2021-04-19,YYYY.MM.DD,,2026-09-09T12:45:51
11,승아,001332,001332.jpg,12/2021,2021,12,NONE,2021-12-NONE,MM.YYYY,,2026-09-10T10:48:10
12,서영,001333,001333.jpg,12/2021,2021,12,NONE,2021-12-NONE,MM.YYYY,,2026-09-12T09:56:53
14,서영,001334,001334.jpg,26 OCT 2021,2021,10,26,2021-10-26,DD MON YYYY,,2026-09-10T09:31:43
14,서영,001335,001335.jpg,26 OCT 2021,2021,10,26,2021-10-26,DD MON YYYY,,2026-09-10T09:31:48
13,민섭,001336,001336.jpg,04 JUL 21,2021,07,04,2021-07-04,DD MON YY,,2026-09-12T17:11:04
2,서현,001337,001337.jpg,04-Jul-21,2021,07,04,2021-07-04,DD MON YY,,2026-09-09T12:46:14
13,민섭,001338,001338.jpg,08.06.2021,2021,06,08,2021-06-08,DD.MM.YYYY,,2026-09-12T17:12:05
15,서현,001339,001339.jpg,08.06.2021,2021,06,08,2021-06-08,DD.MM.YYYY,,2026-09-12T16:51:01
13,민섭,001340,001340.jpg,25/11/2021 2,2021,11,25,2021-11-25,DD.MM.YYYY,2,2026-09-12T17:12:11
13,민섭,001341,001341.jpg,25/11/2021 2,2021,11,25,2021-11-25,DD.MM.YYYY,2,2026-09-12T17:12:20
11,승아,001342,001342.jpg,SEP 10 2021,2021,09,10,2021-09-10,MON DD YYYY,,2026-09-10T10:48:17
6,승아,001343,001343.jpg,SEP 10 2021,2021,09,10,2021-09-10,MON DD YYYY,,2026-09-09T15:41:27
12,서영,001344,001344.jpg,AUG 10 2021,2021,08,10,2021-08-10,MON DD YYYY,,2026-09-12T09:56:59
11,승아,001345,001345.jpg,AUG 27 2021,2021,08,27,2021-08-27,MON DD YYYY,,2026-09-10T10:48:23
4,서영,001346,001346.jpg,AUG 27 2021,2021,08,27,2021-08-27,MON DD YYYY,,2026-09-09T13:38:35
14,서영,001347,001347.jpg,2021/10/31,2021,10,31,2021-10-31,YYYY.MM.DD,,2026-09-10T09:31:52
15,서현,001348,001348.jpg,2021/10/31,2021,10,31,2021-10-31,YYYY.MM.DD,,2026-09-12T16:51:05
12,서영,001349,001349.jpg,21-08-2021,2021,08,21,2021-08-21,DD.MM.YYYY,,2026-09-12T09:57:04
15,서현,001350,001350.jpg,21-08-2021,2021,08,21,2021-08-21,DD.MM.YYYY,,2026-09-12T16:51:14
13,민섭,001351,001351.jpg,09-06-2021,2021,06,09,2021-06-09,DD.MM.YYYY,,2026-09-12T17:12:29
14,서영,001352,001352.jpg,2022-06-27,2022,06,27,2022-06-27,YYYY.MM.DD,,2026-09-10T09:31:57
12,서영,001353,001353.jpg,2022-06-27,2022,06,27,2022-06-27,YYYY.MM.DD,,2026-09-12T09:57:08
11,승아,001354,001354.jpg,06 JUL 2022,2022,07,06,2022-07-06,DD MON YYYY,,2026-09-10T10:48:34
14,서영,001355,001355.jpg,2021.07.22,2021,07,22,2021-07-22,YYYY.MM.DD,,2026-09-10T09:36:04
1,승아,001356,001356.jpg,2022.08 2,2022,08,NONE,2022-08-NONE,YYYY.MM,2,2026-09-09T14:36:03
15,서현,001357,001357.jpg,08/20,NONE,08,20,NONE-08-20,MM.DD,,2026-09-12T16:51:21
14,서영,001358,001358.jpg,12.2020,2020,12,NONE,2020-12-NONE,MM.YYYY,,2026-09-10T09:36:10
2,서현,001359,001359.jpg,12.2020,2020,12,NONE,2020-12-NONE,MM.YYYY,,2026-09-09T13:01:05
15,서현,001360,001360.jpg,02.09.21,2021,09,02,2021-09-02,DD.MM.YY,,2026-09-12T16:51:52
15,서현,001361,001361.jpg,02.09.21,2021,09,02,2021-09-02,DD.MM.YY,,2026-09-12T16:51:56
12,서영,001362,001362.jpg,04.2021,2021,04,NONE,2021-04-NONE,MM.YYYY,,2026-09-12T09:57:18
15,서현,001363,001363.jpg,04.2021,2021,04,NONE,2021-04-NONE,MM.YYYY,,2026-09-12T16:52:04
12,서영,001364,001364.jpg,02 2021,2021,02,NONE,2021-02-NONE,MM.YYYY,,2026-09-12T09:57:21
1,승아,001365,001365.jpg,2022.11.01,2022,11,01,2022-11-01,YYYY.MM.DD,,2026-09-09T14:39:39
15,서현,001366,001366.jpg,29.09.2021 2,2021,09,29,2021-09-29,DD.MM.YYYY,2,2026-09-12T16:52:09
7,서현,001367,001367.jpg,29.09.2021 2,2021,09,29,2021-09-29,DD.MM.YYYY,2,2026-09-12T17:46:42
12,서영,001368,001368.jpg,2021.08.19,2021,08,19,2021-08-19,YYYY.MM.DD,,2026-09-12T09:57:25
14,서영,001369,001369.jpg,25.09.21,2025,09,21,2025-09-21,YY.MM.DD,,2026-09-10T09:36:14
13,민섭,001370,001370.jpg,2021.12.03,2021,12,03,2021-12-03,YYYY.MM.DD,,2026-09-12T17:12:33
11,승아,001371,001371.jpg,2022 04 27,2022,04,27,2022-04-27,YYYY.MM.DD,,2026-09-10T10:48:38
15,서현,001372,001372.jpg,07-03-2022,2022,03,07,2022-03-07,DD.MM.YYYY,,2026-09-12T16:52:14
15,서현,001373,001373.jpg,07-03-2022,2022,03,07,2022-03-07,DD.MM.YYYY,,2026-09-12T16:52:18
15,서현,001374,001374.jpg,2022.05,2022,05,NONE,2022-05-NONE,YYYY.MM,,2026-09-12T16:52:23
10,병철,001375,001375.jpg,2022.05,2022,05,NONE,2022-05-NONE,YYYY.MM,,2026-09-10T02:01:03
11,승아,001376,001376.jpg,2021 12 02,2021,12,02,2021-12-02,YYYY.MM.DD,,2026-09-10T10:48:42
14,서영,001377,001377.jpg,2021 12 02,2021,12,02,2021-12-02,YYYY.MM.DD,,2026-09-10T09:36:17
15,서현,001378,001378.jpg,N,NONE,NONE,NONE,NONE,none,,2026-09-12T16:56:22
13,민섭,001379,001379.jpg,NONE,NONE,NONE,NONE,NONE,none,,2026-09-12T17:13:11
14,서영,001380,001380.jpg,2021.04.09,2021,04,09,2021-04-09,YYYY.MM.DD,,2026-09-10T09:36:20
14,서영,001381,001381.jpg,2021.04.09,2021,04,09,2021-04-09,YYYY.MM.DD,,2026-09-10T09:36:23
12,서영,001382,001382.jpg,2023.01.05,2023,01,05,2023-01-05,YYYY.MM.DD,,2026-09-12T09:57:31
12,서영,001383,001383.jpg,2023.01.05,2023,01,05,2023-01-05,YYYY.MM.DD,,2026-09-12T09:57:34
15,서현,001384,001384.jpg,09-2018,2018,09,NONE,2018-09-NONE,MM.YYYY,,2026-09-12T16:56:32
11,승아,001385,001385.jpg,09-2018,2018,09,NONE,2018-09-NONE,MM.YYYY,,2026-09-10T11:25:40
4,서영,001386,001386.jpg,2022.04.25 e,2022,04,25,2022-04-25,YYYY.MM.DD,e,2026-09-09T13:38:43
13,민섭,001387,001387.jpg,17/07/2021,2021,07,17,2021-07-17,DD.MM.YYYY,,2026-09-12T17:13:20
6,승아,001388,001388.jpg,17/07/2021,2021,07,17,2021-07-17,DD.MM.YYYY,,2026-09-09T15:41:38
15,서현,001389,001389.jpg,2021.06.20,2021,06,20,2021-06-20,YYYY.MM.DD,,2026-09-12T16:56:45
15,서현,001390,001390.jpg,2021.06.20,2021,06,20,2021-06-20,YYYY.MM.DD,,2026-09-12T16:56:49
6,승아,001391,001391.jpg,2021.02.25,2021,02,25,2021-02-25,YYYY.MM.DD,,2026-09-09T15:41:44
14,서영,001392,001392.jpg,2021.02.25,2021,02,25,2021-02-25,YYYY.MM.DD,,2026-09-10T09:36:27
9,서영,001393,001393.jpg,14.JUL.2022,2022,07,14,2022-07-14,DD MON YYYY,,2026-09-09T14:45:04
11,승아,001394,001394.jpg,2021.09.01,2021,09,01,2021-09-01,YYYY.MM.DD,,2026-09-10T11:25:46
15,서현,001395,001395.jpg,2021.09.01,2021,09,01,2021-09-01,YYYY.MM.DD,,2026-09-12T16:56:53
13,민섭,001396,001396.jpg,2022.11.01,2022,11,01,2022-11-01,YYYY.MM.DD,,2026-09-12T17:13:27
9,서영,001397,001397.jpg,2022.11.01,2022,11,01,2022-11-01,YYYY.MM.DD,,2026-09-09T14:45:08
13,민섭,001398,001398.jpg,23 JUL 21,2021,07,23,2021-07-23,DD MON YY,,2026-09-12T17:13:34
12,서영,001399,001399.jpg,23 JUL 21,2021,07,23,2021-07-23,DD MON YY,,2026-09-12T09:57:39
11,승아,001400,001400.jpg,2022.01.29,2022,01,29,2022-01-29,YYYY.MM.DD,,2026-09-10T11:25:51
12,서영,001401,001401.jpg,2022.01.29,2022,01,29,2022-01-29,YYYY.MM.DD,,2026-09-12T09:57:43
14,서영,001402,001402.jpg,2020.09.29,2020,09,29,2020-09-29,YYYY.MM.DD,,2026-09-10T09:36:30
13,민섭,001403,001403.jpg,2020.09.29,2020,09,29,2020-09-29,YYYY.MM.DD,,2026-09-12T17:13:38
13,민섭,001404,001404.jpg,2021.01.27,2021,01,27,2021-01-27,YYYY.MM.DD,,2026-09-12T17:14:00
14,서영,001405,001405.jpg,2021.01.27,2021,01,27,2021-01-27,YYYY.MM.DD,,2026-09-10T09:36:35
12,서영,001406,001406.jpg,21/07/31,2021,07,31,2021-07-31,YY.MM.DD,,2026-09-12T09:57:48
10,병철,001407,001407.jpg,21/07/31,2021,07,31,2021-07-31,YY.MM.DD,,2026-09-10T02:01:09
11,승아,001408,001408.jpg,21.12.16,2021,12,16,2021-12-16,YY.MM.DD,,2026-09-10T11:25:55
11,승아,001409,001409.jpg,21.12.16,2021,12,16,2021-12-16,YY.MM.DD,,2026-09-10T11:26:02
11,승아,001410,001410.jpg,25.05.2021,2021,05,25,2021-05-25,DD.MM.YYYY,,2026-09-10T11:26:09
3,민섭,001411,001411.jpg,2022.09.06,2022,09,06,2022-09-06,YYYY.MM.DD,,2026-09-09T20:25:47
12,서영,001412,001412.jpg,2022.09.06,2022,09,06,2022-09-06,YYYY.MM.DD,,2026-09-12T09:57:51
12,서영,001413,001413.jpg,21.07.23,2021,07,23,2021-07-23,YY.MM.DD,,2026-09-12T09:57:54
13,민섭,001414,001414.jpg,21.07.23 2,2021,07,23,2021-07-23,YY.MM.DD,2,2026-09-12T17:14:13
6,승아,001415,001415.jpg,2022.04.20,2022,04,20,2022-04-20,YYYY.MM.DD,,2026-09-09T15:41:53
15,서현,001416,001416.jpg,2021.11.05,2021,11,05,2021-11-05,YYYY.MM.DD,,2026-09-12T16:56:59
3,민섭,001417,001417.jpg,2021.11.05,2021,11,05,2021-11-05,YYYY.MM.DD,,2026-09-09T20:25:55
6,승아,001418,001418.jpg,2021.07.18,2021,07,18,2021-07-18,YYYY.MM.DD,,2026-09-09T15:41:59
13,민섭,001419,001419.jpg,2021.07.18,2021,07,18,2021-07-18,YYYY.MM.DD,,2026-09-12T17:14:21
5,병철,001420,001420.jpg,2021/07/01,2021,07,01,2021-07-01,YYYY.MM.DD,,2026-09-09T12:04:27
12,서영,001421,001421.jpg,2021/07/01,2021,07,01,2021-07-01,YYYY.MM.DD,,2026-09-12T09:57:58
15,서현,001422,001422.jpg,NOV 2021,2021,11,NONE,2021-11-NONE,MON YYYY,,2026-09-12T16:57:03
15,서현,001423,001423.jpg,NOV 2021,2021,11,NONE,2021-11-NONE,MON YYYY,,2026-09-12T16:57:07
4,서영,001424,001424.jpg,22.06.2021 2,2021,06,22,2021-06-22,DD.MM.YYYY,2,2026-09-09T13:38:50
11,승아,001425,001425.jpg,22.06.2021 2,2021,06,22,2021-06-22,DD.MM.YYYY,2,2026-09-10T11:26:19
12,서영,001426,001426.jpg,2020.04.17,2020,04,17,2020-04-17,YYYY.MM.DD,,2026-09-12T09:58:03
14,서영,001427,001427.jpg,2020.08.12,2020,08,12,2020-08-12,YYYY.MM.DD,,2026-09-10T09:36:38
6,승아,001428,001428.jpg,2020.08.12,2020,08,12,2020-08-12,YYYY.MM.DD,,2026-09-09T15:42:05
3,민섭,001429,001429.jpg,2021.01.23,2021,01,23,2021-01-23,YYYY.MM.DD,,2026-09-09T20:25:59
14,서영,001430,001430.jpg,2021.01.23,2021,01,23,2021-01-23,YYYY.MM.DD,,2026-09-10T09:36:41
7,서현,001431,001431.jpg,19 08 21,2021,08,19,2021-08-19,DD.MM.YY,,2026-09-12T17:46:45
9,서영,001432,001432.jpg,2021.09.29,2021,09,29,2021-09-29,YYYY.MM.DD,,2026-09-09T14:45:11
8,민섭,001433,001433.jpg,2021.09.29,2021,09,29,2021-09-29,YYYY.MM.DD,,2026-09-12T16:21:32
4,서영,001434,001434.jpg,2021.10.04,2021,10,04,2021-10-04,YYYY.MM.DD,,2026-09-09T13:38:54
15,서현,001435,001435.jpg,2021.10.04,2021,10,04,2021-10-04,YYYY.MM.DD,,2026-09-12T16:57:13
15,서현,001436,001436.jpg,2021.09.20,2021,09,20,2021-09-20,YYYY.MM.DD,,2026-09-12T16:58:22
14,서영,001437,001437.jpg,2021.08.29,2021,08,29,2021-08-29,YYYY.MM.DD,,2026-09-10T09:36:44
1,승아,001438,001438.jpg,2021.08.29,2021,08,29,2021-08-29,YYYY.MM.DD,,2026-09-09T14:39:44
8,민섭,001439,001439.jpg,2021.09.03,2021,09,03,2021-09-03,YYYY.MM.DD,,2026-09-12T16:21:35
7,서현,001440,001440.jpg,2021.09.03,2021,09,03,2021-09-03,YYYY.MM.DD,,2026-09-12T17:46:49
11,승아,001441,001441.jpg,2021.06.24,2021,06,24,2021-06-24,YYYY.MM.DD,,2026-09-10T11:26:24
7,서현,001442,001442.jpg,2021.06.24,2021,06,24,2021-06-24,YYYY.MM.DD,,2026-09-12T17:46:53
14,서영,001443,001443.jpg,2021.09.06,2021,09,06,2021-09-06,YYYY.MM.DD,,2026-09-10T09:36:48
6,승아,001444,001444.jpg,2021.09.06,2021,09,06,2021-09-06,YYYY.MM.DD,,2026-09-09T15:42:11
14,서영,001445,001445.jpg,2021.10.28,2021,10,28,2021-10-28,YYYY.MM.DD,,2026-09-10T09:36:50
14,서영,001446,001446.jpg,2021.10.28,2021,10,28,2021-10-28,YYYY.MM.DD,,2026-09-10T09:36:54
1,승아,001447,001447.jpg,2022.07.22,2022,07,22,2022-07-22,YYYY.MM.DD,,2026-09-09T14:39:49
6,승아,001448,001448.jpg,2022.07.22,2022,07,22,2022-07-22,YYYY.MM.DD,,2026-09-09T15:42:19
10,병철,001449,001449.jpg,2022.10.28,2022,10,28,2022-10-28,YYYY.MM.DD,,2026-09-10T02:01:13
13,민섭,001450,001450.jpg,2022.04.26,2022,04,26,2022-04-26,YYYY.MM.DD,,2026-09-12T17:14:29
13,민섭,001451,001451.jpg,2022.04.26,2022,04,26,2022-04-26,YYYY.MM.DD,,2026-09-12T17:14:33
12,서영,001452,001452.jpg,2022.09.13,2022,09,13,2022-09-13,YYYY.MM.DD,,2026-09-12T09:58:12
11,승아,001453,001453.jpg,2022.09.13,2022,09,13,2022-09-13,YYYY.MM.DD,,2026-09-10T11:26:33
14,서영,001454,001454.jpg,2022.04.02,2022,04,02,2022-04-02,YYYY.MM.DD,,2026-09-10T09:36:57
13,민섭,001455,001455.jpg,2022.04.02,2022,04,02,2022-04-02,YYYY.MM.DD,,2026-09-12T17:14:40
13,민섭,001456,001456.jpg,2022.06.28,2022,06,28,2022-06-28,YYYY.MM.DD,,2026-09-12T17:14:45
12,서영,001457,001457.jpg,2022.06.28,2022,06,28,2022-06-28,YYYY.MM.DD,,2026-09-12T09:58:15
6,승아,001458,001458.jpg,2022.10.29,2022,10,29,2022-10-29,YYYY.MM.DD,,2026-09-09T15:42:31
11,승아,001459,001459.jpg,2022.10.29,2022,10,29,2022-10-29,YYYY.MM.DD,,2026-09-10T11:26:38
14,서영,001460,001460.jpg,2022.11.18,2022,11,18,2022-11-18,YYYY.MM.DD,,2026-09-10T09:37:00
15,서현,001461,001461.jpg,2022.01.20,2022,01,20,2022-01-20,YYYY.MM.DD,,2026-09-12T16:58:26
12,서영,001462,001462.jpg,2021.11.17,2021,11,17,2021-11-17,YYYY.MM.DD,,2026-09-12T09:58:18
4,서영,001463,001463.jpg,2021.11.17 b,2021,11,17,2021-11-17,YYYY.MM.DD,b,2026-09-09T13:39:04
8,민섭,001464,001464.jpg,2022.11.18,2022,11,18,2022-11-18,YYYY.MM.DD,,2026-09-12T16:21:39
15,서현,001465,001465.jpg,2022.11.18,2022,11,18,2022-11-18,YYYY.MM.DD,,2026-09-12T16:58:30
11,승아,001466,001466.jpg,2020.11.03,2020,11,03,2020-11-03,YYYY.MM.DD,,2026-09-10T11:26:46
8,민섭,001467,001467.jpg,2020.11.03,2020,11,03,2020-11-03,YYYY.MM.DD,,2026-09-12T16:21:43
11,승아,001468,001468.jpg,2022.12.03,2022,12,03,2022-12-03,YYYY.MM.DD,,2026-09-10T11:26:51
13,민섭,001469,001469.jpg,2022.12.03,2022,12,03,2022-12-03,YYYY.MM.DD,,2026-09-12T17:14:48
12,서영,001470,001470.jpg,2021.12.29,2021,12,29,2021-12-29,YYYY.MM.DD,,2026-09-12T09:58:21
13,민섭,001471,001471.jpg,2021.12.29,2021,12,29,2021-12-29,YYYY.MM.DD,,2026-09-12T17:14:52
14,서영,001472,001472.jpg,2022.02.17,2022,02,17,2022-02-17,YYYY.MM.DD,,2026-09-10T09:37:04
12,서영,001473,001473.jpg,2022.02.17,2022,02,17,2022-02-17,YYYY.MM.DD,,2026-09-12T17:27:35
12,서영,001474,001474.jpg,2022.07.10,2022,07,10,2022-07-10,YYYY.MM.DD,,2026-09-12T17:27:43
14,서영,001475,001475.jpg,2022.07.10,2022,07,10,2022-07-10,YYYY.MM.DD,,2026-09-10T09:37:08
13,민섭,001476,001476.jpg,22.05.10 2,2022,05,10,2022-05-10,YY.MM.DD,2,2026-09-12T17:14:56
14,서영,001477,001477.jpg,22.05.10 2,2022,05,10,2022-05-10,YY.MM.DD,2,2026-09-10T09:37:12
13,민섭,001478,001478.jpg,2022.08.27,2022,08,27,2022-08-27,YYYY.MM.DD,,2026-09-12T17:15:05
2,서현,001479,001479.jpg,2022.08.27,2022,08,27,2022-08-27,YYYY.MM.DD,,2026-09-09T13:01:11
11,승아,001480,001480.jpg,NONE,NONE,NONE,NONE,NONE,none,m,2026-09-10T11:26:55
9,서영,001481,001481.jpg,01.31,NONE,01,31,NONE-01-31,MM.DD,,2026-09-09T14:45:15
3,민섭,001482,001482.jpg,01.31,NONE,01,31,NONE-01-31,MM.DD,,2026-09-09T20:26:05
14,서영,001483,001483.jpg,FEB/06/21,2021,02,06,2021-02-06,MON DD YY,,2026-09-10T09:37:19
13,민섭,001484,001484.jpg,28/09/2022,2022,09,28,2022-09-28,DD.MM.YYYY,,2026-09-12T17:15:13
6,승아,001485,001485.jpg,28/09/2022,2022,09,28,2022-09-28,DD.MM.YYYY,,2026-09-09T15:42:39
13,민섭,001486,001486.jpg,08.12.2022,2022,12,08,2022-12-08,DD.MM.YYYY,,2026-09-12T17:15:18
11,승아,001487,001487.jpg,08.12.2022,2022,12,08,2022-12-08,DD.MM.YYYY,,2026-09-10T11:27:00
11,승아,001488,001488.jpg,2021.07.12,2021,07,12,2021-07-12,YYYY.MM.DD,,2026-09-10T11:27:05
3,민섭,001489,001489.jpg,2021.07.12,2021,07,12,2021-07-12,YYYY.MM.DD,,2026-09-09T20:26:09
14,서영,001490,001490.jpg,2021.08.06 2,2021,08,06,2021-08-06,YYYY.MM.DD,2,2026-09-10T09:37:24
11,승아,001491,001491.jpg,08 07 23 d,2023,07,08,2023-07-08,DD.MM.YY,d,2026-09-10T11:27:18
12,서영,001492,001492.jpg,08 07 23,2023,07,08,2023-07-08,DD.MM.YY,,2026-09-12T17:27:46
15,서현,001493,001493.jpg,17/AUG/2023,2023,08,17,2023-08-17,DD MON YYYY,,2026-09-12T16:58:37
9,서영,001494,001494.jpg,17/AUG/2023,2023,08,17,2023-08-17,DD MON YYYY,,2026-09-09T14:45:20
11,승아,001495,001495.jpg,2021.11.22,2021,11,22,2021-11-22,YYYY.MM.DD,,2026-09-10T11:27:24
14,서영,001496,001496.jpg,2022-09-18,2022,09,18,2022-09-18,YYYY.MM.DD,,2026-09-10T09:37:27
4,서영,001497,001497.jpg,2022-09-18,2022,09,18,2022-09-18,YYYY.MM.DD,,2026-09-09T13:39:12
12,서영,001498,001498.jpg,2021/06/30,2021,06,30,2021-06-30,YYYY.MM.DD,,2026-09-12T17:27:58
13,민섭,001499,001499.jpg,2021/06/30,2021,06,30,2021-06-30,YYYY.MM.DD,,2026-09-12T17:15:27
15,서현,001500,001500.jpg,2021.09.23,2021,09,23,2021-09-23,YYYY.MM.DD,,2026-09-12T16:58:39
1,승아,001501,001501.jpg,2021.09.23,2021,09,23,2021-09-23,YYYY.MM.DD,,2026-09-09T14:39:55
15,서현,001502,001502.jpg,2021.06.24,2021,06,24,2021-06-24,YYYY.MM.DD,,2026-09-12T16:58:44
11,승아,001503,001503.jpg,2021.06.24,2021,06,24,2021-06-24,YYYY.MM.DD,,2026-09-10T11:27:28
7,서현,001504,001504.jpg,2021.01.27,2021,01,27,2021-01-27,YYYY.MM.DD,,2026-09-12T17:46:56
14,서영,001505,001505.jpg,2021.01.27,2021,01,27,2021-01-27,YYYY.MM.DD,,2026-09-10T09:37:30
12,서영,001506,001506.jpg,2021.02.19,2021,02,19,2021-02-19,YYYY.MM.DD,,2026-09-12T17:28:03
15,서현,001507,001507.jpg,2021.02.19,2021,02,19,2021-02-19,YYYY.MM.DD,,2026-09-12T16:58:48
11,승아,001508,001508.jpg,OCT-19-2021,2021,10,19,2021-10-19,MON DD YYYY,,2026-09-10T11:28:05
14,서영,001509,001509.jpg,OCT-19-2021,2021,10,19,2021-10-19,MON DD YYYY,,2026-09-10T09:37:34
1,승아,001510,001510.jpg,2023.12.01,2023,12,01,2023-12-01,YYYY.MM.DD,,2026-09-09T14:40:01
14,서영,001511,001511.jpg,2023.12.01,2023,12,01,2023-12-01,YYYY.MM.DD,,2026-09-10T09:37:38
5,병철,001512,001512.jpg,2018.05.16,2018,05,16,2018-05-16,YYYY.MM.DD,,2026-09-09T12:04:32
8,민섭,001513,001513.jpg,2018.05.16,2018,05,16,2018-05-16,YYYY.MM.DD,,2026-09-12T16:21:47
11,승아,001514,001514.jpg,2022.08.16,2022,08,16,2022-08-16,YYYY.MM.DD,,2026-09-10T11:28:15
5,병철,001515,001515.jpg,2022.08.16,2022,08,16,2022-08-16,YYYY.MM.DD,,2026-09-09T12:04:36
13,민섭,001516,001516.jpg,2021.11.19,2021,11,19,2021-11-19,YYYY.MM.DD,,2026-09-12T17:15:32
4,서영,001517,001517.jpg,2021.11.19,2021,11,19,2021-11-19,YYYY.MM.DD,,2026-09-09T13:39:17
13,민섭,001518,001518.jpg,2022.12.07,2022,12,07,2022-12-07,YYYY.MM.DD,,2026-09-12T17:15:42
1,승아,001519,001519.jpg,2022.12.07,2022,12,07,2022-12-07,YYYY.MM.DD,,2026-09-09T14:40:07
13,민섭,001520,001520.jpg,2021.07.08,2021,07,08,2021-07-08,YYYY.MM.DD,,2026-09-12T17:15:45
14,서영,001521,001521.jpg,2021.07.08,2021,07,08,2021-07-08,YYYY.MM.DD,,2026-09-10T09:37:42
14,서영,001522,001522.jpg,2021.06.14 2,2021,06,14,2021-06-14,YYYY.MM.DD,2,2026-09-10T09:37:48
11,승아,001523,001523.jpg,2021.06.14 2,2021,06,14,2021-06-14,YYYY.MM.DD,2,2026-09-10T11:28:22
10,병철,001524,001524.jpg,2021.06.25,2021,06,25,2021-06-25,YYYY.MM.DD,,2026-09-10T02:01:17
9,서영,001525,001525.jpg,2021.06.25,2021,06,25,2021-06-25,YYYY.MM.DD,,2026-09-09T14:45:28
14,서영,001526,001526.jpg,2021.01.21,2021,01,21,2021-01-21,YYYY.MM.DD,,2026-09-10T09:37:51
12,서영,001527,001527.jpg,2021.01.21,2021,01,21,2021-01-21,YYYY.MM.DD,,2026-09-12T17:28:05
15,서현,001528,001528.jpg,2021.06.25,2021,06,25,2021-06-25,YYYY.MM.DD,,2026-09-12T16:58:51
14,서영,001529,001529.jpg,2021.02.11,2021,02,11,2021-02-11,YYYY.MM.DD,,2026-09-10T09:37:54
14,서영,001530,001530.jpg,2021.02.11,2021,02,11,2021-02-11,YYYY.MM.DD,,2026-09-10T09:37:57
11,승아,001531,001531.jpg,2022.06.06,2022,06,06,2022-06-06,YYYY.MM.DD,,2026-09-10T11:28:31
12,서영,001532,001532.jpg,2022.06.21,2022,06,21,2022-06-21,YYYY.MM.DD,,2026-09-12T17:28:08
5,병철,001533,001533.jpg,2022.06.21,2022,06,21,2022-06-21,YYYY.MM.DD,,2026-09-09T12:04:39
13,민섭,001534,001534.jpg,2022.07.11,2022,07,11,2022-07-11,YYYY.MM.DD,,2026-09-12T17:15:51
15,서현,001535,001535.jpg,2022.07.11,2022,07,11,2022-07-11,YYYY.MM.DD,,2026-09-12T16:58:55
12,서영,001536,001536.jpg,21.02.19,2021,02,19,2021-02-19,YY.MM.DD,,2026-09-12T17:28:15
13,민섭,001537,001537.jpg,21.02.19 2,2021,02,19,2021-02-19,YY.MM.DD,2,2026-09-12T17:16:15
4,서영,001538,001538.jpg,22.01.18,2022,01,18,2022-01-18,YY.MM.DD,,2026-09-09T13:39:21
15,서현,001539,001539.jpg,22.01.18,2022,01,18,2022-01-18,YY.MM.DD,,2026-09-12T17:00:03
13,민섭,001540,001540.jpg,21.06.13 2,2021,06,13,2021-06-13,YY.MM.DD,2,2026-09-12T17:17:06
14,서영,001541,001541.jpg,21.06.13 2,2021,06,13,2021-06-13,YY.MM.DD,2,2026-09-10T09:38:02
14,서영,001542,001542.jpg,22.01.22,2022,01,22,2022-01-22,YY.MM.DD,,2026-09-10T09:38:05
15,서현,001543,001543.jpg,22.01.22,2022,01,22,2022-01-22,YY.MM.DD,,2026-09-12T17:00:08
13,민섭,001544,001544.jpg,2021.08.02,2021,08,02,2021-08-02,YYYY.MM.DD,,2026-09-12T17:17:12
8,민섭,001545,001545.jpg,2021.08.02,2021,08,02,2021-08-02,YYYY.MM.DD,,2026-09-12T16:21:51
12,서영,001546,001546.jpg,21.07.04,2021,07,04,2021-07-04,YY.MM.DD,,2026-09-12T17:28:20
11,승아,001547,001547.jpg,21.07.04,2021,07,04,2021-07-04,YY.MM.DD,,2026-09-10T11:28:37
11,승아,001548,001548.jpg,28/09/2022 2,2022,09,28,2022-09-28,DD.MM.YYYY,2,2026-09-10T11:28:58
15,서현,001549,001549.jpg,28/09/2022,2022,09,28,2022-09-28,DD.MM.YYYY,,2026-09-12T17:00:21
15,서현,001550,001550.jpg,2021/08/25,2021,08,25,2021-08-25,YYYY.MM.DD,,2026-09-12T17:00:26
15,서현,001551,001551.jpg,09/10/2021,2021,10,09,2021-10-09,DD.MM.YYYY,,2026-09-12T17:00:31
13,민섭,001552,001552.jpg,02.19,NONE,02,19,NONE-02-19,MM.DD,,2026-09-12T17:17:14
4,서영,001553,001553.jpg,02.19,NONE,02,19,NONE-02-19,MM.DD,,2026-09-09T13:46:11
3,민섭,001554,001554.jpg,2020.06.03,2020,06,03,2020-06-03,YYYY.MM.DD,,2026-09-09T20:26:14
12,서영,001555,001555.jpg,2020 06 03,2020,06,03,2020-06-03,YYYY.MM.DD,,2026-09-12T17:28:26
13,민섭,001556,001556.jpg,16.03.2022 2,2022,03,16,2022-03-16,DD.MM.YYYY,2,2026-09-12T17:17:23
13,민섭,001557,001557.jpg,16.03.2022 2,2022,03,16,2022-03-16,DD.MM.YYYY,2,2026-09-12T17:17:27
2,서현,001558,001558.jpg,24/12/21 d,2021,12,24,2021-12-24,DD.MM.YY,d,2026-09-09T13:02:05
11,승아,001559,001559.jpg,24/12/21,2024,12,21,2024-12-21,YY.MM.DD,,2026-09-10T11:29:19
14,서영,001560,001560.jpg,2020.11.25,2020,11,25,2020-11-25,YYYY.MM.DD,,2026-09-10T09:38:10
13,민섭,001561,001561.jpg,2022.06.11,2022,06,11,2022-06-11,YYYY.MM.DD,,2026-09-12T17:17:31
13,민섭,001562,001562.jpg,2022.06.11,2022,06,11,2022-06-11,YYYY.MM.DD,,2026-09-12T17:17:34
14,서영,001563,001563.jpg,20.08.05 2,2020,08,05,2020-08-05,YY.MM.DD,2,2026-09-10T09:38:16
15,서현,001564,001564.jpg,20.08.05 2,2020,08,05,2020-08-05,YY.MM.DD,2,2026-09-12T17:00:37
13,민섭,001565,001565.jpg,22.01.17,2022,01,17,2022-01-17,YY.MM.DD,,2026-09-12T17:17:39
14,서영,001566,001566.jpg,23 APR 2020,2020,04,23,2020-04-23,DD MON YYYY,,2026-09-10T09:38:21
11,승아,001567,001567.jpg,23 APR 2020,2020,04,23,2020-04-23,DD MON YYYY,,2026-09-10T11:29:25
4,서영,001568,001568.jpg,2021.03.09,2021,03,09,2021-03-09,YYYY.MM.DD,,2026-09-09T13:46:18
5,병철,001569,001569.jpg,21.11.30,2021,11,30,2021-11-30,YY.MM.DD,,2026-09-09T12:04:42
9,서영,001570,001570.jpg,21.11.30,2021,11,30,2021-11-30,YY.MM.DD,,2026-09-09T14:45:32
6,승아,001571,001571.jpg,2021.06.11,2021,06,11,2021-06-11,YYYY.MM.DD,,2026-09-09T15:42:46
12,서영,001572,001572.jpg,2021.06.11,2021,06,11,2021-06-11,YYYY.MM.DD,,2026-09-12T17:28:29
14,서영,001573,001573.jpg,2022.01.06,2022,01,06,2022-01-06,YYYY.MM.DD,,2026-09-10T09:38:24
4,서영,001574,001574.jpg,2022.01.06,2022,01,06,2022-01-06,YYYY.MM.DD,,2026-09-09T13:46:22
12,서영,001575,001575.jpg,2022.03.27,2022,03,27,2022-03-27,YYYY.MM.DD,,2026-09-12T17:28:32
14,서영,001576,001576.jpg,2022.03.27,2022,03,27,2022-03-27,YYYY.MM.DD,,2026-09-10T09:38:27
14,서영,001577,001577.jpg,2022.11.05,2022,11,05,2022-11-05,YYYY.MM.DD,,2026-09-10T09:38:30
13,민섭,001578,001578.jpg,2022.11.05,2022,11,05,2022-11-05,YYYY.MM.DD,,2026-09-12T17:17:43
15,서현,001579,001579.jpg,2022.11.02,2022,11,02,2022-11-02,YYYY.MM.DD,,2026-09-12T17:00:41
10,병철,001580,001580.jpg,2022.11.02,2022,11,02,2022-11-02,YYYY.MM.DD,,2026-09-10T02:01:20
1,승아,001581,001581.jpg,2021.11.05,2021,11,05,2021-11-05,YYYY.MM.DD,,2026-09-09T14:40:11
11,승아,001582,001582.jpg,2021.11.05,2021,11,05,2021-11-05,YYYY.MM.DD,,2026-09-10T11:29:30
14,서영,001583,001583.jpg,2021.12.15,2021,12,15,2021-12-15,YYYY.MM.DD,,2026-09-10T09:38:33
1,승아,001584,001584.jpg,2021.12.15,2021,12,15,2021-12-15,YYYY.MM.DD,,2026-09-09T14:40:16
11,승아,001585,001585.jpg,2021.10.28,2021,10,28,2021-10-28,YYYY.MM.DD,,2026-09-10T11:29:35
12,서영,001586,001586.jpg,2021.04.20,2021,04,20,2021-04-20,YYYY.MM.DD,,2026-09-12T17:28:36
2,서현,001587,001587.jpg,2021.04.20,2021,04,20,2021-04-20,YYYY.MM.DD,,2026-09-09T13:02:27
1,승아,001588,001588.jpg,2023.01.09,2023,01,09,2023-01-09,YYYY.MM.DD,,2026-09-09T14:40:21
13,민섭,001589,001589.jpg,2023.01.09,2023,01,09,2023-01-09,YYYY.MM.DD,,2026-09-12T17:17:48
15,서현,001590,001590.jpg,21.02.18,2021,02,18,2021-02-18,YY.MM.DD,,2026-09-12T17:00:44
4,서영,001591,001591.jpg,21.02.18,2021,02,18,2021-02-18,YY.MM.DD,,2026-09-09T13:46:27
12,서영,001592,001592.jpg,22.01.05,2022,01,05,2022-01-05,YY.MM.DD,,2026-09-12T17:28:38
12,서영,001593,001593.jpg,22.01.05,2022,01,05,2022-01-05,YY.MM.DD,,2026-09-12T17:28:41
15,서현,001594,001594.jpg,2021.12.13,2021,12,13,2021-12-13,YYYY.MM.DD,,2026-09-12T17:00:48
8,민섭,001595,001595.jpg,2021.12.13,2021,12,13,2021-12-13,YYYY.MM.DD,,2026-09-12T16:21:55
13,민섭,001596,001596.jpg,21.02.25 2,2021,02,25,2021-02-25,YY.MM.DD,2,2026-09-12T17:17:58
12,서영,001597,001597.jpg,21.03.07 2,2021,03,07,2021-03-07,YY.MM.DD,2,2026-09-12T17:28:45
11,승아,001598,001598.jpg,21 03 07 2,2021,03,07,2021-03-07,YY.MM.DD,2,2026-09-10T11:29:52
13,민섭,001599,001599.jpg,2021.02.15,2021,02,15,2021-02-15,YYYY.MM.DD,,2026-09-12T17:18:02
13,민섭,001600,001600.jpg,2021.02.08,2021,02,08,2021-02-08,YYYY.MM.DD,,2026-09-12T17:18:06
15,서현,001601,001601.jpg,21.02.11,2021,02,11,2021-02-11,YY.MM.DD,,2026-09-12T17:00:51
13,민섭,001602,001602.jpg,21.02.11,2021,02,11,2021-02-11,YY.MM.DD,,2026-09-12T17:18:15
11,승아,001603,001603.jpg,2021.02.24,2021,02,24,2021-02-24,YYYY.MM.DD,,2026-09-10T11:29:57
4,서영,001604,001604.jpg,2021.02.24,2021,02,24,2021-02-24,YYYY.MM.DD,,2026-09-09T13:46:31
14,서영,001605,001605.jpg,2021.03.06,2021,03,06,2021-03-06,YYYY.MM.DD,,2026-09-10T09:38:36
11,승아,001606,001606.jpg,2021.04.03,2021,04,03,2021-04-03,YYYY.MM.DD,,2026-09-10T11:30:05
14,서영,001607,001607.jpg,2021.04.03,2021,04,03,2021-04-03,YYYY.MM.DD,,2026-09-10T09:38:40
11,승아,001608,001608.jpg,2021.06.29,2021,06,29,2021-06-29,YYYY.MM.DD,,2026-09-10T11:30:12
6,승아,001609,001609.jpg,2021.06.29,2021,06,29,2021-06-29,YYYY.MM.DD,,2026-09-09T15:42:52
12,서영,001610,001610.jpg,2021.02.12,2021,02,12,2021-02-12,YYYY.MM.DD,,2026-09-12T17:28:48
15,서현,001611,001611.jpg,2021.02.12,2021,02,12,2021-02-12,YYYY.MM.DD,,2026-09-12T17:00:54
10,병철,001612,001612.jpg,2022.02.25,2022,02,25,2022-02-25,YYYY.MM.DD,,2026-09-10T02:01:23
13,민섭,001613,001613.jpg,2022.02.25,2022,02,25,2022-02-25,YYYY.MM.DD,,2026-09-12T17:37:36
12,서영,001614,001614.jpg,2020.09.03,2020,09,03,2020-09-03,YYYY.MM.DD,,2026-09-12T17:28:52
15,서현,001615,001615.jpg,2020.09.03,2020,09,03,2020-09-03,YYYY.MM.DD,,2026-09-12T17:00:59
8,민섭,001616,001616.jpg,2021.12.15,2021,12,15,2021-12-15,YYYY.MM.DD,,2026-09-12T16:21:58
14,서영,001617,001617.jpg,2021.12.15,2021,12,15,2021-12-15,YYYY.MM.DD,,2026-09-10T09:38:43
13,민섭,001618,001618.jpg,2023.10.06,2023,10,06,2023-10-06,YYYY.MM.DD,,2026-09-12T17:37:38
11,승아,001619,001619.jpg,2023.10.06,2023,10,06,2023-10-06,YYYY.MM.DD,,2026-09-10T11:30:16
12,서영,001620,001620.jpg,2022.07.19,2022,07,19,2022-07-19,YYYY.MM.DD,,2026-09-12T17:28:55
11,승아,001621,001621.jpg,2022.07.19,2022,07,19,2022-07-19,YYYY.MM.DD,,2026-09-10T11:30:21
2,서현,001622,001622.jpg,2022.01.14,2022,01,14,2022-01-14,YYYY.MM.DD,,2026-09-09T13:06:15
3,민섭,001623,001623.jpg,2022.01.14,2022,01,14,2022-01-14,YYYY.MM.DD,,2026-09-09T20:26:18
12,서영,001624,001624.jpg,2022.04.26,2022,04,26,2022-04-26,YYYY.MM.DD,,2026-09-12T17:28:58
2,서현,001625,001625.jpg,2022.04.26,2022,04,26,2022-04-26,YYYY.MM.DD,,2026-09-09T13:08:23
13,민섭,001626,001626.jpg,2021.07.03,2021,07,03,2021-07-03,YYYY.MM.DD,,2026-09-12T17:37:42
14,서영,001627,001627.jpg,2021.07.03,2021,07,03,2021-07-03,YYYY.MM.DD,,2026-09-10T09:38:47
2,서현,001628,001628.jpg,2021.07.23,2021,07,23,2021-07-23,YYYY.MM.DD,,2026-09-09T13:11:04
12,서영,001629,001629.jpg,2021.07.23,2021,07,23,2021-07-23,YYYY.MM.DD,,2026-09-12T17:29:01
14,서영,001630,001630.jpg,2022.10.21,2022,10,21,2022-10-21,YYYY.MM.DD,,2026-09-10T09:38:49
11,승아,001631,001631.jpg,2022.10.21,2022,10,21,2022-10-21,YYYY.MM.DD,,2026-09-10T11:30:25
12,서영,001632,001632.jpg,2021.11.27,2021,11,27,2021-11-27,YYYY.MM.DD,,2026-09-12T17:29:04
12,서영,001633,001633.jpg,2021.05.12,2021,05,12,2021-05-12,YYYY.MM.DD,,2026-09-12T17:29:07
4,서영,001634,001634.jpg,2021.05.12,2021,05,12,2021-05-12,YYYY.MM.DD,,2026-09-09T13:46:34
8,민섭,001635,001635.jpg,2021.12.22,2021,12,22,2021-12-22,YYYY.MM.DD,,2026-09-12T16:22:04
14,서영,001636,001636.jpg,2021.12.22 2,2021,12,22,2021-12-22,YYYY.MM.DD,2,2026-09-10T09:38:52
12,서영,001637,001637.jpg,21.04.12,2021,04,12,2021-04-12,YY.MM.DD,,2026-09-12T17:29:10
11,승아,001638,001638.jpg,21.04.12,2021,04,12,2021-04-12,YY.MM.DD,,2026-09-10T11:30:29
8,민섭,001639,001639.jpg,2021.02.28,2021,02,28,2021-02-28,YYYY.MM.DD,,2026-09-12T16:22:08
8,민섭,001640,001640.jpg,2021.02.28,2021,02,28,2021-02-28,YYYY.MM.DD,,2026-09-12T16:22:11
12,서영,001641,001641.jpg,2023.01.24,2023,01,24,2023-01-24,YYYY.MM.DD,,2026-09-12T17:29:15
12,서영,001642,001642.jpg,19 MAR 2022,2022,03,19,2022-03-19,DD MON YYYY,,2026-09-12T17:29:20
15,서현,001643,001643.jpg,16.10.2021,2021,10,16,2021-10-16,DD.MM.YYYY,,2026-09-12T17:01:03
15,서현,001644,001644.jpg,16.10.2021,2021,10,16,2021-10-16,DD.MM.YYYY,,2026-09-12T17:01:07
11,승아,001645,001645.jpg,2021/10/12,2021,10,12,2021-10-12,YYYY.MM.DD,,2026-09-10T11:30:35
7,서현,001646,001646.jpg,2021/10/12,2021,10,12,2021-10-12,YYYY.MM.DD,,2026-09-12T17:47:00
14,서영,001647,001647.jpg,2021/12/14,2021,12,14,2021-12-14,YYYY.MM.DD,,2026-09-10T09:38:56
11,승아,001648,001648.jpg,2021/12/14,2021,12,14,2021-12-14,YYYY.MM.DD,,2026-09-10T11:30:39
12,서영,001649,001649.jpg,2019.08.18,2019,08,18,2019-08-18,YYYY.MM.DD,,2026-09-12T17:29:23
12,서영,001650,001650.jpg,2019.08.18,2019,08,18,2019-08-18,YYYY.MM.DD,,2026-09-12T17:29:27
15,서현,001651,001651.jpg,2021.03.09,2021,03,09,2021-03-09,YYYY.MM.DD,,2026-09-12T17:01:10
11,승아,001652,001652.jpg,2021.03.09,2021,03,09,2021-03-09,YYYY.MM.DD,,2026-09-10T11:30:44
12,서영,001653,001653.jpg,2019.08.19,2019,08,19,2019-08-19,YYYY.MM.DD,,2026-09-12T17:29:30
14,서영,001654,001654.jpg,2019.08.19,2019,08,19,2019-08-19,YYYY.MM.DD,,2026-09-10T09:39:01
13,민섭,001655,001655.jpg,2019.09.12,2019,09,12,2019-09-12,YYYY.MM.DD,,2026-09-12T17:37:50
11,승아,001656,001656.jpg,2021.01.16,2021,01,16,2021-01-16,YYYY.MM.DD,,2026-09-10T11:30:51
12,서영,001657,001657.jpg,2021.01.16,2021,01,16,2021-01-16,YYYY.MM.DD,,2026-09-12T17:29:33
2,서현,001658,001658.jpg,2021.10.20,2021,10,20,2021-10-20,YYYY.MM.DD,,2026-09-09T13:11:10
11,승아,001659,001659.jpg,2022.10.05,2022,10,05,2022-10-05,YYYY.MM.DD,,2026-09-10T11:30:56
1,승아,001660,001660.jpg,2022.10.05,2022,10,05,2022-10-05,YYYY.MM.DD,,2026-09-09T14:40:25
12,서영,001661,001661.jpg,2022.04.26,2022,04,26,2022-04-26,YYYY.MM.DD,,2026-09-12T17:29:36
11,승아,001662,001662.jpg,2022.04.26,2022,04,26,2022-04-26,YYYY.MM.DD,,2026-09-10T11:31:00
11,승아,001663,001663.jpg,2020.08.29,2020,08,29,2020-08-29,YYYY.MM.DD,,2026-09-10T11:31:04
14,서영,001664,001664.jpg,2020.08.29,2020,08,29,2020-08-29,YYYY.MM.DD,,2026-09-10T09:39:04
13,민섭,001665,001665.jpg,2021.01.28,2021,01,28,2021-01-28,YYYY.MM.DD,,2026-09-12T17:37:53
3,민섭,001666,001666.jpg,2021.01.28,2021,01,28,2021-01-28,YYYY.MM.DD,,2026-09-09T20:26:23
12,서영,001667,001667.jpg,2021.09.14,2021,09,14,2021-09-14,YYYY.MM.DD,,2026-09-12T17:29:40
10,병철,001668,001668.jpg,2021.09.14,2021,09,14,2021-09-14,YYYY.MM.DD,,2026-09-10T02:01:26
11,승아,001669,001669.jpg,2021.02.08,2021,02,08,2021-02-08,YYYY.MM.DD,,2026-09-10T11:31:08
14,서영,001670,001670.jpg,21.10.23 2,2021,10,23,2021-10-23,YY.MM.DD,2,2026-09-10T09:39:08
15,서현,001671,001671.jpg,21.10.23 2,2021,10,23,2021-10-23,YY.MM.DD,2,2026-09-12T17:01:15
13,민섭,001672,001672.jpg,2021.05.19,2021,05,19,2021-05-19,YYYY.MM.DD,,2026-09-12T17:37:57
11,승아,001673,001673.jpg,2021.05.19,2021,05,19,2021-05-19,YYYY.MM.DD,,2026-09-10T11:31:12
14,서영,001674,001674.jpg,2021.07.18,2021,07,18,2021-07-18,YYYY.MM.DD,,2026-09-10T09:39:11
9,서영,001675,001675.jpg,2021.03.15,2021,03,15,2021-03-15,YYYY.MM.DD,,2026-09-09T14:45:36
7,서현,001676,001676.jpg,2021.03.15,2021,03,15,2021-03-15,YYYY.MM.DD,,2026-09-12T17:47:08
14,서영,001677,001677.jpg,2021.11.28,2021,11,28,2021-11-28,YYYY.MM.DD,,2026-09-10T09:39:14
4,서영,001678,001678.jpg,2021.11.28,2021,11,28,2021-11-28,YYYY.MM.DD,,2026-09-09T13:46:38
15,서현,001679,001679.jpg,2021.03.16 2,2021,03,16,2021-03-16,YYYY.MM.DD,2,2026-09-12T17:01:19
4,서영,001680,001680.jpg,2021.03.16 2,2021,03,16,2021-03-16,YYYY.MM.DD,2,2026-09-09T13:46:52
13,민섭,001681,001681.jpg,2022.10.22,2022,10,22,2022-10-22,YYYY.MM.DD,,2026-09-12T17:38:00
13,민섭,001682,001682.jpg,2022.10.22,2022,10,22,2022-10-22,YYYY.MM.DD,,2026-09-12T17:38:03
15,서현,001683,001683.jpg,14/11/2021,2021,11,14,2021-11-14,DD.MM.YYYY,,2026-09-12T17:01:23
14,서영,001684,001684.jpg,14/11/2021,2021,11,14,2021-11-14,DD.MM.YYYY,,2026-09-10T09:39:17
13,민섭,001685,001685.jpg,2021.11.29 2,2021,11,29,2021-11-29,YYYY.MM.DD,2,2026-09-12T18:48:07
12,서영,001686,001686.jpg,2020.11.27,2020,11,27,2020-11-27,YYYY.MM.DD,,2026-09-12T17:29:43
14,서영,001687,001687.jpg,2020.11.27,2020,11,27,2020-11-27,YYYY.MM.DD,,2026-09-10T09:41:07
2,서현,001688,001688.jpg,22 JUN 2021,2021,06,22,2021-06-22,DD MON YYYY,,2026-09-09T13:11:20
15,서현,001689,001689.jpg,22 JUN 2021,2021,06,22,2021-06-22,DD MON YYYY,,2026-09-12T17:01:28
13,민섭,001690,001690.jpg,2020 08 16,2020,08,16,2020-08-16,YYYY.MM.DD,,2026-09-12T18:48:12
9,서영,001691,001691.jpg,2020 08 16,2020,08,16,2020-08-16,YYYY.MM.DD,,2026-09-09T14:45:41
13,민섭,001692,001692.jpg,2021.07.03,2021,07,03,2021-07-03,YYYY.MM.DD,,2026-09-12T18:48:16
5,병철,001693,001693.jpg,2021.07.03,2021,07,03,2021-07-03,YYYY.MM.DD,,2026-09-09T12:04:48
13,민섭,001694,001694.jpg,2022.07.01,2022,07,01,2022-07-01,YYYY.MM.DD,,2026-09-12T18:48:19
14,서영,001695,001695.jpg,2022.07.01,2022,07,01,2022-07-01,YYYY.MM.DD,,2026-09-10T09:41:12
14,서영,001696,001696.jpg,2022.06.23,2022,06,23,2022-06-23,YYYY.MM.DD,,2026-09-10T09:41:16
4,서영,001697,001697.jpg,2022.06.23,2022,06,23,2022-06-23,YYYY.MM.DD,,2026-09-09T13:46:57
12,서영,001698,001698.jpg,2021.12.22,2021,12,22,2021-12-22,YYYY.MM.DD,,2026-09-12T17:29:45
13,민섭,001699,001699.jpg,2021.12.22,2021,12,22,2021-12-22,YYYY.MM.DD,,2026-09-12T18:48:22
11,승아,001700,001700.jpg,21.10.27,2021,10,27,2021-10-27,YY.MM.DD,,2026-09-10T11:31:18
7,서현,001701,001701.jpg,21.10.27,2021,10,27,2021-10-27,YY.MM.DD,,2026-09-12T17:47:11
12,서영,001702,001702.jpg,2021.05.17,2021,05,17,2021-05-17,YYYY.MM.DD,,2026-09-12T17:29:48
11,승아,001703,001703.jpg,2021.07.16,2021,07,16,2021-07-16,YYYY.MM.DD,,2026-09-10T11:31:22
8,민섭,001704,001704.jpg,2021.07.16,2021,07,16,2021-07-16,YYYY.MM.DD,,2026-09-12T16:22:14
6,승아,001705,001705.jpg,2021.06.04,2021,06,04,2021-06-04,YYYY.MM.DD,,2026-09-09T15:42:57
3,민섭,001706,001706.jpg,2021.06.04,2021,06,04,2021-06-04,YYYY.MM.DD,,2026-09-09T20:26:28
13,민섭,001707,001707.jpg,2021.05.02,2021,05,02,2021-05-02,YYYY.MM.DD,,2026-09-12T18:48:26
14,서영,001708,001708.jpg,2021.05.02,2021,05,02,2021-05-02,YYYY.MM.DD,,2026-09-10T09:41:18
13,민섭,001709,001709.jpg,21.04.12,2021,04,12,2021-04-12,YY.MM.DD,,2026-09-12T18:48:31
11,승아,001710,001710.jpg,21.10.15 2,2021,10,15,2021-10-15,YY.MM.DD,2,2026-09-10T11:31:27
14,서영,001711,001711.jpg,21.10.15 2,2021,10,15,2021-10-15,YY.MM.DD,2,2026-09-10T09:41:22
14,서영,001712,001712.jpg,21.07.18 2,2021,07,18,2021-07-18,YY.MM.DD,2,2026-09-10T09:41:25
10,병철,001713,001713.jpg,08 09 21,2021,09,08,2021-09-08,DD.MM.YY,,2026-09-10T02:01:30
8,민섭,001714,001714.jpg,08 09 21 d,2021,09,08,2021-09-08,DD.MM.YY,d,2026-09-12T16:22:27
14,서영,001715,001715.jpg,2021.02.07,2021,02,07,2021-02-07,YYYY.MM.DD,,2026-09-10T09:41:28
15,서현,001716,001716.jpg,2021.02.07,2021,02,07,2021-02-07,YYYY.MM.DD,,2026-09-12T17:01:32
12,서영,001717,001717.jpg,21.02.08,2021,02,08,2021-02-08,YY.MM.DD,,2026-09-12T17:29:51
10,병철,001718,001718.jpg,21.02.08,2021,02,08,2021-02-08,YY.MM.DD,,2026-09-10T02:01:33
12,서영,001719,001719.jpg,21.03.11,2021,03,11,2021-03-11,YY.MM.DD,,2026-09-12T17:29:54
7,서현,001720,001720.jpg,21.03.11,2021,03,11,2021-03-11,YY.MM.DD,,2026-09-12T17:47:15
15,서현,001721,001721.jpg,2021.07.06 2,2021,07,06,2021-07-06,YYYY.MM.DD,2,2026-09-12T17:01:37
14,서영,001722,001722.jpg,2021.07.06 2,2021,07,06,2021-07-06,YYYY.MM.DD,2,2026-09-10T09:41:33
13,민섭,001723,001723.jpg,2021.05.13,2021,05,13,2021-05-13,YYYY.MM.DD,,2026-09-12T18:48:37
13,민섭,001724,001724.jpg,2021.05.13,2021,05,13,2021-05-13,YYYY.MM.DD,,2026-09-12T18:48:45
12,서영,001725,001725.jpg,2021.02.16,2021,02,16,2021-02-16,YYYY.MM.DD,,2026-09-12T17:29:58
15,서현,001726,001726.jpg,2021.02.16,2021,02,16,2021-02-16,YYYY.MM.DD,,2026-09-12T17:01:40
2,서현,001727,001727.jpg,2021.02.08,2021,02,08,2021-02-08,YYYY.MM.DD,,2026-09-09T13:27:18
11,승아,001728,001728.jpg,2021.02.08,2021,02,08,2021-02-08,YYYY.MM.DD,,2026-09-10T11:31:30
12,서영,001729,001729.jpg,2021.03.13,2021,03,13,2021-03-13,YYYY.MM.DD,,2026-09-12T17:30:01
13,민섭,001730,001730.jpg,2021.10.02,2021,10,02,2021-10-02,YYYY.MM.DD,,2026-09-12T18:48:50
7,서현,001731,001731.jpg,2021.10.02,2021,10,02,2021-10-02,YYYY.MM.DD,,2026-09-12T17:47:18
13,민섭,001732,001732.jpg,2022.11.18,2022,11,18,2022-11-18,YYYY.MM.DD,,2026-09-12T18:48:53
15,서현,001733,001733.jpg,2022.11.18,2022,11,18,2022-11-18,YYYY.MM.DD,,2026-09-12T17:01:43
5,병철,001734,001734.jpg,2022.01.20,2022,01,20,2022-01-20,YYYY.MM.DD,,2026-09-09T12:04:50
15,서현,001735,001735.jpg,2022.01.20,2022,01,20,2022-01-20,YYYY.MM.DD,,2026-09-12T17:01:46
12,서영,001736,001736.jpg,2021.02.08,2021,02,08,2021-02-08,YYYY.MM.DD,,2026-09-12T17:30:05
2,서현,001737,001737.jpg,2021.02.08,2021,02,08,2021-02-08,YYYY.MM.DD,,2026-09-09T13:30:36
12,서영,001738,001738.jpg,2022.01.05,2022,01,05,2022-01-05,YYYY.MM.DD,,2026-09-12T17:30:07
2,서현,001739,001739.jpg,2022.01.05,2022,01,05,2022-01-05,YYYY.MM.DD,,2026-09-09T13:30:41
11,승아,001740,001740.jpg,2022.11.01,2022,11,01,2022-11-01,YYYY.MM.DD,,2026-09-10T11:31:35
6,승아,001741,001741.jpg,2022.11.01,2022,11,01,2022-11-01,YYYY.MM.DD,,2026-09-09T15:43:01
13,민섭,001742,001742.jpg,2021.10.26,2021,10,26,2021-10-26,YYYY.MM.DD,,2026-09-12T18:48:57
5,병철,001743,001743.jpg,2021.10.26,2021,10,26,2021-10-26,YYYY.MM.DD,,2026-09-09T12:04:54
13,민섭,001744,001744.jpg,2022.01.28 2,2022,01,28,2022-01-28,YYYY.MM.DD,2,2026-09-12T18:49:01
12,서영,001745,001745.jpg,2022.01.28 2,2022,01,28,2022-01-28,YYYY.MM.DD,2,2026-09-12T17:30:14
14,서영,001746,001746.jpg,21.10.12 2,2021,10,12,2021-10-12,YY.MM.DD,2,2026-09-10T10:19:10
4,서영,001747,001747.jpg,21.10.12 2,2021,10,12,2021-10-12,YY.MM.DD,2,2026-09-09T13:47:02
13,민섭,001748,001748.jpg,2019.07.03 2,2019,07,03,2019-07-03,YYYY.MM.DD,2,2026-09-12T18:49:10
8,민섭,001749,001749.jpg,2019.07.03,2019,07,03,2019-07-03,YYYY.MM.DD,,2026-09-12T16:22:34
12,서영,001750,001750.jpg,2021.06.28,2021,06,28,2021-06-28,YYYY.MM.DD,,2026-09-12T17:30:17
10,병철,001751,001751.jpg,2021.06.28,2021,06,28,2021-06-28,YYYY.MM.DD,,2026-09-10T02:01:36
15,서현,001752,001752.jpg,22.01.10,2022,01,10,2022-01-10,YY.MM.DD,,2026-09-12T17:01:48
6,승아,001753,001753.jpg,22.01.10,2022,01,10,2022-01-10,YY.MM.DD,,2026-09-09T15:43:05
14,서영,001754,001754.jpg,2021 12 05,2021,12,05,2021-12-05,YYYY.MM.DD,,2026-09-10T10:19:15
2,서현,001755,001755.jpg,2021 12 05,2021,12,05,2021-12-05,YYYY.MM.DD,,2026-09-09T13:32:29
15,서현,001756,001756.jpg,2021.12.30 2,2021,12,30,2021-12-30,YYYY.MM.DD,2,2026-09-12T17:01:55
15,서현,001757,001757.jpg,09 MAR 2023,2023,03,09,2023-03-09,DD MON YYYY,,2026-09-12T17:02:03
15,서현,001758,001758.jpg,09 MAR 2023,2023,03,09,2023-03-09,DD MON YYYY,,2026-09-12T17:02:10
10,병철,001759,001759.jpg,2021.04.24,2021,04,24,2021-04-24,YYYY.MM.DD,,2026-09-10T02:01:38
4,서영,001760,001760.jpg,2021.04.24,2021,04,24,2021-04-24,YYYY.MM.DD,,2026-09-09T13:47:07
13,민섭,001761,001761.jpg,2021/11/22,2021,11,22,2021-11-22,YYYY.MM.DD,,2026-09-12T18:49:15
11,승아,001762,001762.jpg,2021/11/22,2021,11,22,2021-11-22,YYYY.MM.DD,,2026-09-10T11:31:41
7,서현,001763,001763.jpg,2021.12.23,2021,12,23,2021-12-23,YYYY.MM.DD,,2026-09-12T17:47:21
15,서현,001764,001764.jpg,2021.12.23,2021,12,23,2021-12-23,YYYY.MM.DD,,2026-09-12T17:02:14
15,서현,001765,001765.jpg,10/SEP/21,2021,09,10,2021-09-10,DD MON YY,,2026-09-12T17:02:53
15,서현,001766,001766.jpg,10/SEP/21,2021,09,10,2021-09-10,DD MON YY,,2026-09-12T17:05:57
7,서현,001767,001767.jpg,2021.06.29 2,2021,06,29,2021-06-29,YYYY.MM.DD,2,2026-09-12T17:47:26
14,서영,001768,001768.jpg,2021.06.29 2,2021,06,29,2021-06-29,YYYY.MM.DD,2,2026-09-10T10:19:21
14,서영,001769,001769.jpg,21.12.22,2021,12,22,2021-12-22,YY.MM.DD,,2026-09-10T10:19:24
15,서현,001770,001770.jpg,19.10.18 2,2019,10,18,2019-10-18,YY.MM.DD,2,2026-09-12T17:06:02
2,서현,001771,001771.jpg,19.10.18 2,2019,10,18,2019-10-18,YY.MM.DD,2,2026-09-09T13:32:36
11,승아,001772,001772.jpg,2020.08.07,2020,08,07,2020-08-07,YYYY.MM.DD,,2026-09-10T11:31:45
13,민섭,001773,001773.jpg,2020.08.07,2020,08,07,2020-08-07,YYYY.MM.DD,,2026-09-12T18:49:20
13,민섭,001774,001774.jpg,2021.04.02,2021,04,02,2021-04-02,YYYY.MM.DD,,2026-09-12T18:49:23
15,서현,001775,001775.jpg,2021.04.02,2021,04,02,2021-04-02,YYYY.MM.DD,,2026-09-12T17:06:05
1,승아,001776,001776.jpg,05 04 2021,2021,04,05,2021-04-05,DD.MM.YYYY,,2026-09-09T14:43:13
2,서현,001777,001777.jpg,05 04 2021,2021,04,05,2021-04-05,DD.MM.YYYY,,2026-09-09T13:33:08
15,서현,001778,001778.jpg,21.04.09,2021,04,09,2021-04-09,YY.MM.DD,,2026-09-12T17:06:11
14,서영,001779,001779.jpg,21.04.09,2021,04,09,2021-04-09,YY.MM.DD,,2026-09-10T10:19:28
11,승아,001780,001780.jpg,2020.09.01 2,2020,09,01,2020-09-01,YYYY.MM.DD,2,2026-09-10T11:31:52
14,서영,001781,001781.jpg,2020.09.01 2,2020,09,01,2020-09-01,YYYY.MM.DD,2,2026-09-10T10:19:33
14,서영,001782,001782.jpg,2022/10/01,2022,10,01,2022-10-01,YYYY.MM.DD,,2026-09-10T10:19:36
14,서영,001783,001783.jpg,2021.06.13,2021,06,13,2021-06-13,YYYY.MM.DD,,2026-09-10T10:19:40
2,서현,001784,001784.jpg,2021.06.13,2021,06,13,2021-06-13,YYYY.MM.DD,,2026-09-09T13:33:13
13,민섭,001785,001785.jpg,2021.09.19,2021,09,19,2021-09-19,YYYY.MM.DD,,2026-09-12T18:49:29
11,승아,001786,001786.jpg,2021.09.19,2021,09,19,2021-09-19,YYYY.MM.DD,,2026-09-10T11:31:56
11,승아,001787,001787.jpg,12.20,2020,12,NONE,2020-12-NONE,MM.YY,,2026-09-10T11:32:07
11,승아,001788,001788.jpg,12.20,2020,12,NONE,2020-12-NONE,MM.YY,,2026-09-10T11:32:13
11,승아,001789,001789.jpg,2021.01.16,2021,01,16,2021-01-16,YYYY.MM.DD,,2026-09-10T11:37:40
7,서현,001790,001790.jpg,2021.01.16,2021,01,16,2021-01-16,YYYY.MM.DD,,2026-09-12T17:47:29
15,서현,001791,001791.jpg,20.08.13,2020,08,13,2020-08-13,YY.MM.DD,,2026-09-12T17:06:14
12,서영,001792,001792.jpg,20.08.13,2020,08,13,2020-08-13,YY.MM.DD,,2026-09-12T17:30:22
13,민섭,001793,001793.jpg,2021.11.07,2021,11,07,2021-11-07,YYYY.MM.DD,,2026-09-12T18:49:53
6,승아,001794,001794.jpg,2021.11.07,2021,11,07,2021-11-07,YYYY.MM.DD,,2026-09-09T15:43:12
11,승아,001795,001795.jpg,2021.01.27,2021,01,27,2021-01-27,YYYY.MM.DD,,2026-09-10T11:37:43
11,승아,001796,001796.jpg,2021.01.27,2021,01,27,2021-01-27,YYYY.MM.DD,,2026-09-10T11:37:46
14,서영,001797,001797.jpg,20.05.26 2,2020,05,26,2020-05-26,YY.MM.DD,2,2026-09-10T10:19:45
8,민섭,001798,001798.jpg,2021.10.10,2021,10,10,2021-10-10,YYYY.MM.DD,,2026-09-12T16:22:38
11,승아,001799,001799.jpg,2021/10/14,2021,10,14,2021-10-14,YYYY.MM.DD,,2026-09-10T11:37:51
12,서영,001800,001800.jpg,2021.01.14,2021,01,14,2021-01-14,YYYY.MM.DD,,2026-09-12T17:30:25
14,서영,001801,001801.jpg,05.03.2021,2021,03,05,2021-03-05,DD.MM.YYYY,,2026-09-10T10:19:49
8,민섭,001802,001802.jpg,2021.05.03,2021,05,03,2021-05-03,YYYY.MM.DD,,2026-09-12T16:22:43
11,승아,001803,001803.jpg,2021.01.15,2021,01,15,2021-01-15,YYYY.MM.DD,,2026-09-10T11:37:55
14,서영,001804,001804.jpg,2021.01.15,2021,01,15,2021-01-15,YYYY.MM.DD,,2026-09-10T10:19:52
14,서영,001805,001805.jpg,20.11.09 2,2020,11,09,2020-11-09,YY.MM.DD,2,2026-09-10T10:19:56
13,민섭,001806,001806.jpg,20.11.09 2,2020,11,09,2020-11-09,YY.MM.DD,2,2026-09-12T18:49:59
13,민섭,001807,001807.jpg,21.02.25,2021,02,25,2021-02-25,YY.MM.DD,,2026-09-12T18:50:03
12,서영,001808,001808.jpg,20.08.13 2,2020,08,13,2020-08-13,YY.MM.DD,2,2026-09-12T17:30:30
6,승아,001809,001809.jpg,20.08.13 2,2020,08,13,2020-08-13,YY.MM.DD,2,2026-09-09T15:43:22
15,서현,001810,001810.jpg,23.10.22,2023,10,22,2023-10-22,YY.MM.DD,,2026-09-12T17:06:17
14,서영,001811,001811.jpg,23.10.22,2023,10,22,2023-10-22,YY.MM.DD,,2026-09-10T10:19:59
12,서영,001812,001812.jpg,2021.03.26 2,2021,03,26,2021-03-26,YYYY.MM.DD,2,2026-09-12T17:30:36
14,서영,001813,001813.jpg,2021.03.26 2,2021,03,26,2021-03-26,YYYY.MM.DD,2,2026-09-10T10:20:02
11,승아,001814,001814.jpg,2022.06.07,2022,06,07,2022-06-07,YYYY.MM.DD,,2026-09-10T11:37:58
3,민섭,001815,001815.jpg,2022.06.07,2022,06,07,2022-06-07,YYYY.MM.DD,,2026-09-09T20:26:32
15,서현,001816,001816.jpg,21.04.14,2021,04,14,2021-04-14,YY.MM.DD,,2026-09-12T17:06:23
14,서영,001817,001817.jpg,21.04.14 2,2021,04,14,2021-04-14,YY.MM.DD,2,2026-09-10T10:20:06
15,서현,001818,001818.jpg,2022.01.18,2022,01,18,2022-01-18,YYYY.MM.DD,,2026-09-12T17:06:26
12,서영,001819,001819.jpg,2022.01.18 2,2022,01,18,2022-01-18,YYYY.MM.DD,2,2026-09-12T17:30:39
12,서영,001820,001820.jpg,2020.09.01,2020,09,01,2020-09-01,YYYY.MM.DD,,2026-09-12T17:30:41
11,승아,001821,001821.jpg,2020.09.01,2020,09,01,2020-09-01,YYYY.MM.DD,,2026-09-10T13:15:39
15,서현,001822,001822.jpg,2021.06.09,2021,06,09,2021-06-09,YYYY.MM.DD,,2026-09-12T17:06:31
15,서현,001823,001823.jpg,2021.06.09,2021,06,09,2021-06-09,YYYY.MM.DD,,2026-09-12T17:07:10
13,민섭,001824,001824.jpg,07 09 21,2021,09,07,2021-09-07,DD.MM.YY,,2026-09-12T18:50:07
3,민섭,001825,001825.jpg,2021.09.07,2021,09,07,2021-09-07,YYYY.MM.DD,,2026-09-09T20:26:46
11,승아,001826,001826.jpg,19/09/2021,2021,09,19,2021-09-19,DD.MM.YYYY,,2026-09-10T13:15:47
14,서영,001827,001827.jpg,28/11/2021,2021,11,28,2021-11-28,DD.MM.YYYY,,2026-09-10T10:20:11
11,승아,001828,001828.jpg,28/11/2021,2021,11,28,2021-11-28,DD.MM.YYYY,,2026-09-10T13:15:56
15,서현,001829,001829.jpg,2021.03.07,2021,03,07,2021-03-07,YYYY.MM.DD,,2026-09-12T17:07:14
13,민섭,001830,001830.jpg,12/2020,2020,12,NONE,2020-12-NONE,MM.YYYY,,2026-09-12T18:50:12
15,서현,001831,001831.jpg,12/2020,2020,12,NONE,2020-12-NONE,MM.YYYY,,2026-09-12T17:07:18
11,승아,001832,001832.jpg,2022.09.02 2,2022,09,02,2022-09-02,YYYY.MM.DD,2,2026-09-10T13:16:03
10,병철,001833,001833.jpg,2022.09.02,2022,09,02,2022-09-02,YYYY.MM.DD,,2026-09-10T02:01:41
11,승아,001834,001834.jpg,2022.07.12,2022,07,12,2022-07-12,YYYY.MM.DD,,2026-09-10T13:16:08
9,서영,001835,001835.jpg,2022.07.12,2022,07,12,2022-07-12,YYYY.MM.DD,,2026-09-09T14:45:44
12,서영,001836,001836.jpg,2021.10.02,2021,10,02,2021-10-02,YYYY.MM.DD,,2026-09-12T17:30:45
11,승아,001837,001837.jpg,2021.10.02,2021,10,02,2021-10-02,YYYY.MM.DD,,2026-09-10T13:16:16
13,민섭,001838,001838.jpg,2021.10.15,2021,10,15,2021-10-15,YYYY.MM.DD,,2026-09-12T18:50:19
13,민섭,001839,001839.jpg,2021.10.15,2021,10,15,2021-10-15,YYYY.MM.DD,,2026-09-12T18:50:22
9,서영,001840,001840.jpg,2021.09.30,2021,09,30,2021-09-30,YYYY.MM.DD,,2026-09-09T14:45:48
14,서영,001841,001841.jpg,2021.09.30,2021,09,30,2021-09-30,YYYY.MM.DD,,2026-09-10T10:20:15
4,서영,001842,001842.jpg,05-2021,2021,05,NONE,2021-05-NONE,MM.YYYY,,2026-09-09T14:05:52
15,서현,001843,001843.jpg,05-2021,2021,05,NONE,2021-05-NONE,MM.YYYY,,2026-09-12T17:07:22
14,서영,001844,001844.jpg,2021.11.23,2021,11,23,2021-11-23,YYYY.MM.DD,,2026-09-10T10:20:19
15,서현,001845,001845.jpg,2021.11.23,2021,11,23,2021-11-23,YYYY.MM.DD,,2026-09-12T17:07:27
12,서영,001846,001846.jpg,2021/09/23,2021,09,23,2021-09-23,YYYY.MM.DD,,2026-09-12T17:30:48
14,서영,001847,001847.jpg,2021/09/23,2021,09,23,2021-09-23,YYYY.MM.DD,,2026-09-10T10:20:23
13,민섭,001848,001848.jpg,2021/11/18,2021,11,18,2021-11-18,YYYY.MM.DD,,2026-09-12T18:50:27
13,민섭,001849,001849.jpg,2021/11/18,2021,11,18,2021-11-18,YYYY.MM.DD,,2026-09-12T18:50:38
11,승아,001850,001850.jpg,2021/12/16,2021,12,16,2021-12-16,YYYY.MM.DD,,2026-09-10T13:16:21
11,승아,001851,001851.jpg,2021/12/16,2021,12,16,2021-12-16,YYYY.MM.DD,,2026-09-10T13:16:25
15,서현,001852,001852.jpg,2022 08 13,2022,08,13,2022-08-13,YYYY.MM.DD,,2026-09-12T17:07:32
11,승아,001853,001853.jpg,2022 08 13,2022,08,13,2022-08-13,YYYY.MM.DD,,2026-09-10T13:17:34
13,민섭,001854,001854.jpg,2022.01.18,2022,01,18,2022-01-18,YYYY.MM.DD,,2026-09-12T18:50:41
11,승아,001855,001855.jpg,28.Oct.2023,2023,10,28,2023-10-28,DD MON YYYY,,2026-09-10T13:17:46
13,민섭,001856,001856.jpg,28.Oct.2023,2023,10,28,2023-10-28,DD MON YYYY,,2026-09-12T18:50:48
15,서현,001857,001857.jpg,17/07/2022,2022,07,17,2022-07-17,DD.MM.YYYY,,2026-09-12T17:07:37
4,서영,001858,001858.jpg,17/07/2022,2022,07,17,2022-07-17,DD.MM.YYYY,,2026-09-09T14:07:44
11,승아,001859,001859.jpg,2022/07/08,2022,07,08,2022-07-08,YYYY.MM.DD,,2026-09-10T13:17:51
7,서현,001860,001860.jpg,22/07/06,2022,07,06,2022-07-06,YY.MM.DD,,2026-09-12T17:47:37
13,민섭,001861,001861.jpg,18 06 23,2023,06,18,2023-06-18,DD.MM.YY,,2026-09-12T18:50:52
15,서현,001862,001862.jpg,18 06 23,2023,06,18,2023-06-18,DD.MM.YY,,2026-09-12T17:07:42
12,서영,001863,001863.jpg,04/08/2023,2023,08,04,2023-08-04,DD.MM.YYYY,,2026-09-12T17:30:53
14,서영,001864,001864.jpg,04/08/2023,2023,08,04,2023-08-04,DD.MM.YYYY,,2026-09-10T10:20:29
10,병철,001865,001865.jpg,2021.09.17,2021,09,17,2021-09-17,YYYY.MM.DD,,2026-09-10T02:01:44
9,서영,001866,001866.jpg,2021.09.17,2021,09,17,2021-09-17,YYYY.MM.DD,,2026-09-09T14:45:53
14,서영,001867,001867.jpg,JUL 2022,2022,07,NONE,2022-07-NONE,MON YYYY,,2026-09-10T10:20:37
14,서영,001868,001868.jpg,JUL 2022,2022,07,NONE,2022-07-NONE,MON YYYY,,2026-09-10T10:20:40
11,승아,001869,001869.jpg,26/09/2021 2,2021,09,26,2021-09-26,DD.MM.YYYY,2,2026-09-10T13:18:10
15,서현,001870,001870.jpg,26/09/2021 2,2021,09,26,2021-09-26,DD.MM.YYYY,2,2026-09-12T17:07:54
15,서현,001871,001871.jpg,2022/11/10 2,2022,11,10,2022-11-10,YYYY.MM.DD,2,2026-09-12T17:07:59
13,민섭,001872,001872.jpg,2022.10.14,2022,10,14,2022-10-14,YYYY.MM.DD,,2026-09-12T18:50:57
1,승아,001873,001873.jpg,2022.10.14,2022,10,14,2022-10-14,YYYY.MM.DD,,2026-09-09T14:43:19
13,민섭,001874,001874.jpg,22.10.21 d,2021,10,22,2021-10-22,DD.MM.YY,d,2026-09-12T18:54:22
15,서현,001875,001875.jpg,22.10.21,2022,10,21,2022-10-21,YY.MM.DD,,2026-09-12T17:08:04
11,승아,001876,001876.jpg,30/09/21 d,2021,09,30,2021-09-30,DD.MM.YY,d,2026-09-10T13:31:48
11,승아,001877,001877.jpg,03/11/2021,2021,11,03,2021-11-03,DD.MM.YYYY,,2026-09-10T13:31:56
11,승아,001878,001878.jpg,03/11/2021,2021,11,03,2021-11-03,DD.MM.YYYY,,2026-09-10T13:32:02
14,서영,001879,001879.jpg,2021.09.01,2021,09,01,2021-09-01,YYYY.MM.DD,,2026-09-10T10:20:43
15,서현,001880,001880.jpg,2024 09 01,2024,09,01,2024-09-01,YYYY.MM.DD,,2026-09-12T17:08:09
15,서현,001881,001881.jpg,2021 JUN 20,2021,06,20,2021-06-20,YYYY MON DD,,2026-09-12T17:08:17
14,서영,001882,001882.jpg,2021 JUN 20,2021,06,20,2021-06-20,YYYY MON DD,,2026-09-10T10:20:49
15,서현,001883,001883.jpg,09/09/2021,2021,09,09,2021-09-09,DD.MM.YYYY,,2026-09-12T17:08:21
13,민섭,001884,001884.jpg,09/09/2021,2021,09,09,2021-09-09,DD.MM.YYYY,,2026-09-12T18:54:27
11,승아,001885,001885.jpg,2021-12-05 2,2021,12,05,2021-12-05,YYYY.MM.DD,2,2026-09-10T13:32:12
13,민섭,001886,001886.jpg,2021-12-05 2,2021,12,05,2021-12-05,YYYY.MM.DD,2,2026-09-12T18:54:42
8,민섭,001887,001887.jpg,2023.08.22,2023,08,22,2023-08-22,YYYY.MM.DD,,2026-09-12T16:22:47
13,민섭,001888,001888.jpg,2023 08 22,2023,08,22,2023-08-22,YYYY.MM.DD,,2026-09-12T18:54:48
15,서현,001889,001889.jpg,31AUG21,2021,08,31,2021-08-31,DD MON YY,,2026-09-12T17:08:31
13,민섭,001890,001890.jpg,31AUG21,2021,08,31,2021-08-31,DD MON YY,,2026-09-12T18:54:57
13,민섭,001891,001891.jpg,2022.05.22,2022,05,22,2022-05-22,YYYY.MM.DD,,2026-09-12T18:55:02
4,서영,001892,001892.jpg,2022.05.22,2022,05,22,2022-05-22,YYYY.MM.DD,,2026-09-09T14:07:48
14,서영,001893,001893.jpg,2021.03.19,2021,03,19,2021-03-19,YYYY.MM.DD,,2026-09-10T10:20:52
15,서현,001894,001894.jpg,2021.03.19,2021,03,19,2021-03-19,YYYY.MM.DD,,2026-09-12T17:08:35
9,서영,001895,001895.jpg,2021.03.17,2021,03,17,2021-03-17,YYYY.MM.DD,,2026-09-09T14:45:57
7,서현,001896,001896.jpg,2021.03.17,2021,03,17,2021-03-17,YYYY.MM.DD,,2026-09-12T17:47:40
15,서현,001897,001897.jpg,MAY 29 2021,2021,05,29,2021-05-29,MON DD YYYY,,2026-09-12T17:08:40
12,서영,001898,001898.jpg,MAY 29 2021 t,2021,05,29,2021-05-29,MON DD YYYY,t,2026-09-12T17:30:59
5,병철,001899,001899.jpg,nov 29 2021,2021,11,29,2021-11-29,MON DD YYYY,,2026-09-10T01:30:00
8,민섭,001900,001900.jpg,2021.11.29,2021,11,29,2021-11-29,YYYY.MM.DD,,2026-09-12T16:22:51
15,서현,001901,001901.jpg,28.10.2021,2021,10,28,2021-10-28,DD.MM.YYYY,,2026-09-12T17:08:45
12,서영,001902,001902.jpg,28.10.2021,2021,10,28,2021-10-28,DD.MM.YYYY,,2026-09-12T17:31:03
15,서현,001903,001903.jpg,27/08/21 2,2027,08,21,2027-08-21,YY.MM.DD,2,2026-09-12T17:09:22
12,서영,001904,001904.jpg,2022.01.15,2022,01,15,2022-01-15,YYYY.MM.DD,,2026-09-12T17:31:05
14,서영,001905,001905.jpg,2022.01.15,2022,01,15,2022-01-15,YYYY.MM.DD,,2026-09-10T10:20:57
9,서영,001906,001906.jpg,03.09.2021 2,2021,09,03,2021-09-03,DD.MM.YYYY,2,2026-09-09T14:46:04
12,서영,001907,001907.jpg,2021.08.16,2021,08,16,2021-08-16,YYYY.MM.DD,,2026-09-12T17:31:09
14,서영,001908,001908.jpg,2021.08.16,2021,08,16,2021-08-16,YYYY.MM.DD,,2026-09-10T10:21:00
13,민섭,001909,001909.jpg,2021.12.29,2021,12,29,2021-12-29,YYYY.MM.DD,,2026-09-12T18:55:06
13,민섭,001910,001910.jpg,2021.05.07 2,2021,05,07,2021-05-07,YYYY.MM.DD,2,2026-09-12T18:55:11
14,서영,001911,001911.jpg,21MAY2021,2021,05,21,2021-05-21,DD MON YYYY,,2026-09-10T10:21:05
12,서영,001912,001912.jpg,21MAY2021,2021,05,21,2021-05-21,DD MON YYYY,,2026-09-12T17:31:14
14,서영,001913,001913.jpg,2021.09.14,2021,09,14,2021-09-14,YYYY.MM.DD,,2026-09-10T10:21:08
15,서현,001914,001914.jpg,2021.09.14,2021,09,14,2021-09-14,YYYY.MM.DD,,2026-09-12T17:09:26
11,승아,001915,001915.jpg,JUN 24 2021,2021,06,24,2021-06-24,MON DD YYYY,,2026-09-10T13:33:35
11,승아,001916,001916.jpg,JUN 24 2021,2021,06,24,2021-06-24,MON DD YYYY,,2026-09-10T13:33:41
10,병철,001917,001917.jpg,25.05.2021,2021,05,25,2021-05-25,DD.MM.YYYY,,2026-09-10T02:01:48
3,민섭,001918,001918.jpg,2021.05.25,2021,05,25,2021-05-25,YYYY.MM.DD,,2026-09-09T20:26:53
11,승아,001919,001919.jpg,2023/12/20,2023,12,20,2023-12-20,YYYY.MM.DD,,2026-09-10T13:34:00
12,서영,001920,001920.jpg,2022.10.15,2022,10,15,2022-10-15,YYYY.MM.DD,,2026-09-12T17:31:16
1,승아,001921,001921.jpg,2022.10.15 2,2022,10,15,2022-10-15,YYYY.MM.DD,2,2026-09-09T14:43:29
12,서영,001922,001922.jpg,2022. 06. 14,2022,06,14,2022-06-14,YYYY.MM.DD,,2026-09-12T17:31:22
14,서영,001923,001923.jpg,2022.06.14,2022,06,14,2022-06-14,YYYY.MM.DD,,2026-09-10T10:21:11
12,서영,001924,001924.jpg,2022.01.21 b,2022,01,21,2022-01-21,YYYY.MM.DD,b,2026-09-12T17:31:28
5,병철,001925,001925.jpg,2022.01.21,2022,01,21,2022-01-21,YYYY.MM.DD,,2026-09-10T01:30:12
14,서영,001926,001926.jpg,2021.04.27,2021,04,27,2021-04-27,YYYY.MM.DD,,2026-09-10T10:21:15
14,서영,001927,001927.jpg,2021.04.27,2021,04,27,2021-04-27,YYYY.MM.DD,,2026-09-10T10:21:18
12,서영,001928,001928.jpg,2022.01.14,2022,01,14,2022-01-14,YYYY.MM.DD,,2026-09-12T17:31:30
4,서영,001929,001929.jpg,2022.01.14,2022,01,14,2022-01-14,YYYY.MM.DD,,2026-09-09T14:07:53
14,서영,001930,001930.jpg,2022.01.01,2022,01,01,2022-01-01,YYYY.MM.DD,,2026-09-10T10:21:21
15,서현,001931,001931.jpg,2022.01.01,2022,01,01,2022-01-01,YYYY.MM.DD,,2026-09-12T17:09:30
11,승아,001932,001932.jpg,2022.01.22,2022,01,22,2022-01-22,YYYY.MM.DD,,2026-09-10T13:34:04
15,서현,001933,001933.jpg,2022.01.22,2022,01,22,2022-01-22,YYYY.MM.DD,,2026-09-12T17:09:32
15,서현,001934,001934.jpg,2022.03.29,2022,03,29,2022-03-29,YYYY.MM.DD,,2026-09-12T17:09:36
8,민섭,001935,001935.jpg,2022.03.29,2022,03,29,2022-03-29,YYYY.MM.DD,,2026-09-12T16:22:55
7,서현,001936,001936.jpg,21/12/21,2021,12,21,2021-12-21,YY.MM.DD,,2026-09-12T17:47:46
6,승아,001937,001937.jpg,21/12/21,2021,12,21,2021-12-21,YY.MM.DD,,2026-09-09T15:43:39
14,서영,001938,001938.jpg,03/2021,2021,03,NONE,2021-03-NONE,MM.YYYY,,2026-09-10T10:21:24
6,승아,001939,001939.jpg,14.03.21,2021,03,14,2021-03-14,DD.MM.YY,,2026-09-09T15:45:29
12,서영,001940,001940.jpg,14.03.21 b,2021,03,14,2021-03-14,DD.MM.YY,b,2026-09-12T17:31:37
11,승아,001941,001941.jpg,27.05.2022,2022,05,27,2022-05-27,DD.MM.YYYY,,2026-09-10T13:34:11
2,서현,001942,001942.jpg,27.05.2022,2022,05,27,2022-05-27,DD.MM.YYYY,,2026-09-09T13:33:24
15,서현,001943,001943.jpg,2023-09-29,2023,09,29,2023-09-29,YYYY.MM.DD,,2026-09-12T17:09:42
9,서영,001944,001944.jpg,2023-09-29 t,2023,09,29,2023-09-29,YYYY.MM.DD,t,2026-09-09T14:46:12
11,승아,001945,001945.jpg,08 2021,2021,08,NONE,2021-08-NONE,MM.YYYY,,2026-09-10T13:34:15
5,병철,001946,001946.jpg,08 2021,2021,08,NONE,2021-08-NONE,MM.YYYY,,2026-09-10T01:30:15
9,서영,001947,001947.jpg,10 AUG 2022 2,2022,08,10,2022-08-10,DD MON YYYY,2,2026-09-09T14:46:24
14,서영,001948,001948.jpg,10 AUG 2022 2,2022,08,10,2022-08-10,DD MON YYYY,2,2026-09-10T10:21:31
13,민섭,001949,001949.jpg,16 07 23 d,2023,07,16,2023-07-16,DD.MM.YY,d,2026-09-12T18:57:00
12,서영,001950,001950.jpg,16 07 23,2023,07,16,2023-07-16,DD.MM.YY,,2026-09-12T17:31:41
11,승아,001951,001951.jpg,16.09.2022,2022,09,16,2022-09-16,DD.MM.YYYY,,2026-09-10T13:34:20
13,민섭,001952,001952.jpg,16.09.2022,2022,09,16,2022-09-16,DD.MM.YYYY,,2026-09-12T18:57:05
11,승아,001953,001953.jpg,OCT.2021,2021,10,NONE,2021-10-NONE,MON YYYY,,2026-09-10T13:34:25
13,민섭,001954,001954.jpg,OCT.2021,2021,10,NONE,2021-10-NONE,MON YYYY,,2026-09-12T18:57:09
11,승아,001955,001955.jpg,OCT.2021,2021,10,NONE,2021-10-NONE,MON YYYY,,2026-09-10T13:34:29
12,서영,001956,001956.jpg,OCT.2021,2021,10,NONE,2021-10-NONE,MON YYYY,,2026-09-12T17:31:45
10,병철,001957,001957.jpg,oct.2021,2021,10,NONE,2021-10-NONE,MON YYYY,,2026-09-10T02:01:55
12,서영,001958,001958.jpg,2020.11.13,2020,11,13,2020-11-13,YYYY.MM.DD,,2026-09-12T17:31:49
14,서영,001959,001959.jpg,2020.11.13,2020,11,13,2020-11-13,YYYY.MM.DD,,2026-09-10T10:21:34
14,서영,001960,001960.jpg,15-06-2022,2022,06,15,2022-06-15,DD.MM.YYYY,,2026-09-10T10:21:39
12,서영,001961,001961.jpg,27/03/21,2027,03,21,2027-03-21,YY.MM.DD,,2026-09-12T17:31:54
1,승아,001962,001962.jpg,27/03/21,2027,03,21,2027-03-21,YY.MM.DD,,2026-09-09T14:43:56
14,서영,001963,001963.jpg,2021.10.09 2,2021,10,09,2021-10-09,YYYY.MM.DD,2,2026-09-10T10:21:43
5,병철,001964,001964.jpg,2021.10.09 2,2021,10,09,2021-10-09,YYYY.MM.DD,2,2026-09-10T01:30:24
12,서영,001965,001965.jpg,2023.10.12,2023,10,12,2023-10-12,YYYY.MM.DD,,2026-09-12T17:31:57
13,민섭,001966,001966.jpg,2023.10.12,2023,10,12,2023-10-12,YYYY.MM.DD,,2026-09-12T18:57:15
13,민섭,001967,001967.jpg,2022.08.24,2022,08,24,2022-08-24,YYYY.MM.DD,,2026-09-12T18:57:19
12,서영,001968,001968.jpg,2022.08.24,2022,08,24,2022-08-24,YYYY.MM.DD,,2026-09-12T17:32:00
11,승아,001969,001969.jpg,08/2021,2021,08,NONE,2021-08-NONE,MM.YYYY,,2026-09-10T13:34:35
15,서현,001970,001970.jpg,18.06.2021,2021,06,18,2021-06-18,DD.MM.YYYY,,2026-09-12T17:09:48
13,민섭,001971,001971.jpg,18.06.2021,2021,06,18,2021-06-18,DD.MM.YYYY,,2026-09-12T18:58:02
11,승아,001972,001972.jpg,2023.03.15,2023,03,15,2023-03-15,YYYY.MM.DD,,2026-09-10T13:34:43
7,서현,001973,001973.jpg,2023.03.15,2023,03,15,2023-03-15,YYYY.MM.DD,,2026-09-12T17:47:53
10,병철,001974,001974.jpg,09.2021,2021,09,NONE,2021-09-NONE,MM.YYYY,,2026-09-10T02:02:02
11,승아,001975,001975.jpg,26.02.21 d,2021,02,26,2021-02-26,DD.MM.YY,d,2026-09-10T13:36:22
1,승아,001976,001976.jpg,26.02.21,2026,02,21,2026-02-21,YY.MM.DD,,2026-09-09T14:44:05
3,민섭,001977,001977.jpg,2021.01.14,2021,01,14,2021-01-14,YYYY.MM.DD,,2026-09-09T20:27:05
11,승아,001978,001978.jpg,2020.11.04,2020,11,04,2020-11-04,YYYY.MM.DD,,2026-09-10T13:36:26
2,서현,001979,001979.jpg,2020.11.04,2020,11,04,2020-11-04,YYYY.MM.DD,,2026-09-09T13:33:47
2,서현,001980,001980.jpg,2022.10.15,2022,10,15,2022-10-15,YYYY.MM.DD,,2026-09-09T13:34:22
3,민섭,001981,001981.jpg,2022.10.15,2022,10,15,2022-10-15,YYYY.MM.DD,,2026-09-09T20:27:08
13,민섭,001982,001982.jpg,2021.10.20,2021,10,20,2021-10-20,YYYY.MM.DD,,2026-09-12T18:58:05
11,승아,001983,001983.jpg,2021.10.20,2021,10,20,2021-10-20,YYYY.MM.DD,,2026-09-10T13:36:30
15,서현,001984,001984.jpg,2022.01.19,2022,01,19,2022-01-19,YYYY.MM.DD,,2026-09-12T17:09:50
14,서영,001985,001985.jpg,2022.01.19,2022,01,19,2022-01-19,YYYY.MM.DD,,2026-09-10T10:21:47
12,서영,001986,001986.jpg,2023.01.04,2023,01,04,2023-01-04,YYYY.MM.DD,,2026-09-12T17:32:03
15,서현,001987,001987.jpg,2021.12.28,2021,12,28,2021-12-28,YYYY.MM.DD,,2026-09-12T17:09:57
10,병철,001988,001988.jpg,2021.12.28,2021,12,28,2021-12-28,YYYY.MM.DD,,2026-09-10T02:02:08
11,승아,001989,001989.jpg,2022.11.23,2022,11,23,2022-11-23,YYYY.MM.DD,,2026-09-10T13:36:34
12,서영,001990,001990.jpg,2022.11.23,2022,11,23,2022-11-23,YYYY.MM.DD,,2026-09-12T17:32:07
12,서영,001991,001991.jpg,21.12.28,2021,12,28,2021-12-28,YY.MM.DD,,2026-09-12T17:32:09
8,민섭,001992,001992.jpg,2021.12.28,2021,12,28,2021-12-28,YYYY.MM.DD,,2026-09-12T16:22:59
12,서영,001993,001993.jpg,2021.10.29,2021,10,29,2021-10-29,YYYY.MM.DD,,2026-09-12T17:32:12
14,서영,001994,001994.jpg,2021.10.29,2021,10,29,2021-10-29,YYYY.MM.DD,,2026-09-10T10:21:49
13,민섭,001995,001995.jpg,18.12.2021,2021,12,18,2021-12-18,DD.MM.YYYY,,2026-09-12T18:58:10
15,서현,001996,001996.jpg,18.12.2021,2021,12,18,2021-12-18,DD.MM.YYYY,,2026-09-12T17:10:07
11,승아,001997,001997.jpg,2021.12.27,2021,12,27,2021-12-27,YYYY.MM.DD,,2026-09-10T13:36:41
11,승아,001998,001998.jpg,2021.12.27,2021,12,27,2021-12-27,YYYY.MM.DD,,2026-09-10T13:36:44
11,승아,001999,001999.jpg,21.04.24,2021,04,24,2021-04-24,YY.MM.DD,,2026-09-10T13:36:49
11,승아,002000,002000.jpg,21.04.24,2021,04,24,2021-04-24,YY.MM.DD,,2026-09-10T13:36:53
12,서영,002001,002001.jpg,2022.01.27,2022,01,27,2022-01-27,YYYY.MM.DD,,2026-09-12T17:32:18
12,서영,002002,002002.jpg,2022.01.27 b,2022,01,27,2022-01-27,YYYY.MM.DD,b,2026-09-12T17:32:23
13,민섭,002003,002003.jpg,2022.05.15,2022,05,15,2022-05-15,YYYY.MM.DD,,2026-09-12T18:58:14
13,민섭,002004,002004.jpg,2022.05.15,2022,05,15,2022-05-15,YYYY.MM.DD,,2026-09-12T18:58:17
6,승아,002005,002005.jpg,2022.07.27,2022,07,27,2022-07-27,YYYY.MM.DD,,2026-09-09T15:45:41
3,민섭,002006,002006.jpg,2022.07.27,2022,07,27,2022-07-27,YYYY.MM.DD,,2026-09-09T20:27:14
11,승아,002007,002007.jpg,2022/01/14,2022,01,14,2022-01-14,YYYY.MM.DD,,2026-09-10T13:37:01
11,승아,002008,002008.jpg,2022/01/14,2022,01,14,2022-01-14,YYYY.MM.DD,,2026-09-10T13:37:06
11,승아,002009,002009.jpg,02 12 2021,2021,12,02,2021-12-02,DD.MM.YYYY,,2026-09-10T13:37:49
5,병철,002010,002010.jpg,02 12 2021,2021,12,02,2021-12-02,DD.MM.YYYY,,2026-09-10T01:34:14
11,승아,002011,002011.jpg,2020.06.30,2020,06,30,2020-06-30,YYYY.MM.DD,,2026-09-10T13:37:57
3,민섭,002012,002012.jpg,2020.06.30,2020,06,30,2020-06-30,YYYY.MM.DD,,2026-09-09T20:27:21
13,민섭,002013,002013.jpg,2022.10.01,2022,10,01,2022-10-01,YYYY.MM.DD,,2026-09-12T18:58:21
12,서영,002014,002014.jpg,2023.06.28,2023,06,28,2023-06-28,YYYY.MM.DD,,2026-09-12T17:32:26
13,민섭,002015,002015.jpg,2023.06.28,2023,06,28,2023-06-28,YYYY.MM.DD,,2026-09-12T18:58:28
11,승아,002016,002016.jpg,19 10 2022,2022,10,19,2022-10-19,DD.MM.YYYY,,2026-09-10T13:38:03
5,병철,002017,002017.jpg,2021. 10. 23,2021,10,23,2021-10-23,YYYY.MM.DD,,2026-09-10T01:34:21
12,서영,002018,002018.jpg,2021.10.23,2021,10,23,2021-10-23,YYYY.MM.DD,,2026-09-12T17:32:30
12,서영,002019,002019.jpg,09/03/2022,2022,03,09,2022-03-09,DD.MM.YYYY,,2026-09-12T17:32:35
5,병철,002020,002020.jpg,01/05/2023,2023,05,01,2023-05-01,DD.MM.YYYY,,2026-09-10T01:34:31
5,병철,002021,002021.jpg,2022.04.09,2022,04,09,2022-04-09,YYYY.MM.DD,,2026-09-10T01:34:35
13,민섭,002022,002022.jpg,2022.04.09,2022,04,09,2022-04-09,YYYY.MM.DD,,2026-09-12T18:58:32
11,승아,002023,002023.jpg,2020.11.10,2020,11,10,2020-11-10,YYYY.MM.DD,,2026-09-10T13:38:08
12,서영,002024,002024.jpg,2020.11.10,2020,11,10,2020-11-10,YYYY.MM.DD,,2026-09-12T17:32:38
12,서영,002025,002025.jpg,20.01.03,2020,01,03,2020-01-03,YY.MM.DD,,2026-09-12T17:32:47
13,민섭,002026,002026.jpg,NONE,NONE,NONE,NONE,NONE,none,,2026-09-12T19:03:00
15,서현,002027,002027.jpg,2020.11.26,2020,11,26,2020-11-26,YYYY.MM.DD,,2026-09-12T17:10:11
14,서영,002028,002028.jpg,2020.11.26,2020,11,26,2020-11-26,YYYY.MM.DD,,2026-09-10T10:21:52
15,서현,002029,002029.jpg,2020.11.22,2020,11,22,2020-11-22,YYYY.MM.DD,,2026-09-12T17:10:15
12,서영,002030,002030.jpg,2019.11.18,2019,11,18,2019-11-18,YYYY.MM.DD,,2026-09-12T17:32:50
1,승아,002031,002031.jpg,2019.11.18,2019,11,18,2019-11-18,YYYY.MM.DD,,2026-09-09T15:15:08
15,서현,002032,002032.jpg,2022.03.22,2022,03,22,2022-03-22,YYYY.MM.DD,,2026-09-12T17:10:18
1,승아,002033,002033.jpg,2022.03.22,2022,03,22,2022-03-22,YYYY.MM.DD,,2026-09-09T15:15:12
2,서현,002034,002034.jpg,17.12.20,2017,12,20,2017-12-20,YY.MM.DD,,2026-09-09T13:34:30
15,서현,002035,002035.jpg,17.12.20,2017,12,20,2017-12-20,YY.MM.DD,,2026-09-12T17:10:22
1,승아,002036,002036.jpg,20.08.22,2020,08,22,2020-08-22,YY.MM.DD,,2026-09-09T15:17:04
9,서영,002037,002037.jpg,20.08.22,2020,08,22,2020-08-22,YY.MM.DD,,2026-09-09T14:46:40
15,서현,002038,002038.jpg,2020.11.26,2020,11,26,2020-11-26,YYYY.MM.DD,,2026-09-12T17:10:26
13,민섭,002039,002039.jpg,2021.12.03,2021,12,03,2021-12-03,YYYY.MM.DD,,2026-09-12T19:03:04
11,승아,002040,002040.jpg,2021.12.03,2021,12,03,2021-12-03,YYYY.MM.DD,,2026-09-10T13:38:12
1,승아,002041,002041.jpg,2020.08.27,2020,08,27,2020-08-27,YYYY.MM.DD,,2026-09-09T15:17:09
13,민섭,002042,002042.jpg,2020.08.27,2020,08,27,2020-08-27,YYYY.MM.DD,,2026-09-12T19:03:07
12,서영,002043,002043.jpg,2019.12.20,2019,12,20,2019-12-20,YYYY.MM.DD,,2026-09-12T17:32:54
14,서영,002044,002044.jpg,2019.12.20,2019,12,20,2019-12-20,YYYY.MM.DD,,2026-09-10T10:21:56
14,서영,002045,002045.jpg,2021.12.10,2021,12,10,2021-12-10,YYYY.MM.DD,,2026-09-10T10:21:58
11,승아,002046,002046.jpg,2021.12.10,2021,12,10,2021-12-10,YYYY.MM.DD,,2026-09-10T13:38:17
15,서현,002047,002047.jpg,31JUL21,2021,07,31,2021-07-31,DD MON YY,,2026-09-12T17:10:32
11,승아,002048,002048.jpg,31JUL21,2021,07,31,2021-07-31,DD MON YY,,2026-09-10T13:38:24
11,승아,002049,002049.jpg,2021.03.25,2021,03,25,2021-03-25,YYYY.MM.DD,,2026-09-10T13:38:29
12,서영,002050,002050.jpg,2021.03.25,2021,03,25,2021-03-25,YYYY.MM.DD,,2026-09-12T17:32:56
12,서영,002051,002051.jpg,04.14,NONE,04,14,NONE-04-14,MM.DD,,2026-09-12T17:32:59
6,승아,002052,002052.jpg,04.14,NONE,04,14,NONE-04-14,MM.DD,,2026-09-09T15:45:49
12,서영,002053,002053.jpg,2020.08.11,2020,08,11,2020-08-11,YYYY.MM.DD,,2026-09-12T17:33:02
14,서영,002054,002054.jpg,12 2021,2021,12,NONE,2021-12-NONE,MM.YYYY,,2026-09-10T10:22:02
13,민섭,002055,002055.jpg,12 2021,2021,12,NONE,2021-12-NONE,MM.YYYY,,2026-09-12T19:03:10
14,서영,002056,002056.jpg,2021.12.17,2021,12,17,2021-12-17,YYYY.MM.DD,,2026-09-10T10:22:06
1,승아,002057,002057.jpg,2021.12.17,2021,12,17,2021-12-17,YYYY.MM.DD,,2026-09-09T15:17:13
13,민섭,002058,002058.jpg,2022.06.22,2022,06,22,2022-06-22,YYYY.MM.DD,,2026-09-12T19:03:14
11,승아,002059,002059.jpg,2022.06.22,2022,06,22,2022-06-22,YYYY.MM.DD,,2026-09-10T13:39:06
15,서현,002060,002060.jpg,04.17,NONE,04,17,NONE-04-17,MM.DD,,2026-09-12T17:10:36
15,서현,002061,002061.jpg,04.17,NONE,04,17,NONE-04-17,MM.DD,,2026-09-12T17:10:38
14,서영,002062,002062.jpg,02/2023,2023,02,NONE,2023-02-NONE,MM.YYYY,,2026-09-10T10:22:10
13,민섭,002063,002063.jpg,02/2023,2023,02,NONE,2023-02-NONE,MM.YYYY,,2026-09-12T19:03:19
11,승아,002064,002064.jpg,2021.09.03,2021,09,03,2021-09-03,YYYY.MM.DD,,2026-09-10T13:39:09
11,승아,002065,002065.jpg,2021.09.03,2021,09,03,2021-09-03,YYYY.MM.DD,,2026-09-10T13:39:13
15,서현,002066,002066.jpg,2020.04.30 2,2020,04,30,2020-04-30,YYYY.MM.DD,2,2026-09-12T17:10:43
11,승아,002067,002067.jpg,2020.04.30 2,2020,04,30,2020-04-30,YYYY.MM.DD,2,2026-09-10T13:39:19
11,승아,002068,002068.jpg,09 11 22 d,2022,11,09,2022-11-09,DD.MM.YY,d,2026-09-10T13:39:34
12,서영,002069,002069.jpg,2022.12.11,2022,12,11,2022-12-11,YYYY.MM.DD,,2026-09-12T17:33:05
11,승아,002070,002070.jpg,2022.03.24,2022,03,24,2022-03-24,YYYY.MM.DD,,2026-09-10T13:39:40
13,민섭,002071,002071.jpg,2022.03.24,2022,03,24,2022-03-24,YYYY.MM.DD,,2026-09-12T19:03:24
15,서현,002072,002072.jpg,24/12/21,2024,12,21,2024-12-21,YY.MM.DD,,2026-09-12T17:10:47
15,서현,002073,002073.jpg,24/12/21,2024,12,21,2024-12-21,YY.MM.DD,,2026-09-12T17:10:50
14,서영,002074,002074.jpg,2020.05.28,2020,05,28,2020-05-28,YYYY.MM.DD,,2026-09-10T10:22:13
6,승아,002075,002075.jpg,2020.05.28,2020,05,28,2020-05-28,YYYY.MM.DD,,2026-09-09T15:45:57
6,승아,002076,002076.jpg,2022.03.04,2022,03,04,2022-03-04,YYYY.MM.DD,,2026-09-09T15:46:06
12,서영,002077,002077.jpg,2020.10.21,2020,10,21,2020-10-21,YYYY.MM.DD,,2026-09-12T17:33:08
14,서영,002078,002078.jpg,2020.10.21,2020,10,21,2020-10-21,YYYY.MM.DD,,2026-09-10T10:22:16
10,병철,002079,002079.jpg,2021.01.03,2021,01,03,2021-01-03,YYYY.MM.DD,,2026-09-10T02:02:11
8,민섭,002080,002080.jpg,2021.01.03,2021,01,03,2021-01-03,YYYY.MM.DD,,2026-09-12T16:23:02
2,서현,002081,002081.jpg,19.09.16 2,2019,09,16,2019-09-16,YY.MM.DD,2,2026-09-09T13:34:37
12,서영,002082,002082.jpg,2019/07/09,2019,07,09,2019-07-09,YYYY.MM.DD,,2026-09-12T17:33:15
15,서현,002083,002083.jpg,06/11/2020 2,2020,11,06,2020-11-06,DD.MM.YYYY,2,2026-09-12T17:10:58
6,승아,002084,002084.jpg,06/11/2020,2020,11,06,2020-11-06,DD.MM.YYYY,,2026-09-09T15:46:48
11,승아,002085,002085.jpg,2021.11.22,2021,11,22,2021-11-22,YYYY.MM.DD,,2026-09-10T13:39:45
14,서영,002086,002086.jpg,2021.11.22,2021,11,22,2021-11-22,YYYY.MM.DD,,2026-09-10T10:22:19
5,병철,002087,002087.jpg,2021.09.03,2021,09,03,2021-09-03,YYYY.MM.DD,,2026-09-10T01:34:38
14,서영,002088,002088.jpg,2021.09.03,2021,09,03,2021-09-03,YYYY.MM.DD,,2026-09-10T10:22:21
5,병철,002089,002089.jpg,2021.11.09,2021,11,09,2021-11-09,YYYY.MM.DD,,2026-09-10T01:34:42
12,서영,002090,002090.jpg,2021.11.09,2021,11,09,2021-11-09,YYYY.MM.DD,,2026-09-12T17:33:19
14,서영,002091,002091.jpg,2021.09.21,2021,09,21,2021-09-21,YYYY.MM.DD,,2026-09-10T10:22:24
13,민섭,002092,002092.jpg,2021.09.21,2021,09,21,2021-09-21,YYYY.MM.DD,,2026-09-12T19:03:28
12,서영,002093,002093.jpg,2021.11.17,2021,11,17,2021-11-17,YYYY.MM.DD,,2026-09-12T17:33:22
13,민섭,002094,002094.jpg,2021.04.28,2021,04,28,2021-04-28,YYYY.MM.DD,,2026-09-12T19:03:32
11,승아,002095,002095.jpg,2021.04.28,2021,04,28,2021-04-28,YYYY.MM.DD,,2026-09-10T13:39:48
14,서영,002096,002096.jpg,2022.06.16,2022,06,16,2022-06-16,YYYY.MM.DD,,2026-09-10T10:22:28
15,서현,002097,002097.jpg,2022.06.16,2022,06,16,2022-06-16,YYYY.MM.DD,,2026-09-12T17:12:18
12,서영,002098,002098.jpg,2021.05.25,2021,05,25,2021-05-25,YYYY.MM.DD,,2026-09-12T17:33:25
11,승아,002099,002099.jpg,2021.05.25,2021,05,25,2021-05-25,YYYY.MM.DD,,2026-09-10T13:39:51
5,병철,002100,002100.jpg,2021.09.17,2021,09,17,2021-09-17,YYYY.MM.DD,,2026-09-10T01:34:46
9,서영,002101,002101.jpg,2021.09.17,2021,09,17,2021-09-17,YYYY.MM.DD,,2026-09-09T14:46:43
12,서영,002102,002102.jpg,2021.12.25,2021,12,25,2021-12-25,YYYY.MM.DD,,2026-09-12T17:33:28
12,서영,002103,002103.jpg,2021.12.25,2021,12,25,2021-12-25,YYYY.MM.DD,,2026-09-12T17:33:31
5,병철,002104,002104.jpg,2021.01.28,2021,01,28,2021-01-28,YYYY.MM.DD,,2026-09-10T01:34:49
1,승아,002105,002105.jpg,2021.01.28,2021,01,28,2021-01-28,YYYY.MM.DD,,2026-09-09T15:17:18
14,서영,002106,002106.jpg,2022.01.03,2022,01,03,2022-01-03,YYYY.MM.DD,,2026-09-10T10:22:32
5,병철,002107,002107.jpg,01 09 2020,2020,09,01,2020-09-01,DD.MM.YYYY,,2026-09-10T01:34:54
9,서영,002108,002108.jpg,01 09 2020,2020,09,01,2020-09-01,DD.MM.YYYY,,2026-09-09T14:46:47
2,서현,002109,002109.jpg,2022.02.24,2022,02,24,2022-02-24,YYYY.MM.DD,,2026-09-09T13:34:41
2,서현,002110,002110.jpg,2022.02.24,2022,02,24,2022-02-24,YYYY.MM.DD,,2026-09-09T13:35:02
11,승아,002111,002111.jpg,2022.08 25,2022,08,25,2022-08-25,YYYY.MM.DD,,2026-09-10T13:39:57
13,민섭,002112,002112.jpg,2022.08 25,2022,08,25,2022-08-25,YYYY.MM.DD,,2026-09-12T19:03:35
12,서영,002113,002113.jpg,2022/03/12,2022,03,12,2022-03-12,YYYY.MM.DD,,2026-09-12T17:33:35
15,서현,002114,002114.jpg,2020.12.01,2020,12,01,2020-12-01,YYYY.MM.DD,,2026-09-12T17:12:21
13,민섭,002115,002115.jpg,2020.12.01,2020,12,01,2020-12-01,YYYY.MM.DD,,2026-09-12T19:03:41
13,민섭,002116,002116.jpg,2020.07.05,2020,07,05,2020-07-05,YYYY.MM.DD,,2026-09-12T19:03:44
12,서영,002117,002117.jpg,2020.07.05,2020,07,05,2020-07-05,YYYY.MM.DD,,2026-09-12T17:34:17
13,민섭,002118,002118.jpg,2021.01.03,2021,01,03,2021-01-03,YYYY.MM.DD,,2026-09-12T19:03:46
15,서현,002119,002119.jpg,2021.01.03,2021,01,03,2021-01-03,YYYY.MM.DD,,2026-09-12T17:12:23
14,서영,002120,002120.jpg,2020.07.20,2020,07,20,2020-07-20,YYYY.MM.DD,,2026-09-10T10:22:34
9,서영,002121,002121.jpg,2020.07.20,2020,07,20,2020-07-20,YYYY.MM.DD,,2026-09-09T14:46:51
11,승아,002122,002122.jpg,21.10.09,2021,10,09,2021-10-09,YY.MM.DD,,2026-09-10T13:40:07
11,승아,002123,002123.jpg,2020 11 02,2020,11,02,2020-11-02,YYYY.MM.DD,,2026-09-10T18:45:17
11,승아,002124,002124.jpg,2020 11 02,2020,11,02,2020-11-02,YYYY.MM.DD,,2026-09-10T18:45:21
12,서영,002125,002125.jpg,21/APR/21,2021,04,21,2021-04-21,DD MON YY,,2026-09-12T17:34:20
11,승아,002126,002126.jpg,21/APR/21,2021,04,21,2021-04-21,DD MON YY,,2026-09-12T14:01:36
12,서영,002127,002127.jpg,2021.11.04,2021,11,04,2021-11-04,YYYY.MM.DD,,2026-09-12T17:34:23
13,민섭,002128,002128.jpg,2021.08.12,2021,08,12,2021-08-12,YYYY.MM.DD,,2026-09-12T19:03:50
14,서영,002129,002129.jpg,2021.08.12,2021,08,12,2021-08-12,YYYY.MM.DD,,2026-09-10T10:22:37
12,서영,002130,002130.jpg,2021.11.01,2021,11,01,2021-11-01,YYYY.MM.DD,,2026-09-12T17:34:26
14,서영,002131,002131.jpg,2021.11.01,2021,11,01,2021-11-01,YYYY.MM.DD,,2026-09-10T10:22:39
14,서영,002132,002132.jpg,04/10/21,2021,10,04,2021-10-04,DD.MM.YY,,2026-09-10T10:22:43
9,서영,002133,002133.jpg,04/10/21 d,2021,10,04,2021-10-04,DD.MM.YY,d,2026-09-09T14:47:48
11,승아,002134,002134.jpg,2022.11.02,2022,11,02,2022-11-02,YYYY.MM.DD,,2026-09-12T14:01:45
14,서영,002135,002135.jpg,2022.11.02,2022,11,02,2022-11-02,YYYY.MM.DD,,2026-09-10T10:22:47
11,승아,002136,002136.jpg,2021.10.11,2021,10,11,2021-10-11,YYYY.MM.DD,,2026-09-12T14:01:49
15,서현,002137,002137.jpg,2021.10.11,2021,10,11,2021-10-11,YYYY.MM.DD,,2026-09-12T17:12:25
7,서현,002138,002138.jpg,2021.06.29,2021,06,29,2021-06-29,YYYY.MM.DD,,2026-09-12T17:48:08
13,민섭,002139,002139.jpg,2021.06.29,2021,06,29,2021-06-29,YYYY.MM.DD,,2026-09-12T19:03:53
11,승아,002140,002140.jpg,2021.05.05,2021,05,05,2021-05-05,YYYY.MM.DD,,2026-09-12T14:01:53
13,민섭,002141,002141.jpg,2021.04.11,2021,04,11,2021-04-11,YYYY.MM.DD,,2026-09-12T19:03:56
10,병철,002142,002142.jpg,2021.04.11,2021,04,11,2021-04-11,YYYY.MM.DD,,2026-09-10T02:02:14
3,민섭,002143,002143.jpg,2021.02.08,2021,02,08,2021-02-08,YYYY.MM.DD,,2026-09-09T20:27:28
7,서현,002144,002144.jpg,2021.07.13,2021,07,13,2021-07-13,YYYY.MM.DD,,2026-09-12T17:48:14
13,민섭,002145,002145.jpg,2021.07.13,2021,07,13,2021-07-13,YYYY.MM.DD,,2026-09-12T19:03:59
6,승아,002146,002146.jpg,2022.07.26,2022,07,26,2022-07-26,YYYY.MM.DD,,2026-09-09T15:47:01
7,서현,002147,002147.jpg,2022.07.26,2022,07,26,2022-07-26,YYYY.MM.DD,,2026-09-12T17:48:34
12,서영,002148,002148.jpg,2022.01.03,2022,01,03,2022-01-03,YYYY.MM.DD,,2026-09-12T17:34:29
13,민섭,002149,002149.jpg,2021.03.31,2021,03,31,2021-03-31,YYYY.MM.DD,,2026-09-12T19:04:02
7,서현,002150,002150.jpg,2021.03.31,2021,03,31,2021-03-31,YYYY.MM.DD,,2026-09-12T17:48:45
1,승아,002151,002151.jpg,2022.11.09,2022,11,09,2022-11-09,YYYY.MM.DD,,2026-09-09T15:17:22
14,서영,002152,002152.jpg,19.07.11 2,2019,07,11,2019-07-11,YY.MM.DD,2,2026-09-10T10:23:13
12,서영,002153,002153.jpg,19.07.11 2,2019,07,11,2019-07-11,YY.MM.DD,2,2026-09-12T17:34:32
13,민섭,002154,002154.jpg,21.05.21,2021,05,21,2021-05-21,YY.MM.DD,,2026-09-12T19:04:06
10,병철,002155,002155.jpg,21.05.21,2021,05,21,2021-05-21,YY.MM.DD,,2026-09-10T02:02:17
15,서현,002156,002156.jpg,DEC.25.2021,2021,12,25,2021-12-25,MON DD YYYY,,2026-09-12T17:12:32
12,서영,002157,002157.jpg,DEC.25.2021,2021,12,25,2021-12-25,MON DD YYYY,,2026-09-12T17:34:37
12,서영,002158,002158.jpg,04.13,NONE,04,13,NONE-04-13,MM.DD,,2026-09-12T17:34:40
15,서현,002159,002159.jpg,04.13,NONE,04,13,NONE-04-13,MM.DD,,2026-09-12T17:12:34
12,서영,002160,002160.jpg,2021 04 08,2021,04,08,2021-04-08,YYYY.MM.DD,,2026-09-12T17:34:44
12,서영,002161,002161.jpg,2021 04 08,2021,04,08,2021-04-08,YYYY.MM.DD,,2026-09-12T17:34:46
12,서현,002162,002162.jpg,06/18/23,2023,06,18,2023-06-18,MM.DD.YY,,2026-09-12T17:58:28
15,서현,002163,002163.jpg,2023.06.18 ?,2023,06,18,2023-06-18,YYYY.MM.DD,?,2026-09-12T17:16:29
11,승아,002164,002164.jpg,21.01.29 2,2021,01,29,2021-01-29,YY.MM.DD,2,2026-09-12T14:01:59
11,승아,002165,002165.jpg,21.01.29 2,2021,01,29,2021-01-29,YY.MM.DD,2,2026-09-12T14:02:05
13,민섭,002166,002166.jpg,2021.04.12,2021,04,12,2021-04-12,YYYY.MM.DD,,2026-09-12T19:04:10
9,서영,002167,002167.jpg,2021.05.28,2021,05,28,2021-05-28,YYYY.MM.DD,,2026-09-09T18:17:11
15,서현,002168,002168.jpg,2021.05.28,2021,05,28,2021-05-28,YYYY.MM.DD,,2026-09-12T17:16:35
13,민섭,002169,002169.jpg,2020.01.15,2020,01,15,2020-01-15,YYYY.MM.DD,,2026-09-12T19:04:13
15,서현,002170,002170.jpg,2020.01.15,2020,01,15,2020-01-15,YYYY.MM.DD,,2026-09-12T17:16:40
15,서현,002171,002171.jpg,20.06.24,2020,06,24,2020-06-24,YY.MM.DD,,2026-09-12T17:17:36
3,민섭,002172,002172.jpg,20.06.24,2020,06,24,2020-06-24,YY.MM.DD,,2026-09-09T20:27:38
14,서영,002173,002173.jpg,07.01,NONE,07,01,NONE-07-01,MM.DD,,2026-09-10T10:23:16
14,서영,002174,002174.jpg,2021.09.05,2021,09,05,2021-09-05,YYYY.MM.DD,,2026-09-10T10:23:19
11,승아,002175,002175.jpg,2021.09.05,2021,09,05,2021-09-05,YYYY.MM.DD,,2026-09-12T14:02:10
14,서영,002176,002176.jpg,21.02.11,2021,02,11,2021-02-11,YY.MM.DD,,2026-09-10T10:23:22
1,승아,002177,002177.jpg,21.02.11,2021,02,11,2021-02-11,YY.MM.DD,,2026-09-09T15:17:29
11,승아,002178,002178.jpg,2022.05.19,2022,05,19,2022-05-19,YYYY.MM.DD,,2026-09-12T14:02:14
14,서영,002179,002179.jpg,2022.01.19,2022,01,19,2022-01-19,YYYY.MM.DD,,2026-09-10T10:23:25
15,서현,002180,002180.jpg,2022.01.19,2022,01,19,2022-01-19,YYYY.MM.DD,,2026-09-12T17:17:40
14,서영,002181,002181.jpg,2018.12.04,2018,12,04,2018-12-04,YYYY.MM.DD,,2026-09-10T10:23:29
1,승아,002182,002182.jpg,2019.02.20,2019,02,20,2019-02-20,YYYY.MM.DD,,2026-09-09T15:17:49
10,병철,002183,002183.jpg,2019.02.20,2019,02,20,2019-02-20,YYYY.MM.DD,,2026-09-10T02:02:19
15,서현,002184,002184.jpg,2020.09.25,2020,09,25,2020-09-25,YYYY.MM.DD,,2026-09-12T17:17:44
15,서현,002185,002185.jpg,2020.09.25,2020,09,25,2020-09-25,YYYY.MM.DD,,2026-09-12T17:17:48
15,서현,002186,002186.jpg,2020.06.10,2020,06,10,2020-06-10,YYYY.MM.DD,,2026-09-12T17:17:54
11,승아,002187,002187.jpg,2020.06.10,2020,06,10,2020-06-10,YYYY.MM.DD,,2026-09-12T14:02:18
12,서현,002188,002188.jpg,2020.08.07,2020,08,07,2020-08-07,YYYY.MM.DD,,2026-09-12T17:58:32
12,서현,002189,002189.jpg,FEB/04/2022,2022,02,04,2022-02-04,MON DD YYYY,,2026-09-12T17:58:38
14,서영,002190,002190.jpg,FEB/04/2022 b,2022,02,04,2022-02-04,MON DD YYYY,b,2026-09-10T10:23:38
15,서현,002191,002191.jpg,2020.10.20,2020,10,20,2020-10-20,YYYY.MM.DD,,2026-09-12T17:17:57
11,승아,002192,002192.jpg,2020.10.20,2020,10,20,2020-10-20,YYYY.MM.DD,,2026-09-12T14:02:21
14,서영,002193,002193.jpg,2020.06.10,2020,06,10,2020-06-10,YYYY.MM.DD,,2026-09-10T10:23:41
15,서현,002194,002194.jpg,2020.06.10,2020,06,10,2020-06-10,YYYY.MM.DD,,2026-09-12T17:18:01
13,민섭,002195,002195.jpg,2021.10.28,2021,10,28,2021-10-28,YYYY.MM.DD,,2026-09-12T19:04:21
13,민섭,002196,002196.jpg,2021.10.28,2021,10,28,2021-10-28,YYYY.MM.DD,,2026-09-12T19:04:25
12,서현,002197,002197.jpg,2021.01.13,2021,01,13,2021-01-13,YYYY.MM.DD,,2026-09-12T17:58:44
15,서현,002198,002198.jpg,2021.01.13,2021,01,13,2021-01-13,YYYY.MM.DD,,2026-09-12T17:18:04
12,서현,002199,002199.jpg,2021.08.05,2021,08,05,2021-08-05,YYYY.MM.DD,,2026-09-12T17:58:48
2,서현,002200,002200.jpg,2021.08.05,2021,08,05,2021-08-05,YYYY.MM.DD,,2026-09-09T13:35:18
11,승아,002201,002201.jpg,20.10.08,2020,10,08,2020-10-08,YY.MM.DD,,2026-09-12T14:02:26
11,승아,002202,002202.jpg,20.10.08,2020,10,08,2020-10-08,YY.MM.DD,,2026-09-12T14:02:30
12,서현,002203,002203.jpg,2021.01.08 2,2021,01,08,2021-01-08,YYYY.MM.DD,2,2026-09-12T17:58:54
5,병철,002204,002204.jpg,2021.01.08  2,2021,01,08,2021-01-08,YYYY.MM.DD,2,2026-09-10T01:34:58
13,민섭,002205,002205.jpg,21.03.05,2021,03,05,2021-03-05,YY.MM.DD,,2026-09-12T19:04:29
2,서현,002206,002206.jpg,21.03.05,2021,03,05,2021-03-05,YY.MM.DD,,2026-09-09T13:35:22
14,서영,002207,002207.jpg,2020.06.11,2020,06,11,2020-06-11,YYYY.MM.DD,,2026-09-10T10:23:44
12,서현,002208,002208.jpg,2022.05.31,2022,05,31,2022-05-31,YYYY.MM.DD,,2026-09-12T17:58:58
9,서영,002209,002209.jpg,2022.05.31,2022,05,31,2022-05-31,YYYY.MM.DD,,2026-09-09T18:17:15
12,서현,002210,002210.jpg,20.09.22 2,2020,09,22,2020-09-22,YY.MM.DD,2,2026-09-12T17:59:08
3,민섭,002211,002211.jpg,20.09.22,2020,09,22,2020-09-22,YY.MM.DD,,2026-09-09T20:27:49
13,민섭,002212,002212.jpg,2020.10.30,2020,10,30,2020-10-30,YYYY.MM.DD,,2026-09-12T19:04:32
14,서영,002213,002213.jpg,2020.10.30,2020,10,30,2020-10-30,YYYY.MM.DD,,2026-09-10T10:23:47
12,서현,002214,002214.jpg,20.10.16,2020,10,16,2020-10-16,YY.MM.DD,,2026-09-12T17:59:10
11,승아,002215,002215.jpg,20.10.06,2020,10,06,2020-10-06,YY.MM.DD,,2026-09-12T14:02:35
15,서현,002216,002216.jpg,JUN 2023,2023,06,NONE,2023-06-NONE,MON YYYY,,2026-09-12T17:18:09
13,민섭,002217,002217.jpg,MAY 2023,2023,05,NONE,2023-05-NONE,MON YYYY,,2026-09-12T19:04:35
14,서영,002218,002218.jpg,MAY 2023,2023,05,NONE,2023-05-NONE,MON YYYY,,2026-09-10T10:23:50
12,서현,002219,002219.jpg,2022.02.01,2022,02,01,2022-02-01,YYYY.MM.DD,,2026-09-12T17:59:12
13,민섭,002220,002220.jpg,SEP.30.2019,2019,09,30,2019-09-30,MON DD YYYY,,2026-09-12T19:05:02
12,서현,002221,002221.jpg,2022.06.03,2022,06,03,2022-06-03,YYYY.MM.DD,,2026-09-12T17:59:15
11,승아,002222,002222.jpg,2021.02.07,2021,02,07,2021-02-07,YYYY.MM.DD,,2026-09-12T14:02:40
11,승아,002223,002223.jpg,2021.02.07,2021,02,07,2021-02-07,YYYY.MM.DD,,2026-09-12T14:02:43
9,서영,002224,002224.jpg,2022.09.14,2022,09,14,2022-09-14,YYYY.MM.DD,,2026-09-09T18:17:25
11,승아,002225,002225.jpg,2022.09.14,2022,09,14,2022-09-14,YYYY.MM.DD,,2026-09-12T14:02:47
8,민섭,002226,002226.jpg,2023.03.03,2023,03,03,2023-03-03,YYYY.MM.DD,,2026-09-12T16:23:09
14,서영,002227,002227.jpg,2023.03.03,2023,03,03,2023-03-03,YYYY.MM.DD,,2026-09-10T10:23:54
12,서현,002228,002228.jpg,28/03/23,2023,03,28,2023-03-28,DD.MM.YY,,2026-09-12T17:59:21
10,병철,002229,002229.jpg,28/03/23,2023,03,28,2023-03-28,DD.MM.YY,,2026-09-10T02:02:25
12,서현,002230,002230.jpg,2022.07.21,2022,07,21,2022-07-21,YYYY.MM.DD,,2026-09-12T17:59:24
9,서영,002231,002231.jpg,2022.07.21,2022,07,21,2022-07-21,YYYY.MM.DD,,2026-09-09T18:17:28
12,서현,002232,002232.jpg,2022.12.20,2022,12,20,2022-12-20,YYYY.MM.DD,,2026-09-12T17:59:26
14,서영,002233,002233.jpg,2023 01 21,2023,01,21,2023-01-21,YYYY.MM.DD,,2026-09-10T10:23:58
15,서현,002234,002234.jpg,2023 01 21,2023,01,21,2023-01-21,YYYY.MM.DD,,2026-09-12T17:18:12
13,민섭,002235,002235.jpg,2022.02.22,2022,02,22,2022-02-22,YYYY.MM.DD,,2026-09-12T19:05:07
13,민섭,002236,002236.jpg,2021.06.08,2021,06,08,2021-06-08,YYYY.MM.DD,,2026-09-12T19:05:10
14,서영,002237,002237.jpg,2021.06.08,2021,06,08,2021-06-08,YYYY.MM.DD,,2026-09-10T10:24:01
12,서현,002238,002238.jpg,2022/06/30,2022,06,30,2022-06-30,YYYY.MM.DD,,2026-09-12T17:59:31
4,서영,002239,002239.jpg,2022/06/30,2022,06,30,2022-06-30,YYYY.MM.DD,,2026-09-09T14:07:59
11,승아,002240,002240.jpg,2021 MAY 26,2021,05,26,2021-05-26,YYYY MON DD,,2026-09-12T14:02:54
13,민섭,002241,002241.jpg,2021 MAY 26,2021,05,26,2021-05-26,YYYY MON DD,,2026-09-12T19:05:15
8,민섭,002242,002242.jpg,2022.03.13,2022,03,13,2022-03-13,YYYY.MM.DD,,2026-09-12T16:23:11
2,서현,002243,002243.jpg,2022.03.13,2022,03,13,2022-03-13,YYYY.MM.DD,,2026-09-09T13:35:28
13,민섭,002244,002244.jpg,21/05/21 2,2021,05,21,2021-05-21,DD.MM.YY,2,2026-09-12T19:07:06
9,서영,002245,002245.jpg,21/05/21 2,2021,05,21,2021-05-21,YY.MM.DD,2,2026-09-09T18:17:33
8,민섭,002246,002246.jpg,2021.07.22,2021,07,22,2021-07-22,YYYY.MM.DD,,2026-09-12T16:23:14
12,서현,002247,002247.jpg,2021.09.07,2021,09,07,2021-09-07,YYYY.MM.DD,,2026-09-12T17:59:36
7,서현,002248,002248.jpg,2021.09.07,2021,09,07,2021-09-07,YYYY.MM.DD,,2026-09-12T17:48:50
11,승아,002249,002249.jpg,2021.10.20,2021,10,20,2021-10-20,YYYY.MM.DD,,2026-09-12T14:03:00
12,서현,002250,002250.jpg,09MAY2021,2021,05,09,2021-05-09,DD MON YYYY,,2026-09-12T17:59:42
10,병철,002251,002251.jpg,09may2021,2021,05,09,2021-05-09,DD MON YYYY,,2026-09-10T02:02:31
11,승아,002252,002252.jpg,2022.01.04,2022,01,04,2022-01-04,YYYY.MM.DD,,2026-09-12T14:03:03
13,민섭,002253,002253.jpg,2022.01.04,2022,01,04,2022-01-04,YYYY.MM.DD,,2026-09-12T19:08:58
12,서현,002254,002254.jpg,2021.10.26 2,2021,10,26,2021-10-26,YYYY.MM.DD,2,2026-09-12T17:59:46
15,서현,002255,002255.jpg,2021.10.26 2,2021,10,26,2021-10-26,YYYY.MM.DD,2,2026-09-12T17:18:19
13,민섭,002256,002256.jpg,2021.04.30,2021,04,30,2021-04-30,YYYY.MM.DD,,2026-09-12T19:09:02
12,서현,002257,002257.jpg,2021.04.30,2021,04,30,2021-04-30,YYYY.MM.DD,,2026-09-12T17:59:49
1,승아,002258,002258.jpg,2022.01.24,2022,01,24,2022-01-24,YYYY.MM.DD,,2026-09-09T15:18:04
11,승아,002259,002259.jpg,2022.12.15,2022,12,15,2022-12-15,YYYY.MM.DD,,2026-09-12T14:03:07
5,병철,002260,002260.jpg,2022.12.15,2022,12,15,2022-12-15,YYYY.MM.DD,,2026-09-10T01:35:01
11,승아,002261,002261.jpg,2022.01.11,2022,01,11,2022-01-11,YYYY.MM.DD,,2026-09-12T14:03:10
3,민섭,002262,002262.jpg,2022.01.11,2022,01,11,2022-01-11,YYYY.MM.DD,,2026-09-09T20:27:54
15,서현,002263,002263.jpg,2021.12.01,2021,12,01,2021-12-01,YYYY.MM.DD,,2026-09-12T17:18:23
5,병철,002264,002264.jpg,2021. 12. 01,2021,12,01,2021-12-01,YYYY.MM.DD,,2026-09-10T01:35:05
15,서현,002265,002265.jpg,03.05,NONE,03,05,NONE-03-05,MM.DD,,2026-09-12T17:18:28
12,서현,002266,002266.jpg,03.05,NONE,03,05,NONE-03-05,MM.DD,,2026-09-12T17:59:52
12,서현,002267,002267.jpg,SEP 2022,2022,09,NONE,2022-09-NONE,MON YYYY,,2026-09-12T17:59:59
12,서현,002268,002268.jpg,SEP 2022,2022,09,NONE,2022-09-NONE,MON YYYY,,2026-09-12T18:00:02
15,서현,002269,002269.jpg,16/03/21,2021,03,16,2021-03-16,DD.MM.YY,,2026-09-12T17:18:33
15,서현,002270,002270.jpg,16/03/21,2021,03,16,2021-03-16,DD.MM.YY,,2026-09-12T17:18:36
11,승아,002271,002271.jpg,2021.08.02,2021,08,02,2021-08-02,YYYY.MM.DD,,2026-09-12T14:03:17
13,민섭,002272,002272.jpg,2021.08.02,2021,08,02,2021-08-02,YYYY.MM.DD,,2026-09-12T19:09:06
14,서영,002273,002273.jpg,2021.08.09,2021,08,09,2021-08-09,YYYY.MM.DD,,2026-09-10T10:24:04
15,서현,002274,002274.jpg,2021.08.09,2021,08,09,2021-08-09,YYYY.MM.DD,,2026-09-12T17:18:47
12,서현,002275,002275.jpg,2023.12.22 2,2023,12,22,2023-12-22,YYYY.MM.DD,2,2026-09-12T18:00:05
10,병철,002276,002276.jpg,2023.12.22  2,2023,12,22,2023-12-22,YYYY.MM.DD,2,2026-09-10T02:02:42
13,민섭,002277,002277.jpg,JUL 2023,2023,07,NONE,2023-07-NONE,MON YYYY,,2026-09-12T19:09:11
15,서현,002278,002278.jpg,JUL 2023,2023,07,NONE,2023-07-NONE,MON YYYY,,2026-09-12T17:20:00
1,승아,002279,002279.jpg,2021.01.03,2021,01,03,2021-01-03,YYYY.MM.DD,,2026-09-09T15:18:09
5,병철,002280,002280.jpg,2021.01.03,2021,01,03,2021-01-03,YYYY.MM.DD,,2026-09-10T01:35:07
4,서영,002281,002281.jpg,07.2022,2022,07,NONE,2022-07-NONE,MM.YYYY,,2026-09-09T14:08:03
2,서현,002282,002282.jpg,07.2022,2022,07,NONE,2022-07-NONE,MM.YYYY,,2026-09-09T13:35:34
14,서영,002283,002283.jpg,2022.01.20 2,2022,01,20,2022-01-20,YYYY.MM.DD,2,2026-09-10T10:24:07
4,서영,002284,002284.jpg,22.01.06 2,2022,01,06,2022-01-06,YY.MM.DD,2,2026-09-09T14:08:15
15,서현,002285,002285.jpg,22.01.06,2022,01,06,2022-01-06,YY.MM.DD,,2026-09-12T17:20:03
11,승아,002286,002286.jpg,21.12.31,2021,12,31,2021-12-31,YY.MM.DD,,2026-09-12T14:03:25
5,병철,002287,002287.jpg,21.12.31,2021,12,31,2021-12-31,YY.MM.DD,l,2026-09-10T01:35:10
11,승아,002288,002288.jpg,18.12.2024,2024,12,18,2024-12-18,DD.MM.YYYY,,2026-09-12T14:03:31
9,서영,002289,002289.jpg,18.12.2021,2021,12,18,2021-12-18,DD.MM.YYYY,,2026-09-09T18:17:38
13,민섭,002290,002290.jpg,2021.09.10,2021,09,10,2021-09-10,YYYY.MM.DD,,2026-09-12T19:09:16
11,승아,002291,002291.jpg,2021.09.10,2021,09,10,2021-09-10,YYYY.MM.DD,,2026-09-12T14:03:36
14,서영,002292,002292.jpg,2021.07.03,2021,07,03,2021-07-03,YYYY.MM.DD,,2026-09-10T10:24:10
6,승아,002293,002293.jpg,2021.07.03,2021,07,03,2021-07-03,YYYY.MM.DD,,2026-09-09T15:47:07
13,민섭,002294,002294.jpg,2022.09.22,2022,09,22,2022-09-22,YYYY.MM.DD,,2026-09-12T19:09:19
13,민섭,002295,002295.jpg,2022.09.22,2022,09,22,2022-09-22,YYYY.MM.DD,,2026-09-12T19:09:22
1,승아,002296,002296.jpg,2022.06.06,2022,06,06,2022-06-06,YYYY.MM.DD,,2026-09-09T15:18:13
10,병철,002297,002297.jpg,2022.06.06,2022,06,06,2022-06-06,YYYY.MM.DD,,2026-09-10T02:02:48
14,서영,002298,002298.jpg,2021.10.15,2021,10,15,2021-10-15,YYYY.MM.DD,,2026-09-10T10:24:13
12,서현,002299,002299.jpg,2021.10.15,2021,10,15,2021-10-15,YYYY.MM.DD,,2026-09-12T18:00:09
15,서현,002300,002300.jpg,2022.01.31,2022,01,31,2022-01-31,YYYY.MM.DD,,2026-09-12T17:20:07
2,서현,002301,002301.jpg,2022.01.31,2022,01,31,2022-01-31,YYYY.MM.DD,,2026-09-09T13:35:57
11,승아,002302,002302.jpg,2022.02.03,2022,02,03,2022-02-03,YYYY.MM.DD,,2026-09-12T14:03:42
7,서현,002303,002303.jpg,2022.02.03,2022,02,03,2022-02-03,YYYY.MM.DD,,2026-09-12T17:48:54
11,승아,002304,002304.jpg,2022.07.31,2022,07,31,2022-07-31,YYYY.MM.DD,,2026-09-12T14:03:47
15,서현,002305,002305.jpg,2022.07.31,2022,07,31,2022-07-31,YYYY.MM.DD,,2026-09-12T17:20:13
15,서현,002306,002306.jpg,21.11.23,2021,11,23,2021-11-23,YY.MM.DD,,2026-09-12T17:20:16
15,서현,002307,002307.jpg,15.11.2021,2021,11,15,2021-11-15,DD.MM.YYYY,,2026-09-12T17:20:21
12,서현,002308,002308.jpg,15.11.2021,2021,11,15,2021-11-15,DD.MM.YYYY,,2026-09-12T18:00:13
11,승아,002309,002309.jpg,03.13 2,NONE,03,13,NONE-03-13,MM.DD,2,2026-09-12T14:03:56
14,서영,002310,002310.jpg,03.13 2,NONE,03,13,NONE-03-13,MM.DD,2,2026-09-10T10:24:23
5,병철,002311,002311.jpg,2020.08.17,2020,08,17,2020-08-17,YYYY.MM.DD,,2026-09-10T01:35:13
10,병철,002312,002312.jpg,2020.08.17,2020,08,17,2020-08-17,YYYY.MM.DD,,2026-09-10T02:02:52
11,승아,002313,002313.jpg,17.10.2021 2,2021,10,17,2021-10-17,DD.MM.YYYY,2,2026-09-12T14:04:10
3,민섭,002314,002314.jpg,2021.10.17,2021,10,17,2021-10-17,YYYY.MM.DD,,2026-09-09T20:27:59
13,민섭,002315,002315.jpg,15.06.2022,2022,06,15,2022-06-15,DD.MM.YYYY,,2026-09-12T19:09:26
13,민섭,002316,002316.jpg,15.06.2022,2022,06,15,2022-06-15,DD.MM.YYYY,,2026-09-12T19:09:30
3,민섭,002317,002317.jpg,2020.12.03,2020,12,03,2020-12-03,YYYY.MM.DD,,2026-09-09T20:28:04
11,승아,002318,002318.jpg,2020.12.03,2020,12,03,2020-12-03,YYYY.MM.DD,,2026-09-12T14:04:18
14,서영,002319,002319.jpg,2020.10.29,2020,10,29,2020-10-29,YYYY.MM.DD,,2026-09-10T10:24:27
13,민섭,002320,002320.jpg,2020.10.29,2020,10,29,2020-10-29,YYYY.MM.DD,,2026-09-12T19:09:35
13,민섭,002321,002321.jpg,2022.11.04,2022,11,04,2022-11-04,YYYY.MM.DD,,2026-09-12T19:09:38
15,서현,002322,002322.jpg,04.15,NONE,04,15,NONE-04-15,MM.DD,,2026-09-12T17:20:24
13,민섭,002323,002323.jpg,04.15,NONE,04,15,NONE-04-15,MM.DD,,2026-09-12T19:09:40
13,민섭,002324,002324.jpg,2020.09.06,2020,09,06,2020-09-06,YYYY.MM.DD,,2026-09-12T19:09:45
15,서현,002325,002325.jpg,2020.09.06,2020,09,06,2020-09-06,YYYY.MM.DD,,2026-09-12T17:20:31
15,서현,002326,002326.jpg,2022.10.23,2022,10,23,2022-10-23,YYYY.MM.DD,,2026-09-12T17:20:35
11,승아,002327,002327.jpg,2022.10.23,2022,10,23,2022-10-23,YYYY.MM.DD,,2026-09-12T14:04:24
12,서현,002328,002328.jpg,2021.10.20 2,2021,10,20,2021-10-20,YYYY.MM.DD,2,2026-09-12T18:00:16
14,서영,002329,002329.jpg,2020.11.30,2020,11,30,2020-11-30,YYYY.MM.DD,,2026-09-10T10:24:30
12,서현,002330,002330.jpg,2020.11.30,2020,11,30,2020-11-30,YYYY.MM.DD,,2026-09-12T18:00:20
15,서현,002331,002331.jpg,2021.12.16,2021,12,16,2021-12-16,YYYY.MM.DD,,2026-09-12T17:20:39
5,병철,002332,002332.jpg,2021.12.16,2021,12,16,2021-12-16,YYYY.MM.DD,,2026-09-10T01:35:16
13,민섭,002333,002333.jpg,21.10.04,2021,10,04,2021-10-04,YY.MM.DD,,2026-09-12T19:09:48
2,서현,002334,002334.jpg,21.10.04,2021,10,04,2021-10-04,YY.MM.DD,,2026-09-09T13:36:00
14,서영,002335,002335.jpg,2021.11.19,2021,11,19,2021-11-19,YYYY.MM.DD,,2026-09-10T10:24:33
13,민섭,002336,002336.jpg,2021.11.19,2021,11,19,2021-11-19,YYYY.MM.DD,,2026-09-12T19:09:51
15,서현,002337,002337.jpg,2023.01.05,2023,01,05,2023-01-05,YYYY.MM.DD,,2026-09-12T17:20:43
13,민섭,002338,002338.jpg,2023.01.05,2023,01,05,2023-01-05,YYYY.MM.DD,,2026-09-12T19:09:54
2,서현,002339,002339.jpg,21.12.28,2021,12,28,2021-12-28,YY.MM.DD,,2026-09-09T13:36:04
13,민섭,002340,002340.jpg,21.12.28,2021,12,28,2021-12-28,YY.MM.DD,,2026-09-12T19:10:00
13,민섭,002341,002341.jpg,2021.12.15 2,2021,12,15,2021-12-15,YYYY.MM.DD,2,2026-09-12T19:10:08
15,서현,002342,002342.jpg,2021.12.15 2,2021,12,15,2021-12-15,YYYY.MM.DD,2,2026-09-12T17:20:46
11,승아,002343,002343.jpg,2022.04.09,2022,04,09,2022-04-09,YYYY.MM.DD,,2026-09-12T14:04:27
14,서영,002344,002344.jpg,2022.04.09,2022,04,09,2022-04-09,YYYY.MM.DD,,2026-09-10T10:24:36
13,민섭,002345,002345.jpg,02.12,NONE,02,12,NONE-02-12,MM.DD,,2026-09-12T19:10:11
14,서영,002346,002346.jpg,02.12,NONE,02,12,NONE-02-12,MM.DD,,2026-09-10T10:24:39
3,민섭,002347,002347.jpg,2021.10.04,2021,10,04,2021-10-04,YYYY.MM.DD,,2026-09-09T20:28:06
11,승아,002348,002348.jpg,2021.10.04,2021,10,04,2021-10-04,YYYY.MM.DD,,2026-09-12T14:04:31
4,서영,002349,002349.jpg,19.09.11 2,2019,09,11,2019-09-11,YY.MM.DD,2,2026-09-09T14:08:22
1,승아,002350,002350.jpg,19.09.11 2,2019,09,11,2019-09-11,YY.MM.DD,2,2026-09-09T15:18:26
8,민섭,002351,002351.jpg,2021.09.13,2021,09,13,2021-09-13,YYYY.MM.DD,,2026-09-12T16:23:17
13,민섭,002352,002352.jpg,2021.09.13,2021,09,13,2021-09-13,YYYY.MM.DD,,2026-09-12T19:10:15
12,서현,002353,002353.jpg,21.10.22,2021,10,22,2021-10-22,YY.MM.DD,,2026-09-12T18:00:22
13,민섭,002354,002354.jpg,21.10.22,2021,10,22,2021-10-22,YY.MM.DD,,2026-09-12T19:10:18
13,민섭,002355,002355.jpg,2021.02.12,2021,02,12,2021-02-12,YYYY.MM.DD,,2026-09-12T19:10:22
12,서현,002356,002356.jpg,2021.02.12,2021,02,12,2021-02-12,YYYY.MM.DD,,2026-09-12T18:00:25
12,서현,002357,002357.jpg,2021.10.10,2021,10,10,2021-10-10,YYYY.MM.DD,,2026-09-12T18:00:28
7,서현,002358,002358.jpg,2021.10.10,2021,10,10,2021-10-10,YYYY.MM.DD,,2026-09-12T17:48:56
13,민섭,002359,002359.jpg,2021.06.10,2021,06,10,2021-06-10,YYYY.MM.DD,,2026-09-12T19:10:26
15,서현,002360,002360.jpg,2021.06.10,2021,06,10,2021-06-10,YYYY.MM.DD,,2026-09-12T17:20:49
12,서현,002361,002361.jpg,2019.12.10,2019,12,10,2019-12-10,YYYY.MM.DD,,2026-09-12T18:00:32
13,민섭,002362,002362.jpg,NONE,NONE,NONE,NONE,NONE,none,,2026-09-12T19:10:58
15,서현,002363,002363.jpg,2021.08.04,2021,08,04,2021-08-04,YYYY.MM.DD,,2026-09-12T17:20:55
15,서현,002364,002364.jpg,2021.08.04,2021,08,04,2021-08-04,YYYY.MM.DD,,2026-09-12T17:20:59
11,승아,002365,002365.jpg,2021.12.22,2021,12,22,2021-12-22,YYYY.MM.DD,,2026-09-12T14:04:35
9,서영,002366,002366.jpg,01-10-2020,2020,10,01,2020-10-01,DD.MM.YYYY,,2026-09-09T18:19:03
15,서현,002367,002367.jpg,01-10-2020,2020,10,01,2020-10-01,DD.MM.YYYY,,2026-09-12T17:21:05
12,서현,002368,002368.jpg,2022.01.16,2022,01,16,2022-01-16,YYYY.MM.DD,,2026-09-12T18:00:36
15,서현,002369,002369.jpg,2022.01.16,2022,01,16,2022-01-16,YYYY.MM.DD,,2026-09-12T17:21:08
15,서현,002370,002370.jpg,2022.05.12,2022,05,12,2022-05-12,YYYY.MM.DD,,2026-09-12T17:21:12
11,승아,002371,002371.jpg,2022.11.12,2022,11,12,2022-11-12,YYYY.MM.DD,,2026-09-12T14:04:38
12,서현,002372,002372.jpg,2022.11.12,2022,11,12,2022-11-12,YYYY.MM.DD,,2026-09-12T18:00:41
14,서영,002373,002373.jpg,2021.12.27,2021,12,27,2021-12-27,YYYY.MM.DD,,2026-09-10T10:24:42
13,민섭,002374,002374.jpg,2021.12.27,2021,12,27,2021-12-27,YYYY.MM.DD,,2026-09-12T19:11:02
11,승아,002375,002375.jpg,2019.10.28,2019,10,28,2019-10-28,YYYY.MM.DD,,2026-09-12T14:04:43
11,승아,002376,002376.jpg,2019.10.28,2019,10,28,2019-10-28,YYYY.MM.DD,,2026-09-12T14:04:49
11,승아,002377,002377.jpg,2022.12.21,2022,12,21,2022-12-21,YYYY.MM.DD,,2026-09-12T14:04:52
9,서영,002378,002378.jpg,2022.12.21,2022,12,21,2022-12-21,YYYY.MM.DD,,2026-09-09T18:19:10
11,승아,002379,002379.jpg,2022.10.20,2022,10,20,2022-10-20,YYYY.MM.DD,,2026-09-12T14:04:56
6,승아,002380,002380.jpg,2022.10.20,2022,10,20,2022-10-20,YYYY.MM.DD,,2026-09-09T15:47:11
5,병철,002381,002381.jpg,2021.08.17,2021,08,17,2021-08-17,YYYY.MM.DD,,2026-09-10T01:35:20
7,서현,002382,002382.jpg,2021.08.17,2021,08,17,2021-08-17,YYYY.MM.DD,,2026-09-12T17:49:00
11,승아,002383,002383.jpg,2020.10.08,2020,10,08,2020-10-08,YYYY.MM.DD,,2026-09-12T14:05:01
12,서현,002384,002384.jpg,2020.10.08,2020,10,08,2020-10-08,YYYY.MM.DD,,2026-09-12T18:00:45
13,민섭,002385,002385.jpg,19.08.18 2,2019,08,18,2019-08-18,YY.MM.DD,2,2026-09-12T19:11:09
7,서현,002386,002386.jpg,19.08.18 2,2019,08,18,2019-08-18,YY.MM.DD,2,2026-09-12T17:49:04
14,서영,002387,002387.jpg,2021.01.14,2021,01,14,2021-01-14,YYYY.MM.DD,,2026-09-10T10:24:45
13,민섭,002388,002388.jpg,2021.01.14,2021,01,14,2021-01-14,YYYY.MM.DD,,2026-09-12T19:11:13
13,민섭,002389,002389.jpg,2021.08.04,2021,08,04,2021-08-04,YYYY.MM.DD,,2026-09-12T19:11:16
13,민섭,002390,002390.jpg,2021.03.18,2021,03,18,2021-03-18,YYYY.MM.DD,,2026-09-12T19:11:22
11,승아,002391,002391.jpg,2021.03.18,2021,03,18,2021-03-18,YYYY.MM.DD,,2026-09-12T14:05:30
15,서현,002392,002392.jpg,2021.07.21,2021,07,21,2021-07-21,YYYY.MM.DD,,2026-09-12T17:21:16
12,서현,002393,002393.jpg,01 JUL 2020,2020,07,01,2020-07-01,DD MON YYYY,,2026-09-12T18:00:50
12,서현,002394,002394.jpg,01 JUL 2020,2020,07,01,2020-07-01,DD MON YYYY,,2026-09-12T18:00:56
14,서영,002395,002395.jpg,2023/11/11,2023,11,11,2023-11-11,YYYY.MM.DD,,2026-09-10T10:24:48
12,서현,002396,002396.jpg,2022.01.25,2022,01,25,2022-01-25,YYYY.MM.DD,,2026-09-12T18:00:59
7,서현,002397,002397.jpg,2022.01.25,2022,01,25,2022-01-25,YYYY.MM.DD,,2026-09-12T17:49:07
14,서영,002398,002398.jpg,SEP 18 2021,2021,09,18,2021-09-18,MON DD YYYY,,2026-09-10T10:24:53
11,승아,002399,002399.jpg,SEP 18 2021,2021,09,18,2021-09-18,MON DD YYYY,,2026-09-12T14:05:36
12,서현,002400,002400.jpg,2023.01.05,2023,01,05,2023-01-05,YYYY.MM.DD,,2026-09-12T18:01:02
11,승아,002401,002401.jpg,2022/11/04,2022,11,04,2022-11-04,YYYY.MM.DD,,2026-09-12T14:05:51
6,승아,002402,002402.jpg,2022/11/04,2022,11,04,2022-11-04,YYYY.MM.DD,,2026-09-09T15:47:21
13,민섭,002403,002403.jpg,02OCT2022,2022,10,02,2022-10-02,DD MON YYYY,,2026-09-12T19:11:28
13,민섭,002404,002404.jpg,02OCT2022,2022,10,02,2022-10-02,DD MON YYYY,,2026-09-12T19:11:34
15,서현,002405,002405.jpg,2021.11.01,2021,11,01,2021-11-01,YYYY.MM.DD,,2026-09-12T17:21:20
9,서영,002406,002406.jpg,2021.11.01,2021,11,01,2021-11-01,YYYY.MM.DD,,2026-09-09T18:19:13
11,승아,002407,002407.jpg,2022.03.08,2022,03,08,2022-03-08,YYYY.MM.DD,,2026-09-12T14:05:56
13,민섭,002408,002408.jpg,29.10.2022 2,2022,10,29,2022-10-29,DD.MM.YYYY,2,2026-09-12T19:11:41
12,서현,002409,002409.jpg,29.10.2022 2,2022,10,29,2022-10-29,DD.MM.YYYY,2,2026-09-12T18:01:07
14,서영,002410,002410.jpg,04.2022,2022,04,NONE,2022-04-NONE,MM.YYYY,,2026-09-10T10:24:56
13,민섭,002411,002411.jpg,2023.01.12,2023,01,12,2023-01-12,YYYY.MM.DD,,2026-09-12T19:11:45
12,서현,002412,002412.jpg,2023.01.18,2023,01,18,2023-01-18,YYYY.MM.DD,,2026-09-12T18:01:11
12,서현,002413,002413.jpg,2022.07.20,2022,07,20,2022-07-20,YYYY.MM.DD,,2026-09-12T18:01:16
12,서현,002414,002414.jpg,2021.11.01,2021,11,01,2021-11-01,YYYY.MM.DD,,2026-09-12T18:01:18
2,서현,002415,002415.jpg,2021.11.01,2021,11,01,2021-11-01,YYYY.MM.DD,,2026-09-09T13:36:09
15,서현,002416,002416.jpg,2021.12.25,2021,12,25,2021-12-25,YYYY.MM.DD,,2026-09-12T17:21:23
12,서현,002417,002417.jpg,2021.12.25,2021,12,25,2021-12-25,YYYY.MM.DD,,2026-09-12T18:01:22
5,병철,002418,002418.jpg,2023.05.10,2023,05,10,2023-05-10,YYYY.MM.DD,,2026-09-10T01:35:23
11,승아,002419,002419.jpg,2023.05.10,2023,05,10,2023-05-10,YYYY.MM.DD,,2026-09-12T14:06:00
12,서현,002420,002420.jpg,23.10.2020,2020,10,23,2020-10-23,DD.MM.YYYY,,2026-09-12T18:01:25
2,서현,002421,002421.jpg,23.10.2020,2020,10,23,2020-10-23,DD.MM.YYYY,,2026-09-09T13:36:14
15,서현,002422,002422.jpg,2023.02.07,2023,02,07,2023-02-07,YYYY.MM.DD,,2026-09-12T17:21:26
7,서현,002423,002423.jpg,2023.02.07,2023,02,07,2023-02-07,YYYY.MM.DD,,2026-09-12T17:49:10
12,서현,002424,002424.jpg,2022/06/09,2022,06,09,2022-06-09,YYYY.MM.DD,,2026-09-12T18:01:30
11,승아,002425,002425.jpg,2022/06/09,2022,06,09,2022-06-09,YYYY.MM.DD,,2026-09-12T14:06:05
8,민섭,002426,002426.jpg,2021.01.18,2021,01,18,2021-01-18,YYYY.MM.DD,,2026-09-12T16:23:20
5,병철,002427,002427.jpg,2021.01.18,2021,01,18,2021-01-18,YYYY.MM.DD,,2026-09-10T01:35:25
13,민섭,002428,002428.jpg,20.12.23,2020,12,23,2020-12-23,YY.MM.DD,,2026-09-12T19:11:49
11,승아,002429,002429.jpg,2022.07.03,2022,07,03,2022-07-03,YYYY.MM.DD,,2026-09-12T14:06:13
15,서현,002430,002430.jpg,2021 06 11,2021,06,11,2021-06-11,YYYY.MM.DD,,2026-09-12T17:21:29
12,서현,002431,002431.jpg,2021 06 11,2021,06,11,2021-06-11,YYYY.MM.DD,,2026-09-12T18:01:34
13,민섭,002432,002432.jpg,NONE,NONE,NONE,NONE,NONE,none,,2026-09-12T19:12:39
4,서영,002433,002433.jpg,20.07.16 ?,2020,07,16,2020-07-16,YY.MM.DD,?,2026-09-09T14:13:14
15,서현,002434,002434.jpg,2023.01.07,2023,01,07,2023-01-07,YYYY.MM.DD,,2026-09-12T17:21:33
14,서영,002435,002435.jpg,03.06.2021,2021,06,03,2021-06-03,DD.MM.YYYY,,2026-09-10T10:25:01
1,승아,002436,002436.jpg,03.06.2021,2021,06,03,2021-06-03,DD.MM.YYYY,,2026-09-09T15:19:00
10,병철,002437,002437.jpg,13/09/2020,2020,09,13,2020-09-13,DD.MM.YYYY,,2026-09-10T02:02:55
5,병철,002438,002438.jpg,13/09/2020,2020,09,13,2020-09-13,DD.MM.YYYY,,2026-09-10T01:35:29
13,민섭,002439,002439.jpg,2022.01.26,2022,01,26,2022-01-26,YYYY.MM.DD,,2026-09-12T19:12:44
13,민섭,002440,002440.jpg,2022.01.26,2022,01,26,2022-01-26,YYYY.MM.DD,,2026-09-12T19:12:48
13,민섭,002441,002441.jpg,2021.08.03,2021,08,03,2021-08-03,YYYY.MM.DD,,2026-09-12T19:12:52
13,민섭,002442,002442.jpg,2021.08.03,2021,08,03,2021-08-03,YYYY.MM.DD,,2026-09-12T19:12:55
14,서영,002443,002443.jpg,11/11/21,2021,11,11,2021-11-11,DD.MM.YY,,2026-09-10T10:25:08
5,병철,002444,002444.jpg,11/11/21   d,2021,11,11,2021-11-11,DD.MM.YY,d,2026-09-10T01:35:39
14,서영,002445,002445.jpg,2021.01.16,2021,01,16,2021-01-16,YYYY.MM.DD,,2026-09-10T10:25:32
15,서현,002446,002446.jpg,2021.01.16,2021,01,16,2021-01-16,YYYY.MM.DD,,2026-09-12T17:21:37
11,승아,002447,002447.jpg,2021.02.04,2021,02,04,2021-02-04,YYYY.MM.DD,,2026-09-12T14:06:16
3,민섭,002448,002448.jpg,2021.02.04,2021,02,04,2021-02-04,YYYY.MM.DD,,2026-09-09T20:28:11
14,서영,002449,002449.jpg,2021.06.09 2,2021,06,09,2021-06-09,YYYY.MM.DD,2,2026-09-10T10:25:36
15,서현,002450,002450.jpg,2021.06.09 2,2021,06,09,2021-06-09,YYYY.MM.DD,2,2026-09-12T17:21:41
11,승아,002451,002451.jpg,2021.08.14,2021,08,14,2021-08-14,YYYY.MM.DD,,2026-09-12T14:06:20
15,서현,002452,002452.jpg,21.12.22,2021,12,22,2021-12-22,YY.MM.DD,,2026-09-12T17:21:45
7,서현,002453,002453.jpg,21.12.22,2021,12,22,2021-12-22,YY.MM.DD,,2026-09-12T17:49:14
12,서현,002454,002454.jpg,02.2023,2023,02,NONE,2023-02-NONE,MM.YYYY,,2026-09-12T18:01:38
8,민섭,002455,002455.jpg,02.2023,2023,02,NONE,2023-02-NONE,MM.YYYY,,2026-09-12T16:23:27
15,서현,002456,002456.jpg,15.09.2024,2024,09,15,2024-09-15,DD.MM.YYYY,,2026-09-12T17:21:50
11,승아,002457,002457.jpg,15.09.2024,2024,09,15,2024-09-15,DD.MM.YYYY,,2026-09-12T14:06:24
12,서현,002458,002458.jpg,2022.04,2022,04,NONE,2022-04-NONE,YYYY.MM,,2026-09-12T18:01:41
6,승아,002459,002459.jpg,2021-11-30,2021,11,30,2021-11-30,YYYY.MM.DD,,2026-09-09T15:47:26
11,승아,002460,002460.jpg,2021-11-30,2021,11,30,2021-11-30,YYYY.MM.DD,,2026-09-12T14:06:32
15,서현,002461,002461.jpg,2021.10.31,2021,10,31,2021-10-31,YYYY.MM.DD,,2026-09-12T17:21:53
15,서현,002462,002462.jpg,2020.12.21,2020,12,21,2020-12-21,YYYY.MM.DD,,2026-09-12T17:21:56
13,민섭,002463,002463.jpg,NONE,NONE,NONE,NONE,NONE,none,,2026-09-12T19:14:36
9,서영,002464,002464.jpg,05/2022,2022,05,NONE,2022-05-NONE,MM.YYYY,,2026-09-09T18:19:16
15,서현,002465,002465.jpg,2022.01.20,2022,01,20,2022-01-20,YYYY.MM.DD,,2026-09-12T17:21:59
13,민섭,002466,002466.jpg,2022.01.20,2022,01,20,2022-01-20,YYYY.MM.DD,,2026-09-12T19:14:40
13,민섭,002467,002467.jpg,18/05/2021 2,2021,05,18,2021-05-18,DD.MM.YYYY,2,2026-09-12T19:14:51
5,병철,002468,002468.jpg,18/05/2021,2021,05,18,2021-05-18,DD.MM.YYYY,,2026-09-10T01:35:46
3,민섭,002469,002469.jpg,2023.06.22,2023,06,22,2023-06-22,YYYY.MM.DD,,2026-09-09T20:28:17
12,서현,002470,002470.jpg,22.06.2023,2023,06,22,2023-06-22,DD.MM.YYYY,,2026-09-12T18:01:45
12,서현,002471,002471.jpg,21.03.18 2,2021,03,18,2021-03-18,YY.MM.DD,2,2026-09-12T18:02:44
12,서현,002472,002472.jpg,21.03.18 2,2021,03,18,2021-03-18,YY.MM.DD,2,2026-09-12T18:02:48
9,서영,002473,002473.jpg,21.03.16 2,2021,03,16,2021-03-16,YY.MM.DD,2,2026-09-09T18:19:20
13,민섭,002474,002474.jpg,21.03.16 2,2021,03,16,2021-03-16,YY.MM.DD,2,2026-09-12T19:14:59
11,승아,002475,002475.jpg,2021.03.13,2021,03,13,2021-03-13,YYYY.MM.DD,,2026-09-12T14:06:40
15,서현,002476,002476.jpg,2021.03.13,2021,03,13,2021-03-13,YYYY.MM.DD,,2026-09-12T17:22:40
7,서현,002477,002477.jpg,2023.03.15,2023,03,15,2023-03-15,YYYY.MM.DD,,2026-09-12T17:49:18
14,서영,002478,002478.jpg,2023.03.15,2023,03,15,2023-03-15,YYYY.MM.DD,,2026-09-10T10:25:41
13,민섭,002479,002479.jpg,2022.07,2022,07,NONE,2022-07-NONE,YYYY.MM,,2026-09-12T19:15:02
8,민섭,002480,002480.jpg,2022.07,2022,07,NONE,2022-07-NONE,YYYY.MM,,2026-09-12T16:23:36
13,민섭,002481,002481.jpg,2021.03.28,2021,03,28,2021-03-28,YYYY.MM.DD,,2026-09-12T19:15:08
15,서현,002482,002482.jpg,2021.03.28,2021,03,28,2021-03-28,YYYY.MM.DD,,2026-09-12T17:22:44
13,민섭,002483,002483.jpg,2021.05.05,2021,05,05,2021-05-05,YYYY.MM.DD,,2026-09-12T19:15:15
11,승아,002484,002484.jpg,2021.05.05,2021,05,05,2021-05-05,YYYY.MM.DD,,2026-09-12T14:06:47
12,서현,002485,002485.jpg,2022.08.03,2022,08,03,2022-08-03,YYYY.MM.DD,,2026-09-12T18:02:51
15,서현,002486,002486.jpg,2022.08.03,2022,08,03,2022-08-03,YYYY.MM.DD,,2026-09-12T17:22:47
15,서현,002487,002487.jpg,NONE,NONE,NONE,NONE,NONE,none,m,2026-09-12T17:22:51
15,서현,002488,002488.jpg,NONE,NONE,NONE,NONE,NONE,none,m,2026-09-12T17:22:54
12,서현,002489,002489.jpg,2021.04.18,2021,04,18,2021-04-18,YYYY.MM.DD,,2026-09-12T18:02:54
11,승아,002490,002490.jpg,2021.04.18,2021,04,18,2021-04-18,YYYY.MM.DD,,2026-09-12T14:06:52
11,승아,002491,002491.jpg,08.09.22,2022,09,08,2022-09-08,DD.MM.YY,,2026-09-12T14:06:55
6,승아,002492,002492.jpg,08.09.22,2022,09,08,2022-09-08,DD.MM.YY,,2026-09-09T15:47:39
15,서현,002493,002493.jpg,10.02.2022 2,2022,02,10,2022-02-10,DD.MM.YYYY,2,2026-09-12T17:23:05
8,민섭,002494,002494.jpg,10.02.2022,2022,02,10,2022-02-10,DD.MM.YYYY,,2026-09-12T16:23:41
12,서현,002495,002495.jpg,2021.01.27,2021,01,27,2021-01-27,YYYY.MM.DD,,2026-09-12T18:02:58
12,서현,002496,002496.jpg,2021.01.27,2021,01,27,2021-01-27,YYYY.MM.DD,,2026-09-12T18:03:03
13,민섭,002497,002497.jpg,2023.01.24,2023,01,24,2023-01-24,YYYY.MM.DD,,2026-09-12T19:15:35
2,서현,002498,002498.jpg,2021.05.07,2021,05,07,2021-05-07,YYYY.MM.DD,,2026-09-09T13:36:18
12,서현,002499,002499.jpg,2021.05.07,2021,05,07,2021-05-07,YYYY.MM.DD,,2026-09-12T18:03:08
11,승아,002500,002500.jpg,2021.08.21,2021,08,21,2021-08-21,YYYY.MM.DD,,2026-09-12T14:10:05
11,승아,002501,002501.jpg,2021.08.21,2021,08,21,2021-08-21,YYYY.MM.DD,,2026-09-12T14:10:08
13,민섭,002502,002502.jpg,2022.01.24,2022,01,24,2022-01-24,YYYY.MM.DD,,2026-09-12T19:15:39
13,민섭,002503,002503.jpg,2022.01.24,2022,01,24,2022-01-24,YYYY.MM.DD,,2026-09-12T19:15:44
11,승아,002504,002504.jpg,2022.01.06,2022,01,06,2022-01-06,YYYY.MM.DD,,2026-09-12T14:10:11
11,승아,002505,002505.jpg,2022.01.06,2022,01,06,2022-01-06,YYYY.MM.DD,,2026-09-12T14:10:15
9,서영,002506,002506.jpg,2021.08.08,2021,08,08,2021-08-08,YYYY.MM.DD,,2026-09-09T18:20:31
15,서현,002507,002507.jpg,2021.08.08,2021,08,08,2021-08-08,YYYY.MM.DD,,2026-09-12T17:23:08
15,서현,002508,002508.jpg,2021.11.09,2021,11,09,2021-11-09,YYYY.MM.DD,,2026-09-12T17:23:13
12,서현,002509,002509.jpg,2021.11.09,2021,11,09,2021-11-09,YYYY.MM.DD,,2026-09-12T18:03:23
12,서현,002510,002510.jpg,2022.03.09,2022,03,09,2022-03-09,YYYY.MM.DD,,2026-09-12T18:03:30
15,서현,002511,002511.jpg,2022.03.09,2022,03,09,2022-03-09,YYYY.MM.DD,,2026-09-12T17:23:19
5,병철,002512,002512.jpg,2021.11.04,2021,11,04,2021-11-04,YYYY.MM.DD,,2026-09-10T01:35:49
12,서현,002513,002513.jpg,2021.11.04,2021,11,04,2021-11-04,YYYY.MM.DD,,2026-09-12T18:03:33
12,서현,002514,002514.jpg,2022.02.16,2022,02,16,2022-02-16,YYYY.MM.DD,,2026-09-12T18:03:36
7,서현,002515,002515.jpg,2022.02.16,2022,02,16,2022-02-16,YYYY.MM.DD,,2026-09-12T17:49:22
13,민섭,002516,002516.jpg,2022.07.20,2022,07,20,2022-07-20,YYYY.MM.DD,,2026-09-12T19:15:49
3,민섭,002517,002517.jpg,2022.07.20,2022,07,20,2022-07-20,YYYY.MM.DD,,2026-09-09T20:28:21
12,서현,002518,002518.jpg,2023.01.25,2023,01,25,2023-01-25,YYYY.MM.DD,,2026-09-12T18:03:39
15,서현,002519,002519.jpg,2023.01.25,2023,01,25,2023-01-25,YYYY.MM.DD,,2026-09-12T17:23:22
14,서영,002520,002520.jpg,02/10/2023,2023,10,02,2023-10-02,DD.MM.YYYY,,2026-09-10T10:25:45
15,서현,002521,002521.jpg,02/10/2023,2023,10,02,2023-10-02,DD.MM.YYYY,,2026-09-12T17:23:27
12,서현,002522,002522.jpg,2022.09.14,2022,09,14,2022-09-14,YYYY.MM.DD,,2026-09-12T18:03:44
15,서현,002523,002523.jpg,2022.09.14,2022,09,14,2022-09-14,YYYY.MM.DD,,2026-09-12T17:23:33
11,승아,002524,002524.jpg,2023.01.25,2023,01,25,2023-01-25,YYYY.MM.DD,,2026-09-12T14:10:19
14,서영,002525,002525.jpg,2023.01.25,2023,01,25,2023-01-25,YYYY.MM.DD,,2026-09-10T10:25:49
11,승아,002526,002526.jpg,2023.02.15,2023,02,15,2023-02-15,YYYY.MM.DD,,2026-09-12T14:10:23
11,승아,002527,002527.jpg,2023.02.15,2023,02,15,2023-02-15,YYYY.MM.DD,,2026-09-12T14:10:27
11,승아,002528,002528.jpg,2021.10.19,2021,10,19,2021-10-19,YYYY.MM.DD,,2026-09-12T14:10:31
2,서현,002529,002529.jpg,2021.10.19,2021,10,19,2021-10-19,YYYY.MM.DD,,2026-09-09T13:36:22
13,민섭,002530,002530.jpg,2022.01.19,2022,01,19,2022-01-19,YYYY.MM.DD,,2026-09-12T19:15:52
2,서현,002531,002531.jpg,2022.01.19,2022,01,19,2022-01-19,YYYY.MM.DD,,2026-09-09T13:36:25
11,승아,002532,002532.jpg,2022.06.30,2022,06,30,2022-06-30,YYYY.MM.DD,,2026-09-12T14:10:35
10,병철,002533,002533.jpg,2022.06.30,2022,06,30,2022-06-30,YYYY.MM.DD,,2026-09-10T02:02:59
11,승아,002534,002534.jpg,2021.12.04,2021,12,04,2021-12-04,YYYY.MM.DD,,2026-09-12T14:10:39
7,서현,002535,002535.jpg,2021.12.04,2021,12,04,2021-12-04,YYYY.MM.DD,,2026-09-12T17:49:25
15,서현,002536,002536.jpg,22/09/2021,2021,09,22,2021-09-22,DD.MM.YYYY,,2026-09-12T17:23:38
12,서현,002537,002537.jpg,22/09/2021,2021,09,22,2021-09-22,DD.MM.YYYY,,2026-09-12T18:03:49
13,민섭,002538,002538.jpg,2021/08/05,2021,08,05,2021-08-05,YYYY.MM.DD,,2026-09-12T19:15:59
15,서현,002539,002539.jpg,2021/08/05,2021,08,05,2021-08-05,YYYY.MM.DD,,2026-09-12T17:23:43
6,승아,002540,002540.jpg,19/12/2021,2021,12,19,2021-12-19,DD.MM.YYYY,,2026-09-09T15:47:46
10,병철,002541,002541.jpg,19/12/2021,2021,12,19,2021-12-19,DD.MM.YYYY,,2026-09-10T02:03:03
15,서현,002542,002542.jpg,2021/10/17,2021,10,17,2021-10-17,YYYY.MM.DD,,2026-09-12T17:23:47
12,서현,002543,002543.jpg,2021/10/17,2021,10,17,2021-10-17,YYYY.MM.DD,,2026-09-12T18:03:53
14,서영,002544,002544.jpg,2021.03.21,2021,03,21,2021-03-21,YYYY.MM.DD,,2026-09-10T10:25:52
5,병철,002545,002545.jpg,2021.03.21,2021,03,21,2021-03-21,YYYY.MM.DD,,2026-09-10T01:35:53
12,서현,002546,002546.jpg,04/2022,2022,04,NONE,2022-04-NONE,MM.YYYY,,2026-09-12T18:03:57
3,민섭,002547,002547.jpg,2022.04,2022,04,NONE,2022-04-NONE,YYYY.MM,,2026-09-09T20:28:35
3,민섭,002548,002548.jpg,2021.04.02,2021,04,02,2021-04-02,YYYY.MM.DD,,2026-09-09T20:28:41
12,서현,002549,002549.jpg,21.04.02,2021,04,02,2021-04-02,YY.MM.DD,,2026-09-12T18:04:01
15,서현,002550,002550.jpg,30-09-2021,2021,09,30,2021-09-30,DD.MM.YYYY,,2026-09-12T17:23:50
15,서현,002551,002551.jpg,30-09-2021,2021,09,30,2021-09-30,DD.MM.YYYY,,2026-09-12T17:23:57
12,서현,002552,002552.jpg,21.01.22,2021,01,22,2021-01-22,YY.MM.DD,,2026-09-12T18:04:03
12,서현,002553,002553.jpg,21.02.22,2021,02,22,2021-02-22,YY.MM.DD,,2026-09-12T18:04:10
12,서현,002554,002554.jpg,18/11/2021,2021,11,18,2021-11-18,DD.MM.YYYY,,2026-09-12T18:04:14
12,서현,002555,002555.jpg,18/11/2021,2021,11,18,2021-11-18,DD.MM.YYYY,,2026-09-12T18:04:20
15,서현,002556,002556.jpg,2021.11.17,2021,11,17,2021-11-17,YYYY.MM.DD,,2026-09-12T17:24:01
15,서현,002557,002557.jpg,2021.11.17,2021,11,17,2021-11-17,YYYY.MM.DD,,2026-09-12T17:24:04
14,서영,002558,002558.jpg,2022.04.01,2022,04,01,2022-04-01,YYYY.MM.DD,,2026-09-10T10:25:55
15,서현,002559,002559.jpg,2022.04.01,2022,04,01,2022-04-01,YYYY.MM.DD,,2026-09-12T17:24:07
14,서영,002560,002560.jpg,2022-10-21,2022,10,21,2022-10-21,YYYY.MM.DD,,2026-09-10T10:25:57
13,민섭,002561,002561.jpg,2022-10-21,2022,10,21,2022-10-21,YYYY.MM.DD,,2026-09-12T19:16:03
13,민섭,002562,002562.jpg,29/08/2021,2021,08,29,2021-08-29,DD.MM.YYYY,,2026-09-12T19:16:10
11,승아,002563,002563.jpg,29/08/2021,2021,08,29,2021-08-29,DD.MM.YYYY,,2026-09-12T14:10:45
13,민섭,002564,002564.jpg,2021/09/25,2021,09,25,2021-09-25,YYYY.MM.DD,,2026-09-12T19:16:14
15,서현,002565,002565.jpg,2021/09/25,2021,09,25,2021-09-25,YYYY.MM.DD,,2026-09-12T17:24:11
14,서영,002566,002566.jpg,15.10.2021,2021,10,15,2021-10-15,DD.MM.YYYY,,2026-09-10T10:26:03
11,승아,002567,002567.jpg,15.10.2021,2021,10,15,2021-10-15,DD.MM.YYYY,,2026-09-12T14:10:49
12,서현,002568,002568.jpg,04/04/2022,2022,04,04,2022-04-04,DD.MM.YYYY,,2026-09-12T18:04:24
15,서현,002569,002569.jpg,04/04/2022,2022,04,04,2022-04-04,DD.MM.YYYY,,2026-09-12T17:24:18
11,승아,002570,002570.jpg,2021.05.07 2,2021,05,07,2021-05-07,YYYY.MM.DD,2,2026-09-12T14:10:57
7,서현,002571,002571.jpg,2021.05.07 2,2021,05,07,2021-05-07,YYYY.MM.DD,2,2026-09-12T17:49:31
13,민섭,002572,002572.jpg,2021.12.29,2021,12,29,2021-12-29,YYYY.MM.DD,,2026-09-12T19:16:18
2,서현,002573,002573.jpg,2021.12.29,2021,12,29,2021-12-29,YYYY.MM.DD,,2026-09-09T13:36:28
15,서현,002574,002574.jpg,2021.12.16,2021,12,16,2021-12-16,YYYY.MM.DD,,2026-09-12T17:24:22
15,서현,002575,002575.jpg,2021.12.16,2021,12,16,2021-12-16,YYYY.MM.DD,,2026-09-12T17:24:28
13,민섭,002576,002576.jpg,2020.02.18,2020,02,18,2020-02-18,YYYY.MM.DD,,2026-09-12T19:16:22
2,서현,002577,002577.jpg,2020.02.18,2020,02,18,2020-02-18,YYYY.MM.DD,,2026-09-09T13:36:32
13,민섭,002578,002578.jpg,2024.01.14,2024,01,14,2024-01-14,YYYY.MM.DD,,2026-09-12T19:16:26
12,서현,002579,002579.jpg,2024.01.14,2024,01,14,2024-01-14,YYYY.MM.DD,,2026-09-12T18:04:29
14,서영,002580,002580.jpg,2021.11.17,2021,11,17,2021-11-17,YYYY.MM.DD,,2026-09-10T10:26:08
13,민섭,002581,002581.jpg,2021.11.17,2021,11,17,2021-11-17,YYYY.MM.DD,,2026-09-12T19:16:30
12,서현,002582,002582.jpg,2021.01.07,2021,01,07,2021-01-07,YYYY.MM.DD,,2026-09-12T18:04:32
14,서영,002583,002583.jpg,2021.01.07,2021,01,07,2021-01-07,YYYY.MM.DD,,2026-09-10T10:26:11
14,서영,002584,002584.jpg,04-11-23,2023,11,04,2023-11-04,DD.MM.YY,,2026-09-10T10:26:14
12,서현,002585,002585.jpg,04-11-23,2023,11,04,2023-11-04,DD.MM.YY,,2026-09-12T18:04:37
14,서영,002586,002586.jpg,12/22,NONE,12,22,NONE-12-22,MM.DD,,2026-09-10T10:26:18
3,민섭,002587,002587.jpg,12/22,NONE,12,22,NONE-12-22,MM.DD,,2026-09-09T20:28:47
12,서현,002588,002588.jpg,2023.10.15 2,2023,10,15,2023-10-15,YYYY.MM.DD,2,2026-09-12T18:04:41
1,승아,002589,002589.jpg,2023.10.15 2,2023,10,15,2023-10-15,YYYY.MM.DD,2,2026-09-09T15:19:15
12,서현,002590,002590.jpg,27.10.2023,2023,10,27,2023-10-27,DD.MM.YYYY,,2026-09-12T18:04:45
3,민섭,002591,002591.jpg,2023.10.27,2023,10,27,2023-10-27,YYYY.MM.DD,,2026-09-09T20:28:54
13,민섭,002592,002592.jpg,11/08/23,2023,08,11,2023-08-11,DD.MM.YY,,2026-09-12T19:17:13
3,민섭,002593,002593.jpg,2023.08.11,2023,08,11,2023-08-11,YYYY.MM.DD,,2026-09-09T20:28:59
11,승아,002594,002594.jpg,05.08.2022,2022,08,05,2022-08-05,DD.MM.YYYY,,2026-09-12T14:11:18
4,서영,002595,002595.jpg,05.08.2022,2022,08,05,2022-08-05,DD.MM.YYYY,,2026-09-09T14:13:42
15,서현,002596,002596.jpg,2022/10/22,2022,10,22,2022-10-22,YYYY.MM.DD,,2026-09-12T17:24:31
2,서현,002597,002597.jpg,2022/10/22,2022,10,22,2022-10-22,YYYY.MM.DD,,2026-09-09T13:36:38
14,서영,002598,002598.jpg,12/2021,2021,12,NONE,2021-12-NONE,MM.YYYY,,2026-09-10T10:26:25
13,민섭,002599,002599.jpg,12/2021,2021,12,NONE,2021-12-NONE,MM.YYYY,,2026-09-12T19:17:18
14,서영,002600,002600.jpg,NONE,NONE,NONE,NONE,NONE,none,m,2026-09-10T10:26:28
11,승아,002601,002601.jpg,NONE,NONE,NONE,NONE,NONE,none,m,2026-09-12T14:11:24
11,승아,002602,002602.jpg,2022.07.07,2022,07,07,2022-07-07,YYYY.MM.DD,,2026-09-12T14:11:29
14,서영,002603,002603.jpg,2022.07.07,2022,07,07,2022-07-07,YYYY.MM.DD,,2026-09-10T10:26:31
2,서현,002604,002604.jpg,17/11/23,2023,11,17,2023-11-17,DD.MM.YY,dl,2026-09-09T13:36:50
2,서현,002605,002605.jpg,17/11/23,2023,11,17,2023-11-17,DD.MM.YY,dl,2026-09-09T13:36:57
14,서영,002606,002606.jpg,2022.04.02,2022,04,02,2022-04-02,YYYY.MM.DD,,2026-09-10T10:26:36
3,민섭,002607,002607.jpg,2022.04.02,2022,04,02,2022-04-02,YYYY.MM.DD,,2026-09-09T20:29:02
1,승아,002608,002608.jpg,2022.01.17,2022,01,17,2022-01-17,YYYY.MM.DD,,2026-09-09T15:19:19
1,승아,002609,002609.jpg,2022.01.17,2022,01,17,2022-01-17,YYYY.MM.DD,,2026-09-09T15:19:22
13,민섭,002610,002610.jpg,11.07.2021 2,2021,07,11,2021-07-11,DD.MM.YYYY,2,2026-09-12T19:17:24
11,승아,002611,002611.jpg,2021.12.01,2021,12,01,2021-12-01,YYYY.MM.DD,,2026-09-12T14:11:33
11,승아,002612,002612.jpg,2021.12.01,2021,12,01,2021-12-01,YYYY.MM.DD,,2026-09-12T14:11:36
12,서현,002613,002613.jpg,04-2023,2023,04,NONE,2023-04-NONE,MM.YYYY,,2026-09-12T18:04:49
3,민섭,002614,002614.jpg,2023.04,2023,04,NONE,2023-04-NONE,YYYY.MM,,2026-09-09T20:29:07
4,서영,002615,002615.jpg,2022.12.21,2022,12,21,2022-12-21,YYYY.MM.DD,,2026-09-09T14:16:08
7,서현,002616,002616.jpg,2022.12.21,2022,12,21,2022-12-21,YYYY.MM.DD,,2026-09-12T17:49:33
11,승아,002617,002617.jpg,2022.05.04,2022,05,04,2022-05-04,YYYY.MM.DD,,2026-09-12T14:11:40
14,서영,002618,002618.jpg,2022.05.04,2022,05,04,2022-05-04,YYYY.MM.DD,,2026-09-10T10:26:39
12,서현,002619,002619.jpg,31-03-2022,2022,03,31,2022-03-31,DD.MM.YYYY,,2026-09-12T18:04:53
10,병철,002620,002620.jpg,31-03-2022,2022,03,31,2022-03-31,DD.MM.YYYY,,2026-09-10T02:03:07
13,민섭,002621,002621.jpg,2023.12.21,2023,12,21,2023-12-21,YYYY.MM.DD,,2026-09-12T19:17:29
8,민섭,002622,002622.jpg,2023.12.21,2023,12,21,2023-12-21,YYYY.MM.DD,,2026-09-12T16:23:44
11,승아,002623,002623.jpg,2022.12.19,2022,12,19,2022-12-19,YYYY.MM.DD,,2026-09-12T14:11:44
14,서영,002624,002624.jpg,2022.12.19 b,2022,12,19,2022-12-19,YYYY.MM.DD,b,2026-09-10T10:26:44
14,서영,002625,002625.jpg,2021.06.22,2021,06,22,2021-06-22,YYYY.MM.DD,,2026-09-10T10:26:47
11,승아,002626,002626.jpg,2021.06.22,2021,06,22,2021-06-22,YYYY.MM.DD,,2026-09-12T14:11:48
12,서현,002627,002627.jpg,2021.12.08,2021,12,08,2021-12-08,YYYY.MM.DD,,2026-09-12T18:04:56
14,서영,002628,002628.jpg,2021.12.08,2021,12,08,2021-12-08,YYYY.MM.DD,,2026-09-10T10:26:50
15,서현,002629,002629.jpg,05.2023,2023,05,NONE,2023-05-NONE,MM.YYYY,,2026-09-12T17:24:36
5,병철,002630,002630.jpg,05.2023,2023,05,NONE,2023-05-NONE,MM.YYYY,,2026-09-10T01:35:56
15,서현,002631,002631.jpg,2022.01.20,2022,01,20,2022-01-20,YYYY.MM.DD,,2026-09-12T17:24:40
6,승아,002632,002632.jpg,2022.01.20,2022,01,20,2022-01-20,YYYY.MM.DD,,2026-09-09T15:47:52
14,서영,002633,002633.jpg,2022.02.03,2022,02,03,2022-02-03,YYYY.MM.DD,,2026-09-10T10:26:52
13,민섭,002634,002634.jpg,2022.02.03,2022,02,03,2022-02-03,YYYY.MM.DD,,2026-09-12T19:17:34
14,서영,002635,002635.jpg,09.10.2022,2022,10,09,2022-10-09,DD.MM.YYYY,,2026-09-10T10:26:56
8,민섭,002636,002636.jpg,09.10.2022,2022,10,09,2022-10-09,DD.MM.YYYY,,2026-09-12T16:23:48
12,서현,002637,002637.jpg,2022.11.01,2022,11,01,2022-11-01,YYYY.MM.DD,,2026-09-12T18:05:00
7,서현,002638,002638.jpg,2022.11.01,2022,11,01,2022-11-01,YYYY.MM.DD,,2026-09-12T17:50:07
11,승아,002639,002639.jpg,2021.12.04,2021,12,04,2021-12-04,YYYY.MM.DD,,2026-09-12T14:11:51
11,승아,002640,002640.jpg,2021.12.04,2021,12,04,2021-12-04,YYYY.MM.DD,,2026-09-12T14:11:55
11,승아,002641,002641.jpg,31 10 2021,2021,10,31,2021-10-31,DD.MM.YYYY,,2026-09-12T14:12:07
13,민섭,002642,002642.jpg,31 10 2021,2021,10,31,2021-10-31,DD.MM.YYYY,,2026-09-12T19:17:41
4,서영,002643,002643.jpg,11.2022,2022,11,NONE,2022-11-NONE,MM.YYYY,,2026-09-09T14:16:13
15,서현,002644,002644.jpg,11.2022,2022,11,NONE,2022-11-NONE,MM.YYYY,,2026-09-12T17:24:43
13,민섭,002645,002645.jpg,2021.12.14,2021,12,14,2021-12-14,YYYY.MM.DD,,2026-09-12T19:17:47
2,서현,002646,002646.jpg,2021 12 14,2021,12,14,2021-12-14,YYYY.MM.DD,,2026-09-09T13:37:02
7,서현,002647,002647.jpg,2022.01.24,2022,01,24,2022-01-24,YYYY.MM.DD,,2026-09-12T17:50:10
12,서현,002648,002648.jpg,2022.01.24,2022,01,24,2022-01-24,YYYY.MM.DD,,2026-09-12T18:05:05
11,승아,002649,002649.jpg,01.07.2021,2021,07,01,2021-07-01,DD.MM.YYYY,,2026-09-12T14:12:17
6,승아,002650,002650.jpg,01.07.2021,2021,07,01,2021-07-01,DD.MM.YYYY,,2026-09-09T15:48:15
2,서현,002651,002651.jpg,2021.08.18,2021,08,18,2021-08-18,YYYY.MM.DD,,2026-09-09T13:37:06
12,서현,002652,002652.jpg,2021.08.18,2021,08,18,2021-08-18,YYYY.MM.DD,,2026-09-12T18:05:08
5,병철,002653,002653.jpg,2020-12-08,2020,12,08,2020-12-08,YYYY.MM.DD,,2026-09-10T01:36:01
5,병철,002654,002654.jpg,2025-11-30,2025,11,30,2025-11-30,YYYY.MM.DD,l,2026-09-10T01:36:04
11,승아,002655,002655.jpg,21.03.25,2021,03,25,2021-03-25,YY.MM.DD,,2026-09-12T14:12:26
15,서현,002656,002656.jpg,21.03.25,2021,03,25,2021-03-25,YY.MM.DD,,2026-09-12T17:24:47
12,서현,002657,002657.jpg,01/07/21,2021,07,01,2021-07-01,DD.MM.YY,,2026-09-12T18:05:16
13,민섭,002658,002658.jpg,01/07/21,2021,07,01,2021-07-01,DD.MM.YY,,2026-09-12T19:17:52
8,민섭,002659,002659.jpg,2022.06.11,2022,06,11,2022-06-11,YYYY.MM.DD,,2026-09-12T16:23:51
11,승아,002660,002660.jpg,2022.06.11,2022,06,11,2022-06-11,YYYY.MM.DD,,2026-09-12T14:12:32
15,서현,002661,002661.jpg,2022-01-11 2,2022,01,11,2022-01-11,YYYY.MM.DD,2,2026-09-12T17:24:52
12,서현,002662,002662.jpg,2022-01-11 2,2022,01,11,2022-01-11,YYYY.MM.DD,2,2026-09-12T18:06:03
14,서영,002663,002663.jpg,2021-08-18 2,2021,08,18,2021-08-18,YYYY.MM.DD,2,2026-09-10T10:27:01
12,서현,002664,002664.jpg,2021-08-18 2,2021,08,18,2021-08-18,YYYY.MM.DD,2,2026-09-12T18:06:07
1,승아,002665,002665.jpg,26 MAR 2021,2021,03,26,2021-03-26,DD MON YYYY,,2026-09-09T15:19:33
4,서영,002666,002666.jpg,26 MAR 2021,2021,03,26,2021-03-26,DD MON YYYY,,2026-09-09T14:16:25
13,민섭,002667,002667.jpg,09/09/2021,2021,09,09,2021-09-09,DD.MM.YYYY,,2026-09-12T19:17:56
10,병철,002668,002668.jpg,09/09/2021,2021,09,09,2021-09-09,DD.MM.YYYY,,2026-09-10T02:03:12
11,승아,002669,002669.jpg,2022.04.18,2022,04,18,2022-04-18,YYYY.MM.DD,,2026-09-12T14:12:38
12,서현,002670,002670.jpg,30-04-2023,2023,04,30,2023-04-30,DD.MM.YYYY,,2026-09-12T18:06:20
14,서영,002671,002671.jpg,2021.04.05,2021,04,05,2021-04-05,YYYY.MM.DD,,2026-09-10T10:27:04
1,승아,002672,002672.jpg,2021.04.05,2021,04,05,2021-04-05,YYYY.MM.DD,,2026-09-09T15:19:52
11,승아,002673,002673.jpg,2021.04.25,2021,04,25,2021-04-25,YYYY.MM.DD,,2026-09-12T14:12:42
11,승아,002674,002674.jpg,2021.04.25,2021,04,25,2021-04-25,YYYY.MM.DD,,2026-09-12T14:12:47
11,승아,002675,002675.jpg,2021.03.23,2021,03,23,2021-03-23,YYYY.MM.DD,,2026-09-12T14:12:52
15,서현,002676,002676.jpg,2021.03.23,2021,03,23,2021-03-23,YYYY.MM.DD,,2026-09-12T17:24:56
13,민섭,002677,002677.jpg,2021.08.04,2021,08,04,2021-08-04,YYYY.MM.DD,,2026-09-12T19:18:01
15,서현,002678,002678.jpg,2021.08.04,2021,08,04,2021-08-04,YYYY.MM.DD,,2026-09-12T17:25:01
11,승아,002679,002679.jpg,2021.07.17,2021,07,17,2021-07-17,YYYY.MM.DD,,2026-09-12T14:12:57
12,서현,002680,002680.jpg,29/10/2021,2021,10,29,2021-10-29,DD.MM.YYYY,,2026-09-12T18:06:25
15,서현,002681,002681.jpg,10/09/21,2021,09,10,2021-09-10,DD.MM.YY,,2026-09-12T17:25:05
7,서현,002682,002682.jpg,10/09/21,2021,09,10,2021-09-10,DD.MM.YY,,2026-09-12T17:50:14
14,서영,002683,002683.jpg,03/12/2021,2021,12,03,2021-12-03,DD.MM.YYYY,,2026-09-10T10:27:08
12,서현,002684,002684.jpg,03/12/2021,2021,12,03,2021-12-03,DD.MM.YYYY,,2026-09-12T18:06:29
13,민섭,002685,002685.jpg,28.07.2021,2021,07,28,2021-07-28,DD.MM.YYYY,,2026-09-12T19:18:08
14,서영,002686,002686.jpg,2021.11.05,2021,11,05,2021-11-05,YYYY.MM.DD,,2026-09-10T10:27:12
13,민섭,002687,002687.jpg,NONE,NONE,NONE,NONE,NONE,none,,2026-09-12T19:18:30
8,민섭,002688,002688.jpg,11.06.2021,2021,06,11,2021-06-11,DD.MM.YYYY,,2026-09-12T16:23:57
11,승아,002689,002689.jpg,2021.03.15,2021,03,15,2021-03-15,YYYY.MM.DD,,2026-09-12T14:13:03
13,민섭,002690,002690.jpg,03.11,NONE,03,11,NONE-03-11,MM.DD,,2026-09-12T19:18:33
12,서현,002691,002691.jpg,2021.03.10,2021,03,10,2021-03-10,YYYY.MM.DD,,2026-09-12T18:06:33
3,민섭,002692,002692.jpg,2021.03.10,2021,03,10,2021-03-10,YYYY.MM.DD,,2026-09-09T20:29:13
13,민섭,002693,002693.jpg,2021.04.19,2021,04,19,2021-04-19,YYYY.MM.DD,,2026-09-12T19:18:37
13,민섭,002694,002694.jpg,2021.04.19,2021,04,19,2021-04-19,YYYY.MM.DD,,2026-09-12T19:18:40
13,민섭,002695,002695.jpg,2022.01.14,2022,01,14,2022-01-14,YYYY.MM.DD,,2026-09-12T19:18:43
13,민섭,002696,002696.jpg,2021.07.23,2021,07,23,2021-07-23,YYYY.MM.DD,,2026-09-12T19:18:47
14,서영,002697,002697.jpg,2021.06.06,2021,06,06,2021-06-06,YYYY.MM.DD,,2026-09-10T10:27:15
12,서현,002698,002698.jpg,2021.11.29,2021,11,29,2021-11-29,YYYY.MM.DD,,2026-09-12T18:06:37
12,서현,002699,002699.jpg,2021.08.23,2021,08,23,2021-08-23,YYYY.MM.DD,,2026-09-12T18:06:39
4,서영,002700,002700.jpg,2021.08.23,2021,08,23,2021-08-23,YYYY.MM.DD,,2026-09-09T14:25:16
11,승아,002701,002701.jpg,2022.12.16,2022,12,16,2022-12-16,YYYY.MM.DD,,2026-09-12T14:13:07
7,서현,002702,002702.jpg,2022.12.16,2022,12,16,2022-12-16,YYYY.MM.DD,,2026-09-12T17:50:21
5,병철,002703,002703.jpg,2022/10/29,2022,10,29,2022-10-29,YYYY.MM.DD,,2026-09-10T01:36:08
11,승아,002704,002704.jpg,2022/10/29,2022,10,29,2022-10-29,YYYY.MM.DD,,2026-09-12T14:14:02
13,민섭,002705,002705.jpg,07-12-21,2021,12,07,2021-12-07,DD.MM.YY,,2026-09-12T19:18:53
11,승아,002706,002706.jpg,07-12-21,2021,12,07,2021-12-07,DD.MM.YY,,2026-09-12T14:14:10
11,승아,002707,002707.jpg,20/01/22 d,2022,01,20,2022-01-20,DD.MM.YY,d,2026-09-12T14:14:28
15,서현,002708,002708.jpg,20/01/22,2020,01,22,2020-01-22,YY.MM.DD,,2026-09-12T17:25:09
12,서현,002709,002709.jpg,21.10.28,2021,10,28,2021-10-28,YY.MM.DD,,2026-09-12T18:07:17
12,서현,002710,002710.jpg,21.10.28,2021,10,28,2021-10-28,YY.MM.DD,,2026-09-12T18:07:19
13,민섭,002711,002711.jpg,22.01.11,2022,01,11,2022-01-11,YY.MM.DD,,2026-09-12T19:18:57
12,서현,002712,002712.jpg,22.01.11,2022,01,11,2022-01-11,YY.MM.DD,,2026-09-12T18:07:21
15,서현,002713,002713.jpg,22/10/2021,2021,10,22,2021-10-22,DD.MM.YYYY,,2026-09-12T17:25:13
9,서영,002714,002714.jpg,22/10/2021 b ?,2021,10,22,2021-10-22,DD.MM.YYYY,?b,2026-09-09T18:20:51
12,서현,002715,002715.jpg,2021/12/15,2021,12,15,2021-12-15,YYYY.MM.DD,,2026-09-12T18:07:26
15,서현,002716,002716.jpg,2021/12/15,2021,12,15,2021-12-15,YYYY.MM.DD,,2026-09-12T17:25:20
4,서영,002717,002717.jpg,2022.03.01,2022,03,01,2022-03-01,YYYY.MM.DD,,2026-09-09T14:27:28
14,서영,002718,002718.jpg,23.02.2022,2022,02,23,2022-02-23,DD.MM.YYYY,,2026-09-10T10:27:18
15,서현,002719,002719.jpg,2026.01.09,2026,01,09,2026-01-09,YYYY.MM.DD,,2026-09-12T17:25:24
14,서영,002720,002720.jpg,2026.01.09,2026,01,09,2026-01-09,YYYY.MM.DD,,2026-09-10T10:27:22
11,승아,002721,002721.jpg,2022.12.30,2022,12,30,2022-12-30,YYYY.MM.DD,,2026-09-12T14:14:32
12,서현,002722,002722.jpg,2022.12.30,2022,12,30,2022-12-30,YYYY.MM.DD,,2026-09-12T18:07:36
1,승아,002723,002723.jpg,19/12/20 d,2020,12,19,2020-12-19,DD.MM.YY,d,2026-09-09T15:21:32
15,서현,002724,002724.jpg,19/12/20,2019,12,20,2019-12-20,YY.MM.DD,,2026-09-12T17:25:29
14,서영,002725,002725.jpg,28 10 21,2021,10,28,2021-10-28,DD.MM.YY,,2026-09-10T10:27:25
12,서현,002726,002726.jpg,17.03.22,2017,03,22,2017-03-22,YY.MM.DD,,2026-09-12T18:07:45
13,민섭,002727,002727.jpg,NONE,NONE,NONE,NONE,NONE,none,,2026-09-12T19:20:14
15,서현,002728,002728.jpg,04 NOV 2021,2021,11,04,2021-11-04,DD MON YYYY,,2026-09-12T17:25:35
13,민섭,002729,002729.jpg,04 NOV 2021,2021,11,04,2021-11-04,DD MON YYYY,,2026-09-12T19:20:24
15,서현,002730,002730.jpg,25.06.2021,2021,06,25,2021-06-25,DD.MM.YYYY,,2026-09-12T17:25:39
14,서영,002731,002731.jpg,18/04/2021,2021,04,18,2021-04-18,DD.MM.YYYY,,2026-09-10T10:27:30
11,승아,002732,002732.jpg,2021.12.25,2021,12,25,2021-12-25,YYYY.MM.DD,,2026-09-12T14:14:37
12,서현,002733,002733.jpg,2021.12.25,2021,12,25,2021-12-25,YYYY.MM.DD,,2026-09-12T18:07:48
8,민섭,002734,002734.jpg,2022.02.04,2022,02,04,2022-02-04,YYYY.MM.DD,,2026-09-12T16:24:02
15,서현,002735,002735.jpg,2022.02.04,2022,02,04,2022-02-04,YYYY.MM.DD,,2026-09-12T17:25:44
13,민섭,002736,002736.jpg,28.04.2021,2021,04,28,2021-04-28,DD.MM.YYYY,,2026-09-12T19:20:29
15,서현,002737,002737.jpg,12.06.2021,2021,06,12,2021-06-12,DD.MM.YYYY,,2026-09-12T17:25:51
3,민섭,002738,002738.jpg,2021.06.05,2021,06,05,2021-06-05,YYYY.MM.DD,,2026-09-09T20:29:31
11,승아,002739,002739.jpg,26/09/2021 2,2021,09,26,2021-09-26,DD.MM.YYYY,2,2026-09-12T14:14:54
11,승아,002740,002740.jpg,2021.12.18,2021,12,18,2021-12-18,YYYY.MM.DD,,2026-09-12T14:15:01
8,민섭,002741,002741.jpg,2021.12.18,2021,12,18,2021-12-18,YYYY.MM.DD,,2026-09-12T16:24:05
3,민섭,002742,002742.jpg,2021.08.13,2021,08,13,2021-08-13,YYYY.MM.DD,,2026-09-09T20:29:51
11,승아,002743,002743.jpg,AUG 13 2021,2021,08,13,2021-08-13,MON DD YYYY,,2026-09-12T14:15:10
4,서영,002744,002744.jpg,10.01.21 2 d,2021,01,10,2021-01-10,DD.MM.YY,2d,2026-09-09T14:27:32
14,서영,002745,002745.jpg,06.04.2024,2024,04,06,2024-04-06,DD.MM.YYYY,,2026-09-10T10:27:41
9,서영,002746,002746.jpg,2022.01.08,2022,01,08,2022-01-08,YYYY.MM.DD,,2026-09-09T18:20:57
15,서현,002747,002747.jpg,2022.01.08,2022,01,08,2022-01-08,YYYY.MM.DD,,2026-09-12T17:25:56
9,서영,002748,002748.jpg,2022.11.12,2022,11,12,2022-11-12,YYYY.MM.DD,,2026-09-09T18:21:00
6,승아,002749,002749.jpg,12.2020,2020,12,NONE,2020-12-NONE,MM.YYYY,,2026-09-09T15:51:57
8,민섭,002750,002750.jpg,2022.06.15,2022,06,15,2022-06-15,YYYY.MM.DD,,2026-09-12T16:24:08
11,승아,002751,002751.jpg,20/02/2022 2,2022,02,20,2022-02-20,DD.MM.YYYY,2,2026-09-12T14:15:24
15,서현,002752,002752.jpg,01.2022,2022,01,NONE,2022-01-NONE,MM.YYYY,,2026-09-12T17:25:59
14,서영,002753,002753.jpg,01.2022,2022,01,NONE,2022-01-NONE,MM.YYYY,,2026-09-10T10:27:43
15,서현,002754,002754.jpg,29/05/2021,2021,05,29,2021-05-29,DD.MM.YYYY,,2026-09-12T17:26:07
15,서현,002755,002755.jpg,2021.05.16,2021,05,16,2021-05-16,YYYY.MM.DD,,2026-09-12T17:26:13
12,서현,002756,002756.jpg,2021.05.16,2021,05,16,2021-05-16,YYYY.MM.DD,,2026-09-12T18:07:53
11,승아,002757,002757.jpg,2022.09.10,2022,09,10,2022-09-10,YYYY.MM.DD,,2026-09-12T14:15:29
14,서영,002758,002758.jpg,2022.09.10,2022,09,10,2022-09-10,YYYY.MM.DD,,2026-09-10T10:27:46
13,민섭,002759,002759.jpg,2021.05.12,2021,05,12,2021-05-12,YYYY.MM.DD,,2026-09-12T19:20:33
14,서영,002760,002760.jpg,2021.05.12,2021,05,12,2021-05-12,YYYY.MM.DD,,2026-09-10T10:27:50
14,서영,002761,002761.jpg,2023/06/01 2,2023,06,01,2023-06-01,YYYY.MM.DD,2,2026-09-10T10:27:55
4,서영,002762,002762.jpg,2023/06/01 2,2023,06,01,2023-06-01,YYYY.MM.DD,2,2026-09-09T14:27:39
15,서현,002763,002763.jpg,06-11-21,2021,11,06,2021-11-06,DD.MM.YY,,2026-09-12T17:26:17
11,승아,002764,002764.jpg,06-11-21,2021,11,06,2021-11-06,DD.MM.YY,,2026-09-12T14:15:35
15,서현,002765,002765.jpg,16.03.2021,2021,03,16,2021-03-16,DD.MM.YYYY,,2026-09-12T17:26:23
13,민섭,002766,002766.jpg,16.03.2021,2021,03,16,2021-03-16,DD.MM.YYYY,,2026-09-12T19:22:30
8,민섭,002767,002767.jpg,01.12.2021,2021,12,01,2021-12-01,DD.MM.YYYY,,2026-09-12T16:24:14
15,서현,002768,002768.jpg,01/12/2021,2021,12,01,2021-12-01,DD.MM.YYYY,,2026-09-12T17:26:27
13,민섭,002769,002769.jpg,08.12.2021,2021,12,08,2021-12-08,DD.MM.YYYY,,2026-09-12T19:23:15
12,서현,002770,002770.jpg,2021.10.11,2021,10,11,2021-10-11,YYYY.MM.DD,,2026-09-12T18:07:55
15,서현,002771,002771.jpg,2021.10.10,2021,10,10,2021-10-10,YYYY.MM.DD,,2026-09-12T17:26:32
10,병철,002772,002772.jpg,05.2024,2024,05,NONE,2024-05-NONE,MM.YYYY,,2026-09-10T02:03:18
15,서현,002773,002773.jpg,05.2024,2024,05,NONE,2024-05-NONE,MM.YYYY,,2026-09-12T17:26:37
14,서영,002774,002774.jpg,2021-10-08 t,2021,10,08,2021-10-08,YYYY.MM.DD,t,2026-09-10T10:28:02
11,승아,002775,002775.jpg,2021-10-08,2021,10,08,2021-10-08,YYYY.MM.DD,,2026-09-12T14:16:14
12,서현,002776,002776.jpg,2021-09-15,2021,09,15,2021-09-15,YYYY.MM.DD,,2026-09-12T18:08:00
12,서현,002777,002777.jpg,2021-09-15,2021,09,15,2021-09-15,YYYY.MM.DD,,2026-09-12T18:08:04
13,민섭,002778,002778.jpg,02.10.21,2021,10,02,2021-10-02,DD.MM.YY,,2026-09-12T19:23:20
12,서현,002779,002779.jpg,02.10.21,2021,10,02,2021-10-02,DD.MM.YY,,2026-09-12T18:08:08
15,서현,002780,002780.jpg,06/04/21,2021,04,06,2021-04-06,DD.MM.YY,,2026-09-12T17:26:41
11,승아,002781,002781.jpg,06/04/21,2021,04,06,2021-04-06,DD.MM.YY,,2026-09-12T14:17:35
14,서영,002782,002782.jpg,22/04/2021,2021,04,22,2021-04-22,DD.MM.YYYY,,2026-09-10T10:28:07
4,서영,002783,002783.jpg,22/04/2021,2021,04,22,2021-04-22,DD.MM.YYYY,,2026-09-09T14:27:43
11,승아,002784,002784.jpg,18-04-2021,2021,04,18,2021-04-18,DD.MM.YYYY,,2026-09-12T14:17:57
15,서현,002785,002785.jpg,18-04-2021,2021,04,18,2021-04-18,DD.MM.YYYY,,2026-09-12T17:26:50
15,서현,002786,002786.jpg,22 06 2022 2,2022,06,22,2022-06-22,DD.MM.YYYY,2,2026-09-12T17:26:58
14,서영,002787,002787.jpg,22 06 2022 2,2022,06,22,2022-06-22,DD.MM.YYYY,2,2026-09-10T10:29:20
1,승아,002788,002788.jpg,2021/04/03,2021,04,03,2021-04-03,YYYY.MM.DD,,2026-09-09T15:21:43
12,서현,002789,002789.jpg,2021/04/03,2021,04,03,2021-04-03,YYYY.MM.DD,,2026-09-12T18:08:13
14,서영,002790,002790.jpg,06/12/2021,2021,12,06,2021-12-06,DD.MM.YYYY,,2026-09-10T10:29:23
11,승아,002791,002791.jpg,06/12/2021,2021,12,06,2021-12-06,DD.MM.YYYY,,2026-09-12T14:18:05
11,승아,002792,002792.jpg,APR-28-2023,2023,04,28,2023-04-28,MON DD YYYY,,2026-09-12T14:18:15
14,서영,002793,002793.jpg,2022/10/05,2022,10,05,2022-10-05,YYYY.MM.DD,,2026-09-10T10:29:27
14,서영,002794,002794.jpg,2022/10/05,2022,10,05,2022-10-05,YYYY.MM.DD,,2026-09-10T10:29:31
12,서현,002795,002795.jpg,2021.03.18,2021,03,18,2021-03-18,YYYY.MM.DD,,2026-09-12T18:08:18
15,서현,002796,002796.jpg,2021.03.18,2021,03,18,2021-03-18,YYYY.MM.DD,,2026-09-12T17:27:02
13,민섭,002797,002797.jpg,2021.04.28,2021,04,28,2021-04-28,YYYY.MM.DD,,2026-09-12T19:23:24
15,서현,002798,002798.jpg,2021.04.28,2021,04,28,2021-04-28,YYYY.MM.DD,,2026-09-12T17:27:08
15,서현,002799,002799.jpg,2021.12.27 2,2021,12,27,2021-12-27,YYYY.MM.DD,2,2026-09-12T17:27:13
2,서현,002800,002800.jpg,2021.12.27 2,2021,12,27,2021-12-27,YYYY.MM.DD,2,2026-09-09T13:37:14
15,서현,002801,002801.jpg,2021.09.29,2021,09,29,2021-09-29,YYYY.MM.DD,,2026-09-12T17:27:18
1,승아,002802,002802.jpg,2021.09.29,2021,09,29,2021-09-29,YYYY.MM.DD,,2026-09-09T15:21:49
14,서영,002803,002803.jpg,2021.04.19,2021,04,19,2021-04-19,YYYY.MM.DD,,2026-09-10T10:29:34
8,민섭,002804,002804.jpg,2021.04.19,2021,04,19,2021-04-19,YYYY.MM.DD,,2026-09-12T16:24:17
1,승아,002805,002805.jpg,2023.01.13,2023,01,13,2023-01-13,YYYY.MM.DD,,2026-09-09T15:21:56
15,서현,002806,002806.jpg,2023.01.13,2023,01,13,2023-01-13,YYYY.MM.DD,,2026-09-12T17:27:22
8,민섭,002807,002807.jpg,2021.12.29,2021,12,29,2021-12-29,YYYY.MM.DD,,2026-09-12T16:24:21
11,승아,002808,002808.jpg,2021.12.29,2021,12,29,2021-12-29,YYYY.MM.DD,,2026-09-12T14:18:20
13,민섭,002809,002809.jpg,2023.01.20,2023,01,20,2023-01-20,YYYY.MM.DD,,2026-09-12T19:23:29
15,서현,002810,002810.jpg,2023.01.20,2023,01,20,2023-01-20,YYYY.MM.DD,,2026-09-12T17:27:25
7,서현,002811,002811.jpg,2023.01.13,2023,01,13,2023-01-13,YYYY.MM.DD,,2026-09-12T17:50:26
11,승아,002812,002812.jpg,2023.01.13,2023,01,13,2023-01-13,YYYY.MM.DD,,2026-09-12T14:18:24
4,서영,002813,002813.jpg,2021.04.02,2021,04,02,2021-04-02,YYYY.MM.DD,,2026-09-09T14:27:47
4,서영,002814,002814.jpg,2021.04.02,2021,04,02,2021-04-02,YYYY.MM.DD,,2026-09-09T14:27:51
14,서영,002815,002815.jpg,2021.06.28 2,2021,06,28,2021-06-28,YYYY.MM.DD,2,2026-09-10T10:29:37
14,서영,002816,002816.jpg,2021.06.28 2,2021,06,28,2021-06-28,YYYY.MM.DD,2,2026-09-10T10:29:41
11,승아,002817,002817.jpg,2022.01.04,2022,01,04,2022-01-04,YYYY.MM.DD,,2026-09-12T14:18:29
15,서현,002818,002818.jpg,2022.12.01,2022,12,01,2022-12-01,YYYY.MM.DD,,2026-09-12T17:27:28
13,민섭,002819,002819.jpg,2022.12.01,2022,12,01,2022-12-01,YYYY.MM.DD,,2026-09-12T19:23:33
7,서현,002820,002820.jpg,2021.11.19,2021,11,19,2021-11-19,YYYY.MM.DD,,2026-09-12T17:50:32
7,서현,002821,002821.jpg,2021.11.19,2021,11,19,2021-11-19,YYYY.MM.DD,,2026-09-12T17:50:35
14,서영,002822,002822.jpg,2021.10.07,2021,10,07,2021-10-07,YYYY.MM.DD,,2026-09-10T10:29:44
11,승아,002823,002823.jpg,2021.10.07,2021,10,07,2021-10-07,YYYY.MM.DD,,2026-09-12T14:18:35
12,서현,002824,002824.jpg,2022.11.08,2022,11,08,2022-11-08,YYYY.MM.DD,,2026-09-12T18:08:21
1,승아,002825,002825.jpg,2022.11.08,2022,11,08,2022-11-08,YYYY.MM.DD,,2026-09-09T15:22:00
1,승아,002826,002826.jpg,03 JUL 2021,2021,07,03,2021-07-03,DD MON YYYY,,2026-09-09T15:22:05
11,승아,002827,002827.jpg,03 JUL 2021,2021,07,03,2021-07-03,DD MON YYYY,,2026-09-12T14:18:41
13,민섭,002828,002828.jpg,02.01.2022,2022,01,02,2022-01-02,DD.MM.YYYY,,2026-09-12T19:23:37
12,서현,002829,002829.jpg,02.01.2022,2022,01,02,2022-01-02,DD.MM.YYYY,,2026-09-12T18:08:27
15,서현,002830,002830.jpg,2022.05.21,2022,05,21,2022-05-21,YYYY.MM.DD,,2026-09-12T17:27:31
9,서영,002831,002831.jpg,2022.05.21,2022,05,21,2022-05-21,YYYY.MM.DD,,2026-09-09T18:21:08
6,승아,002832,002832.jpg,2021.08.30,2021,08,30,2021-08-30,YYYY.MM.DD,,2026-09-09T15:52:26
13,민섭,002833,002833.jpg,2021 08 30,2021,08,30,2021-08-30,YYYY.MM.DD,,2026-09-12T19:23:42
2,서현,002834,002834.jpg,2021 06 30,2021,06,30,2021-06-30,YYYY.MM.DD,,2026-09-09T13:37:24
12,서현,002835,002835.jpg,2021 06 30,2021,06,30,2021-06-30,YYYY.MM.DD,,2026-09-12T18:08:31
13,민섭,002836,002836.jpg,01/08/2021,2021,08,01,2021-08-01,DD.MM.YYYY,,2026-09-12T19:23:48
14,서영,002837,002837.jpg,02/08/2022,2022,08,02,2022-08-02,DD.MM.YYYY,,2026-09-10T10:29:48
1,승아,002838,002838.jpg,02/08/2022,2022,08,02,2022-08-02,DD.MM.YYYY,,2026-09-09T15:23:06
11,승아,002839,002839.jpg,2021.05.24,2021,05,24,2021-05-24,YYYY.MM.DD,,2026-09-12T14:18:47
3,민섭,002840,002840.jpg,2021.05.24,2021,05,24,2021-05-24,YYYY.MM.DD,,2026-09-09T20:29:57
11,승아,002841,002841.jpg,22-09-2023,2023,09,22,2023-09-22,DD.MM.YYYY,,2026-09-12T14:18:53
11,승아,002842,002842.jpg,22-09-2023,2023,09,22,2023-09-22,DD.MM.YYYY,,2026-09-12T14:19:01
14,서영,002843,002843.jpg,06.2023,2023,06,NONE,2023-06-NONE,MM.YYYY,,2026-09-10T10:29:51
15,서현,002844,002844.jpg,06.2023,2023,06,NONE,2023-06-NONE,MM.YYYY,,2026-09-12T17:27:37
11,승아,002845,002845.jpg,09.03.2020,2020,03,09,2020-03-09,DD.MM.YYYY,,2026-09-12T14:19:06
13,민섭,002846,002846.jpg,09.03.2020,2020,03,09,2020-03-09,DD.MM.YYYY,,2026-09-12T19:23:52
11,승아,002847,002847.jpg,30.12.2021,2021,12,30,2021-12-30,DD.MM.YYYY,,2026-09-12T14:19:26
10,병철,002848,002848.jpg,30.12.2021,2021,12,30,2021-12-30,DD.MM.YYYY,,2026-09-10T02:03:23
9,서영,002849,002849.jpg,2021.08.15,2021,08,15,2021-08-15,YYYY.MM.DD,,2026-09-09T18:21:13
15,서현,002850,002850.jpg,2021.08.15,2021,08,15,2021-08-15,YYYY.MM.DD,,2026-09-12T17:27:41
12,서현,002851,002851.jpg,02.08.21,2021,08,02,2021-08-02,DD.MM.YY,,2026-09-12T18:08:35
7,서현,002852,002852.jpg,02.08.21,2021,08,02,2021-08-02,DD.MM.YY,,2026-09-12T17:50:47
13,민섭,002853,002853.jpg,11.08.2021,2021,08,11,2021-08-11,DD.MM.YYYY,,2026-09-12T19:23:57
12,서현,002854,002854.jpg,11.08.2021,2021,08,11,2021-08-11,DD.MM.YYYY,,2026-09-12T18:08:39
12,서현,002855,002855.jpg,2022.09.13,2022,09,13,2022-09-13,YYYY.MM.DD,,2026-09-12T18:08:45
15,서현,002856,002856.jpg,2022.09.13,2022,09,13,2022-09-13,YYYY.MM.DD,,2026-09-12T17:27:44
14,서영,002857,002857.jpg,02 06 23,2023,06,02,2023-06-02,DD.MM.YY,,2026-09-10T10:29:58
1,승아,002858,002858.jpg,02 06 23,2023,06,02,2023-06-02,DD.MM.YY,,2026-09-09T15:23:15
12,서현,002859,002859.jpg,2022.06.15,2022,06,15,2022-06-15,YYYY.MM.DD,,2026-09-12T18:08:49
15,서현,002860,002860.jpg,2022.06.15,2022,06,15,2022-06-15,YYYY.MM.DD,,2026-09-12T17:27:50
13,민섭,002861,002861.jpg,25/03/2021,2021,03,25,2021-03-25,DD.MM.YYYY,,2026-09-12T19:24:03
12,서현,002862,002862.jpg,2021.08.30,2021,08,30,2021-08-30,YYYY.MM.DD,,2026-09-12T18:08:54
15,서현,002863,002863.jpg,2021.08.30,2021,08,30,2021-08-30,YYYY.MM.DD,,2026-09-12T17:27:53
13,민섭,002864,002864.jpg,02/03/2023,2023,03,02,2023-03-02,DD.MM.YYYY,,2026-09-12T19:24:12
3,민섭,002865,002865.jpg,03/02/2023,2023,02,03,2023-02-03,DD.MM.YYYY,,2026-09-09T20:30:07
13,민섭,002866,002866.jpg,28/02/22 d,2022,02,28,2022-02-28,DD.MM.YY,d,2026-09-12T19:25:17
1,승아,002867,002867.jpg,28/02/22,2022,02,28,2022-02-28,DD.MM.YY,,2026-09-09T15:23:55
15,서현,002868,002868.jpg,2021.08.04,2021,08,04,2021-08-04,YYYY.MM.DD,,2026-09-12T17:29:26
9,서영,002869,002869.jpg,2021.08.04,2021,08,04,2021-08-04,YYYY.MM.DD,,2026-09-09T18:21:18
12,서현,002870,002870.jpg,2021.02.25,2021,02,25,2021-02-25,YYYY.MM.DD,,2026-09-12T18:08:58
6,승아,002871,002871.jpg,2021.02.25,2021,02,25,2021-02-25,YYYY.MM.DD,,2026-09-09T15:52:31
10,병철,002872,002872.jpg,2021.04.07,2021,04,07,2021-04-07,YYYY.MM.DD,,2026-09-10T02:03:26
5,병철,002873,002873.jpg,2021.04.07,2021,04,07,2021-04-07,YYYY.MM.DD,,2026-09-10T01:36:12
9,서영,002874,002874.jpg,2021.04.11,2021,04,11,2021-04-11,YYYY.MM.DD,,2026-09-09T18:21:21
3,민섭,002875,002875.jpg,2021.04.11,2021,04,11,2021-04-11,YYYY.MM.DD,,2026-09-09T20:30:11
10,병철,002876,002876.jpg,2022.12.04,2022,12,04,2022-12-04,YYYY.MM.DD,,2026-09-10T02:03:30
11,승아,002877,002877.jpg,2022.12.04,2022,12,04,2022-12-04,YYYY.MM.DD,,2026-09-12T14:19:30
4,서영,002878,002878.jpg,2021.06.21,2021,06,21,2021-06-21,YYYY.MM.DD,,2026-09-09T14:27:56
10,병철,002879,002879.jpg,2021.06.21,2021,06,21,2021-06-21,YYYY.MM.DD,,2026-09-10T02:03:33
15,서현,002880,002880.jpg,2021.04.13 2,2021,04,13,2021-04-13,YYYY.MM.DD,2,2026-09-12T17:29:32
11,승아,002881,002881.jpg,2021.04.13 2,2021,04,13,2021-04-13,YYYY.MM.DD,2,2026-09-12T14:19:39
11,승아,002882,002882.jpg,2023.12.08,2023,12,08,2023-12-08,YYYY.MM.DD,,2026-09-12T14:19:44
12,서현,002883,002883.jpg,2023.12.08,2023,12,08,2023-12-08,YYYY.MM.DD,,2026-09-12T18:09:05
13,민섭,002884,002884.jpg,2022.07.20,2022,07,20,2022-07-20,YYYY.MM.DD,,2026-09-12T19:25:23
14,서영,002885,002885.jpg,2022.07.20 b,2022,07,20,2022-07-20,YYYY.MM.DD,b,2026-09-10T10:30:03
15,서현,002886,002886.jpg,2022.01.04,2022,01,04,2022-01-04,YYYY.MM.DD,,2026-09-12T17:29:36
2,서현,002887,002887.jpg,2022.01.04,2022,01,04,2022-01-04,YYYY.MM.DD,,2026-09-09T13:37:29
7,서현,002888,002888.jpg,2021.07.15,2021,07,15,2021-07-15,YYYY.MM.DD,,2026-09-12T17:50:51
11,승아,002889,002889.jpg,2021.07.15,2021,07,15,2021-07-15,YYYY.MM.DD,,2026-09-12T14:19:48
15,서현,002890,002890.jpg,2021.11.11,2021,11,11,2021-11-11,YYYY.MM.DD,,2026-09-12T17:29:39
11,승아,002891,002891.jpg,2021.11.11,2021,11,11,2021-11-11,YYYY.MM.DD,,2026-09-12T14:19:52
11,승아,002892,002892.jpg,2021.03.31,2021,03,31,2021-03-31,YYYY.MM.DD,,2026-09-12T14:20:03
5,병철,002893,002893.jpg,2021.03.31,2021,03,31,2021-03-31,YYYY.MM.DD,,2026-09-10T01:36:15
11,승아,002894,002894.jpg,2024.02.13,2024,02,13,2024-02-13,YYYY.MM.DD,,2026-09-12T14:20:10
13,민섭,002895,002895.jpg,2024.02.13,2024,02,13,2024-02-13,YYYY.MM.DD,,2026-09-12T19:25:27
15,서현,002896,002896.jpg,2021.07.20,2021,07,20,2021-07-20,YYYY.MM.DD,,2026-09-12T17:29:42
15,서현,002897,002897.jpg,2021.07.20,2021,07,20,2021-07-20,YYYY.MM.DD,,2026-09-12T17:29:45
11,승아,002898,002898.jpg,2021.11.09,2021,11,09,2021-11-09,YYYY.MM.DD,,2026-09-12T14:20:15
10,병철,002899,002899.jpg,2021.11.09,2021,11,09,2021-11-09,YYYY.MM.DD,,2026-09-10T02:03:45
11,승아,002900,002900.jpg,2022 08 03,2022,08,03,2022-08-03,YYYY.MM.DD,,2026-09-12T14:20:21
6,승아,002901,002901.jpg,2022 08 03,2022,08,03,2022-08-03,YYYY.MM.DD,,2026-09-09T15:52:34
15,서현,002902,002902.jpg,2020.07.22,2020,07,22,2020-07-22,YYYY.MM.DD,,2026-09-12T17:29:50
9,서영,002903,002903.jpg,2020.07.22,2020,07,22,2020-07-22,YYYY.MM.DD,,2026-09-09T18:21:24
13,민섭,002904,002904.jpg,03/2023,2023,03,NONE,2023-03-NONE,MM.YYYY,,2026-09-12T19:25:35
11,승아,002905,002905.jpg,2021.05.19,2021,05,19,2021-05-19,YYYY.MM.DD,,2026-09-12T14:20:26
8,민섭,002906,002906.jpg,2021.05.19,2021,05,19,2021-05-19,YYYY.MM.DD,,2026-09-12T16:24:24
11,승아,002907,002907.jpg,30 10 2021 2,2021,10,30,2021-10-30,DD.MM.YYYY,2,2026-09-12T14:20:36
15,서현,002908,002908.jpg,30 10 2021,2021,10,30,2021-10-30,DD.MM.YYYY,,2026-09-12T17:29:55
14,서영,002909,002909.jpg,21.07.2021,2021,07,21,2021-07-21,DD.MM.YYYY,,2026-09-10T10:30:05
15,서현,002910,002910.jpg,21.07.2021,2021,07,21,2021-07-21,DD.MM.YYYY,,2026-09-12T17:29:59
7,서현,002911,002911.jpg,30/06/21,2021,06,30,2021-06-30,DD.MM.YY,,2026-09-12T17:50:56
13,민섭,002912,002912.jpg,30/06/21 d,2021,06,30,2021-06-30,DD.MM.YY,d,2026-09-12T19:25:51
11,승아,002913,002913.jpg,2020.11.18,2020,11,18,2020-11-18,YYYY.MM.DD,,2026-09-12T14:20:43
14,서영,002914,002914.jpg,2020.11.18,2020,11,18,2020-11-18,YYYY.MM.DD,,2026-09-10T10:30:09
13,민섭,002915,002915.jpg,2022.09.15,2022,09,15,2022-09-15,YYYY.MM.DD,,2026-09-12T19:26:39
5,병철,002916,002916.jpg,2022.09.15,2022,09,15,2022-09-15,YYYY.MM.DD,,2026-09-10T01:36:20
14,서영,002917,002917.jpg,30/04/21,2021,04,30,2021-04-30,DD.MM.YY,,2026-09-10T10:30:17
15,서현,002918,002918.jpg,30/04/21,2021,04,30,2021-04-30,DD.MM.YY,,2026-09-12T17:30:03
15,서현,002919,002919.jpg,11.09.2021,2021,09,11,2021-09-11,DD.MM.YYYY,,2026-09-12T17:30:07
14,서영,002920,002920.jpg,11.09.2021,2021,09,11,2021-09-11,DD.MM.YYYY,,2026-09-10T10:30:19
12,서현,002921,002921.jpg,12.09.2021,2021,09,12,2021-09-12,DD.MM.YYYY,,2026-09-12T18:09:08
2,서현,002922,002922.jpg,12.09.2021,2021,09,12,2021-09-12,DD.MM.YYYY,,2026-09-09T13:37:34
15,서현,002923,002923.jpg,2021.06.13,2021,06,13,2021-06-13,YYYY.MM.DD,,2026-09-12T17:30:12
12,서현,002924,002924.jpg,2021.06.13,2021,06,13,2021-06-13,YYYY.MM.DD,,2026-09-12T18:09:12
11,승아,002925,002925.jpg,2021.11.06,2021,11,06,2021-11-06,YYYY.MM.DD,,2026-09-12T14:20:47
4,서영,002926,002926.jpg,2021.11.06,2021,11,06,2021-11-06,YYYY.MM.DD,,2026-09-09T14:27:59
2,서현,002927,002927.jpg,04.08,NONE,04,08,NONE-04-08,MM.DD,,2026-09-09T13:37:40
11,승아,002928,002928.jpg,04.08,NONE,04,08,NONE-04-08,MM.DD,,2026-09-12T14:20:56
9,서영,002929,002929.jpg,2022.09.27,2022,09,27,2022-09-27,YYYY.MM.DD,,2026-09-09T18:21:28
3,민섭,002930,002930.jpg,2022.09.27,2022,09,27,2022-09-27,YYYY.MM.DD,,2026-09-09T20:30:15
5,병철,002931,002931.jpg,22.06.30,2022,06,30,2022-06-30,YY.MM.DD,,2026-09-10T01:36:27
12,서현,002932,002932.jpg,01.02.22,2022,02,01,2022-02-01,DD.MM.YY,,2026-09-12T18:09:20
12,서현,002933,002933.jpg,01.02.22,2022,02,01,2022-02-01,DD.MM.YY,,2026-09-12T18:09:23
11,승아,002934,002934.jpg,02.02.22,2022,02,02,2022-02-02,DD.MM.YY,,2026-09-12T14:21:11
14,서영,002935,002935.jpg,02.02.22,2022,02,02,2022-02-02,DD.MM.YY,,2026-09-10T10:30:24
15,서현,002936,002936.jpg,21.11.11,2021,11,11,2021-11-11,YY.MM.DD,,2026-09-12T17:30:15
13,민섭,002937,002937.jpg,21.11.11,2021,11,11,2021-11-11,YY.MM.DD,,2026-09-12T19:26:43
14,서영,002938,002938.jpg,10/2021,2021,10,NONE,2021-10-NONE,MM.YYYY,,2026-09-10T10:30:26
11,승아,002939,002939.jpg,2022/07/29,2022,07,29,2022-07-29,YYYY.MM.DD,,2026-09-12T14:21:17
14,서영,002940,002940.jpg,2022/07/29,2022,07,29,2022-07-29,YYYY.MM.DD,,2026-09-10T10:30:31
11,승아,002941,002941.jpg,05 07 2021,2021,07,05,2021-07-05,DD.MM.YYYY,,2026-09-12T14:21:23
10,병철,002942,002942.jpg,05  07 2021,2021,07,05,2021-07-05,DD.MM.YYYY,,2026-09-10T02:03:48
13,민섭,002943,002943.jpg,2020.06.23,2020,06,23,2020-06-23,YYYY.MM.DD,,2026-09-12T19:26:47
13,민섭,002944,002944.jpg,2020.06.23,2020,06,23,2020-06-23,YYYY.MM.DD,,2026-09-12T19:26:50
13,민섭,002945,002945.jpg,27/08/2023,2023,08,27,2023-08-27,DD.MM.YYYY,,2026-09-12T19:26:55
11,승아,002946,002946.jpg,25 09 2021,2021,09,25,2021-09-25,DD.MM.YYYY,,2026-09-12T14:21:29
5,병철,002947,002947.jpg,25 09 2021,2021,09,25,2021-09-25,DD.MM.YYYY,,2026-09-10T01:36:32
13,민섭,002948,002948.jpg,12.08.2021,2021,08,12,2021-08-12,DD.MM.YYYY,,2026-09-12T19:26:59
15,서현,002949,002949.jpg,12.08.2021,2021,08,12,2021-08-12,DD.MM.YYYY,,2026-09-12T17:30:19
14,서영,002950,002950.jpg,2021.04.30,2021,04,30,2021-04-30,YYYY.MM.DD,,2026-09-10T10:30:34
6,승아,002951,002951.jpg,2021.04.30,2021,04,30,2021-04-30,YYYY.MM.DD,,2026-09-09T15:52:39
13,민섭,002952,002952.jpg,21.11.03,2021,11,03,2021-11-03,YY.MM.DD,,2026-09-12T19:27:07
6,승아,002953,002953.jpg,2020.05.28,2020,05,28,2020-05-28,YYYY.MM.DD,,2026-09-09T15:52:49
3,민섭,002954,002954.jpg,2021.02.28,2021,02,28,2021-02-28,YYYY.MM.DD,,2026-09-09T20:30:23
3,민섭,002955,002955.jpg,2022.11.04,2022,11,04,2022-11-04,YYYY.MM.DD,,2026-09-09T20:30:27
15,서현,002956,002956.jpg,NONE,NONE,NONE,NONE,NONE,none,m,2026-09-12T17:30:23
15,서현,002957,002957.jpg,NONE,NONE,NONE,NONE,NONE,none,m,2026-09-12T17:30:26
12,서현,002958,002958.jpg,2022.07.27,2022,07,27,2022-07-27,YYYY.MM.DD,,2026-09-12T18:09:27
15,서현,002959,002959.jpg,2022.07.27,2022,07,27,2022-07-27,YYYY.MM.DD,,2026-09-12T17:30:33
13,민섭,002960,002960.jpg,2021.10.08,2021,10,08,2021-10-08,YYYY.MM.DD,,2026-09-12T19:27:11
14,서영,002961,002961.jpg,2021.11.21,2021,11,21,2021-11-21,YYYY.MM.DD,,2026-09-10T10:30:45
15,서현,002962,002962.jpg,N,NONE,NONE,NONE,NONE,none,,2026-09-12T17:31:33
14,서영,002963,002963.jpg,2020.11.06,2020,11,06,2020-11-06,YYYY.MM.DD,,2026-09-10T10:30:48
2,서현,002964,002964.jpg,2022.09.03,2022,09,03,2022-09-03,YYYY.MM.DD,,2026-09-09T13:37:54
8,민섭,002965,002965.jpg,2022.09.03,2022,09,03,2022-09-03,YYYY.MM.DD,,2026-09-12T16:24:28
14,서영,002966,002966.jpg,03/09/21,2021,09,03,2021-09-03,DD.MM.YY,,2026-09-10T10:30:51
14,서영,002967,002967.jpg,03/09/21,2021,09,03,2021-09-03,DD.MM.YY,,2026-09-10T10:30:55
13,민섭,002968,002968.jpg,2021.05.28,2021,05,28,2021-05-28,YYYY.MM.DD,,2026-09-12T19:27:15
10,병철,002969,002969.jpg,2021.07.07,2021,07,07,2021-07-07,YYYY.MM.DD,,2026-09-10T02:03:53
1,승아,002970,002970.jpg,2022.11.14,2022,11,14,2022-11-14,YYYY.MM.DD,,2026-09-09T15:24:00
11,승아,002971,002971.jpg,2022.11.14,2022,11,14,2022-11-14,YYYY.MM.DD,,2026-09-12T14:21:34
12,서현,002972,002972.jpg,2022.03.20,2022,03,20,2022-03-20,YYYY.MM.DD,,2026-09-12T18:09:35
15,서현,002973,002973.jpg,2022.03.20,2022,03,20,2022-03-20,YYYY.MM.DD,,2026-09-12T17:31:37
14,서영,002974,002974.jpg,15/03/2022 2,2022,03,15,2022-03-15,DD.MM.YYYY,2,2026-09-10T10:31:01
11,승아,002975,002975.jpg,15/03/2022 2,2022,03,15,2022-03-15,DD.MM.YYYY,2,2026-09-12T14:21:58
10,병철,002976,002976.jpg,2020.05.12,2020,05,12,2020-05-12,YYYY.MM.DD,,2026-09-10T02:03:56
12,서현,002977,002977.jpg,2020.05.12,2020,05,12,2020-05-12,YYYY.MM.DD,,2026-09-12T18:09:38
15,서현,002978,002978.jpg,20.07.20,2020,07,20,2020-07-20,YY.MM.DD,,2026-09-12T17:31:41
7,서현,002979,002979.jpg,20.07.20,2020,07,20,2020-07-20,YY.MM.DD,,2026-09-12T17:51:00
7,서현,002980,002980.jpg,2021.1217,2021,12,17,2021-12-17,YYYY MMDD,,2026-09-12T17:51:03
13,민섭,002981,002981.jpg,2021.12 17,2021,12,17,2021-12-17,YYYY.MM.DD,,2026-09-12T19:27:20
11,승아,002982,002982.jpg,2021.09.14,2021,09,14,2021-09-14,YYYY.MM.DD,,2026-09-12T14:22:05
14,서영,002983,002983.jpg,2021.09.14,2021,09,14,2021-09-14,YYYY.MM.DD,,2026-09-10T10:31:04
9,서영,002984,002984.jpg,2021.05.01,2021,05,01,2021-05-01,YYYY.MM.DD,,2026-09-09T18:21:31
11,승아,002985,002985.jpg,2021.05.01,2021,05,01,2021-05-01,YYYY.MM.DD,,2026-09-12T14:22:12
14,서영,002986,002986.jpg,2022.04.01,2022,04,01,2022-04-01,YYYY.MM.DD,,2026-09-10T10:31:06
10,병철,002987,002987.jpg,2022.04.01,2022,04,01,2022-04-01,YYYY.MM.DD,,2026-09-10T02:03:58
11,승아,002988,002988.jpg,2021.07.20,2021,07,20,2021-07-20,YYYY.MM.DD,,2026-09-12T16:18:45
12,서현,002989,002989.jpg,2021.07.20,2021,07,20,2021-07-20,YYYY.MM.DD,,2026-09-12T18:09:42
11,승아,002990,002990.jpg,2021.03.20,2021,03,20,2021-03-20,YYYY.MM.DD,,2026-09-12T16:18:50
2,서현,002991,002991.jpg,2021.03.20,2021,03,20,2021-03-20,YYYY.MM.DD,,2026-09-09T13:37:58
13,민섭,002992,002992.jpg,2021.02.21,2021,02,21,2021-02-21,YYYY.MM.DD,,2026-09-12T19:27:36
14,서영,002993,002993.jpg,2021.11.22,2021,11,22,2021-11-22,YYYY.MM.DD,,2026-09-10T10:31:09
15,서현,002994,002994.jpg,2022.07.13,2022,07,13,2022-07-13,YYYY.MM.DD,,2026-09-12T17:31:45
12,서현,002995,002995.jpg,2022.07.13,2022,07,13,2022-07-13,YYYY.MM.DD,,2026-09-12T18:09:46
11,승아,002996,002996.jpg,2022.10.15,2022,10,15,2022-10-15,YYYY.MM.DD,,2026-09-12T16:18:55
3,민섭,002997,002997.jpg,2022.10.15,2022,10,15,2022-10-15,YYYY.MM.DD,,2026-09-09T20:30:31
15,서현,002998,002998.jpg,2021.10.07,2021,10,07,2021-10-07,YYYY.MM.DD,,2026-09-12T17:31:48
11,승아,002999,002999.jpg,2021.10.07,2021,10,07,2021-10-07,YYYY.MM.DD,,2026-09-12T16:18:59
14,서영,003000,003000.jpg,2021.10.12,2021,10,12,2021-10-12,YYYY.MM.DD,,2026-09-10T10:31:11
7,서현,003001,003001.jpg,2021.12.05,2021,12,05,2021-12-05,YYYY.MM.DD,,2026-09-12T17:51:07
11,승아,003002,003002.jpg,2022.06.18,2022,06,18,2022-06-18,YYYY.MM.DD,,2026-09-12T16:19:02
6,승아,003003,003003.jpg,2022.11.26,2022,11,26,2022-11-26,YYYY.MM.DD,,2026-09-09T15:52:53
13,민섭,003004,003004.jpg,05.2023,2023,05,NONE,2023-05-NONE,MM.YYYY,,2026-09-12T19:27:39
10,병철,003005,003005.jpg,05.2023,2023,05,NONE,2023-05-NONE,MM.YYYY,,2026-09-10T02:04:01
14,서영,003006,003006.jpg,2022.05.26,2022,05,26,2022-05-26,YYYY.MM.DD,,2026-09-10T10:31:14
15,서현,003007,003007.jpg,2021.11.30,2021,11,30,2021-11-30,YYYY.MM.DD,,2026-09-12T17:31:50
13,민섭,003008,003008.jpg,05-10-21,2021,10,05,2021-10-05,DD.MM.YY,,2026-09-12T19:27:43
15,서현,003009,003009.jpg,05-10-21,2021,10,05,2021-10-05,DD.MM.YY,,2026-09-12T17:31:54
12,서현,003010,003010.jpg,11 12 2021,2021,12,11,2021-12-11,DD.MM.YYYY,,2026-09-12T18:09:50
3,민섭,003011,003011.jpg,11 12 2021,2021,12,11,2021-12-11,DD.MM.YYYY,,2026-09-09T20:30:39
14,서영,003012,003012.jpg,29.Jan.2024,2024,01,29,2024-01-29,DD MON YYYY,,2026-09-10T10:31:24
13,민섭,003013,003013.jpg,29.Jan.2024,2024,01,29,2024-01-29,DD MON YYYY,,2026-09-12T19:27:49
13,민섭,003014,003014.jpg,2021 JUN 12,2021,06,12,2021-06-12,YYYY MON DD,,2026-09-12T19:27:56
11,승아,003015,003015.jpg,2022.07.01,2022,07,01,2022-07-01,YYYY.MM.DD,,2026-09-12T16:19:06
13,민섭,003016,003016.jpg,2022.07.01,2022,07,01,2022-07-01,YYYY.MM.DD,,2026-09-12T19:27:59
7,서현,003017,003017.jpg,2022.02.23,2022,02,23,2022-02-23,YYYY.MM.DD,,2026-09-12T17:51:10
13,민섭,003018,003018.jpg,2023.01.04,2023,01,04,2023-01-04,YYYY.MM.DD,,2026-09-12T19:28:03
5,병철,003019,003019.jpg,21.11.13,2021,11,13,2021-11-13,YY.MM.DD,,2026-09-10T01:36:36
15,서현,003020,003020.jpg,2021.03.23,2021,03,23,2021-03-23,YYYY.MM.DD,,2026-09-12T17:31:57
6,승아,003021,003021.jpg,2021.03.23,2021,03,23,2021-03-23,YYYY.MM.DD,,2026-09-09T15:52:58
13,민섭,003022,003022.jpg,2021.11.01,2021,11,01,2021-11-01,YYYY.MM.DD,,2026-09-12T19:28:05
1,승아,003023,003023.jpg,2021.11.01,2021,11,01,2021-11-01,YYYY.MM.DD,,2026-09-09T15:24:04
11,승아,003024,003024.jpg,13.09.2021,2021,09,13,2021-09-13,DD.MM.YYYY,,2026-09-12T16:19:11
13,민섭,003025,003025.jpg,13.09.2021,2021,09,13,2021-09-13,DD.MM.YYYY,,2026-09-12T19:28:12
15,서현,003026,003026.jpg,21.04.10,2021,04,10,2021-04-10,YY.MM.DD,,2026-09-12T17:32:01
14,서영,003027,003027.jpg,2021/09/28,2021,09,28,2021-09-28,YYYY.MM.DD,,2026-09-10T10:31:28
6,승아,003028,003028.jpg,2021/09/28,2021,09,28,2021-09-28,YYYY.MM.DD,,2026-09-09T15:53:05
14,서영,003029,003029.jpg,02.11.2021,2021,11,02,2021-11-02,DD.MM.YYYY,,2026-09-10T10:31:31
12,서현,003030,003030.jpg,02.11.2021,2021,11,02,2021-11-02,DD.MM.YYYY,,2026-09-12T18:10:05
15,서현,003031,003031.jpg,2020-07-14,2020,07,14,2020-07-14,YYYY.MM.DD,,2026-09-12T17:32:06
13,민섭,003032,003032.jpg,12.04.2021,2021,04,12,2021-04-12,DD.MM.YYYY,,2026-09-12T19:28:17
15,서현,003033,003033.jpg,21 11 2022,2022,11,21,2022-11-21,DD.MM.YYYY,,2026-09-12T17:32:09
13,민섭,003034,003034.jpg,21 11 2022,2022,11,21,2022-11-21,DD.MM.YYYY,,2026-09-12T19:28:21
3,민섭,003035,003035.jpg,28 08 2022,2022,08,28,2022-08-28,DD.MM.YYYY,,2026-09-09T20:30:44
14,서영,003036,003036.jpg,28 08 2022,2022,08,28,2022-08-28,DD.MM.YYYY,,2026-09-10T10:31:33
11,승아,003037,003037.jpg,2021.02.18,2021,02,18,2021-02-18,YYYY.MM.DD,,2026-09-12T16:19:15
11,승아,003038,003038.jpg,2021.02.18,2021,02,18,2021-02-18,YYYY.MM.DD,,2026-09-12T16:19:18
13,민섭,003039,003039.jpg,2021.03.01,2021,03,01,2021-03-01,YYYY.MM.DD,,2026-09-12T19:28:26
7,서현,003040,003040.jpg,2021.03.01,2021,03,01,2021-03-01,YYYY.MM.DD,,2026-09-12T17:51:14
13,민섭,003041,003041.jpg,17.JAN.2022,2022,01,17,2022-01-17,DD MON YYYY,,2026-09-12T19:28:31
1,승아,003042,003042.jpg,17.JAN.2022,2022,01,17,2022-01-17,DD MON YYYY,,2026-09-09T15:24:10
11,승아,003043,003043.jpg,2020-07-13,2020,07,13,2020-07-13,YYYY.MM.DD,,2026-09-12T16:19:25
15,서현,003044,003044.jpg,2022.05.02,2022,05,02,2022-05-02,YYYY.MM.DD,,2026-09-12T17:32:14
12,서현,003045,003045.jpg,2022.05.02,2022,05,02,2022-05-02,YYYY.MM.DD,,2026-09-12T18:10:11
13,민섭,003046,003046.jpg,2021.10.20,2021,10,20,2021-10-20,YYYY.MM.DD,,2026-09-12T19:28:34
13,민섭,003047,003047.jpg,07/04/2021,2021,04,07,2021-04-07,DD.MM.YYYY,,2026-09-12T19:28:38
7,서현,003048,003048.jpg,07/04/2021,2021,04,07,2021-04-07,DD.MM.YYYY,,2026-09-12T17:51:18
11,승아,003049,003049.jpg,16.02.21,2021,02,16,2021-02-16,DD.MM.YY,,2026-09-12T16:19:38
1,승아,003050,003050.jpg,16.02.21,2021,02,16,2021-02-16,DD.MM.YY,,2026-09-09T15:24:18
15,서현,003051,003051.jpg,2020.12.19,2020,12,19,2020-12-19,YYYY.MM.DD,,2026-09-12T17:32:17
12,서현,003052,003052.jpg,2020.12.19,2020,12,19,2020-12-19,YYYY.MM.DD,,2026-09-12T18:10:15
12,서현,003053,003053.jpg,28/10/2021,2021,10,28,2021-10-28,DD.MM.YYYY,,2026-09-12T18:10:19
12,서현,003054,003054.jpg,28/10/2021,2021,10,28,2021-10-28,DD.MM.YYYY,,2026-09-12T18:10:26
14,서영,003055,003055.jpg,2021.03.06,2021,03,06,2021-03-06,YYYY.MM.DD,,2026-09-10T10:31:39
8,민섭,003056,003056.jpg,2021.03.06,2021,03,06,2021-03-06,YYYY.MM.DD,,2026-09-12T16:24:32
11,승아,003057,003057.jpg,2022.02.19,2022,02,19,2022-02-19,YYYY.MM.DD,,2026-09-12T16:19:44
11,승아,003058,003058.jpg,2022.02.19,2022,02,19,2022-02-19,YYYY.MM.DD,,2026-09-12T16:19:47
12,서현,003059,003059.jpg,2021.10.04,2021,10,04,2021-10-04,YYYY.MM.DD,,2026-09-12T18:10:32
9,서영,003060,003060.jpg,2021.10.04,2021,10,04,2021-10-04,YYYY.MM.DD,,2026-09-09T18:21:33
13,민섭,003061,003061.jpg,2022.03.05 2,2022,03,05,2022-03-05,YYYY.MM.DD,2,2026-09-12T19:28:45
5,병철,003062,003062.jpg,2022.03.05  2,2022,03,05,2022-03-05,YYYY.MM.DD,2,2026-09-10T01:36:40
14,서영,003063,003063.jpg,2021/10/18,2021,10,18,2021-10-18,YYYY.MM.DD,,2026-09-10T10:31:42
7,서현,003064,003064.jpg,2021/10/18,2021,10,18,2021-10-18,YYYY.MM.DD,,2026-09-12T17:51:22
13,민섭,003065,003065.jpg,NONE,NONE,NONE,NONE,NONE,none,,2026-09-12T19:28:58
6,승아,003066,003066.jpg,2021.11.12,2021,11,12,2021-11-12,YYYY.MM.DD,,2026-09-09T15:53:11
14,서영,003067,003067.jpg,21.06.15,2021,06,15,2021-06-15,YY.MM.DD,,2026-09-10T10:31:45
11,승아,003068,003068.jpg,21.06.15,2021,06,15,2021-06-15,YY.MM.DD,,2026-09-12T16:19:53
15,서현,003069,003069.jpg,20.08.09 2,2020,08,09,2020-08-09,YY.MM.DD,2,2026-09-12T17:32:25
4,서영,003070,003070.jpg,20.08.09 2,2020,08,09,2020-08-09,YY.MM.DD,2,2026-09-09T14:28:03
15,서현,003071,003071.jpg,2021.08.19,2021,08,19,2021-08-19,YYYY.MM.DD,,2026-09-12T17:32:28
5,병철,003072,003072.jpg,2021.08.19,2021,08,19,2021-08-19,YYYY.MM.DD,,2026-09-10T01:36:43
13,민섭,003073,003073.jpg,2021.08.25,2021,08,25,2021-08-25,YYYY.MM.DD,,2026-09-12T19:29:30
15,서현,003074,003074.jpg,2021.08.25,2021,08,25,2021-08-25,YYYY.MM.DD,,2026-09-12T17:32:34
13,민섭,003075,003075.jpg,2021.01.16,2021,01,16,2021-01-16,YYYY.MM.DD,,2026-09-12T19:29:33
12,서현,003076,003076.jpg,2021.01.16,2021,01,16,2021-01-16,YYYY.MM.DD,,2026-09-12T18:10:38
13,민섭,003077,003077.jpg,21.12.13,2021,12,13,2021-12-13,YY.MM.DD,,2026-09-12T19:29:37
14,서영,003078,003078.jpg,21.12.13,2021,12,13,2021-12-13,YY.MM.DD,,2026-09-10T10:31:48
2,서현,003079,003079.jpg,2021.11.01,2021,11,01,2021-11-01,YYYY.MM.DD,,2026-09-09T13:38:01
12,서현,003080,003080.jpg,2021.11.01,2021,11,01,2021-11-01,YYYY.MM.DD,,2026-09-12T18:10:41
12,서현,003081,003081.jpg,2021.12.02 2,2021,12,02,2021-12-02,YYYY.MM.DD,2,2026-09-12T18:10:46
12,서현,003082,003082.jpg,2021.12.02 2,2021,12,02,2021-12-02,YYYY.MM.DD,2,2026-09-12T18:10:51
12,서현,003083,003083.jpg,21.12.02,2021,12,02,2021-12-02,YY.MM.DD,,2026-09-12T18:10:53
11,승아,003084,003084.jpg,21.12.02,2021,12,02,2021-12-02,YY.MM.DD,,2026-09-12T16:20:03
11,승아,003085,003085.jpg,2021.06.27,2021,06,27,2021-06-27,YYYY.MM.DD,,2026-09-12T16:20:09
12,서현,003086,003086.jpg,2021.06.27,2021,06,27,2021-06-27,YYYY.MM.DD,,2026-09-12T18:10:58
15,서현,003087,003087.jpg,30.06.2021,2021,06,30,2021-06-30,DD.MM.YYYY,,2026-09-12T17:32:38
3,민섭,003088,003088.jpg,30.06.2021,2021,06,30,2021-06-30,DD.MM.YYYY,,2026-09-09T20:30:50
11,승아,003089,003089.jpg,15-09-2021,2021,09,15,2021-09-15,DD.MM.YYYY,,2026-09-12T16:20:15
12,서현,003090,003090.jpg,15-09-2021,2021,09,15,2021-09-15,DD.MM.YYYY,,2026-09-12T18:11:04
11,승아,003091,003091.jpg,17-09-2021,2021,09,17,2021-09-17,DD.MM.YYYY,,2026-09-12T16:20:24
11,승아,003092,003092.jpg,17-09-2021,2021,09,17,2021-09-17,DD.MM.YYYY,,2026-09-12T16:20:30
11,승아,003093,003093.jpg,2023.01.03,2023,01,03,2023-01-03,YYYY.MM.DD,,2026-09-12T16:20:37
15,서현,003094,003094.jpg,2023.01.03,2023,01,03,2023-01-03,YYYY.MM.DD,,2026-09-12T17:32:43
12,서현,003095,003095.jpg,2022.10.12,2022,10,12,2022-10-12,YYYY.MM.DD,,2026-09-12T18:11:08
13,민섭,003096,003096.jpg,2022.10.12,2022,10,12,2022-10-12,YYYY.MM.DD,,2026-09-12T19:29:41
13,민섭,003097,003097.jpg,2021.04.12,2021,04,12,2021-04-12,YYYY.MM.DD,,2026-09-12T19:29:44
14,서영,003098,003098.jpg,2021.04.12,2021,04,12,2021-04-12,YYYY.MM.DD,,2026-09-10T10:31:51
11,승아,003099,003099.jpg,2022.08.07,2022,08,07,2022-08-07,YYYY.MM.DD,,2026-09-12T16:20:42
12,서현,003100,003100.jpg,2022.11.21,2022,11,21,2022-11-21,YYYY.MM.DD,,2026-09-12T18:11:11
14,서영,003101,003101.jpg,2022.11.21,2022,11,21,2022-11-21,YYYY.MM.DD,,2026-09-10T10:31:53
12,서현,003102,003102.jpg,2022.03.29,2022,03,29,2022-03-29,YYYY.MM.DD,,2026-09-12T18:11:14
7,서현,003103,003103.jpg,2022.03.29,2022,03,29,2022-03-29,YYYY.MM.DD,,2026-09-12T17:51:26
11,승아,003104,003104.jpg,2023.12.06,2023,12,06,2023-12-06,YYYY.MM.DD,,2026-09-12T16:20:47
14,서영,003105,003105.jpg,2023.12.06,2023,12,06,2023-12-06,YYYY.MM.DD,,2026-09-10T10:31:57
15,서현,003106,003106.jpg,2021.01.11,2021,01,11,2021-01-11,YYYY.MM.DD,,2026-09-12T17:32:45
11,승아,003107,003107.jpg,2021.01.11,2021,01,11,2021-01-11,YYYY.MM.DD,,2026-09-12T16:20:53
13,민섭,003108,003108.jpg,16/07/2022,2022,07,16,2022-07-16,DD.MM.YYYY,,2026-09-12T19:29:48
11,승아,003109,003109.jpg,16/07/2022,2022,07,16,2022-07-16,DD.MM.YYYY,,2026-09-12T16:20:58
15,서현,003110,003110.jpg,2021.06.09,2021,06,09,2021-06-09,YYYY.MM.DD,,2026-09-12T17:32:50
12,서현,003111,003111.jpg,2021.06.09,2021,06,09,2021-06-09,YYYY.MM.DD,,2026-09-12T18:11:21
14,서영,003112,003112.jpg,2021.03.28,2021,03,28,2021-03-28,YYYY.MM.DD,,2026-09-10T10:32:01
9,서영,003113,003113.jpg,2021.03.28,2021,03,28,2021-03-28,YYYY.MM.DD,,2026-09-09T18:21:39
15,서현,003114,003114.jpg,2021.09.25,2021,09,25,2021-09-25,YYYY.MM.DD,,2026-09-12T17:32:55
11,승아,003115,003115.jpg,2021.09.25 2,2021,09,25,2021-09-25,YYYY.MM.DD,2,2026-09-12T16:21:04
3,민섭,003116,003116.jpg,2021.12.29,2021,12,29,2021-12-29,YYYY.MM.DD,,2026-09-09T20:30:56
11,승아,003117,003117.jpg,2021.12.29,2021,12,29,2021-12-29,YYYY.MM.DD,,2026-09-12T16:21:08
13,민섭,003118,003118.jpg,2021.07.10,2021,07,10,2021-07-10,YYYY.MM.DD,,2026-09-12T19:29:52
7,서현,003119,003119.jpg,2021.07.10,2021,07,10,2021-07-10,YYYY.MM.DD,,2026-09-12T17:51:32
13,민섭,003120,003120.jpg,2021.09.30,2021,09,30,2021-09-30,YYYY.MM.DD,,2026-09-12T19:29:55
11,승아,003121,003121.jpg,2021.09.30,2021,09,30,2021-09-30,YYYY.MM.DD,,2026-09-12T16:21:13
8,민섭,003122,003122.jpg,2021.09.15,2021,09,15,2021-09-15,YYYY.MM.DD,,2026-09-12T16:24:36
4,서영,003123,003123.jpg,15.09.2021 2,2021,09,15,2021-09-15,DD.MM.YYYY,2,2026-09-09T14:28:10
11,승아,003124,003124.jpg,2021.03.07,2021,03,07,2021-03-07,YYYY.MM.DD,,2026-09-12T16:21:19
8,민섭,003125,003125.jpg,2021.03.07,2021,03,07,2021-03-07,YYYY.MM.DD,,2026-09-12T16:24:40
13,민섭,003126,003126.jpg,2021.02.16,2021,02,16,2021-02-16,YYYY.MM.DD,,2026-09-12T19:29:59
13,민섭,003127,003127.jpg,2021.02.16,2021,02,16,2021-02-16,YYYY.MM.DD,,2026-09-12T19:30:02
12,서현,003128,003128.jpg,2022.08.25,2022,08,25,2022-08-25,YYYY.MM.DD,,2026-09-12T18:11:26
9,서영,003129,003129.jpg,2022.08.25,2022,08,25,2022-08-25,YYYY.MM.DD,,2026-09-09T18:21:43
13,민섭,003130,003130.jpg,2022.03.30,2022,03,30,2022-03-30,YYYY.MM.DD,,2026-09-12T19:30:05
11,승아,003131,003131.jpg,2022.03.30,2022,03,30,2022-03-30,YYYY.MM.DD,,2026-09-12T16:21:26
12,서현,003132,003132.jpg,2021.05.22,2021,05,22,2021-05-22,YYYY.MM.DD,,2026-09-12T18:11:31
13,민섭,003133,003133.jpg,2021.05.22,2021,05,22,2021-05-22,YYYY.MM.DD,,2026-09-12T19:30:08
15,서현,003134,003134.jpg,2021.10.14,2021,10,14,2021-10-14,YYYY.MM.DD,,2026-09-12T17:32:59
15,서현,003135,003135.jpg,2021.10.14,2021,10,14,2021-10-14,YYYY.MM.DD,,2026-09-12T17:33:02
14,서영,003136,003136.jpg,2022.11.09,2022,11,09,2022-11-09,YYYY.MM.DD,,2026-09-10T10:32:04
6,승아,003137,003137.jpg,2022.11.09,2022,11,09,2022-11-09,YYYY.MM.DD,,2026-09-09T15:53:20
5,병철,003138,003138.jpg,2022.01.09,2022,01,09,2022-01-09,YYYY.MM.DD,,2026-09-10T01:36:46
11,승아,003139,003139.jpg,2022.01.09,2022,01,09,2022-01-09,YYYY.MM.DD,,2026-09-12T16:21:32
13,민섭,003140,003140.jpg,2021.07.12 2,2021,07,12,2021-07-12,YYYY.MM.DD,2,2026-09-12T19:30:14
13,민섭,003141,003141.jpg,2021.07.12 2,2021,07,12,2021-07-12,YYYY.MM.DD,2,2026-09-12T19:32:14
15,서현,003142,003142.jpg,2021.12.11 2,2021,12,11,2021-12-11,YYYY.MM.DD,2,2026-09-12T17:33:37
15,서현,003143,003143.jpg,2021.12.11 2,2021,12,11,2021-12-11,YYYY.MM.DD,2,2026-09-12T17:33:40
11,승아,003144,003144.jpg,22.01.11,2022,01,11,2022-01-11,YY.MM.DD,,2026-09-12T16:21:37
14,서영,003145,003145.jpg,22.01.11,2022,01,11,2022-01-11,YY.MM.DD,,2026-09-10T10:32:08
14,서영,003146,003146.jpg,2021.04.22,2021,04,22,2021-04-22,YYYY.MM.DD,,2026-09-10T10:32:10
12,서현,003147,003147.jpg,2021.04.22,2021,04,22,2021-04-22,YYYY.MM.DD,,2026-09-12T18:11:34
13,민섭,003148,003148.jpg,2022.01.14,2022,01,14,2022-01-14,YYYY.MM.DD,,2026-09-12T19:32:19
12,서현,003149,003149.jpg,2022.01.14,2022,01,14,2022-01-14,YYYY.MM.DD,,2026-09-12T18:11:37
1,승아,003150,003150.jpg,2021.12.10,2021,12,10,2021-12-10,YYYY.MM.DD,,2026-09-09T15:24:24
9,서영,003151,003151.jpg,2021.12.10,2021,12,10,2021-12-10,YYYY.MM.DD,,2026-09-09T18:21:45
9,서영,003152,003152.jpg,2021.06.30,2021,06,30,2021-06-30,YYYY.MM.DD,,2026-09-09T18:21:49
11,승아,003153,003153.jpg,2021.06.30,2021,06,30,2021-06-30,YYYY.MM.DD,,2026-09-12T16:21:41
11,승아,003154,003154.jpg,2021.07.11,2021,07,11,2021-07-11,YYYY.MM.DD,,2026-09-12T16:21:48
14,서영,003155,003155.jpg,2021.07.11,2021,07,11,2021-07-11,YYYY.MM.DD,,2026-09-10T10:32:30
12,서현,003156,003156.jpg,2021.10.26,2021,10,26,2021-10-26,YYYY.MM.DD,,2026-09-12T18:11:41
13,민섭,003157,003157.jpg,2021.10.26,2021,10,26,2021-10-26,YYYY.MM.DD,,2026-09-12T19:32:24
15,서현,003158,003158.jpg,2021.04.25,2021,04,25,2021-04-25,YYYY.MM.DD,,2026-09-12T17:33:44
15,서현,003159,003159.jpg,2020.04.23,2020,04,23,2020-04-23,YYYY.MM.DD,,2026-09-12T17:34:00
12,서현,003160,003160.jpg,"2021.06,13",2021,06,13,2021-06-13,YYYY.MM.DD,,2026-09-12T18:11:46
14,서영,003161,003161.jpg,10 2021,2021,10,NONE,2021-10-NONE,MM.YYYY,,2026-09-10T10:32:32
8,민섭,003162,003162.jpg,2021.09.20,2021,09,20,2021-09-20,YYYY.MM.DD,,2026-09-12T16:24:44
15,서현,003163,003163.jpg,21.02.16,2021,02,16,2021-02-16,YY.MM.DD,,2026-09-12T17:34:05
6,승아,003164,003164.jpg,2021 02 09,2021,02,09,2021-02-09,YYYY.MM.DD,,2026-09-09T15:53:26
11,승아,003165,003165.jpg,21.09.17,2021,09,17,2021-09-17,YY.MM.DD,,2026-09-12T16:21:54
14,서영,003166,003166.jpg,07.2021,2021,07,NONE,2021-07-NONE,MM.YYYY,,2026-09-10T10:32:37
14,서영,003167,003167.jpg,10.10.21,2021,10,10,2021-10-10,DD.MM.YY,,2026-09-10T10:32:40
15,서현,003168,003168.jpg,18.09.2021,2021,09,18,2021-09-18,DD.MM.YYYY,,2026-09-12T17:34:10
15,서현,003169,003169.jpg,18/04/21,2018,04,21,2018-04-21,YY.MM.DD,,2026-09-12T17:34:16
11,승아,003170,003170.jpg,20-04-21 d,2021,04,20,2021-04-20,DD.MM.YY,d,2026-09-12T16:23:31
4,서영,003171,003171.jpg,2021.11.11 2,2021,11,11,2021-11-11,YYYY.MM.DD,2,2026-09-09T14:28:15
13,민섭,003172,003172.jpg,20-06-21 d,2021,06,20,2021-06-20,DD.MM.YY,d,2026-09-12T19:34:42
8,민섭,003173,003173.jpg,05.2022,2022,05,NONE,2022-05-NONE,MM.YYYY,,2026-09-12T16:24:49
2,서현,003174,003174.jpg,2022/08/13,2022,08,13,2022-08-13,YYYY.MM.DD,l,2026-09-09T13:38:09
9,서영,003175,003175.jpg,2021.03.18,2021,03,18,2021-03-18,YYYY.MM.DD,,2026-09-09T18:21:54
14,서영,003176,003176.jpg,2021.04.30,2021,04,30,2021-04-30,YYYY.MM.DD,,2026-09-10T10:32:45
6,승아,003177,003177.jpg,2021.03.25,2021,03,25,2021-03-25,YYYY.MM.DD,,2026-09-09T15:53:31
12,서현,003178,003178.jpg,2021.03.25,2021,03,25,2021-03-25,YYYY.MM.DD,,2026-09-12T18:11:50
14,서영,003179,003179.jpg,2021.07.08,2021,07,08,2021-07-08,YYYY.MM.DD,,2026-09-10T10:32:49
13,민섭,003180,003180.jpg,2021.07.08,2021,07,08,2021-07-08,YYYY.MM.DD,,2026-09-12T19:34:45
15,서현,003181,003181.jpg,14.06.2021,2021,06,14,2021-06-14,DD.MM.YYYY,,2026-09-12T17:36:14
2,서현,003182,003182.jpg,14.06.2021,2021,06,14,2021-06-14,DD.MM.YYYY,,2026-09-09T13:38:14
12,서현,003183,003183.jpg,2021.03.26,2021,03,26,2021-03-26,YYYY.MM.DD,,2026-09-12T18:11:54
13,민섭,003184,003184.jpg,JUN 28 2021,2021,06,28,2021-06-28,MON DD YYYY,,2026-09-12T19:34:52
12,서현,003185,003185.jpg,JUN 28 2021,2021,06,28,2021-06-28,MON DD YYYY,,2026-09-12T18:12:00
11,승아,003186,003186.jpg,OCT.21.2021 2,2021,10,21,2021-10-21,MON DD YYYY,2,2026-09-12T16:23:41
13,민섭,003187,003187.jpg,2022.01.17,2022,01,17,2022-01-17,YYYY.MM.DD,,2026-09-12T19:34:55
9,서영,003188,003188.jpg,2022.01.17,2022,01,17,2022-01-17,YYYY.MM.DD,,2026-09-09T18:21:58
11,승아,003189,003189.jpg,AUG 16 2022,2022,08,16,2022-08-16,MON DD YYYY,,2026-09-12T16:23:51
1,승아,003190,003190.jpg,AUG 16 2022,2022,08,16,2022-08-16,MON DD YYYY,,2026-09-09T15:24:40
15,서현,003191,003191.jpg,21.11.19 2,2021,11,19,2021-11-19,YY.MM.DD,2,2026-09-12T17:36:17
15,서현,003192,003192.jpg,21.11.19 2,2021,11,19,2021-11-19,YY.MM.DD,2,2026-09-12T17:36:21
12,서현,003193,003193.jpg,21.07.13,2021,07,13,2021-07-13,YY.MM.DD,,2026-09-12T18:12:10
9,서영,003194,003194.jpg,21.07.13,2021,07,13,2021-07-13,YY.MM.DD,,2026-09-09T18:22:02
13,민섭,003195,003195.jpg,2021.12.13,2021,12,13,2021-12-13,YYYY.MM.DD,,2026-09-12T19:34:59
13,민섭,003196,003196.jpg,NOV 05 2022,2022,11,05,2022-11-05,MON DD YYYY,,2026-09-12T19:35:06
3,민섭,003197,003197.jpg,2022.11.05,2022,11,05,2022-11-05,YYYY.MM.DD,,2026-09-09T20:31:05
15,서현,003198,003198.jpg,12.10.2025,2025,10,12,2025-10-12,DD.MM.YYYY,,2026-09-12T17:36:25
11,승아,003199,003199.jpg,12.10.2025,2025,10,12,2025-10-12,DD.MM.YYYY,,2026-09-12T16:23:56
15,서현,003200,003200.jpg,21.09.2022,2022,09,21,2022-09-21,DD.MM.YYYY,,2026-09-12T17:36:40
12,서현,003201,003201.jpg,21.09.2022,2022,09,21,2022-09-21,DD.MM.YYYY,,2026-09-12T18:12:14
9,서영,003202,003202.jpg,10/2021,2021,10,NONE,2021-10-NONE,MM.YYYY,,2026-09-09T18:22:05
15,서현,003203,003203.jpg,10/2021,2021,10,NONE,2021-10-NONE,MM.YYYY,,2026-09-12T17:36:43
2,서현,003204,003204.jpg,2023/06/26,2023,06,26,2023-06-26,YYYY.MM.DD,,2026-09-09T13:38:36
12,서현,003205,003205.jpg,2023/06/26,2023,06,26,2023-06-26,YYYY.MM.DD,,2026-09-12T18:12:23
15,서현,003206,003206.jpg,2021.04.13,2021,04,13,2021-04-13,YYYY.MM.DD,,2026-09-12T17:38:00
12,서현,003207,003207.jpg,2021.07.20,2021,07,20,2021-07-20,YYYY.MM.DD,,2026-09-12T18:12:29
14,서영,003208,003208.jpg,2021.07.20,2021,07,20,2021-07-20,YYYY.MM.DD,,2026-09-10T10:32:52
12,서현,003209,003209.jpg,2022/12/02,2022,12,02,2022-12-02,YYYY.MM.DD,,2026-09-12T18:12:32
8,민섭,003210,003210.jpg,2022.12.02,2022,12,02,2022-12-02,YYYY.MM.DD,,2026-09-12T16:24:53
13,민섭,003211,003211.jpg,AUG 11 2021,2021,08,11,2021-08-11,MON DD YYYY,,2026-09-12T19:35:15
13,민섭,003212,003212.jpg,2022/08/25,2022,08,25,2022-08-25,YYYY.MM.DD,,2026-09-12T19:35:21
12,서현,003213,003213.jpg,12/01/24,2024,01,12,2024-01-12,DD.MM.YY,,2026-09-12T18:12:39
11,승아,003214,003214.jpg,12/01/24,2024,01,12,2024-01-12,DD.MM.YY,,2026-09-12T16:24:09
15,서현,003215,003215.jpg,2022.10.13,2022,10,13,2022-10-13,YYYY.MM.DD,,2026-09-12T17:38:05
14,서영,003216,003216.jpg,2022.01.15,2022,01,15,2022-01-15,YYYY.MM.DD,,2026-09-10T10:32:56
13,민섭,003217,003217.jpg,2022.01.15,2022,01,15,2022-01-15,YYYY.MM.DD,,2026-09-12T19:35:24
13,민섭,003218,003218.jpg,16.03.2021,2021,03,16,2021-03-16,DD.MM.YYYY,,2026-09-12T19:35:27
14,서영,003219,003219.jpg,16.03.2021,2021,03,16,2021-03-16,DD.MM.YYYY,,2026-09-10T10:33:03
14,서영,003220,003220.jpg,2021 09 13,2021,09,13,2021-09-13,YYYY.MM.DD,,2026-09-10T10:33:08
11,승아,003221,003221.jpg,2021.03.08 2,2021,03,08,2021-03-08,YYYY.MM.DD,2,2026-09-12T16:24:20
14,서영,003222,003222.jpg,2022/JUN/14,2022,06,14,2022-06-14,YYYY MON DD,,2026-09-10T10:33:12
7,서현,003223,003223.jpg,2022/JUN/14,2022,06,14,2022-06-14,YYYY MON DD,,2026-09-12T17:51:38
8,민섭,003224,003224.jpg,2021.08.21,2021,08,21,2021-08-21,YYYY.MM.DD,,2026-09-12T16:24:56
15,서현,003225,003225.jpg,2021.08.21 2,2021,08,21,2021-08-21,YYYY.MM.DD,2,2026-09-12T17:38:10
4,서영,003226,003226.jpg,2022.01.29,2022,01,29,2022-01-29,YYYY.MM.DD,,2026-09-09T14:28:19
15,서현,003227,003227.jpg,2022.01.29,2022,01,29,2022-01-29,YYYY.MM.DD,,2026-09-12T17:38:13
15,서현,003228,003228.jpg,26/04/2022 2,2022,04,26,2022-04-26,DD.MM.YYYY,2,2026-09-12T17:38:24
13,민섭,003229,003229.jpg,07/2022,2022,07,NONE,2022-07-NONE,MM.YYYY,,2026-09-12T19:35:57
13,민섭,003230,003230.jpg,28/03/2022,2022,03,28,2022-03-28,DD.MM.YYYY,,2026-09-12T19:36:03
15,서현,003231,003231.jpg,21.04.04,2021,04,04,2021-04-04,YY.MM.DD,,2026-09-12T17:39:56
6,승아,003232,003232.jpg,21.09.21,2021,09,21,2021-09-21,YY.MM.DD,,2026-09-09T15:54:12
12,서현,003233,003233.jpg,21.09.21,2021,09,21,2021-09-21,YY.MM.DD,,2026-09-12T18:12:46
5,병철,003234,003234.jpg,11/2022,2022,11,NONE,2022-11-NONE,MM.YYYY,,2026-09-10T01:36:49
14,서영,003235,003235.jpg,11/2022,2022,11,NONE,2022-11-NONE,MM.YYYY,,2026-09-10T10:33:15
10,병철,003236,003236.jpg,2021.03.30,2021,03,30,2021-03-30,YYYY.MM.DD,,2026-09-10T02:04:04
15,서현,003237,003237.jpg,2021.03.30,2021,03,30,2021-03-30,YYYY.MM.DD,,2026-09-12T17:39:58
3,민섭,003238,003238.jpg,2021.10.16,2021,10,16,2021-10-16,YYYY.MM.DD,,2026-09-09T20:31:12
15,서현,003239,003239.jpg,06.11.2021 2,2021,11,06,2021-11-06,DD.MM.YYYY,2,2026-09-12T17:40:05
13,민섭,003240,003240.jpg,06.11.2021 2,2021,11,06,2021-11-06,DD.MM.YYYY,2,2026-09-12T19:36:11
11,승아,003241,003241.jpg,28-01-2022,2022,01,28,2022-01-28,DD.MM.YYYY,,2026-09-12T16:24:26
14,서영,003242,003242.jpg,28-01-2022 2,2022,01,28,2022-01-28,DD.MM.YYYY,2,2026-09-10T10:33:24
9,서영,003243,003243.jpg,2021.07,2021,07,NONE,2021-07-NONE,YYYY.MM,,2026-09-09T18:22:09
6,승아,003244,003244.jpg,2021.07,2021,07,NONE,2021-07-NONE,YYYY.MM,,2026-09-09T15:55:47
11,승아,003245,003245.jpg,20.09.2021 2,2021,09,20,2021-09-20,DD.MM.YYYY,2,2026-09-12T16:24:38
2,서현,003246,003246.jpg,2021.08.15,2021,08,15,2021-08-15,YYYY.MM.DD,,2026-09-09T13:39:33
13,민섭,003247,003247.jpg,2023.01.17,2023,01,17,2023-01-17,YYYY.MM.DD,,2026-09-12T19:36:22
3,민섭,003248,003248.jpg,2023.01.17,2023,01,17,2023-01-17,YYYY.MM.DD,,2026-09-09T20:31:16
13,민섭,003249,003249.jpg,2023.02.01,2023,02,01,2023-02-01,YYYY.MM.DD,,2026-09-12T19:36:26
13,민섭,003250,003250.jpg,2023.02.01,2023,02,01,2023-02-01,YYYY.MM.DD,,2026-09-12T19:36:32
13,민섭,003251,003251.jpg,04/2023,2023,04,NONE,2023-04-NONE,MM.YYYY,,2026-09-12T19:36:39
11,승아,003252,003252.jpg,04/2023,2023,04,NONE,2023-04-NONE,MM.YYYY,,2026-09-12T16:25:19
15,서현,003253,003253.jpg,20 10 2020,2020,10,20,2020-10-20,DD.MM.YYYY,,2026-09-12T17:40:10
11,승아,003254,003254.jpg,2021.11.05,2021,11,05,2021-11-05,YYYY.MM.DD,,2026-09-12T16:25:23
5,병철,003255,003255.jpg,2021.11.05,2021,11,05,2021-11-05,YYYY.MM.DD,,2026-09-10T01:36:54
14,서영,003256,003256.jpg,2022.04.01,2022,04,01,2022-04-01,YYYY.MM.DD,,2026-09-10T10:33:27
14,서영,003257,003257.jpg,2022.04.01,2022,04,01,2022-04-01,YYYY.MM.DD,,2026-09-10T10:33:30
14,서영,003258,003258.jpg,28 07 2021,2021,07,28,2021-07-28,DD.MM.YYYY,,2026-09-10T10:33:36
12,서현,003259,003259.jpg,10 02 2022,2022,02,10,2022-02-10,DD.MM.YYYY,,2026-09-12T18:12:50
11,승아,003260,003260.jpg,2022.07.29,2022,07,29,2022-07-29,YYYY.MM.DD,,2026-09-12T16:25:31
14,서영,003261,003261.jpg,2022.07.29,2022,07,29,2022-07-29,YYYY.MM.DD,,2026-09-10T10:33:39
13,민섭,003262,003262.jpg,2021-06-10,2021,06,10,2021-06-10,YYYY.MM.DD,,2026-09-12T19:37:59
12,서현,003263,003263.jpg,2021.05.27,2021,05,27,2021-05-27,YYYY.MM.DD,,2026-09-12T18:12:54
13,민섭,003264,003264.jpg,2021/09/13,2021,09,13,2021-09-13,YYYY.MM.DD,,2026-09-12T19:38:04
7,서현,003265,003265.jpg,2021.10.06,2021,10,06,2021-10-06,YYYY.MM.DD,,2026-09-12T17:51:43
2,서현,003266,003266.jpg,12 09 2021 2,2021,09,12,2021-09-12,DD.MM.YYYY,2,2026-09-09T13:39:40
11,승아,003267,003267.jpg,05/05/2022,2022,05,05,2022-05-05,DD.MM.YYYY,,2026-09-12T16:25:35
8,민섭,003268,003268.jpg,2022.05.05,2022,05,05,2022-05-05,YYYY.MM.DD,,2026-09-12T16:25:00
13,민섭,003269,003269.jpg,28.01.2022,2022,01,28,2022-01-28,DD.MM.YYYY,,2026-09-12T19:38:09
11,승아,003270,003270.jpg,31 10 2021,2021,10,31,2021-10-31,DD.MM.YYYY,,2026-09-12T16:25:39
14,서영,003271,003271.jpg,07.07.2021,2021,07,07,2021-07-07,DD.MM.YYYY,,2026-09-10T10:33:42
13,민섭,003272,003272.jpg,2021.05.03,2021,05,03,2021-05-03,YYYY.MM.DD,,2026-09-12T19:38:14
7,서현,003273,003273.jpg,2021.05.03,2021,05,03,2021-05-03,YYYY.MM.DD,,2026-09-12T17:51:48
12,서현,003274,003274.jpg,2021/08/20,2021,08,20,2021-08-20,YYYY.MM.DD,,2026-09-12T18:13:00
11,승아,003275,003275.jpg,10.10.21,2021,10,10,2021-10-10,DD.MM.YY,,2026-09-12T16:25:46
14,서영,003276,003276.jpg,04.10,NONE,04,10,NONE-04-10,MM.DD,,2026-09-10T10:33:44
11,승아,003277,003277.jpg,04.05,NONE,04,05,NONE-04-05,MM.DD,,2026-09-12T16:25:49
11,승아,003278,003278.jpg,02/10/23,2023,10,02,2023-10-02,DD.MM.YY,,2026-09-12T16:25:56
11,승아,003279,003279.jpg,02/10/23,2023,10,02,2023-10-02,DD.MM.YY,,2026-09-12T16:26:01
12,서현,003280,003280.jpg,31/07/2023,2023,07,31,2023-07-31,DD.MM.YYYY,,2026-09-12T18:13:04
15,서현,003281,003281.jpg,2021.10.15,2021,10,15,2021-10-15,YYYY.MM.DD,,2026-09-12T17:40:15
14,서영,003282,003282.jpg,2022.12.21,2022,12,21,2022-12-21,YYYY.MM.DD,,2026-09-10T10:33:47
11,승아,003283,003283.jpg,2021.09.10,2021,09,10,2021-09-10,YYYY.MM.DD,,2026-09-12T16:26:11
15,서현,003284,003284.jpg,2021.09.10,2021,09,10,2021-09-10,YYYY.MM.DD,,2026-09-12T17:40:22
3,민섭,003285,003285.jpg,2021.08.06,2021,08,06,2021-08-06,YYYY.MM.DD,,2026-09-09T20:31:24
12,서현,003286,003286.jpg,21.08.06 2,2021,08,06,2021-08-06,YY.MM.DD,2,2026-09-12T18:13:14
15,서현,003287,003287.jpg,2021.09.25 2,2021,09,25,2021-09-25,YYYY.MM.DD,2,2026-09-12T17:40:28
14,서영,003288,003288.jpg,2021.09.25 2,2021,09,25,2021-09-25,YYYY.MM.DD,2,2026-09-10T10:33:58
11,승아,003289,003289.jpg,2022.01.31 2,2022,01,31,2022-01-31,YYYY.MM.DD,2,2026-09-12T16:26:22
15,서현,003290,003290.jpg,2022.12.22,2022,12,22,2022-12-22,YYYY.MM.DD,,2026-09-12T17:40:31
9,서영,003291,003291.jpg,2022.12.22,2022,12,22,2022-12-22,YYYY.MM.DD,,2026-09-09T18:23:48
1,승아,003292,003292.jpg,2022/12/02,2022,12,02,2022-12-02,YYYY.MM.DD,,2026-09-09T15:24:57
2,서현,003293,003293.jpg,2022/12/02,2022,12,02,2022-12-02,YYYY.MM.DD,,2026-09-09T13:39:46
15,서현,003294,003294.jpg,2021.07.26,2021,07,26,2021-07-26,YYYY.MM.DD,,2026-09-12T17:40:51
4,서영,003295,003295.jpg,26/11/2021 2,2021,11,26,2021-11-26,DD.MM.YYYY,2,2026-09-09T14:28:25
11,승아,003296,003296.jpg,26/11/2021 2,2021,11,26,2021-11-26,DD.MM.YYYY,2,2026-09-12T16:26:28
13,민섭,003297,003297.jpg,2021.10.21,2021,10,21,2021-10-21,YYYY.MM.DD,,2026-09-12T19:38:17
13,민섭,003298,003298.jpg,2021.10.21,2021,10,21,2021-10-21,YYYY.MM.DD,,2026-09-12T19:38:20
6,승아,003299,003299.jpg,Oct 2022,2022,10,NONE,2022-10-NONE,MON YYYY,,2026-09-09T15:56:42
15,서현,003300,003300.jpg,2023/06/11,2023,06,11,2023-06-11,YYYY.MM.DD,,2026-09-12T17:40:54
14,서영,003301,003301.jpg,21-04-2023,2023,04,21,2023-04-21,DD.MM.YYYY,,2026-09-10T10:34:05
14,서영,003302,003302.jpg,2023.02.06,2023,02,06,2023-02-06,YYYY.MM.DD,,2026-09-10T10:34:13
12,서현,003303,003303.jpg,N,NONE,NONE,NONE,NONE,none,,2026-09-12T18:13:25
1,승아,003304,003304.jpg,03/2025,2025,03,NONE,2025-03-NONE,MM.YYYY,,2026-09-09T15:25:09
3,민섭,003305,003305.jpg,03/2025,2025,03,NONE,2025-03-NONE,MM.YYYY,,2026-09-09T20:31:30
14,서영,003306,003306.jpg,2020-09-01,2020,09,01,2020-09-01,YYYY.MM.DD,,2026-09-10T10:34:18
3,민섭,003307,003307.jpg,2020.09.01,2020,09,01,2020-09-01,YYYY.MM.DD,,2026-09-09T20:31:35
5,병철,003308,003308.jpg,2019.09.03  2,2019,09,03,2019-09-03,YYYY.MM.DD,2,2026-09-10T01:36:58
6,승아,003309,003309.jpg,AUG292020,2020,08,29,2020-08-29,MON DD YYYY,,2026-09-09T15:56:52
10,병철,003310,003310.jpg,aug292020,2020,08,29,2020-08-29,MON DD YYYY,,2026-09-10T02:04:12
4,서영,003311,003311.jpg,11.03.2021 2,2021,03,11,2021-03-11,DD.MM.YYYY,2,2026-09-09T14:28:30
13,민섭,003312,003312.jpg,11.03.2021 2,2021,03,11,2021-03-11,DD.MM.YYYY,2,2026-09-12T19:39:16
3,민섭,003313,003313.jpg,2021.07.05,2021,07,05,2021-07-05,YYYY.MM.DD,,2026-09-09T20:31:41
13,민섭,003314,003314.jpg,2021-07-05,2021,07,05,2021-07-05,YYYY.MM.DD,,2026-09-12T19:39:22
5,병철,003315,003315.jpg,2021.08.03,2021,08,03,2021-08-03,YYYY.MM.DD,,2026-09-10T01:37:01
13,민섭,003316,003316.jpg,2022 02 07,2022,02,07,2022-02-07,YYYY.MM.DD,,2026-09-12T19:39:46
7,서현,003317,003317.jpg,2022 02 07,2022,02,07,2022-02-07,YYYY.MM.DD,,2026-09-12T17:51:52
12,서현,003318,003318.jpg,2021.10.20,2021,10,20,2021-10-20,YYYY.MM.DD,,2026-09-12T18:13:29
4,서영,003319,003319.jpg,2021.10.20,2021,10,20,2021-10-20,YYYY.MM.DD,,2026-09-09T14:28:33
3,민섭,003320,003320.jpg,02/09/2021,2021,09,02,2021-09-02,DD.MM.YYYY,,2026-09-09T20:31:49
11,승아,003321,003321.jpg,2021.09.01,2021,09,01,2021-09-01,YYYY.MM.DD,,2026-09-12T16:26:35
13,민섭,003322,003322.jpg,2021.09.01,2021,09,01,2021-09-01,YYYY.MM.DD,,2026-09-12T19:39:50
11,승아,003323,003323.jpg,MAY 24 21,2021,05,24,2021-05-24,MON DD YY,,2026-09-12T16:26:46
5,병철,003324,003324.jpg,01 JUN 2021,2021,06,01,2021-06-01,DD MON YYYY,,2026-09-10T01:37:25
6,승아,003325,003325.jpg,01-JUN-2021,2021,06,01,2021-06-01,DD MON YYYY,,2026-09-09T15:59:03
11,승아,003326,003326.jpg,05 JUN 2024,2024,06,05,2024-06-05,DD MON YYYY,,2026-09-12T16:26:54
12,서현,003327,003327.jpg,05 JUN 2024,2024,06,05,2024-06-05,DD MON YYYY,,2026-09-12T18:13:37
6,승아,003328,003328.jpg,2021.12.26,2021,12,26,2021-12-26,YYYY.MM.DD,,2026-09-09T15:59:07
11,승아,003329,003329.jpg,2021.12.26,2021,12,26,2021-12-26,YYYY.MM.DD,,2026-09-12T16:27:00
13,민섭,003330,003330.jpg,2021.11.03,2021,11,03,2021-11-03,YYYY.MM.DD,,2026-09-12T19:39:53
14,서영,003331,003331.jpg,2021.11.03 t,2021,11,03,2021-11-03,YYYY.MM.DD,t,2026-09-10T10:34:24
14,서영,003332,003332.jpg,APR/29/21,2021,04,29,2021-04-29,MON DD YY,,2026-09-10T10:34:29
5,병철,003333,003333.jpg,30.10.2021,2021,10,30,2021-10-30,DD.MM.YYYY,,2026-09-10T01:37:30
11,승아,003334,003334.jpg,30.10.2021,2021,10,30,2021-10-30,DD.MM.YYYY,,2026-09-12T16:27:06
15,서현,003335,003335.jpg,2021/07/02,2021,07,02,2021-07-02,YYYY.MM.DD,,2026-09-12T17:41:09
15,서현,003336,003336.jpg,2021/07/02,2021,07,02,2021-07-02,YYYY.MM.DD,,2026-09-12T17:41:14
12,서현,003337,003337.jpg,2021/06/01,2021,06,01,2021-06-01,YYYY.MM.DD,,2026-09-12T18:13:43
15,서현,003338,003338.jpg,2021/06/01,2021,06,01,2021-06-01,YYYY.MM.DD,,2026-09-12T17:41:18
12,서현,003339,003339.jpg,24/01/2022,2022,01,24,2022-01-24,DD.MM.YYYY,,2026-09-12T18:13:47
9,서영,003340,003340.jpg,29/SEP/2022,2022,09,29,2022-09-29,DD MON YYYY,,2026-09-09T18:23:55
14,서영,003341,003341.jpg,29/SEP/2022,2022,09,29,2022-09-29,DD MON YYYY,,2026-09-10T10:34:35
12,서현,003342,003342.jpg,30 12 23,2023,12,30,2023-12-30,DD.MM.YY,,2026-09-12T18:13:52
11,승아,003343,003343.jpg,30 12 23,2023,12,30,2023-12-30,DD.MM.YY,,2026-09-12T16:27:11
14,서영,3344,3344.jpg,2026.09.11,2026,09,11,2026-09-11,YYYY.MM.DD,,2026-09-10T10:34:40
3,민섭,3345,3345.jpeg,26.08.19,2026,08,19,2026-08-19,YY.MM.DD,,2026-09-09T20:31:53
1,승아,3346,3346.jpeg,2026.09.10,2026,09,10,2026-09-10,YYYY.MM.DD,,2026-09-09T15:25:18
9,서영,3347,3347.jpeg,010927 2 d,2027,09,01,2027-09-01,DDMMYY,2d,2026-09-09T18:24:17
13,민섭,3348,3348.jpeg,13/07/27 d,2027,07,13,2027-07-13,DD.MM.YY,d,2026-09-12T19:40:57
13,민섭,3349,3349.jpeg,25.12.10 2,2025,12,10,2025-12-10,YY.MM.DD,2,2026-09-12T19:41:05
9,서영,3350,3350.jpeg,25.12.10 2,2025,12,10,2025-12-10,YY.MM.DD,2,2026-09-09T18:24:24
8,민섭,3351,3351.jpeg,2025.12.10,2025,12,10,2025-12-10,YYYY.MM.DD,,2026-09-12T16:25:08
2,서현,3352,3352.jpeg,25.12.10 2,2025,12,10,2025-12-10,YY.MM.DD,2,2026-09-09T13:39:55
