image_id,final_date,conf,kind,src,n_cands,sec,bbox,img_wh,cands
000002,2025-12-11,0.376,YYYY,p2,1,2.16,"0,778,1181,1777",1512x2016,2025-12-11:YYYY:p2:0.38
000003,2026-05-12,0.988,YYYY,p2,1,1.28,"614,810,822,869",1512x2016,2026-5-12:YYYY:p2:0.99
000004,2027-02-14,0.963,YYYY,erode3/p1@1024,1,12.69,"217,611,507,700",1512x2016,2027-2-14:YYYY:erode3/p1@1024:0.96
000009,2026-10-29,0.951,YYYY,p2,1,2.89,"781,1245,1482,1361",2142x2856,2026-10-29:YYYY:p2:0.95
000010,2026-06-08,0.966,YYYY,p2,1,1.79,"356,1276,879,1386",1512x2016,2026-6-8:YYYY:p2:0.97
000012,2026-03-23,0.766,YYYY,p2,1,1.72,"548,1169,1049,1251",1512x2016,2026-3-23:YYYY:p2:0.77
000014,2026-01-31,0.441,YY,p2,1,5.14,"0,687,1052,1364",1512x2016,2026-1-31:YY:p2:0.44
000015,2026-03-01,0.668,YYYY,p2,9,3.19,"6,1251,1147,1465",1512x2016,2026-3-1:YYYY:p2:0.67|2025-1-3:DMY4:p2:0.67|2025-9-2:YYYY:p2:0.67|2025-9-2:YYYY:p2:0.67|2025-1-3:DMY4:p2:0.67|2026-3-1:YYYY:p2:0.67|2025-1-3:DMY4:p2:0.67|2026-3-1:YYYY:p2:0.67|2025-9-2:YYYY:p2:0.67
000016,2026-01-22,0.844,YYYY,p2,1,2.35,"687,901,1087,980",1512x2016,2026-1-22:YYYY:p2:0.84
000017,2026-11-25,0.967,YYYY,p2,1,2.4,"558,696,816,772",1512x2016,2026-11-25:YYYY:p2:0.97
000018,2026-04-24,0.647,YY,erode2/p1@640,1,8.5,"278,506,709,563",1512x2016,2026-4-24:YY:erode2/p1@640:0.65
000021,2025-10-10,0.692,YYMM_GLUE,p2,1,3.24,"484,1175,1114,1262",1512x2016,2025-10-10:YYMM_GLUE:p2:0.69
000022,NONE-01-20,0.454,MMDD,erode2/p1@640,1,7.17,"0,688,666,835",1512x2016,None-1-20:MMDD:erode2/p1@640:0.45
000023,2025-10-10,0.647,YY,p2,1,1.84,"693,1049,1115,1194",1512x2016,2025-10-10:YY:p2:0.65
000024,2025-10-11,0.528,YY,ft/p2,1,19.25,"0,801,1500,1000",1512x2016,2025-10-11:YY:ft/p2:0.53
000026,2025-11-13,0.986,YYYY,p2,1,1.57,"611,995,983,1062",1512x2016,2025-11-13:YYYY:p2:0.99
000027,2026-04-27,0.909,DMY4,p1@640,2,2.59,"381,948,1002,1027",1512x2016,2026-4-27:DMY4:p1@640:0.91|2025-4-28:DMY4:p1@640:0.97
000028,2026-02-10,0.922,YY,p2,3,3.24,"328,605,932,753",1512x2016,2025-3-31:YY:p1@640:0.68|2026-2-10:YY:p2:0.92|None-2-10:MMDD:p1keep/p1@640:0.94
000030,2017-08-28,0.357,DDMMYY,p2,1,3.76,"0,816,847,970",1512x2016,2017-8-28:DDMMYY:p2:0.36
000031,2026-02-14,0.766,YYYY,p2,1,1.69,"271,976,951,1191",1512x2016,2026-2-14:YYYY:p2:0.77
000032,2026-03-28,0.556,YYYY,p2,3,1.82,"291,932,952,1128",1512x2016,2026-3-21:YYYY:p2:0.68|2026-3-28:YYYY:p2:0.56|2025-3-None:YYYYMM:p1keep/p1@640:0.77
000033,2026-06-17,0.78,YY,p2,1,1.12,"416,1115,1276,1232",1512x2016,2026-6-17:YY:p2:0.78
000034,2026-06-30,0.612,YY,p2,1,1.22,"391,1128,1282,1225",1512x2016,2026-6-30:YY:p2:0.61
000035,2026-08-17,0.911,YYYY,p2,1,0.87,"290,885,1074,1106",1512x2016,2026-8-17:YYYY:p2:0.91
000037,2026-07-17,0.861,YYYY,p2,1,1.3,"328,1084,866,1206",1512x2016,2026-7-17:YYYY:p2:0.86
000038,2027-02-12,0.998,YYYY,p2,1,1.02,"318,1065,1131,1203",1512x2016,2027-2-12:YYYY:p2:1.00
000039,2026-05-26,0.365,YYYY,p2,1,1.03,"243,973,1292,1257",1512x2016,2026-5-26:YYYY:p2:0.36
000040,2025-10-11,0.84,YYYY,p2,1,1.26,"517,1017,1065,1125",1512x2016,2025-10-11:YYYY:p2:0.84
000041,2025-10-11,0.683,YYYY,p2,1,1.13,"435,964,1499,1172",1512x2016,2025-10-11:YYYY:p2:0.68
000042,2025-10-02,0.714,YYYY,p2,1,1.03,"567,1143,1080,1342",1512x2016,2025-10-2:YYYY:p2:0.71
000044,2026-02-07,0.872,YY,erode2/p1@640,1,4.25,"190,285,563,374",1512x2016,2026-2-7:YY:erode2/p1@640:0.87
000045,2027-04-21,0.789,YYYY,p2,1,1.48,"501,1068,967,1169",1512x2016,2027-4-21:YYYY:p2:0.79
000046,2025-10-10,0.808,YYYY,p2,1,1.91,"469,1395,1206,1503",1512x2016,2025-10-10:YYYY:p2:0.81
000047,2027-04-04,0.63,YYYY,p2,1,2.0,"343,1745,955,1957",1179x2556,2027-4-4:YYYY:p2:0.63
000048,2026-06-12,0.843,YY,p2,1,5.36,"134,690,563,734",1512x2016,2026-6-12:YY:p2:0.84
000049,2026-03-01,0.708,YYYY,p2,5,3.97,"195,1358,1301,1468",1512x2016,2025-9-2:YYYY:p2:0.77|2026-3-1:YYYY:p2:0.71|2025-1-3:DMY4:p2:0.68|2026-3-1:YYYY:p2:0.68|2025-9-2:YYYY:p2:0.68
000050,2025-09-30,0.913,EXTEND,p2,2,5.61,"709,906,941,1002",1512x2016,2025-9-30:EXTEND:p2:0.91|None-9-30:MMDD:p1keep/p1@1024:1.00
000051,2026-01-12,0.998,YYYY,p2,2,1.88,"690,1364,1191,1471",1512x2016,2026-1-12:YYYY:p2:0.99|2026-1-12:YYYY:p2:1.00
000052,2025-11-19,0.656,YYYY,p2,1,3.42,"100,1502,990,1653",1179x2556,2025-11-19:YYYY:p2:0.66
000053,2025-12-20,0.797,CMP,p1@1024,1,1.98,"167,1276,968,1540",1179x2556,2025-12-20:CMP:p1@1024:0.80
000054,2025-10-08,0.987,YY,ft/p1@640,1,14.6,"495,1257,1254,1367",1512x2016,2025-10-8:YY:ft/p1@640:0.99
000056,2026-12-07,0.208,DMY4,p2,9,6.52,"104,803,1153,1465",1512x2016,2025-7-12:YYYY:p2:0.21|2026-12-7:DMY4:p2:0.21|2026-7-11:YYYY:p2:0.21|2026-7-11:YYYY:p2:0.21|2026-12-7:DMY4:p2:0.21|2025-7-12:YYYY:p2:0.21|2026-12-7:DMY4:p2:0.21|2026-7-11:YYYY:p2:0.21|2025-7-12:YYYY:p2:0.21
000058,2027-03-27,0.87,YMD_GLUED,p2,1,2.57,"1004,2097,1406,2222",2142x2856,2027-3-27:YMD_GLUED:p2:0.87
000059,2027-06-22,0.576,YYYY,p1keep/erode2/p1@1024,2,11.55,"140,146,762,620",1512x2016,2022-6-22:YYMM_GLUE:p2:0.34|2027-6-22:YYYY:p1keep/erode2/p1@1024:0.58
000060,2026-04-30,0.602,YYYY,p2,1,1.22,"482,734,1143,885",1512x2016,2026-4-30:YYYY:p2:0.60
000062,2026-05-26,0.647,YY,p1@640,1,1.52,"359,627,1377,1531",1512x2016,2026-5-26:YY:p1@640:0.65
000063,2026-06-16,0.846,YMD_GLUED,p2,2,1.98,"536,1405,1033,1597",1512x2016,2025-6-17:YYYY:p2:0.92|2026-6-16:YMD_GLUED:p2:0.85
000065,2026-01-12,0.59,YYYY,p2,1,1.41,"687,486,1941,1642",2142x2856,2026-1-12:YYYY:p2:0.59
000066,2026-08-17,0.766,YYYY,p2,1,1.85,"714,1071,1374,1218",2142x2856,2026-8-17:YYYY:p2:0.77
000067,NONE,,,,0,23.37,,,
000068,2026-06-17,0.78,YYYY,p2,1,4.68,"0,454,522,635",2142x2856,2026-6-17:YYYY:p2:0.78
000071,2027-07-20,0.578,YYYY,p2,6,1.87,"432,1166,1380,1395",1512x2016,2025-7-21:YYYY:p2:0.58|2027-7-20:YYYY:p2:0.58|2027-7-21:MDY4:p2:0.58|2027-7-20:YYYY:p2:0.58|2025-7-21:YYYY:p2:0.58|2027-7-21:MDY4:p2:0.58
000072,2026-04-25,0.444,YYYY,p2,1,3.43,"227,917,1225,1808",1512x2016,2026-4-25:YYYY:p2:0.44
000074,2026-08-28,0.996,YYYY,p2,1,0.92,"457,1172,917,1320",1512x2016,2026-8-28:YYYY:p2:1.00
000075,2026-01-06,0.695,YYYY,p2,1,1.97,"192,1191,1147,1383",1512x2016,2026-1-6:YYYY:p2:0.69
000076,2026-08-17,0.535,YYYY,p2,1,1.19,"435,816,1197,1188",1512x2016,2026-8-17:YYYY:p2:0.53
000077,2026-03-07,0.629,YYYY,p2,1,1.42,"378,1345,1282,1499",1512x2016,2026-3-7:YYYY:p2:0.63
000078,2025-06-19,0.873,YYYY,p2,2,3.27,"432,1373,1005,1493",1512x2016,2018-8-18:SP_DMY:p1@640:0.79|2025-6-19:YYYY:p2:0.87
000079,2026-01-31,0.99,YYYY,p2,1,1.54,"410,1134,961,1247",1512x2016,2026-1-31:YYYY:p2:0.99
000080,2026-09-16,0.557,YY,p2,4,2.77,"0,1336,1266,1606",1512x2016,2025-9-17:YY:p2:0.56|2026-9-16:YY:p2:0.56|2026-9-16:YY:p2:0.56|2025-9-17:YY:p2:0.56
000081,2026-05-18,0.609,YYYY,p2,2,2.55,"0,1232,1351,1354",1512x2016,2025-5-19:YYYY:p2:0.95|2026-5-18:YYYY:p2:0.61
000083,2026-07-01,0.979,YY,p2,1,1.42,"337,1266,936,1408",1512x2016,2026-7-1:YY:p2:0.98
000084,2026-03-31,0.687,YYYY,p2,2,2.9,"88,1232,1471,1358",1512x2016,2025-10-1:YYYY:p2:0.82|2026-3-31:YYYY:p2:0.69
000085,2026-09-30,0.785,YYYY,p2,1,1.65,"428,1071,816,1225",1512x2016,2026-9-30:YYYY:p2:0.79
000091,2027-05-22,0.908,YYYY,p2,1,2.25,"139,1408,1304,1544",1512x2016,2027-5-22:YYYY:p2:0.91
000093,2026-04-23,0.889,YYYY,p1@640,1,1.02,"472,693,850,825",1512x2016,2026-4-23:YYYY:p1@640:0.89
000094,2027-06-30,0.969,YYYY,p2,2,1.77,"507,854,980,980",1512x2016,2027-6-30:YYYY:p2:0.97|2022-6-30:YY_LEAD0:p1@640:0.65
000095,2026-07-29,0.937,YY,p2,1,4.13,"445,852,965,990",1512x2016,2026-7-29:YY:p2:0.94
000098,2026-03-11,0.483,YYYY,p2,1,2.37,"170,1099,1298,1430",1512x2016,2026-3-11:YYYY:p2:0.48
000100,2026-02-11,0.484,YYYY,p2,1,1.71,"220,1348,1203,1641",1512x2016,2026-2-11:YYYY:p2:0.48
000101,2026-04-08,0.922,YYYY,p2,1,1.79,"25,989,1282,1087",1512x2016,2026-4-8:YYYY:p2:0.92
000102,2025-11-13,0.485,YYYY,p2,1,1.13,"306,895,1128,1544",1512x2016,2025-11-13:YYYY:p2:0.49
000103,2025-12-18,0.988,YYYY,p2,1,1.41,"410,939,1093,1030",1512x2016,2025-12-18:YYYY:p2:0.99
000106,NONE-10-20,0.664,MMDD,ft/p1@1024,1,23.04,"71,313,1370,1423",1512x2016,None-10-20:MMDD:ft/p1@1024:0.66
000107,2025-12-25,0.713,YYYY,p2,1,1.11,"495,967,910,1156",1512x2016,2025-12-25:YYYY:p2:0.71
000109,2025-12-12,0.732,YYYY,p2,1,2.62,"551,998,925,1134",1512x2016,2025-12-12:YYYY:p2:0.73
000110,2025-10-29,0.997,YY,ft/p2,1,13.87,"495,709,999,876",1512x2016,2025-10-29:YY:ft/p2:1.00
000111,2025-10-25,0.722,YYMM_DAYLA,p2,3,2.89,"0,724,1457,1236",1512x2016,2025-10-25:YYMM_DAYLA:p2:0.72|2025-10-None:YYMM:p2:0.72|None-10-25:MMDD:p1keep/p1@1024:0.80
000112,2025-10-17,0.797,YY,p2,1,0.93,"586,712,1062,882",1512x2016,2025-10-17:YY:p2:0.80
000113,2026-01-16,0.998,YYYY,p2,1,1.03,"482,614,819,721",1512x2016,2026-1-16:YYYY:p2:1.00
000114,2026-02-28,0.171,YYYY,p2,1,2.4,"472,353,1937,1490",2016x1512,2026-2-28:YYYY:p2:0.17
000115,2025-12-08,0.294,YYYY,erode3/p1@1024,1,9.25,"284,443,768,962",1512x2016,2025-12-8:YYYY:erode3/p1@1024:0.29
000116,2026-03-27,0.502,YYYY,p2,1,1.6,"164,876,1512,1673",1512x2016,2026-3-27:YYYY:p2:0.50
000117,2025-11-28,0.859,YYYY,p2,1,1.09,"621,734,926,819",1512x2016,2025-11-28:YYYY:p2:0.86
000118,2026-05-25,0.906,YYYY,p2,3,1.33,"622,853,916,949",1512x2016,2026-5-25:YYYY:p2:0.80|2026-5-25:YYYY:p2:0.91|2026-3-23:YYYY:p1keep/p1@640:0.85
000119,2026-08-24,0.939,YYYY,p2,2,1.02,"614,825,904,901",1512x2016,2026-8-24:YYYY:p2:0.83|2026-8-24:YYYY:p2:0.94
000120,2026-08-25,0.913,YYYY,p1@640,2,0.94,"583,350,888,444",1512x2016,2026-8-25:YYYY:p1@640:0.91|2026-8-25:YYYY:p2:0.88
000121,2027-04-13,0.985,YYYY,p2,1,1.05,"488,1169,986,1269",1512x2016,2027-4-13:YYYY:p2:0.98
000125,2026-04-07,0.708,YYYY,p2,1,1.12,"0,536,1512,1052",1512x2016,2026-4-7:YYYY:p2:0.71
000126,2026-06-12,0.945,YYYY,p2,1,1.38,"359,693,1408,832",1512x2016,2026-6-12:YYYY:p2:0.95
000127,2026-04-27,0.939,YYYY,p2,1,1.23,"491,888,910,986",1512x2016,2026-4-27:YYYY:p2:0.94
000128,2026-05-28,0.829,YY,p2,1,2.42,"611,901,1008,983",1512x2016,2026-5-28:YY:p2:0.83
000129,2026-01-09,0.977,YMD_GLUED,p2,1,1.39,"617,907,832,964",1512x2016,2026-1-9:YMD_GLUED:p2:0.98
000130,2027-02-05,0.952,YY,p2,1,1.67,"570,1118,901,1191",1512x2016,2027-2-5:YY:p2:0.95
000131,2026-08-05,0.921,YYYY,p2,1,1.29,"671,999,873,1062",1512x2016,2026-8-5:YYYY:p2:0.92
000132,2026-08-21,0.993,YYYY,p2,1,1.18,"397,980,765,1046",1512x2016,2026-8-21:YYYY:p2:0.99
000134,2026-09-23,0.969,YYYY,p2,1,2.02,"425,920,948,995",1512x2016,2026-9-23:YYYY:p2:0.97
000135,2026-04-18,0.6,YYYY,p2,1,3.0,"674,907,1436,1005",1512x2016,2026-4-18:YYYY:p2:0.60
000136,2025-12-02,1.0,YYYY,p2,1,2.15,"605,1033,1046,1134",1512x2016,2025-12-2:YYYY:p2:1.00
000137,2026-03-26,0.736,YYYY,p1@640,1,1.99,"3,964,958,1222",1512x2016,2026-3-26:YYYY:p1@640:0.74
000138,2026-05-14,0.949,YYYY,p2,1,3.2,"0,1062,813,1169",1512x2016,2026-5-14:YYYY:p2:0.95
000139,2026-07-26,0.357,YYYY,p2,1,1.48,"167,973,1351,2016",1512x2016,2026-7-26:YYYY:p2:0.36
000140,2026-07-14,0.923,YYYY,p2,1,3.03,"513,1188,901,1279",1512x2016,2026-7-14:YYYY:p2:0.92
000141,2026-09-17,0.833,YYYY,p2,1,2.03,"0,1055,1512,1468",1512x2016,2026-9-17:YYYY:p2:0.83
000143,2027-03-06,0.774,DMY4,p2,1,3.53,"507,1131,1260,1241",1512x2016,2027-3-6:DMY4:p2:0.77
000144,2027-03-25,0.674,YYYY,p2,1,2.59,"0,1005,1191,1361",1512x2016,2027-3-25:YYYY:p2:0.67
000145,2027-03-24,0.41,YYYY,p2,1,3.9,"9,0,1512,1739",1512x2016,2027-3-24:YYYY:p2:0.41
000147,2026-03-21,0.794,YYYY,p2,1,1.43,"517,1102,917,1188",1512x2016,2026-3-21:YYYY:p2:0.79
000148,2026-02-26,0.928,YY,p2,2,2.39,"614,970,1436,1046",1512x2016,2026-2-26:YY:p2:0.93|2024-8-27:YY:p2:0.99
000149,2026-04-28,0.373,YYYY,p2,1,3.82,"38,32,1512,1805",1512x2016,2026-4-28:YYYY:p2:0.37
000150,2026-08-12,0.833,YYYY,p2,2,2.56,"532,1011,904,1118",1512x2016,2020-2-11:CMP6_DMY:p1@640:0.47|2026-8-12:YYYY:p2:0.83
000151,2026-09-07,0.977,YYYY,p2,1,1.69,"0,769,904,898",1512x2016,2026-9-7:YYYY:p2:0.98
000152,2026-07-31,0.997,YYYY,p1@640,1,1.25,"482,677,976,825",1512x2016,2026-7-31:YYYY:p1@640:1.00
000155,2026-06-22,0.637,YYYY,p2,1,0.79,"504,973,1055,1068",1512x2016,2026-6-22:YYYY:p2:0.64
000156,2026-07-29,0.786,YYYY,p2,1,1.84,"447,847,1043,986",1512x2016,2026-7-29:YYYY:p2:0.79
000157,NONE,,,,0,20.86,,,
000159,2027-01-01,0.952,YYYY,p2,1,4.43,"439,1234,937,1335",1512x2016,2027-1-1:YYYY:p2:0.95
000160,2025-04-02,0.614,YYYY,p2,1,1.04,"554,1046,888,1191",1512x2016,2025-4-2:YYYY:p2:0.61
000161,2027-05-10,0.378,YYYY,p2,1,2.75,"0,265,1106,1131",1512x2016,2027-5-10:YYYY:p2:0.38
000162,2027-06-12,0.916,YYYY,p2,2,2.38,"488,1102,1496,1254",1512x2016,None-5-10:MMDD:p2:0.94|2027-6-12:YYYY:p2:0.92
000163,2026-11-20,0.902,YYYY,p2,1,1.0,"532,806,1153,901",1512x2016,2026-11-20:YYYY:p2:0.90
000164,2026-04-27,0.817,YYYY,p2,1,1.09,"523,939,1011,1040",1512x2016,2026-4-27:YYYY:p2:0.82
000165,2027-01-13,0.915,YMD_GLUED,p1@640,1,0.97,"573,1068,976,1244",1512x2016,2027-1-13:YMD_GLUED:p1@640:0.91
000166,2027-08-NONE,0.881,YYYYMM,erode2/p1@640,1,4.93,"254,515,402,611",1512x2016,2027-8-None:YYYYMM:erode2/p1@640:0.88
000167,2026-08-07,0.7,YYYY,p2,1,3.88,"581,973,925,1138",1512x2016,2026-8-7:YYYY:p2:0.70
000169,2026-03-18,0.884,YYYY,p2,1,1.25,"491,850,863,995",1512x2016,2026-3-18:YYYY:p2:0.88
000170,2026-09-07,0.919,YYYY,p2,1,1.01,"416,989,891,1169",1512x2016,2026-9-7:YYYY:p2:0.92
000171,2026-05-27,0.991,YYYY,p2,2,3.05,"513,1184,945,1257",1512x2016,2025-8-28:YYYY:p2:0.96|2026-5-27:YYYY:p2:0.99
000172,2026-06-10,0.702,YYYY,p2,2,1.44,"592,800,992,1014",1512x2016,2026-6-10:YYYY:p2:0.70|2025-9-11:YYYY:p2:0.70
000173,2026-09-17,0.53,YYYY,p2,1,1.28,"435,1194,1115,1317",1512x2016,2026-9-17:YYYY:p2:0.53
000174,2026-09-05,0.433,YYYY,p2,5,1.93,"410,841,948,1074",1512x2016,2026-9-5:YYYY:p2:0.43|2026-9-5:YYYY:p2:0.43|2026-9-5:YYYY:p2:0.43|2025-9-6:YYYY:p1keep/p1@640:0.65|2026-6-9:DMY4:p1keep/p1@640:0.65
000175,2026-06-28,0.5,YMD_GLUED,p2,2,2.09,"183,1121,1228,2016",1512x2016,2025-9-29:YYYY:p2:0.47|2026-6-28:YMD_GLUED:p2:0.50
000176,2026-09-22,0.695,YYYY,p2,9,3.14,"394,898,1320,1216",1512x2016,2026-9-22:YYYY:p2:0.69|2025-9-23:YYYY:p2:0.69|2025-9-22:MDY4:p2:0.69|2025-9-23:YYYY:p2:0.69|2025-9-22:MDY4:p2:0.69|2026-9-22:YYYY:p2:0.69|2025-9-22:MDY4:p2:0.69|2025-9-23:YYYY:p2:0.69|2026-9-22:YYYY:p2:0.69
000177,2026-08-18,0.653,YYYY,p2,4,2.02,"328,1137,1216,1361",1512x2016,2026-8-18:YYYY:p2:0.65|2025-8-19:YYYY:p2:0.65|2025-8-19:YYYY:p2:0.65|2026-8-18:YYYY:p2:0.65
000178,2026-06-25,0.633,YYYY,p2,2,1.96,"517,995,920,1134",1512x2016,2025-9-26:YYYY:p2:0.91|2026-6-25:YYYY:p2:0.63
000179,2026-06-29,0.817,YYYY,p1keep/p1@640,5,2.53,"517,951,1203,1228",1512x2016,2025-9-30:YMD_GLUED:p2:0.69|2025-9-30:YMD_GLUED:p2:0.69|2025-9-30:YMD_GLUED:p2:0.69|2026-6-29:YYYY:p1keep/p1@640:0.82|2026-9-30:MDY4:p1keep/p1@640:0.82
000180,2026-06-25,0.937,YYYY,p2,2,1.92,"536,1071,923,1169",1512x2016,2025-9-26:YYYY:p2:0.96|2026-6-25:YYYY:p2:0.94
000181,2026-09-08,0.651,YYYY,p2,2,1.65,"517,1213,948,1351",1512x2016,2025-9-9:YYYY:p2:0.99|2026-9-8:YYYY:p2:0.65
000182,2026-10-01,0.847,DMY4,p2,1,2.19,"381,1046,1024,1156",1512x2016,2026-10-1:DMY4:p2:0.85
000184,2027-11-01,0.669,DMY4,p2,1,2.1,"586,926,1503,1137",1512x2016,2027-11-1:DMY4:p2:0.67
000185,2028-03-15,0.558,DMY4,p2,1,2.98,"0,970,1058,1449",1512x2016,2028-3-15:DMY4:p2:0.56
000186,2028-04-14,0.986,YYYY,p2,1,1.0,"529,873,914,1011",1512x2016,2028-4-14:YYYY:p2:0.99
000187,2028-02-05,0.421,YYYY,p2,1,1.8,"79,158,1257,1008",1512x2016,2028-2-5:YYYY:p2:0.42
000189,2026-08-25,0.998,YYYY,p2,1,2.72,"564,1017,879,1084",1512x2016,2026-8-25:YYYY:p2:1.00
000190,2022-11-26,0.511,YYMM_GLUE,dilate2/p1@1024,1,16.63,"218,417,445,485",1512x2016,2022-11-26:YYMM_GLUE:dilate2/p1@1024:0.51
000191,2020-06-15,0.696,SP_YMD,ft/erode3/p1@1024,1,24.52,"262,508,570,587",1512x2016,2020-6-15:SP_YMD:ft/erode3/p1@1024:0.70
000192,2024-06-01,0.697,SP_DMY,p1@640,1,2.19,"542,838,1074,995",1512x2016,2024-6-1:SP_DMY:p1@640:0.70
000194,2027-04-23,0.643,YYYY,p2,1,1.97,"639,898,1024,1014",1512x2016,2027-4-23:YYYY:p2:0.64
000195,2027-07-01,0.721,YYYY,p2,1,2.0,"520,1030,961,1159",1512x2016,2027-7-1:YYYY:p2:0.72
000196,2027-02-27,0.858,YYYY,p2,1,1.23,"491,1156,1002,1247",1512x2016,2027-2-27:YYYY:p2:0.86
000198,2022-12-15,0.802,SP_DMY,p1@640,1,4.21,"586,847,1194,910",1512x2016,2022-12-15:SP_DMY:p1@640:0.80
000200,2021-07-NONE,0.319,YYMM,fullres/p1@1024,1,11.01,"211,1358,1512,1691",1512x2016,2021-7-None:YYMM:fullres/p1@1024:0.32
000201,2027-03-30,0.868,YYYY,p2,1,3.33,"444,976,1065,1128",1512x2016,2027-3-30:YYYY:p2:0.87
000202,2027-02-06,0.684,YYYY,p2,1,1.43,"0,986,964,1169",1512x2016,2027-2-6:YYYY:p2:0.68
000203,2026-07-08,0.596,YYYY,erode3/p1@640,1,14.15,"2,35,554,645",1512x2016,2026-7-8:YYYY:erode3/p1@640:0.60
000204,2026-06-18,0.454,YYYY,p2,1,2.64,"148,573,1011,1109",1512x2016,2026-6-18:YYYY:p2:0.45
000205,2027-05-18,0.851,DMY4,p2,1,1.4,"0,879,813,1106",1512x2016,2027-5-18:DMY4:p2:0.85
000206,2026-05-08,0.904,YYYY,p2,1,1.93,"365,1166,898,1273",1512x2016,2026-5-8:YYYY:p2:0.90
000208,2026-04-13,0.995,MDY4,p2,1,1.49,"558,1175,1408,1269",1512x2016,2026-4-13:MDY4:p2:1.00
000211,2026-06-02,0.835,YYYY,p2,2,6.22,"189,460,444,566",1512x2016,2026-6-2:YYYY:p2:0.84|2026-2-12:YYYY:p1keep/erode2/p1@1024:0.95
000212,2026-12-16,0.788,YYYY,p2,1,10.19,"259,545,512,608",1512x2016,2026-12-16:YYYY:p2:0.79
000213,2026-03-20,0.979,YYYY,p2,1,1.62,"410,1178,1090,1276",1512x2016,2026-3-20:YYYY:p2:0.98
000216,2026-06-03,0.755,YYYY,p2,2,2.18,"357,1145,754,1283",1512x2016,2026-3-1:YYYY:p1@640:0.97|2026-6-3:YYYY:p2:0.75
000217,2027-03-08,0.449,YY,p1@640,1,4.26,"0,129,1358,1254",1512x2016,2027-3-8:YY:p1@640:0.45
000218,2026-05-03,0.968,YYYY,p2,1,1.9,"517,1005,907,1131",1512x2016,2026-5-3:YYYY:p2:0.97
000219,2026-09-07,0.827,YYYY,p2,1,1.03,"570,951,973,1040",1512x2016,2026-9-7:YYYY:p2:0.83
000220,2026-02-23,0.963,YYYY,p2,1,1.76,"586,986,914,1062",1512x2016,2026-2-23:YYYY:p2:0.96
000221,2026-07-15,0.902,YYYY,p2,1,1.79,"617,1065,976,1175",1512x2016,2026-7-15:YYYY:p2:0.90
000222,2026-03-25,0.947,YYYY,p2,1,1.58,"558,1102,929,1169",1512x2016,2026-3-25:YYYY:p2:0.95
000223,2026-08-13,0.991,YYYY,p2,1,1.32,"438,1027,910,1150",1512x2016,2026-8-13:YYYY:p2:0.99
000225,2026-04-06,0.448,YYYY,p2,1,2.81,"510,397,1440,1115",1512x2016,2026-4-6:YYYY:p2:0.45
000226,2027-03-15,0.788,YYMM_DAYLA,p2,4,4.9,"595,1093,996,1201",1512x2016,2027-3-None:YYMM:p2:0.79|2027-3-15:YYMM_DAYLA:p2:0.79|2027-3-15:YYMM_DAYLA:p2:0.79|2027-3-None:YYMM:p2:0.79
000227,2028-09-17,0.398,YYYY,p2,1,5.44,"0,51,1227,1187",1512x2016,2028-9-17:YYYY:p2:0.40
000228,2025-10-20,0.947,YYYY,p2,1,1.24,"583,907,942,1021",1512x2016,2025-10-20:YYYY:p2:0.95
000229,2022-10-11,0.745,CMP6_YMD,erode2/p1@640,1,6.85,"85,930,560,1022",1512x2016,2022-10-11:CMP6_YMD:erode2/p1@640:0.74
000230,2026-03-28,0.725,YYYY,p2,1,2.24,"277,1143,1080,1295",1512x2016,2026-3-28:YYYY:p2:0.73
000232,NONE,,,,0,29.91,,,
000233,2021-01-22,0.69,CMP6_YMD,erode2/p1@1024,1,6.98,"0,29,540,661",1512x2016,2021-1-22:CMP6_YMD:erode2/p1@1024:0.69
000235,2026-03-08,0.896,YYYY,p2,1,2.7,"321,677,1046,841",1512x2016,2026-3-8:YYYY:p2:0.90
000236,2026-04-08,0.904,YYYY,p2,1,3.09,"375,973,1156,1140",1512x2016,2026-4-8:YYYY:p2:0.90
000237,2026-06-05,0.839,YYYY,p2,1,3.38,"189,1112,1118,1203",1512x2016,2026-6-5:YYYY:p2:0.84
000238,2026-09-10,0.872,YYYY,p1@640,2,1.74,"428,1058,1288,1421",1512x2016,2025-9-11:YYYY:p2:0.42|2026-9-10:YYYY:p1@640:0.87
000239,2026-07-10,0.356,YYYY,p2,2,3.56,"249,488,1386,1370",1512x2016,2026-7-10:YYYY:p2:0.36|2022-4-25:MDY4:p1@640:0.50
000240,2027-05-20,0.634,YYYY,p2,1,2.4,"608,1197,1273,1345",1512x2016,2027-5-20:YYYY:p2:0.63
000241,2027-08-10,0.942,YYYY,p2,1,2.48,"561,1166,1247,1288",1512x2016,2027-8-10:YYYY:p2:0.94
000242,2025-09-22,0.59,YYYY,p2,4,3.98,"0,718,1320,1348",1512x2016,2025-9-22:YYYY:p2:0.59|2025-5-21:MDY4:p2:0.59|2025-5-21:MDY4:p2:0.59|2025-9-22:YYYY:p2:0.59
000243,2026-08-17,0.809,YYYY,p2,1,1.14,"469,1033,1279,1310",1512x2016,2026-8-17:YYYY:p2:0.81
000244,2026-06-21,0.753,YYYY,p2,5,2.12,"299,992,1458,1266",1512x2016,2026-6-21:YYYY:p2:0.75|2025-8-22:YYYY:p2:0.75|2026-6-21:YYYY:p2:0.75|2025-6-21:MDY4:p2:0.75|2026-6-21:YYYY:p2:0.75
000245,2026-02-24,0.954,YY,p2,2,2.57,"520,1194,1002,1314",1512x2016,2025-9-25:YY:p2:0.72|2026-2-24:YY:p2:0.95
000246,2026-02-04,0.734,YYMM_GLUE,p1keep/p1@640,3,2.44,"576,1137,1216,1458",1512x2016,2025-9-5:YY:p2:0.62|2025-9-5:YY:p2:0.62|2026-2-4:YYMM_GLUE:p1keep/p1@640:0.73
000247,2026-05-20,0.926,DMY4,p1@640,1,1.03,"406,958,1244,1188",1512x2016,2026-5-20:DMY4:p1@640:0.93
000249,2026-02-16,0.671,YYYY,p2,5,2.76,"265,1203,1314,1531",1512x2016,2026-2-16:YYYY:p2:0.67|2025-9-17:YYYY:p2:0.67|2026-2-16:YYYY:p2:0.67|2025-2-16:MDY4:p2:0.67|2026-2-16:YYYY:p2:0.67
000250,2026-03-04,0.984,YY,p2,2,2.93,"690,1484,1115,1594",1512x2016,2025-9-5:YY:p2:0.94|2026-3-4:YY:p2:0.98
000251,2026-02-24,0.954,YY,p1@640,1,1.32,"488,1339,1090,1503",1512x2016,2026-2-24:YY:p1@640:0.95
000252,2026-07-09,0.781,YYYY,p2,2,1.44,"633,1200,1068,1408",1512x2016,2026-7-3:YYYY:p2:0.90|2026-7-9:YYYY:p2:0.78
000253,2026-06-20,0.913,YYYY,p2,1,1.59,"595,1002,1096,1194",1512x2016,2026-6-20:YYYY:p2:0.91
000254,2026-08-12,0.758,YY,p2,3,2.49,"44,1046,1269,1361",1512x2016,2026-8-12:YY:p2:0.76|2025-8-13:YY:p2:0.76|2025-8-13:YY:p2:0.76
000256,2027-01-02,0.759,YY,p2,1,1.54,"315,1188,1005,1332",1512x2016,2027-1-2:YY:p2:0.76
000257,2025-12-10,0.977,YYYY,p2,1,0.81,"334,753,1386,961",1512x2016,2025-12-10:YYYY:p2:0.98
000258,2026-05-30,0.383,YYYY,p2,1,4.75,"480,260,1358,1077",1512x2016,2026-5-30:YYYY:p2:0.38
000259,2025-11-09,0.371,YYYY,p1@640,1,2.29,"0,873,1244,1950",1512x2016,2025-11-9:YYYY:p1@640:0.37
000260,2027-04-01,0.958,YY,p2,1,1.61,"473,1401,1629,1874",2142x2856,2027-4-1:YY:p2:0.96
000261,2026-03-07,0.532,YY,p2,2,4.47,"523,1354,1146,1454",1179x2556,2025-9-8:YY:p2:0.96|2026-3-7:YY:p2:0.53
000262,2027-01-10,0.803,YYYY,p2,1,3.34,"453,1081,1051,1124",1512x2016,2027-1-10:YYYY:p2:0.80
000263,2022-02-31,0.776,CMP6_YMD,ft/erode2/p1@640,1,20.68,"286,501,530,544",1512x2016,2022-2-31:CMP6_YMD:ft/erode2/p1@640:0.78
000264,NONE,,,,0,23.69,,,
000265,2026-11-26,0.937,YYYY,p2,1,0.95,"536,1125,888,1222",1512x2016,2026-11-26:YYYY:p2:0.94
000266,2025-12-04,0.886,YYYY,ft/p2,1,23.8,"330,798,551,860",1512x2016,2025-12-4:YYYY:ft/p2:0.89
000267,2026-06-02,0.996,YY,p2,1,2.34,"598,817,807,882",1512x2016,2026-6-2:YY:p2:1.00
000269,2026-05-15,0.834,YYYY,p2,1,3.73,"0,1106,1257,1295",1512x2016,2026-5-15:YYYY:p2:0.83
000270,2026-09-03,0.967,YYYY,p1@640,1,2.14,"539,1663,832,1808",1512x2016,2026-9-3:YYYY:p1@640:0.97
000271,2026-03-22,0.853,YYYY,p2,1,2.42,"416,1430,816,1547",1512x2016,2026-3-22:YYYY:p2:0.85
000272,2026-05-10,0.98,YYYY,p2,1,1.28,"227,1354,649,1462",1512x2016,2026-5-10:YYYY:p2:0.98
000275,2026-04-23,0.867,YYYY,p2,1,4.15,"772,1209,1315,1305",1512x2016,2026-4-23:YYYY:p2:0.87
000276,2026-03-25,0.705,YY,p2,2,3.35,"400,1307,1137,1389",1512x2016,2025-9-26:YY:p2:0.75|2026-3-25:YY:p2:0.71
000280,2026-03-23,0.959,YYYY,p2,1,1.06,"580,854,847,929",1512x2016,2026-3-23:YYYY:p2:0.96
000281,2026-07-15,0.965,YY,p2,1,2.9,"583,1172,895,1266",1512x2016,2026-7-15:YY:p2:0.96
000282,2026-09-10,0.997,YYYY,p2,1,2.42,"838,602,1125,662",1512x2016,2026-9-10:YYYY:p2:1.00
000283,2027-09-17,0.812,YY,p2,1,1.82,"687,1071,970,1169",1512x2016,2027-9-17:YY:p2:0.81
000284,2026-08-20,0.954,YYYY,p2,2,5.03,"548,1484,1159,1566",1512x2016,2020-4-2:YYYY:p1@640:0.59|2026-8-20:YYYY:p2:0.95
000285,2027-07-02,0.752,YYYY,p2,1,1.7,"573,1276,1027,1408",1512x2016,2027-7-2:YYYY:p2:0.75
000286,2027-03-11,0.949,YYYY,p2,1,12.74,"305,590,529,633",1512x2016,2027-3-11:YYYY:p2:0.95
000287,2027-02-18,0.74,YY,p2,1,5.57,"230,1468,1512,1581",1512x2016,2027-2-18:YY:p2:0.74
000288,2028-07-25,0.607,YYYY,p2,1,2.74,"474,935,951,1061",1512x2016,2028-7-25:YYYY:p2:0.61
000289,2030-07-23,0.733,YYYY,p2,1,1.04,"359,958,1102,1159",1512x2016,2030-7-23:YYYY:p2:0.73
000290,2027-03-02,0.873,YYYY,p2,1,6.59,"291,595,480,656",1512x2016,2027-3-2:YYYY:p2:0.87
000291,2027-07-21,0.96,YYYY,p2,1,2.85,"526,1178,847,1292",1512x2016,2027-7-21:YYYY:p2:0.96
000292,2026-02-13,0.967,DMY4,p2,1,1.3,"592,866,854,942",1512x2016,2026-2-13:DMY4:p2:0.97
000294,2026-09-09,0.367,DMY4,p2,9,10.49,"139,885,1339,1647",1512x2016,2025-9-9:YYYY:p2:0.37|2026-9-9:DMY4:p2:0.37|2026-9-8:YYYY:p2:0.37|2026-9-8:YYYY:p2:0.37|2025-9-9:YYYY:p2:0.37|2026-9-9:DMY4:p2:0.37|2026-9-9:DMY4:p2:0.37|2025-9-9:YYYY:p2:0.37|2026-9-8:YYYY:p2:0.37
000295,2025-11-08,0.976,YYYY,p2,1,1.73,"614,592,1140,693",1512x2016,2025-11-8:YYYY:p2:0.98
000296,2026-07-28,0.952,YYYY,p2,1,1.47,"432,148,866,287",1512x2016,2026-7-28:YYYY:p2:0.95
000299,2026-05-13,0.932,YYYY,p2,1,3.11,"551,573,1036,655",1512x2016,2026-5-13:YYYY:p2:0.93
000300,2026-05-21,0.989,YYYY,p2,1,2.08,"495,1169,920,1266",1512x2016,2026-5-21:YYYY:p2:0.99
000301,2027-04-09,0.77,YYYY,p2,1,1.12,"41,1156,724,1269",1512x2016,2027-4-9:YYYY:p2:0.77
000302,2026-03-15,0.943,YYYY,p2,1,1.29,"340,728,838,813",1512x2016,2026-3-15:YYYY:p2:0.94
000303,2026-07-31,0.548,YY,p2,1,2.4,"13,1317,1273,1679",1512x2016,2026-7-31:YY:p2:0.55
000304,2026-06-01,0.823,YYYY,p2,1,1.59,"425,832,1027,929",1512x2016,2026-6-1:YYYY:p2:0.82
000305,2026-02-24,0.997,YY,p2,1,12.61,"176,368,510,429",1512x2016,2026-2-24:YY:p2:1.00
000306,2026-09-16,0.866,YYYY,p2,1,1.84,"0,838,888,1065",1512x2016,2026-9-16:YYYY:p2:0.87
000307,2025-11-14,0.8,YY,p2,1,1.65,"460,674,1121,850",1512x2016,2025-11-14:YY:p2:0.80
000308,2025-12-04,0.949,YYYY,p2,1,1.46,"340,573,904,671",1512x2016,2025-12-4:YYYY:p2:0.95
000310,2026-09-28,0.651,YYYY,p2,4,6.8,"403,1156,1345,1222",1512x2016,2024-4-7:CMP6_DMY:p1@640:0.59|2026-9-28:YYYY:p2:0.65|2026-9-28:YYYY:p2:0.65|2026-7-18:DMY4:p1keep/p1@640:0.58
000312,2026-08-26,0.859,YYYY,p2,1,1.62,"510,1395,999,1493",1512x2016,2026-8-26:YYYY:p2:0.86
000313,2026-03-17,0.813,YYYY,p2,1,2.73,"378,690,1225,756",1512x2016,2026-3-17:YYYY:p2:0.81
000315,2026-07-19,0.975,YYYY,p1@640,1,0.84,"513,1024,850,1210",1512x2016,2026-7-19:YYYY:p1@640:0.98
000316,2027-03-01,0.829,YYYY,p2,1,1.81,"296,948,1147,1052",1512x2016,2027-3-1:YYYY:p2:0.83
000317,2025-11-15,0.785,YYYY,p2,2,2.71,"522,1132,876,1215",1512x2016,2025-11-15:YYYY:p2:0.78|2025-1-1:YYYY:p1keep/p1@1024:0.92
000319,2026-02-14,0.94,YYYY,p2,1,1.71,"639,917,1093,1024",1512x2016,2026-2-14:YYYY:p2:0.94
000320,2025-11-12,0.838,YY_LEAD0,p2,2,2.88,"0,1411,1102,1569",1512x2016,2025-8-13:YYYY:p2:0.80|2025-11-12:YY_LEAD0:p2:0.84
000322,2025-10-29,0.708,YYYY,p2,1,0.95,"315,794,961,923",1512x2016,2025-10-29:YYYY:p2:0.71
000323,2025-12-21,0.632,YYYY,p2,2,2.19,"0,1465,1159,1588",1512x2016,2025-9-22:YYYY:p2:0.93|2025-12-21:YYYY:p2:0.63
000324,2027-05-15,0.442,YMD_GLUED,p2,1,3.19,"0,1043,1414,1937",1512x2016,2027-5-15:YMD_GLUED:p2:0.44
000325,2025-11-03,0.986,YY,p2,1,2.39,"450,1581,803,1710",1512x2016,2025-11-3:YY:p2:0.99
000326,2025-10-18,0.956,YYYY,p2,1,2.59,"410,1572,958,1657",1512x2016,2025-10-18:YYYY:p2:0.96
000328,2025-12-25,0.59,YYYY,p2,1,3.32,"214,936,1238,1162",1512x2016,2025-12-25:YYYY:p2:0.59
000329,2025-12-25,0.432,YYYY,p2,1,2.99,"0,1074,1496,1219",1512x2016,2025-12-25:YYYY:p2:0.43
000330,2025-11-02,0.565,YY,p2,4,3.58,"195,901,1392,1080",1512x2016,2025-10-4:YY:p2:0.56|2025-11-2:YY:p2:0.56|2025-11-2:YY:p2:0.56|2025-10-4:YY:p2:0.56
000331,2025-10-31,0.845,YYYY,p2,1,1.34,"564,608,1040,696",1512x2016,2025-10-31:YYYY:p2:0.84
000332,2025-10-22,0.901,YYYY,p2,1,1.59,"658,898,1096,986",1512x2016,2025-10-22:YYYY:p2:0.90
000333,2025-11-07,0.598,YYYY,p2,1,1.2,"47,1024,1251,1219",1512x2016,2025-11-7:YYYY:p2:0.60
000334,2026-03-15,0.948,YYYY,p2,1,1.33,"598,832,1024,954",1512x2016,2026-3-15:YYYY:p2:0.95
000335,2025-11-28,0.951,YYYY,p2,2,2.09,"614,1550,1156,1673",1512x2016,2022-1-None:YYMM:p1@640:0.61|2025-11-28:YYYY:p2:0.95
000336,2025-11-20,0.637,YY,p2,1,12.53,"194,283,536,374",1512x2016,2025-11-20:YY:p2:0.64
000337,2025-12-09,0.901,YYYY,p2,1,0.91,"454,1364,1090,1493",1512x2016,2025-12-9:YYYY:p2:0.90
000338,2026-05-28,0.959,YYYY,p2,1,1.2,"410,866,828,1002",1512x2016,2026-5-28:YYYY:p2:0.96
000340,2026-08-11,0.927,YY,p2,1,1.23,"513,806,942,904",1512x2016,2026-8-11:YY:p2:0.93
000341,2026-04-29,0.987,YYYY,p2,1,1.07,"561,1597,932,1726",1512x2016,2026-4-29:YYYY:p2:0.99
000342,2026-06-22,0.996,YYYY,p2,1,0.83,"611,954,1033,1087",1512x2016,2026-6-22:YYYY:p2:1.00
000344,2026-08-04,0.96,YYYY,p2,1,1.33,"350,756,1043,895",1512x2016,2026-8-4:YYYY:p2:0.96
000345,2026-04-09,0.874,YYYY,p2,1,2.51,"88,929,920,1058",1512x2016,2026-4-9:YYYY:p2:0.87
000346,2026-05-15,0.85,YYYY,p2,1,1.47,"243,1421,718,1559",1512x2016,2026-5-15:YYYY:p2:0.85
000347,2027-05-26,0.98,YYYY,p2,1,1.37,"532,1351,882,1458",1512x2016,2027-5-26:YYYY:p2:0.98
000348,2026-04-02,0.879,YYYY,p2,1,2.34,"617,1210,1021,1295",1512x2016,2026-4-2:YYYY:p2:0.88
000349,2025-12-07,0.925,YYYY,p1@640,1,1.47,"759,1307,1197,1392",1512x2016,2025-12-7:YYYY:p1@640:0.92
000350,2027-05-15,0.998,YYYY,p2,1,3.04,"608,1156,945,1228",1512x2016,2027-5-15:YYYY:p2:1.00
000352,2026-08-27,0.947,YYYY,p2,1,2.21,"551,1068,926,1143",1512x2016,2026-8-27:YYYY:p2:0.95
000353,2026-03-08,0.315,YYYY,p2,1,2.13,"0,611,1043,1021",1512x2016,2026-3-8:YYYY:p2:0.31
000354,2027-07-06,0.999,YYYY,p2,1,2.82,"621,1377,983,1468",1512x2016,2027-7-6:YYYY:p2:1.00
000355,2028-06-17,0.866,YYYY,p1keep/p1@1024,2,2.7,"413,1002,982,1118",1512x2016,2028-5-17:YY_LEAD0:p2:0.65|2028-6-17:YYYY:p1keep/p1@1024:0.87
000356,2027-03-17,0.934,YYYY,p2,1,2.23,"479,1370,939,1490",1512x2016,2027-3-17:YYYY:p2:0.93
000357,2027-08-11,0.909,YYYY,p2,1,1.64,"517,1521,1040,1641",1512x2016,2027-8-11:YYYY:p2:0.91
000359,2026-06-16,0.756,YYYY,p2,1,2.97,"482,992,1138,1065",1512x2016,2026-6-16:YYYY:p2:0.76
000360,2026-02-19,0.591,YY,ft/p1keep/p1@640,3,22.68,"438,674,1137,882",1512x2016,2026-2-None:YYMM:ft/p2:0.49|2026-2-18:YYMM_DAYLA:ft/p2:0.49|2026-2-19:YY:ft/p1keep/p1@640:0.59
000361,2026-12-12,0.609,CMP,p2,1,8.21,"0,427,526,534",1512x2016,2026-12-12:CMP:p2:0.61
000363,2026-04-21,0.454,YYYY,p2,1,1.24,"0,835,1232,1084",1512x2016,2026-4-21:YYYY:p2:0.45
000364,2026-06-04,0.861,YYYY,p2,1,6.84,"0,1154,943,1240",1512x2016,2026-6-4:YYYY:p2:0.86
000365,2026-03-11,0.944,YYYY,p2,1,2.2,"655,797,1021,863",1512x2016,2026-3-11:YYYY:p2:0.94
000366,2026-09-05,0.619,YYYY,p2,1,2.05,"343,561,1282,747",1512x2016,2026-9-5:YYYY:p2:0.62
000367,2026-05-18,0.513,YYYY,p2,1,2.94,"0,724,1049,850",1512x2016,2026-5-18:YYYY:p2:0.51
000368,2026-09-22,0.709,YYYY,p2,1,10.29,"240,454,666,518",1512x2016,2026-9-22:YYYY:p2:0.71
000369,2027-06-25,0.595,YYYY,p2,1,1.06,"0,841,1036,1096",1512x2016,2027-6-25:YYYY:p2:0.59
000370,2025-09-02,0.473,YYYY,p2,3,7.12,"0,537,1380,1496",1512x2016,2025-9-2:YYYY:p2:0.47|2025-2-20:MDY4:p2:0.47|2021-5-9:YYYY:p1keep/p1@1024:0.53
000371,2026-02-15,0.936,YYYY,p2,1,1.21,"406,920,1033,986",1512x2016,2026-2-15:YYYY:p2:0.94
000372,2026-09-15,0.927,YYYY,p1@640,1,1.43,"447,1005,1137,1134",1512x2016,2026-9-15:YYYY:p1@640:0.93
000373,NONE,,,,0,47.81,,,
000374,2026-08-28,0.913,YYYY,p2,1,7.05,"616,805,1087,937",1512x2016,2026-8-28:YYYY:p2:0.91
000375,2026-05-31,0.822,YY,p2,1,2.53,"205,775,1427,869",1512x2016,2026-5-31:YY:p2:0.82
000376,2025-10-07,0.406,YYYY,p2,1,3.94,"129,208,1512,2016",1512x2016,2025-10-7:YYYY:p2:0.41
000377,2026-07-01,0.273,YYYY,p2,1,20.5,"229,533,637,698",1512x2016,2026-7-1:YYYY:p2:0.27
000378,2026-05-29,0.261,DMY4,p2,1,1.74,"101,734,1112,1802",1512x2016,2026-5-29:DMY4:p2:0.26
000379,2026-09-05,0.895,CMP6_DMY,p2,1,2.3,"217,869,1395,1021",1512x2016,2026-9-5:CMP6_DMY:p2:0.90
000380,2026-09-02,0.249,YYYY,p2,1,1.53,"69,495,1490,1597",1512x2016,2026-9-2:YYYY:p2:0.25
000381,2027-01-20,0.901,DMY4,p2,1,1.26,"435,1109,992,1216",1512x2016,2027-1-20:DMY4:p2:0.90
000382,2026-08-18,0.949,YYYY,p1@640,1,1.46,"513,899,1001,1020",1530x2040,2026-8-18:YYYY:p1@640:0.95
000383,2026-04-03,0.896,YYYY,p2,1,2.28,"752,1428,1065,1514",1530x2040,2026-4-3:YYYY:p2:0.90
000384,2026-07-08,0.67,YYYY,p2,1,1.31,"204,1033,1329,1269",1530x2040,2026-7-8:YYYY:p2:0.67
000385,2026-09-14,0.736,YYYY,p2,2,2.22,"634,1144,1179,1243",1530x2040,2025-9-15:YYYY:p2:0.60|2026-9-14:YYYY:p2:0.74
000386,2026-11-06,0.868,DMY4,p1keep/p1@640,5,2.15,"481,1740,1046,1871",1530x2040,2025-6-11:YYYY:p2:0.80|2025-6-11:YYYY:p2:0.80|2025-6-11:YYYY:p2:0.80|2026-6-10:YYYY:p1keep/p1@640:0.87|2026-11-6:DMY4:p1keep/p1@640:0.87
000387,2027-01-21,0.717,YYYY,p2,1,2.1,"217,1791,937,1855",1530x2040,2027-1-21:YYYY:p2:0.72
000390,2021-03-23,0.824,CMP,erode2/p1@1024,1,9.53,"285,491,506,509",1530x2040,2021-3-23:CMP:erode2/p1@1024:0.82
000391,2026-12-10,0.65,YYYY,p2,1,1.92,"695,204,1281,303",1530x2040,2026-12-10:YYYY:p2:0.65
000392,2026-08-28,0.683,YY,p2,1,2.77,"48,877,1195,1106",1530x2040,2026-8-28:YY:p2:0.68
000393,2027-08-02,0.892,YYYY,p2,1,1.62,"332,768,653,864",1530x2040,2027-8-2:YYYY:p2:0.89
000394,2026-04-14,0.888,YYYY,p2,1,5.14,"257,1715,1060,1839",1530x2040,2026-4-14:YYYY:p2:0.89
000396,2026-02-27,0.588,YYYY,p2,1,1.58,"268,1556,928,1629",1530x2040,2026-2-27:YYYY:p2:0.59
000397,2026-02-19,0.968,YYYY,p2,1,1.96,"615,1511,1039,1575",1530x2040,2026-2-19:YYYY:p2:0.97
000398,2027-07-30,0.723,YYYY,p1@640,1,1.18,"905,411,1132,542",1530x2040,2027-7-30:YYYY:p1@640:0.72
000399,2027-01-31,0.96,YYYY,p2,1,1.98,"526,1246,969,1336",1530x2040,2027-1-31:YYYY:p2:0.96
000401,2027-04-12,0.878,YY,p2,1,1.39,"475,1237,1093,1300",1530x2040,2027-4-12:YY:p2:0.88
000402,2019-04-28,0.73,DDMMYY,p1@640,1,3.36,"150,408,1148,593",1530x2040,2019-4-28:DDMMYY:p1@640:0.73
000403,2027-04-01,0.666,YYYY,p2,1,4.64,"210,486,442,581",1530x2040,2027-4-1:YYYY:p2:0.67
000404,2026-06-10,0.925,YYYY,p2,1,1.24,"516,959,991,1061",1530x2040,2026-6-10:YYYY:p2:0.93
000405,2020-07-01,0.501,SP_DMY,dilate2/p1@1024,1,39.15,"103,687,661,727",1530x2040,2020-7-1:SP_DMY:dilate2/p1@1024:0.50
000406,NONE,,,,0,30.43,,,
000407,2025-12-01,0.996,YYYY,p2,10,3.56,"478,1568,1046,1651",1530x2040,2025-10-10:YY_LEAD0:p1@640:0.88|2025-10-3:YYYY:p2:1.00|2025-12-1:YYYY:p2:1.00|2025-3-10:DMY4:p2:1.00|2025-12-1:YYYY:p2:1.00|2025-10-3:YYYY:p2:1.00|2025-3-10:DMY4:p2:1.00|2025-3-10:DMY4:p2:1.00|2025-10-3:YYYY:p2:1.00|2025-12-1:YYYY:p2:1.00
000408,2025-10-09,0.74,YYYY,p2,1,1.89,"1358,1020,1833,1183",2040x1530,2025-10-9:YYYY:p2:0.74
000410,2027-04-13,0.719,YYYY,p2,1,1.11,"567,1291,1036,1380",1530x2040,2027-4-13:YYYY:p2:0.72
000411,2026-09-09,0.533,YYYY,p2,2,3.02,"963,1046,1208,1112",1530x2040,2026-9-9:YYYY:p2:0.53|2025-9-10:YYYY:p2:0.98
000412,2026-01-19,0.583,YYYY,p2,1,2.79,"555,1492,991,1594",1530x2040,2026-1-19:YYYY:p2:0.58
000414,2026-04-07,0.99,YYYY,p2,1,0.94,"558,1132,972,1221",1530x2040,2026-4-7:YYYY:p2:0.99
000416,2026-07-01,0.616,DMY4,p1@640,1,1.57,"198,1081,947,1262",1530x2040,2026-7-1:DMY4:p1@640:0.62
000417,2026-03-15,0.535,YYYY,p2,1,1.54,"96,1106,1135,1300",1530x2040,2026-3-15:YYYY:p2:0.53
000418,2026-09-08,0.948,YYYY,p2,1,4.02,"428,1052,898,1167",1530x2040,2026-9-8:YYYY:p2:0.95
000419,2026-08-05,0.653,YYYY,p2,1,1.94,"379,969,924,1100",1530x2040,2026-8-5:YYYY:p2:0.65
000420,2025-12-04,0.958,YYYY,p2,1,2.52,"287,1530,593,1613",1530x2040,2025-12-4:YYYY:p2:0.96
000421,2026-07-17,0.642,YY,p2,1,0.9,"204,1195,571,1285",1530x2040,2026-7-17:YY:p2:0.64
000422,2026-06-09,0.997,YYYY,p2,2,1.9,"969,1144,1141,1192",1530x2040,2025-9-10:YYYY:p2:0.65|2026-6-9:YYYY:p2:1.00
000423,2026-06-02,0.618,YYYY,p2,9,2.24,"185,892,988,1173",1530x2040,2025-6-5:YYYY:p2:0.62|2026-5-6:DMY4:p2:0.62|2026-6-2:YYYY:p2:0.62|2026-5-6:DMY4:p2:0.62|2025-6-5:YYYY:p2:0.62|2026-6-2:YYYY:p2:0.62|2026-5-6:DMY4:p2:0.62|2025-6-5:YYYY:p2:0.62|2026-6-2:YYYY:p2:0.62
000424,2026-03-28,0.874,YMD_GLUED,p2,1,4.76,"1046,1434,1295,1508",1530x2040,2026-3-28:YMD_GLUED:p2:0.87
000425,2025-11-05,0.694,YYYY,p2,1,1.12,"300,1148,752,1237",1530x2040,2025-11-5:YYYY:p2:0.69
000426,2026-12-26,0.833,YYYY,p2,1,1.7,"692,1785,892,1862",1530x2040,2026-12-26:YYYY:p2:0.83
000427,2027-04-01,0.827,YYYY,p2,1,1.06,"660,1693,889,1753",1530x2040,2027-4-1:YYYY:p2:0.83
000429,2026-01-04,0.845,YYYY,p1keep/p1@640,2,2.69,"316,1454,1109,1565",1530x2040,2025-1-4:YYYY:p2:0.44|2026-1-4:YYYY:p1keep/p1@640:0.84
000430,2028-02-01,0.931,YYYY,p2,2,2.87,"688,1441,972,1504",1530x2040,None-8-25:MMDD:p1@640:0.35|2028-2-1:YYYY:p2:0.93
000431,2026-03-17,0.701,YYYY,p2,1,2.08,"583,1482,1489,1728",1530x2040,2026-3-17:YYYY:p2:0.70
000433,2026-08-05,0.503,YYYY,p2,1,5.33,"20,500,1016,1269",1530x2040,2026-8-5:YYYY:p2:0.50
000434,2026-10-28,0.973,YYYY,p2,1,2.03,"682,1524,937,1591",1530x2040,2026-10-28:YYYY:p2:0.97
000435,2026-07-14,0.949,YYYY,p2,1,1.34,"574,1559,924,1648",1530x2040,2026-7-14:YYYY:p2:0.95
000436,2026-02-12,0.76,YYYY,p2,1,1.74,"532,896,1218,1010",1530x2040,2026-2-12:YYYY:p2:0.76
000437,NONE,,,,0,25.33,,,
000438,2026-02-19,0.52,YYYY,ft/p2,1,17.42,"40,474,1530,1118",1530x2040,2026-2-19:YYYY:ft/p2:0.52
000439,2026-03-18,0.793,YYYY,p2,1,1.65,"462,972,688,1042",1530x2040,2026-3-18:YYYY:p2:0.79
000440,NONE,,,,0,29.78,,,
000442,2025-11-30,0.597,YYYY,p2,1,1.38,"704,1712,994,1855",1530x2040,2025-11-30:YYYY:p2:0.60
000443,2026-04-06,0.433,YYYY,p2,2,3.43,"166,628,1186,768",1530x2040,2026-4-6:YYYY:p2:0.43|2021-1-2:CMP6_YMD:p1@640:0.47
000444,2026-07-01,0.949,YYYY,p2,1,2.05,"994,1253,1186,1323",1530x2040,2026-7-1:YYYY:p2:0.95
000445,2026-07-17,0.416,YYYY,p2,1,9.83,"259,734,680,802",1530x2040,2026-7-17:YYYY:p2:0.42
000447,2025-11-22,0.869,YYYY,p2,1,2.29,"598,721,972,801",1530x2040,2025-11-22:YYYY:p2:0.87
000448,2026-08-20,0.985,YYYY,p2,1,1.38,"657,1218,937,1307",1530x2040,2026-8-20:YYYY:p2:0.99
000449,2026-01-28,0.74,DMY4,p2,1,3.46,"20,307,972,1068",1530x2040,2026-1-28:DMY4:p2:0.74
000450,2026-03-11,0.702,YYYY,p1keep/p1@640,5,2.96,"755,1077,1291,1211",1530x2040,2025-9-12:YYYY:p2:0.68|2025-9-12:YYYY:p2:0.68|2025-9-12:YYYY:p2:0.68|2026-3-11:YYYY:p1keep/p1@640:0.70|2025-11-3:DMY4:p1keep/p1@640:0.70
000451,2026-02-27,0.566,YY,p1keep/p1@640,3,2.51,"271,1342,1530,1712",1530x2040,2025-8-28:YY:p2:0.43|2025-8-28:YY:p2:0.43|2026-2-27:YY:p1keep/p1@640:0.57
000452,2025-03-26,0.73,YYYY,ft/p1keep/p1@1024,2,17.87,"855,1281,1167,1385",1530x2040,2020-2-9:YY:ft/p2:0.51|2025-3-26:YYYY:ft/p1keep/p1@1024:0.73
000453,2025-08-27,0.674,YY,p2,1,4.5,"359,1616,1367,1789",1530x2040,2025-8-27:YY:p2:0.67
000454,2025-07-15,0.852,YYYY,p2,2,2.01,"924,478,1122,548",1530x2040,2026-1-None:YYYYMM:p1@640:0.78|2025-7-15:YYYY:p2:0.85
000455,2026-02-10,0.887,YYYY,p2,2,1.47,"1001,921,1234,975",1530x2040,2026-2-10:YYYY:p2:0.89|2025-8-11:YYYY:p2:0.90
000456,2025-12-26,0.678,YYYY,p2,1,2.06,"150,427,1377,561",1530x2040,2025-12-26:YYYY:p2:0.68
000459,NONE-01-19,0.546,MMDD,blur1/p1@1024,1,27.39,"0,188,765,896",1530x2040,None-1-19:MMDD:blur1/p1@1024:0.55
000461,2026-11-28,0.555,YYYY,p2,1,1.23,"446,1377,915,1504",1530x2040,2026-11-28:YYYY:p2:0.56
000462,2027-05-27,0.831,YYYY,p2,1,1.18,"778,1250,1189,1361",1530x2040,2027-5-27:YYYY:p2:0.83
000464,2026-05-19,0.671,YYYY,p2,1,7.09,"356,439,639,521",1530x2040,2026-5-19:YYYY:p2:0.67
000465,2027-07-30,0.574,YYYY,p2,1,1.57,"134,810,1527,1320",1530x2040,2027-7-30:YYYY:p2:0.57
000466,2027-06-17,0.657,YYYY,p2,1,1.14,"768,1664,994,1750",1530x2040,2027-6-17:YYYY:p2:0.66
000467,2025-12-26,0.916,YY,p2,2,3.78,"590,765,924,861",1530x2040,2025-12-26:YY:p2:0.92|2019-2-8:SP_DMY:p1@640:0.13
000468,2026-06-06,0.912,DMY4,ft/p1@640,1,12.89,"816,1610,1052,1658",1530x2040,2026-6-6:DMY4:ft/p1@640:0.91
000469,2026-07-21,0.947,YYYY,p2,1,1.61,"994,1517,1186,1597",1530x2040,2026-7-21:YYYY:p2:0.95
000470,2026-08-06,0.999,YY,p2,1,1.97,"803,1434,1001,1479",1530x2040,2026-8-6:YY:p2:1.00
000471,2027-01-08,0.817,YYYY,p2,1,3.07,"682,1718,1132,1769",1530x2040,2027-1-8:YYYY:p2:0.82
000473,2025-10-30,0.558,CMP6_YMD,ft/blur1/p1@640,1,27.22,"478,21,768,299",1530x2040,2025-10-30:CMP6_YMD:ft/blur1/p1@640:0.56
000474,2026-06-06,0.882,EXTEND,p2,1,2.49,"636,1518,761,1570",1530x2040,2026-6-6:EXTEND:p2:0.88
000476,2026-07-06,0.835,YYYY,p2,1,1.23,"660,1750,899,1795",1530x2040,2026-7-6:YYYY:p2:0.84
000477,2026-07-21,0.984,YYYY,p2,1,1.6,"838,1594,1122,1689",1530x2040,2026-7-21:YYYY:p2:0.98
000478,2026-06-01,0.927,YY,ft/p1@640,1,12.74,"507,991,956,1195",1530x2040,2026-6-1:YY:ft/p1@640:0.93
000479,2026-05-22,0.784,YYYY,p2,1,1.93,"504,1345,1355,1447",1530x2040,2026-5-22:YYYY:p2:0.78
000480,2026-07-21,0.872,YY_LEAD0,p1@640,2,1.97,"861,26,1010,99",1530x2040,2026-7-21:YY_LEAD0:p1@640:0.87|2026-6-4:YYYY:p2:1.00
000481,2026-03-09,0.922,YY_LEAD0,p2,1,1.0,"606,1058,940,1205",1530x2040,2026-3-9:YY_LEAD0:p2:0.92
000482,2025-01-02,0.476,YYYY,p2,1,8.0,"151,384,1265,1588",1530x2040,2025-1-2:YYYY:p2:0.48
000483,2027-04-15,0.831,YYYY,p2,1,0.91,"347,1014,714,1128",1530x2040,2027-4-15:YYYY:p2:0.83
000484,2027-11-14,0.788,YYYY,p2,1,2.63,"749,1177,1008,1229",1530x2040,2027-11-14:YYYY:p2:0.79
000485,NONE,,,,0,25.14,,,
000487,2027-12-11,0.803,YYYY,p2,1,4.35,"307,602,494,666",1530x2040,2027-12-11:YYYY:p2:0.80
000489,2026-05-08,0.878,YYYY,erode2/p1@640,1,9.38,"338,438,531,482",1530x2040,2026-5-8:YYYY:erode2/p1@640:0.88
000490,2025-11-27,0.871,YY,p2,1,0.81,"631,950,883,1004",1530x2040,2025-11-27:YY:p2:0.87
000493,2026-06-17,0.983,YYYY,p2,1,2.26,"520,1387,784,1441",1530x2040,2026-6-17:YYYY:p2:0.98
000494,2025-12-12,0.671,YYYY,p2,5,4.3,"185,1038,1231,1229",1530x2040,2025-2-6:DMY4:p2:0.67|2025-6-2:YYYY:p2:0.67|2025-12-12:YYYY:p2:0.67|2025-2-6:DMY4:p2:0.67|2025-6-2:YYYY:p2:0.67
000495,2026-02-01,0.664,YYYY,p2,4,29.6,"49,547,658,587",1530x2040,2025-8-20:YYYY:p2:0.66|2026-2-1:YYYY:p2:0.66|2025-8-20:YYYY:p2:0.66|2026-2-1:YYYY:p2:0.66
000496,2027-03-05,0.639,EXTEND,p2,2,2.37,"443,1176,940,1281",1530x2040,2027-3-5:EXTEND:p2:0.64|None-3-5:MMDD:p1keep/p1@640:0.71
000497,NONE,,,,0,25.46,,,
000498,2026-03-07,0.921,YYYY,p2,1,1.45,"536,1074,991,1160",1530x2040,2026-3-7:YYYY:p2:0.92
000499,2026-05-13,0.905,YYYY,p2,1,1.68,"596,819,947,883",1530x2040,2026-5-13:YYYY:p2:0.90
000500,2026-12-17,0.776,YYYY,p2,6,3.21,"303,896,1176,1007",1530x2040,2025-6-18:YYYY:p2:0.78|2026-9-16:MDY4:p2:0.78|2026-12-17:YYYY:p2:0.78|2026-12-17:YYYY:p2:0.78|2026-9-16:MDY4:p2:0.78|2025-6-18:YYYY:p2:0.78
000502,2026-06-20,0.397,YYYY,p2,1,2.76,"488,650,1256,1030",1530x2040,2026-6-20:YYYY:p2:0.40
000503,2026-02-10,0.598,YY,erode3/p1@640,1,11.83,"78,515,725,872",1530x2040,2026-2-10:YY:erode3/p1@640:0.60
000504,2026-02-28,0.48,YY,p1@640,1,1.7,"306,979,1469,1686",1530x2040,2026-2-28:YY:p1@640:0.48
000505,2026-03-02,0.582,YY,ft/p1keep/p1@640,2,22.53,"300,1049,1479,1594",1530x2040,2026-2-2:SP_DMY:ft/p2:0.44|2026-3-2:YY:ft/p1keep/p1@640:0.58
000506,2026-06-11,0.457,YYYY,p2,1,2.15,"99,1610,1530,1791",1530x2040,2026-6-11:YYYY:p2:0.46
000507,2026-05-19,0.588,YY,p1keep/p1@640,3,10.23,"0,1052,1511,1361",1530x2040,2025-8-20:YY:p2:0.45|2025-8-20:YY:p2:0.45|2026-5-19:YY:p1keep/p1@640:0.59
000510,2026-09-03,0.336,YYYY,p2,1,5.41,"107,0,790,1065",1050x1400,2026-9-3:YYYY:p2:0.34
000511,2026-03-24,0.893,YY,p2,1,1.73,"236,475,702,571",1050x1400,2026-3-24:YY:p2:0.89
000512,2026-02-17,0.918,YYYY,p2,1,2.81,"164,724,772,836",1050x1400,2026-2-17:YYYY:p2:0.92
000513,2026-09-03,0.855,YYYY,p2,1,1.62,"175,724,809,816",1050x1400,2026-9-3:YYYY:p2:0.86
000514,2026-07-13,0.78,YYYY,p2,1,1.61,"81,757,746,877",1050x1400,2026-7-13:YYYY:p2:0.78
000516,2026-07-16,0.971,DMY4,p1@640,1,1.77,"269,1017,608,1089",1050x1400,2026-7-16:DMY4:p1@640:0.97
000517,2026-09-25,0.945,YY,p2,1,1.65,"311,733,672,829",1050x1400,2026-9-25:YY:p2:0.94
000518,2026-09-14,0.767,YY,p2,1,1.28,"133,702,864,892",1050x1400,2026-9-14:YY:p2:0.77
000519,2026-08-10,0.82,YY,p2,2,2.44,"96,702,838,803",1050x1400,2025-8-11:YY:p2:0.79|2026-8-10:YY:p2:0.82
000520,2026-09-15,0.592,YYYY,p2,1,1.83,"278,742,1017,882",1050x1400,2026-9-15:YYYY:p2:0.59
000521,2026-03-10,0.761,YYYY,p2,2,1.89,"354,989,858,1105",1050x1400,2025-9-11:YYYY:p2:0.85|2026-3-10:YYYY:p2:0.76
000522,2026-02-22,0.844,YY,ft/erode2/p1@640,1,25.17,"131,494,482,630",1050x1400,2026-2-22:YY:ft/erode2/p1@640:0.84
000523,2026-03-23,0.893,YYYY,p2,2,2.21,"293,783,733,851",1050x1400,2025-9-24:YYYY:p2:0.85|2026-3-23:YYYY:p2:0.89
000524,2026-06-18,0.957,DMY4,p2,1,1.5,"265,949,567,1026",1050x1400,2026-6-18:DMY4:p2:0.96
000525,2027-09-08,0.932,YYYY,p2,1,1.88,"435,777,687,851",1050x1400,2027-9-8:YYYY:p2:0.93
000527,2025-10-12,0.833,YYYY,ft/p2,1,22.99,"100,459,872,595",1050x1400,2025-10-12:YYYY:ft/p2:0.83
000529,2026-01-12,0.978,YYYY,p2,1,1.22,"190,698,612,770",1050x1400,2026-1-12:YYYY:p2:0.98
000530,2030-12-14,0.567,CMP6_YMD,erode2/p1@640,1,4.74,"59,322,1022,525",1050x686,2030-12-14:CMP6_YMD:erode2/p1@640:0.57
000531,2026-02-28,0.856,YYYY,p2,1,0.99,"479,998,882,1098",1050x1400,2026-2-28:YYYY:p2:0.86
000532,2026-02-28,0.579,YYYY,p2,1,1.01,"90,757,976,864",1050x1400,2026-2-28:YYYY:p2:0.58
000533,2026-03-26,0.904,YYYY,p2,1,2.78,"332,842,840,925",1050x1400,2026-3-26:YYYY:p2:0.90
000534,2027-01-29,0.983,YYYY,p2,1,5.51,"274,363,872,458",1400x1050,2027-1-29:YYYY:p2:0.98
000535,2026-02-04,0.949,YYYY,p2,1,0.9,"444,422,917,591",1400x1050,2026-2-4:YYYY:p2:0.95
000536,2026-01-01,0.888,YYYY,p2,1,1.34,"217,702,807,761",1050x1400,2026-1-1:YYYY:p2:0.89
000538,2026-02-06,0.606,YYYY,p2,1,3.41,"325,751,715,790",1050x1400,2026-2-6:YYYY:p2:0.61
000539,2020-02-02,0.563,SP_YMD,ft/blur1/p1@640,1,43.57,"0,598,725,693",1050x1400,2020-2-2:SP_YMD:ft/blur1/p1@640:0.56
000540,2026-03-24,0.71,YYYY,p2,1,0.98,"155,678,715,825",1050x1400,2026-3-24:YYYY:p2:0.71
000541,2026-03-22,0.972,YYYY,p2,1,1.28,"315,663,798,755",1050x1400,2026-3-22:YYYY:p2:0.97
000542,2027-07-22,0.999,YYYY,p2,1,1.99,"293,1011,556,1072",1050x1400,2027-7-22:YYYY:p2:1.00
000543,2026-06-23,0.925,EXTEND_R,p2,1,2.7,"217,1070,584,1146",1050x1400,2026-6-23:EXTEND_R:p2:0.92
000545,2027-07-09,0.99,YYYY,p2,1,2.5,"435,879,693,949",1050x1400,2027-7-9:YYYY:p2:0.99
000546,2026-08-10,0.624,YYYY,p2,2,3.59,"273,1041,807,1102",1050x1400,2025-8-11:YYYY:p2:0.72|2026-8-10:YYYY:p2:0.62
000547,2026-05-28,0.963,YYYY,p2,1,1.55,"92,514,518,623",1050x1400,2026-5-28:YYYY:p2:0.96
000548,2026-05-26,0.809,YYYY,p2,1,2.59,"192,586,746,687",1050x1400,2026-5-26:YYYY:p2:0.81
000549,2027-01-16,0.633,YYYY,p2,1,3.05,"125,632,949,746",1050x1400,2027-1-16:YYYY:p2:0.63
000550,2026-05-29,0.977,YYYY,p2,1,2.17,"304,897,606,965",1050x1400,2026-5-29:YYYY:p2:0.98
000551,2026-12-19,0.815,YYYY,p2,1,2.07,"214,980,564,1061",1050x1400,2026-12-19:YYYY:p2:0.81
000552,2026-09-07,0.876,YYYY,p2,1,1.65,"243,890,591,965",1050x1400,2026-9-7:YYYY:p2:0.88
000553,2022-10-24,0.667,YY,p2,1,5.01,"276,915,826,1035",1050x1400,2022-10-24:YY:p2:0.67
000554,2027-09-17,0.901,YYYY,p2,1,0.87,"232,573,602,661",1050x1400,2027-9-17:YYYY:p2:0.90
000555,2027-04-16,0.969,YYYY,p2,1,1.29,"354,871,564,943",1050x1400,2027-4-16:YYYY:p2:0.97
000556,2026-08-07,0.962,YYYY,p2,1,2.54,"267,559,607,626",1050x1400,2026-8-7:YYYY:p2:0.96
000557,2026-08-12,0.83,YYYY,p2,1,2.3,"116,641,669,777",1050x1400,2026-8-12:YYYY:p2:0.83
000558,2025-05-16,0.995,YYYY,p2,1,1.68,"175,718,615,807",1050x1400,2025-5-16:YYYY:p2:0.99
000559,2027-04-21,0.975,YYYY,p2,1,1.07,"144,645,759,704",1050x1400,2027-4-21:YYYY:p2:0.97
000560,2027-07-13,0.989,YYYY,p2,1,3.27,"199,687,678,766",1050x1400,2027-7-13:YYYY:p2:0.99
000561,2028-08-07,0.494,YYYY,erode2/p1@1024,1,10.94,"87,66,561,729",1050x1400,2028-8-7:YYYY:erode2/p1@1024:0.49
000562,2025-12-30,0.709,YYYY,p2,1,2.51,"151,877,868,976",1050x1400,2025-12-30:YYYY:p2:0.71
000563,2026-01-10,0.997,YY,ft/p2,1,17.98,"350,617,693,703",1050x1400,2026-1-10:YY:ft/p2:1.00
000564,2026-06-25,0.849,YYYY,p2,1,1.34,"365,632,750,702",1050x1400,2026-6-25:YYYY:p2:0.85
000565,2025-12-05,0.762,YYYY,p2,1,1.19,"365,363,698,521",1050x1400,2025-12-5:YYYY:p2:0.76
000566,2026-09-17,0.764,YYYY,p2,1,1.26,"112,505,512,618",894x1233,2026-9-17:YYYY:p2:0.76
000567,2025-10-29,0.535,YY,p2,1,1.32,"0,291,687,853",1050x1400,2025-10-29:YY:p2:0.54
000568,2026-02-23,0.267,YYYY,p2,1,2.36,"46,369,498,1078",914x1399,2026-2-23:YYYY:p2:0.27
000569,2025-11-02,0.927,YYYY,p2,1,2.08,"171,672,661,718",1050x1400,2025-11-2:YYYY:p2:0.93
000570,2026-05-20,0.749,YYYY,p2,1,1.14,"306,330,720,455",1050x1400,2026-5-20:YYYY:p2:0.75
000571,2024-11-18,0.756,SP_DMY,p2,2,2.05,"306,337,796,483",1050x1400,2024-11-18:SP_DMY:p2:0.76|None-10-18:MMDD:p1keep/p1@640:0.77
000572,NONE-10-15,0.942,MMDD,erode3/p1@640,1,9.02,"56,602,558,720",1050x1400,None-10-15:MMDD:erode3/p1@640:0.94
000573,NONE-10-22,0.654,MMDD,p2,1,2.04,"214,335,798,427",1050x1400,None-10-22:MMDD:p2:0.65
000574,2026-02-24,0.903,YYYY,p1@640,1,1.49,"217,654,825,836",1050x1400,2026-2-24:YYYY:p1@640:0.90
000575,NONE,,,,0,30.4,,,
000576,2026-05-21,0.766,YYYY,p1keep/p1@640,2,1.24,"293,595,849,807",1050x1400,2020-2-None:YYYYMM:p2:0.60|2026-5-21:YYYY:p1keep/p1@640:0.77
000577,2026-04-20,0.758,YYYY,p2,1,1.04,"0,560,796,842",1050x1400,2026-4-20:YYYY:p2:0.76
000578,2026-03-04,0.784,YYYY,p2,1,1.95,"262,938,892,1011",1050x1400,2026-3-4:YYYY:p2:0.78
000579,2026-07-10,0.972,YYYY,p2,1,1.7,"70,634,735,788",1050x1400,2026-7-10:YYYY:p2:0.97
000581,2026-02-25,0.803,YYYY,p1@640,1,1.6,"67,583,648,695",1050x1162,2026-2-25:YYYY:p1@640:0.80
000582,2025-01-21,0.712,YYYY,p2,1,3.63,"138,578,679,670",1050x1400,2025-1-21:YYYY:p2:0.71
000583,2025-11-NONE,0.447,YYMM,erode2/p1@1024,1,9.64,"88,256,425,525",1050x1400,2025-11-None:YYMM:erode2/p1@1024:0.45
000584,2026-07-15,0.593,YYYY,p1@640,2,2.44,"247,941,733,1032",1050x1400,2025-7-16:YYYY:p2:0.98|2026-7-15:YYYY:p1@640:0.59
000585,2020-02-02,0.051,SP_DMY,p2,1,6.04,"4,525,710,1133",1050x1400,2020-2-2:SP_DMY:p2:0.05
000586,2026-03-14,0.712,YYYY,p2,1,0.93,"122,582,945,774",1050x1400,2026-3-14:YYYY:p2:0.71
000587,2026-02-17,0.767,YYYY,p2,1,4.41,"103,1185,1050,1373",1050x1400,2026-2-17:YYYY:p2:0.77
000588,2025-11-28,0.947,YYYY,p2,1,1.81,"376,1050,897,1122",1050x1400,2025-11-28:YYYY:p2:0.95
000589,2026-04-02,0.83,YYYY,p2,2,1.9,"88,1188,744,1288",1050x1400,2026-4-2:YYYY:p2:0.83|None-10-28:MMDD:p2:0.79
000590,2025-12-05,0.901,YYYY,p1@640,1,0.77,"179,812,945,908",1050x1400,2025-12-5:YYYY:p1@640:0.90
000591,2026-07-27,0.845,YY,p2,1,1.25,"0,921,844,1144",1050x1400,2026-7-27:YY:p2:0.85
000592,2023-03-26,0.927,DMY4,p1@640,1,2.96,"0,335,989,803",1050x1400,2023-3-26:DMY4:p1@640:0.93
000593,2026-07-22,0.847,YY,p2,1,3.48,"213,202,920,298",1613x763,2026-7-22:YY:p2:0.85
000594,2026-08-25,0.774,YYYY,p1keep/p1@640,3,1.66,"126,131,1013,711",1613x763,2025-8-26:YY:p2:0.70|2025-8-26:YY:p2:0.70|2026-8-25:YYYY:p1keep/p1@640:0.77
000595,2026-05-01,0.573,YYYY,p2,1,1.32,"444,413,1391,728",1613x763,2026-5-1:YYYY:p2:0.57
000596,2025-08-14,0.718,YYYY,p2,1,3.22,"406,433,1129,589",1613x763,2025-8-14:YYYY:p2:0.72
000597,2026-09-02,0.62,YYYY,p2,3,1.65,"0,421,1253,691",1613x763,2025-9-3:YYYY:p2:0.62|2026-9-2:YYYY:p2:0.62|2025-9-3:YYYY:p2:0.62
000598,2026-03-09,0.591,YY,p1@640,2,3.51,"0,394,1242,589",1299x763,2026-3-9:YY:p1@640:0.59|2025-9-10:YY:p2:0.77
000599,2026-09-04,0.805,YYYY,p2,1,1.01,"123,497,1424,633",1613x763,2026-9-4:YYYY:p2:0.81
000600,2026-08-31,0.933,YYYY,p1keep/p1@640,5,1.12,"615,277,1091,489",1613x763,2025-9-1:YYYY:p2:0.77|2025-9-1:YYYY:p2:0.77|2025-9-1:YYYY:p2:0.77|2026-8-31:YYYY:p1keep/p1@640:0.93|2026-1-9:DMY4:p1keep/p1@640:0.93
000601,2026-01-27,0.676,YYYY,p2,2,2.75,"537,494,1348,607",1613x763,2025-4-28:YYYY:p2:0.98|2026-1-27:YYYY:p2:0.68
000602,2025-09-20,0.584,YYYY,p2,1,1.35,"328,40,1255,635",1613x763,2025-9-20:YYYY:p2:0.58
000603,2026-09-24,0.358,YY,ft/p2,1,19.56,"97,416,1308,588",1345x763,2026-9-24:YY:ft/p2:0.36
000604,2026-09-05,0.536,YYYY,ft/p1@1024,1,17.48,"424,529,1487,748",1613x763,2026-9-5:YYYY:ft/p1@1024:0.54
000605,2028-07-01,0.826,YYYY,p2,1,0.8,"433,393,1122,519",1613x763,2028-7-1:YYYY:p2:0.83
000606,2026-10-01,0.524,CMP,p2,1,5.07,"0,469,1114,605",1613x763,2026-10-1:CMP:p2:0.52
000607,2028-06-23,0.811,YYYY,p2,1,2.02,"0,536,998,638",1423x763,2028-6-23:YYYY:p2:0.81
000608,2026-08-13,0.851,YYYY,p2,1,1.66,"446,320,1255,408",1613x763,2026-8-13:YYYY:p2:0.85
000609,2027-06-11,0.619,YYYY,p2,4,1.27,"653,363,1265,615",1613x763,2027-6-11:YYYY:p2:0.62|2027-2-2:DMY4:p2:0.62|2027-2-2:DMY4:p2:0.62|2027-6-11:YYYY:p2:0.62
000610,2026-06-04,0.72,YYYY,p2,1,0.81,"0,572,1164,678",1613x763,2026-6-4:YYYY:p2:0.72
000611,2026-07-20,0.764,YYYY,p2,1,2.43,"464,567,1230,650",1613x763,2026-7-20:YYYY:p2:0.76
000612,2026-05-07,0.99,YYYY,p2,1,1.35,"600,393,1031,527",1613x763,2026-5-7:YYYY:p2:0.99
000613,2026-05-28,0.926,YYYY,p2,2,1.13,"365,416,983,565",1613x763,2026-5-28:YYYY:p2:0.93|2024-2-1:CMP6_YMD:redet:0.49
000614,2026-03-07,0.961,YYYY,p2,1,0.98,"582,370,1101,466",1613x763,2026-3-7:YYYY:p2:0.96
000616,2026-09-10,0.742,YYYY,p2,1,0.78,"378,534,978,678",1613x763,2026-9-10:YYYY:p2:0.74
000617,2026-07-11,0.672,YYYY,p2,1,1.49,"181,328,1074,484",1613x763,2026-7-11:YYYY:p2:0.67
000619,2026-09-15,0.706,YYYY,p1@640,1,0.94,"549,439,1028,567",1613x763,2026-9-15:YYYY:p1@640:0.71
000621,2026-08-25,0.841,YYYY,p2,1,0.63,"426,426,1142,572",1613x763,2026-8-25:YYYY:p2:0.84
000622,2027-01-22,0.701,YYYY,p2,1,1.45,"83,403,1369,565",1613x763,2027-1-22:YYYY:p2:0.70
000623,2027-03-10,0.603,YYYY,p2,1,1.68,"355,386,1051,479",1613x763,2027-3-10:YYYY:p2:0.60
000624,2027-06-15,0.753,YY_LEAD0,p2,1,1.57,"88,360,1053,466",1613x763,2027-6-15:YY_LEAD0:p2:0.75
000625,2027-04-01,0.943,YYYY,p2,1,1.24,"645,340,1026,444",1613x763,2027-4-1:YYYY:p2:0.94
000626,2026-07-01,0.925,YY,p2,1,1.18,"435,986,945,1131",1512x2016,2026-7-1:YY:p2:0.93
000627,2022-04-02,0.855,YYYY,ft/p1keep/p1@640,2,17.14,"356,781,1084,942",1512x2016,2022-3-2:YYYY:ft/p2:0.73|2022-4-2:YYYY:ft/p1keep/p1@640:0.85
000628,2025-02-03,0.797,YY,p1keep/p1@640,2,0.97,"466,712,1159,948",1512x2016,2025-12-None:YYMM:p2:0.52|2025-2-3:YY:p1keep/p1@640:0.80
000631,2025-11-15,0.979,YY,p2,1,0.94,"148,1353,1436,1606",1980x3520,2025-11-15:YY:p2:0.98
000632,2025-12-28,0.9,YYYY,p2,1,1.61,"583,1320,1348,1612",1980x3520,2025-12-28:YYYY:p2:0.90
000633,2025-12-24,0.831,YYYY,p2,1,1.58,"242,1331,1018,1546",1980x3520,2025-12-24:YYYY:p2:0.83
000634,2026-02-05,0.83,YYYY,p2,1,1.0,"534,1474,1138,1810",1980x3520,2026-2-5:YYYY:p2:0.83
000636,2026-03-09,0.829,YYYY,p1@640,1,0.79,"314,1628,1463,2008",1980x3520,2026-3-9:YYYY:p1@640:0.83
000638,2026-06-16,0.671,YYYY,p2,1,1.1,"319,1370,1458,1534",1980x3520,2026-6-16:YYYY:p2:0.67
000640,2026-02-08,0.991,YYYY,p2,1,0.75,"220,1204,1336,1573",1980x3520,2026-2-8:YYYY:p2:0.99
000641,2026-09-02,0.933,YMD_GLUED,p2,1,1.8,"676,1375,1210,1546",1980x3520,2026-9-2:YMD_GLUED:p2:0.93
000642,2025-03-01,0.838,YYYY,p1@640,1,1.13,"644,869,1414,1238",1980x3520,2025-3-1:YYYY:p1@640:0.84
000646,2027-01-15,0.96,DMY4,p2,1,0.74,"495,1683,1116,1903",1980x3520,2027-1-15:DMY4:p2:0.96
000648,2026-08-NONE,0.321,YYYYMM,ft/dilate2/p1@1024,1,32.55,"0,288,568,592",1980x3520,2026-8-None:YYYYMM:ft/dilate2/p1@1024:0.32
000649,2021-01-21,0.617,CMP6_YMD,erode2/p1@1024,1,8.65,"0,579,576,714",1326x2358,2021-1-21:CMP6_YMD:erode2/p1@1024:0.62
000650,2026-08-05,0.868,YYYY,p2,1,1.78,"196,835,893,923",1086x1930,2026-8-5:YYYY:p2:0.87
000651,2026-06-25,0.92,YYYY,p2,1,1.64,"262,1088,1136,1215",1430x2542,2026-6-25:YYYY:p2:0.92
000652,2027-03-31,0.902,YYYY,p2,1,2.29,"275,925,779,1042",1113x1979,2027-3-31:YYYY:p2:0.90
000653,2027-01-19,0.882,YYYY,p2,1,1.1,"52,827,959,1057",1037x1844,2027-1-19:YYYY:p2:0.88
000654,2028-07-02,0.741,YYYY,p2,1,1.35,"68,659,957,986",1063x1890,2028-7-2:YYYY:p2:0.74
000655,2026-08-27,0.89,YYYY,p2,1,3.44,"118,862,1003,1056",1254x2229,2026-8-27:YYYY:p2:0.89
000656,2026-09-04,0.937,YYYY,p2,1,0.94,"224,1194,1212,1398",1364x2425,2026-9-4:YYYY:p2:0.94
000657,2026-07-27,0.949,YYYY,p2,1,1.18,"164,797,746,926",953x1694,2026-7-27:YYYY:p2:0.95
000658,2026-01-16,0.785,YYYY,p2,1,0.67,"151,899,1017,1082",1068x1898,2026-1-16:YYYY:p2:0.78
000659,2026-08-24,0.998,YYYY,p2,1,1.18,"200,1092,917,1231",1285x2284,2026-8-24:YYYY:p2:1.00
000660,2026-02-28,0.678,YYYY,p2,1,2.42,"76,1238,1097,1419",1303x2317,2026-2-28:YYYY:p2:0.68
000661,2026-04-17,0.744,YYYY,p2,1,1.93,"41,967,821,1110",1052x1870,2026-4-17:YYYY:p2:0.74
000662,2026-03-11,0.899,YYYY,p2,1,1.78,"349,1148,1111,1302",1351x2402,2026-3-11:YYYY:p2:0.90
000664,2026-02-20,0.948,YYYY,p2,1,1.76,"136,883,787,1016",1195x2124,2026-2-20:YYYY:p2:0.95
000667,2026-06-22,0.883,YYYY,p2,2,1.5,"199,1164,768,1319",1330x2364,2025-9-23:YYYY:p2:0.96|2026-6-22:YYYY:p2:0.88
000668,2026-04-30,0.997,YYYY,p2,1,0.78,"309,1168,775,1307",1252x2225,2026-4-30:YYYY:p2:1.00
000669,2026-09-02,0.714,YYYY,p2,2,2.09,"267,1236,1093,1420",1352x2404,2025-9-3:YYYY:p2:0.99|2026-9-2:YYYY:p2:0.71
000670,2026-06-24,0.86,YY,erode2/p1@640,1,3.77,"5,475,405,570",1155x2054,2026-6-24:YY:erode2/p1@640:0.86
000671,2026-03-31,0.616,YYYY,p1keep/p1@640,10,2.18,"0,1075,1460,1464",1461x2596,2025-10-1:YYYY:p2:0.64|2025-3-31:MDY4:p2:0.64|2020-3-31:YYYY:p2:0.64|2025-10-1:YYYY:p2:0.64|2025-3-31:MDY4:p2:0.64|2020-3-31:YYYY:p2:0.64|2025-3-31:MDY4:p2:0.64|2025-10-1:YYYY:p2:0.64|2020-3-31:YYYY:p2:0.64|2026-3-31:YYYY:p1keep/p1@640:0.62
000672,2026-02-08,0.656,YY,p2,1,2.17,"249,1219,1268,1389",1358x2415,2026-2-8:YY:p2:0.66
000674,2026-06-02,1.0,YY,p2,1,1.21,"459,1105,1055,1268",1301x2312,2026-6-2:YY:p2:1.00
000675,2028-06-03,0.832,DMY4,p2,1,1.39,"259,829,662,941",1180x2098,2028-6-3:DMY4:p2:0.83
000676,2026-06-10,0.72,YYYY,p2,1,0.66,"134,907,1403,1138",1464x2602,2026-6-10:YYYY:p2:0.72
000677,2027-08-17,0.771,YYYY,p2,1,1.29,"227,755,1218,1073",1218x2166,2027-8-17:YYYY:p2:0.77
000678,2026-07-24,0.953,YYYY,p2,1,1.32,"241,979,975,1284",1277x2270,2026-7-24:YYYY:p2:0.95
000679,2027-09-17,0.7,YYYY,p2,1,3.27,"488,1720,1754,1899",1794x3190,2027-9-17:YYYY:p2:0.70
000680,2025-10-15,0.992,YYYY,p2,1,1.16,"101,1104,782,1306",1172x2084,2025-10-15:YYYY:p2:0.99
000682,2026-01-25,0.863,YYYY,p2,1,1.11,"87,1235,1459,1401",1497x2661,2026-1-25:YYYY:p2:0.86
000683,2026-03-11,0.936,YYYY,p2,1,1.51,"135,934,783,1076",1160x2062,2026-3-11:YYYY:p2:0.94
000684,2026-03-23,0.785,YYYY,p2,1,1.25,"169,1220,1309,1627",1450x2577,2026-3-23:YYYY:p2:0.78
000685,2026-05-28,0.963,YYYY,p2,1,1.33,"136,915,786,1095",1292x2297,2026-5-28:YYYY:p2:0.96
000686,2025-10-12,0.919,YYYY,p2,9,2.82,"54,921,942,1007",972x1728,2025-10-3:YYYY:p2:0.92|2025-3-10:DMY4:p2:0.92|2025-10-12:YYYY:p2:0.92|2025-10-12:YYYY:p2:0.92|2025-10-3:YYYY:p2:0.92|2025-3-10:DMY4:p2:0.92|2025-3-10:DMY4:p2:0.92|2025-10-3:YYYY:p2:0.92|2025-10-12:YYYY:p2:0.92
000689,2025-10-27,0.703,YY,p2,1,3.62,"178,1132,965,1330",1218x2166,2025-10-27:YY:p2:0.70
000690,2025-10-11,0.731,YYYY,p2,4,2.61,"220,981,1039,1136",1298x2308,2025-10-8:YYYY:p2:0.70|2025-10-11:YYYY:p2:0.73|2025-10-11:YYYY:p2:0.73|2022-11-10:DDMMYY:p1keep/p1@640:0.82
000691,2026-09-22,0.692,YY,p2,4,1.53,"179,1156,1303,1474",1430x2543,2025-9-23:YY:p2:0.69|2026-9-22:YY:p2:0.69|2026-9-22:YY:p2:0.69|2025-9-23:YY:p2:0.69
000692,2026-08-21,0.884,YY,p2,1,0.94,"364,1043,843,1206",1223x2175,2026-8-21:YY:p2:0.88
000693,2026-09-01,0.601,YY,p2,3,1.63,"252,1249,1357,1563",1617x2875,2025-9-2:YY:p2:0.60|2026-9-1:YY:p2:0.60|2025-9-2:YY:p2:0.60
000694,2026-09-01,0.965,YY,p2,1,1.18,"416,1126,1041,1322",1530x2720,2026-9-1:YY:p2:0.96
000697,2025-10-07,0.664,YYYY,p2,1,0.93,"48,946,1193,1631",1326x2357,2025-10-7:YYYY:p2:0.66
000699,NONE,,,,0,23.81,,,
000700,2025-10-24,0.607,YYYY,p2,1,1.07,"114,217,879,1060",890x1581,2025-10-24:YYYY:p2:0.61
000703,2026-01-25,0.916,YYYY,p2,1,1.76,"114,977,1007,1134",1208x2148,2026-1-25:YYYY:p2:0.92
000704,2026-07-29,0.824,YYYY,p2,1,1.37,"92,660,857,823",946x1682,2026-7-29:YYYY:p2:0.82
000705,2026-06-29,0.901,YYYY,p2,1,1.75,"269,574,1033,721",1240x1549,2026-6-29:YYYY:p2:0.90
000706,2026-03-11,0.872,YYYY,p2,1,1.43,"27,595,838,776",895x1592,2026-3-11:YYYY:p2:0.87
000708,2025-09-18,0.874,YYYY,p2,1,1.17,"157,1059,968,1184",1315x2338,2025-9-18:YYYY:p2:0.87
000709,2025-10-14,0.878,YY,p2,1,1.15,"295,916,1195,1075",1195x2124,2025-10-14:YY:p2:0.88
000710,2025-10-14,0.313,YYYY,p2,1,1.37,"0,346,1199,1939",1199x2132,2025-10-14:YYYY:p2:0.31
000711,2025-10-09,0.977,YYYY,p2,1,1.53,"419,1263,957,1365",1226x2179,2025-10-9:YYYY:p2:0.98
000714,2026-03-12,0.999,DMY4,p2,1,1.25,"298,1089,945,1209",1108x1969,2026-3-12:DMY4:p2:1.00
000715,2026-06-26,0.869,DMY4,p2,1,1.14,"127,876,1003,1047",1115x1982,2026-6-26:DMY4:p2:0.87
000716,2025-11-07,0.986,YYYY,p1@640,1,0.89,"203,654,735,797",859x1527,2025-11-7:YYYY:p1@640:0.99
000717,2025-10-12,0.9,YYYY,p2,1,3.73,"130,490,435,587",1169x2078,2025-10-12:YYYY:p2:0.90
000718,2026-01-17,0.924,YYYY,p2,1,1.03,"254,579,643,719",1052x1871,2026-1-17:YYYY:p2:0.92
000719,2026-04-04,0.99,YYYY,p2,1,1.35,"175,734,897,863",1105x1965,2026-4-4:YYYY:p2:0.99
000720,2026-02-28,0.995,YYYY,p2,1,1.1,"57,804,473,903",1026x1824,2026-2-28:YYYY:p2:0.99
000721,2026-12-17,0.998,YYYY,p2,1,1.45,"654,1034,1436,1260",1980x3520,2026-12-17:YYYY:p2:1.00
000722,2026-10-19,0.601,YY,p1@1024,1,1.72,"526,577,834,701",1294x2301,2026-10-19:YY:p1@1024:0.60
000723,NONE,,,,0,19.21,,,
000724,2026-05-20,0.901,YY,p2,1,1.01,"156,1014,1030,1141",1148x2040,2026-5-20:YY:p2:0.90
000725,2026-04-16,0.953,YY,p2,1,2.07,"121,1078,1254,1268",1371x2437,2026-4-16:YY:p2:0.95
000726,2026-09-16,0.926,YYYY,p2,1,1.54,"34,1092,969,1201",1008x1792,2026-9-16:YYYY:p2:0.93
000727,2026-06-22,0.765,YYYY,p2,1,1.81,"57,1033,1100,1167",1148x2041,2026-6-22:YYYY:p2:0.76
000728,2026-06-24,0.989,YYYY,p2,1,0.68,"79,1006,832,1180",1138x2024,2026-6-24:YYYY:p2:0.99
000730,2026-02-26,0.898,YYYY,p2,1,1.24,"53,329,1028,463",1117x1797,2026-2-26:YYYY:p2:0.90
000731,2026-03-08,0.76,YYYY,p2,1,0.8,"41,691,990,1008",1067x1897,2026-3-8:YYYY:p2:0.76
000732,2026-03-15,0.713,YYYY,p2,1,1.48,"18,996,1269,1147",1328x2361,2026-3-15:YYYY:p2:0.71
000733,2026-03-24,0.86,YYYY,p1keep/p1@640,2,2.21,"442,406,1746,518",2097x1179,2026-3-None:YYYYMM:p2:0.90|2026-3-24:YYYY:p1keep/p1@640:0.86
000734,2025-10-28,0.836,YYYY,p2,1,1.13,"232,1012,1087,1229",1344x2390,2025-10-28:YYYY:p2:0.84
000735,2027-01-12,0.981,YYYY,p2,1,2.04,"454,1049,929,1143",1512x2016,2027-1-12:YYYY:p2:0.98
000737,2026-03-04,0.672,YY,p2,1,1.15,"255,1156,866,1307",1512x2016,2026-3-4:YY:p2:0.67
000738,2026-02-12,0.844,YYYY,p2,1,1.66,"466,876,1099,1005",1512x2016,2026-2-12:YYYY:p2:0.84
000741,2025-12-03,0.587,YY,p2,4,2.31,"366,976,2253,1680",2253x3004,2025-8-4:YY:p2:0.59|2025-12-3:YY:p2:0.59|2025-12-3:YY:p2:0.59|2025-8-4:YY:p2:0.59
000742,2026-05-01,0.734,YYYY,p2,1,1.4,"205,1014,1424,1219",1512x2016,2026-5-1:YYYY:p2:0.73
000743,2026-11-16,0.851,YYYY,p2,1,1.4,"495,1157,1820,1448",2179x2905,2026-11-16:YYYY:p2:0.85
000744,2027-08-18,0.761,YYYY,p2,1,2.29,"274,866,973,1011",1512x2016,2027-8-18:YYYY:p2:0.76
000745,2026-01-10,0.86,YY,p2,1,1.99,"151,1355,1725,1565",2196x2929,2026-1-10:YY:p2:0.86
000746,2026-06-23,0.847,YYYY,p2,1,0.89,"677,1168,1580,1434",2124x2832,2026-6-23:YYYY:p2:0.85
000747,2026-06-22,0.992,YYYY,p2,1,2.16,"513,1077,926,1153",1512x2016,2026-6-22:YYYY:p2:0.99
000748,2027-01-22,0.713,YYYY,p2,1,1.56,"299,945,1512,1326",1512x2016,2027-1-22:YYYY:p2:0.71
000751,2025-05-08,0.785,YYYY,p2,1,1.92,"554,1334,2100,1687",2255x3007,2025-5-8:YYYY:p2:0.79
000752,2026-07-09,0.948,YY,p2,1,1.44,"421,1343,1240,1538",1907x2543,2026-7-9:YY:p2:0.95
000754,2026-05-24,0.91,YYYY,p2,1,1.72,"633,1288,1102,1389",1512x2016,2026-5-24:YYYY:p2:0.91
000756,2027-02-24,0.699,YYYY,p2,1,2.35,"324,1243,1490,1474",1980x3520,2027-2-24:YYYY:p2:0.70
000757,NONE-10-22,0.71,MMDD,p2,1,2.02,"236,1094,1617,1254",1980x3520,None-10-22:MMDD:p2:0.71
000758,2026-03-11,0.821,YYYY,p2,1,1.57,"358,1160,1172,1287",1980x3520,2026-3-11:YYYY:p2:0.82
000759,2026-05-14,0.996,YYYY,p2,1,1.65,"441,769,847,857",1512x2016,2026-5-14:YYYY:p2:1.00
000760,NONE-11-20,0.966,MMDD,p2,1,1.33,"394,1033,1106,1188",1512x2016,None-11-20:MMDD:p2:0.97
000761,NONE-11-11,0.736,MMDD,p2,1,1.69,"372,917,1143,1046",1512x2016,None-11-11:MMDD:p2:0.74
000762,2026-08-02,0.965,CMP,p2,1,1.28,"482,841,1011,983",1512x2016,2026-8-2:CMP:p2:0.96
000763,NONE-11-12,0.569,MMDD,blur1/p1@1024,1,11.4,"216,390,579,497",748x634,None-11-12:MMDD:blur1/p1@1024:0.57
000764,2026-03-12,0.986,EXTEND,ft/p2,2,13.72,"677,954,989,1024",1512x2016,2026-3-12:EXTEND:ft/p2:0.99|None-3-12:MMDD:ft/p1keep/p1@640:0.80
000765,NONE,,,,0,23.62,,,
000766,2026-09-24,0.939,SP_DMY,p2,1,1.45,"479,891,854,964",1512x2016,2026-9-24:SP_DMY:p2:0.94
000767,2026-03-NONE,0.976,YYYYMM,p2,1,5.93,"297,508,415,542",1512x2016,2026-3-None:YYYYMM:p2:0.98
000768,2026-06-26,0.762,CMP,p2,2,2.41,"537,679,908,805",1512x2016,2026-6-26:CMP:p2:0.76|2026-5-26:CMP:p1keep/p1@1024:0.74
000769,2026-12-10,0.908,YYYY,p2,1,1.42,"454,923,1128,989",1512x2016,2026-12-10:YYYY:p2:0.91
000770,NONE,,,,0,23.75,,,
000771,NONE-12-31,0.654,MMDD,p2,1,1.58,"0,406,1506,658",1512x2016,None-12-31:MMDD:p2:0.65
000772,NONE,,,,0,47.66,,,
000773,NONE-12-10,0.595,MMDD,p2,4,3.28,"44,800,1301,1005",1512x2016,None-12-10:MMDD:p2:0.59|None-11-28:MMDD:p2:0.59|None-11-28:MMDD:p2:0.59|None-12-10:MMDD:p2:0.59
000774,2026-02-08,0.595,YY,p2,2,2.11,"384,504,863,1084",1512x2016,2020-2-3:SP_DMY:p1@640:0.63|2026-2-8:YY:p2:0.59
000775,2025-12-17,0.884,YY,p2,1,0.86,"589,995,810,1096",1512x2016,2025-12-17:YY:p2:0.88
000776,2026-01-09,0.956,YYYY,p2,1,1.56,"488,1216,929,1323",1512x2016,2026-1-9:YYYY:p2:0.96
000777,2026-03-NONE,0.748,YYYYMM,erode3/p1@1024,1,14.32,"285,535,476,583",1512x2016,2026-3-None:YYYYMM:erode3/p1@1024:0.75
000778,2026-06-22,0.872,YYYY,p2,1,1.31,"0,1096,1011,1314",1512x2016,2026-6-22:YYYY:p2:0.87
000779,2026-06-03,0.776,DMY4,p2,1,4.04,"94,980,772,1036",1512x2016,2026-6-3:DMY4:p2:0.78
000780,2026-04-27,0.983,YYYY,p1@640,1,1.2,"589,995,907,1118",1512x2016,2026-4-27:YYYY:p1@640:0.98
000781,2026-10-02,0.948,YYYY,p2,1,1.44,"595,986,844,1068",1512x2016,2026-10-2:YYYY:p2:0.95
000783,2025-12-21,0.305,YY,p2,1,1.31,"403,227,1071,1169",1512x2016,2025-12-21:YY:p2:0.31
000786,NONE-12-17,0.556,MMDD,p2,4,2.94,"123,825,1402,1121",1512x2016,None-12-17:MMDD:p2:0.56|None-12-5:MMDD:p2:0.56|None-12-5:MMDD:p2:0.56|None-12-17:MMDD:p2:0.56
000788,NONE-12-21,0.811,MMDD,p2,1,4.84,"203,597,613,648",1512x2016,None-12-21:MMDD:p2:0.81
000789,NONE-12-19,0.976,MMDD,p2,1,1.18,"580,983,910,1080",1512x2016,None-12-19:MMDD:p2:0.98
000790,2027-07-NONE,0.809,YYYYMM,p2,1,9.25,"0,542,566,646",1512x2016,2027-7-None:YYYYMM:p2:0.81
000793,2026-05-06,0.998,YYYY,p2,1,1.57,"466,1058,728,1121",1512x2016,2026-5-6:YYYY:p2:1.00
000794,2026-10-27,0.927,YYYY,p2,1,1.35,"608,1005,907,1096",1512x2016,2026-10-27:YYYY:p2:0.93
000795,NONE,,,,0,26.76,,,
000796,NONE,,,,0,24.9,,,
000798,2024-02-24,0.59,SP_DMY,p1@640,2,1.13,"929,479,1178,617",1512x2016,2024-2-24:SP_DMY:p1@640:0.59|None-12-20:MMDD:p2:0.93
000800,2026-08-12,0.985,YYYY,p2,1,2.27,"441,1062,759,1125",1512x2016,2026-8-12:YYYY:p2:0.99
000801,2026-03-25,0.965,YYYY,p1@640,1,1.77,"466,898,923,973",1512x2016,2026-3-25:YYYY:p1@640:0.96
000802,2026-07-03,0.791,YYYY,p2,1,3.34,"321,1295,961,1430",1512x2016,2026-7-3:YYYY:p2:0.79
000804,2027-09-01,0.86,CMP6_DMY,p2,2,1.47,"495,1228,806,1317",1512x2016,2025-9-1:CMP6_DMY:p2:0.92|2027-9-1:CMP6_DMY:p2:0.86
000806,2026-10-02,0.979,YYYY,p2,1,1.57,"195,1030,1392,1150",1512x2016,2026-10-2:YYYY:p2:0.98
000807,2026-05-29,0.99,DMY4,p2,1,1.48,"312,548,992,677",1512x2016,2026-5-29:DMY4:p2:0.99
000808,2026-06-12,0.943,YYYY,p2,1,1.47,"551,885,1036,1017",1512x2016,2026-6-12:YYYY:p2:0.94
000809,2026-08-30,0.953,YYYY,p2,1,1.33,"472,835,939,983",1512x2016,2026-8-30:YYYY:p2:0.95
000810,2026-03-31,0.997,YY,p2,1,1.7,"337,923,945,1071",1512x2016,2026-3-31:YY:p2:1.00
000811,2026-03-31,0.999,YY,p2,1,1.84,"548,1033,976,1137",1512x2016,2026-3-31:YY:p2:1.00
000812,2026-05-29,0.992,DMY4,p2,1,1.66,"422,819,904,904",1512x2016,2026-5-29:DMY4:p2:0.99
000815,2026-06-22,0.986,YYYY,p2,1,1.1,"167,958,989,1143",1512x2016,2026-6-22:YYYY:p2:0.99
000817,2026-02-NONE,0.637,MMYYYY,ft/p1@1024,1,16.04,"366,1002,849,1146",1512x2016,2026-2-None:MMYYYY:ft/p1@1024:0.64
000818,NONE,,,,0,25.01,,,
000819,2026-05-18,0.635,DMY4,p2,1,2.48,"271,825,1191,1005",1512x2016,2026-5-18:DMY4:p2:0.64
000821,2026-02-02,0.661,YY,p1@640,1,1.69,"570,810,1462,1052",1512x2016,2026-2-2:YY:p1@640:0.66
000823,2027-02-23,0.948,YYYY,p2,1,1.98,"441,1188,832,1298",1512x2016,2027-2-23:YYYY:p2:0.95
000824,NONE-12-18,0.648,MMDD,p2,4,3.36,"192,895,1213,1156",1512x2016,None-12-18:MMDD:p2:0.65|None-12-6:MMDD:p2:0.65|None-12-6:MMDD:p2:0.65|None-12-18:MMDD:p2:0.65
000825,2026-06-22,0.757,YYYY,p2,1,2.92,"254,880,1203,994",1512x2016,2026-6-22:YYYY:p2:0.76
000826,2026-06-22,0.725,YYYY,p2,1,2.84,"175,894,1219,1030",1512x2016,2026-6-22:YYYY:p2:0.72
000828,NONE-12-21,0.294,MMDD,p2,1,1.44,"491,973,1131,1140",1512x2016,None-12-21:MMDD:p2:0.29
000829,2026-03-20,0.997,YYYY,p2,1,2.01,"529,1002,1099,1099",1512x2016,2026-3-20:YYYY:p2:1.00
000830,2025-12-20,0.777,YY,p2,1,1.09,"406,1178,1159,1367",1512x2016,2025-12-20:YY:p2:0.78
000831,2026-07-16,0.792,DMY4,p1@640,4,5.15,"306,954,1314,1014",1512x2016,2026-7-16:DMY4:p1@640:0.79|2025-7-18:DMY4:p2:0.74|2025-7-18:DMY4:p2:0.74|2025-2-1:YYYY:p1keep/redet:0.71
000832,2025-07-15,0.764,DMY4,p2,1,2.71,"129,857,1402,1052",1512x2016,2025-7-15:DMY4:p2:0.76
000833,2026-04-27,0.993,YYYY,p2,1,1.72,"350,822,781,904",1512x2016,2026-4-27:YYYY:p2:0.99
000835,2026-02-02,0.829,YY,p2,1,1.39,"743,784,1109,863",1512x2016,2026-2-2:YY:p2:0.83
000838,2026-02-21,0.601,MON_DY,p1@640,1,1.35,"381,850,895,914",1512x2016,2026-2-21:MON_DY:p1@640:0.60
000840,NONE-12-12,0.539,MMDD,p1keep/p1@640,2,2.92,"50,233,989,885",1512x2016,None-1-31:MMDD:p2:0.48|None-12-12:MMDD:p1keep/p1@640:0.54
000842,2026-07-03,0.871,DMY4,p2,2,3.62,"461,943,866,1041",1512x2016,2026-7-3:DMY4:p2:0.87|None-11-9:MMDD:redet:0.93
000845,2026-06-17,0.991,DMY4,p2,1,2.27,"340,1147,828,1251",1512x2016,2026-6-17:DMY4:p2:0.99
000846,2026-05-28,0.968,DMY4,p2,1,1.74,"523,1065,1011,1159",1512x2016,2026-5-28:DMY4:p2:0.97
000847,2026-05-28,0.986,DMY4,p2,1,2.01,"268,822,1087,939",1512x2016,2026-5-28:DMY4:p2:0.99
000848,2021-05-20,0.669,YYMM_DAYLA,blur1/p1@1024,2,11.58,"272,487,609,671",1512x2016,2021-5-None:YYMM:blur1/p1@1024:0.67|2021-5-20:YYMM_DAYLA:blur1/p1@1024:0.67
000849,2026-05-21,0.366,DMY4,p2,1,0.93,"463,999,1084,1317",1512x2016,2026-5-21:DMY4:p2:0.37
000851,2026-06-30,0.956,DMY4,p2,2,1.51,"362,1188,1033,1329",1512x2016,2026-6-30:DMY4:p2:0.96|2025-9-3:DMY4:p2:0.90
000853,2026-09-24,0.804,YY,p1keep/p1@640,2,1.03,"576,1017,1210,1162",1512x2016,2026-9-24:YYMM_DAYLA:p2:0.67|2026-9-24:YY:p1keep/p1@640:0.80
000854,2026-09-04,0.958,YYYY,p2,2,2.92,"280,914,788,999",1512x2016,2025-11-5:YYYY:p2:0.73|2026-9-4:YYYY:p2:0.96
000855,2026-08-25,0.559,DMY4,p2,2,2.16,"356,1046,1011,1181",1512x2016,2025-8-25:DMY4:p2:0.99|2026-8-25:DMY4:p2:0.56
000856,2026-06-03,0.457,DMY4,p2,1,3.53,"0,6,1241,1254",1512x2016,2026-6-3:DMY4:p2:0.46
000857,2025-01-28,0.967,YYYY,p2,1,2.86,"285,655,421,676",756x1008,2025-1-28:YYYY:p2:0.97
000858,2021-10-28,0.999,YYYY,p2,1,2.99,"318,656,529,679",779x1107,2021-10-28:YYYY:p2:1.00
000859,NONE,,,,0,13.41,,,
000860,2022-07-23,0.643,DMY4,p2,1,3.51,"0,169,587,358",796x603,2022-7-23:DMY4:p2:0.64
000861,2022-07-23,0.709,DMY4,p2,1,1.75,"376,318,464,335",640x640,2022-7-23:DMY4:p2:0.71
000863,2020-10-NONE,0.606,MMYYYY,p1@640,1,1.29,"281,324,395,373",640x640,2020-10-None:MMYYYY:p1@640:0.61
000865,2021-09-25,0.802,DMY4,p1@640,1,1.53,"556,625,832,654",1342x1006,2021-9-25:DMY4:p1@640:0.80
000866,2021-09-25,0.96,DMY4,p2,1,1.17,"284,378,420,404",640x640,2021-9-25:DMY4:p2:0.96
000867,NONE,,,,0,34.26,,,
000868,NONE,,,,0,15.74,,,
000870,2021-10-15,0.91,DMY4,p1@640,1,2.3,"46,254,556,293",1008x756,2021-10-15:DMY4:p1@640:0.91
000871,2021-10-15,0.57,DMY4,p2,1,2.05,"0,178,353,342",640x640,2021-10-15:DMY4:p2:0.57
000872,2021-02-26,0.356,MON_DY,p2,1,1.63,"113,101,915,551",1008x756,2021-2-26:MON_DY:p2:0.36
000874,2021-03-22,0.887,MON_DY,p2,1,15.35,"234,477,528,499",1234x816,2021-3-22:MON_DY:p2:0.89
000875,2021-03-22,0.957,MON_DY,p1@640,1,3.08,"122,439,311,469",640x640,2021-3-22:MON_DY:p1@640:0.96
000876,2021-07-01,0.929,YYYY,p2,1,1.29,"692,372,876,406",1248x937,2021-7-1:YYYY:p2:0.93
000877,NONE,,,,0,29.9,,,
000878,NONE,,,,0,15.33,,,
000879,2021-05-11,0.736,DMY4,p2,2,4.6,"0,493,671,537",1035x776,2020-7-15:DMY4:p2:0.91|2021-5-11:DMY4:p2:0.74
000880,2021-05-11,0.856,DMY4,p1keep/p1@640,3,3.62,"0,394,624,450",640x640,2020-7-15:DMY4:p2:0.69|2020-7-15:DMY4:p2:0.69|2021-5-11:DMY4:p1keep/p1@640:0.86
000881,2021-06-08,0.526,YYYY,p2,1,2.22,"375,409,752,466",1096x822,2021-6-8:YYYY:p2:0.53
000882,2021-06-08,0.651,YYYY,p2,1,1.8,"231,297,457,357",640x640,2021-6-8:YYYY:p2:0.65
000883,2021-01-04,0.66,YYYY,p2,1,1.24,"254,467,598,541",1075x793,2021-1-4:YYYY:p2:0.66
000884,2021-01-04,0.983,YYYY,ft/blur1/p1@640,1,12.65,"197,388,326,450",640x640,2021-1-4:YYYY:ft/blur1/p1@640:0.98
000885,2020-01-10,0.784,CMP6_DMY,p1@640,1,2.05,"164,308,699,362",1094x808,2020-1-10:CMP6_DMY:p1@640:0.78
000886,2020-01-10,0.446,CMP6_DMY,p2,1,1.84,"79,241,405,301",640x640,2020-1-10:CMP6_DMY:p2:0.45
000887,2021-12-04,0.867,YYYY,p1keep/erode2/p1@640,2,8.69,"110,216,843,349",1069x802,2021-1-2:YYYY:p2:0.65|2021-12-4:YYYY:p1keep/erode2/p1@640:0.87
000888,2021-12-04,0.755,YYYY,p2,1,1.79,"81,161,545,302",640x640,2021-12-4:YYYY:p2:0.76
000889,2021-05-27,0.919,MON_DY,p2,1,1.62,"286,308,643,335",975x708,2021-5-27:MON_DY:p2:0.92
000890,2021-04-05,0.953,YYYY,p2,1,1.68,"518,339,658,372",1246x935,2021-4-5:YYYY:p2:0.95
000891,2021-04-05,0.924,YYYY,blur1/p1@640,1,5.6,"240,209,317,246",640x640,2021-4-5:YYYY:blur1/p1@640:0.92
000892,2022-02-07,0.944,D_MON_Y,p1@640,1,1.38,"253,579,602,617",1348x1011,2022-2-7:D_MON_Y:p1@640:0.94
000893,2022-02-07,0.647,D_MON_Y,p2,1,3.57,"150,368,318,406",640x640,2022-2-7:D_MON_Y:p2:0.65
000894,2021-06-02,0.986,YYYY,p1@640,1,1.09,"518,277,724,330",1266x949,2021-6-2:YYYY:p1@640:0.99
000895,2021-06-02,0.804,YYYY,p2,1,1.11,"274,182,382,221",640x640,2021-6-2:YYYY:p2:0.80
000897,2025-05-19,0.781,YYYY,p2,2,11.38,"258,669,397,693",1099x1466,2025-5-19:YYYY:p2:0.78|2020-5-1:YY:p1keep/erode2/p1@640:0.81
000898,2025-05-19,0.389,YYYY,dilate2/p1@640,1,11.97,"121,2,411,592",640x640,2025-5-19:YYYY:dilate2/p1@640:0.39
000899,2022-09-02,0.453,YYYY,p2,1,6.49,"129,791,782,820",1007x1343,2022-9-2:YYYY:p2:0.45
000900,2022-09-02,0.996,YYYY,p2,1,2.93,"346,392,492,408",640x640,2022-9-2:YYYY:p2:1.00
000902,2021-11-01,0.678,DMY4,p2,1,2.58,"311,428,394,460",640x640,2021-11-1:DMY4:p2:0.68
000903,2021-08-31,0.99,DMY4,p2,1,1.61,"494,394,650,421",924x1231,2021-8-31:DMY4:p2:0.99
000904,2021-08-22,0.791,DMY4,p2,1,1.61,"141,221,471,307",640x640,2021-8-22:DMY4:p2:0.79
000905,2022-01-NONE,0.306,MMYYYY,p2,1,2.49,"61,405,1343,776",1343x1007,2022-1-None:MMYYYY:p2:0.31
000906,2022-10-15,0.273,CMP6_DMY,p2,2,1.9,"294,305,640,555",640x640,2022-10-15:CMP6_DMY:p2:0.27|2022-1-None:MMYYYY:p1keep/p1@640:0.36
000907,2022-01-NONE,0.99,MMYYYY,p2,1,2.12,"506,500,719,539",1333x1000,2022-1-None:MMYYYY:p2:0.99
000909,2021-09-20,1.0,DMY4,p2,1,0.76,"280,638,407,663",669x895,2021-9-20:DMY4:p2:1.00
000910,2021-09-20,0.993,DMY4,p2,1,0.94,"304,421,426,465",640x640,2021-9-20:DMY4:p2:0.99
000911,2022-05-05,0.874,YYYY,p2,1,2.67,"246,764,408,785",722x964,2022-5-5:YYYY:p2:0.87
000912,2022-05-05,0.335,YYYY,p2,1,2.32,"137,388,522,543",640x640,2022-5-5:YYYY:p2:0.33
000913,2021-10-19,0.723,YYYY,p1@640,1,2.52,"113,654,567,690",756x1008,2021-10-19:YYYY:p1@640:0.72
000914,2021-07-21,0.822,YYYY,p2,1,2.57,"0,359,540,381",711x949,2021-7-21:YYYY:p2:0.82
000915,2021-07-21,0.836,YYYY,p2,1,2.54,"0,226,471,240",640x640,2021-7-21:YYYY:p2:0.84
000916,2026-08-14,0.819,DDMMYY,ft/erode3/p1@1024,1,42.34,"62,397,612,697",678x905,2026-8-14:DDMMYY:ft/erode3/p1@1024:0.82
000918,2020-04-20,0.452,SP_DMY,p1@1024,1,5.38,"72,179,629,224",678x902,2020-4-20:SP_DMY:p1@1024:0.45
000919,2022-03-11,0.999,YYYY,p2,1,2.42,"256,744,383,771",711x962,2022-3-11:YYYY:p2:1.00
000920,2022-03-11,0.998,YYYY,p2,1,2.96,"219,481,332,498",640x640,2022-3-11:YYYY:p2:1.00
000921,2022-02-26,0.863,YYYY,p2,1,1.32,"0,0,665,627",664x888,2022-2-26:YYYY:p2:0.86
000923,2020-01-02,0.984,DDMMYY,p2,1,1.95,"214,233,443,260",654x876,2020-1-2:DDMMYY:p2:0.98
000924,2018-02-02,0.938,DDMMYY,p2,1,1.86,"211,304,463,337",756x1008,2018-2-2:DDMMYY:p2:0.94
000925,NONE-02-02,0.614,MMDD,p2,1,2.33,"152,204,400,246",640x640,None-2-2:MMDD:p2:0.61
000926,2021-06-10,0.971,YYYY,p2,1,1.05,"247,483,367,506",654x873,2021-6-10:YYYY:p2:0.97
000927,2021-08-23,0.77,YYYY,p1keep/p1@640,3,2.59,"203,639,450,666",756x1008,2023-4-8:CMP6_DMY:p1@640:0.56|2021-1-8:YYYY:p2:0.81|2021-8-23:YYYY:p1keep/p1@640:0.77
000928,2022-03-13,0.981,DDMMYY,p2,1,3.76,"217,725,427,745",702x939,2022-3-13:DDMMYY:p2:0.98
000929,2022-03-13,0.957,DDMMYY,p1@640,1,2.65,"154,460,347,506",640x640,2022-3-13:DDMMYY:p1@640:0.96
000930,2021-07-29,0.913,YYYY,p2,1,1.5,"238,485,463,515",756x1008,2021-7-29:YYYY:p2:0.91
000931,2021-07-29,0.796,YYYY,p2,1,2.37,"214,314,403,349",640x640,2021-7-29:YYYY:p2:0.80
000932,2021-05-26,0.948,YYYY,p2,1,2.21,"300,410,448,439",659x879,2021-5-26:YYYY:p2:0.95
000933,NONE,,,,0,12.48,,,
000934,2021-01-25,0.556,YY,p1@640,1,1.99,"121,650,387,730",794x1059,2021-1-25:YY:p1@640:0.56
000936,2021-10-19,0.867,YYYY,p2,2,1.47,"291,414,438,445",788x1051,2021-1-20:YYYY:p2:1.00|2021-10-19:YYYY:p2:0.87
000937,2022-06-11,0.97,YYYY,p2,1,1.86,"253,653,466,682",769x1025,2022-6-11:YYYY:p2:0.97
000938,2022-06-11,0.965,YYYY,p2,1,2.69,"243,405,419,425",640x640,2022-6-11:YYYY:p2:0.96
000940,NONE,,,,0,14.25,,,
000941,2021-07-02,0.854,CMP,p2,1,1.6,"422,400,539,433",834x1112,2021-7-2:CMP:p2:0.85
000942,2021-05-29,0.725,DMY4,p2,2,4.39,"268,336,428,369",794x1058,2020-8-29:DMY4:p2:0.93|2021-5-29:DMY4:p2:0.72
000944,2021-07-03,0.867,DMY4,p2,3,2.98,"165,741,393,766",818x1090,2020-2-4:DMY4:p2:0.98|2021-7-3:DMY4:p2:0.87|2020-4-3:DMY4:p1keep/p1@640:0.99
000946,2021-09-30,0.995,YYYY,p2,1,1.03,"385,298,520,325",722x962,2021-9-30:YYYY:p2:1.00
000947,2021-09-30,0.954,YYYY,p2,1,1.38,"353,200,471,220",640x640,2021-9-30:YYYY:p2:0.95
000948,2021-10-24,0.616,DMY4,p1@640,2,3.71,"0,835,607,923",934x1246,2020-7-24:DMY4:p2:0.80|2021-10-24:DMY4:p1@640:0.62
000949,2021-10-24,0.918,DMY4,blur1/p1@640,2,5.66,"270,428,374,462",640x640,2021-7-20:YYYY:blur1/p1@640:0.92|2021-10-24:DMY4:blur1/p1@640:0.92
000950,2022-09-16,0.89,YYYY,p2,1,2.65,"148,359,567,387",756x1008,2022-9-16:YYYY:p2:0.89
000951,2021-04-05,0.977,YYYY,p2,1,1.48,"369,463,496,495",756x1008,2021-4-5:YYYY:p2:0.98
000952,2021-04-05,0.79,YYYY,p2,1,1.45,"291,271,398,299",640x640,2021-4-5:YYYY:p2:0.79
000953,2021-02-07,0.585,YY,p1@640,1,1.17,"268,868,532,977",953x1271,2021-2-7:YY:p1@640:0.58
000954,2021-02-05,0.549,YY,p1@640,1,1.24,"172,421,331,501",640x640,2021-2-5:YY:p1@640:0.55
000955,2022-01-03,0.694,YY,p2,1,1.1,"268,522,531,558",829x1106,2022-1-3:YY:p2:0.69
000957,2021-01-29,0.526,YY,p2,1,2.51,"150,724,433,784",846x1127,2021-1-29:YY:p2:0.53
000958,2021-02-22,0.64,YY,p1@640,1,1.19,"150,389,301,450",640x640,2021-2-22:YY:p1@640:0.64
000959,2022-07-19,0.407,YYYY,p2,1,5.94,"242,340,548,914",892x1189,2022-7-19:YYYY:p2:0.41
000960,2022-07-19,0.873,YYYY,p2,1,1.69,"209,461,328,505",640x640,2022-7-19:YYYY:p2:0.87
000961,2023-10-21,0.69,YYYY,p2,1,1.54,"363,340,567,417",948x1264,2023-10-21:YYYY:p2:0.69
000963,2023-11-14,0.96,YYYY,p2,1,1.81,"212,337,357,366",813x1084,2023-11-14:YYYY:p2:0.96
000964,2023-11-14,0.947,YYYY,p2,1,1.62,"140,214,259,245",640x640,2023-11-14:YYYY:p2:0.95
000965,2023-07-20,0.526,YY,p1keep/blur1/p1@1024,2,26.33,"157,633,398,711",985x1313,2023-3-20:YY:p2:0.40|2023-7-20:YY:p1keep/blur1/p1@1024:0.53
000966,2021-08-10,0.968,DMY4,p2,1,2.82,"268,461,740,500",1039x1385,2021-8-10:DMY4:p2:0.97
000967,2022-10-17,0.593,YYYY,p2,1,2.16,"261,932,589,977",1010x1347,2022-10-17:YYYY:p2:0.59
000968,2022-10-NONE,0.791,YYYYMM,p2,1,2.22,"195,417,388,499",640x640,2022-10-None:YYYYMM:p2:0.79
000969,2022-06-30,0.812,YYYY,p2,1,3.41,"57,783,991,910",1019x1358,2022-6-30:YYYY:p2:0.81
000970,2022-06-30,0.999,YYYY,p2,1,3.41,"276,410,382,432",640x640,2022-6-30:YYYY:p2:1.00
000972,2021-06-25,0.87,YYYY,p2,1,1.15,"257,617,500,651",909x1211,2021-6-25:YYYY:p2:0.87
000973,NONE,,,,0,25.58,,,
000975,2023-08-03,0.999,YYYY,p2,1,2.22,"229,796,396,824",979x1306,2023-8-3:YYYY:p2:1.00
000976,2023-08-03,0.956,YYYY,p2,1,2.26,"166,375,278,411",640x640,2023-8-3:YYYY:p2:0.96
000977,2020-11-03,0.96,SP_DMY,p1@640,1,4.36,"544,359,710,398",974x1299,2020-11-3:SP_DMY:p1@640:0.96
000978,2022-02-29,0.735,SP_DMY,dilate2/p1@640,1,11.16,"349,198,472,257",640x640,2022-2-29:SP_DMY:dilate2/p1@640:0.74
000979,2021-06-14,0.583,YYYY,p1@640,2,3.17,"324,658,775,715",1042x1390,2020-12-15:YYYY:p1@640:0.72|2021-6-14:YYYY:p1@640:0.58
000981,2021-08-08,0.982,YYYY,p1@640,1,1.5,"222,406,359,439",813x1084,2021-8-8:YYYY:p1@640:0.98
000982,NONE,,,,0,24.09,,,
000983,2021-08-20,0.879,YYYY,p2,1,6.18,"147,891,499,939",1045x1393,2021-8-20:YYYY:p2:0.88
000984,2021-08-20,0.358,YYYY,p2,1,3.14,"82,52,539,417",640x640,2021-8-20:YYYY:p2:0.36
000985,2021-12-28,0.96,MON_DY,p2,1,1.63,"135,838,379,873",1029x1372,2021-12-28:MON_DY:p2:0.96
000988,2021-12-28,0.991,MON_DY,p2,1,1.89,"109,434,271,449",640x640,2021-12-28:MON_DY:p2:0.99
000989,2020-07-21,0.898,YY,ft/p2,1,28.55,"241,629,751,664",980x1307,2020-7-21:YY:ft/p2:0.90
000990,NONE,,,,0,18.72,,,
000991,NONE,,,,0,41.16,,,
000992,2021-03-04,0.88,MON_DY,erode2/p1@640,1,4.42,"54,384,379,448",640x640,2021-3-4:MON_DY:erode2/p1@640:0.88
000993,NONE-02-18,0.327,MMDD,ft/p2,1,15.95,"270,622,572,727",889x1186,None-2-18:MMDD:ft/p2:0.33
000994,NONE-02-13,0.881,MMDD,ft/p2,1,12.67,"392,488,680,597",1023x1364,None-2-13:MMDD:ft/p2:0.88
000995,NONE-02-12,0.67,MMDD,ft/erode2/p1@640,1,8.81,"241,235,416,310",640x640,None-2-12:MMDD:ft/erode2/p1@640:0.67
000996,NONE-12-10,0.687,MMDD,ft/erode2/p1@640,1,16.73,"352,416,558,490",947x1263,None-12-10:MMDD:ft/erode2/p1@640:0.69
000997,NONE,,,,0,15.3,,,
000998,2021-11-11,0.838,DMY4,p2,2,3.85,"97,754,667,792",953x1270,2020-8-11:DMY4:p2:0.97|2021-11-11:DMY4:p2:0.84
000999,2021-11-11,0.747,DMY4,p2,2,2.8,"292,389,478,409",640x640,2020-8-11:DMY4:p2:0.89|2021-11-11:DMY4:p2:0.75
001000,2021-09-07,0.832,D_MON_Y,p2,1,3.42,"213,658,402,683",822x1098,2021-9-7:D_MON_Y:p2:0.83
001002,2022-08-NONE,0.975,YYYYMM,erode2/p1@640,1,4.57,"284,341,467,372",761x1014,2022-8-None:YYYYMM:erode2/p1@640:0.98
001004,2022-09-02,0.651,YY,ft/dilate2/p1@1024,1,35.4,"0,0,405,289",612x832,2022-9-2:YY:ft/dilate2/p1@1024:0.65
001005,2020-08-10,0.559,YMD_GLUED,blur1/p1@640,1,7.59,"201,307,396,369",640x640,2020-8-10:YMD_GLUED:blur1/p1@640:0.56
001006,2020-12-30,0.816,YYYY,p2,2,1.92,"282,518,471,548",1008x756,2022-6-None:YYYYMM:p1@640:0.92|2020-12-30:YYYY:p2:0.82
001007,2022-06-29,0.624,YYYY,p2,2,2.54,"191,463,365,488",640x640,2020-12-30:YYYY:p2:0.87|2022-6-29:YYYY:p2:0.62
001008,2022-11-24,0.989,YYYY,p2,1,1.61,"230,649,400,680",678x905,2022-11-24:YYYY:p2:0.99
001010,2021-08-09,0.343,DMY4,p2,1,2.11,"47,383,741,564",935x703,2021-8-9:DMY4:p2:0.34
001012,2021-11-10,0.654,YYYY,p2,2,2.28,"402,512,653,538",939x704,2020-11-11:YYYY:p2:0.64|2021-11-10:YYYY:p2:0.65
001013,2021-11-10,0.701,YY,p2,2,2.26,"222,472,443,498",640x640,2020-11-11:YYYY:p2:0.47|2021-11-10:YY:p2:0.70
001014,2022-01-11,0.999,YYYY,p2,1,1.68,"203,479,381,504",581x774,2022-1-11:YYYY:p2:1.00
001015,2022-01-11,0.982,YYYY,p2,1,2.27,"246,407,439,434",640x640,2022-1-11:YYYY:p2:0.98
001016,2021-02-21,0.285,MON_DY,p1@640,1,1.81,"328,132,743,650",1008x756,2021-2-21:MON_DY:p1@640:0.29
001017,2021-02-21,0.18,MON_DY,erode3/p1@640,1,5.17,"219,114,472,557",640x640,2021-2-21:MON_DY:erode3/p1@640:0.18
001018,NONE,,,,0,21.25,,,
001019,2021-05-15,0.626,CMP,ft/erode2/p1@640,1,7.95,"272,270,410,320",640x640,2021-5-15:CMP:ft/erode2/p1@640:0.63
001020,2020-02-27,0.654,YYYY,p2,1,2.05,"52,79,786,181",818x727,2020-2-27:YYYY:p2:0.65
001022,2021-01-10,0.819,YYYY,ft/p2,1,13.47,"232,105,366,165",640x640,2021-1-10:YYYY:ft/p2:0.82
001023,2021-07-13,0.966,DMY4,p2,1,1.37,"307,463,674,490",1008x756,2021-7-13:DMY4:p2:0.97
001024,2021-07-13,0.998,DMY4,p2,1,1.35,"213,401,447,432",640x640,2021-7-13:DMY4:p2:1.00
001025,2020-12-09,0.206,YYYY,p2,1,17.52,"48,218,810,678",900x685,2020-12-9:YYYY:p2:0.21
001026,2020-12-09,0.547,YYYY,p2,1,2.66,"109,216,549,277",640x640,2020-12-9:YYYY:p2:0.55
001027,2020-09-08,0.987,YYYY,p2,1,1.62,"78,133,285,159",741x572,2020-9-8:YYYY:p2:0.99
001028,2021-08-01,0.513,DMY4,p2,9,1.97,"291,452,780,597",1008x756,2021-1-8:YYYY:p2:0.51|2021-7-7:YYYY:p2:0.51|2021-8-1:DMY4:p2:0.51|2021-1-8:YYYY:p2:0.51|2021-7-7:YYYY:p2:0.51|2021-8-1:DMY4:p2:0.51|2021-1-8:YYYY:p2:0.51|2021-7-7:YYYY:p2:0.51|2021-8-1:DMY4:p2:0.51
001029,2021-07-07,0.853,YYYY,p2,2,1.86,"216,453,361,485",640x640,2021-1-8:YYYY:p1@640:0.99|2021-7-7:YYYY:p2:0.85
001031,2022-10-01,0.846,DMY4,p2,1,3.84,"0,206,434,242",640x640,2022-10-1:DMY4:p2:0.85
001032,2019-07-16,0.912,YYYY,p2,1,1.77,"120,845,280,884",941x1255,2019-7-16:YYYY:p2:0.91
001034,2021-06-28,0.905,YYYY,p2,1,2.31,"327,618,522,646",717x957,2021-6-28:YYYY:p2:0.90
001035,2020-07-07,0.759,DMY4,p2,1,11.39,"128,506,999,551",1008x756,2020-7-7:DMY4:p2:0.76
001036,2021-10-07,0.433,DMY4,p2,4,9.57,"56,411,640,625",640x640,2020-7-7:DMY4:p2:0.43|2021-10-7:DMY4:p2:0.43|2020-7-7:DMY4:p2:0.43|2021-10-7:DMY4:p2:0.43
001037,2021-03-18,0.717,YYYY,p2,1,1.78,"65,129,511,215",564x948,2021-3-18:YYYY:p2:0.72
001038,2021-12-28,0.982,YYYY,p2,1,1.06,"203,655,536,682",756x1008,2021-12-28:YYYY:p2:0.98
001039,2021-12-28,0.781,YYYY,p1@640,1,1.05,"152,404,436,468",640x640,2021-12-28:YYYY:p1@640:0.78
001040,2022-04-15,0.94,YYYY,p2,1,1.04,"302,474,598,506",1008x756,2022-4-15:YYYY:p2:0.94
001041,2022-04-15,0.802,YMD_GLUED,p2,1,1.0,"167,372,357,410",640x640,2022-4-15:YMD_GLUED:p2:0.80
001042,2021-09-13,0.5,DDMMYY,p2,1,1.16,"582,1373,1072,1472",1535x2048,2021-9-13:DDMMYY:p2:0.50
001043,2021-09-13,0.721,DDMMYY,p2,1,1.14,"273,424,388,472",640x640,2021-9-13:DDMMYY:p2:0.72
001044,2021-04-30,1.0,DMY4,p2,1,1.22,"225,579,362,612",676x902,2021-4-30:DMY4:p2:1.00
001045,2021-04-30,1.0,DMY4,p2,1,1.36,"186,409,314,432",640x640,2021-4-30:DMY4:p2:1.00
001046,2021-10-07,1.0,DMY4,p2,1,2.05,"409,785,535,813",712x951,2021-10-7:DMY4:p2:1.00
001047,2021-05-12,0.942,YYYY,p2,1,0.93,"111,538,243,569",702x936,2021-5-12:YYYY:p2:0.94
001049,2022-01-06,0.562,YYYY,p2,1,1.22,"54,575,602,794",737x981,2022-1-6:YYYY:p2:0.56
001050,2022-01-06,0.425,YYYY,p2,1,1.88,"81,375,546,544",640x640,2022-1-6:YYYY:p2:0.43
001051,2022-12-20,0.765,YYYY,p2,1,2.88,"160,670,385,715",683x912,2022-12-20:YYYY:p2:0.77
001052,2022-12-20,0.382,YYYY,p2,1,2.94,"143,224,450,524",640x640,2022-12-20:YYYY:p2:0.38
001053,2022-09-01,0.359,YYYY,p1@1024,1,5.48,"144,5,579,818",705x942,2022-9-1:YYYY:p1@1024:0.36
001054,2022-09-01,0.296,YYYY,p2,1,3.11,"130,2,553,558",640x640,2022-9-1:YYYY:p2:0.30
001055,2022-08-10,0.759,YYYY,p2,1,1.56,"313,438,740,471",1008x756,2022-8-10:YYYY:p2:0.76
001056,2022-05-27,0.809,YYYY,p2,1,2.43,"181,391,478,423",668x890,2022-5-27:YYYY:p2:0.81
001058,2021-10-14,0.899,YYYY,p2,1,1.04,"236,539,466,594",756x1008,2021-10-14:YYYY:p2:0.90
001060,2022-06-23,0.541,YYYY,p2,1,1.51,"0,222,592,512",756x1008,2022-6-23:YYYY:p2:0.54
001061,2022-07-04,0.416,YYYY,p1@640,3,3.51,"306,345,676,551",1008x756,2021-1-5:YYYY:p2:0.75|2022-7-4:YYYY:p1@640:0.42|2022-4-4:DMY4:p1@640:0.42
001063,2022-01-04,0.699,YYYY,p2,4,2.29,"332,324,660,383",1008x756,2021-1-5:YYYY:p2:0.70|2022-1-4:YYYY:p2:0.70|2021-1-5:YYYY:p2:0.70|2022-1-4:YYYY:p2:0.70
001064,2022-01-04,0.364,YYYY,p2,4,2.34,"203,253,420,401",640x640,2022-1-4:YYYY:p2:0.36|2021-1-5:YYYY:p2:0.36|2022-1-4:YYYY:p2:0.36|2021-1-5:YYYY:p2:0.36
001065,2022-05-04,0.279,YYYY,p2,2,3.65,"185,116,568,797",712x954,2022-5-4:YYYY:p2:0.28|2022-1-8:DMY4:p2:0.28
001066,2022-05-04,0.41,YYYY,p2,1,4.77,"117,58,505,517",640x640,2022-5-4:YYYY:p2:0.41
001067,2021-12-06,0.963,YYYY,p1keep/p1@640,2,1.55,"316,332,449,348",717x957,2021-1-12:YYYY:p2:0.98|2021-12-6:YYYY:p1keep/p1@640:0.96
001068,2021-03-15,0.955,YYYY,p2,1,0.98,"255,461,387,496",756x1008,2021-3-15:YYYY:p2:0.95
001069,2021-03-10,0.842,YYYY,p2,1,1.13,"238,279,352,315",640x640,2021-3-10:YYYY:p2:0.84
001070,NONE-01-24,0.461,MMDD,p2,1,2.07,"47,425,421,468",756x1008,None-1-24:MMDD:p2:0.46
001071,NONE-01-24,0.939,MMDD,p2,1,1.37,"278,257,367,282",640x640,None-1-24:MMDD:p2:0.94
001073,2023-09-18,0.421,YYYY,p2,1,1.77,"31,109,639,496",640x640,2023-9-18:YYYY:p2:0.42
001074,2021-09-30,0.998,DMY4,p2,1,9.83,"161,722,429,750",729x973,2021-9-30:DMY4:p2:1.00
001075,2021-09-30,0.988,DMY4,p2,1,3.52,"161,454,392,482",640x640,2021-9-30:DMY4:p2:0.99
001076,2031-07-21,0.8,DDMMYY,p2,2,2.09,"228,682,389,724",952x1269,2031-7-21:DDMMYY:p2:0.80|2021-7-31:YYYY:p1keep/p1@640:0.99
001078,2023-09-24,0.85,YYYY,p2,1,2.76,"227,549,554,598",762x1106,2023-9-24:YYYY:p2:0.85
001079,2023-09-24,0.767,YYYY,p2,1,1.06,"192,291,457,340",640x640,2023-9-24:YYYY:p2:0.77
001080,2021-10-13,0.302,YY,p2,1,4.69,"0,495,682,532",795x1060,2021-10-13:YY:p2:0.30
001081,2021-06-17,0.969,YYYY,p2,1,2.31,"243,480,434,510",785x998,2021-6-17:YYYY:p2:0.97
001082,2021-06-17,0.725,YYYY,p2,1,2.22,"188,296,344,337",640x640,2021-6-17:YYYY:p2:0.72
001083,2021-07-09,0.845,YYYY,p1@640,1,1.96,"273,673,529,731",787x1051,2021-7-9:YYYY:p1@640:0.84
001084,2021-07-01,0.715,YYYY,p2,1,1.82,"197,391,407,439",640x640,2021-7-1:YYYY:p2:0.72
001085,2023-10-09,0.991,YYYY,p2,1,3.12,"282,780,529,813",765x1093,2023-10-9:YYYY:p2:0.99
001086,2023-10-09,0.865,YYYY,p2,1,1.65,"232,448,440,510",640x640,2023-10-9:YYYY:p2:0.86
001087,2022-06-14,0.92,YYYY,p2,1,0.82,"256,327,450,368",724x964,2022-6-14:YYYY:p2:0.92
001088,2022-06-14,0.942,YYYY,p2,1,0.94,"223,182,396,243",640x640,2022-6-14:YYYY:p2:0.94
001089,2023-08-05,0.622,DMY4,p2,1,3.21,"143,630,519,690",768x977,2023-8-5:DMY4:p2:0.62
001090,2021-04-16,0.925,YYYY,p2,4,3.02,"199,314,553,400",778x1037,2021-4-16:YYYY:p2:0.92|2020-7-17:YYYY:p2:0.92|2020-7-17:YYYY:p2:0.92|2021-4-16:YYYY:p2:0.92
001092,2021-03-19,0.701,YYYY,p2,4,3.53,"27,687,543,759",810x1080,2021-1-20:YYYY:p2:0.70|2021-3-19:YYYY:p2:0.70|2021-3-19:YYYY:p2:0.70|2021-1-20:YYYY:p2:0.70
001093,2021-05-25,0.81,YYYY,p2,1,2.52,"415,630,632,702",974x1299,2021-5-25:YYYY:p2:0.81
001094,2021-01-13,0.934,YY,p1keep/p1@640,4,2.06,"301,731,534,776",946x1261,2021-1-13:YYMM_DAYLA:p2:0.85|2021-1-None:YYMM:p2:0.85|2022-1-12:SP_YMD:p1@640:0.86|2021-1-13:YY:p1keep/p1@640:0.93
001095,2021-01-13,0.836,YY,p1keep/p1@640,2,1.18,"216,366,370,427",640x640,2022-1-None:YYMM:p2:0.64|2021-1-13:YY:p1keep/p1@640:0.84
001096,2021-11-06,0.623,DMY4,p2,9,4.33,"101,510,660,806",743x992,2021-6-11:YYYY:p2:0.62|2021-1-12:YYYY:p2:0.62|2021-11-6:DMY4:p2:0.62|2021-6-11:YYYY:p2:0.62|2021-1-12:YYYY:p2:0.62|2021-11-6:DMY4:p2:0.62|2021-6-11:YYYY:p2:0.62|2021-1-12:YYYY:p2:0.62|2021-11-6:DMY4:p2:0.62
001097,2021-11-06,0.604,DMY4,p1keep/p1@640,5,3.9,"70,305,553,500",640x640,2021-1-1:YYYY:p2:0.58|2021-1-1:YYYY:p2:0.58|2021-1-1:YYYY:p2:0.58|2021-6-11:YYYY:p1keep/p1@640:0.60|2021-11-6:DMY4:p1keep/p1@640:0.60
001098,2021-03-18,0.627,YYYY,p2,4,2.82,"381,487,743,580",967x1289,2021-1-18:YYYY:p2:0.63|2021-3-18:YYYY:p2:0.63|2021-3-18:YYYY:p2:0.63|2021-1-18:YYYY:p2:0.63
001100,2021-03-14,0.836,YYYY,p2,2,3.04,"405,271,539,300",775x1033,2021-1-14:YYYY:p2:0.95|2021-3-14:YYYY:p2:0.84
001101,2021-01-14,0.783,YYYY,p1@640,1,1.94,"301,106,418,165",640x640,2021-1-14:YYYY:p1@640:0.78
001102,2021-03-14,0.956,YYYY,p1@1024,1,2.97,"299,751,497,813",900x1200,2021-3-14:YYYY:p1@1024:0.96
001103,2021-03-14,0.76,YYYY,blur1/p1@640,1,5.02,"226,374,374,421",640x640,2021-3-14:YYYY:blur1/p1@640:0.76
001104,2021-08-26,0.958,YYYY,p2,2,1.91,"280,500,448,528",800x1066,2020-11-27:YYYY:p2:0.98|2021-8-26:YYYY:p2:0.96
001105,2021-08-26,0.921,YYYY,p2,7,1.78,"234,294,371,334",640x640,2020-8-26:YYYY:p2:0.64|2020-11-27:YYYY:p2:0.92|2021-8-26:YYYY:p2:0.92|2021-11-27:MDY4:p2:0.92|2020-11-27:YYYY:p2:0.92|2021-8-26:YYYY:p2:0.92|2021-11-27:MDY4:p2:0.92
001106,2021-03-27,0.888,YYYY,p2,1,1.93,"251,454,605,497",1023x1364,2021-3-27:YYYY:p2:0.89
001107,2021-02-28,0.853,YY,p2,1,1.65,"358,374,559,411",877x1169,2021-2-28:YY:p2:0.85
001108,2021-02-28,0.869,YY,p2,1,1.53,"261,213,406,260",640x640,2021-2-28:YY:p2:0.87
001109,2021-03-22,0.465,YY,p2,1,1.77,"271,512,585,558",924x1231,2021-3-22:YY:p2:0.46
001110,2021-03-22,0.838,EXTEND_R,p2,1,1.9,"268,263,410,346",640x640,2021-3-22:EXTEND_R:p2:0.84
001111,2022-07-12,0.471,YYYY,p2,1,2.48,"250,434,437,747",795x1060,2022-7-12:YYYY:p2:0.47
001112,2022-07-12,0.811,YYYY,p2,1,1.4,"213,397,342,424",640x640,2022-7-12:YYYY:p2:0.81
001113,2023-11-15,0.999,YYYY,p2,1,1.64,"336,660,504,695",926x1235,2023-11-15:YYYY:p2:1.00
001114,2023-11-15,0.283,YYYY,p2,1,1.86,"237,296,373,497",640x640,2023-11-15:YYYY:p2:0.28
001115,2022-01-12,0.512,YYYY,p2,1,1.07,"215,667,464,813",841x1121,2022-1-12:YYYY:p2:0.51
001116,2028-12-01,0.742,DMY4,p1keep/p1@640,3,1.15,"245,422,386,476",640x640,2022-1-12:YYYY:p2:0.76|2022-1-12:YYYY:p2:0.76|2028-12-1:DMY4:p1keep/p1@640:0.74
001117,2022-01-20,0.965,YYYY,p2,1,1.01,"341,757,530,794",879x1173,2022-1-20:YYYY:p2:0.96
001119,2021-12-16,0.971,YYYY,p2,1,1.03,"229,321,355,355",771x1027,2021-12-16:YYYY:p2:0.97
001120,2021-12-01,0.928,YYYY,p2,1,1.31,"173,214,274,239",640x640,2021-12-1:YYYY:p2:0.93
001121,2023-01-10,0.497,YYYY,p1@640,1,3.17,"237,570,591,932",999x1331,2023-1-10:YYYY:p1@640:0.50
001122,2023-01-10,0.84,YYYY,p1@640,1,3.76,"158,402,348,427",640x640,2023-1-10:YYYY:p1@640:0.84
001123,2021-10-09,0.986,DMY4,p2,1,3.42,"231,802,516,839",908x1210,2021-10-9:DMY4:p2:0.99
001124,2021-10-09,0.946,DMY4,p2,1,2.97,"135,408,340,448",640x640,2021-10-9:DMY4:p2:0.95
001125,2021-12-21,0.439,YY_LEAD0,p2,1,1.04,"205,797,493,849",947x1263,2021-12-21:YY_LEAD0:p2:0.44
001126,2021-12-28,0.34,YYYY,p1@640,1,1.25,"140,82,366,427",640x640,2021-12-28:YYYY:p1@640:0.34
001127,2021-06-10,0.696,YY,p2,1,2.97,"306,777,561,811",897x1196,2021-6-10:YY:p2:0.70
001128,2021-12-14,0.84,EXTEND_R,p2,3,2.56,"205,392,345,450",640x640,2021-12-10:YY:p2:0.57|2021-12-14:EXTEND_R:p2:0.84|2021-6-10:YY:p1keep/p1@640:0.75
001129,2022-04-NONE,0.669,YYMM,ft/p2,2,11.21,"85,195,339,250",640x640,2022-4-None:YYMM:ft/p2:0.67|None-2-7:MMDD:ft/p1keep/p1@640:0.52
001130,2020-08-07,0.388,SP_DMY,blur1/p1@1024,1,15.87,"134,333,445,370",911x1214,2020-8-7:SP_DMY:blur1/p1@1024:0.39
001131,NONE-02-12,0.649,MMDD,p2,1,2.92,"85,206,345,261",640x640,None-2-12:MMDD:p2:0.65
001132,2021-02-19,0.942,YYYY,p2,2,2.26,"315,379,620,414",821x1095,2020-12-12:YYYY:p2:0.92|2021-2-19:YYYY:p2:0.94
001133,2021-02-19,0.961,YYYY,p2,2,2.42,"252,232,454,258",640x640,2020-12-12:YYYY:p2:0.87|2021-2-19:YYYY:p2:0.96
001134,2021-03-03,0.935,DDMMYY,p2,2,2.4,"302,794,764,831",833x1112,2021-3-3:DDMMYY:p2:0.94|None-3-21:MMDD:p1keep/p1@640:0.94
001135,2022-09-24,0.834,DMY4,p2,1,1.18,"114,639,478,692",783x1044,2022-9-24:DMY4:p2:0.83
001136,NONE,,,,0,13.59,,,
001137,2021-07-17,0.919,D_MON_Y,p2,1,2.38,"383,859,616,901",1006x1341,2021-7-17:D_MON_Y:p2:0.92
001138,2021-10-23,0.841,YYYY,p2,1,1.19,"270,478,459,511",776x1034,2021-10-23:YYYY:p2:0.84
001139,2021-02-28,0.958,YYYY,p2,1,1.8,"399,440,618,478",1051x1402,2021-2-28:YYYY:p2:0.96
001140,2021-02-28,0.588,YYYY,p2,1,1.7,"19,88,506,226",640x640,2021-2-28:YYYY:p2:0.59
001141,2022-03-14,0.958,DMY4,p2,2,3.3,"483,434,721,473",983x1311,2020-9-14:DMY4:p2:0.98|2022-3-14:DMY4:p2:0.96
001143,2021-06-28,0.851,D_MON_Y,p1@640,1,1.82,"193,454,364,501",640x640,2021-6-28:D_MON_Y:p1@640:0.85
001144,2021-05-25,0.959,YYYY,p2,1,1.44,"170,452,751,485",1008x756,2021-5-25:YYYY:p2:0.96
001145,2021-05-25,0.939,YYYY,p2,1,1.33,"94,367,451,395",640x640,2021-5-25:YYYY:p2:0.94
001146,2021-12-13,0.656,YY,p2,7,1.98,"428,487,614,550",1008x756,2020-12-14:YYYY:p2:0.66|2020-12-13:MDY4:p2:0.66|2021-12-13:YY:p2:0.66|2020-12-14:YYYY:p2:0.66|2020-12-13:MDY4:p2:0.66|2021-12-13:YY:p2:0.66|2020-1-12:DMY4:p1keep/p1@640:0.67
001147,2021-12-13,0.45,YY,p2,6,3.3,"269,266,473,470",640x640,2020-12-14:YYYY:p2:0.45|2021-12-13:YY:p2:0.45|2020-12-14:YYYY:p2:0.45|2021-12-13:YY:p2:0.45|2020-12-14:YYYY:p2:0.45|2021-12-13:YY:p2:0.45
001148,2022-07-31,0.258,YYYY,p2,1,1.49,"131,438,540,529",1008x756,2022-7-31:YYYY:p2:0.26
001149,2022-07-31,0.415,YYYY,p2,1,1.54,"71,370,327,446",640x640,2022-7-31:YYYY:p2:0.41
001150,2021-09-18,0.709,DMY4,p2,2,2.59,"361,446,906,487",1008x756,2021-9-18:DMY4:p2:0.71|2018-9-20:CMP6_DMY:p1@640:1.00
001151,2021-09-18,0.777,DMY4,p1@640,1,1.68,"213,359,605,460",640x640,2021-9-18:DMY4:p1@640:0.78
001152,2021-10-31,0.455,YYYY,p2,1,3.9,"0,113,702,570",1008x756,2021-10-31:YYYY:p2:0.46
001154,2021-09-21,0.954,DMY4,erode3/p1@1024,1,13.11,"396,491,641,523",1008x756,2021-9-21:DMY4:erode3/p1@1024:0.95
001155,2021-09-21,0.94,DMY4,blur1/p1@640,1,8.4,"201,394,361,443",640x640,2021-9-21:DMY4:blur1/p1@640:0.94
001156,2021-02-07,0.622,YY,p2,1,1.5,"0,163,949,602",949x838,2021-2-7:YY:p2:0.62
001157,2021-02-07,0.636,YY,p2,1,1.45,"74,144,640,551",640x640,2021-2-7:YY:p2:0.64
001158,2021-08-10,0.757,YYYY,p2,1,1.72,"453,428,610,464",1228x921,2021-8-10:YYYY:p2:0.76
001159,2021-08-10,0.953,YYYY,p1@640,1,1.55,"230,302,314,328",640x640,2021-8-10:YYYY:p1@640:0.95
001160,2021-04-23,0.997,YY,p2,1,0.9,"203,565,392,595",1120x840,2021-4-23:YY:p2:1.00
001161,2021-04-23,0.9,YY,p2,1,1.1,"141,408,450,462",640x640,2021-4-23:YY:p2:0.90
001162,2021-12-06,0.556,YYYY,p2,1,1.26,"0,370,851,527",1241x931,2021-12-6:YYYY:p2:0.56
001163,2021-12-06,0.678,YYYY,p2,1,1.24,"0,223,447,383",640x640,2021-12-6:YYYY:p2:0.68
001164,2021-03-01,0.556,YYYY,p2,1,3.38,"0,207,1041,343",1087x761,2021-3-1:YYYY:p2:0.56
001166,2020-02-08,0.673,CMP6_DMY,ft/erode2/p1@1024,1,42.58,"151,533,520,558",652x906,2020-2-8:CMP6_DMY:ft/erode2/p1@1024:0.67
001167,2022-08-02,0.526,YYYY,p2,2,14.76,"129,28,562,468",640x640,2022-8-2:YYYY:p2:0.53|2022-2-8:YYYY:p1keep/dilate2/p1@640:0.53
001169,2021-08-31,0.534,YYYY,p1@640,1,1.83,"0,152,298,425",640x640,2021-8-31:YYYY:p1@640:0.53
001170,2022-01-18,0.809,YY,p2,1,1.67,"0,357,830,534",1062x796,2022-1-18:YY:p2:0.81
001171,2022-01-18,0.798,YY,p2,1,1.45,"0,295,434,463",640x640,2022-1-18:YY:p2:0.80
001172,2021-09-NONE,0.846,YYYYMM,p2,1,3.17,"6,579,696,649",1208x906,2021-9-None:YYYYMM:p2:0.85
001173,2021-09-NONE,0.797,YYYYMM,p2,1,2.94,"53,427,387,455",640x640,2021-9-None:YYYYMM:p2:0.80
001174,2021-03-14,0.768,YYYY,p2,1,1.61,"438,429,1151,522",1374x1030,2021-3-14:YYYY:p2:0.77
001175,2021-09-07,0.832,SP_DMY,p2,1,2.17,"528,363,613,399",926x734,2021-9-7:SP_DMY:p2:0.83
001176,2021-09-07,0.963,CMP6_DMY,p2,1,5.0,"364,301,424,327",640x640,2021-9-7:CMP6_DMY:p2:0.96
001177,NONE,,,,0,23.13,,,
001178,NONE,,,,0,12.35,,,
001179,2023-09-01,0.951,D_MON_Y,erode3/p1@640,1,8.56,"261,294,739,348",990x766,2023-9-1:D_MON_Y:erode3/p1@640:0.95
001181,2022-04-14,0.971,MON_DY,p2,1,1.43,"394,369,711,399",1105x829,2022-4-14:MON_DY:p2:0.97
001182,2022-04-14,0.803,MON_DY,p2,1,1.39,"6,300,526,513",640x640,2022-4-14:MON_DY:p2:0.80
001183,2021-10-08,0.803,YMD_GLUED,p2,1,1.26,"378,445,514,492",1032x1376,2021-10-8:YMD_GLUED:p2:0.80
001184,2021-10-08,0.821,YMD_GLUED,p2,1,1.04,"236,192,320,242",640x640,2021-10-8:YMD_GLUED:p2:0.82
001185,2021-09-26,0.807,YY,p2,4,2.63,"231,700,956,792",1025x1366,2020-12-29:YY:p2:0.81|2021-9-26:YY:p2:0.81|2021-9-26:YY:p2:0.81|2020-12-29:YY:p2:0.81
001188,2020-04-23,0.501,YYYY,p2,1,5.72,"220,360,505,512",640x640,2020-4-23:YYYY:p2:0.50
001189,2019-06-28,0.824,YYYY,p2,2,2.57,"444,142,648,176",1297x828,2019-6-16:YYYY:p2:0.99|2019-6-28:YYYY:p2:0.82
001190,2019-06-28,0.796,YYYY,p2,2,2.57,"192,121,296,156",640x640,2019-6-16:YYYY:p2:0.92|2019-6-28:YYYY:p2:0.80
001191,2020-12-08,0.944,SP_DMY,p1@640,1,1.6,"630,435,731,471",1101x715,2020-12-8:SP_DMY:p1@640:0.94
001192,2020-12-08,0.853,CMP6_DMY,dilate2/p1@640,1,8.45,"228,358,444,473",640x640,2020-12-8:CMP6_DMY:dilate2/p1@640:0.85
001193,2021-02-11,0.633,DMY4,p1@640,2,3.12,"15,227,540,356",708x708,2020-2-13:DMY4:p1@640:0.63|2021-2-11:DMY4:p1@640:0.63
001195,2021-10-18,0.795,YY,p1@640,1,5.78,"106,477,808,537",1008x756,2021-10-18:YY:p1@640:0.80
001196,2021-10-18,0.475,YY,p2,1,3.81,"70,35,555,571",640x640,2021-10-18:YY:p2:0.48
001197,2021-10-10,0.836,DMY4,p2,1,1.25,"0,280,630,488",1008x756,2021-10-10:DMY4:p2:0.84
001198,2021-10-10,0.853,DMY4,p1@640,1,1.3,"0,208,389,493",640x640,2021-10-10:DMY4:p1@640:0.85
001199,2021-10-20,0.674,YY_LEAD0,p2,2,2.19,"397,517,684,580",1008x756,2020-10-21:YYYY:p2:0.67|2021-10-20:YY_LEAD0:p2:0.67
001200,2021-10-20,0.858,YY_LEAD0,p2,2,2.33,"275,455,358,485",640x640,2020-10-21:YYYY:p2:0.80|2021-10-20:YY_LEAD0:p2:0.86
001201,2022-07-16,0.272,YYYY,p2,1,1.63,"168,318,780,432",933x701,2022-7-16:YYYY:p2:0.27
001203,2023-02-28,0.996,DMY4,p2,1,1.53,"231,262,547,294",900x591,2023-2-28:DMY4:p2:1.00
001204,2023-02-28,0.925,DMY4,p2,1,1.51,"167,265,396,314",640x640,2023-2-28:DMY4:p2:0.93
001205,NONE-05-21,0.927,MMDD,p2,1,1.98,"191,107,769,337",898x622,None-5-21:MMDD:p2:0.93
001206,NONE-05-21,0.859,MMDD,p2,1,1.65,"29,106,562,339",640x640,None-5-21:MMDD:p2:0.86
001207,2020-08-18,0.537,YYYY,p2,1,3.31,"0,425,937,487",1067x769,2020-8-18:YYYY:p2:0.54
001208,2020-08-18,0.673,YYYY,p2,1,2.32,"4,376,569,426",640x640,2020-8-18:YYYY:p2:0.67
001209,2021-08-03,0.988,DMY4,p2,1,1.37,"384,482,581,521",1008x756,2021-8-3:DMY4:p2:0.99
001210,2021-08-03,0.999,DMY4,p2,1,1.51,"231,395,357,428",640x640,2021-8-3:DMY4:p2:1.00
001211,2021-07-03,0.983,YYYY,p2,1,3.12,"195,433,360,463",965x723,2021-7-3:YYYY:p2:0.98
001212,2021-07-03,0.967,YYYY,p2,1,2.57,"104,368,216,393",640x640,2021-7-3:YYYY:p2:0.97
001213,2021-05-15,0.786,YYYY,p2,1,4.07,"36,329,968,639",990x739,2021-5-15:YYYY:p2:0.79
001214,2021-05-15,0.791,YYYY,p1@640,1,2.86,"0,68,633,604",640x640,2021-5-15:YYYY:p1@640:0.79
001215,2021-06-13,0.931,DMY4,erode2/p1@640,1,6.41,"0,49,825,397",1008x756,2021-6-13:DMY4:erode2/p1@640:0.93
001217,2022-05-30,0.909,YYYY,p2,1,0.94,"496,406,734,454",1008x756,2022-5-30:YYYY:p2:0.91
001218,2022-05-30,0.285,YYYY,p1@640,1,1.35,"120,333,448,404",640x640,2022-5-30:YYYY:p1@640:0.29
001219,2021-01-14,0.995,YYYY,p2,1,1.11,"335,259,533,291",850x642,2021-1-14:YYYY:p2:0.99
001220,2021-01-14,0.911,YYYY,p2,1,1.29,"263,248,414,296",640x640,2021-1-14:YYYY:p2:0.91
001221,2021-11-10,0.492,YYYY,p2,1,2.14,"93,186,879,573",1008x756,2021-11-10:YYYY:p2:0.49
001222,2021-11-10,0.376,YYYY,p2,1,1.84,"56,157,579,489",640x640,2021-11-10:YYYY:p2:0.38
001223,2021-04-11,0.739,D_MON_Y,p2,1,2.96,"269,407,832,495",1157x868,2021-4-11:D_MON_Y:p2:0.74
001224,2021-04-11,0.848,D_MON_Y,p2,1,2.24,"131,333,447,399",640x640,2021-4-11:D_MON_Y:p2:0.85
001225,2022-06-27,0.326,YY,p2,7,7.52,"227,351,1001,656",1200x900,2022-6-27:YY:p2:0.33|2020-6-27:MDY4:p2:0.33|2020-12-28:YYYY:p2:0.33|2020-12-28:YYYY:p2:0.33|2020-6-27:MDY4:p2:0.33|2020-6-27:MDY4:p2:0.33|2020-12-28:YYYY:p2:0.33
001226,2022-06-27,0.346,YYYY,p1keep/p1@640,7,4.16,"83,232,531,440",640x640,2020-12-28:YYYY:p2:0.19|2020-6-27:MDY4:p2:0.19|2020-12-28:YYYY:p2:0.19|2020-6-27:MDY4:p2:0.19|2020-12-28:YYYY:p2:0.19|2020-6-27:MDY4:p2:0.19|2022-6-27:YYYY:p1keep/p1@640:0.35
001227,2022-01-11,0.745,YY,p2,2,2.94,"449,394,817,440",1127x845,2021-1-12:YY:p2:0.64|2022-1-11:YY:p2:0.75
001228,2022-01-11,0.736,YY,p1keep/p1@640,3,2.4,"107,313,445,381",640x640,2021-1-12:YY:p2:0.70|2022-1-None:YYMM:p2:0.70|2022-1-11:YY:p1keep/p1@640:0.74
001229,2021-10-28,0.799,YYYY,p2,2,2.46,"549,520,900,557",1274x956,2020-10-29:YYYY:p2:0.56|2021-10-28:YYYY:p2:0.80
001230,2021-10-28,0.943,YYYY,p2,2,1.9,"258,336,375,371",640x640,2020-10-29:YYYY:p2:0.92|2021-10-28:YYYY:p2:0.94
001231,2021-05-05,0.945,YY,p2,1,1.45,"447,357,702,397",1067x801,2021-5-5:YY:p2:0.95
001232,2021-05-05,0.893,YY,erode2/p1@640,1,3.12,"266,270,429,325",640x640,2021-5-5:YY:erode2/p1@640:0.89
001233,2021-03-09,0.868,YYYY,p2,1,1.67,"235,340,504,372",747x674,2021-3-9:YYYY:p2:0.87
001234,2021-03-09,0.795,YYYY,p2,1,1.6,"212,306,445,339",640x640,2021-3-9:YYYY:p2:0.80
001236,NONE-01-28,0.955,MMDD,p2,1,1.76,"312,129,457,165",792x594,None-1-28:MMDD:p2:0.95
001238,NONE-01-31,0.617,MMDD,p2,1,11.8,"0,506,616,539",902x734,None-1-31:MMDD:p2:0.62
001239,2020-12-19,0.962,YYYY,p2,1,1.59,"109,338,799,409",1127x796,2020-12-19:YYYY:p2:0.96
001240,2020-12-19,0.972,YYYY,p2,1,1.39,"71,275,468,326",640x640,2020-12-19:YYYY:p2:0.97
001241,2022-06-13,0.623,EXTEND_R,p2,1,1.29,"300,502,525,553",965x723,2022-6-13:EXTEND_R:p2:0.62
001243,2023-12-31,0.655,DMY4,p2,1,1.78,"381,329,941,368",1016x762,2023-12-31:DMY4:p2:0.66
001244,2023-12-31,0.628,DMY4,p2,1,1.49,"222,279,577,337",640x640,2023-12-31:DMY4:p2:0.63
001245,2021-11-01,0.998,YYYY,p2,1,0.96,"106,345,302,399",1324x993,2021-11-1:YYYY:p2:1.00
001246,2022-01-19,0.48,YY,p2,4,4.32,"166,487,810,579",1155x866,2022-1-19:YY:p2:0.48|2021-1-20:YY:p2:0.48|2021-1-20:YY:p2:0.48|2022-1-19:YY:p2:0.48
001247,2022-01-19,0.407,YY,p1@640,2,3.18,"93,190,489,475",640x640,2021-1-20:YY:p1@640:0.41|2022-1-19:YY:p1@640:0.41
001248,2021-07-15,0.455,CMP,p2,1,10.02,"97,256,926,308",1182x886,2021-7-15:CMP:p2:0.45
001249,2021-07-15,0.928,CMP,erode3/p1@640,1,5.37,"211,199,333,258",640x640,2021-7-15:CMP:erode3/p1@640:0.93
001250,2021-04-11,0.525,YY,p1keep/p1@640,3,2.99,"223,341,1299,497",1372x1029,2021-1-12:YY:p2:0.39|2021-1-12:YY:p2:0.39|2021-4-11:YY:p1keep/p1@640:0.52
001251,2021-04-11,0.554,YY,p1keep/p1@640,3,1.45,"145,239,408,321",640x640,2021-1-12:YY:p2:0.49|2021-1-12:YY:p2:0.49|2021-4-11:YY:p1keep/p1@640:0.55
001252,2021-08-19,0.932,YYYY,p2,1,1.14,"402,314,907,362",1225x855,2021-8-19:YYYY:p2:0.93
001253,2021-08-11,0.792,YYYY,p1keep/p1@640,2,0.97,"198,203,466,286",640x640,2021-6-19:YYYY:p2:0.77|2021-8-11:YYYY:p1keep/p1@640:0.79
001254,2019-09-13,0.919,YYYY,p2,1,1.92,"136,228,462,271",992x886,2019-9-13:YYYY:p2:0.92
001255,2019-09-13,0.97,YYYY,p2,1,1.57,"92,152,304,201",640x640,2019-9-13:YYYY:p2:0.97
001256,2023-07-03,0.844,YMD_GLUED,p1@640,1,0.76,"749,569,1215,657",1440x993,2023-7-3:YMD_GLUED:p1@640:0.84
001257,NONE,,,,0,12.64,,,
001258,2022-03-15,0.973,YYYY,p2,1,8.29,"318,387,566,418",1264x948,2022-3-15:YYYY:p2:0.97
001259,2021-08-30,0.913,DMY4,erode2/p1@1024,1,8.41,"244,728,593,766",760x1058,2021-8-30:DMY4:erode2/p1@1024:0.91
001261,NONE,,,,0,42.39,,,
001262,NONE,,,,0,19.08,,,
001263,2022-12-03,0.998,YYYY,p2,1,2.41,"449,945,624,989",1077x1436,2022-12-3:YYYY:p2:1.00
001264,2022-12-03,0.901,YYYY,p2,1,2.32,"267,406,371,436",640x640,2022-12-3:YYYY:p2:0.90
001265,2022-06-NONE,0.693,MON_Y,p2,1,1.86,"132,936,477,1038",1112x1483,2022-6-None:MON_Y:p2:0.69
001266,2022-06-NONE,0.607,MON_Y,p2,1,1.58,"87,383,238,422",640x640,2022-6-None:MON_Y:p2:0.61
001267,2022-09-05,0.642,YYYY,p2,1,4.26,"345,1097,852,1143",1118x1490,2022-9-5:YYYY:p2:0.64
001268,2022-09-05,0.69,YYYY,p2,1,3.4,"193,455,483,484",640x640,2022-9-5:YYYY:p2:0.69
001270,2021-10-11,0.953,D_MON_Y,p1@640,1,1.27,"223,195,460,239",640x640,2021-10-11:D_MON_Y:p1@640:0.95
001271,2023-07-08,0.925,YYYY,p2,1,1.8,"408,951,643,989",1064x1419,2023-7-8:YYYY:p2:0.93
001272,2023-07-08,0.482,YYYY,p1@640,1,1.46,"237,285,512,472",640x640,2023-7-8:YYYY:p1@640:0.48
001273,2022-06-17,0.974,DMY4,p2,1,3.51,"205,913,373,946",939x1251,2022-6-17:DMY4:p2:0.97
001274,2022-06-17,0.803,DMY4,p2,1,2.86,"130,461,256,502",640x640,2022-6-17:DMY4:p2:0.80
001276,2021-11-04,0.986,YYYY,p2,1,1.61,"367,841,561,874",922x1229,2021-11-4:YYYY:p2:0.99
001277,2021-11-04,0.98,YYYY,p2,1,1.63,"256,429,393,459",640x640,2021-11-4:YYYY:p2:0.98
001278,2022-01-03,0.726,DMY4,p2,5,2.8,"346,836,771,887",977x1302,2019-10-10:DMY4:p2:0.85|2022-1-3:DMY4:p2:0.73|2019-3-1:YYYY:p2:0.71|2019-10-3:DMY4:p2:0.71|2022-1-3:DMY4:p2:0.71
001279,2022-10-09,0.304,YYYY,p2,1,1.87,"0,651,562,888",915x1219,2022-10-9:YYYY:p2:0.30
001280,2022-10-09,0.972,YYYY,p2,1,1.28,"21,313,367,354",640x640,2022-10-9:YYYY:p2:0.97
001281,2025-08-05,0.995,DDMMYY,p1@640,1,2.72,"381,967,502,1001",1033x1378,2025-8-5:DDMMYY:p1@640:1.00
001282,2025-04-01,0.642,DMY4,p2,1,3.55,"221,787,619,938",940x1253,2025-4-1:DMY4:p2:0.64
001283,2022-04-23,0.99,YYYY,p1@640,1,1.55,"319,302,543,350",895x1224,2022-4-23:YYYY:p1@640:0.99
001284,2022-04-23,0.601,YYYY,p2,1,2.03,"232,147,389,174",640x640,2022-4-23:YYYY:p2:0.60
001285,2022-11-21,0.801,DMY4,p2,1,3.89,"359,838,744,907",922x1230,2022-11-21:DMY4:p2:0.80
001289,2024-11-21,0.892,YY,p2,1,1.63,"394,370,566,411",931x1241,2024-11-21:YY:p2:0.89
001290,2024-11-21,0.836,YY,p1keep/p1@640,2,1.4,"273,184,390,213",640x640,2024-1-21:YY:p2:0.61|2024-11-21:YY:p1keep/p1@640:0.84
001292,2022-11-05,0.82,YYYY,p2,1,15.21,"142,415,338,433",640x640,2022-11-5:YYYY:p2:0.82
001293,2020-09-NONE,0.444,YYYYMM,p2,1,3.73,"223,355,1193,573",1437x1077,2020-9-None:YYYYMM:p2:0.44
001294,2021-11-NONE,0.969,MON_Y,p2,1,2.78,"234,340,1162,422",1500x1125,2021-11-None:MON_Y:p2:0.97
001295,2021-12-11,0.804,YYYY,p2,2,1.72,"90,185,497,300",640x640,2021-12-11:YYYY:p2:0.80|2021-11-None:MON_Y:p1keep/p1@640:0.87
001296,2023-11-NONE,0.995,MMYYYY,p2,1,7.78,"278,712,569,739",984x1312,2023-11-None:MMYYYY:p2:0.99
001297,2023-11-NONE,0.994,MMYYYY,p2,1,5.18,"162,361,350,375",640x640,2023-11-None:MMYYYY:p2:0.99
001298,2021-06-24,0.913,DMY4,p2,1,1.24,"147,187,1012,315",1012x694,2021-6-24:DMY4:p2:0.91
001299,2021-07-28,0.522,YYYY,p2,1,3.08,"282,659,599,707",1034x1379,2021-7-28:YYYY:p2:0.52
001301,2021-11-29,0.992,DDMMYY,p2,2,2.89,"284,942,588,981",1108x1477,2020-11-30:DDMMYY:p2:0.98|2021-11-29:DDMMYY:p2:0.99
001302,2029-11-21,0.873,YYMM_GLUE,p2,3,2.32,"166,397,342,423",640x640,2020-11-30:DDMMYY:p2:0.99|2029-11-21:YYMM_GLUE:p2:0.87|2021-11-29:DDMMYY:p1keep/p1@640:0.98
001303,2021-09-14,0.85,DMY4,p2,2,4.25,"439,321,838,369",1283x962,2020-9-14:DMY4:p2:0.93|2021-9-14:DMY4:p2:0.85
001304,2021-04-12,0.985,YYYY,p1@640,1,1.23,"544,509,807,552",1036x1381,2021-4-12:YYYY:p1@640:0.98
001305,2021-04-12,0.846,EXTEND_R,p2,2,2.55,"352,246,469,268",640x640,2021-4-12:EXTEND_R:p2:0.85|2022-1-None:YYMM:p2:0.38
001306,2021-07-19,0.578,YYYY,p2,1,3.46,"120,716,747,942",1060x1413,2021-7-19:YYYY:p2:0.58
001307,2022-11-06,0.836,DMY4,p2,1,1.09,"332,334,608,409",1028x1370,2022-11-6:DMY4:p2:0.84
001308,2022-11-06,0.856,DMY4,up2/p1@1280,1,15.41,"366,334,706,421",640x640,2022-11-6:DMY4:up2/p1@1280:0.86
001309,2021-04-30,0.906,D_MON_Y,p2,1,3.1,"339,867,692,912",1086x1448,2021-4-30:D_MON_Y:p2:0.91
001310,2021-04-30,0.685,D_MON_Y,p2,1,2.28,"231,377,438,417",640x640,2021-4-30:D_MON_Y:p2:0.69
001311,2022-10-20,0.986,YYYY,p2,1,1.8,"299,860,539,899",941x1251,2022-10-20:YYYY:p2:0.99
001312,2022-10-20,0.837,YYYY,p1@640,1,1.05,"248,391,414,461",640x640,2022-10-20:YYYY:p1@640:0.84
001313,2022-04-31,0.51,YY,ft/erode2/p1@640,1,34.12,"149,480,736,626",1091x1454,2022-4-31:YY:ft/erode2/p1@640:0.51
001314,2022-01-15,0.742,YMD_GLUED,p2,1,1.92,"95,406,378,453",640x640,2022-1-15:YMD_GLUED:p2:0.74
001315,2021-12-09,0.671,YYYY,p2,1,1.98,"316,841,597,879",865x1148,2021-12-9:YYYY:p2:0.67
001316,2021-12-09,0.759,YYYY,p2,1,1.92,"246,474,454,497",640x640,2021-12-9:YYYY:p2:0.76
001317,2022-12-07,0.631,DMY4,p2,9,5.09,"57,584,570,696",863x1105,2020-7-12:YYYY:p2:0.63|2022-12-7:DMY4:p2:0.63|2020-12-7:DMY4:p2:0.63|2020-12-7:DMY4:p2:0.63|2020-7-12:YYYY:p2:0.63|2022-12-7:DMY4:p2:0.63|2022-12-7:DMY4:p2:0.63|2020-7-12:YYYY:p2:0.63|2020-12-7:DMY4:p2:0.63
001318,2020-12-07,0.641,DMY4,p1keep/p1@640,2,2.11,"15,304,407,364",640x640,2022-7-13:MDY4:p2:0.31|2020-12-7:DMY4:p1keep/p1@640:0.64
001320,2028-12-07,0.456,YYYY,p2,2,2.87,"0,99,567,378",640x640,2028-12-7:YYYY:p2:0.46|2021-11-22:DMY4:p2:0.46
001321,2022-02-15,0.464,YYYY,p2,1,8.55,"0,277,643,366",956x1275,2022-2-15:YYYY:p2:0.46
001323,2023-07-09,0.749,DMY4,p2,3,3.82,"40,999,672,1046",1131x1508,2027-9-14:CMP6_YMD:p2:0.83|2020-7-9:DMY4:p2:0.90|2023-7-9:DMY4:p2:0.75
001324,2023-07-09,0.956,DMY4,p2,3,2.96,"231,419,370,438",640x640,2027-9-14:CMP6_YMD:p1@640:0.92|2020-7-9:DMY4:p2:0.87|2023-7-9:DMY4:p2:0.96
001326,2021-07-19,0.559,YYYY,p2,1,5.53,"119,556,1194,1013",1407x1055,2021-7-19:YYYY:p2:0.56
001327,2021-07-19,0.389,YYYY,p2,1,2.8,"21,320,529,598",640x640,2021-7-19:YYYY:p2:0.39
001328,2021-06-26,0.814,YYYY,p2,1,2.22,"131,318,425,373",1313x984,2021-6-26:YYYY:p2:0.81
001330,2022-03-05,0.681,YYYY,p1@640,1,1.61,"221,365,499,492",640x640,2022-3-5:YYYY:p1@640:0.68
001332,2021-12-NONE,0.999,MMYYYY,p2,1,1.45,"406,869,525,907",1020x1360,2021-12-None:MMYYYY:p2:1.00
001333,2021-12-NONE,1.0,MMYYYY,p2,1,1.58,"246,388,319,406",640x640,2021-12-None:MMYYYY:p2:1.00
001334,2021-10-26,0.869,D_MON_Y,p1@640,1,3.28,"90,711,975,948",1032x1246,2021-10-26:D_MON_Y:p1@640:0.87
001335,2021-10-26,0.51,D_MON_Y,p2,1,2.51,"28,325,592,493",640x640,2021-10-26:D_MON_Y:p2:0.51
001336,2021-07-04,0.717,D_MON_Y,p2,1,4.4,"176,739,822,781",971x1295,2021-7-4:D_MON_Y:p2:0.72
001338,2021-06-08,0.776,DMY4,p1@640,1,4.9,"75,637,657,898",873x1164,2021-6-8:DMY4:p1@640:0.78
001339,2021-06-08,0.18,DMY4,p2,1,3.17,"25,88,578,471",640x640,2021-6-8:DMY4:p2:0.18
001340,2021-11-25,0.918,DMY4,p2,2,4.26,"251,680,456,712",902x1036,2020-11-25:DMY4:p2:0.99|2021-11-25:DMY4:p2:0.92
001341,2021-11-25,0.611,DMY4,p2,4,1.94,"187,410,339,485",640x640,2021-2-2:YYYY:p2:0.61|2020-1-5:DMY4:p2:0.61|2021-11-25:DMY4:p2:0.61|2020-11-25:DMY4:p1keep/p1@640:0.65
001342,2021-09-10,0.821,MON_DY,p2,1,3.96,"0,451,1024,657",1305x979,2021-9-10:MON_DY:p2:0.82
001343,2021-09-10,0.748,MON_DY,p2,1,3.08,"5,270,507,404",640x640,2021-9-10:MON_DY:p2:0.75
001344,2022-11-02,0.512,MON_DY,p1@640,2,4.06,"0,152,936,399",1120x840,2022-11-2:MON_DY:p1@640:0.51|2021-8-10:MON_DY:p2:0.72
001345,2021-08-27,0.888,MON_DY,p2,1,4.69,"0,503,1044,652",1189x892,2021-8-27:MON_DY:p2:0.89
001347,2021-10-31,0.929,YYYY,p2,1,1.05,"347,760,555,796",869x1158,2021-10-31:YYYY:p2:0.93
001348,2021-01-10,0.978,YYYY,p2,1,2.41,"229,427,385,476",640x640,2021-1-10:YYYY:p2:0.98
001349,2021-08-21,0.993,DMY4,p2,1,1.39,"477,370,654,405",905x1207,2021-8-21:DMY4:p2:0.99
001350,2021-08-21,0.756,DMY4,p2,1,1.55,"336,213,487,248",640x640,2021-8-21:DMY4:p2:0.76
001351,2021-06-09,0.971,DMY4,p2,1,1.38,"230,417,765,588",1012x1349,2021-6-9:DMY4:p2:0.97
001352,2022-06-27,0.85,YYYY,p2,1,1.73,"288,633,617,671",974x1298,2022-6-27:YYYY:p2:0.85
001353,2022-06-27,0.759,YYYY,p2,1,1.24,"200,272,417,331",640x640,2022-6-27:YYYY:p2:0.76
001354,2022-07-06,0.879,D_MON_Y,p2,1,1.76,"488,581,852,632",1357x1018,2022-7-6:D_MON_Y:p2:0.88
001355,2021-07-22,0.779,YMD_GLUED,p2,1,3.38,"143,532,874,635",1117x939,2021-7-22:YMD_GLUED:p2:0.78
001357,2022-08-NONE,0.971,MM_YY,p2,4,2.34,"218,239,504,262",640x640,2022-8-None:MM_YY:p2:0.97|2020-8-None:MM_YY:p2:0.97|2022-8-None:MM_YY:p2:0.97|2020-8-None:MM_YY:p2:0.97
001358,2020-12-NONE,0.487,MMYYYY,p2,1,5.27,"2,127,859,874",885x1141,2020-12-None:MMYYYY:p2:0.49
001360,NONE-09-21,0.823,MMDD,p2,1,3.13,"0,863,660,952",928x1238,None-9-21:MMDD:p2:0.82
001361,NONE-09-21,0.603,MMDD,erode3/p1@640,1,8.89,"0,150,632,553",640x640,None-9-21:MMDD:erode3/p1@640:0.60
001362,2021-10-13,0.619,YYYY,p2,3,4.04,"133,649,863,752",863x1116,2021-10-13:YYYY:p2:0.62|2021-10-13:YYYY:p2:0.62|2021-4-None:MMYYYY:p1keep/p1@640:0.95
001363,2021-10-13,0.767,YYYY,p2,3,12.4,"77,391,531,456",640x640,2021-10-13:YYYY:p2:0.77|2021-10-13:YYYY:p2:0.77|2021-4-None:MMYYYY:p1keep/erode3/p1@640:0.88
001364,2018-02-02,0.836,DMY4,p1@1024,1,7.59,"223,291,462,339",802x1080,2018-2-2:DMY4:p1@1024:0.84
001366,2021-09-29,0.639,DMY4,p2,4,8.37,"38,407,1172,645",1282x961,2021-9-29:DMY4:p2:0.64|2020-6-29:DMY4:p2:0.64|2020-6-29:DMY4:p2:0.64|2021-9-29:DMY4:p2:0.64
001367,2021-09-22,0.424,DMY4,p2,3,2.5,"2,206,573,441",640x640,2021-9-22:DMY4:p2:0.42|2021-9-22:DMY4:p2:0.42|2020-6-29:DMY4:p1keep/p1@640:0.50
001368,2028-12-15,0.91,CMP6_YMD,ft/p2,1,21.06,"126,366,756,407",966x1288,2028-12-15:CMP6_YMD:ft/p2:0.91
001369,2025-09-21,0.693,YY,p2,1,5.79,"76,291,1340,790",1348x1011,2025-9-21:YY:p2:0.69
001370,2021-12-03,0.991,YYYY,p2,1,1.47,"368,754,530,789",914x1219,2021-12-3:YYYY:p2:0.99
001371,2022-04-27,0.927,YYYY,p2,1,2.31,"407,845,586,882",954x1272,2022-4-27:YYYY:p2:0.93
001372,2022-03-07,0.947,DMY4,p2,1,1.78,"425,900,683,942",970x1294,2022-3-7:DMY4:p2:0.95
001373,2022-03-07,0.754,DMY4,p2,1,1.74,"256,462,472,520",640x640,2022-3-7:DMY4:p2:0.75
001374,2022-05-NONE,0.87,YYYYMM,p2,1,3.49,"151,336,1111,388",1259x944,2022-5-None:YYYYMM:p2:0.87
001375,2022-05-NONE,0.736,YYYYMM,p2,1,3.09,"64,228,593,274",640x640,2022-5-None:YYYYMM:p2:0.74
001376,2021-12-02,0.871,YYYY,p2,1,1.81,"536,664,1021,705",1025x1367,2021-12-2:YYYY:p2:0.87
001377,2020-12-02,0.808,CMP6_YMD,ft/blur1/p1@640,1,10.58,"329,332,633,395",640x640,2020-12-2:CMP6_YMD:ft/blur1/p1@640:0.81
001378,2021-01-22,0.744,YYYY,p2,1,1.8,"0,343,686,421",957x1276,2021-1-22:YYYY:p2:0.74
001379,2021-01-22,0.565,YYYY,p1@640,1,1.63,"359,148,438,191",640x640,2021-1-22:YYYY:p1@640:0.57
001380,2021-04-09,0.928,YYYY,p2,1,2.77,"376,961,607,994",991x1322,2021-4-9:YYYY:p2:0.93
001381,2021-04-09,0.934,YYYY,p1keep/p1@640,2,2.6,"220,480,368,499",640x640,2021-1-4:YYYY:p2:0.92|2021-4-9:YYYY:p1keep/p1@640:0.93
001382,2023-01-05,0.871,YYYY,p2,2,3.6,"196,502,553,549",948x1264,2023-1-5:YYYY:p2:0.87|2024-1-1:CMP6_YMD:p1@640:0.64
001383,NONE,,,,0,22.12,,,
001384,2018-09-NONE,0.923,MMYYYY,p2,1,4.13,"325,331,479,363",878x1127,2018-9-None:MMYYYY:p2:0.92
001385,2018-09-NONE,0.916,MMYYYY,up2/p1@1280,1,18.11,"450,300,719,400",640x640,2018-9-None:MMYYYY:up2/p1@1280:0.92
001387,2021-07-07,0.484,DMY4,p1@640,1,3.39,"102,449,613,655",698x930,2021-7-7:DMY4:p1@640:0.48
001388,2021-07-NONE,0.512,MMYYYY,p1@640,1,4.7,"59,160,546,436",640x640,2021-7-None:MMYYYY:p1@640:0.51
001389,2021-06-20,1.0,YYYY,p2,1,2.48,"309,728,461,758",849x1131,2021-6-20:YYYY:p2:1.00
001390,2021-06-20,0.999,YYYY,p2,1,2.17,"233,385,346,407",640x640,2021-6-20:YYYY:p2:1.00
001391,2021-12-01,0.691,DMY4,p1@640,2,2.0,"310,595,953,704",1008x756,2021-2-25:YYYY:p2:0.92|2021-12-1:DMY4:p1@640:0.69
001392,2021-02-25,0.694,YYYY,p2,1,2.07,"255,399,387,449",640x640,2021-2-25:YYYY:p2:0.69
001393,2022-07-14,0.967,D_MON_Y,p2,1,3.16,"228,463,363,488",557x722,2022-7-14:D_MON_Y:p2:0.97
001394,NONE-11-08,0.652,MMDD,p1@640,1,6.94,"175,220,1400,1559",1545x2036,None-11-8:MMDD:p1@640:0.65
001395,NONE,,,,0,21.5,,,
001396,2022-11-01,0.824,YYYY,p2,1,2.09,"0,548,453,598",577x717,2022-11-1:YYYY:p2:0.82
001397,2022-11-01,0.896,YYYY,p2,1,2.11,"38,475,485,505",640x640,2022-11-1:YYYY:p2:0.90
001398,2021-07-23,0.679,D_MON_Y,p2,1,4.78,"69,454,613,504",745x819,2021-7-23:D_MON_Y:p2:0.68
001399,2021-07-23,0.402,D_MON_Y,p2,1,3.3,"24,132,494,615",640x640,2021-7-23:D_MON_Y:p2:0.40
001400,2022-09-02,0.396,YYYY,ft/p2,1,35.97,"145,80,522,546",664x755,2022-9-2:YYYY:ft/p2:0.40
001401,2022-08-NONE,0.84,YYYYMM,dilate2/p1@640,1,11.27,"192,383,468,468",640x640,2022-8-None:YYYYMM:dilate2/p1@640:0.84
001402,2020-09-29,0.906,YYYY,p2,1,3.39,"35,628,262,656",585x777,2020-9-29:YYYY:p2:0.91
001403,2020-07-04,0.636,DMY4,p1@640,1,3.67,"0,312,632,571",640x640,2020-7-4:DMY4:p1@640:0.64
001404,2021-01-27,0.685,YYYY,p2,1,7.38,"0,200,341,227",528x590,2021-1-27:YYYY:p2:0.68
001405,2021-01-27,0.555,YYYY,p2,1,2.98,"3,211,420,285",640x640,2021-1-27:YYYY:p2:0.55
001406,2031-07-21,0.999,DDMMYY,p2,1,1.46,"284,359,396,390",693x818,2031-7-21:DDMMYY:p2:1.00
001407,2031-07-21,0.998,DDMMYY,p2,1,1.42,"262,303,361,328",640x640,2031-7-21:DDMMYY:p2:1.00
001408,2021-12-16,0.524,YY,p2,1,4.78,"0,493,742,836",756x1008,2021-12-16:YY:p2:0.52
001409,2021-12-16,0.513,YY,p1@640,1,3.19,"0,310,584,555",640x640,2021-12-16:YY:p1@640:0.51
001410,2021-05-05,0.747,DMY4,p2,1,11.37,"155,665,381,740",723x965,2021-5-5:DMY4:p2:0.75
001412,2022-09-06,0.858,YYYY,p2,1,7.71,"196,98,479,142",640x640,2022-9-6:YYYY:p2:0.86
001413,2021-07-23,0.754,YY,p2,2,3.14,"416,1270,1034,1408",1535x2048,2021-7-23:YY:p2:0.75|2021-2-24:YY:p2:0.75
001414,2021-07-24,0.841,YYMM_DAYLA,p1@640,2,1.58,"213,379,344,464",640x640,2021-7-None:YYMM:p1@640:0.84|2021-7-24:YYMM_DAYLA:p1@640:0.84
001415,2022-04-20,0.87,YYYY,p2,1,2.21,"32,650,391,693",756x1008,2022-4-20:YYYY:p2:0.87
001416,2021-11-05,0.894,YYYY,p2,1,1.81,"47,680,389,720",756x1008,2021-11-5:YYYY:p2:0.89
001418,2021-07-18,0.952,YYYY,p2,1,1.96,"134,334,389,362",637x839,2021-7-18:YYYY:p2:0.95
001419,2021-07-18,0.945,YYYY,p2,1,1.45,"126,259,384,294",640x640,2021-7-18:YYYY:p2:0.95
001421,2021-07-01,0.999,YYYY,p2,1,1.37,"167,514,372,571",640x640,2021-7-1:YYYY:p2:1.00
001422,2021-11-NONE,0.999,MON_Y,p2,1,2.44,"192,720,325,756",640x989,2021-11-None:MON_Y:p2:1.00
001423,2021-11-17,0.925,D_MON_Y,p1@640,1,2.64,"157,447,294,518",640x640,2021-11-17:D_MON_Y:p1@640:0.92
001425,2021-06-22,0.962,DMY4,p1@640,2,3.86,"230,388,438,416",640x640,2020-6-22:DMY4:p2:0.98|2021-6-22:DMY4:p1@640:0.96
001426,2020-04-17,0.408,YYYY,p2,1,3.07,"0,303,488,752",604x936,2020-4-17:YYYY:p2:0.41
001427,2020-08-12,0.846,YYYY,p2,1,2.53,"172,649,340,680",679x998,2020-8-12:YYYY:p2:0.85
001428,2020-08-12,0.632,YYYY,p2,1,2.35,"184,423,341,461",640x640,2020-8-12:YYYY:p2:0.63
001430,2021-01-01,0.742,YYYY,p2,1,1.72,"198,366,409,403",640x640,2021-1-1:YYYY:p2:0.74
001431,2021-08-01,0.702,SP_DMY,erode2/p1@640,1,6.32,"178,419,318,485",640x640,2021-8-1:SP_DMY:erode2/p1@640:0.70
001432,2021-09-29,1.0,YYYY,p2,1,1.2,"317,356,466,392",756x1008,2021-9-29:YYYY:p2:1.00
001433,2021-09-29,1.0,YYYY,p2,1,1.4,"279,203,405,228",640x640,2021-9-29:YYYY:p2:1.00
001435,2021-02-18,0.621,DMY4,p2,2,8.23,"209,369,640,502",640x640,2021-2-18:DMY4:p2:0.62|None-10-4:MMDD:p1keep/dilate2/p1@640:0.72
001436,2021-09-20,0.645,YYYY,p2,1,1.78,"0,717,523,796",739x985,2021-9-20:YYYY:p2:0.65
001437,2021-08-29,0.832,YYYY,p2,1,1.14,"0,652,363,719",683x907,2021-8-29:YYYY:p2:0.83
001439,2021-09-03,0.927,YYYY,p2,1,2.08,"298,373,498,400",756x1008,2021-9-3:YYYY:p2:0.93
001440,2021-09-03,0.712,YYYY,p2,1,2.01,"252,217,421,241",640x640,2021-9-3:YYYY:p2:0.71
001441,2021-06-24,1.0,YYYY,p2,1,2.65,"122,279,274,316",739x985,2021-6-24:YYYY:p2:1.00
001442,2021-06-24,0.286,YYYY,p2,1,2.71,"132,39,633,197",640x640,2021-6-24:YYYY:p2:0.29
001443,2021-09-06,0.971,YYYY,p2,2,1.85,"327,315,508,353",723x965,2021-9-6:YYYY:p2:0.97|None-7-26:MMDD:p2:0.84
001444,2021-09-06,0.855,YYYY,p2,1,1.44,"300,200,458,246",640x640,2021-9-6:YYYY:p2:0.85
001445,2021-10-28,0.699,YYYY,p2,1,0.93,"107,425,360,461",731x993,2021-10-28:YYYY:p2:0.70
001446,2021-10-28,0.823,YYYY,p1keep/p1@640,2,1.02,"65,228,408,335",640x640,2021-10-None:YYMM:p2:0.65|2021-10-28:YYYY:p1keep/p1@640:0.82
001448,2022-07-22,0.876,YYYY,p2,1,4.03,"147,486,381,525",640x640,2022-7-22:YYYY:p2:0.88
001449,2022-10-28,0.85,YYYY,p2,1,1.11,"469,658,608,689",710x946,2022-10-28:YYYY:p2:0.85
001450,2022-04-26,0.72,YYYY,p2,1,3.53,"99,641,526,740",756x1008,2022-4-26:YYYY:p2:0.72
001451,2022-04-26,0.445,YYYY,p1@640,1,2.34,"51,300,444,461",640x640,2022-4-26:YYYY:p1@640:0.44
001452,2021-08-07,0.419,SP_DMY,p1@640,1,3.15,"113,537,434,574",680x907,2021-8-7:SP_DMY:p1@640:0.42
001453,2022-09-13,0.915,YYYY,p1@640,1,2.87,"224,571,465,605",640x640,2022-9-13:YYYY:p1@640:0.91
001454,2022-04-02,0.754,YYYY,p2,1,3.62,"138,700,449,732",680x910,2022-4-2:YYYY:p2:0.75
001455,2022-04-02,0.802,YYYY,p1keep/p1@640,2,4.47,"123,491,410,512",640x640,2022-1-2:YYYY:p2:0.87|2022-4-2:YYYY:p1keep/p1@640:0.80
001456,2022-06-28,0.922,YYYY,p2,1,4.79,"260,215,399,245",644x863,2022-6-28:YYYY:p2:0.92
001457,2022-06-28,0.421,YYYY,p2,1,2.69,"169,125,446,397",640x640,2022-6-28:YYYY:p2:0.42
001458,2022-10-29,0.997,YYYY,p2,1,1.31,"263,643,416,677",685x914,2022-10-29:YYYY:p2:1.00
001459,2022-10-29,0.994,YYYY,p2,1,1.48,"213,431,357,469",640x640,2022-10-29:YYYY:p2:0.99
001460,2022-11-18,0.993,YYYY,p2,1,1.42,"295,623,422,655",645x871,2022-11-18:YYYY:p2:0.99
001461,2022-01-20,0.467,YYYY,p2,1,2.46,"57,296,546,513",717x957,2022-1-20:YYYY:p2:0.47
001462,2021-11-17,0.931,YYYY,p1@640,1,1.4,"296,553,545,602",756x1008,2021-11-17:YYYY:p1@640:0.93
001464,2022-11-18,0.18,YYYY,p2,1,1.85,"141,252,482,668",649x866,2022-11-18:YYYY:p2:0.18
001465,NONE-11-18,0.299,MMDD,p1@640,1,2.52,"117,184,443,507",640x640,None-11-18:MMDD:p1@640:0.30
001466,2020-01-03,0.539,YYYY,erode2/p1@1024,1,11.65,"149,506,565,620",756x1008,2020-1-3:YYYY:erode2/p1@1024:0.54
001467,2031-01-16,0.394,CMP6_DMY,dilate2/p1@640,1,11.47,"214,441,357,454",640x640,2031-1-16:CMP6_DMY:dilate2/p1@640:0.39
001468,2022-12-03,0.814,CMP,p2,1,2.97,"104,505,368,548",656x876,2022-12-3:CMP:p2:0.81
001469,2022-12-03,0.644,YYYY,p2,1,3.55,"107,344,368,380",640x640,2022-12-3:YYYY:p2:0.64
001470,2021-12-29,0.68,YYYY,p2,1,2.65,"146,361,528,419",756x1008,2021-12-29:YYYY:p2:0.68
001471,2021-12-29,0.456,YYYY,p2,1,3.12,"112,197,518,432",640x640,2021-12-29:YYYY:p2:0.46
001472,2022-02-17,0.867,YYYY,p2,1,1.6,"353,564,469,605",756x1008,2022-2-17:YYYY:p2:0.87
001473,2022-02-17,0.965,YYYY,p2,1,1.15,"281,363,379,397",640x640,2022-2-17:YYYY:p2:0.97
001474,2022-07-10,0.916,YYYY,p2,1,1.22,"257,696,403,737",756x1008,2022-7-10:YYYY:p2:0.92
001475,2022-07-10,0.971,YYYY,p1@640,1,1.19,"201,417,330,461",640x640,2022-7-10:YYYY:p1@640:0.97
001476,2020-11-01,0.601,YY,p2,1,5.36,"161,473,406,552",652x870,2020-11-1:YY:p2:0.60
001477,2022-05-18,0.708,YY,ft/p1@640,1,12.44,"255,363,382,425",640x640,2022-5-18:YY:ft/p1@640:0.71
001478,2022-08-27,0.773,YYYY,p2,1,2.42,"241,643,381,684",756x1008,2022-8-27:YYYY:p2:0.77
001480,2020-12-18,0.998,YYYY,p2,1,2.54,"389,569,518,602",695x929,2020-12-18:YYYY:p2:1.00
001481,NONE-01-31,0.831,MMDD,ft/erode2/p1@1024,1,26.2,"260,723,471,770",756x1008,None-1-31:MMDD:ft/erode2/p1@1024:0.83
001483,2021-02-06,0.767,MON_DY,p1@640,1,1.5,"85,523,534,578",756x1008,2021-2-6:MON_DY:p1@640:0.77
001484,2022-09-28,0.975,DMY4,p2,1,1.63,"166,685,339,718",723x965,2022-9-28:DMY4:p2:0.98
001485,2022-09-28,0.9,DMY4,p2,1,3.26,"152,464,415,502",640x640,2022-9-28:DMY4:p2:0.90
001486,2022-12-08,0.852,DMY4,p2,1,1.84,"209,572,364,610",756x1008,2022-12-8:DMY4:p2:0.85
001487,2022-01-08,0.846,DMY4,p1@640,1,1.52,"151,346,288,408",640x640,2022-1-8:DMY4:p1@640:0.85
001488,2021-07-12,0.949,YYYY,p2,1,0.98,"296,521,427,565",756x1008,2021-7-12:YYYY:p2:0.95
001490,2021-08-06,0.682,YYYY,p2,2,2.36,"169,633,339,679",756x1008,2020-12-7:YYYY:p2:0.63|2021-8-6:YYYY:p2:0.68
001491,2023-07-08,0.917,SP_DMY,p2,1,5.42,"309,662,447,686",656x873,2023-7-8:SP_DMY:p2:0.92
001492,2023-07-08,0.942,SP_DMY,p2,1,2.11,"319,496,458,527",640x640,2023-7-8:SP_DMY:p2:0.94
001493,2023-08-17,0.935,D_MON_Y,p2,1,16.89,"199,722,333,752",690x922,2023-8-17:D_MON_Y:p2:0.94
001494,NONE,,,,0,25.07,,,
001495,2021-11-22,0.836,YYYY,p2,1,2.44,"252,758,424,795",756x1008,2021-11-22:YYYY:p2:0.84
001496,2022-09-18,0.661,YYYY,p2,1,2.93,"161,758,663,810",756x1008,2022-9-18:YYYY:p2:0.66
001498,2021-06-30,0.397,YYYY,p2,1,6.85,"118,160,615,695",756x1008,2021-6-30:YYYY:p2:0.40
001499,2021-06-30,0.394,YYYY,p2,1,2.89,"103,99,526,473",640x640,2021-6-30:YYYY:p2:0.39
001500,2021-09-23,0.794,YYYY,p2,1,1.0,"284,778,434,813",699x933,2021-9-23:YYYY:p2:0.79
001502,2021-06-24,0.966,YYYY,p2,1,1.4,"265,441,405,487",756x1008,2021-6-24:YYYY:p2:0.97
001503,2021-06-24,0.957,YYYY,p2,1,1.34,"184,264,353,313",640x640,2021-6-24:YYYY:p2:0.96
001504,2021-01-27,0.855,YYYY,p2,1,1.79,"231,439,751,489",831x1032,2021-1-27:YYYY:p2:0.85
001505,2021-01-27,0.817,YYYY,p2,1,1.79,"167,265,569,303",640x640,2021-1-27:YYYY:p2:0.82
001506,2021-02-19,0.563,YYYY,p1@640,1,3.02,"26,40,698,809",793x925,2021-2-19:YYYY:p1@640:0.56
001507,2021-02-19,0.961,YYYY,p2,1,2.35,"95,514,372,544",640x640,2021-2-19:YYYY:p2:0.96
001508,2021-10-19,0.911,MON_DY,p1@640,1,1.65,"279,749,573,795",824x1051,2021-10-19:MON_DY:p1@640:0.91
001509,2021-10-19,0.864,MON_DY,erode2/p1@640,1,3.65,"161,437,385,525",640x640,2021-10-19:MON_DY:erode2/p1@640:0.86
001511,NONE-03-22,0.263,MMDD,erode3/p1@640,1,6.97,"75,76,494,204",640x640,None-3-22:MMDD:erode3/p1@640:0.26
001513,2018-05-16,0.999,YYYY,p2,1,1.45,"251,456,375,488",640x640,2018-5-16:YYYY:p2:1.00
001514,2022-08-16,0.982,YYYY,p2,1,1.16,"298,709,473,751",781x1041,2022-8-16:YYYY:p2:0.98
001516,2021-11-19,0.897,YYYY,p2,1,1.75,"260,415,431,450",709x945,2021-11-19:YYYY:p2:0.90
001518,2022-12-07,0.965,YYYY,p2,1,1.72,"266,685,563,742",914x1218,2022-12-7:YYYY:p2:0.97
001520,2021-07-10,0.882,YYYY,erode2/p1@640,1,8.07,"270,675,542,736",782x1043,2021-7-10:YYYY:erode2/p1@640:0.88
001521,2020-05-09,0.203,SP_DMY,ft/erode2/p1@640,1,15.85,"141,224,494,279",640x640,2020-5-9:SP_DMY:ft/erode2/p1@640:0.20
001522,2021-06-14,0.702,YYYY,p1keep/p1@640,5,3.1,"163,698,766,795",860x1146,2021-6-14:MDY4:p2:0.57|2021-1-15:YYYY:p2:0.57|2021-1-15:YYYY:p2:0.57|2021-6-14:MDY4:p2:0.57|2021-6-14:YYYY:p1keep/p1@640:0.70
001523,2021-01-15,0.622,CMP6_YMD,p1@640,1,1.19,"150,368,289,432",640x640,2021-1-15:CMP6_YMD:p1@640:0.62
001524,2021-06-25,0.602,YYYY,p2,1,3.25,"207,682,791,769",835x1113,2021-6-25:YYYY:p2:0.60
001525,2021-06-25,0.506,YYYY,p2,1,3.46,"121,230,620,438",640x640,2021-6-25:YYYY:p2:0.51
001526,2021-01-21,0.875,YYYY,p2,1,3.73,"360,744,613,808",907x1210,2021-1-21:YYYY:p2:0.88
001527,2021-01-21,0.991,YYYY,p2,1,4.56,"238,408,398,439",640x640,2021-1-21:YYYY:p2:0.99
001528,2021-06-25,0.999,YYYY,p2,1,1.34,"285,641,470,672",795x1060,2021-6-25:YYYY:p2:1.00
001529,2021-02-11,0.496,YYYY,p2,1,1.67,"2,300,446,374",773x1009,2021-2-11:YYYY:p2:0.50
001530,2021-02-11,0.746,YYYY,p2,2,1.33,"264,162,369,208",640x640,2021-2-11:YYYY:p2:0.75|2019-10-12:CMP6_DMY:p1@640:0.41
001531,2022-06-06,0.94,YYYY,p2,1,1.9,"264,727,563,765",874x1166,2022-6-6:YYYY:p2:0.94
001532,2022-06-21,0.979,YYYY,p2,1,2.94,"256,885,456,929",912x1216,2022-6-21:YYYY:p2:0.98
001534,2022-07-11,0.914,YYYY,p2,1,1.64,"321,788,539,825",879x1173,2022-7-11:YYYY:p2:0.91
001535,2022-07-11,0.922,YYYY,p2,1,2.23,"250,433,408,467",640x640,2022-7-11:YYYY:p2:0.92
001536,2021-02-19,0.697,YY,p2,4,2.75,"0,329,565,493",883x1177,2021-1-26:YY:p2:0.70|2021-2-19:YY:p2:0.70|2021-2-19:YY:p2:0.70|2021-1-26:YY:p2:0.70
001537,2021-02-26,0.599,YY,p2,2,6.53,"218,219,371,282",640x640,2021-2-26:YY:p2:0.60|2021-1-26:YY:p1keep/blur1/p1@640:0.82
001539,2022-01-18,0.913,YY,p1@640,1,2.48,"208,389,317,413",640x640,2022-1-18:YY:p1@640:0.91
001540,2021-06-13,0.829,YY,p2,2,3.41,"260,727,554,763",866x1155,2020-12-14:YY:p2:0.97|2021-6-13:YY:p2:0.83
001541,2021-06-13,0.751,YY,p1keep/p1@640,3,2.23,"161,349,620,418",640x640,2020-12-14:YY:p2:0.65|2020-12-14:YY:p2:0.65|2021-6-13:YY:p1keep/p1@640:0.75
001542,2022-01-22,0.995,YY,p1@640,1,1.09,"323,782,528,830",911x1215,2022-1-22:YY:p1@640:0.99
001543,2022-01-22,0.889,YY,p2,1,1.2,"229,408,374,441",640x640,2022-1-22:YY:p2:0.89
001544,2021-08-02,0.999,YYYY,p2,1,1.2,"173,427,316,458",807x1077,2021-8-2:YYYY:p2:1.00
001545,2021-08-02,0.999,YYYY,p2,1,1.48,"128,273,241,294",640x640,2021-8-2:YYYY:p2:1.00
001546,2021-07-04,0.899,YY,p2,1,3.04,"283,814,505,851",935x1247,2021-7-4:YY:p2:0.90
001547,2021-07-04,0.383,YY,p2,1,3.67,"37,306,470,456",640x640,2021-7-4:YY:p2:0.38
001548,NONE,,,,0,26.18,,,
001549,NONE,,,,0,14.13,,,
001550,NONE,,,,0,25.99,,,
001551,2021-10-09,0.945,DMY4,p2,1,1.24,"256,398,580,439",865x1152,2021-10-9:DMY4:p2:0.95
001552,NONE-02-19,0.767,MMDD,p2,1,1.61,"387,655,550,698",825x1100,None-2-19:MMDD:p2:0.77
001555,2020-06-03,0.799,YYYY,p1keep/p1@640,2,1.25,"248,224,362,554",640x640,2020-5-3:YYYY:p2:0.61|2020-6-3:YYYY:p1keep/p1@640:0.80
001556,2022-03-16,0.688,DMY4,p2,2,3.02,"0,310,536,398",782x1043,2020-9-16:DMY4:p2:0.73|2022-3-16:DMY4:p2:0.69
001557,2022-03-16,0.537,DMY4,p2,4,1.94,"11,124,450,238",640x640,2022-3-16:DMY4:p2:0.54|2020-9-16:DMY4:p2:0.54|2022-3-16:DMY4:p2:0.54|2020-9-16:DMY4:p2:0.54
001559,2024-12-21,0.981,YY,erode3/p1@640,1,3.93,"186,397,297,445",640x640,2024-12-21:YY:erode3/p1@640:0.98
001560,2020-11-25,0.893,YYYY,p2,1,4.0,"143,767,472,804",690x886,2020-11-25:YYYY:p2:0.89
001561,2022-06-11,0.889,EXTEND,p2,1,1.36,"284,694,399,736",717x957,2022-6-11:EXTEND:p2:0.89
001562,2022-06-11,0.9,EXTEND_R,p2,1,1.72,"234,445,345,494",640x640,2022-6-11:EXTEND_R:p2:0.90
001563,2028-08-05,0.859,YY,ft/blur1/p1@640,1,24.97,"120,603,481,686",607x844,2028-8-5:YY:ft/blur1/p1@640:0.86
001564,2020-03-05,0.87,YY,ft/blur1/p1@640,1,13.25,"115,441,487,512",640x640,2020-3-5:YY:ft/blur1/p1@640:0.87
001565,2022-01-17,0.776,YY,p2,1,3.22,"1142,1216,1587,1315",2048x1536,2022-1-17:YY:p2:0.78
001566,2020-04-23,0.963,D_MON_Y,p2,1,2.12,"375,315,588,351",710x993,2020-4-23:D_MON_Y:p2:0.96
001567,2020-01-15,0.36,YYYY,p2,1,4.69,"10,81,542,255",640x640,2020-1-15:YYYY:p2:0.36
001570,2021-11-30,0.145,YY,p2,1,1.5,"159,161,520,606",640x640,2021-11-30:YY:p2:0.15
001571,2021-06-11,0.686,YYYY,p2,1,1.29,"12,692,710,810",711x949,2021-6-11:YYYY:p2:0.69
001572,2021-06-11,0.739,YYYY,p2,1,1.26,"8,256,640,535",640x640,2021-6-11:YYYY:p2:0.74
001573,2022-01-06,0.935,YYYY,p2,1,1.85,"251,825,404,864",717x957,2022-1-6:YYYY:p2:0.93
001575,2022-03-22,0.811,YYYY,p2,1,1.13,"271,678,433,717",702x939,2022-3-22:YYYY:p2:0.81
001576,2022-03-27,0.408,YYYY,p2,1,2.4,"207,182,418,491",640x640,2022-3-27:YYYY:p2:0.41
001577,2022-11-05,0.677,YYYY,p2,1,4.02,"94,596,334,629",607x810,2022-11-5:YYYY:p2:0.68
001578,2022-11-05,0.398,YYYY,p2,1,2.33,"100,59,576,506",640x640,2022-11-5:YYYY:p2:0.40
001579,2022-11-02,0.928,YYYY,p2,1,1.16,"247,523,369,556",622x829,2022-11-2:YYYY:p2:0.93
001580,2022-11-02,0.921,YMD_GLUED,p2,1,1.3,"268,388,398,430",640x640,2022-11-2:YMD_GLUED:p2:0.92
001582,2021-11-05,0.994,YYYY,p2,1,1.18,"142,467,393,516",640x640,2021-11-5:YYYY:p2:0.99
001583,2021-12-15,0.892,YYYY,p2,1,1.02,"234,477,433,520",700x934,2021-12-15:YYYY:p2:0.89
001585,2021-10-28,0.913,YYYY,p2,1,1.81,"258,765,427,808",756x1008,2021-10-28:YYYY:p2:0.91
001586,2021-04-20,0.985,YYYY,p1@640,1,1.14,"192,364,326,402",756x1008,2021-4-20:YYYY:p1@640:0.98
001589,2023-01-09,0.997,YYYY,p2,1,1.69,"247,420,358,441",640x640,2023-1-9:YYYY:p2:1.00
001590,2021-02-18,0.846,YY,p2,1,4.2,"170,455,315,489",783x1044,2021-2-18:YY:p2:0.85
001592,2022-01-05,0.751,YYMM_GLUE,p2,1,1.53,"262,411,416,455",777x1036,2022-1-5:YYMM_GLUE:p2:0.75
001593,2022-01-05,0.882,YY,p2,1,1.75,"225,239,353,276",640x640,2022-1-5:YY:p2:0.88
001594,2021-12-13,0.67,YYYY,p2,1,1.55,"115,417,599,497",785x1047,2021-12-13:YYYY:p2:0.67
001595,2021-12-13,0.421,YY,p2,1,1.4,"111,245,446,305",640x640,2021-12-13:YY:p2:0.42
001596,2021-02-25,0.858,YY,p2,2,2.51,"285,487,596,533",890x1185,2021-1-22:YY:p2:0.87|2021-2-25:YY:p2:0.86
001597,2021-03-07,0.707,YY,p2,3,2.52,"247,458,491,491",797x1062,2021-12-1:SP_DMY:p2:0.84|2021-3-7:YY:p2:0.71|2021-2-1:YY:p1keep/p1@640:0.95
001598,2018-02-NONE,0.466,YYYYMM,p1@640,1,1.93,"155,134,419,248",640x640,2018-2-None:YYYYMM:p1@640:0.47
001599,2021-02-15,0.999,YYYY,p2,1,1.13,"300,341,473,377",815x1086,2021-2-15:YYYY:p2:1.00
001600,2021-02-08,0.486,YYYY,p2,1,1.61,"283,287,482,428",845x1126,2021-2-8:YYYY:p2:0.49
001601,2021-02-11,0.664,YY,p2,1,1.14,"264,372,400,414",767x1023,2021-2-11:YY:p2:0.66
001602,2021-02-11,0.901,YY,p2,1,1.27,"214,248,322,275",640x640,2021-2-11:YY:p2:0.90
001603,2021-02-24,0.588,YYYY,p2,1,1.98,"233,448,441,532",875x1166,2021-2-24:YYYY:p2:0.59
001605,2021-03-06,0.227,YYYY,p2,1,2.8,"107,193,632,1016",766x1021,2021-3-6:YYYY:p2:0.23
001606,2021-04-03,0.959,YYYY,p2,1,1.52,"192,751,390,805",961x1281,2021-4-3:YYYY:p2:0.96
001607,2021-04-03,0.866,YYYY,p2,1,1.42,"103,374,231,412",640x640,2021-4-3:YYYY:p2:0.87
001608,2021-06-29,0.982,YYYY,p2,1,1.09,"295,383,493,419",839x1118,2021-6-29:YYYY:p2:0.98
001609,2021-06-29,0.851,YYYY,p2,1,1.08,"219,189,376,245",640x640,2021-6-29:YYYY:p2:0.85
001610,2021-02-12,0.494,YYYY,p2,1,2.83,"44,375,873,820",873x1164,2021-2-12:YYYY:p2:0.49
001611,2021-02-12,0.499,YYYY,p2,1,1.94,"134,210,639,292",640x640,2021-2-12:YYYY:p2:0.50
001612,2022-02-25,0.987,YYYY,p2,1,1.34,"289,496,410,530",765x1021,2022-2-25:YYYY:p2:0.99
001613,2022-02-25,0.992,YYYY,p2,1,1.25,"253,297,359,336",640x640,2022-2-25:YYYY:p2:0.99
001614,2020-09-03,0.675,YYYY,p2,1,1.95,"234,671,424,749",789x1053,2020-9-3:YYYY:p2:0.68
001615,2020-09-03,0.485,YYYY,p2,1,1.73,"196,400,380,497",640x640,2020-9-3:YYYY:p2:0.48
001616,2021-12-15,0.959,YYYY,p2,1,1.85,"233,657,365,700",766x1021,2021-12-15:YYYY:p2:0.96
001617,2021-12-15,0.933,YYYY,p2,1,1.63,"160,402,263,432",640x640,2021-12-15:YYYY:p2:0.93
001618,2023-10-06,0.969,YYYY,p2,1,1.28,"166,319,310,353",759x1012,2023-10-6:YYYY:p2:0.97
001619,2023-10-06,0.918,YYYY,p2,1,1.19,"137,192,257,221",640x640,2023-10-6:YYYY:p2:0.92
001620,2022-07-19,0.807,YYYY,p2,1,1.41,"252,698,443,738",794x1059,2022-7-19:YYYY:p2:0.81
001621,2022-07-19,0.785,YYYY,p2,1,1.26,"205,413,359,452",640x640,2022-7-19:YYYY:p2:0.79
001624,2022-04-26,0.99,YYYY,p2,1,0.9,"324,402,456,440",810x1080,2022-4-26:YYYY:p2:0.99
001626,2021-07-03,0.995,YYYY,p2,1,1.42,"247,519,388,559",806x1074,2021-7-3:YYYY:p2:1.00
001627,2022-07-05,0.713,YYYY,p2,1,2.22,"197,288,315,341",640x640,2022-7-5:YYYY:p2:0.71
001629,2021-07-23,0.778,YYYY,p2,1,1.16,"202,176,296,230",640x640,2021-7-23:YYYY:p2:0.78
001630,2022-10-21,0.657,YYYY,p2,1,1.23,"179,737,456,798",887x1182,2022-10-21:YYYY:p2:0.66
001631,2022-10-21,0.902,YYYY,p2,1,1.35,"158,409,359,444",640x640,2022-10-21:YYYY:p2:0.90
001632,2021-11-27,0.997,YYYY,p2,1,2.92,"344,268,500,297",781x1040,2021-11-27:YYYY:p2:1.00
001633,2021-05-12,0.857,YYYY,p2,1,3.08,"248,825,426,861",754x1006,2021-5-12:YYYY:p2:0.86
001635,2021-12-22,0.786,YYYY,p2,4,1.41,"83,518,357,586",762x1016,2020-12-23:YYYY:p2:0.79|2021-12-22:YYYY:p2:0.79|2020-12-23:YYYY:p2:0.79|2021-12-22:YYYY:p2:0.79
001636,2023-02-12,0.777,DDMMYY,p2,8,1.67,"63,333,429,384",640x640,2020-12-2:YYYY:p2:0.78|2020-3-25:DMY4:p2:0.78|2021-12-22:YMD_GLUED:p2:0.78|2023-2-12:DDMMYY:p2:0.78|2020-12-2:YYYY:p2:0.78|2020-3-25:DMY4:p2:0.78|2021-12-22:YMD_GLUED:p2:0.78|2023-2-12:DDMMYY:p2:0.78
001637,2021-04-12,0.688,YY,p1@640,1,1.15,"215,436,485,468",759x1011,2021-4-12:YY:p1@640:0.69
001638,2021-04-12,0.525,YY,p1@640,1,1.23,"111,180,337,307",640x640,2021-4-12:YY:p1@640:0.52
001639,2021-02-28,0.89,YYYY,p2,1,1.66,"156,527,330,562",577x738,2021-2-28:YYYY:p2:0.89
001640,2021-02-28,0.93,YYYY,p2,1,6.21,"55,472,435,527",640x640,2021-2-28:YYYY:p2:0.93
001641,2023-01-24,0.998,YYYY,p2,1,2.32,"342,693,469,729",804x1072,2023-1-24:YYYY:p2:1.00
001642,2022-03-19,0.629,D_MON_Y,p2,1,1.09,"126,324,289,391",767x1022,2022-3-19:D_MON_Y:p2:0.63
001643,2021-10-16,0.875,DMY4,p2,3,3.44,"218,402,615,437",765x1020,2021-10-16:DMY4:p2:0.87|2021-10-16:DMY4:p2:0.87|2021-4-1:YYYY:p1keep/p1@640:0.92
001644,2021-10-15,0.883,DMY4,p1@640,1,1.24,"200,231,458,299",640x640,2021-10-15:DMY4:p1@640:0.88
001645,2021-10-12,0.917,YYYY,p2,1,1.31,"265,516,509,556",771x1028,2021-10-12:YYYY:p2:0.92
001646,2021-10-22,0.824,YYYY,ft/p1@640,1,6.22,"238,318,455,392",640x640,2021-10-22:YYYY:ft/p1@640:0.82
001647,2021-12-14,0.96,YYYY,p2,1,1.62,"152,188,327,218",772x899,2021-12-14:YYYY:p2:0.96
001648,2021-12-14,0.709,YYYY,p2,1,1.79,"138,98,353,163",640x640,2021-12-14:YYYY:p2:0.71
001649,2019-08-18,0.851,YYYY,redet,4,2.73,"273,400,441,436",716x1136,2021-1-21:CMP6_YMD:p1@640:0.62|2019-8-2:SP_DMY:p1@640:0.71|2019-8-18:YYYY:redet:0.85|2021-4-4:SP_DMY:redet:0.35
001650,2019-08-18,0.943,YYYY,p2,1,1.6,"251,220,403,252",640x640,2019-8-18:YYYY:p2:0.94
001651,2021-03-09,1.0,YYYY,p2,1,1.85,"298,584,489,619",861x1316,2021-3-9:YYYY:p2:1.00
001652,2021-03-09,0.999,YYYY,p2,1,2.08,"223,279,360,303",640x640,2021-3-9:YYYY:p2:1.00
001653,2019-08-19,0.938,YYYY,p2,1,1.07,"276,672,759,734",1001x1316,2019-8-19:YYYY:p2:0.94
001654,2019-08-19,0.821,YYYY,p2,1,1.29,"196,307,507,364",640x640,2019-8-19:YYYY:p2:0.82
001655,2019-09-12,0.567,YYYY,p2,1,3.03,"132,144,895,464",1004x1320,2019-9-12:YYYY:p2:0.57
001656,2021-01-16,0.866,YYYY,p2,1,2.61,"181,608,623,675",717x1197,2021-1-16:YYYY:p2:0.87
001657,2021-01-16,0.975,YYYY,p2,1,1.51,"174,337,361,391",640x640,2021-1-16:YYYY:p2:0.97
001659,2022-10-05,0.982,YYYY,p2,1,2.76,"330,720,501,759",875x1167,2022-10-5:YYYY:p2:0.98
001661,2022-04-26,0.997,YYYY,p2,1,1.6,"366,763,567,803",907x1209,2022-4-26:YYYY:p2:1.00
001662,2022-04-26,0.999,YYYY,p2,1,1.69,"239,418,383,446",640x640,2022-4-26:YYYY:p2:1.00
001663,2020-08-29,0.477,YYYY,p2,1,2.9,"0,988,770,1102",978x1304,2020-8-29:YYYY:p2:0.48
001664,2020-08-29,0.428,YYYY,p2,1,2.63,"0,503,436,572",640x640,2020-8-29:YYYY:p2:0.43
001665,2021-01-28,0.915,YYYY,p2,1,1.16,"345,526,638,578",909x1212,2021-1-28:YYYY:p2:0.91
001667,2021-09-14,0.536,YYYY,p2,1,2.28,"10,827,473,932",949x1266,2021-9-14:YYYY:p2:0.54
001668,2021-09-14,0.766,YYYY,p2,1,2.3,"78,405,203,450",640x640,2021-9-14:YYYY:p2:0.77
001669,2021-02-08,0.682,YYYY,p2,1,1.73,"340,968,532,1044",928x1237,2021-2-8:YYYY:p2:0.68
001670,2021-10-23,0.545,YY,p2,3,4.13,"0,394,676,571",896x1195,2020-10-24:YY:p2:0.55|2021-10-23:YY:p2:0.55|2020-10-24:YY:p2:0.55
001671,2021-10-23,0.326,YY,p2,4,2.4,"0,159,460,392",640x640,2021-10-23:YY:p2:0.33|2020-10-24:YY:p2:0.33|2021-10-23:YY:p2:0.33|2020-10-24:YY:p2:0.33
001672,2021-05-19,0.618,YYYY,p2,1,2.04,"157,615,524,680",930x1257,2021-5-19:YYYY:p2:0.62
001673,2021-05-19,0.782,YYYY,dilate2/p1@640,1,6.76,"105,302,352,390",640x640,2021-5-19:YYYY:dilate2/p1@640:0.78
001674,2021-07-18,0.526,YYYY,p2,1,2.29,"268,567,676,637",933x1243,2021-7-18:YYYY:p2:0.53
001675,2021-03-15,0.939,YYYY,p2,1,2.39,"286,507,648,556",1023x1364,2021-3-15:YYYY:p2:0.94
001676,2021-03-15,0.953,YYYY,p2,1,2.09,"193,259,417,282",640x640,2021-3-15:YYYY:p2:0.95
001677,2021-11-28,0.957,YYYY,p2,1,1.72,"209,651,381,694",973x1298,2021-11-28:YYYY:p2:0.96
001679,2021-03-16,0.876,YYYY,p2,2,2.31,"351,402,543,450",991x1321,2021-1-16:YYYY:p2:0.93|2021-3-16:YYYY:p2:0.88
001681,2022-10-22,0.928,YYYY,p2,1,1.81,"313,768,499,814",917x1223,2022-10-22:YYYY:p2:0.93
001682,2022-10-22,0.998,YYYY,p2,1,1.9,"232,406,361,444",640x640,2022-10-22:YYYY:p2:1.00
001683,2021-11-14,0.888,DMY4,p2,1,2.04,"339,449,658,499",993x1324,2021-11-14:DMY4:p2:0.89
001684,2021-11-14,0.766,DMY4,p2,1,1.33,"199,233,420,295",640x640,2021-11-14:DMY4:p2:0.77
001685,2021-11-29,0.674,YYYY,p2,2,2.4,"518,562,885,610",1054x1405,2020-11-30:YYYY:p2:0.77|2021-11-29:YYYY:p2:0.67
001686,2020-11-27,0.683,YYYY,p2,1,2.87,"0,661,636,719",989x1318,2020-11-27:YYYY:p2:0.68
001687,2020-11-27,0.748,YYYY,p2,1,1.53,"263,303,395,341",640x640,2020-11-27:YYYY:p2:0.75
001689,NONE,,,,0,14.33,,,
001690,2020-08-16,0.919,YYYY,p2,1,4.11,"380,544,671,586",711x1030,2020-8-16:YYYY:p2:0.92
001691,2020-08-16,0.856,CMP,p2,1,2.77,"120,342,561,396",640x640,2020-8-16:CMP:p2:0.86
001692,2021-07-03,0.997,YYYY,p2,1,1.24,"357,656,724,706",1046x1395,2021-7-3:YYYY:p2:1.00
001694,2022-07-01,0.709,YYYY,p2,1,4.1,"258,897,970,948",1058x1411,2022-7-1:YYYY:p2:0.71
001695,2022-07-01,0.885,YYYY,p1@640,1,1.59,"278,421,562,464",640x640,2022-7-1:YYYY:p1@640:0.88
001696,2022-06-23,0.991,YYYY,p2,1,1.78,"392,835,586,887",950x1267,2022-6-23:YYYY:p2:0.99
001698,2021-12-22,0.731,YYYY,p2,1,2.33,"199,703,665,813",874x1166,2021-12-22:YYYY:p2:0.73
001699,2021-12-22,0.506,YYYY,p2,1,1.81,"161,293,497,454",640x640,2021-12-22:YYYY:p2:0.51
001700,2021-10-27,0.196,YY,p2,1,8.82,"154,342,563,1024",943x1258,2021-10-27:YY:p2:0.20
001701,2021-10-27,0.271,YY,p2,1,2.36,"163,88,496,236",640x640,2021-10-27:YY:p2:0.27
001702,2021-05-17,0.657,YYYY,p2,1,1.9,"96,667,682,850",1000x1334,2021-5-17:YYYY:p2:0.66
001703,2021-07-16,0.96,YYYY,p2,1,1.83,"344,808,506,852",917x1223,2021-7-16:YYYY:p2:0.96
001704,2021-07-16,0.798,YYYY,p2,1,2.01,"267,425,419,476",640x640,2021-7-16:YYYY:p2:0.80
001705,2021-06-04,0.816,YYYY,p2,1,2.72,"123,827,751,920",985x1314,2021-6-4:YYYY:p2:0.82
001707,2021-05-02,0.482,YYYY,p2,1,1.2,"149,333,460,436",795x1060,2021-5-2:YYYY:p2:0.48
001708,2021-05-02,0.778,YYYY,p2,1,1.33,"128,221,370,260",640x640,2021-5-2:YYYY:p2:0.78
001709,2021-04-12,0.712,YY,p2,1,0.99,"264,721,685,785",1024x1365,2021-4-12:YY:p2:0.71
001710,2021-10-15,0.73,YY,p2,2,2.16,"131,755,711,859",965x1285,2021-10-15:YY:p2:0.73|2021-1-16:YY:p2:0.73
001711,2021-10-15,0.771,YY,p1@640,2,1.6,"100,354,502,463",640x640,2021-10-15:YY:p1@640:0.77|2021-1-16:YY:p1@640:0.77
001712,2021-07-18,0.72,YY,p2,1,3.17,"268,814,581,865",939x1253,2021-7-18:YY:p2:0.72
001713,2021-09-08,0.944,SP_DMY,p2,1,7.99,"219,430,432,454",1535x2048,2021-9-8:SP_DMY:p2:0.94
001714,2021-09-08,0.895,SP_DMY,p2,1,3.04,"204,248,382,270",640x640,2021-9-8:SP_DMY:p2:0.90
001715,2021-02-07,0.999,YYYY,p2,1,1.19,"261,387,460,426",900x1201,2021-2-7:YYYY:p2:1.00
001716,2021-02-07,0.39,YYYY,p2,1,1.55,"9,185,356,321",640x640,2021-2-7:YYYY:p2:0.39
001717,2021-02-08,0.698,YY,p2,1,4.65,"213,414,555,470",949x1266,2021-2-8:YY:p2:0.70
001718,2021-02-08,0.874,YY,p1@640,1,1.12,"230,191,378,235",640x640,2021-2-8:YY:p1@640:0.87
001719,2021-03-11,0.911,YY,p2,1,2.18,"468,553,676,600",1041x1387,2021-3-11:YY:p2:0.91
001720,2021-03-11,0.874,YY,p2,1,2.01,"308,244,433,269",640x640,2021-3-11:YY:p2:0.87
001721,2021-07-06,0.431,YYYY,p2,9,3.58,"0,574,600,700",889x1185,2021-7-6:YYYY:p2:0.43|2021-6-7:DMY4:p2:0.43|2021-1-7:YYYY:p2:0.43|2021-1-7:YYYY:p2:0.43|2021-6-7:DMY4:p2:0.43|2021-7-6:YYYY:p2:0.43|2021-6-7:DMY4:p2:0.43|2021-1-7:YYYY:p2:0.43|2021-7-6:YYYY:p2:0.43
001722,2021-07-06,0.381,YYYY,p2,9,3.84,"0,90,610,352",640x640,2021-7-6:YYYY:p2:0.38|2021-1-7:YYYY:p2:0.38|2021-6-7:DMY4:p2:0.38|2021-7-6:YYYY:p2:0.38|2021-1-7:YYYY:p2:0.38|2021-6-7:DMY4:p2:0.38|2021-7-6:YYYY:p2:0.38|2021-1-7:YYYY:p2:0.38|2021-6-7:DMY4:p2:0.38
001723,2021-05-13,0.967,YYYY,p2,1,1.06,"312,443,645,494",1012x1350,2021-5-13:YYYY:p2:0.97
001724,2021-05-13,0.978,YYYY,p2,1,1.75,"184,229,393,257",640x640,2021-5-13:YYYY:p2:0.98
001725,2021-02-16,0.473,YYYY,p2,1,1.78,"356,1106,592,1200",1000x1333,2021-2-16:YYYY:p2:0.47
001726,2021-02-06,0.707,YYYY,p2,1,1.69,"222,506,371,558",640x640,2021-2-6:YYYY:p2:0.71
001728,2021-02-08,0.764,YYYY,p2,1,1.36,"213,392,354,421",640x640,2021-2-8:YYYY:p2:0.76
001729,2021-03-13,0.996,YYYY,p2,1,1.26,"255,350,426,399",988x1317,2021-3-13:YYYY:p2:1.00
001730,2021-10-02,0.957,YYYY,p2,1,1.3,"279,600,531,648",917x1223,2021-10-2:YYYY:p2:0.96
001731,2021-10-02,0.956,YYYY,p2,1,1.32,"216,316,390,351",640x640,2021-10-2:YYYY:p2:0.96
001732,2022-11-18,0.971,YYYY,p2,1,1.5,"320,847,505,897",959x1278,2022-11-18:YYYY:p2:0.97
001733,2022-11-18,0.972,YYYY,p2,1,1.32,"220,403,345,438",640x640,2022-11-18:YYYY:p2:0.97
001735,2022-01-20,0.392,YYYY,p2,1,1.63,"100,317,376,448",640x640,2022-1-20:YYYY:p2:0.39
001736,2021-02-08,0.961,YYYY,p2,1,1.24,"403,447,596,499",1051x1402,2021-2-8:YYYY:p2:0.96
001738,2022-01-05,0.962,YYYY,p2,1,1.18,"216,369,374,412",856x1141,2022-1-5:YYYY:p2:0.96
001740,2022-11-01,0.756,YYYY,p2,1,1.8,"298,933,639,979",1009x1345,2022-11-1:YYYY:p2:0.76
001741,2022-11-01,0.624,YYYY,p2,1,1.25,"172,444,354,484",640x640,2022-11-1:YYYY:p2:0.62
001742,2021-10-26,0.996,YYYY,p2,1,1.69,"136,239,322,288",904x1206,2021-10-26:YYYY:p2:1.00
001744,2022-01-28,0.719,YYYY,p2,6,1.94,"71,589,900,692",916x1223,2021-1-29:YYYY:p2:0.72|2022-1-28:YYYY:p2:0.72|2022-1-14:MDY4:p2:0.72|2022-1-28:YYYY:p2:0.72|2021-1-29:YYYY:p2:0.72|2022-1-14:MDY4:p2:0.72
001745,2022-01-NONE,0.602,YYMM,p2,1,2.44,"30,313,255,402",640x640,2022-1-None:YYMM:p2:0.60
001746,2021-10-12,0.937,YY,p2,2,3.57,"251,799,390,853",956x1275,2020-10-13:YY:p2:0.88|2021-10-12:YY:p2:0.94
001748,2030-12-14,0.816,CMP6_YMD,erode3/p1@1024,1,13.48,"638,76,728,122",927x1033,2030-12-14:CMP6_YMD:erode3/p1@1024:0.82
001749,NONE,,,,0,18.3,,,
001750,2021-06-28,0.66,YYYY,p2,1,3.99,"0,771,645,1032",992x1323,2021-6-28:YYYY:p2:0.66
001751,2021-06-28,0.416,YY,p2,1,1.66,"18,383,399,485",640x640,2021-6-28:YY:p2:0.42
001752,2022-01-10,0.998,YY,p2,1,1.28,"258,569,441,611",778x1037,2022-1-10:YY:p2:1.00
001753,2022-01-10,0.941,EXTEND,p2,2,1.29,"248,340,348,379",640x640,2022-1-10:EXTEND:p2:0.94|None-1-10:MMDD:p1keep/p1@640:1.00
001754,2021-12-05,0.918,YYYY,p2,1,1.75,"305,419,646,471",963x1284,2021-12-5:YYYY:p2:0.92
001756,2021-12-20,0.549,YYYY,p2,5,2.33,"11,505,719,981",1024x1365,2020-12-21:YYYY:p2:0.55|2021-12-20:YYYY:p2:0.55|2021-12-9:DMY4:p2:0.55|2021-12-20:YYYY:p2:0.55|2021-12-9:DMY4:p2:0.55
001757,2023-03-09,0.961,D_MON_Y,p1@640,1,2.4,"358,503,559,541",999x1331,2023-3-9:D_MON_Y:p1@640:0.96
001758,2023-03-09,0.923,D_MON_Y,p2,1,2.67,"217,235,347,258",640x640,2023-3-9:D_MON_Y:p2:0.92
001759,2021-04-24,0.419,YYYY,p2,1,4.0,"204,58,805,442",1006x560,2021-4-24:YYYY:p2:0.42
001761,2021-11-22,0.818,YYYY,p2,1,2.53,"0,255,636,318",1008x756,2021-11-22:YYYY:p2:0.82
001762,2021-11-22,0.659,YYYY,p2,1,1.83,"0,220,400,378",640x640,2021-11-22:YYYY:p2:0.66
001763,2021-12-23,0.606,YYYY,p2,1,1.43,"96,539,942,647",1008x756,2021-12-23:YYYY:p2:0.61
001764,2021-12-23,0.685,YYYY,p2,1,1.63,"88,452,521,529",640x640,2021-12-23:YYYY:p2:0.68
001765,2021-09-21,0.145,MON_DY,p2,4,2.39,"88,187,857,540",1008x756,2021-9-21:MON_DY:p2:0.15|2021-9-10:D_MON_Y:p2:0.15|2021-9-21:MON_DY:p2:0.15|2021-9-10:D_MON_Y:p2:0.15
001766,2021-09-10,0.303,D_MON_Y,p2,2,1.84,"61,300,444,473",640x640,2021-9-10:D_MON_Y:p2:0.30|2021-9-10:D_MON_Y:p2:0.30
001767,2021-06-29,0.793,YYYY,p2,2,1.92,"63,300,304,334",770x578,2020-12-30:YYYY:p2:0.90|2021-6-29:YYYY:p2:0.79
001768,2021-06-29,0.668,YYYY,p1keep/p1@640,5,1.62,"48,264,640,489",640x640,2020-12-30:YYYY:p2:0.61|2021-8-19:MDY4:p2:0.61|2020-12-30:YYYY:p2:0.61|2021-8-19:MDY4:p2:0.61|2021-6-29:YYYY:p1keep/p1@640:0.67
001769,2021-12-02,0.551,YY,p2,1,1.91,"106,233,868,575",1008x756,2021-12-2:YY:p2:0.55
001770,2019-10-18,0.695,YY,p2,2,1.6,"642,312,839,354",979x759,2019-4-19:YY:p2:0.93|2019-10-18:YY:p2:0.69
001772,2020-08-07,0.608,YYYY,p1@640,1,2.47,"87,175,919,447",964x789,2020-8-7:YYYY:p1@640:0.61
001773,2020-08-07,0.551,YMD_GLUED,p2,1,2.95,"32,294,552,366",640x640,2020-8-7:YMD_GLUED:p2:0.55
001774,2021-04-02,0.983,YYYY,p2,1,1.54,"337,407,555,449",943x859,2021-4-2:YYYY:p2:0.98
001775,2021-04-02,0.953,YYYY,p2,1,1.26,"209,292,363,337",640x640,2021-4-2:YYYY:p2:0.95
001778,2021-04-09,0.678,YY,p2,1,1.17,"202,366,443,396",650x466,2021-4-9:YY:p2:0.68
001779,2021-04-09,0.666,YY,p2,1,1.71,"219,493,460,548",640x640,2021-4-9:YY:p2:0.67
001780,2020-09-01,0.641,YYYY,p2,4,5.67,"0,356,1008,456",1110x602,2020-3-2:YYYY:p2:0.64|2020-9-1:YYYY:p2:0.64|2020-9-1:YYYY:p2:0.64|2020-3-2:YYYY:p2:0.64
001781,2020-09-01,0.428,YYYY,erode2/p1@640,1,6.16,"7,75,624,569",640x640,2020-9-1:YYYY:erode2/p1@640:0.43
001782,2022-10-01,0.244,YYYY,p2,1,1.89,"46,5,611,555",640x640,2022-10-1:YYYY:p2:0.24
001783,2021-06-13,0.878,YYYY,p2,1,0.92,"576,594,809,635",1307x980,2021-6-13:YYYY:p2:0.88
001785,2021-09-19,0.945,YYYY,p2,1,1.08,"132,309,464,350",605x604,2021-9-19:YYYY:p2:0.95
001786,2021-09-19,0.707,YYYY,p2,1,0.92,"129,314,477,386",640x640,2021-9-19:YYYY:p2:0.71
001787,NONE-12-20,0.835,MMDD,p2,1,1.33,"0,285,788,504",946x675,None-12-20:MMDD:p2:0.84
001788,NONE-12-20,0.721,MMDD,p2,1,1.47,"33,301,513,554",640x640,None-12-20:MMDD:p2:0.72
001789,2021-01-16,0.678,YYYY,p2,1,0.96,"45,227,523,282",750x519,2021-1-16:YYYY:p2:0.68
001790,2021-01-16,0.648,YYYY,p1@640,1,1.12,"29,285,438,368",640x640,2021-1-16:YYYY:p1@640:0.65
001791,2020-08-01,0.845,YY,p2,1,3.21,"153,440,402,477",864x628,2020-8-1:YY:p2:0.84
001792,2020-08-13,0.631,YY,p2,1,3.77,"104,418,343,518",640x640,2020-8-13:YY:p2:0.63
001793,2021-11-07,0.824,YYYY,p2,1,2.34,"99,199,830,283",964x644,2021-11-7:YYYY:p2:0.82
001794,2021-11-07,0.653,YYYY,p2,1,1.9,"53,197,545,276",640x640,2021-11-7:YYYY:p2:0.65
001795,2021-01-27,0.999,YYYY,p2,1,1.09,"174,378,351,422",968x672,2021-1-27:YYYY:p2:1.00
001796,2021-01-27,0.981,YYYY,p2,1,1.38,"121,365,239,401",640x640,2021-1-27:YYYY:p2:0.98
001797,2026-03-28,0.596,DDMMYY,ft/p2,1,16.57,"39,342,1095,444",1134x576,2026-3-28:DDMMYY:ft/p2:0.60
001798,2021-10-14,0.926,YYYY,p2,1,2.09,"69,415,501,455",822x616,2021-10-14:YYYY:p2:0.93
001799,2021-10-14,0.895,YYYY,p2,1,2.31,"69,443,411,486",640x640,2021-10-14:YYYY:p2:0.89
001800,2021-01-14,0.404,YYYY,p2,1,2.76,"19,278,767,587",948x705,2021-1-14:YYYY:p2:0.40
001801,2021-03-05,0.89,EXTEND,p2,2,2.95,"166,217,318,256",965x724,2019-4-9:CMP6_DMY:p2:0.93|2021-3-5:EXTEND:p2:0.89
001802,2021-08-05,0.891,DMY4,p2,2,2.13,"120,175,231,222",640x640,2021-8-5:DMY4:p2:0.89|2021-3-5:DMY4:p1keep/p1@640:0.89
001803,2021-01-15,0.798,YYYY,p2,1,1.51,"76,49,640,218",745x729,2021-1-15:YYYY:p2:0.80
001804,2021-01-15,0.956,YYYY,p2,1,1.25,"69,148,289,200",640x640,2021-1-15:YYYY:p2:0.96
001805,2020-02-10,0.641,YY,p1keep/p1@1024,3,3.45,"172,328,940,481",1082x799,2020-11-None:YYMM:p2:0.62|2020-11-9:YYMM_DAYLA:p2:0.62|2020-2-10:YY:p1keep/p1@1024:0.64
001806,2020-02-08,0.623,YY,ft/p2,1,7.98,"84,248,287,371",640x640,2020-2-8:YY:ft/p2:0.62
001807,2021-02-25,0.821,YY,p2,1,2.7,"43,459,845,541",1019x799,2021-2-25:YY:p2:0.82
001808,2020-08-13,0.956,YY,p2,1,1.88,"546,518,811,568",1016x912,2020-8-13:YY:p2:0.96
001809,2020-08-13,0.712,YY,p1@640,1,1.56,"0,285,514,380",640x640,2020-8-13:YY:p1@640:0.71
001810,2023-10-22,0.969,YY,p2,1,0.91,"243,305,535,359",756x734,2023-10-22:YY:p2:0.97
001811,2023-10-02,0.888,YY,erode2/p1@640,1,2.73,"215,235,462,314",640x640,2023-10-2:YY:erode2/p1@640:0.89
001812,2021-03-26,0.653,YYYY,p2,2,2.35,"138,338,893,405",893x637,2020-3-27:YMD_GLUED:p1@640:0.71|2021-3-26:YYYY:p2:0.65
001813,2021-03-26,0.71,YYYY,p2,2,2.25,"89,357,629,423",640x640,2020-3-27:YMD_GLUED:p2:0.52|2021-3-26:YYYY:p2:0.71
001814,2022-06-07,0.799,YYYY,p2,1,2.12,"211,554,786,616",1008x756,2022-6-7:YYYY:p2:0.80
001816,2021-04-14,0.271,YYMM_GLUE,p2,3,5.51,"132,113,869,761",1066x800,2021-4-14:YYMM_GLUE:p2:0.27|2021-4-14:YYMM_GLUE:p2:0.27|2021-1-15:YY:p1keep/p1@640:0.35
001817,2021-01-16,0.455,YY,blur1/p1@640,1,8.94,"57,89,505,489",640x640,2021-1-16:YY:blur1/p1@640:0.45
001818,2022-01-18,0.515,YYYY,p1keep/p1@640,5,6.93,"307,300,723,603",1049x787,2021-1-19:YYYY:p2:0.25|2021-1-19:YYYY:p2:0.25|2022-1-19:MDY4:p2:0.25|2021-1-19:YYYY:p2:0.25|2022-1-18:YYYY:p1keep/p1@640:0.52
001819,2022-01-18,0.295,YYYY,p1@640,3,3.59,"183,210,461,487",640x640,2022-1-18:YYYY:p1@640:0.30|2021-1-19:YYYY:p1@640:0.30|2021-1-18:MDY4:p1@640:0.30
001820,2020-09-01,0.694,YYYY,p2,1,3.3,"0,502,843,645",1039x911,2020-9-1:YYYY:p2:0.69
001821,2020-09-01,0.533,YYYY,p1@640,2,3.91,"0,60,555,496",640x640,2020-9-1:YYYY:p1@640:0.53|2020-2-1:DMY4:p1@640:0.53
001822,2021-06-09,0.865,YYYY,p2,1,1.65,"71,471,616,513",915x1220,2021-6-9:YYYY:p2:0.87
001823,2021-06-09,0.579,YYYY,p2,1,1.7,"70,206,451,261",640x640,2021-6-9:YYYY:p2:0.58
001824,2021-09-07,0.735,SP_DMY,p2,1,3.36,"259,274,1296,328",1338x904,2021-9-7:SP_DMY:p2:0.74
001826,2021-09-19,1.0,DMY4,p2,1,2.0,"464,373,689,419",1099x744,2021-9-19:DMY4:p2:1.00
001827,2021-11-28,0.979,DMY4,p2,1,1.94,"299,928,577,983",1095x1460,2021-11-28:DMY4:p2:0.98
001828,2021-11-28,0.731,DMY4,p2,1,2.83,"206,411,457,478",640x640,2021-11-28:DMY4:p2:0.73
001829,2021-03-07,0.881,YYYY,p1@1024,1,4.74,"257,806,686,859",1019x1359,2021-3-7:YYYY:p1@1024:0.88
001830,2020-12-NONE,0.969,MMYYYY,p2,1,1.47,"184,651,655,694",1027x1370,2020-12-None:MMYYYY:p2:0.97
001831,2020-12-NONE,0.978,MMYYYY,p2,1,1.4,"120,318,413,359",640x640,2020-12-None:MMYYYY:p2:0.98
001832,2020-09-02,0.865,YYYY,p1@1024,1,3.06,"0,900,894,1014",987x1316,2020-9-2:YYYY:p1@1024:0.86
001833,2022-06-22,0.67,YYYY,ft/p1@640,1,7.35,"221,414,397,486",640x640,2022-6-22:YYYY:ft/p1@640:0.67
001834,2022-07-12,0.778,YY_LEAD0,p1@1024,1,2.62,"242,420,805,508",912x1216,2022-7-12:YY_LEAD0:p1@1024:0.78
001835,NONE,,,,0,12.05,,,
001836,2021-10-02,0.959,YYYY,p2,1,1.78,"382,959,748,1040",1112x1483,2021-10-2:YYYY:p2:0.96
001837,2021-10-02,0.691,YYYY,p2,1,1.24,"195,421,432,503",640x640,2021-10-2:YYYY:p2:0.69
001838,2021-10-15,0.838,YYYY,p2,1,1.87,"382,994,654,1043",1060x1414,2021-10-15:YYYY:p2:0.84
001839,2021-10-15,0.855,YYYY,p2,1,1.15,"203,424,367,451",640x640,2021-10-15:YYYY:p2:0.86
001840,2021-09-30,0.883,YYYY,p2,1,0.93,"338,850,544,901",979x1305,2021-9-30:YYYY:p2:0.88
001841,2021-09-30,0.917,YYYY,p2,1,1.32,"237,415,369,443",640x640,2021-9-30:YYYY:p2:0.92
001843,2021-05-NONE,0.949,MMYYYY,p2,1,1.8,"280,225,406,251",640x640,2021-5-None:MMYYYY:p2:0.95
001844,2021-11-23,0.987,YYYY,p2,1,1.87,"268,630,511,663",824x1003,2021-11-23:YYYY:p2:0.99
001845,2021-11-23,0.919,YYYY,p1@640,1,1.47,"198,382,395,457",640x640,2021-11-23:YYYY:p1@640:0.92
001846,2023-12-09,0.995,CMP6_YMD,p2,1,1.5,"323,793,462,834",940x1253,2023-12-9:CMP6_YMD:p2:1.00
001847,2021-09-23,0.955,YYYY,p2,1,1.31,"75,389,304,448",640x640,2021-9-23:YYYY:p2:0.95
001848,2021-11-18,0.888,YYYY,p2,1,2.09,"206,865,738,917",1073x1431,2021-11-18:YYYY:p2:0.89
001849,2021-11-18,0.901,YYYY,erode3/p1@640,1,4.66,"129,398,330,449",640x640,2021-11-18:YYYY:erode3/p1@640:0.90
001850,2021-12-16,0.891,YYYY,p2,1,2.04,"131,937,685,991",1122x1496,2021-12-16:YYYY:p2:0.89
001851,2021-12-16,0.959,YYYY,p1@640,1,1.8,"90,393,284,419",640x640,2021-12-16:YYYY:p1@640:0.96
001852,NONE,,,,0,25.77,,,
001853,NONE,,,,0,13.1,,,
001854,2022-12-10,0.548,YYYY,p1@640,1,3.36,"344,269,615,968",1008x1344,2022-12-10:YYYY:p1@640:0.55
001855,2023-10-28,0.961,D_MON_Y,erode2/p1@640,1,6.66,"306,715,424,750",936x1248,2023-10-28:D_MON_Y:erode2/p1@640:0.96
001856,2023-10-28,0.863,D_MON_Y,p1@640,1,1.79,"151,434,390,499",640x640,2023-10-28:D_MON_Y:p1@640:0.86
001857,2022-07-17,0.76,DMY4,p2,2,2.15,"256,785,648,947",971x1377,2022-7-17:DMY4:p2:0.76|2017-7-20:CMP6_YMD:p2:0.99
001859,2022-07-08,0.968,YYYY,p1@640,1,1.83,"424,826,588,885",983x1311,2022-7-8:YYYY:p1@640:0.97
001860,2030-10-05,0.887,CMP6_YMD,erode2/p1@640,2,5.77,"255,483,371,508",640x640,None-7-8:MMDD:erode2/p1@640:0.76|2030-10-5:CMP6_YMD:erode2/p1@640:0.89
001861,2023-06-18,0.991,SP_DMY,p2,2,4.0,"343,944,555,982",1084x1445,2023-6-18:SP_DMY:p2:0.99|None-11-5:MMDD:p2:0.74
001862,2023-06-18,0.963,SP_DMY,p2,2,3.15,"209,431,333,454",640x640,2023-6-18:SP_DMY:p2:0.96|None-11-5:MMDD:p1@640:0.89
001863,2023-08-04,0.723,DMY4,p1@640,1,2.26,"37,935,657,1005",1114x1485,2023-8-4:DMY4:p1@640:0.72
001864,2023-08-04,0.78,DMY4,ft/p1@640,1,11.87,"53,376,405,461",640x640,2023-8-4:DMY4:ft/p1@640:0.78
001865,2021-09-17,0.953,YYYY,p2,1,0.8,"396,665,634,726",1049x1399,2021-9-17:YYYY:p2:0.95
001866,2021-09-17,0.964,YYYY,p2,1,0.93,"235,294,385,339",640x640,2021-9-17:YYYY:p2:0.96
001867,2022-07-NONE,0.957,MON_Y,p2,1,1.46,"306,379,532,427",884x1179,2022-7-None:MON_Y:p2:0.96
001868,2026-10-02,0.823,CMP6_DMY,ft/p2,1,8.09,"334,407,386,426",640x640,2026-10-2:CMP6_DMY:ft/p2:0.82
001869,2021-09-26,0.994,DMY4,p2,2,3.14,"348,787,821,834",1037x1383,2021-9-26:DMY4:p2:0.99|2020-11-26:DMY4:p2:0.93
001870,2021-09-26,0.69,DMY4,p1@640,1,1.19,"223,364,515,439",640x640,2021-9-26:DMY4:p1@640:0.69
001871,2022-11-10,0.935,YYYY,p1keep/p1@640,3,2.03,"158,697,1054,805",1056x1408,2020-11-10:YYYY:p2:0.87|2020-11-10:YYYY:p2:0.87|2022-11-10:YYYY:p1keep/p1@640:0.94
001872,2022-10-14,0.873,YYYY,p2,1,2.57,"618,886,808,934",1040x1387,2022-10-14:YYYY:p2:0.87
001874,2022-10-21,0.998,YY,p2,1,2.47,"449,895,588,936",916x1222,2022-10-21:YY:p2:1.00
001875,2022-10-21,0.953,YY,p1keep/p1@640,2,1.46,"302,398,443,470",640x640,2021-12-1:CMP6_YMD:p2:0.81|2022-10-21:YY:p1keep/p1@640:0.95
001876,2021-09-30,0.847,DDMMYY,p2,1,3.86,"363,890,684,941",1019x1359,2021-9-30:DDMMYY:p2:0.85
001877,2021-11-03,0.531,DMY4,p2,1,2.17,"339,739,959,823",975x1300,2021-11-3:DMY4:p2:0.53
001878,2021-01-03,0.899,DMY4,p1@640,1,1.62,"223,347,481,409",640x640,2021-1-3:DMY4:p1@640:0.90
001879,2021-09-01,0.861,YYYY,p2,1,4.8,"283,902,629,943",1083x1444,2021-9-1:YYYY:p2:0.86
001880,2021-02-NONE,0.528,YYMM,ft/p2,1,8.63,"280,249,343,279",640x640,2021-2-None:YYMM:ft/p2:0.53
001881,2021-06-20,0.994,Y_MON_D,p2,1,1.39,"399,477,675,537",1121x1495,2021-6-20:Y_MON_D:p2:0.99
001882,2021-06-20,0.994,Y_MON_D,p1@640,1,1.11,"235,203,391,243",640x640,2021-6-20:Y_MON_D:p1@640:0.99
001883,2021-09-09,0.959,DMY4,p2,1,2.89,"383,839,567,887",894x1185,2021-9-9:DMY4:p2:0.96
001884,2021-09-11,0.435,DMY4,p2,1,2.18,"19,398,564,527",640x640,2021-9-11:DMY4:p2:0.43
001885,2021-12-05,0.991,YYYY,p2,3,3.49,"232,793,608,840",955x1301,2021-12-5:YYYY:p2:0.99|2020-6-5:YYYY:p2:0.93|2021-12-5:YMD_GLUED:p2:0.85
001886,2021-12-05,0.741,YYYY,p2,9,2.84,"182,361,614,466",640x640,2021-12-5:YYYY:p2:0.74|2020-6-5:YYYY:p2:0.74|2020-5-12:DMY4:p2:0.74|2021-12-5:YYYY:p2:0.74|2020-6-5:YYYY:p2:0.74|2020-5-12:DMY4:p2:0.74|2021-12-5:YYYY:p2:0.74|2020-6-5:YYYY:p2:0.74|2020-5-12:DMY4:p2:0.74
001887,2023-08-22,0.95,YYYY,p2,1,1.48,"560,650,1027,742",1536x2048,2023-8-22:YYYY:p2:0.95
001888,2023-08-22,0.848,YYYY,p1@640,1,1.23,"224,174,419,235",640x640,2023-8-22:YYYY:p1@640:0.85
001889,2021-08-31,0.977,D_MON_Y,p2,1,2.37,"274,868,626,913",1026x1368,2021-8-31:D_MON_Y:p2:0.98
001890,2021-08-31,0.978,D_MON_Y,p1@640,1,1.79,"174,422,392,460",640x640,2021-8-31:D_MON_Y:p1@640:0.98
001891,2022-05-22,0.762,YYYY,p2,1,1.64,"98,740,782,872",1116x1489,2022-5-22:YYYY:p2:0.76
001893,2021-03-19,0.745,YYYY,p2,1,1.77,"235,579,1190,661",1251x938,2021-3-19:YYYY:p2:0.74
001894,2021-03-19,0.836,YYYY,p2,1,1.31,"82,387,398,448",640x640,2021-3-19:YYYY:p2:0.84
001895,2021-03-17,0.878,YYYY,p2,1,1.38,"234,629,852,691",1373x947,2021-3-17:YYYY:p2:0.88
001896,2021-03-17,0.623,YYYY,p2,1,1.32,"125,412,599,481",640x640,2021-3-17:YYYY:p2:0.62
001897,2021-05-29,0.947,MON_DY,p2,1,1.16,"382,439,636,488",1126x1501,2021-5-29:MON_DY:p2:0.95
001898,2021-05-29,0.891,MON_DY,p2,1,1.23,"262,171,378,211",640x640,2021-5-29:MON_DY:p2:0.89
001900,NONE,,,,0,19.38,,,
001901,2021-10-28,0.93,DMY4,p2,2,2.17,"190,773,382,824",922x1230,2021-10-28:DMY4:p2:0.93|2020-2-20:SP_DMY:p2:0.51
001902,2021-10-28,0.957,DMY4,p2,1,1.77,"142,400,273,427",640x640,2021-10-28:DMY4:p2:0.96
001903,2027-08-21,0.963,YY,p2,2,2.83,"207,440,485,481",991x1322,2027-8-20:YY:p2:0.98|2027-8-21:YY:p2:0.96
001904,2022-01-15,0.973,YYYY,p2,1,1.98,"318,901,580,945",937x1279,2022-1-15:YYYY:p2:0.97
001905,2022-01-15,0.87,YYYY,p2,1,1.93,"238,442,414,490",640x640,2022-1-15:YYYY:p2:0.87
001906,2021-09-03,0.599,DMY4,p2,9,2.08,"53,284,596,460",640x640,2020-3-9:YYYY:p2:0.60|2020-9-3:DMY4:p2:0.60|2021-9-3:DMY4:p2:0.60|2020-3-9:YYYY:p2:0.60|2020-9-3:DMY4:p2:0.60|2021-9-3:DMY4:p2:0.60|2020-3-9:YYYY:p2:0.60|2020-9-3:DMY4:p2:0.60|2021-9-3:DMY4:p2:0.60
001907,2021-08-16,0.563,YYYY,p2,1,1.91,"0,552,846,763",934x1245,2021-8-16:YYYY:p2:0.56
001908,2021-08-16,0.959,YYYY,p2,1,1.6,"375,382,580,431",640x640,2021-8-16:YYYY:p2:0.96
001909,2021-12-29,0.178,YYYY,p2,3,4.48,"188,142,1097,859",1213x910,2021-12-29:YYYY:p2:0.18|2021-12-29:YYYY:p2:0.18|2021-2-20:DMY4:p1keep/p1@640:0.20
001910,2021-05-07,0.837,YYYY,p1@640,2,5.02,"189,952,772,1030",918x1223,2020-5-8:YYYY:p2:0.85|2021-5-7:YYYY:p1@640:0.84
001911,2021-05-21,0.939,D_MON_Y,p2,1,2.44,"268,884,520,930",957x1280,2021-5-21:D_MON_Y:p2:0.94
001912,2021-05-21,0.683,D_MON_Y,p2,1,2.0,"195,467,336,516",640x640,2021-5-21:D_MON_Y:p2:0.68
001913,2021-09-14,0.503,YYYY,p2,1,1.99,"171,697,889,831",990x1320,2021-9-14:YYYY:p2:0.50
001914,2021-09-14,0.545,YYYY,p2,1,1.41,"32,279,513,401",640x640,2021-9-14:YYYY:p2:0.55
001915,2021-06-24,0.961,MON_DY,p2,1,1.61,"401,427,644,476",1132x1509,2021-6-24:MON_DY:p2:0.96
001916,2021-06-24,0.943,MON_DY,p2,1,1.43,"246,188,388,231",640x640,2021-6-24:MON_DY:p2:0.94
001917,2021-05-25,0.997,DMY4,p2,1,1.3,"175,596,421,646",1051x1402,2021-5-25:DMY4:p2:1.00
001919,2023-12-20,0.974,YYYY,p2,1,2.1,"309,839,537,874",895x1198,2023-12-20:YYYY:p2:0.97
001920,2022-10-15,0.621,YYYY,p2,1,8.29,"185,877,665,917",994x1325,2022-10-15:YYYY:p2:0.62
001922,2022-06-14,0.62,YYYY,p1@640,1,3.09,"228,1034,741,1097",1074x1433,2022-6-14:YYYY:p1@640:0.62
001923,2022-06-14,0.71,YYYY,p1@640,1,2.54,"146,446,454,504",640x640,2022-6-14:YYYY:p1@640:0.71
001924,NONE,,,,0,26.63,,,
001926,2021-04-27,0.599,YYYY,p2,1,1.13,"228,923,890,1182",1052x1403,2021-4-27:YYYY:p2:0.60
001927,2021-04-27,0.715,YYYY,p2,1,1.24,"166,414,554,552",640x640,2021-4-27:YYYY:p2:0.72
001928,2022-01-14,0.998,YYYY,p2,1,1.14,"351,642,562,686",1004x1338,2022-1-14:YYYY:p2:1.00
001930,2022-01-01,0.758,YYYY,p2,1,1.8,"210,757,554,807",934x1245,2022-1-1:YYYY:p2:0.76
001931,2022-01-01,0.908,YYYY,p2,1,1.66,"178,386,416,430",640x640,2022-1-1:YYYY:p2:0.91
001932,2022-01-22,0.926,YYYY,p2,1,0.89,"364,890,594,932",994x1325,2022-1-22:YYYY:p2:0.93
001933,2022-01-22,0.979,YYYY,p2,1,0.94,"224,414,376,459",640x640,2022-1-22:YYYY:p2:0.98
001934,2022-03-29,0.747,YYYY,p2,1,2.8,"109,911,531,966",883x1222,2022-3-29:YYYY:p2:0.75
001935,2022-03-29,0.74,YYYY,p2,1,1.57,"62,478,368,539",640x640,2022-3-29:YYYY:p2:0.74
001936,2021-12-21,0.935,DDMMYY,p2,1,2.15,"229,1040,433,1093",1055x1407,2021-12-21:DDMMYY:p2:0.94
001937,2021-12-21,0.85,YY,p2,1,4.85,"108,477,229,525",640x640,2021-12-21:YY:p2:0.85
001938,2021-03-NONE,0.997,MMYYYY,p2,1,1.52,"143,627,470,660",791x1026,2021-3-None:MMYYYY:p2:1.00
001939,2021-03-14,0.963,DDMMYY,p2,1,1.58,"193,141,570,195",1236x927,2021-3-14:DDMMYY:p2:0.96
001940,2021-03-14,0.948,DDMMYY,erode2/p1@640,1,3.96,"77,110,274,148",640x640,2021-3-14:DDMMYY:erode2/p1@640:0.95
001941,2022-05-27,0.768,DMY4,p2,1,1.18,"312,741,528,825",919x1225,2022-5-27:DMY4:p2:0.77
001943,2023-09-29,0.92,YYYY,p1@640,1,1.87,"733,749,1491,848",2048x1536,2023-9-29:YYYY:p1@640:0.92
001944,2022-09-29,0.76,YY,up2/p1@1280,1,13.33,"376,528,927,673",640x640,2022-9-29:YY:up2/p1@1280:0.76
001945,NONE,,,,0,33.33,,,
001947,2022-08-10,0.935,D_MON_Y,p2,3,2.66,"314,774,574,819",924x1232,2020-8-10:CMP6_DMY:p2:0.71|2022-8-10:D_MON_Y:p2:0.94|2020-8-10:D_MON_Y:p1keep/p1@640:0.75
001948,2022-08-10,0.701,D_MON_Y,dilate2/p1@640,1,7.12,"62,395,505,465",640x640,2022-8-10:D_MON_Y:dilate2/p1@640:0.70
001949,2023-07-16,0.99,CMP6_DMY,p2,1,1.92,"360,854,531,905",977x1302,2023-7-16:CMP6_DMY:p2:0.99
001950,2023-07-16,0.929,SP_DMY,erode2/p1@640,1,3.52,"230,404,345,446",640x640,2023-7-16:SP_DMY:erode2/p1@640:0.93
001951,2022-09-16,0.907,DMY4,p2,1,2.18,"313,640,543,681",816x1124,2022-9-16:DMY4:p2:0.91
001952,2022-09-16,0.953,DMY4,p2,1,1.16,"247,370,425,395",640x640,2022-9-16:DMY4:p2:0.95
001953,2021-01-04,0.719,YYYY,p1keep/dilate2/p1@1024,2,24.92,"42,199,1024,628",1277x958,2021-10-None:MON_Y:p2:0.57|2021-1-4:YYYY:p1keep/dilate2/p1@1024:0.72
001954,2021-07-04,0.582,YYYY,p1keep/p1@640,2,3.15,"3,89,635,525",640x640,2027-10-None:MON_Y:p2:0.52|2021-7-4:YYYY:p1keep/p1@640:0.58
001955,2021-10-NONE,0.856,MON_Y,p1@640,1,3.23,"81,563,346,609",1210x907,2021-10-None:MON_Y:p1@640:0.86
001956,2021-10-NONE,0.792,MON_Y,p1@640,1,2.38,"8,363,616,515",640x640,2021-10-None:MON_Y:p1@640:0.79
001957,2021-10-NONE,0.645,MON_Y,p2,1,6.21,"0,274,1104,669",1227x860,2021-10-None:MON_Y:p2:0.64
001958,2020-11-13,0.924,YYYY,p2,1,2.61,"73,182,281,224",881x1175,2020-11-13:YYYY:p2:0.92
001959,2020-11-13,0.867,YYYY,p2,1,2.18,"68,82,223,122",640x640,2020-11-13:YYYY:p2:0.87
001960,2022-06-15,0.953,DMY4,p2,1,3.53,"275,883,674,928",1023x1365,2022-6-15:DMY4:p2:0.95
001961,2027-03-21,0.99,YY,p2,2,1.71,"397,364,704,434",1310x982,2027-3-21:YY:p2:0.99|2022-10-12:CMP6_DMY:p2:0.87
001963,2021-10-09,0.873,YYYY,p1@640,2,2.21,"338,818,575,872",965x1286,2019-10-10:YYYY:p2:0.77|2021-10-9:YYYY:p1@640:0.87
001965,2023-10-12,0.935,YYYY,p2,1,1.48,"349,803,553,850",942x1256,2023-10-12:YYYY:p2:0.94
001966,2023-10-12,0.999,YYYY,p2,1,1.32,"204,394,330,422",640x640,2023-10-12:YYYY:p2:1.00
001967,2022-08-24,0.97,YYYY,p2,1,1.77,"309,870,516,918",951x1269,2022-8-24:YYYY:p2:0.97
001968,2022-08-24,0.922,YYYY,p2,1,1.46,"189,430,328,470",640x640,2022-8-24:YYYY:p2:0.92
001969,2030-02-02,0.115,SP_DMY,p2,2,5.61,"188,899,913,1372",1068x1423,2021-8-None:MMYYYY:p1@1024:0.52|2030-2-2:SP_DMY:p2:0.11
001970,2021-06-18,0.938,DMY4,p2,1,1.22,"155,659,752,765",942x1256,2021-6-18:DMY4:p2:0.94
001971,2021-06-18,0.962,DMY4,p2,1,1.32,"109,343,509,391",640x640,2021-6-18:DMY4:p2:0.96
001972,2023-03-15,0.828,YYYY,p2,1,2.26,"272,389,720,432",1018x1383,2023-3-15:YYYY:p2:0.83
001973,2023-03-15,0.624,YYYY,p1@640,1,1.56,"143,144,501,414",640x640,2023-3-15:YYYY:p1@640:0.62
001974,2021-09-NONE,0.774,MMYYYY,p2,1,3.83,"42,538,934,827",935x1126,2021-9-None:MMYYYY:p2:0.77
001975,2026-02-21,0.946,YY,p1keep/p1@640,2,2.83,"0,966,656,1059",1086x1448,2026-2-21:CMP6_YMD:p2:0.91|2026-2-21:YY:p1keep/p1@640:0.95
001978,2020-11-04,0.796,YYYY,p2,1,1.01,"497,529,985,653",1258x944,2020-11-4:YYYY:p2:0.80
001982,2021-10-20,0.944,YYYY,p2,1,0.99,"531,638,820,695",1343x1007,2021-10-20:YYYY:p2:0.94
001983,2021-10-20,0.943,YYYY,p2,1,1.18,"219,394,368,453",640x640,2021-10-20:YYYY:p2:0.94
001984,2022-01-19,0.979,YYYY,p2,1,2.48,"341,881,624,921",900x1200,2022-1-19:YYYY:p2:0.98
001985,2022-01-19,0.973,YYYY,p2,1,1.9,"235,452,439,495",640x640,2022-1-19:YYYY:p2:0.97
001986,2023-01-04,0.99,YYYY,p2,1,1.66,"366,791,620,848",919x1225,2023-1-4:YYYY:p2:0.99
001987,2025-12-02,0.578,YYYY,ft/p2,1,23.14,"75,773,764,959",983x1310,2025-12-2:YYYY:ft/p2:0.58
001988,2028-04-04,0.861,YY,ft/p2,1,10.76,"141,505,491,599",640x640,2028-4-4:YY:ft/p2:0.86
001989,2022-11-23,0.996,YYYY,p2,1,1.77,"562,297,745,338",927x1236,2022-11-23:YYYY:p2:1.00
001990,2022-11-23,0.966,YYYY,p2,1,1.76,"373,100,504,144",640x640,2022-11-23:YYYY:p2:0.97
001991,2021-12-28,0.947,YY,p2,1,2.39,"546,971,782,1026",1068x1425,2021-12-28:YY:p2:0.95
001992,2021-12-28,0.612,YY,p2,1,2.29,"54,405,454,461",640x640,2021-12-28:YY:p2:0.61
001993,2021-10-29,0.998,YYYY,p2,1,2.76,"263,893,481,944",1025x1367,2021-10-29:YYYY:p2:1.00
001994,2021-10-29,0.762,YYYY,p2,1,1.59,"168,422,626,491",640x640,2021-10-29:YYYY:p2:0.76
001995,2021-12-18,0.901,DMY4,p2,1,1.02,"447,581,633,645",1094x1458,2021-12-18:DMY4:p2:0.90
001996,2021-12-18,0.915,DMY4,p2,1,1.27,"258,256,369,293",640x640,2021-12-18:DMY4:p2:0.91
001997,2021-12-27,0.947,YYYY,p2,1,1.79,"8,861,714,933",955x1273,2021-12-27:YYYY:p2:0.95
001998,2021-12-27,0.979,YYYY,p2,1,1.47,"336,432,483,474",640x640,2021-12-27:YYYY:p2:0.98
001999,2021-04-24,0.878,YY,p2,1,2.93,"394,787,609,833",939x1252,2021-4-24:YY:p2:0.88
002000,2021-04-24,0.93,YY,p2,1,2.37,"166,402,441,472",640x640,2021-4-24:YY:p2:0.93
002001,2022-02-01,0.942,YYYY,p2,2,1.4,"398,1043,602,1092",1050x1400,2022-2-1:YYYY:p2:0.94|2022-1-27:YYYY:p1keep/p1@640:0.90
002002,2022-01-27,0.909,YYYY,p2,1,1.38,"254,490,377,525",640x640,2022-1-27:YYYY:p2:0.91
002003,2022-05-15,0.951,YYYY,p2,1,1.01,"530,380,730,438",1025x1367,2022-5-15:YYYY:p2:0.95
002004,2022-05-15,0.991,YYYY,p2,1,1.31,"318,167,441,206",640x640,2022-5-15:YYYY:p2:0.99
002005,2022-07-27,0.997,YYYY,p2,1,1.4,"364,371,522,413",861x1148,2022-7-27:YYYY:p2:1.00
002007,2022-01-14,0.923,YYYY,p2,2,4.13,"0,982,841,1137",1077x1435,2029-12-None:YYMM:p1@640:0.76|2022-1-14:YYYY:p2:0.92
002008,2029-12-NONE,0.664,YYMM,p1@640,1,2.58,"260,333,462,362",640x640,2029-12-None:YYMM:p1@640:0.66
002009,2021-12-02,0.9,DMY4,p2,1,1.38,"6,706,736,750",942x1256,2021-12-2:DMY4:p2:0.90
002011,NONE,,,,0,23.08,,,
002013,2022-10-01,0.815,YYYY,p2,1,2.16,"340,761,681,805",1041x1388,2022-10-1:YYYY:p2:0.81
002014,2023-06-28,0.913,YYYY,p2,1,3.0,"491,946,725,1001",931x1241,2023-6-28:YYYY:p2:0.91
002015,2023-08-28,0.609,YYYY,p1@640,1,1.78,"313,478,471,547",640x640,2023-8-28:YYYY:p1@640:0.61
002016,2022-10-19,0.914,DMY4,p1@640,1,0.8,"69,575,275,614",1031x1374,2022-10-19:DMY4:p1@640:0.91
002018,2021-10-23,0.9,YYYY,p2,1,1.65,"132,290,354,318",640x640,2021-10-23:YYYY:p2:0.90
002019,2022-03-09,0.513,DMY4,blur1/p1@640,1,7.52,"194,563,583,638",715x844,2022-3-9:DMY4:blur1/p1@640:0.51
002022,2022-04-09,0.998,YYYY,p2,1,2.22,"268,528,454,569",640x640,2022-4-9:YYYY:p2:1.00
002023,2020-11-10,0.979,YYYY,p2,1,1.51,"88,481,284,512",534x726,2020-11-10:YYYY:p2:0.98
002024,2020-11-10,0.749,YYYY,p2,1,1.31,"123,376,357,444",640x640,2020-11-10:YYYY:p2:0.75
002025,2020-01-03,0.164,YY,p2,1,2.59,"72,345,715,884",716x884,2020-1-3:YY:p2:0.16
002026,2020-01-03,0.122,YY,p2,1,2.3,"131,248,638,640",640x640,2020-1-3:YY:p2:0.12
002027,2020-11-26,0.874,YYYY,p2,1,3.53,"222,602,503,637",727x782,2020-11-26:YYYY:p2:0.87
002028,2020-11-26,0.807,YMD_GLUED,p2,1,2.19,"229,498,480,542",640x640,2020-11-26:YMD_GLUED:p2:0.81
002029,2020-11-22,0.624,YYYY,p2,1,2.19,"203,662,435,705",598x856,2020-11-22:YYYY:p2:0.62
002030,2019-11-18,0.667,YYYY,p2,1,2.03,"37,502,373,554",521x846,2019-11-18:YYYY:p2:0.67
002032,2022-03-22,0.293,YYYY,p2,1,2.13,"167,329,544,646",655x957,2022-3-22:YYYY:p2:0.29
002035,2017-12-20,0.971,YY,p1@640,1,1.37,"219,94,329,136",640x640,2017-12-20:YY:p1@640:0.97
002037,2020-08-22,0.953,YY,p2,1,0.97,"183,304,454,370",640x640,2020-8-22:YY:p2:0.95
002038,2020-11-26,0.966,YYYY,p2,1,3.33,"138,515,281,544",616x720,2020-11-26:YYYY:p2:0.97
002039,2021-12-03,0.736,YYYY,p2,1,1.12,"179,408,365,443",657x847,2021-12-3:YYYY:p2:0.74
002040,2021-12-03,0.827,YYYY,p2,1,1.14,"181,317,361,348",640x640,2021-12-3:YYYY:p2:0.83
002042,2020-08-27,0.299,YYYY,p2,1,3.07,"49,32,571,553",640x640,2020-8-27:YYYY:p2:0.30
002043,2019-12-20,0.889,YYYY,p2,1,0.97,"166,409,385,450",678x903,2019-12-20:YYYY:p2:0.89
002044,2019-12-20,0.528,YYYY,p2,1,1.32,"105,300,512,462",640x640,2019-12-20:YYYY:p2:0.53
002045,2021-12-10,0.994,YYYY,p2,1,1.9,"214,674,352,706",642x856,2021-12-10:YYYY:p2:0.99
002046,2021-12-10,0.498,YYYY,p1@640,1,1.51,"133,472,477,537",640x640,2021-12-10:YYYY:p1@640:0.50
002047,2021-07-31,0.993,D_MON_Y,p2,1,2.22,"135,448,348,479",541x721,2021-7-31:D_MON_Y:p2:0.99
002048,2021-07-31,0.948,D_MON_Y,p2,1,2.26,"177,396,425,448",640x640,2021-7-31:D_MON_Y:p2:0.95
002049,2021-03-25,0.361,YYYY,p2,3,3.8,"125,27,458,606",567x824,2021-3-25:YYYY:p2:0.36|2021-3-25:YYYY:p2:0.36|2021-2-1:DMY4:p1keep/p1@640:0.47
002050,2021-03-25,0.305,YYYY,p2,3,3.8,"136,1,546,473",640x640,2021-3-25:YYYY:p2:0.31|2021-3-25:YYYY:p2:0.31|2021-1-2:DMY4:p1keep/p1@640:0.41
002051,NONE-04-14,0.562,MMDD,p2,1,2.02,"16,86,492,125",551x851,None-4-14:MMDD:p2:0.56
002052,NONE,,,,0,21.25,,,
002053,2020-08-11,0.786,YYYY,p2,1,2.75,"95,48,604,126",653x674,2020-8-11:YYYY:p2:0.79
002054,2021-12-NONE,0.956,MMYYYY,ft/p2,1,49.41,"97,370,409,423",736x887,2021-12-None:MMYYYY:ft/p2:0.96
002055,2021-12-NONE,0.957,MMYYYY,ft/p2,1,27.92,"74,276,340,310",640x640,2021-12-None:MMYYYY:ft/p2:0.96
002056,2021-12-17,0.99,YYYY,p2,1,1.25,"260,481,487,517",710x962,2021-12-17:YYYY:p2:0.99
002058,2022-06-22,0.394,YYYY,p1@640,1,3.26,"0,252,527,709",643x859,2022-6-22:YYYY:p1@640:0.39
002059,2022-06-22,0.744,YYYY,p1@640,1,2.88,"9,480,462,520",640x640,2022-6-22:YYYY:p1@640:0.74
002060,NONE-04-17,0.849,MMDD,p2,1,4.56,"179,490,439,578",556x818,None-4-17:MMDD:p2:0.85
002061,NONE,,,,0,14.94,,,
002062,2023-02-NONE,0.989,MMYYYY,p1keep/p1@640,2,1.89,"200,247,438,282",593x794,2020-2-None:MMYYYY:p2:0.85|2023-2-None:MMYYYY:p1keep/p1@640:0.99
002063,2023-02-NONE,0.871,MMYYYY,p2,1,2.41,"210,206,463,236",640x640,2023-2-None:MMYYYY:p2:0.87
002064,2021-09-03,0.99,YYYY,p2,1,1.53,"210,609,417,658",523x791,2021-9-3:YYYY:p2:0.99
002065,2021-09-03,0.577,YYYY,p2,1,2.46,"48,449,523,541",640x640,2021-9-3:YYYY:p2:0.58
002066,2020-04-30,0.714,YYYY,p2,2,3.26,"0,242,395,278",609x700,2020-4-6:YYYY:p2:0.78|2020-4-30:YYYY:p2:0.71
002067,2020-04-30,0.732,YYYY,p2,4,2.94,"0,209,401,279",640x640,2020-4-30:YYYY:p2:0.73|2020-4-6:YYYY:p2:0.73|2020-4-30:YYYY:p2:0.73|2020-4-6:YYYY:p2:0.73
002068,2022-11-09,0.944,SP_DMY,p2,1,1.45,"62,364,219,405",482x592,2022-11-9:SP_DMY:p2:0.94
002069,2022-12-11,0.869,YYYY,p1@640,1,1.53,"209,458,382,494",650x867,2022-12-11:YYYY:p1@640:0.87
002070,2022-03-24,0.723,YYYY,p2,1,2.4,"1,536,383,590",511x710,2022-3-24:YYYY:p2:0.72
002071,2022-03-24,0.985,YYYY,p2,1,1.92,"96,474,426,560",640x640,2022-3-24:YYYY:p2:0.99
002072,2024-12-21,0.992,YY,p2,1,2.06,"127,634,283,676",669x892,2024-12-21:YY:p2:0.99
002073,2024-12-21,0.973,YY,p2,1,1.92,"149,440,295,477",640x640,2024-12-21:YY:p2:0.97
002074,2020-05-28,0.978,YYYY,p1@640,1,0.92,"291,469,383,512",686x917,2020-5-28:YYYY:p1@640:0.98
002075,2020-05-28,0.968,YYYY,p2,1,1.57,"263,323,349,356",640x640,2020-5-28:YYYY:p2:0.97
002076,2022-03-04,0.989,YYYY,p2,1,2.23,"140,785,450,827",644x1121,2022-3-4:YYYY:p2:0.99
002077,2020-10-21,0.936,YYYY,p2,1,1.19,"158,503,304,547",614x939,2020-10-21:YYYY:p2:0.94
002078,2020-10-21,0.882,YYYY,p2,1,1.37,"152,360,619,451",640x640,2020-10-21:YYYY:p2:0.88
002079,2021-01-03,0.873,YYYY,p2,1,0.94,"326,956,531,1009",783x1032,2021-1-3:YYYY:p2:0.87
002080,2021-01-03,0.808,YYYY,p2,1,1.1,"259,589,424,625",640x640,2021-1-3:YYYY:p2:0.81
002082,2019-07-09,0.841,YYYY,p2,1,1.39,"295,1057,1000,1172",1548x2032,2019-7-9:YYYY:p2:0.84
002083,2020-11-06,0.895,DMY4,p2,2,2.21,"154,604,444,654",715x1147,2020-3-13:DMY4:p2:0.94|2020-11-6:DMY4:p2:0.89
002084,2020-11-06,0.886,DMY4,p1keep/p1@640,3,1.78,"142,288,405,404",640x640,2020-3-13:DMY4:p2:0.69|2020-3-13:DMY4:p2:0.69|2020-11-6:DMY4:p1keep/p1@640:0.89
002085,2021-11-22,0.689,YYMM_GLUE,p2,1,1.49,"190,591,724,695",723x965,2021-11-22:YYMM_GLUE:p2:0.69
002086,2021-11-22,0.952,YYYY,p2,1,3.61,"135,369,613,444",640x640,2021-11-22:YYYY:p2:0.95
002088,2021-09-03,0.626,YYYY,p2,1,1.22,"92,364,468,466",640x640,2021-9-3:YYYY:p2:0.63
002090,2021-11-09,0.087,YYYY,p2,1,1.9,"118,135,640,627",640x640,2021-11-9:YYYY:p2:0.09
002091,2021-09-21,0.999,YYYY,p2,1,1.49,"321,707,471,745",756x1008,2021-9-21:YYYY:p2:1.00
002092,2021-09-21,0.995,YYYY,p2,1,1.22,"279,452,404,491",640x640,2021-9-21:YYYY:p2:1.00
002093,2021-11-17,0.979,YYYY,p2,1,2.12,"155,728,358,775",700x934,2021-11-17:YYYY:p2:0.98
002094,2021-04-28,0.908,YYYY,p2,1,0.92,"252,676,404,718",646x864,2021-4-28:YYYY:p2:0.91
002095,2021-04-28,0.842,YYYY,p1@640,1,1.1,"250,488,398,540",640x640,2021-4-28:YYYY:p1@640:0.84
002096,2022-06-16,0.828,YYYY,p2,1,1.27,"249,662,476,731",756x1008,2022-6-16:YYYY:p2:0.83
002097,2022-06-16,0.906,YYYY,p2,1,2.23,"227,436,363,485",640x640,2022-6-16:YYYY:p2:0.91
002098,2021-05-25,0.985,YYYY,p2,1,1.87,"263,621,421,668",756x1008,2021-5-25:YYYY:p2:0.98
002099,2021-05-25,0.888,YYYY,p2,1,1.41,"219,394,387,484",640x640,2021-5-25:YYYY:p2:0.89
002101,2021-09-17,0.98,YYYY,p2,1,1.45,"245,442,394,487",640x640,2021-9-17:YYYY:p2:0.98
002102,2021-12-19,0.731,CMP6_YMD,p1keep/p1@640,2,1.23,"177,528,659,796",955x1274,2021-2-11:SP_YMD:p2:0.37|2021-12-19:CMP6_YMD:p1keep/p1@640:0.73
002103,2021-12-19,0.533,CMP6_YMD,p1@640,1,1.4,"100,253,413,399",640x640,2021-12-19:CMP6_YMD:p1@640:0.53
002106,2022-01-03,0.45,YYYY,p2,1,1.92,"182,550,440,610",822x1096,2022-1-3:YYYY:p2:0.45
002108,2020-09-01,0.951,DMY4,p1@640,1,2.26,"126,467,399,531",640x640,2020-9-1:DMY4:p1@640:0.95
002111,2022-08-25,0.932,YYYY,p2,1,0.86,"217,328,429,376",739x985,2022-8-25:YYYY:p2:0.93
002112,2022-08-25,0.995,YMD_GLUED,p2,1,1.03,"182,228,366,263",640x640,2022-8-25:YMD_GLUED:p2:0.99
002113,2022-03-12,0.984,YYYY,p2,1,1.32,"178,660,361,703",715x932,2022-3-12:YYYY:p2:0.98
002114,2020-12-01,0.984,YYYY,p2,1,1.9,"88,724,324,767",640x951,2020-12-1:YYYY:p2:0.98
002115,2020-12-01,0.993,YYYY,p2,1,2.57,"85,497,316,532",640x640,2020-12-1:YYYY:p2:0.99
002116,2020-07-05,0.383,YYYY,p2,1,3.13,"186,75,799,600",885x928,2020-7-5:YYYY:p2:0.38
002117,2020-07-05,0.325,YYYY,p2,1,3.0,"93,21,577,402",640x640,2020-7-5:YYYY:p2:0.33
002118,2021-01-03,0.934,YYYY,p2,1,2.29,"243,632,505,674",712x831,2021-1-3:YYYY:p2:0.93
002119,2021-01-03,0.939,YYYY,p2,1,3.1,"259,498,493,534",640x640,2021-1-3:YYYY:p2:0.94
002120,2020-07-20,0.812,YMD_GLUED,p2,1,1.87,"195,261,710,312",716x1024,2020-7-20:YMD_GLUED:p2:0.81
002121,2020-07-20,0.951,YYYY,p2,1,1.5,"198,152,337,189",640x640,2020-7-20:YYYY:p2:0.95
002122,2021-10-09,0.893,YY,p2,1,2.28,"386,704,593,758",697x947,2021-10-9:YY:p2:0.89
002123,2020-11-02,0.952,CMP6_YMD,p1@640,1,2.28,"332,644,513,684",756x1008,2020-11-2:CMP6_YMD:p1@640:0.95
002124,2020-11-02,0.891,CMP6_YMD,p1@640,1,2.03,"284,378,519,448",640x640,2020-11-2:CMP6_YMD:p1@640:0.89
002125,2021-04-24,0.911,D_MON_Y,p2,1,2.61,"128,389,397,445",686x959,2021-4-24:D_MON_Y:p2:0.91
002126,2021-04-02,0.962,D_MON_Y,p1@640,1,1.3,"136,249,391,298",640x640,2021-4-2:D_MON_Y:p1@640:0.96
002127,2021-11-04,0.964,YYYY,p2,1,2.27,"406,402,617,456",923x1231,2021-11-4:YYYY:p2:0.96
002128,2021-08-12,0.745,YYYY,p2,1,1.99,"214,623,589,691",873x1163,2021-8-12:YYYY:p2:0.74
002129,2021-08-12,0.885,YYYY,p2,1,1.25,"206,353,411,409",640x640,2021-8-12:YYYY:p2:0.89
002130,2021-11-01,0.961,YYYY,p2,1,1.29,"183,688,493,731",756x1008,2021-11-1:YYYY:p2:0.96
002131,2021-11-01,0.837,YY_LEAD0,p2,1,1.49,"188,445,446,483",640x640,2021-11-1:YY_LEAD0:p2:0.84
002132,2021-10-04,0.895,DDMMYY,p1@640,1,1.54,"312,275,517,327",910x1067,2021-10-4:DDMMYY:p1@640:0.89
002133,NONE-10-21,0.86,MMDD,p1@640,1,1.28,"194,152,386,238",640x640,None-10-21:MMDD:p1@640:0.86
002134,2022-11-02,0.775,YYYY,p2,1,3.38,"44,706,509,756",756x1008,2022-11-2:YYYY:p2:0.78
002135,2022-11-02,0.155,YYYY,p2,1,3.06,"16,0,447,469",640x640,2022-11-2:YYYY:p2:0.16
002136,2021-10-11,0.726,YYYY,p2,1,1.84,"150,708,620,764",697x950,2021-10-11:YYYY:p2:0.73
002137,2021-10-11,0.198,YYYY,p2,1,2.78,"50,161,576,522",640x640,2021-10-11:YYYY:p2:0.20
002138,2021-06-29,0.437,YYYY,p2,1,1.61,"2,400,698,629",947x1262,2021-6-29:YYYY:p2:0.44
002139,2021-06-29,0.682,YYYY,p2,1,1.9,"53,125,400,237",640x640,2021-6-29:YYYY:p2:0.68
002140,2021-05-05,0.996,YYYY,p2,1,1.04,"354,338,509,383",763x1017,2021-5-5:YYYY:p2:1.00
002141,2021-04-11,0.954,YYYY,p2,2,1.2,"296,344,454,391",817x1089,2021-4-11:YYYY:p2:0.95|None-10-22:MMDD:p2:0.93
002142,2021-04-11,0.934,YYYY,p2,1,1.19,"213,206,340,246",640x640,2021-4-11:YYYY:p2:0.93
002144,2021-07-13,0.93,YYYY,p2,1,2.44,"314,723,500,776",828x1104,2021-7-13:YYYY:p2:0.93
002145,2021-07-13,0.916,YYYY,p2,1,1.8,"272,406,412,450",640x640,2021-7-13:YYYY:p2:0.92
002146,2022-07-26,0.636,YYYY,p1@1024,2,3.91,"205,713,605,800",842x1122,2022-7-26:YYYY:p1@1024:0.64|2022-7-10:DMY4:p1@1024:0.64
002147,2022-07-02,0.656,YY_LEAD0,p2,1,2.25,"258,429,481,475",640x640,2022-7-2:YY_LEAD0:p2:0.66
002148,2022-01-01,0.9,YYYY,erode2/p1@1024,1,5.96,"273,665,445,706",696x990,2022-1-1:YYYY:erode2/p1@1024:0.90
002149,2021-03-31,0.338,YYYY,p2,1,2.76,"0,152,667,1007",678x1216,2021-3-31:YYYY:p2:0.34
002150,2021-03-31,0.479,YYYY,p2,1,1.98,"93,478,615,553",640x640,2021-3-31:YYYY:p2:0.48
002152,2019-07-18,0.911,YY,p2,2,1.65,"323,424,606,485",892x1189,2019-6-12:YY:p2:0.97|2019-7-18:YY:p2:0.91
002153,2019-07-18,0.82,YY,p2,4,1.28,"235,181,409,246",640x640,2019-7-18:YY:p2:0.82|2019-6-12:YY:p2:0.82|2019-7-18:YY:p2:0.82|2019-6-12:YY:p2:0.82
002154,2021-05-21,0.994,YY,p2,1,1.65,"301,551,461,600",756x1008,2021-5-21:YY:p2:0.99
002155,2021-05-21,0.587,YY,p2,1,2.06,"238,345,513,423",640x640,2021-5-21:YY:p2:0.59
002156,2021-12-25,0.709,MON_DY,p2,1,1.09,"274,436,468,515",787x1050,2021-12-25:MON_DY:p2:0.71
002157,NONE,,,,0,16.79,,,
002158,NONE-04-13,0.963,MMDD,p2,1,2.28,"209,615,454,676",664x1081,None-4-13:MMDD:p2:0.96
002159,NONE-04-13,0.958,MMDD,p2,1,2.54,"195,335,426,392",640x640,None-4-13:MMDD:p2:0.96
002160,2021-04-08,0.91,CMP,p2,1,3.61,"76,381,581,437",892x1189,2021-4-8:CMP:p2:0.91
002161,2021-04-08,0.721,YYYY,p2,1,13.58,"44,204,410,277",640x640,2021-4-8:YYYY:p2:0.72
002162,2023-01-06,0.968,DDMMYY,p1@1024,1,4.1,"0,701,625,816",928x1238,2023-1-6:DDMMYY:p1@1024:0.97
002163,NONE,,,,0,19.91,,,
002164,2020-10-30,0.893,YY,p2,1,1.54,"374,418,586,473",908x1210,2020-10-30:YY:p2:0.89
002165,2020-10-30,0.41,YY,p2,1,1.73,"0,217,455,443",640x640,2020-10-30:YY:p2:0.41
002166,2021-04-12,0.945,YYYY,p2,1,1.06,"204,886,419,948",1032x1376,2021-4-12:YYYY:p2:0.95
002167,2021-05-28,0.817,EXTEND_R,p2,1,1.41,"369,435,555,502",1012x1350,2021-5-28:EXTEND_R:p2:0.82
002168,2021-05-28,0.848,YYYY,p2,1,1.24,"230,222,342,252",640x640,2021-5-28:YYYY:p2:0.85
002169,2020-01-15,0.468,YYYY,p2,1,1.31,"26,989,477,1096",972x1203,2020-1-15:YYYY:p2:0.47
002170,2020-01-15,0.126,YYYY,p2,1,1.57,"0,77,598,594",640x640,2020-1-15:YYYY:p2:0.13
002171,2020-06-24,0.933,YY,p2,1,2.52,"306,813,713,882",1004x1257,2020-6-24:YY:p2:0.93
002173,NONE-07-01,0.997,MMDD,p2,1,1.36,"351,260,517,319",865x1344,None-7-1:MMDD:p2:1.00
002174,2021-09-05,0.578,YYYY,p2,1,1.59,"204,669,560,788",884x1179,2021-9-5:YYYY:p2:0.58
002175,2021-09-05,0.889,YYYY,p2,1,1.67,"224,367,433,423",640x640,2021-9-5:YYYY:p2:0.89
002176,2021-02-11,0.626,YY,p2,1,1.51,"120,552,503,611",914x1219,2021-2-11:YY:p2:0.63
002178,2022-05-19,0.997,YYYY,p1@640,1,2.02,"226,382,478,443",936x1248,2022-5-19:YYYY:p1@640:1.00
002179,2022-01-19,0.96,YYYY,p2,1,2.23,"279,501,505,566",746x1267,2022-1-19:YYYY:p2:0.96
002180,2022-01-19,0.999,YYYY,p2,2,3.76,"238,266,424,296",640x640,2022-1-19:YYYY:p2:1.00|None-10-10:MMDD:p1@640:0.36
002181,2018-12-04,0.926,YYYY,p2,1,2.51,"134,1048,739,1151",920x1344,2018-12-4:YYYY:p2:0.93
002183,NONE,,,,0,26.16,,,
002184,2020-09-25,0.971,YYYY,p2,1,2.29,"246,841,649,905",1007x1322,2020-9-25:YYYY:p2:0.97
002185,2020-09-25,0.345,YYYY,p1@640,1,1.87,"139,123,549,455",640x640,2020-9-25:YYYY:p1@640:0.34
002186,2020-06-10,0.418,YYYY,p2,1,2.07,"77,122,740,306",831x1147,2020-6-10:YYYY:p2:0.42
002187,2020-06-10,0.877,YYYY,p2,1,1.51,"319,43,552,91",640x640,2020-6-10:YYYY:p2:0.88
002188,2020-08-07,0.997,YYYY,p2,1,2.31,"299,651,712,714",1001x1302,2020-8-7:YYYY:p2:1.00
002189,2022-02-04,0.817,MON_DY,p2,1,2.49,"258,457,740,530",1036x1381,2022-2-4:MON_DY:p2:0.82
002190,NONE,,,,0,14.41,,,
002191,2020-10-20,0.945,YYYY,p1@640,1,0.91,"43,282,136,318",641x452,2020-10-20:YYYY:p1@640:0.95
002192,2026-10-20,0.658,YYMM_GLUE,p2,2,3.99,"55,395,155,450",640x640,2026-10-20:YYMM_GLUE:p2:0.66|2020-10-20:YY:p1keep/erode3/p1@640:0.86
002193,2020-06-10,0.561,YYYY,p2,1,1.52,"0,312,664,376",787x585,2020-6-10:YYYY:p2:0.56
002194,2020-06-01,0.693,YYYY,p1@640,1,1.33,"96,341,458,446",640x640,2020-6-1:YYYY:p1@640:0.69
002195,2021-10-28,0.714,YYYY,p2,1,1.49,"0,173,778,241",936x563,2021-10-28:YYYY:p2:0.71
002196,2021-10-28,0.638,YYYY,p2,3,1.93,"94,227,518,315",640x640,2021-10-28:YYYY:p2:0.64|2021-1-7:DMY4:p2:0.64|2028-2-3:SP_YMD:p2:0.37
002197,2021-01-13,0.483,YYYY,p2,1,1.15,"7,198,588,386",787x597,2021-1-13:YYYY:p2:0.48
002198,2021-01-13,0.617,YYYY,p1@640,1,1.17,"0,206,460,426",640x640,2021-1-13:YYYY:p1@640:0.62
002199,2021-08-05,0.949,YYYY,p2,1,1.65,"170,144,444,186",792x638,2021-8-5:YYYY:p2:0.95
002201,2020-10-08,0.947,YY,p2,1,1.57,"316,268,500,316",832x600,2020-10-8:YY:p2:0.95
002202,2020-05-02,0.277,SP_DMY,p1@640,2,2.68,"155,98,489,253",640x640,2020-5-2:SP_DMY:p1@640:0.28|2020-2-2:SP_DMY:p1@640:0.18
002203,2021-09-10,0.516,DMY4,p2,9,4.02,"113,284,816,525",913x677,2019-10-9:YYYY:p2:0.52|2021-1-8:YYYY:p2:0.52|2021-9-10:DMY4:p2:0.52|2019-10-9:YYYY:p2:0.52|2021-1-8:YYYY:p2:0.52|2021-9-10:DMY4:p2:0.52|2019-10-9:YYYY:p2:0.52|2021-1-8:YYYY:p2:0.52|2021-9-10:DMY4:p2:0.52
002205,2021-03-05,0.994,YY,p2,1,0.97,"262,407,454,444",749x594,2021-3-5:YY:p2:0.99
002207,2020-06-11,0.671,YYYY,p2,1,4.61,"2,76,960,565",1063x731,2020-6-11:YYYY:p2:0.67
002208,2022-05-31,0.983,YMD_GLUED,p2,1,1.66,"287,134,616,181",896x578,2022-5-31:YMD_GLUED:p2:0.98
002209,2022-05-31,0.116,YYYY,p2,1,1.93,"0,143,451,427",640x640,2022-5-31:YYYY:p2:0.12
002210,2020-09-22,0.54,YY,p2,4,3.24,"0,411,1084,543",1246x723,2020-3-23:YY:p2:0.54|2020-9-22:YY:p2:0.54|2020-9-22:YY:p2:0.54|2020-3-23:YY:p2:0.54
002212,2020-10-30,0.15,YYYY,p2,1,8.96,"72,0,1006,694",1200x851,2020-10-30:YYYY:p2:0.15
002213,2020-10-30,0.192,YYYY,p2,1,8.65,"162,26,636,595",640x640,2020-10-30:YYYY:p2:0.19
002214,2020-10-16,0.839,YY,p2,1,2.99,"196,587,899,661",928x904,2020-10-16:YY:p2:0.84
002215,2020-10-16,0.995,YY,p2,1,1.39,"135,379,373,451",640x640,2020-10-16:YY:p2:0.99
002216,2023-06-NONE,0.903,MON_Y,p2,1,2.26,"90,364,562,419",1008x756,2023-6-None:MON_Y:p2:0.90
002217,2023-05-NONE,0.995,MON_Y,p2,1,1.26,"424,350,558,402",1008x756,2023-5-None:MON_Y:p2:1.00
002218,2023-05-NONE,0.701,MON_Y,p2,1,1.96,"50,242,534,458",640x640,2023-5-None:MON_Y:p2:0.70
002219,2022-02-01,0.999,YYYY,p2,1,1.93,"480,1498,838,1565",1535x2048,2022-2-1:YYYY:p2:1.00
002220,2019-09-30,0.942,MON_DY,p2,1,2.62,"50,300,1226,357",1270x750,2019-9-30:MON_DY:p2:0.94
002221,2022-06-03,0.878,YYYY,p2,1,1.16,"313,558,598,627",1008x756,2022-6-3:YYYY:p2:0.88
002222,2021-02-07,0.912,YYYY,p2,1,2.1,"475,545,823,626",1236x926,2021-2-7:YYYY:p2:0.91
002223,2021-02-07,0.602,YYYY,erode2/p1@640,1,5.6,"82,286,607,421",640x640,2021-2-7:YYYY:erode2/p1@640:0.60
002224,2022-09-14,0.888,YYYY,p2,1,1.18,"392,896,519,955",984x1312,2022-9-14:YYYY:p2:0.89
002225,2022-09-14,0.853,YYYY,p2,1,1.62,"279,429,359,461",640x640,2022-9-14:YYYY:p2:0.85
002226,2023-03-03,0.572,YYYY,p2,1,17.52,"251,408,700,686",972x1296,2023-3-3:YYYY:p2:0.57
002227,2023-03-03,0.652,YYYY,erode2/p1@640,1,5.71,"216,283,605,454",640x640,2023-3-3:YYYY:erode2/p1@640:0.65
002228,2023-03-28,0.484,DDMMYY,p2,1,1.17,"315,421,622,493",995x1327,2023-3-28:DDMMYY:p2:0.48
002229,2023-03-28,0.667,DDMMYY,p1@640,1,1.23,"176,175,357,242",640x640,2023-3-28:DDMMYY:p1@640:0.67
002230,2022-07-21,0.868,YYYY,p2,1,1.09,"449,911,661,985",1110x1480,2022-7-21:YYYY:p2:0.87
002231,2022-07-21,0.936,YYYY,p2,1,0.98,"245,375,364,415",640x640,2022-7-21:YYYY:p2:0.94
002232,2022-12-20,0.914,YYYY,p2,1,0.98,"322,836,517,896",974x1298,2022-12-20:YYYY:p2:0.91
002233,2023-01-21,0.914,YYYY,p2,1,1.11,"292,939,663,1010",1104x1473,2023-1-21:YYYY:p2:0.91
002234,2023-01-21,0.963,YYYY,p2,1,1.21,"159,401,375,453",640x640,2023-1-21:YYYY:p2:0.96
002235,2022-02-22,0.644,YYYY,p2,1,2.05,"327,921,854,988",1114x1485,2022-2-22:YYYY:p2:0.64
002236,2021-06-08,0.871,YYYY,p2,1,4.04,"439,832,747,898",1000x1333,2021-6-8:YYYY:p2:0.87
002237,2021-06-08,0.93,YYYY,p2,1,1.75,"263,394,459,434",640x640,2021-6-8:YYYY:p2:0.93
002238,2022-06-30,0.928,YYYY,p1@640,1,1.68,"0,239,942,518",1082x1442,2022-6-30:YYYY:p1@640:0.93
002240,2021-05-26,0.93,Y_MON_D,p2,1,1.73,"301,347,552,398",910x1213,2021-5-26:Y_MON_D:p2:0.93
002241,NONE,,,,0,16.85,,,
002242,2022-03-13,0.983,YYYY,p2,1,2.36,"423,874,637,921",953x1271,2022-3-13:YYYY:p2:0.98
002244,2021-05-21,0.965,DDMMYY,p2,1,4.94,"146,589,414,634",982x1309,2021-5-21:DDMMYY:p2:0.96
002245,2021-05-21,0.956,YY,p2,1,3.12,"183,373,319,404",640x640,2021-5-21:YY:p2:0.96
002246,2021-07-22,0.994,YYYY,p2,1,1.2,"266,488,621,549",1046x1395,2021-7-22:YYYY:p2:0.99
002247,2021-09-07,0.648,YYYY,p2,1,1.2,"49,631,833,769",979x1306,2021-9-7:YYYY:p2:0.65
002248,2021-09-07,0.565,YYYY,p2,1,1.42,"14,243,535,388",640x640,2021-9-7:YYYY:p2:0.57
002249,2021-10-20,0.328,YYYY,p2,1,2.77,"170,543,812,696",1035x1379,2021-10-20:YYYY:p2:0.33
002250,2021-05-09,0.949,D_MON_Y,erode2/p1@640,1,8.88,"198,742,357,787",956x1265,2021-5-9:D_MON_Y:erode2/p1@640:0.95
002251,2021-05-09,0.923,D_MON_Y,p1@640,1,1.88,"179,462,320,532",640x640,2021-5-9:D_MON_Y:p1@640:0.92
002252,2022-01-04,0.585,YY,p1@1024,1,3.77,"264,1029,489,1104",916x1221,2022-1-4:YY:p1@1024:0.59
002253,2022-01-04,0.633,YYYY,p2,1,1.58,"165,548,363,588",640x640,2022-1-4:YYYY:p2:0.63
002254,2021-10-26,0.356,YYYY,p2,9,7.86,"72,179,834,1149",1076x1434,2020-10-27:YYYY:p2:0.36|2021-10-26:YYYY:p2:0.36|2021-10-27:MDY4:p2:0.36|2021-10-26:YYYY:p2:0.36|2021-10-27:MDY4:p2:0.36|2020-10-27:YYYY:p2:0.36|2021-10-27:MDY4:p2:0.36|2021-10-26:YYYY:p2:0.36|2020-10-27:YYYY:p2:0.36
002255,2021-10-26,0.444,YYYY,p1keep/p1@640,4,3.87,"85,117,508,512",640x640,2020-2-24:MDY4:p2:0.31|2020-2-24:MDY4:p2:0.31|2021-10-26:YYYY:p1keep/p1@640:0.44|2020-10-27:YYYY:p1keep/p1@640:0.44
002256,2021-04-30,0.831,YYYY,p1@640,1,1.36,"371,867,653,927",1030x1374,2021-4-30:YYYY:p1@640:0.83
002257,2021-04-30,0.817,YYYY,p2,1,1.25,"230,387,402,433",640x640,2021-4-30:YYYY:p2:0.82
002259,2022-12-15,0.663,YYYY,p2,1,1.49,"344,907,679,1011",1116x1488,2022-12-15:YYYY:p2:0.66
002261,2022-01-11,0.992,YYYY,p2,1,1.6,"280,782,492,840",927x1236,2022-1-11:YYYY:p2:0.99
002263,2021-12-01,0.872,YYYY,p1keep/p1@640,2,1.19,"508,1020,793,1101",1113x1484,2021-12-None:YYYYMM:p2:0.99|2021-12-1:YYYY:p1keep/p1@640:0.87
002265,NONE-03-05,0.862,MMDD,p2,1,1.22,"297,359,630,432",969x1292,None-3-5:MMDD:p2:0.86
002266,NONE-03-05,0.928,MMDD,p2,1,1.37,"196,194,412,228",640x640,None-3-5:MMDD:p2:0.93
002267,2022-09-NONE,0.878,MON_Y,p1@640,1,1.46,"319,959,569,1017",847x1194,2022-9-None:MON_Y:p1@640:0.88
002268,2022-09-NONE,0.868,MON_Y,p2,1,1.94,"235,488,423,536",640x640,2022-9-None:MON_Y:p2:0.87
002269,2021-03-16,0.96,DDMMYY,p2,1,1.22,"215,601,415,646",874x1165,2021-3-16:DDMMYY:p2:0.96
002270,2021-03-16,0.701,DDMMYY,p2,1,1.14,"173,307,325,394",640x640,2021-3-16:DDMMYY:p2:0.70
002271,2021-08-02,0.71,YYYY,p2,1,1.34,"235,497,646,555",932x1242,2021-8-2:YYYY:p2:0.71
002272,2021-08-02,0.723,YYYY,p2,1,1.32,"145,235,426,277",640x640,2021-8-2:YYYY:p2:0.72
002273,2021-08-09,0.771,YYYY,p2,1,1.42,"262,521,788,601",1132x1509,2021-8-9:YYYY:p2:0.77
002274,2021-08-09,0.887,YYYY,p2,1,1.81,"110,205,468,319",640x640,2021-8-9:YYYY:p2:0.89
002275,2023-12-22,0.837,YYYY,p1@640,2,1.42,"220,490,415,534",771x1006,2020-12-23:YYYY:p2:0.77|2023-12-22:YYYY:p1@640:0.84
002276,2023-12-02,0.743,YYYY,p2,6,1.14,"172,266,344,344",640x640,2023-12-2:YYYY:p2:0.74|2020-12-23:YYYY:p2:0.74|2020-2-12:DMY4:p2:0.74|2023-12-2:YYYY:p2:0.74|2020-12-23:YYYY:p2:0.74|2020-2-12:DMY4:p2:0.74
002277,2025-07-NONE,0.884,MON_Y,p2,1,9.79,"125,662,497,761",934x1237,2025-7-None:MON_Y:p2:0.88
002278,2023-07-NONE,0.853,MON_Y,p2,1,3.43,"141,421,436,481",640x640,2023-7-None:MON_Y:p2:0.85
002283,2022-01-20,0.751,YYYY,p2,2,3.49,"95,756,667,812",909x1212,2021-1-21:YYYY:p2:0.91|2022-1-20:YYYY:p2:0.75
002285,2021-01-07,0.815,YY,p2,1,2.22,"26,375,386,443",640x640,2021-1-7:YY:p2:0.82
002286,2021-12-31,0.646,YY,p2,1,1.96,"2,1037,779,1103",989x1319,2021-12-31:YY:p2:0.65
002288,2021-12-18,0.988,DMY4,p2,1,1.19,"402,211,595,284",1089x1453,2021-12-18:DMY4:p2:0.99
002289,2021-12-18,0.98,DMY4,p2,1,1.23,"264,88,374,132",640x640,2021-12-18:DMY4:p2:0.98
002290,2021-09-10,0.887,YYYY,p2,1,1.07,"259,836,554,905",996x1328,2021-9-10:YYYY:p2:0.89
002291,2021-09-10,0.961,YYYY,p2,1,1.27,"159,399,351,449",640x640,2021-9-10:YYYY:p2:0.96
002292,2021-07-03,0.878,YYYY,p1@1024,1,2.68,"378,907,690,979",1060x1414,2021-7-3:YYYY:p1@1024:0.88
002293,2021-07-03,0.896,YYYY,erode3/p1@640,1,4.47,"213,422,403,472",640x640,2021-7-3:YYYY:erode3/p1@640:0.90
002294,2022-09-22,0.916,YYYY,p2,1,1.76,"305,894,539,952",890x1197,2022-9-22:YYYY:p2:0.92
002295,2022-09-22,0.938,YYYY,p2,1,1.54,"186,456,354,503",640x640,2022-9-22:YYYY:p2:0.94
002297,2022-06-06,0.999,YYYY,p2,1,1.49,"248,193,422,224",640x640,2022-6-6:YYYY:p2:1.00
002298,2021-10-15,0.893,YYYY,p2,1,1.46,"373,962,615,1024",952x1270,2021-10-15:YYYY:p2:0.89
002299,2021-10-15,0.912,YYYY,p2,1,1.61,"280,470,439,503",640x640,2021-10-15:YYYY:p2:0.91
002300,2022-01-31,0.804,YYYY,p2,1,1.01,"361,902,573,957",918x1223,2022-1-31:YYYY:p2:0.80
002302,2022-02-03,0.829,YYYY,p2,1,1.09,"367,910,610,959",969x1292,2022-2-3:YYYY:p2:0.83
002303,2022-02-03,0.716,YY_LEAD0,p2,1,1.56,"64,357,597,500",640x640,2022-2-3:YY_LEAD0:p2:0.72
002304,2022-07-31,0.948,YYYY,p2,1,1.0,"489,383,722,442",1026x1368,2022-7-31:YYYY:p2:0.95
002305,2022-07-31,0.982,YYYY,p2,1,1.67,"99,190,470,263",640x640,2022-7-31:YYYY:p2:0.98
002306,2021-11-23,0.958,YY,p2,1,0.78,"385,616,631,733",1056x1408,2021-11-23:YY:p2:0.96
002307,2020-02-02,0.089,SP_DMY,erode2/p1@640,1,8.83,"6,456,598,808",1090x1454,2020-2-2:SP_DMY:erode2/p1@640:0.09
002308,2021-11-15,0.239,DMY4,p2,1,7.8,"40,357,618,543",640x640,2021-11-15:DMY4:p2:0.24
002309,NONE-03-13,0.845,MMDD,p2,1,5.42,"206,375,611,430",887x1183,None-3-13:MMDD:p2:0.84
002310,NONE-03-01,0.778,MMDD,p2,1,1.97,"130,183,422,275",640x640,None-3-1:MMDD:p2:0.78
002312,2020-08-17,0.907,YYYY,p2,1,1.88,"234,416,551,455",640x640,2020-8-17:YYYY:p2:0.91
002313,2021-10-17,0.702,DMY4,p2,2,2.01,"298,514,728,580",1050x1400,2021-10-17:DMY4:p2:0.70|2017-10-22:YY:p2:0.70
002315,2022-06-15,0.991,DMY4,p2,1,8.13,"120,210,251,254",1026x1368,2022-6-15:DMY4:p2:0.99
002316,2022-06-15,0.957,DMY4,p2,1,5.84,"75,154,184,184",640x640,2022-6-15:DMY4:p2:0.96
002318,2020-12-03,0.866,YYYY,p2,1,1.11,"213,56,400,99",640x640,2020-12-3:YYYY:p2:0.87
002319,2020-10-29,0.982,YYYY,p2,1,1.22,"30,436,137,471",567x714,2020-10-29:YYYY:p2:0.98
002320,2020-10-29,0.703,YYYY,p2,1,1.21,"23,414,609,578",640x640,2020-10-29:YYYY:p2:0.70
002321,2022-11-04,0.889,YYYY,p2,1,1.63,"91,328,483,370",593x726,2022-11-4:YYYY:p2:0.89
002322,NONE-04-15,0.57,MMDD,p2,1,6.78,"0,490,619,573",687x738,None-4-15:MMDD:p2:0.57
002323,NONE-04-15,0.651,MMDD,p2,1,3.37,"0,406,520,473",640x640,None-4-15:MMDD:p2:0.65
002324,2020-09-06,0.999,YYYY,p2,1,1.41,"92,441,299,484",656x866,2020-9-6:YYYY:p2:1.00
002325,2020-09-06,0.939,YYYY,p2,1,1.56,"99,329,302,388",640x640,2020-9-6:YYYY:p2:0.94
002326,2022-10-23,0.815,YYYY,p2,2,1.94,"155,581,392,620",702x815,2020-10-24:CMP6_YMD:p2:0.91|2022-10-23:YYYY:p2:0.81
002327,2022-10-23,0.929,YYYY,p1@640,1,1.46,"146,405,364,484",640x640,2022-10-23:YYYY:p1@640:0.93
002328,2020-10-21,0.779,YYYY,p2,1,1.42,"361,601,521,647",712x948,2020-10-21:YYYY:p2:0.78
002329,2020-11-30,0.987,YYYY,p2,1,1.17,"166,467,345,509",667x826,2020-11-30:YYYY:p2:0.99
002330,2020-11-30,0.615,YYYY,p2,1,1.33,"179,359,434,424",640x640,2020-11-30:YYYY:p2:0.62
002331,2021-12-16,0.928,YYYY,p1@640,1,1.03,"274,410,419,472",756x1008,2021-12-16:YYYY:p1@640:0.93
002333,2021-10-04,0.836,YY,p2,1,0.73,"293,411,447,471",756x1008,2021-10-4:YY:p2:0.84
002335,2021-11-19,0.953,YYYY,p2,1,1.15,"219,124,428,173",756x1008,2021-11-19:YYYY:p2:0.95
002336,2021-11-19,0.955,YYYY,p1@640,1,1.34,"183,82,362,130",640x640,2021-11-19:YYYY:p1@640:0.96
002337,2023-01-05,0.992,YYYY,p2,1,0.99,"284,321,482,370",756x1008,2023-1-5:YYYY:p2:0.99
002338,2023-01-05,0.884,YYYY,p2,1,1.09,"260,179,427,217",640x640,2023-1-5:YYYY:p2:0.88
002340,2021-12-28,0.709,YY,p2,1,2.22,"287,494,502,550",640x640,2021-12-28:YY:p2:0.71
002341,2021-12-15,0.356,YYYY,p2,4,1.81,"0,650,739,789",756x1008,2020-12-16:YYYY:p2:0.36|2021-12-15:YYYY:p2:0.36|2020-12-16:YYYY:p2:0.36|2021-12-15:YYYY:p2:0.36
002342,2021-12-15,0.822,YYYY,p2,2,1.98,"340,456,539,506",640x640,2020-12-16:YYYY:p2:0.92|2021-12-15:YYYY:p2:0.82
002343,2022-04-09,0.997,YYYY,p2,1,2.46,"278,763,493,812",717x957,2022-4-9:YYYY:p2:1.00
002344,2022-04-09,0.996,YYYY,p2,1,1.55,"294,504,484,558",640x640,2022-4-9:YYYY:p2:1.00
002345,2020-05-12,0.869,CMP6_DMY,p2,1,1.33,"307,660,549,706",702x869,2020-5-12:CMP6_DMY:p2:0.87
002346,NONE-02-12,0.966,MMDD,ft/erode2/p1@640,1,10.26,"322,445,544,514",640x640,None-2-12:MMDD:ft/erode2/p1@640:0.97
002348,2021-10-04,0.937,YYYY,p2,1,0.98,"251,208,438,255",640x640,2021-10-4:YYYY:p2:0.94
002351,2021-09-13,0.828,YYYY,p2,1,8.71,"178,195,518,250",756x1008,2021-9-13:YYYY:p2:0.83
002352,2021-09-13,0.916,YYYY,p1@640,1,1.48,"181,99,461,136",640x640,2021-9-13:YYYY:p1@640:0.92
002353,2021-10-22,0.869,YY,p2,1,1.06,"268,587,724,666",900x1200,2021-10-22:YY:p2:0.87
002354,2021-10-22,0.909,YY,p2,1,1.09,"205,329,529,380",640x640,2021-10-22:YY:p2:0.91
002355,2021-02-12,0.909,YYYY,p2,1,1.52,"350,515,606,585",1013x1351,2021-2-12:YYYY:p2:0.91
002356,2021-02-12,0.945,YYYY,p1@640,1,1.19,"234,214,396,279",640x640,2021-2-12:YYYY:p1@640:0.95
002357,2021-10-10,0.974,YYYY,p2,1,1.75,"187,685,432,752",595x1274,2021-10-10:YYYY:p2:0.97
002358,2021-10-10,0.943,YYYY,p2,1,2.07,"226,319,479,366",640x640,2021-10-10:YYYY:p2:0.94
002359,2021-06-10,0.869,YYYY,p2,1,1.13,"106,685,284,737",482x835,2021-6-10:YYYY:p2:0.87
002360,2021-06-10,0.84,YYYY,p2,1,2.09,"127,532,356,584",640x640,2021-6-10:YYYY:p2:0.84
002361,2019-12-10,0.922,YYYY,p2,1,1.76,"57,180,377,222",597x775,2019-12-10:YYYY:p2:0.92
002362,2019-12-10,0.922,YYYY,p2,1,2.47,"43,164,385,201",640x640,2019-12-10:YYYY:p2:0.92
002363,2021-08-04,0.908,YYYY,p2,1,2.88,"85,510,314,558",520x925,2021-8-4:YYYY:p2:0.91
002364,2021-08-04,0.563,YYYY,p2,1,2.19,"41,356,371,436",640x640,2021-8-4:YYYY:p2:0.56
002365,2021-12-22,0.914,YYYY,p2,1,1.05,"122,689,345,736",673x860,2021-12-22:YYYY:p2:0.91
002366,2020-10-01,0.998,DMY4,p2,1,1.12,"166,128,362,172",574x845,2020-10-1:DMY4:p2:1.00
002367,2020-10-01,0.999,DMY4,p2,1,1.3,"184,82,395,122",640x640,2020-10-1:DMY4:p2:1.00
002368,2022-01-16,0.967,YYYY,p2,1,2.4,"167,675,410,727",716x927,2022-1-16:YYYY:p2:0.97
002369,2022-01-16,0.979,YYYY,p2,1,2.08,"188,480,399,520",640x640,2022-1-16:YYYY:p2:0.98
002370,2022-05-12,0.594,YYYY,p2,1,1.26,"146,388,796,567",813x1084,2022-5-12:YYYY:p2:0.59
002371,2022-11-12,0.936,YYYY,p2,1,1.11,"0,247,350,299",756x1008,2022-11-12:YYYY:p2:0.94
002372,2022-11-12,0.964,YYYY,p1@640,1,1.31,"0,139,296,187",640x640,2022-11-12:YYYY:p1@640:0.96
002373,2028-10-NONE,0.557,YYMM,p1@640,1,1.72,"57,771,555,877",724x966,2028-10-None:YYMM:p1@640:0.56
002374,2028-10-NONE,0.682,YYMM,p1@640,1,1.29,"416,507,532,577",640x640,2028-10-None:YYMM:p1@640:0.68
002375,2019-10-28,0.971,YYYY,p2,1,0.98,"108,423,458,485",623x1172,2019-10-28:YYYY:p2:0.97
002376,2019-10-28,0.989,YYYY,p2,1,2.25,"136,199,490,253",640x640,2019-10-28:YYYY:p2:0.99
002377,2022-12-21,0.72,YYYY,p2,1,2.05,"63,758,501,813",756x1008,2022-12-21:YYYY:p2:0.72
002378,2022-12-21,0.597,YYYY,p2,1,2.78,"74,506,438,548",640x640,2022-12-21:YYYY:p2:0.60
002379,2022-10-20,0.514,YYYY,p2,1,2.87,"169,288,553,343",756x1008,2022-10-20:YYYY:p2:0.51
002380,2022-10-20,0.669,YYYY,p2,1,3.22,"162,173,486,216",640x640,2022-10-20:YYYY:p2:0.67
002382,2021-08-17,0.164,YYYY,p2,1,2.65,"117,0,590,509",640x640,2021-8-17:YYYY:p2:0.16
002383,2020-10-08,0.59,YYYY,p2,1,2.72,"0,701,714,885",965x1290,2020-10-8:YYYY:p2:0.59
002384,2020-10-08,0.74,YYYY,p2,1,2.63,"22,351,491,438",640x640,2020-10-8:YYYY:p2:0.74
002385,2019-08-18,0.79,YY,p2,2,3.12,"300,772,744,838",854x1200,2019-3-19:YY:p2:0.87|2019-8-18:YY:p2:0.79
002386,2019-08-18,0.631,YY,p2,2,3.44,"0,417,559,471",640x640,2019-3-19:YY:p2:0.80|2019-8-18:YY:p2:0.63
002387,2021-01-14,0.89,YYYY,p2,1,0.84,"347,278,603,330",891x544,2021-1-14:YYYY:p2:0.89
002388,2021-01-14,0.969,YYYY,p2,1,1.35,"241,343,431,399",640x640,2021-1-14:YYYY:p2:0.97
002389,2021-08-04,0.64,YYYY,p2,1,1.16,"162,300,852,373",940x566,2021-8-4:YYYY:p2:0.64
002390,2021-08-NONE,0.753,YYYYMM,p1@640,1,0.93,"476,291,805,406",951x502,2021-8-None:YYYYMM:p1@640:0.75
002391,2021-03-NONE,0.659,YYYYMM,p1@640,1,1.87,"0,156,559,562",640x640,2021-3-None:YYYYMM:p1@640:0.66
002392,2021-07-21,0.514,YYYY,p2,1,2.96,"67,439,728,498",898x542,2021-7-21:YYYY:p2:0.51
002393,2020-07-01,0.802,D_MON_Y,p1@1024,1,2.85,"43,244,915,401",1256x714,2020-7-1:D_MON_Y:p1@1024:0.80
002394,2020-11-01,0.917,DMY4,ft/p1@640,2,9.09,"4,203,471,330",640x640,2020-8-7:YYYY:ft/p1@640:0.92|2020-11-1:DMY4:ft/p1@640:0.92
002395,2023-11-11,0.942,YYYY,p1@640,1,1.28,"155,749,347,831",838x1117,2023-11-11:YYYY:p1@640:0.94
002396,2022-01-25,0.975,YYYY,p2,1,1.17,"280,836,663,918",1001x1335,2022-1-25:YYYY:p2:0.97
002397,2022-01-25,0.764,YYYY,p2,1,4.44,"167,314,430,462",640x640,2022-1-25:YYYY:p2:0.76
002398,2021-09-18,0.783,MON_DY,p1@640,1,1.34,"317,436,690,538",1058x1410,2021-9-18:MON_DY:p1@640:0.78
002399,2021-09-18,0.499,MON_DY,p1@640,1,1.24,"154,204,435,391",640x640,2021-9-18:MON_DY:p1@640:0.50
002400,2023-01-05,0.85,YYYY,p1@640,1,1.37,"307,784,678,842",958x1277,2023-1-5:YYYY:p1@640:0.85
002401,2022-12-04,0.454,CMP,p2,1,5.7,"131,922,758,1120",1082x1443,2022-12-4:CMP:p2:0.45
002402,NONE-06-02,0.605,MMDD,ft/p1@640,1,11.94,"184,65,582,126",640x640,None-6-2:MMDD:ft/p1@640:0.61
002403,NONE,,,,0,28.79,,,
002404,NONE,,,,0,15.98,,,
002405,2021-11-01,0.975,YYYY,p2,1,0.93,"349,820,580,891",981x1308,2021-11-1:YYYY:p2:0.98
002406,2021-11-01,0.88,YYYY,p2,1,1.22,"203,390,356,448",640x640,2021-11-1:YYYY:p2:0.88
002407,2022-03-08,0.888,YYYY,p1@1024,1,3.33,"260,517,623,601",966x1288,2022-3-8:YYYY:p1@1024:0.89
002408,2022-10-29,0.881,DMY4,p2,3,2.1,"301,589,706,656",937x1249,2019-10-29:DMY4:p2:0.91|2019-8-7:YYYY:p2:0.91|2022-10-29:DMY4:p2:0.88
002409,2019-10-29,0.767,DMY4,p1@640,1,1.2,"175,221,477,346",640x640,2019-10-29:DMY4:p1@640:0.77
002410,2022-04-NONE,0.989,MMYYYY,p2,1,0.96,"526,952,724,1026",987x1316,2022-4-None:MMYYYY:p2:0.99
002411,2023-01-12,0.892,YYYY,p2,1,1.16,"860,563,1100,628",1386x1039,2023-1-12:YYYY:p2:0.89
002412,2023-01-18,0.998,YYYY,p2,1,1.96,"291,818,520,865",825x1114,2023-1-18:YYYY:p2:1.00
002413,2022-07-20,0.941,YYYY,p2,1,1.53,"156,900,550,967",975x1300,2022-7-20:YYYY:p2:0.94
002414,2021-11-01,0.625,YYYY,p1@640,1,2.31,"189,987,886,1077",1080x1439,2021-11-1:YYYY:p1@640:0.63
002416,2021-12-25,0.977,YYYY,p2,1,1.07,"545,519,838,599",1245x934,2021-12-25:YYYY:p2:0.98
002417,2021-12-25,0.736,YYYY,p2,1,0.98,"267,359,421,413",640x640,2021-12-25:YYYY:p2:0.74
002419,2023-05-10,0.708,YYYY,p2,1,2.0,"218,479,505,524",640x640,2023-5-10:YYYY:p2:0.71
002420,2020-10-23,0.924,DMY4,p2,1,0.75,"159,209,370,250",516x608,2020-10-23:DMY4:p2:0.92
002422,2023-02-07,0.999,YYYY,p2,1,2.21,"274,644,570,710",695x1154,2023-2-7:YYYY:p2:1.00
002423,2023-02-07,0.894,YYYY,p2,1,3.07,"14,336,533,396",640x640,2023-2-7:YYYY:p2:0.89
002424,2022-06-09,0.954,YYYY,p2,1,0.73,"186,383,473,461",665x886,2022-6-9:YYYY:p2:0.95
002425,2022-06-09,0.983,YYYY,p2,1,1.47,"175,287,447,342",640x640,2022-6-9:YYYY:p2:0.98
002426,2021-01-18,0.863,YYYY,p2,1,1.74,"140,613,362,676",585x760,2021-1-18:YYYY:p2:0.86
002428,2020-12-23,0.963,YY,p2,1,1.99,"200,416,579,484",1083x665,2020-12-23:YY:p2:0.96
002429,2022-07-03,0.306,YYYY,p2,2,1.87,"153,443,680,591",1008x756,2030-2-1:SP_YMD:p1@640:0.53|2022-7-3:YYYY:p2:0.31
002430,2021-06-11,0.906,CMP,p2,1,4.48,"237,450,854,548",857x1143,2021-6-11:CMP:p2:0.91
002431,2021-06-11,0.903,YYYY,erode2/p1@640,1,3.03,"191,264,362,354",640x640,2021-6-11:YYYY:erode2/p1@640:0.90
002432,2020-07-16,0.881,YY,p2,1,9.08,"205,588,575,647",777x991,2020-7-16:YY:p2:0.88
002434,2023-01-07,0.756,YYYY,p2,1,1.34,"171,869,681,958",1004x1285,2023-1-7:YYYY:p2:0.76
002435,2021-06-03,0.916,DMY4,p1@640,1,2.14,"263,742,501,783",756x1008,2021-6-3:DMY4:p1@640:0.92
002437,2020-09-13,0.702,DMY4,p2,1,2.97,"358,325,976,490",1009x613,2020-9-13:DMY4:p2:0.70
002439,2022-01-26,0.686,YY_LEAD0,p2,1,1.52,"89,819,638,914",1131x1507,2022-1-26:YY_LEAD0:p2:0.69
002440,2022-07-26,0.811,YYYY,ft/p2,1,27.65,"46,338,343,373",640x640,2022-7-26:YYYY:ft/p2:0.81
002441,2021-08-03,0.729,YYYY,p2,1,1.43,"136,514,955,734",1455x1092,2021-8-3:YYYY:p2:0.73
002442,2021-08-03,0.748,YYYY,p2,1,1.55,"39,295,404,422",640x640,2021-8-3:YYYY:p2:0.75
002443,NONE-11-11,0.875,MMDD,p2,1,1.85,"360,636,983,707",1350x1802,None-11-11:MMDD:p2:0.88
002445,2021-01-16,0.991,YYYY,p2,1,1.48,"531,165,941,210",1318x925,2021-1-16:YYYY:p2:0.99
002446,2021-01-16,0.642,YYYY,p2,1,1.19,"0,122,474,393",640x640,2021-1-16:YYYY:p2:0.64
002447,2021-02-04,0.802,YYYY,p2,1,1.74,"449,583,860,645",1071x1429,2021-2-4:YYYY:p2:0.80
002449,2021-06-09,0.822,YYYY,p2,2,1.1,"354,863,640,953",1082x1442,2021-6-9:YYYY:p2:0.82|2020-12-10:YYYY:p2:0.82
002450,NONE,,,,0,14.99,,,
002451,2021-08-14,0.882,YYYY,p2,1,0.86,"414,395,555,463",938x1251,2021-8-14:YYYY:p2:0.88
002452,2021-12-22,0.609,YY,ft/blur1/p1@1024,1,42.16,"107,640,357,719",958x1277,2021-12-22:YY:ft/blur1/p1@1024:0.61
002453,NONE,,,,0,18.74,,,
002454,2023-02-NONE,0.999,MMYYYY,p2,1,2.68,"124,875,261,910",948x1264,2023-2-None:MMYYYY:p2:1.00
002455,2023-02-NONE,0.406,MMYYYY,p2,1,2.94,"64,186,640,619",640x640,2023-2-None:MMYYYY:p2:0.41
002456,2024-09-15,0.904,DMY4,p2,2,3.94,"284,886,663,935",1004x1338,2021-1-8:SP_DMY:p1@640:0.56|2024-9-15:DMY4:p2:0.90
002457,2024-09-15,0.73,DMY4,p2,1,1.91,"170,439,406,482",640x640,2024-9-15:DMY4:p2:0.73
002458,2022-04-NONE,0.757,YYYYMM,p2,1,18.79,"339,672,543,716",851x1135,2022-4-None:YYYYMM:p2:0.76
002459,2021-11-30,0.674,YYYY,p2,1,5.29,"100,816,820,854",1028x1274,2021-11-30:YYYY:p2:0.67
002460,2021-11-30,0.303,YYYY,p1keep/p1@640,2,2.09,"61,322,559,515",640x640,2021-1-30:YYYY:p2:0.16|2021-11-30:YYYY:p1keep/p1@640:0.30
002461,2021-10-31,0.656,YYYY,p2,1,2.14,"475,847,1002,940",1067x1422,2021-10-31:YYYY:p2:0.66
002462,2020-12-02,0.819,YYYY,p2,1,1.75,"258,336,428,387",897x1196,2020-12-2:YYYY:p2:0.82
002463,2020-12-26,0.921,EXTEND_R,p2,1,1.75,"196,151,334,205",640x640,2020-12-26:EXTEND_R:p2:0.92
002464,2022-05-NONE,0.876,MMYYYY,p2,1,2.17,"264,895,576,936",983x1311,2022-5-None:MMYYYY:p2:0.88
002465,2022-01-20,0.484,YYYY,p2,1,2.93,"205,644,1012,729",1132x1510,2022-1-20:YYYY:p2:0.48
002466,2022-01-20,0.598,YYYY,p2,1,2.49,"109,290,562,338",640x640,2022-1-20:YYYY:p2:0.60
002467,2021-05-18,0.97,DMY4,p2,2,2.19,"362,451,694,504",1042x1389,2019-11-18:DMY4:p1@640:0.91|2021-5-18:DMY4:p2:0.97
002470,2023-06-22,0.934,DMY4,p2,1,1.0,"244,307,362,345",640x640,2023-6-22:DMY4:p2:0.93
002471,2021-03-18,0.783,YY,p2,2,2.09,"212,628,547,692",944x1259,2021-3-12:YY:p2:0.82|2021-3-18:YY:p2:0.78
002472,2021-03-18,0.708,YY,p1@640,1,1.41,"157,285,384,389",640x640,2021-3-18:YY:p1@640:0.71
002473,2021-03-16,0.701,YY,p2,2,3.61,"771,755,1424,845",1536x2048,2021-3-10:YY:p2:0.67|2021-3-16:YY:p2:0.70
002474,2021-03-16,0.789,YY,p1@640,2,3.22,"324,221,593,257",640x640,2021-3-10:YY:p2:0.83|2021-3-16:YY:p1@640:0.79
002475,2021-03-13,0.982,YYYY,p2,2,3.0,"349,913,460,944",1066x1422,2024-10-2:CMP6_YMD:p1@640:0.60|2021-3-13:YYYY:p2:0.98
002476,2021-03-13,0.993,YYYY,p2,1,2.15,"248,424,315,443",640x640,2021-3-13:YYYY:p2:0.99
002477,2023-03-15,0.386,YYYY,p2,1,2.02,"288,605,648,644",1440x1080,2023-3-15:YYYY:p2:0.39
002478,2023-03-15,0.588,YYYY,p2,1,1.58,"140,344,291,364",640x640,2023-3-15:YYYY:p2:0.59
002479,2022-07-NONE,0.941,YYYYMM,p2,1,1.31,"160,579,312,628",784x1046,2022-7-None:YYYYMM:p2:0.94
002480,2022-07-NONE,0.999,YYYYMM,p2,1,1.54,"114,368,236,400",640x640,2022-7-None:YYYYMM:p2:1.00
002481,2021-03-28,0.688,YYYY,p1@1024,1,3.09,"348,325,614,384",873x1096,2021-3-28:YYYY:p1@1024:0.69
002482,2021-05-28,0.669,YYYY,p1@640,1,1.18,"256,189,453,256",640x640,2021-5-28:YYYY:p1@640:0.67
002483,2021-05-05,0.891,YYYY,blur1/p1@640,1,10.23,"135,273,390,333",673x770,2021-5-5:YYYY:blur1/p1@640:0.89
002484,2021-05-NONE,0.794,YYYYMM,ft/p2,1,9.15,"146,216,353,293",640x640,2021-5-None:YYYYMM:ft/p2:0.79
002485,2022-08-03,0.93,YYYY,p2,1,1.01,"341,927,625,978",1016x1355,2022-8-3:YYYY:p2:0.93
002486,2022-08-03,0.857,YYYY,p2,1,1.22,"238,421,418,467",640x640,2022-8-3:YYYY:p2:0.86
002487,2021-02-06,0.998,YYYY,p2,1,1.07,"278,717,525,770",981x1244,2021-2-6:YYYY:p2:1.00
002488,2021-02-06,0.965,YYYY,p2,1,1.39,"184,367,347,415",640x640,2021-2-6:YYYY:p2:0.97
002489,2021-04-18,0.882,YYYY,p2,1,1.12,"345,749,590,786",886x1181,2021-4-18:YYYY:p2:0.88
002490,2021-04-18,0.686,YYYY,p1@640,1,1.34,"9,0,617,429",640x640,2021-4-18:YYYY:p1@640:0.69
002491,NONE-08-09,0.474,MMDD,p2,1,8.34,"274,630,493,701",910x1235,None-8-9:MMDD:p2:0.47
002492,2020-01-01,0.167,SP_DMY,p2,1,4.89,"7,400,485,621",640x640,2020-1-1:SP_DMY:p2:0.17
002493,2023-03-10,0.993,YY,p2,4,2.64,"395,902,591,941",1096x1462,2020-8-10:DMY4:p2:1.00|2022-2-10:DMY4:p2:0.97|2023-3-10:YY:p2:0.99|2020-8-10:DMY4:p2:0.99
002494,2022-02-10,0.898,DMY4,p2,4,1.82,"241,400,374,443",640x640,2020-10-2:YYYY:p2:0.90|2020-8-10:DMY4:p2:0.90|2022-2-10:DMY4:p2:0.90|2020-8-10:DMY4:p2:0.97
002495,2021-01-27,0.889,YYYY,p2,1,1.4,"354,417,672,494",1055x1406,2021-1-27:YYYY:p2:0.89
002496,2021-01-27,0.897,YYYY,p2,1,1.11,"208,200,398,244",640x640,2021-1-27:YYYY:p2:0.90
002497,2024-09-NONE,0.937,YYMM,p1@640,1,1.26,"589,576,711,605",981x1308,2024-9-None:YYMM:p1@640:0.94
002499,2021-05-07,0.207,YYYY,p2,1,1.57,"114,201,460,512",640x640,2021-5-7:YYYY:p2:0.21
002500,2021-08-21,0.086,YYYY,p2,1,3.73,"13,154,1375,778",1384x1038,2021-8-21:YYYY:p2:0.09
002501,2021-08-21,0.103,YYYY,p2,1,2.81,"225,98,570,467",640x640,2021-8-21:YYYY:p2:0.10
002502,2022-01-24,0.813,YYYY,p2,1,1.97,"260,1144,832,1200",1077x1436,2022-1-24:YYYY:p2:0.81
002503,2022-01-24,0.82,YYYY,p2,1,1.35,"104,481,346,539",640x640,2022-1-24:YYYY:p2:0.82
002504,2022-01-06,0.758,YYYY,p2,1,1.08,"377,915,646,973",1017x1356,2022-1-6:YYYY:p2:0.76
002505,2022-01-06,0.907,YYYY,p2,1,1.21,"281,447,448,481",640x640,2022-1-6:YYYY:p2:0.91
002506,2021-08-08,0.807,YYYY,p2,1,1.4,"266,270,663,320",899x1198,2021-8-8:YYYY:p2:0.81
002507,2021-08-08,0.669,YYYY,p2,1,1.54,"181,118,464,167",640x640,2021-8-8:YYYY:p2:0.67
002508,2021-11-09,0.953,YYYY,p2,1,1.37,"395,309,1345,453",1487x1115,2021-11-9:YYYY:p2:0.95
002509,2021-11-09,0.929,YYYY,p2,1,1.18,"148,183,563,269",640x640,2021-11-9:YYYY:p2:0.93
002510,2022-03-09,0.967,YYYY,p2,1,1.15,"430,806,621,839",946x1261,2022-3-9:YYYY:p2:0.97
002511,2022-03-09,0.841,YYYY,dilate2/p1@640,1,6.7,"287,390,416,427",640x640,2022-3-9:YYYY:dilate2/p1@640:0.84
002513,2021-11-04,0.879,YYYY,p2,1,1.17,"195,465,395,500",640x640,2021-11-4:YYYY:p2:0.88
002514,2022-02-16,0.821,YYYY,p2,1,1.94,"409,1095,854,1170",1062x1416,2022-2-16:YYYY:p2:0.82
002515,2022-02-16,0.775,YYYY,p2,1,1.54,"291,465,558,526",640x640,2022-2-16:YYYY:p2:0.77
002516,2022-07-20,0.956,YYYY,p2,1,1.24,"419,636,691,707",1105x1474,2022-7-20:YYYY:p2:0.96
002518,2023-01-25,0.993,YYYY,p2,1,2.02,"464,965,701,1025",1036x1381,2023-1-25:YYYY:p2:0.99
002519,2023-01-25,0.957,YYYY,p2,1,1.47,"258,457,406,503",640x640,2023-1-25:YYYY:p2:0.96
002520,2023-10-02,0.993,DMY4,p2,1,1.02,"480,362,643,390",815x1109,2023-10-2:DMY4:p2:0.99
002521,2023-10-02,0.996,DMY4,p2,1,1.16,"396,210,525,235",640x640,2023-10-2:DMY4:p2:1.00
002522,2022-09-14,0.986,YYYY,p2,1,1.49,"271,336,429,381",1040x1387,2022-9-14:YYYY:p2:0.99
002523,2022-09-14,0.981,YYYY,p2,1,1.14,"152,155,468,190",640x640,2022-9-14:YYYY:p2:0.98
002524,2023-01-25,0.999,YYYY,p2,1,0.83,"368,704,539,757",1105x1473,2023-1-25:YYYY:p2:1.00
002525,2023-01-25,0.552,YYYY,p2,1,1.32,"196,243,454,345",640x640,2023-1-25:YYYY:p2:0.55
002526,2023-02-15,0.983,YYYY,p2,1,1.19,"213,524,435,579",972x1296,2023-2-15:YYYY:p2:0.98
002527,2023-02-15,0.999,YYYY,p2,1,1.17,"141,249,283,281",640x640,2023-2-15:YYYY:p2:1.00
002528,2021-10-19,0.898,YYYY,p2,1,2.21,"325,1034,593,1077",994x1326,2021-10-19:YYYY:p2:0.90
002530,2022-01-19,0.956,YYYY,p2,1,2.68,"351,1115,651,1166",1109x1478,2022-1-19:YYYY:p2:0.96
002532,2022-06-30,0.393,YYYY,p2,1,1.96,"342,833,604,891",923x1231,2022-6-30:YYYY:p2:0.39
002533,2022-06-30,0.814,YYYY,p2,1,1.05,"186,425,317,477",640x640,2022-6-30:YYYY:p2:0.81
002534,2021-12-04,0.996,YYYY,p2,1,1.25,"354,427,580,476",1006x1341,2021-12-4:YYYY:p2:1.00
002535,2021-12-04,0.343,YYYY,p2,1,1.52,"189,197,406,326",640x640,2021-12-4:YYYY:p2:0.34
002536,2021-09-22,0.984,DMY4,p2,1,12.38,"379,306,512,333",1113x1484,2021-9-22:DMY4:p2:0.98
002537,2021-09-22,0.955,DMY4,p2,1,7.23,"317,198,431,227",640x640,2021-9-22:DMY4:p2:0.96
002538,2021-08-05,0.457,YYYY,p1@640,1,3.56,"229,688,1046,971",1059x1412,2021-8-5:YYYY:p1@640:0.46
002539,2021-08-05,0.446,YYYY,p1keep/erode2/p1@640,2,8.6,"161,113,640,431",640x640,2021-8-None:YYYYMM:p2:0.41|2021-8-5:YYYY:p1keep/erode2/p1@640:0.45
002540,2021-12-19,0.898,DMY4,p2,1,3.32,"556,1009,917,1050",1103x1471,2021-12-19:DMY4:p2:0.90
002541,2021-12-19,0.929,DMY4,p2,1,3.11,"314,456,522,483",640x640,2021-12-19:DMY4:p2:0.93
002542,2021-10-17,0.941,YYYY,p1@640,1,1.01,"461,475,723,537",1075x1433,2021-10-17:YYYY:p1@640:0.94
002543,NONE-10-17,0.687,MMDD,p2,1,3.49,"100,208,465,472",640x640,None-10-17:MMDD:p2:0.69
002544,2021-03-21,0.589,YYYY,p2,1,13.72,"27,224,502,568",947x1263,2021-3-21:YYYY:p2:0.59
002546,2022-04-NONE,0.857,MMYYYY,p1@640,1,3.56,"196,906,753,980",981x1309,2022-4-None:MMYYYY:p1@640:0.86
002549,2021-04-02,0.603,YY,blur1/p1@640,1,6.69,"101,323,513,391",640x640,2021-4-2:YY:blur1/p1@640:0.60
002550,2021-09-30,0.93,DMY4,p2,1,1.39,"415,411,693,468",940x1253,2021-9-30:DMY4:p2:0.93
002551,2021-09-30,0.836,DMY4,p2,1,1.48,"288,220,475,255",640x640,2021-9-30:DMY4:p2:0.84
002552,2021-01-22,0.823,YY,erode3/p1@640,1,8.86,"134,355,544,430",903x1202,2021-1-22:YY:erode3/p1@640:0.82
002553,2022-01-21,0.828,DDMMYY,p2,1,1.35,"103,236,432,316",640x640,2022-1-21:DDMMYY:p2:0.83
002554,2021-11-18,0.999,DMY4,p2,1,2.11,"582,866,731,901",980x1307,2021-11-18:DMY4:p2:1.00
002555,2021-11-18,0.999,DMY4,p2,1,1.88,"364,429,461,448",640x640,2021-11-18:DMY4:p2:1.00
002556,2021-11-17,0.983,YYYY,p2,1,1.06,"428,698,657,744",1099x1465,2021-11-17:YYYY:p2:0.98
002557,2021-11-17,0.655,YYYY,p2,1,1.47,"62,317,515,564",640x640,2021-11-17:YYYY:p2:0.65
002558,2022-04-01,0.961,YYYY,p2,1,1.48,"371,697,613,757",878x1171,2022-4-1:YYYY:p2:0.96
002559,2022-04-07,0.892,YYYY,p2,1,5.03,"261,383,436,446",640x640,2022-4-7:YYYY:p2:0.89
002560,2022-10-21,0.98,YYYY,p2,1,2.23,"447,1063,684,1100",1052x1403,2022-10-21:YYYY:p2:0.98
002561,NONE-10-21,0.844,MMDD,p1@640,1,2.71,"227,493,504,558",640x640,None-10-21:MMDD:p1@640:0.84
002562,2021-08-29,0.729,DMY4,p2,1,1.74,"336,882,738,942",1033x1377,2021-8-29:DMY4:p2:0.73
002563,2021-08-29,0.787,DMY4,p2,1,1.65,"328,416,493,464",640x640,2021-8-29:DMY4:p2:0.79
002564,2021-09-25,0.998,YYYY,p2,1,3.26,"527,911,769,968",1085x1447,2021-9-25:YYYY:p2:1.00
002565,2021-09-25,0.997,YYYY,p2,1,1.63,"280,412,427,464",640x640,2021-9-25:YYYY:p2:1.00
002566,2021-10-15,0.913,DMY4,p2,2,2.9,"543,895,728,946",1013x1351,2020-3-None:YYMM:p2:0.80|2021-10-15:DMY4:p2:0.91
002567,2021-10-15,0.865,DMY4,p1@640,1,1.8,"67,405,463,469",640x640,2021-10-15:DMY4:p1@640:0.87
002568,2022-04-04,0.945,DMY4,p2,1,0.99,"242,630,576,693",916x1221,2022-4-4:DMY4:p2:0.95
002569,2022-04-04,0.947,DMY4,p2,1,1.12,"249,307,421,350",640x640,2022-4-4:DMY4:p2:0.95
002570,2021-05-07,0.39,YYYY,p2,4,3.97,"407,315,1238,516",1473x1105,2021-1-8:YYYY:p2:0.39|2021-5-7:YYYY:p2:0.39|2021-5-7:YYYY:p2:0.39|2021-1-8:YYYY:p2:0.39
002571,2021-05-07,0.69,YYYY,p1keep/p1@640,3,1.52,"190,177,543,251",640x640,2021-1-8:YYYY:p2:0.58|2021-1-8:YYYY:p2:0.58|2021-5-7:YYYY:p1keep/p1@640:0.69
002572,2021-12-29,0.64,YYYY,p2,1,2.33,"256,1020,817,1073",1098x1464,2021-12-29:YYYY:p2:0.64
002574,2021-12-16,0.965,YYYY,p2,1,1.7,"324,870,623,913",978x1304,2021-12-16:YYYY:p2:0.96
002575,2021-12-16,0.96,YYYY,p2,1,2.54,"221,430,417,458",640x640,2021-12-16:YYYY:p2:0.96
002576,2020-02-18,0.458,YYYY,p2,1,3.74,"0,257,950,615",1093x1458,2020-2-18:YYYY:p2:0.46
002578,2024-01-14,0.868,YYYY,p2,1,3.35,"227,1072,678,1124",991x1322,2024-1-14:YYYY:p2:0.87
002579,2024-01-14,0.551,YYYY,p1@640,1,3.21,"93,191,434,527",640x640,2024-1-14:YYYY:p1@640:0.55
002580,2021-11-17,0.487,YYYY,p1@640,1,2.95,"122,67,485,676",719x1015,2021-11-17:YYYY:p1@640:0.49
002581,2021-01-17,0.386,YYYY,p2,1,2.93,"107,57,447,453",640x640,2021-1-17:YYYY:p2:0.39
002582,2021-01-07,0.918,YYYY,p2,1,1.12,"347,929,495,978",1126x1501,2021-1-7:YYYY:p2:0.92
002583,2021-01-07,0.97,YYYY,p2,1,1.17,"231,405,316,437",640x640,2021-1-7:YYYY:p2:0.97
002584,2023-11-04,0.966,DDMMYY,p2,1,2.6,"237,325,391,358",676x903,2023-11-4:DDMMYY:p2:0.97
002585,2023-11-04,0.965,DDMMYY,p2,1,2.33,"213,234,357,268",640x640,2023-11-4:DDMMYY:p2:0.96
002586,NONE-12-22,0.975,MMDD,p2,1,3.84,"295,937,506,967",833x1109,None-12-22:MMDD:p2:0.97
002588,2023-10-15,0.884,YMD_GLUED,p2,2,2.9,"373,944,621,981",1053x1405,2020-10-15:YYYY:p2:0.92|2023-10-15:YMD_GLUED:p2:0.88
002590,2023-10-27,0.944,DMY4,p2,1,3.57,"379,876,573,907",1038x1385,2023-10-27:DMY4:p2:0.94
002592,2023-08-11,0.821,DDMMYY,p2,2,2.53,"415,855,572,898",1016x1355,2023-8-11:DDMMYY:p2:0.82|2023-11-18:MDY:p2:0.80
002594,2022-08-05,0.943,DMY4,p2,1,2.72,"447,858,759,926",1017x1356,2022-8-5:DMY4:p2:0.94
002596,2022-10-22,0.978,YYYY,p2,1,2.91,"378,878,516,920",941x1255,2022-10-22:YYYY:p2:0.98
002598,2021-12-NONE,0.976,MMYYYY,p2,1,2.39,"307,1056,607,1102",1008x1344,2021-12-None:MMYYYY:p2:0.98
002599,2021-12-NONE,0.922,MMYYYY,p2,1,2.54,"173,491,359,521",640x640,2021-12-None:MMYYYY:p2:0.92
002600,2020-10-21,0.848,YYYY,p2,1,1.31,"295,908,689,991",971x1294,2020-10-21:YYYY:p2:0.85
002601,2020-10-21,0.796,YYYY,p2,1,1.16,"220,432,476,498",640x640,2020-10-21:YYYY:p2:0.80
002602,2022-07-07,0.507,YYYY,p2,1,3.36,"322,731,694,802",861x1255,2022-7-7:YYYY:p2:0.51
002603,2022-07-07,0.935,YYYY,p1@640,2,2.59,"222,361,434,407",640x640,2022-7-7:YYYY:p1@640:0.94|2020-7-1:YYYY:p2:0.48
002606,2022-04-02,0.914,YYYY,p2,1,1.95,"254,407,444,441",744x993,2022-4-2:YYYY:p2:0.91
002610,2020-11-13,0.856,DMY4,p1@640,1,1.31,"11,281,539,377",640x640,2020-11-13:DMY4:p1@640:0.86
002611,2021-12-01,0.997,YYYY,p2,1,1.66,"328,790,503,822",911x1215,2021-12-1:YYYY:p2:1.00
002612,2021-12-01,0.604,YYYY,p2,1,1.51,"214,384,432,455",640x640,2021-12-1:YYYY:p2:0.60
002613,2023-04-NONE,0.964,MMYYYY,p2,1,1.71,"355,571,791,622",1058x1411,2023-4-None:MMYYYY:p2:0.96
002616,2022-12-21,0.589,YYYY,p2,1,1.26,"192,335,435,468",640x640,2022-12-21:YYYY:p2:0.59
002617,2020-02-20,0.223,SP_DMY,p1@1024,1,5.2,"166,550,749,898",1019x1358,2020-2-20:SP_DMY:p1@1024:0.22
002618,2022-05-04,0.908,YYYY,p2,1,7.18,"204,174,430,236",640x640,2022-5-4:YYYY:p2:0.91
002619,2022-03-31,0.986,DMY4,p2,1,1.31,"398,469,650,516",1062x1416,2022-3-31:DMY4:p2:0.99
002620,2022-03-31,0.942,DMY4,p2,1,1.42,"234,199,386,236",640x640,2022-3-31:DMY4:p2:0.94
002621,2023-12-21,0.851,YYYY,p2,1,1.23,"462,549,639,611",1051x1401,2023-12-21:YYYY:p2:0.85
002622,2023-12-21,0.995,YYYY,p1@640,1,1.36,"266,237,373,275",640x640,2023-12-21:YYYY:p1@640:1.00
002623,2022-12-19,0.987,YYYY,p2,1,1.42,"380,790,582,834",916x1221,2022-12-19:YYYY:p2:0.99
002624,2022-12-19,0.879,YY_LEAD0,p1@640,1,1.34,"217,378,434,434",640x640,2022-12-19:YY_LEAD0:p1@640:0.88
002625,2021-06-22,0.769,YYYY,p1@640,1,1.86,"183,409,1262,667",1270x882,2021-6-22:YYYY:p1@640:0.77
002626,2021-06-22,0.652,YYYY,p2,1,1.61,"74,301,625,494",640x640,2021-6-22:YYYY:p2:0.65
002627,2021-12-08,0.852,YYYY,p2,1,1.25,"322,845,579,918",903x1204,2021-12-8:YYYY:p2:0.85
002628,2021-12-08,0.863,YYYY,p2,1,1.34,"211,441,393,481",640x640,2021-12-8:YYYY:p2:0.86
002629,2023-05-20,0.167,DMY4,p2,4,5.03,"180,285,1043,1348",1095x1460,2023-2-20:YYYY:p2:0.17|2023-5-20:DMY4:p2:0.17|2023-5-20:DMY4:p2:0.17|2023-2-20:YYYY:p2:0.17
002631,2022-01-20,0.476,YYYY,p2,1,3.64,"0,436,891,1309",1025x1367,2022-1-20:YYYY:p2:0.48
002632,2022-01-20,0.491,YYYY,p1@640,1,1.96,"0,139,530,482",640x640,2022-1-20:YYYY:p1@640:0.49
002633,2022-02-03,0.333,YYYY,p2,1,3.29,"29,881,705,944",1006x1342,2022-2-3:YYYY:p2:0.33
002634,2022-02-03,0.51,YYYY,p2,1,3.2,"34,390,465,465",640x640,2022-2-3:YYYY:p2:0.51
002635,2022-10-09,0.92,DMY4,p2,1,2.36,"283,879,939,960",997x1330,2022-10-9:DMY4:p2:0.92
002636,2022-10-09,0.998,DMY4,p2,1,2.49,"181,422,287,452",640x640,2022-10-9:DMY4:p2:1.00
002637,2022-11-01,0.619,YYYY,p2,1,2.67,"92,625,780,688",1004x1338,2022-11-1:YYYY:p2:0.62
002638,2022-11-01,0.419,YYYY,p2,1,3.21,"61,321,520,510",640x640,2022-11-1:YYYY:p2:0.42
002639,2021-12-04,0.996,YYYY,p2,1,1.47,"424,1000,618,1037",1044x1392,2021-12-4:YYYY:p2:1.00
002640,2021-12-04,0.966,YYYY,p2,1,1.63,"259,452,376,474",640x640,2021-12-4:YYYY:p2:0.97
002641,2021-10-31,0.81,DMY4,p2,1,3.79,"247,1064,821,1150",970x1294,2021-10-31:DMY4:p2:0.81
002642,2021-10-31,0.617,DMY4,p2,2,4.07,"152,505,533,548",640x640,2021-10-31:DMY4:p2:0.62|None-11-21:MMDD:redet:0.68
002644,2022-11-NONE,0.816,MMYYYY,ft/erode2/p1@640,1,20.49,"293,348,417,389",640x640,2022-11-None:MMYYYY:ft/erode2/p1@640:0.82
002645,2021-12-14,0.925,YYYY,p2,2,4.67,"225,473,663,502",923x1230,2021-12-14:YYYY:p2:0.92|2027-7-7:SP_DMY:p2:0.73
002647,2022-01-24,0.661,YYYY,p2,1,1.41,"0,254,1099,360",1251x938,2022-1-24:YYYY:p2:0.66
002648,2022-01-24,0.441,YYYY,p2,1,1.34,"220,208,429,259",640x640,2022-1-24:YYYY:p2:0.44
002649,2021-07-01,0.817,DMY4,p2,1,1.42,"373,316,1246,510",1250x837,2021-7-1:DMY4:p2:0.82
002650,NONE,,,,0,14.18,,,
002652,2021-08-18,0.948,YYYY,p2,1,1.15,"252,425,388,465",640x640,2021-8-18:YYYY:p2:0.95
002655,2021-03-20,0.792,YY,p2,1,0.85,"618,709,973,821",1408x1876,2021-3-20:YY:p2:0.79
002656,2021-03-25,0.283,YY,p2,1,1.1,"250,238,463,414",640x640,2021-3-25:YY:p2:0.28
002657,2021-07-01,0.999,DDMMYY,p2,1,2.81,"162,808,292,843",809x1079,2021-7-1:DDMMYY:p2:1.00
002658,2021-07-01,0.948,DDMMYY,p2,1,2.46,"119,451,222,483",640x640,2021-7-1:DDMMYY:p2:0.95
002659,2022-06-11,0.908,YYYY,p2,1,2.82,"262,924,489,964",913x1217,2022-6-11:YYYY:p2:0.91
002660,2022-06-11,0.829,YYYY,p2,1,2.56,"173,479,333,501",640x640,2022-6-11:YYYY:p2:0.83
002661,2022-01-11,0.723,YYYY,p2,2,3.97,"304,743,795,775",1042x1390,2021-1-11:YYYY:p2:0.46|2022-1-11:YYYY:p2:0.72
002662,2022-01-11,0.66,YYYY,p2,4,3.45,"165,316,476,362",640x640,2021-1-11:YYYY:p2:0.66|2022-1-11:YYYY:p2:0.66|2021-1-11:YYYY:p2:0.66|2022-1-11:YYYY:p2:0.66
002663,2021-08-18,0.962,YYYY,p2,2,4.12,"261,1075,567,1118",1088x1451,2020-8-18:YYYY:p2:0.86|2021-8-18:YYYY:p2:0.96
002664,2021-08-18,0.977,YYYY,p2,2,1.88,"202,481,380,507",640x640,2020-8-18:YYYY:p2:0.98|2021-8-18:YYYY:p2:0.98
002667,2021-09-09,1.0,DMY4,p2,1,1.31,"314,872,521,925",1055x1406,2021-9-9:DMY4:p2:1.00
002668,2021-09-09,0.972,DMY4,p2,1,1.37,"190,383,316,420",640x640,2021-9-9:DMY4:p2:0.97
002669,2022-04-18,0.718,YYYY,p2,1,2.39,"68,771,593,873",959x1278,2022-4-18:YYYY:p2:0.72
002670,2023-04-30,0.868,DMY4,p2,1,1.06,"812,423,1120,520",1472x1104,2023-4-30:DMY4:p2:0.87
002671,2021-04-05,0.843,YYYY,p2,1,2.58,"192,960,762,1042",1121x1495,2021-4-5:YYYY:p2:0.84
002673,2021-04-25,0.757,YYYY,p2,1,0.96,"166,568,661,646",915x1220,2021-4-25:YYYY:p2:0.76
002674,2021-04-25,0.984,YYYY,p2,1,1.23,"305,273,472,309",640x640,2021-4-25:YYYY:p2:0.98
002675,2021-03-23,0.743,YYYY,p2,1,1.67,"182,607,1235,687",1294x970,2021-3-23:YYYY:p2:0.74
002676,2021-03-23,0.785,YYYY,p2,1,1.38,"104,414,440,468",640x640,2021-3-23:YYYY:p2:0.78
002677,2021-08-04,0.904,YYYY,p2,1,1.25,"393,918,692,982",1096x1461,2021-8-4:YYYY:p2:0.90
002678,2021-08-04,0.844,YYYY,p2,1,1.09,"239,368,411,443",640x640,2021-8-4:YYYY:p2:0.84
002679,2021-07-17,0.83,YYYY,p2,1,1.43,"243,781,540,844",884x1179,2021-7-17:YYYY:p2:0.83
002680,2021-10-29,0.685,DMY4,p2,1,2.21,"72,479,732,895",931x1242,2021-10-29:DMY4:p2:0.69
002681,2021-09-10,0.347,DDMMYY,p2,1,4.22,"8,504,862,1059",999x1332,2021-9-10:DDMMYY:p2:0.35
002682,2021-09-10,0.578,DDMMYY,p2,1,2.6,"10,204,539,280",640x640,2021-9-10:DDMMYY:p2:0.58
002683,2021-12-03,0.962,DMY4,p2,1,2.3,"235,803,677,852",1116x1489,2021-12-3:DMY4:p2:0.96
002684,2027-12-03,0.719,DMY4,p2,2,1.61,"127,312,385,384",640x640,2027-12-3:DMY4:p2:0.72|2021-12-3:DMY4:p1keep/p1@640:0.96
002685,2021-07-28,0.682,DMY4,p2,1,4.77,"461,499,1148,552",1353x1015,2021-7-28:DMY4:p2:0.68
002686,2021-11-05,0.674,YYYY,p2,1,1.89,"190,205,706,370",940x1252,2021-11-5:YYYY:p2:0.67
002687,2021-02-02,0.959,YYYY,p2,1,1.66,"586,765,934,829",1535x2048,2021-2-2:YYYY:p2:0.96
002688,2021-06-11,0.678,DMY4,p2,1,2.8,"262,858,868,1134",1122x1497,2021-6-11:DMY4:p2:0.68
002689,2021-03-15,0.909,YYYY,p2,1,1.41,"316,429,500,468",1030x1374,2021-3-15:YYYY:p2:0.91
002690,NONE-03-11,0.993,MMDD,p2,1,1.08,"328,421,601,484",972x1296,None-3-11:MMDD:p2:0.99
002691,2021-03-10,0.675,YYYY,p2,1,2.49,"747,727,1116,763",1271x953,2021-3-10:YYYY:p2:0.67
002693,2021-04-19,0.94,YYYY,p2,1,9.67,"197,192,458,240",1015x1354,2021-4-19:YYYY:p2:0.94
002694,2021-04-19,0.984,YYYY,ft/p2,1,9.9,"176,116,392,150",640x640,2021-4-19:YYYY:ft/p2:0.98
002695,2022-01-14,0.873,YYYY,p2,1,8.73,"307,598,467,634",954x1272,2022-1-14:YYYY:p2:0.87
002696,2021-07-23,0.99,YYYY,p2,1,2.34,"239,952,548,1011",996x1328,2021-7-23:YYYY:p2:0.99
002697,2021-06-06,0.807,YYYY,p2,1,3.44,"335,868,812,935",1108x1477,2021-6-6:YYYY:p2:0.81
002698,2021-11-29,0.823,YYYY,p2,1,1.95,"335,940,574,989",910x1213,2021-11-29:YYYY:p2:0.82
002699,2021-08-23,0.626,YYYY,p2,2,2.17,"84,1034,998,1207",1092x1455,2021-1-1:CMP6_YMD:p1@640:0.48|2021-8-23:YYYY:p2:0.63
002701,2022-12-16,0.624,YYYY,p2,1,4.24,"128,835,684,887",845x1109,2022-12-16:YYYY:p2:0.62
002702,2022-12-16,0.466,YYYY,p2,1,1.7,"106,328,529,558",640x640,2022-12-16:YYYY:p2:0.47
002704,2022-10-02,0.843,YYYY,p2,1,3.08,"151,476,267,517",640x640,2022-10-2:YYYY:p2:0.84
002705,2021-12-07,0.935,DDMMYY,p2,1,1.33,"510,677,886,757",1504x1128,2021-12-7:DDMMYY:p2:0.94
002706,2021-12-07,0.931,DDMMYY,p2,1,1.25,"211,365,375,408",640x640,2021-12-7:DDMMYY:p2:0.93
002707,2020-06-NONE,0.766,YYMM,ft/dilate2/p1@640,1,31.28,"182,674,400,706",919x1226,2020-6-None:YYMM:ft/dilate2/p1@640:0.77
002708,2021-08-06,0.691,SP_DMY,p1@640,1,1.95,"138,436,319,485",640x640,2021-8-6:SP_DMY:p1@640:0.69
002709,2021-10-28,0.725,YY,p2,1,1.71,"0,1162,821,1235",1131x1509,2021-10-28:YY:p2:0.73
002710,2021-10-28,0.601,YY,p2,1,2.08,"0,392,511,515",640x640,2021-10-28:YY:p2:0.60
002711,2022-01-11,0.461,YY,p2,1,1.6,"0,255,713,800",908x1211,2022-1-11:YY:p2:0.46
002712,2022-01-11,0.733,YY,p1@640,1,1.5,"367,132,527,194",640x640,2022-1-11:YY:p1@640:0.73
002713,2021-12-12,0.994,YYYY,p2,2,1.72,"289,940,805,974",1054x1235,2021-10-22:DMY4:p2:0.99|2021-12-12:YYYY:p2:0.99
002714,2021-12-12,0.98,YYYY,p2,2,1.51,"180,461,490,485",640x640,2021-12-12:YYYY:p2:0.98|2021-10-22:DMY4:p2:0.98
002715,2021-12-15,0.99,YYYY,p2,1,2.02,"659,1120,821,1172",1080x1440,2021-12-15:YYYY:p2:0.99
002716,2021-12-15,0.928,YYYY,p2,1,1.51,"407,509,503,545",640x640,2021-12-15:YYYY:p2:0.93
002718,2022-02-23,0.963,DMY4,p2,1,0.93,"303,773,646,833",1070x1426,2022-2-23:DMY4:p2:0.96
002719,2026-01-09,0.965,YYYY,p2,1,1.88,"367,521,521,556",996x1328,2026-1-9:YYYY:p2:0.97
002720,2026-01-09,0.944,YYYY,p2,1,1.97,"213,262,310,287",640x640,2026-1-9:YYYY:p2:0.94
002721,2022-12-30,0.553,YYYY,p2,1,1.94,"247,105,655,499",989x1319,2022-12-30:YYYY:p2:0.55
002722,2022-12-30,0.966,YYYY,p2,1,1.97,"252,217,350,250",640x640,2022-12-30:YYYY:p2:0.97
002724,NONE,,,,0,13.99,,,
002725,2021-10-28,0.255,SP_DMY,p2,1,1.61,"259,227,684,632",1016x817,2021-10-28:SP_DMY:p2:0.26
002726,2017-03-22,0.913,YY,p1@640,1,1.53,"201,975,1054,1029",1120x1493,2017-3-22:YY:p1@640:0.91
002727,2017-03-22,0.999,YY,p2,1,1.37,"233,410,357,449",640x640,2017-3-22:YY:p2:1.00
002728,2021-11-04,0.868,D_MON_Y,p2,1,2.31,"201,923,570,986",1007x1342,2021-11-4:D_MON_Y:p2:0.87
002729,2021-11-04,0.73,D_MON_Y,p2,1,2.77,"117,392,391,457",640x640,2021-11-4:D_MON_Y:p2:0.73
002730,2021-06-25,0.7,DMY4,p2,1,2.22,"138,683,702,888",830x1135,2021-6-25:DMY4:p2:0.70
002731,2021-04-18,0.686,DMY4,p2,1,3.09,"156,317,911,369",1334x910,2021-4-18:DMY4:p2:0.69
002732,2021-12-25,0.976,YYYY,p2,1,3.86,"675,858,966,925",1536x2048,2021-12-25:YYYY:p2:0.98
002733,2021-12-25,0.971,YYYY,p2,1,2.51,"297,258,422,291",640x640,2021-12-25:YYYY:p2:0.97
002734,2022-02-04,0.339,YYYY,p1@640,1,1.53,"179,579,1296,1683",1535x2048,2022-2-4:YYYY:p1@640:0.34
002735,2022-02-04,0.3,YYYY,p2,1,1.48,"48,150,508,518",640x640,2022-2-4:YYYY:p2:0.30
002736,2021-04-28,0.999,DMY4,p2,1,3.69,"425,787,547,816",999x1332,2021-4-28:DMY4:p2:1.00
002737,NONE-12-06,0.924,MMDD,p2,1,6.23,"300,847,670,907",966x1287,None-12-6:MMDD:p2:0.92
002739,2021-09-26,0.956,DMY4,p2,2,2.02,"169,921,419,976",1017x1355,2020-9-27:DMY4:p2:0.91|2021-9-26:DMY4:p2:0.96
002740,2021-12-18,0.521,YYYY,p2,1,5.35,"168,501,977,981",1010x1347,2021-12-18:YYYY:p2:0.52
002741,2021-12-18,0.975,YYYY,p2,1,1.6,"158,419,347,464",640x640,2021-12-18:YYYY:p2:0.97
002743,2021-08-13,0.845,MON_DY,p1@640,1,2.6,"19,343,477,474",640x640,2021-8-13:MON_DY:p1@640:0.85
002745,2024-04-06,0.908,DMY4,p2,2,2.35,"286,578,509,608",743x871,2024-4-6:DMY4:p2:0.91|2019-9-26:CMP6_YMD:p1@640:0.96
002746,2022-01-08,0.773,YYYY,p2,1,2.72,"192,341,534,387",808x1125,2022-1-8:YYYY:p2:0.77
002747,2022-01-08,0.589,YYYY,p1keep/p1@640,2,2.4,"128,149,438,298",640x640,2022-1-8:CMP6_YMD:p2:0.55|2022-1-8:YYYY:p1keep/p1@640:0.59
002748,2022-11-12,0.565,YYYY,p1@640,1,3.3,"0,407,1007,502",1386x879,2022-11-12:YYYY:p1@640:0.57
002749,2020-12-17,0.948,DMY4,p2,1,1.96,"347,797,719,835",940x1134,2020-12-17:DMY4:p2:0.95
002750,2022-06-15,0.811,YYYY,p2,1,1.02,"414,428,719,482",933x1244,2022-6-15:YYYY:p2:0.81
002751,2022-02-20,0.924,DMY4,p2,3,2.31,"654,437,1058,506",1300x879,2020-11-21:DMY4:p2:0.92|2022-2-20:DMY4:p2:0.92|2020-11-21:DMY4:p2:0.92
002752,2022-01-NONE,0.938,MMYYYY,p2,1,1.74,"467,559,778,615",1376x988,2022-1-None:MMYYYY:p2:0.94
002753,2022-01-NONE,0.962,MMYYYY,p2,1,1.7,"203,369,352,408",640x640,2022-1-None:MMYYYY:p2:0.96
002754,2021-05-29,0.584,DMY4,p1@640,1,3.73,"835,1485,1299,1616",1536x2048,2021-5-29:DMY4:p1@640:0.58
002755,2022-12-01,0.501,YY,p1@1024,1,6.73,"0,58,920,263",960x683,2022-12-1:YY:p1@1024:0.50
002756,2021-05-16,0.742,YYYY,p2,1,2.32,"252,314,449,373",640x640,2021-5-16:YYYY:p2:0.74
002757,2022-09-10,0.73,YYYY,p2,1,1.94,"165,562,386,590",577x882,2022-9-10:YYYY:p2:0.73
002758,2022-09-10,0.427,YYYY,p2,1,1.97,"166,382,413,418",640x640,2022-9-10:YYYY:p2:0.43
002759,2021-05-12,0.999,YYYY,p2,1,1.04,"666,583,843,622",1402x1052,2021-5-12:YYYY:p2:1.00
002760,2021-05-12,0.56,YYYY,p2,1,1.38,"264,206,433,372",640x640,2021-5-12:YYYY:p2:0.56
002761,2023-06-01,0.73,YYYY,p1@640,2,5.15,"75,350,969,426",1223x789,2020-6-1:YYYY:p2:0.99|2023-6-1:YYYY:p1@640:0.73
002763,2021-11-06,0.706,DDMMYY,p2,1,2.78,"28,348,1109,499",1112x803,2021-11-6:DDMMYY:p2:0.71
002764,2021-11-06,0.674,DDMMYY,p2,1,2.55,"12,313,639,426",640x640,2021-11-6:DDMMYY:p2:0.67
002765,2021-03-16,0.941,DMY4,p1keep/p1@640,2,2.51,"403,654,573,672",860x1024,2021-2-3:DMY4:p2:0.98|2021-3-16:DMY4:p1keep/p1@640:0.94
002766,NONE,,,,0,16.13,,,
002767,2021-12-01,0.96,DMY4,p2,1,1.49,"225,496,999,639",1076x807,2021-12-1:DMY4:p2:0.96
002768,2021-12-01,0.91,DMY4,p2,1,1.43,"155,404,625,521",640x640,2021-12-1:DMY4:p2:0.91
002769,2021-12-08,0.943,DMY4,p2,1,1.18,"322,534,517,564",651x840,2021-12-8:DMY4:p2:0.94
002770,2021-10-11,0.936,YYYY,p2,1,2.13,"301,724,444,754",743x1034,2021-10-11:YYYY:p2:0.94
002771,2021-10-11,0.891,YYYY,dilate2/p1@640,1,11.01,"256,463,389,506",640x640,2021-10-11:YYYY:dilate2/p1@640:0.89
002772,2024-05-NONE,0.953,MMYYYY,p2,1,1.89,"157,363,359,384",524x556,2024-5-None:MMYYYY:p2:0.95
002773,2024-05-20,0.643,DMY4,p2,1,1.96,"62,288,540,473",640x640,2024-5-20:DMY4:p2:0.64
002774,2021-10-08,0.904,YYYY,p2,1,1.98,"261,342,461,370",768x1024,2021-10-8:YYYY:p2:0.90
002775,2020-04-02,0.525,YY,ft/dilate2/p1@640,1,17.86,"259,521,341,543",640x640,2020-4-2:YY:ft/dilate2/p1@640:0.53
002776,2021-09-15,0.943,YYYY,p1@640,1,1.34,"306,365,459,405",768x1024,2021-9-15:YYYY:p1@640:0.94
002777,NONE-09-15,0.877,MMDD,p1@640,1,1.43,"271,233,403,276",640x640,None-9-15:MMDD:p1@640:0.88
002778,2021-10-02,0.95,DDMMYY,p2,1,4.03,"139,526,476,557",674x898,2021-10-2:DDMMYY:p2:0.95
002779,2021-10-02,0.924,DDMMYY,p1@640,1,2.03,"118,354,449,424",640x640,2021-10-2:DDMMYY:p1@640:0.92
002780,2021-04-06,0.722,DDMMYY,p1@640,1,3.49,"101,580,484,894",772x1029,2021-4-6:DDMMYY:p1@640:0.72
002781,2021-04-06,0.94,EXTEND,p2,3,3.26,"262,405,328,419",640x640,2021-4-6:DDMMYY:p1@640:0.77|2021-4-6:EXTEND:p2:0.94|None-4-21:MMDD:p1keep/redet:0.84
002782,2021-04-22,0.953,DMY4,p2,1,8.58,"87,494,573,528",809x1014,2021-4-22:DMY4:p2:0.95
002784,NONE-11-01,0.592,MMDD,p1@640,1,4.44,"66,711,546,942",805x960,None-11-1:MMDD:p1@640:0.59
002785,2021-08-18,0.701,DMY4,p2,1,3.57,"64,331,466,432",640x640,2021-8-18:DMY4:p2:0.70
002786,2022-06-22,0.82,DMY4,p2,4,6.76,"63,476,701,699",794x846,2020-6-23:DMY4:p2:0.82|2022-6-22:DMY4:p2:0.82|2020-6-23:DMY4:p2:0.82|2022-6-22:DMY4:p2:0.82
002787,2022-06-22,0.756,DMY4,p1keep/p1@640,3,3.7,"51,270,559,515",640x640,2020-6-23:DMY4:p2:0.67|2020-6-23:DMY4:p2:0.67|2022-6-22:DMY4:p1keep/p1@640:0.76
002789,2021-04-03,0.804,YYYY,p2,1,2.84,"45,389,367,419",640x640,2021-4-3:YYYY:p2:0.80
002790,2021-12-06,1.0,DMY4,p2,1,1.44,"180,377,290,397",550x733,2021-12-6:DMY4:p2:1.00
002791,2021-12-06,0.847,DMY4,p1@640,1,1.38,"186,257,356,332",640x640,2021-12-6:DMY4:p1@640:0.85
002792,2023-04-28,0.995,MON_DY,p2,1,1.51,"78,441,248,459",650x705,2023-4-28:MON_DY:p2:0.99
002793,2022-10-05,1.0,YYYY,p2,1,0.84,"283,867,423,897",1005x1341,2022-10-5:YYYY:p2:1.00
002794,2022-10-05,0.997,YYYY,p2,1,0.96,"166,379,259,407",640x640,2022-10-5:YYYY:p2:1.00
002795,2021-03-18,0.779,YYYY,p2,1,1.43,"256,361,457,398",732x975,2021-3-18:YYYY:p2:0.78
002796,2021-03-18,0.811,YMD_GLUED,p2,1,1.64,"237,234,411,288",640x640,2021-3-18:YMD_GLUED:p2:0.81
002797,2021-04-29,0.624,YYYY,p2,1,1.65,"174,455,464,725",853x1138,2021-4-29:YYYY:p2:0.62
002798,2021-04-09,0.548,YYYY,ft/p1@640,1,7.85,"96,242,351,429",640x640,2021-4-9:YYYY:ft/p1@640:0.55
002799,2021-12-27,0.688,YYYY,p1@1024,2,3.21,"283,429,847,583",1084x772,2020-12-28:YYYY:p1@1024:0.69|2021-12-27:YYYY:p1@1024:0.69
002801,2021-09-29,0.719,YYYY,p2,1,1.58,"287,435,641,498",756x1008,2021-9-29:YYYY:p2:0.72
002803,2021-04-19,0.978,YYYY,p2,1,1.57,"238,501,467,534",766x1021,2021-4-19:YYYY:p2:0.98
002804,2021-04-19,0.956,YYYY,p2,1,1.24,"195,286,385,326",640x640,2021-4-19:YYYY:p2:0.96
002806,2023-01-13,0.566,YY,erode2/p1@640,1,6.16,"89,145,522,437",640x640,2023-1-13:YY:erode2/p1@640:0.57
002807,2021-12-29,0.917,YYYY,p2,1,1.34,"381,460,554,496",905x1207,2021-12-29:YYYY:p2:0.92
002808,2021-12-22,0.671,YYYY,p2,1,1.65,"258,234,381,284",640x640,2021-12-22:YYYY:p2:0.67
002809,2023-01-20,0.579,YYYY,p2,1,1.58,"243,641,678,837",949x1266,2023-1-20:YYYY:p2:0.58
002810,2023-01-20,0.998,YYYY,p2,1,1.97,"173,419,306,442",640x640,2023-1-20:YYYY:p2:1.00
002811,2023-01-13,0.796,YYYY,p2,1,3.77,"251,989,613,1024",965x1308,2023-1-13:YYYY:p2:0.80
002812,2023-01-13,0.843,YYYY,p2,1,3.29,"193,492,433,513",640x640,2023-1-13:YYYY:p2:0.84
002815,2021-06-28,0.828,YYYY,p1keep/p1@640,5,2.74,"77,699,768,802",768x1022,2021-1-29:YYYY:p2:0.72|2021-6-28:MDY4:p2:0.72|2021-1-29:YYYY:p2:0.72|2021-6-28:MDY4:p2:0.72|2021-6-28:YYYY:p1keep/p1@640:0.83
002816,2020-02-10,0.371,SP_YMD,erode2/p1@640,1,5.22,"61,188,284,285",640x640,2020-2-10:SP_YMD:erode2/p1@640:0.37
002817,2022-01-04,0.841,YYYY,p1@1024,1,4.13,"263,735,532,807",776x1035,2022-1-4:YYYY:p1@1024:0.84
002818,2022-12-01,0.908,YYYY,p2,1,1.03,"456,863,623,912",991x1321,2022-12-1:YYYY:p2:0.91
002819,2022-12-01,1.0,YYYY,p2,1,1.39,"329,440,432,464",640x640,2022-12-1:YYYY:p2:1.00
002820,2021-11-19,0.929,YYYY,p2,1,2.79,"266,831,558,865",852x1137,2021-11-19:YYYY:p2:0.93
002821,2021-11-19,0.604,YYYY,p2,1,2.48,"225,459,448,500",640x640,2021-11-19:YYYY:p2:0.60
002822,2021-10-07,0.995,YYYY,p2,1,2.59,"375,423,532,462",931x1242,2021-10-7:YYYY:p2:1.00
002823,2021-10-07,0.723,YYYY,p2,1,1.48,"225,227,351,278",640x640,2021-10-7:YYYY:p2:0.72
002824,2022-11-08,0.599,YYYY,p2,1,1.29,"282,377,531,407",847x1128,2022-11-8:YYYY:p2:0.60
002827,NONE,,,,0,13.93,,,
002828,2022-01-02,0.42,DMY4,p2,1,2.09,"82,476,636,573",787x1051,2022-1-2:DMY4:p2:0.42
002829,2022-01-02,0.979,DMY4,p2,1,2.39,"388,335,484,357",640x640,2022-1-2:DMY4:p2:0.98
002830,2022-05-21,0.516,YYYY,p2,1,4.14,"229,707,785,767",974x1298,2022-5-21:YYYY:p2:0.52
002831,NONE-05-21,0.938,MMDD,p2,1,6.95,"281,367,346,389",640x640,None-5-21:MMDD:p2:0.94
002832,2021-08-30,0.984,YYYY,p2,1,3.23,"288,678,463,703",830x1107,2021-8-30:YYYY:p2:0.98
002833,2021-08-30,0.936,YYYY,p1@640,1,1.14,"203,372,344,427",640x640,2021-8-30:YYYY:p1@640:0.94
002835,2021-06-30,0.476,CMP,p2,1,1.1,"109,294,522,474",640x640,2021-6-30:CMP:p2:0.48
002836,2021-08-01,0.902,DMY4,p2,2,2.19,"154,132,355,159",704x848,2020-2-2:SP_DMY:p1@640:0.24|2021-8-1:DMY4:p2:0.90
002837,2022-08-02,0.897,DMY4,p2,1,1.66,"146,669,496,784",714x960,2022-8-2:DMY4:p2:0.90
002839,2021-05-24,0.972,YYYY,p2,1,1.25,"215,626,657,687",891x1188,2021-5-24:YYYY:p2:0.97
002841,2023-09-22,1.0,DMY4,p2,1,1.14,"367,448,524,476",780x1039,2023-9-22:DMY4:p2:1.00
002842,2023-09-22,0.998,DMY4,p2,1,1.23,"284,287,412,326",640x640,2023-9-22:DMY4:p2:1.00
002843,2023-06-NONE,0.983,MMYYYY,p2,1,1.25,"339,619,509,652",825x1101,2023-6-None:MMYYYY:p2:0.98
002844,2023-06-NONE,0.895,MMYYYY,p2,1,1.38,"280,367,411,411",640x640,2023-6-None:MMYYYY:p2:0.90
002845,2020-03-09,0.91,DMY4,p2,1,3.02,"437,952,589,990",1013x1351,2020-3-9:DMY4:p2:0.91
002846,2020-03-09,0.603,DMY4,p1@640,1,2.38,"77,182,430,461",640x640,2020-3-9:DMY4:p1@640:0.60
002847,2021-12-30,0.756,DMY4,p2,2,2.83,"0,345,713,637",834x1111,2021-12-30:DMY4:p2:0.76|2024-8-12:CMP6_YMD:p2:0.98
002848,2021-12-30,0.846,DMY4,ft/p2,1,12.14,"0,76,544,344",640x640,2021-12-30:DMY4:ft/p2:0.85
002849,2021-08-15,0.588,YYYY,p1@640,1,3.16,"223,804,589,942",962x1283,2021-8-15:YYYY:p1@640:0.59
002850,2021-08-15,0.529,YYYY,p1@640,1,2.37,"114,306,371,558",640x640,2021-8-15:YYYY:p1@640:0.53
002851,2021-08-02,0.993,DDMMYY,p1@640,1,3.01,"368,1280,672,1366",1536x2048,2021-8-2:DDMMYY:p1@640:0.99
002852,2021-08-02,0.775,DDMMYY,p2,1,3.06,"31,391,317,426",640x640,2021-8-2:DDMMYY:p2:0.77
002853,2021-08-11,0.975,DMY4,p2,1,3.66,"129,610,405,640",763x1016,2021-8-11:DMY4:p2:0.97
002854,2021-08-11,0.937,DMY4,erode2/p1@640,1,6.17,"116,354,309,403",640x640,2021-8-11:DMY4:erode2/p1@640:0.94
002855,2022-09-13,0.95,YYYY,p2,1,3.27,"182,898,487,927",995x1327,2022-9-13:YYYY:p2:0.95
002856,2022-09-13,0.41,YYYY,p1@640,1,2.74,"117,103,525,438",640x640,2022-9-13:YYYY:p1@640:0.41
002857,2023-06-02,0.975,SP_DMY,p2,1,4.72,"250,729,426,761",849x1133,2023-6-2:SP_DMY:p2:0.98
002859,2022-06-15,0.844,YYYY,p2,1,1.18,"287,436,464,477",635x846,2022-6-15:YYYY:p2:0.84
002860,2022-06-15,0.831,YYYY,p2,1,1.42,"295,302,474,347",640x640,2022-6-15:YYYY:p2:0.83
002861,2021-03-25,0.967,DMY4,p2,2,2.94,"164,543,507,575",764x974,2020-8-25:DDMMYY:p2:0.90|2021-3-25:DMY4:p2:0.97
002862,2021-08-30,0.452,YYYY,p2,1,3.49,"38,522,697,835",864x1152,2021-8-30:YYYY:p2:0.45
002863,2021-02-08,0.255,YYYY,ft/p2,1,21.28,"3,313,516,584",640x640,2021-2-8:YYYY:ft/p2:0.26
002864,2023-03-02,0.781,DMY4,p2,1,1.79,"495,995,932,1090",1512x2016,2023-3-2:DMY4:p2:0.78
002866,2028-02-02,0.978,YY,p1keep/erode2/p1@1024,2,7.18,"475,573,609,599",1445x1927,2022-2-28:DDMMYY:p2:0.89|2028-2-2:YY:p1keep/erode2/p1@1024:0.98
002868,2021-08-04,0.269,YYYY,p2,1,11.65,"19,148,768,988",1536x2048,2021-8-4:YYYY:p2:0.27
002869,2021-08-04,0.443,YYYY,p2,1,4.49,"29,72,640,454",640x640,2021-8-4:YYYY:p2:0.44
002870,2021-02-25,0.993,YYYY,p2,1,1.77,"304,349,509,395",873x1164,2021-2-25:YYYY:p2:0.99
002871,2021-02-25,0.81,YYYY,p2,1,1.66,"44,95,393,196",640x640,2021-2-25:YYYY:p2:0.81
002872,2021-04-07,0.885,YYYY,p2,1,1.41,"169,542,359,581",795x1060,2021-4-7:YYYY:p2:0.88
002874,2021-04-11,0.998,YYYY,p2,1,1.99,"259,840,445,876",937x1248,2021-4-11:YYYY:p2:1.00
002876,2022-12-04,0.468,YYYY,p2,1,1.69,"74,609,492,708",680x923,2022-12-4:YYYY:p2:0.47
002877,2022-12-04,0.472,YYYY,p2,1,1.75,"42,180,568,507",640x640,2022-12-4:YYYY:p2:0.47
002879,2021-06-21,0.799,YYYY,p2,1,1.18,"141,182,255,234",640x640,2021-6-21:YYYY:p2:0.80
002880,2021-04-13,0.691,YY_LEAD0,p2,4,4.81,"0,493,772,621",834x1112,2020-10-14:YYYY:p2:0.69|2021-4-13:YY_LEAD0:p2:0.69|2021-4-13:YY_LEAD0:p2:0.69|2020-10-14:YYYY:p2:0.69
002881,2021-04-13,0.744,YYYY,p1@640,2,1.67,"0,219,512,324",640x640,2021-4-13:YYYY:p1@640:0.74|2020-10-14:YYYY:p1@640:0.74
002882,2023-12-08,0.657,YYYY,p2,1,1.89,"245,337,499,403",742x988,2023-12-8:YYYY:p2:0.66
002883,2023-12-08,0.446,YYYY,p1@640,1,1.6,"228,173,449,278",640x640,2023-12-8:YYYY:p1@640:0.45
002884,2022-07-20,0.845,YYYY,p2,1,2.03,"220,327,484,371",802x1069,2022-7-20:YYYY:p2:0.84
002885,2022-07-20,0.907,YYYY,p2,1,2.63,"168,219,379,240",640x640,2022-7-20:YYYY:p2:0.91
002886,2022-01-04,0.816,YYYY,p2,1,0.92,"318,772,446,817",898x1199,2022-1-4:YYYY:p2:0.82
002888,2021-07-15,0.982,YYYY,p2,1,1.15,"289,431,458,473",1004x1339,2021-7-15:YYYY:p2:0.98
002889,2021-07-15,0.94,YYYY,p2,1,1.33,"208,187,320,215",640x640,2021-7-15:YYYY:p2:0.94
002890,2021-11-11,0.292,YYYY,p2,1,3.48,"138,195,427,707",737x982,2021-11-11:YYYY:p2:0.29
002891,2021-11-11,0.938,YYYY,p2,1,1.74,"173,408,309,446",640x640,2021-11-11:YYYY:p2:0.94
002892,2021-03-31,0.865,YYYY,p2,1,2.26,"322,776,481,820",916x1221,2021-3-31:YYYY:p2:0.86
002894,2024-02-13,0.969,YYYY,p2,1,1.46,"346,664,495,704",788x1050,2024-2-13:YYYY:p2:0.97
002895,2024-02-13,0.652,YYYY,p1@640,1,1.64,"270,359,437,421",640x640,2024-2-13:YYYY:p1@640:0.65
002896,2021-07-20,0.986,YYYY,p2,1,1.03,"778,417,1015,455",1342x1007,2021-7-20:YYYY:p2:0.99
002897,2021-07-20,0.166,YYYY,p2,1,1.64,"33,253,484,350",640x640,2021-7-20:YYYY:p2:0.17
002898,2021-11-09,0.967,YYYY,p2,1,1.49,"271,386,522,422",873x1164,2021-11-9:YYYY:p2:0.97
002899,2021-11-09,0.877,YYYY,p2,1,1.68,"184,236,366,257",640x640,2021-11-9:YYYY:p2:0.88
002900,2022-08-03,0.968,YYYY,p2,1,0.72,"304,370,452,416",740x967,2022-8-3:YYYY:p2:0.97
002901,2022-08-03,0.98,YYYY,p2,1,0.94,"273,243,397,286",640x640,2022-8-3:YYYY:p2:0.98
002902,2020-07-22,0.911,YYYY,p2,1,1.59,"304,646,516,678",773x1031,2020-7-22:YYYY:p2:0.91
002903,2020-07-02,0.735,YYYY,p2,1,1.99,"287,353,465,417",640x640,2020-7-2:YYYY:p2:0.74
002904,NONE,,,,0,26.03,,,
002905,2021-05-19,0.862,YYYY,p2,1,1.54,"195,574,436,608",678x903,2021-5-19:YYYY:p2:0.86
002906,2021-05-19,0.706,CMP,p2,1,1.4,"202,382,435,428",640x640,2021-5-19:CMP:p2:0.71
002907,2021-10-30,0.606,DMY4,p1@640,2,7.16,"0,819,1606,1187",2048x1536,2020-10-31:DMY4:p1@640:0.61|2021-10-30:DMY4:p1@640:0.61
002908,2021-10-30,0.388,DMY4,p2,4,2.57,"0,245,527,505",640x640,2020-10-31:DMY4:p2:0.39|2021-10-30:DMY4:p2:0.39|2020-10-31:DMY4:p2:0.39|2021-10-30:DMY4:p2:0.39
002909,2021-07-21,0.966,DMY4,p2,1,0.81,"298,600,435,638",760x1013,2021-7-21:DMY4:p2:0.97
002910,2021-07-21,0.948,DMY4,p2,1,0.95,"233,354,347,391",640x640,2021-7-21:DMY4:p2:0.95
002911,2021-06-30,0.918,DDMMYY,p2,2,2.75,"432,1107,944,1181",1536x2048,2020-11-2:DDMMYY:p2:0.97|2021-6-30:DDMMYY:p2:0.92
002912,2021-06-30,0.739,DDMMYY,p2,1,1.09,"186,347,399,389",640x640,2021-6-30:DDMMYY:p2:0.74
002913,2020-11-18,0.961,YYYY,p2,1,1.48,"333,675,527,725",1045x1394,2020-11-18:YYYY:p2:0.96
002914,2020-11-18,0.996,YYYY,p2,1,2.07,"214,324,329,351",640x640,2020-11-18:YYYY:p2:1.00
002915,2022-09-15,0.465,YYYY,p2,1,1.91,"0,240,402,613",881x1174,2022-9-15:YYYY:p2:0.46
002917,2021-04-30,0.899,DDMMYY,p2,1,3.39,"206,422,987,471",987x1316,2021-4-30:DDMMYY:p2:0.90
002918,2030-04-02,0.606,YY,p2,2,2.13,"152,183,276,237",640x640,2030-4-2:YY:p2:0.61|2021-4-30:DDMMYY:p1keep/p1@640:0.87
002919,2021-09-11,0.998,DMY4,p2,1,0.99,"366,679,573,720",848x1132,2021-9-11:DMY4:p2:1.00
002920,2021-09-11,0.999,DMY4,p2,1,1.32,"296,397,451,424",640x640,2021-9-11:DMY4:p2:1.00
002921,2021-09-12,0.994,DMY4,p2,1,0.97,"330,790,576,832",1009x1345,2021-9-12:DMY4:p2:0.99
002923,2021-06-13,0.658,YYYY,p2,1,1.99,"253,349,669,448",1010x1347,2021-6-13:YYYY:p2:0.66
002924,2021-06-13,0.911,YYYY,p2,1,1.92,"152,190,268,211",640x640,2021-6-13:YYYY:p2:0.91
002925,2021-11-06,0.868,YYYY,p2,1,2.82,"153,293,341,332",721x961,2021-11-6:YYYY:p2:0.87
002928,2024-08-20,0.321,YYMM_DAYLA,blur1/p1@640,2,7.02,"199,147,578,499",640x640,2024-8-None:YYMM:blur1/p1@640:0.32|2024-8-20:YYMM_DAYLA:blur1/p1@640:0.32
002929,2022-09-27,0.938,YYYY,p2,1,1.32,"317,570,535,614",989x1318,2022-9-27:YYYY:p2:0.94
002932,2022-02-01,0.961,DDMMYY,p2,2,3.89,"526,828,808,865",1057x1409,2022-2-1:DDMMYY:p2:0.96|2023-2-6:CMP6_DMY:p2:0.98
002933,2022-02-01,0.827,DDMMYY,p2,1,1.49,"323,366,491,405",640x640,2022-2-1:DDMMYY:p2:0.83
002934,2022-02-02,0.485,DDMMYY,p1@640,2,3.77,"8,632,546,666",686x863,2022-2-2:DDMMYY:p1@640:0.49|2024-2-6:CMP6_DMY:p1@640:0.95
002935,2022-02-02,0.34,DDMMYY,p1@640,1,3.61,"0,427,500,515",640x640,2022-2-2:DDMMYY:p1@640:0.34
002936,2021-11-11,0.533,YY,p2,1,2.0,"297,691,547,751",825x1100,2021-11-11:YY:p2:0.53
002937,2021-11-11,0.995,YY,p2,1,3.37,"237,394,370,424",640x640,2021-11-11:YY:p2:1.00
002938,2021-10-NONE,0.687,MMYYYY,p2,1,2.31,"415,811,687,865",874x1166,2021-10-None:MMYYYY:p2:0.69
002939,2022-07-29,0.844,YYYY,p2,1,2.46,"214,884,640,925",886x1181,2022-7-29:YYYY:p2:0.84
002940,2029-07-02,0.791,DDMMYY,p2,3,1.98,"206,455,321,490",640x640,2029-7-2:DDMMYY:p2:0.79|2029-7-2:DDMMYY:p2:0.75|2022-7-29:YYYY:p1keep/p1@640:0.98
002941,2021-07-05,0.955,DMY4,p2,1,11.51,"589,224,698,256",1126x828,2021-7-5:DMY4:p2:0.96
002942,2021-07-05,0.946,DMY4,erode3/p1@640,1,6.83,"375,211,444,238",640x640,2021-7-5:DMY4:erode3/p1@640:0.95
002943,2020-06-23,0.924,YYYY,p2,1,0.74,"195,462,327,491",547x850,2020-6-23:YYYY:p2:0.92
002944,2020-06-23,0.958,YYYY,p2,1,0.73,"200,348,350,401",640x640,2020-6-23:YYYY:p2:0.96
002945,2023-08-27,0.991,DMY4,p2,1,0.99,"351,807,481,848",935x1247,2023-8-27:DMY4:p2:0.99
002946,2021-09-25,0.767,DMY4,p2,1,1.57,"1062,624,1542,675",2048x1536,2021-9-25:DMY4:p2:0.77
002948,2021-08-12,0.833,DMY4,p2,1,1.23,"16,608,559,676",756x1008,2021-8-12:DMY4:p2:0.83
002949,2021-08-12,0.953,DMY4,p1@640,1,1.11,"137,372,462,452",640x640,2021-8-12:DMY4:p1@640:0.95
002950,2021-04-30,0.999,YYYY,p2,1,2.18,"680,505,861,548",1193x895,2021-4-30:YYYY:p2:1.00
002951,2021-04-30,1.0,YYYY,p2,1,2.13,"388,381,484,406",640x640,2021-4-30:YYYY:p2:1.00
002952,2021-11-03,0.179,YY,p2,1,3.46,"188,0,974,938",1027x1370,2021-11-3:YY:p2:0.18
002953,2020-05-28,0.66,YYYY,p2,1,1.2,"268,848,524,897",901x1201,2020-5-28:YYYY:p2:0.66
002956,2021-01-02,0.822,YYYY,p2,1,1.89,"305,723,566,769",813x1084,2021-1-2:YYYY:p2:0.82
002957,2021-01-02,0.866,YYYY,p2,1,2.29,"271,422,473,457",640x640,2021-1-2:YYYY:p2:0.87
002958,2022-07-27,0.89,YYYY,p2,1,1.79,"265,776,409,809",758x1011,2022-7-27:YYYY:p2:0.89
002959,2022-07-27,0.806,YYYY,p2,1,1.19,"239,496,361,530",640x640,2022-7-27:YYYY:p2:0.81
002960,2021-10-08,0.73,YYYY,erode3/p1@640,1,8.81,"301,698,482,749",829x1107,2021-10-8:YYYY:erode3/p1@640:0.73
002961,2021-11-21,0.953,YYYY,p2,1,4.78,"309,347,456,387",786x1048,2021-11-21:YYYY:p2:0.95
002962,2020-03-13,0.924,YYYY,p2,1,2.3,"254,337,499,376",766x1021,2020-3-13:YYYY:p2:0.92
002963,2020-11-06,0.821,YYYY,p2,1,1.01,"321,646,516,692",775x1033,2020-11-6:YYYY:p2:0.82
002965,2022-09-03,0.455,YYYY,p2,1,2.22,"101,178,430,334",640x640,2022-9-3:YYYY:p2:0.46
002966,2021-09-03,0.571,DDMMYY,p1@640,1,4.43,"154,736,781,1063",934x1246,2021-9-3:DDMMYY:p1@640:0.57
002967,2021-09-03,0.491,CMP6_DMY,p1@640,1,1.66,"93,360,526,440",640x640,2021-9-3:CMP6_DMY:p1@640:0.49
002968,2021-05-28,0.984,YYYY,p2,1,1.44,"106,381,272,429",959x1278,2021-5-28:YYYY:p2:0.98
002969,2021-07-07,0.991,YYYY,p2,1,1.43,"191,334,350,381",953x1271,2021-7-7:YYYY:p2:0.99
002971,2022-11-14,0.511,YYYY,p2,1,1.35,"236,287,391,442",640x640,2022-11-14:YYYY:p2:0.51
002972,2022-03-20,0.897,YYYY,p2,1,2.92,"327,871,565,924",1033x1378,2022-3-20:YYYY:p2:0.90
002973,2022-03-20,0.863,YYYY,p1@640,1,1.16,"250,400,398,443",640x640,2022-3-20:YYYY:p1@640:0.86
002974,2022-03-15,0.937,DMY4,p2,2,1.98,"270,497,531,539",784x1046,2020-9-21:DMY4:p2:0.93|2022-3-15:DMY4:p2:0.94
002975,2022-03-15,0.896,DMY4,p1@640,2,1.1,"238,250,464,320",640x640,2022-3-15:DMY4:p1@640:0.90|2020-9-21:DMY4:p1@640:0.90
002976,2020-05-12,0.997,YYYY,p1@640,1,1.39,"293,774,478,828",925x1233,2020-5-12:YYYY:p1@640:1.00
002977,2020-12-05,0.659,DMY4,p2,4,1.9,"190,394,322,452",640x640,2020-5-1:YYYY:p2:0.66|2020-12-5:DMY4:p2:0.66|2020-5-1:YYYY:p2:0.66|2020-12-5:DMY4:p2:0.66
002978,2020-07-20,0.826,YY,p1@1024,1,3.61,"276,623,608,765",753x925,2020-7-20:YY:p1@1024:0.83
002979,2020-07-20,0.692,YY,erode2/p1@640,1,3.92,"248,484,439,530",640x640,2020-7-20:YY:erode2/p1@640:0.69
002980,2021-12-17,0.387,CMP,p2,1,2.13,"90,1290,896,1366",1536x2048,2021-12-17:CMP:p2:0.39
002981,2021-12-17,0.998,YMD_GLUED,p2,1,2.0,"234,377,360,417",640x640,2021-12-17:YMD_GLUED:p2:1.00
002982,2021-09-14,0.984,YYYY,p2,1,1.31,"201,390,373,431",714x952,2021-9-14:YYYY:p2:0.98
002983,2021-09-14,0.375,YYYY,p2,1,2.06,"137,227,565,320",640x640,2021-9-14:YYYY:p2:0.38
002984,2021-05-01,0.383,YYYY,p2,1,1.3,"255,679,647,774",856x1141,2021-5-1:YYYY:p2:0.38
002985,2021-05-01,0.501,YYYY,p2,1,1.25,"168,319,419,463",640x640,2021-5-1:YYYY:p2:0.50
002986,2022-04-01,0.984,YYYY,p2,1,0.95,"269,646,424,689",760x1013,2022-4-1:YYYY:p2:0.98
002987,2022-04-01,0.537,YYYY,p2,1,1.73,"217,383,444,448",640x640,2022-4-1:YYYY:p2:0.54
002988,2021-07-20,0.479,YYYY,p2,1,7.45,"37,52,571,753",804x1071,2021-7-20:YYYY:p2:0.48
002989,2024-07-20,0.913,YYYY,p2,2,3.12,"228,433,417,455",640x640,2024-7-20:YYYY:p2:0.91|2021-7-20:YYYY:p1keep/p1@640:0.95
002990,2021-09-05,0.416,DMY4,p2,2,1.4,"0,869,554,967",845x1152,2021-9-5:DMY4:p2:0.42|2021-3-20:YYYY:p1keep/p1@640:0.53
002992,2021-02-21,0.524,CMP,p2,1,2.82,"94,459,584,686",1001x1335,2021-2-21:CMP:p2:0.52
002993,2021-11-22,0.794,YYYY,p2,1,0.84,"153,502,339,559",708x944,2021-11-22:YYYY:p2:0.79
002994,2022-07-13,0.882,YYYY,p2,1,2.18,"261,883,467,943",1033x1378,2022-7-13:YYYY:p2:0.88
002995,2022-07-13,0.958,YYYY,p2,1,2.14,"160,388,283,416",640x640,2022-7-13:YYYY:p2:0.96
002996,2022-10-15,0.872,YYYY,p2,1,2.07,"328,398,589,464",937x1249,2022-10-15:YYYY:p2:0.87
002998,2021-10-07,0.922,YYYY,p2,1,1.53,"315,804,545,850",963x1283,2021-10-7:YYYY:p2:0.92
002999,2021-10-07,0.815,YY_LEAD0,p2,1,1.52,"190,417,358,451",640x640,2021-10-7:YY_LEAD0:p2:0.81
003000,2021-10-12,0.998,YYYY,p2,1,1.27,"353,712,544,777",865x1157,2021-10-12:YYYY:p2:1.00
003001,2021-12-05,0.44,YYYY,p2,1,1.57,"182,331,633,931",883x1177,2021-12-5:YYYY:p2:0.44
003002,2022-06-18,0.837,YYYY,p2,1,1.8,"344,905,593,967",1038x1385,2022-6-18:YYYY:p2:0.84
003003,2022-11-26,0.674,YYYY,p2,1,2.49,"163,325,396,369",792x1055,2022-11-26:YYYY:p2:0.67
003004,2023-05-NONE,0.959,MMYYYY,p2,1,20.7,"147,333,398,376",963x1284,2023-5-None:MMYYYY:p2:0.96
003005,2023-05-NONE,0.998,MMYYYY,p2,1,7.18,"107,199,313,250",640x640,2023-5-None:MMYYYY:p2:1.00
003006,2022-05-26,0.974,YYYY,p2,1,1.11,"290,401,467,450",871x1162,2022-5-26:YYYY:p2:0.97
003007,2021-11-30,0.982,YYYY,p2,1,2.2,"0,757,589,825",904x1205,2021-11-30:YYYY:p2:0.98
003008,2021-10-05,0.979,DDMMYY,p2,1,1.84,"654,297,847,330",1073x787,2021-10-5:DDMMYY:p2:0.98
003009,2021-10-05,0.788,DDMMYY,p2,1,1.47,"381,234,502,279",640x640,2021-10-5:DDMMYY:p2:0.79
003010,2021-01-12,0.534,YYYY,p2,1,11.67,"0,173,1004,582",1265x948,2021-1-12:YYYY:p2:0.53
003012,2024-01-29,0.916,D_MON_Y,p2,1,1.88,"614,1318,848,1386",1535x2048,2024-1-29:D_MON_Y:p2:0.92
003013,2024-01-29,0.76,D_MON_Y,p1keep/p1@640,2,1.69,"243,410,363,467",640x640,2029-5-21:SP_DMY:p2:0.59|2024-1-29:D_MON_Y:p1keep/p1@640:0.76
003014,NONE,,,,0,20.97,,,
003015,2022-07-NONE,0.897,YYYYMM,p1@640,1,2.48,"158,707,803,761",843x1125,2022-7-None:YYYYMM:p1@640:0.90
003016,2022-07-NONE,0.987,YYYYMM,p2,1,1.98,"137,375,254,400",640x640,2022-7-None:YYYYMM:p2:0.99
003017,2022-02-23,0.936,YYYY,p2,1,1.82,"439,793,575,838",775x1033,2022-2-23:YYYY:p2:0.94
003018,2023-01-04,0.942,YYYY,p2,1,1.28,"218,577,445,612",773x996,2023-1-4:YYYY:p2:0.94
003020,2021-03-23,0.993,YYYY,p2,1,1.73,"255,717,427,753",678x966,2021-3-23:YYYY:p2:0.99
003021,2021-03-02,0.279,YYYY,p2,1,2.09,"170,229,493,533",640x640,2021-3-2:YYYY:p2:0.28
003022,2021-11-01,0.973,YYYY,p2,1,1.03,"361,865,591,917",884x1178,2021-11-1:YYYY:p2:0.97
003024,2021-09-13,0.485,DMY4,p2,1,1.45,"301,355,851,480",890x1195,2021-9-13:DMY4:p2:0.48
003025,2021-09-13,0.669,DMY4,p1@640,1,1.4,"204,153,639,279",640x640,2021-9-13:DMY4:p1@640:0.67
003026,2021-04-10,0.998,YY,ft/p2,1,26.87,"375,382,566,428",852x1136,2021-4-10:YY:ft/p2:1.00
003027,2021-09-28,0.696,YYYY,p2,1,1.35,"77,441,775,506",908x600,2021-9-28:YYYY:p2:0.70
003028,2021-09-28,0.733,YYYY,p1@640,1,1.94,"46,463,491,540",640x640,2021-9-28:YYYY:p1@640:0.73
003029,2021-11-02,0.996,DMY4,p2,1,1.85,"475,537,659,577",1130x847,2021-11-2:DMY4:p2:1.00
003030,2021-11-02,0.977,DMY4,p2,1,1.74,"269,398,377,437",640x640,2021-11-2:DMY4:p2:0.98
003031,2020-07-14,0.994,YYYY,p2,1,1.2,"296,345,425,385",1071x803,2020-7-14:YYYY:p2:0.99
003032,2021-04-12,0.65,DMY4,p1@640,1,6.85,"155,284,1045,668",1212x909,2021-4-12:DMY4:p1@640:0.65
003033,2022-11-21,0.886,DMY4,p2,1,1.22,"167,331,640,453",924x693,2022-11-21:DMY4:p2:0.89
003034,2022-11-21,0.807,DMY4,p2,1,1.31,"105,370,409,414",640x640,2022-11-21:DMY4:p2:0.81
003036,2022-03-28,0.784,DMY4,p2,1,1.23,"75,373,484,414",640x640,2022-3-28:DMY4:p2:0.78
003037,2021-02-18,0.919,YYYY,p2,1,2.68,"340,368,525,405",1132x849,2021-2-18:YYYY:p2:0.92
003038,2021-02-18,0.334,YYYY,p1@640,1,1.87,"142,179,404,375",640x640,2021-2-18:YYYY:p1@640:0.33
003039,2021-03-01,0.434,YYYY,p2,1,1.82,"356,510,739,560",1100x825,2021-3-1:YYYY:p2:0.43
003040,2021-03-01,0.858,YYYY,p2,1,1.2,"309,412,403,440",640x640,2021-3-1:YYYY:p2:0.86
003041,2022-01-17,0.905,D_MON_Y,p1@640,1,2.47,"297,503,490,549",762x1015,2022-1-17:D_MON_Y:p1@640:0.90
003043,2020-07-13,0.999,YYYY,p2,1,4.45,"102,262,247,303",1057x793,2020-7-13:YYYY:p2:1.00
003044,2022-05-02,0.887,YYYY,p2,1,1.97,"253,850,516,896",936x1247,2022-5-2:YYYY:p2:0.89
003045,2022-05-02,0.982,YYYY,p2,1,1.52,"166,433,347,479",640x640,2022-5-2:YYYY:p2:0.98
003046,2021-10-20,0.936,YYYY,p2,1,2.38,"360,493,558,543",1011x1348,2021-10-20:YYYY:p2:0.94
003047,2021-04-07,0.999,DMY4,p2,1,1.33,"342,379,513,422",874x1165,2021-4-7:DMY4:p2:1.00
003048,2021-04-07,0.978,DMY4,p1@640,1,1.14,"229,189,358,243",640x640,2021-4-7:DMY4:p1@640:0.98
003049,2021-02-16,0.955,DDMMYY,p2,1,1.02,"475,319,804,378",1222x937,2021-2-16:DDMMYY:p2:0.95
003051,2020-12-19,0.377,YYYY,p1@640,2,1.44,"0,508,504,1015",1017x1356,2020-12-19:YYYY:p1@640:0.38|2020-2-20:DMY4:p1@640:0.38
003052,2020-12-19,0.208,YYYY,p1@640,1,1.21,"0,165,306,489",640x640,2020-12-19:YYYY:p1@640:0.21
003053,2021-10-28,0.609,DMY4,p2,1,6.2,"0,232,1070,680",1335x1001,2021-10-28:DMY4:p2:0.61
003054,2021-10-28,0.477,DMY4,p2,1,2.45,"0,102,528,432",640x640,2021-10-28:DMY4:p2:0.48
003055,2021-03-06,0.685,YYYY,p2,1,3.34,"242,185,641,253",878x1158,2021-3-6:YYYY:p2:0.69
003056,2021-03-06,0.864,YYYY,p2,1,3.52,"271,116,458,150",640x640,2021-3-6:YYYY:p2:0.86
003057,2022-02-19,0.911,YYYY,p2,1,0.98,"196,640,407,688",766x1022,2022-2-19:YYYY:p2:0.91
003058,2022-02-19,0.948,YYYY,p2,1,1.0,"138,393,315,455",640x640,2022-2-19:YYYY:p2:0.95
003059,2021-10-04,0.863,YYYY,p2,1,1.13,"240,752,494,803",891x1189,2021-10-4:YYYY:p2:0.86
003060,2021-10-04,0.999,YYYY,ft/p2,1,7.34,"166,409,348,455",640x640,2021-10-4:YYYY:ft/p2:1.00
003061,2022-03-05,0.92,YYYY,p1@640,1,2.07,"385,977,680,1060",1169x1559,2022-3-5:YYYY:p1@640:0.92
003063,2021-10-18,0.98,YYYY,p2,1,1.76,"546,325,857,368",1106x865,2021-10-18:YYYY:p2:0.98
003064,2021-10-18,0.946,YYYY,p1@640,1,1.18,"303,241,487,293",640x640,2021-10-18:YYYY:p1@640:0.95
003065,2021-11-12,0.938,YYYY,p2,1,1.93,"328,712,590,778",1049x1398,2021-11-12:YYYY:p2:0.94
003066,2021-11-12,0.688,YYYY,p1keep/p1@640,2,1.89,"206,302,368,359",640x640,2021-1-11:YYYY:p2:0.70|2021-11-12:YYYY:p1keep/p1@640:0.69
003067,2021-06-15,0.981,YY,p2,1,0.89,"422,242,578,301",1084x792,2021-6-15:YY:p2:0.98
003068,2021-06-15,0.964,YY,p2,1,1.02,"236,195,335,252",640x640,2021-6-15:YY:p2:0.96
003069,2020-08-09,0.869,YY,p2,4,1.82,"305,362,924,456",924x634,2020-8-9:YY:p2:0.87|2020-2-10:YY:p2:0.87|2020-8-9:YY:p2:0.87|2020-2-10:YY:p2:0.87
003071,2021-08-19,0.531,YYYY,p2,1,2.44,"25,554,606,635",756x1008,2021-8-19:YYYY:p2:0.53
003073,2021-08-25,0.838,YYYY,p2,1,1.68,"211,709,422,767",756x1008,2021-8-25:YYYY:p2:0.84
003074,2021-08-25,0.768,YYYY,p2,1,2.2,"127,430,305,483",640x640,2021-8-25:YYYY:p2:0.77
003075,2021-01-16,0.983,YYYY,p2,1,2.81,"200,938,384,991",717x1194,2021-1-16:YYYY:p2:0.98
003076,2021-01-16,0.99,YYYY,p2,1,2.02,"219,523,375,561",640x640,2021-1-16:YYYY:p2:0.99
003077,2021-12-13,0.741,YY,p2,1,1.39,"104,562,460,643",756x1008,2021-12-13:YY:p2:0.74
003078,2021-12-13,0.788,YY,p2,1,1.75,"96,347,392,394",640x640,2021-12-13:YY:p2:0.79
003080,2021-11-01,0.938,YYYY,p2,1,1.48,"260,428,448,488",640x640,2021-11-1:YYYY:p2:0.94
003081,2021-12-02,0.676,YYYY,p2,2,3.28,"312,685,643,743",756x1008,2020-12-3:YYYY:p2:0.98|2021-12-2:YYYY:p2:0.68
003082,2021-12-02,0.665,YYYY,p2,7,2.38,"249,407,527,511",640x640,2021-12-2:YYYY:p2:0.67|2020-2-12:DMY4:p2:0.67|2021-12-2:YYYY:p2:0.67|2020-2-12:DMY4:p2:0.67|2021-12-2:YYYY:p2:0.67|2020-2-12:DMY4:p2:0.67|2020-12-3:YYYY:p1keep/p1@640:0.81
003083,2021-12-02,0.939,YY,p2,1,1.64,"258,606,417,669",756x1008,2021-12-2:YY:p2:0.94
003084,2021-12-02,0.942,YY,p2,1,2.01,"212,404,342,447",640x640,2021-12-2:YY:p2:0.94
003085,2021-06-27,0.723,YYYY,p2,1,1.07,"329,227,646,290",688x919,2021-6-27:YYYY:p2:0.72
003086,2021-06-27,0.918,YYYY,p2,1,1.3,"282,153,443,202",640x640,2021-6-27:YYYY:p2:0.92
003087,2021-06-30,0.952,DMY4,p2,1,1.47,"536,378,754,421",1008x756,2021-6-30:DMY4:p2:0.95
003089,2021-09-15,0.991,DMY4,p2,1,2.93,"518,118,633,140",787x475,2021-9-15:DMY4:p2:0.99
003090,2021-09-15,0.762,DMY4,p2,1,2.27,"417,129,517,188",640x640,2021-9-15:DMY4:p2:0.76
003091,2021-09-17,0.995,DMY4,p2,1,4.39,"158,808,297,843",756x1008,2021-9-17:DMY4:p2:1.00
003092,2021-09-17,0.428,DMY4,p2,4,5.84,"35,201,635,571",640x640,2021-2-17:YYYY:p2:0.43|2021-9-17:DMY4:p2:0.43|2021-2-17:YYYY:p2:0.43|2021-9-17:DMY4:p2:0.43
003093,2023-01-03,0.999,YYYY,p2,1,1.22,"230,655,362,688",602x805,2023-1-3:YYYY:p2:1.00
003094,2023-01-03,0.593,YYYY,p1@640,1,1.91,"61,456,523,587",640x640,2023-1-3:YYYY:p1@640:0.59
003095,2022-10-12,0.994,YYYY,p2,1,1.11,"76,173,397,212",664x885,2022-10-12:YYYY:p2:0.99
003096,2022-10-12,0.928,YYYY,p2,1,1.56,"265,119,390,149",640x640,2022-10-12:YYYY:p2:0.93
003097,2021-04-12,0.874,YYYY,p2,1,1.42,"164,196,422,251",713x952,2021-4-12:YYYY:p2:0.87
003098,2021-04-12,0.839,YYYY,p2,1,1.57,"148,143,379,193",640x640,2021-4-12:YYYY:p2:0.84
003099,2022-08-07,0.929,YYYY,p2,1,2.13,"64,483,326,533",640x640,2022-8-7:YYYY:p2:0.93
003100,2022-11-21,0.445,YYYY,p2,3,3.68,"184,502,526,736",685x907,2022-11-21:YYYY:p2:0.45|2022-11-21:YYYY:p2:0.45|2022-4-3:DMY4:p1keep/p1@640:0.40
003101,2022-11-21,0.513,YYYY,p2,2,2.78,"200,444,443,503",640x640,2022-11-21:YYYY:p2:0.51|2022-5-18:MDY4:p2:0.51
003102,2022-03-29,0.505,YYYY,p2,1,5.32,"104,541,538,640",574x765,2022-3-29:YYYY:p2:0.50
003103,2022-03-29,0.715,YYYY,p1@640,1,1.57,"130,493,541,545",640x640,2022-3-29:YYYY:p1@640:0.72
003104,2023-12-06,0.943,YYYY,p2,1,1.9,"235,594,428,632",631x841,2023-12-6:YYYY:p2:0.94
003105,2023-12-06,0.837,YYYY,p1@640,1,1.2,"251,406,451,479",640x640,2023-12-6:YYYY:p1@640:0.84
003106,2021-01-11,0.934,YYYY,p2,1,1.67,"131,626,414,672",604x838,2021-1-11:YYYY:p2:0.93
003107,2021-01-11,0.957,YYYY,p2,1,1.19,"129,467,420,522",640x640,2021-1-11:YYYY:p2:0.96
003108,2022-07-16,0.936,DMY4,p2,1,1.85,"290,606,516,645",657x876,2022-7-16:DMY4:p2:0.94
003109,2022-07-16,0.976,DMY4,p2,1,2.59,"278,437,498,468",640x640,2022-7-16:DMY4:p2:0.98
003110,2021-06-09,0.649,YYYY,p2,1,2.33,"419,951,1251,1077",1512x2016,2021-6-9:YYYY:p2:0.65
003111,NONE,,,,0,16.0,,,
003112,2021-03-28,0.736,YYYY,p1@640,1,1.2,"260,671,480,718",756x1008,2021-3-28:YYYY:p1@640:0.74
003113,2022-10-28,0.611,CMP6_YMD,p2,1,2.31,"245,399,434,454",640x640,2022-10-28:CMP6_YMD:p2:0.61
003114,2021-09-25,0.573,YYYY,p2,4,2.05,"293,1131,1247,1298",1512x2016,2020-9-25:YYYY:p2:0.57|2021-9-25:YYYY:p2:0.57|2021-9-25:YYYY:p2:0.57|2020-9-25:YYYY:p2:0.57
003115,2022-09-05,0.261,YY,p2,2,1.25,"45,327,533,453",640x640,2022-9-5:YY:p2:0.26|2021-9-5:YYYY:p1keep/p1@640:0.41
003117,2021-12-29,0.523,YYYY,p2,1,2.2,"90,466,373,537",640x640,2021-12-29:YYYY:p2:0.52
003118,2021-07-10,0.58,YYYY,p2,1,1.44,"309,721,1087,907",2016x1512,2021-7-10:YYYY:p2:0.58
003119,2021-07-10,0.963,YYYY,blur1/p1@640,1,5.33,"260,290,351,340",640x640,2021-7-10:YYYY:blur1/p1@640:0.96
003120,2021-09-30,0.399,YYYY,p2,1,2.53,"36,261,666,635",742x893,2021-9-30:YYYY:p2:0.40
003121,2021-09-30,0.863,YYYY,p2,1,1.34,"96,407,242,446",640x640,2021-9-30:YYYY:p2:0.86
003122,2021-09-15,0.882,DMY4,p1keep/p1@1024,2,5.17,"144,1016,1336,1180",1536x2048,2021-5-15:DMY4:p2:0.85|2021-9-15:DMY4:p1keep/p1@1024:0.88
003124,2021-03-07,0.967,YYYY,p2,1,1.11,"232,124,394,162",756x1008,2021-3-7:YYYY:p2:0.97
003125,2021-03-07,0.947,YYYY,p2,1,1.2,"209,72,347,102",640x640,2021-3-7:YYYY:p2:0.95
003126,2021-02-16,0.319,YYYY,p2,2,1.18,"77,244,433,769",756x1008,2021-2-16:YYYY:p2:0.32|2021-2-16:YYYY:p2:0.32
003127,2021-02-16,0.308,YY,p2,1,2.09,"43,164,346,495",640x640,2021-2-16:YY:p2:0.31
003128,2022-08-25,0.968,YYYY,p2,1,0.99,"225,679,345,718",756x1008,2022-8-25:YYYY:p2:0.97
003129,2022-08-25,0.476,YYYY,p2,1,1.19,"150,418,325,464",640x640,2022-8-25:YYYY:p2:0.48
003130,2022-03-30,0.822,YYYY,p1@640,1,2.55,"194,696,437,729",586x1028,2022-3-30:YYYY:p1@640:0.82
003131,2022-03-30,0.44,YYYY,p2,1,3.27,"199,112,483,456",640x640,2022-3-30:YYYY:p2:0.44
003132,2021-05-22,0.882,YYYY,p2,1,1.52,"90,225,313,280",756x1008,2021-5-22:YYYY:p2:0.88
003133,2021-05-22,0.999,YYYY,p2,1,1.67,"55,162,195,197",640x640,2021-5-22:YYYY:p2:1.00
003134,2021-10-14,0.934,YYYY,p2,1,3.47,"193,675,390,708",678x902,2021-10-14:YYYY:p2:0.93
003135,2021-10-14,0.307,YYYY,p1@640,1,2.55,"129,188,570,532",640x640,2021-10-14:YYYY:p1@640:0.31
003136,2022-11-09,0.689,YYYY,p2,1,1.27,"63,707,439,812",602x860,2022-11-9:YYYY:p2:0.69
003137,2022-11-09,0.492,YYYY,p2,1,1.71,"143,544,618,635",640x640,2022-11-9:YYYY:p2:0.49
003139,2022-01-09,0.807,YYYY,p1@640,1,1.77,"263,248,375,296",640x640,2022-1-9:YYYY:p1@640:0.81
003140,2021-07-12,0.843,YYYY,p2,2,1.72,"204,589,514,642",796x1062,2021-1-13:YYYY:p2:0.84|2021-7-12:YYYY:p2:0.84
003141,2021-07-12,0.805,YYYY,p1keep/p1@640,3,1.7,"182,306,429,405",640x640,2021-1-13:YYYY:p2:0.77|2021-1-13:YYYY:p2:0.77|2021-7-12:YYYY:p1keep/p1@640:0.81
003142,2021-12-11,0.966,YYYY,p2,2,2.48,"343,723,568,766",891x1187,2020-12-12:YYYY:p2:0.84|2021-12-11:YYYY:p2:0.97
003143,2021-12-11,0.932,YYYY,p1keep/p1@640,4,1.66,"232,357,397,419",640x640,2020-12-12:YYYY:p2:0.77|2020-12-12:YYYY:p2:0.77|2020-12-12:YYYY:p2:0.77|2021-12-11:YYYY:p1keep/p1@640:0.93
003144,2022-01-11,0.902,YY,p2,1,1.84,"121,570,572,620",967x1289,2022-1-11:YY:p2:0.90
003145,2022-01-11,0.978,YY,p2,1,1.27,"92,264,249,295",640x640,2022-1-11:YY:p2:0.98
003146,2021-04-22,0.993,YYYY,p2,1,2.07,"334,787,540,824",1049x1399,2021-4-22:YYYY:p2:0.99
003147,2021-04-22,0.823,YYYY,p2,1,1.76,"190,371,315,407",640x640,2021-4-22:YYYY:p2:0.82
003148,2022-01-14,1.0,YYYY,p2,1,1.26,"298,495,437,524",816x1088,2022-1-14:YYYY:p2:1.00
003149,2022-01-14,0.999,YYYY,p2,1,1.29,"212,280,324,312",640x640,2022-1-14:YYYY:p2:1.00
003151,2021-12-10,0.515,YYYY,p2,1,1.8,"212,377,348,461",640x640,2021-12-10:YYYY:p2:0.51
003152,2021-06-30,0.494,YYYY,p2,1,2.15,"275,718,481,781",867x1157,2021-6-30:YYYY:p2:0.49
003153,2021-06-30,0.523,YYYY,p2,1,2.72,"204,381,355,417",640x640,2021-6-30:YYYY:p2:0.52
003154,2021-07-11,0.996,YYYY,p2,1,1.38,"271,590,405,623",880x1173,2021-7-11:YYYY:p2:1.00
003155,2021-07-11,0.989,YYYY,p1@640,1,1.37,"212,325,312,358",640x640,2021-7-11:YYYY:p1@640:0.99
003156,2021-10-26,0.998,YYYY,p1@640,1,2.0,"299,608,441,655",756x1008,2021-10-26:YYYY:p1@640:1.00
003157,2021-10-26,0.721,YYYY,p2,1,1.87,"265,401,382,436",640x640,2021-10-26:YYYY:p2:0.72
003158,2021-04-25,0.784,YYYY,p2,1,1.28,"269,567,583,622",773x1031,2021-4-25:YYYY:p2:0.78
003159,2020-04-23,1.0,YYYY,p2,1,2.47,"364,874,543,920",884x1177,2020-4-23:YYYY:p2:1.00
003160,2021-06-13,0.648,YYYY,p2,1,2.08,"139,844,575,904",1058x1411,2021-6-13:YYYY:p2:0.65
003161,2021-10-NONE,0.936,MMYYYY,ft/p1@1024,1,16.09,"496,1012,992,1102",1535x2048,2021-10-None:MMYYYY:ft/p1@1024:0.94
003162,2021-09-20,0.927,YYYY,p2,1,1.67,"714,1315,966,1395",1536x2048,2021-9-20:YYYY:p2:0.93
003163,2020-11-17,0.157,YY,p2,1,2.29,"76,249,889,635",1181x886,2020-11-17:YY:p2:0.16
003164,2021-02-09,0.969,YYYY,p2,1,1.06,"572,771,746,816",1360x1020,2021-2-9:YYYY:p2:0.97
003165,NONE,,,,0,39.35,,,
003166,2021-07-NONE,0.91,MMYYYY,p2,1,2.25,"365,49,644,93",774x1010,2021-7-None:MMYYYY:p2:0.91
003167,2021-10-10,0.98,DDMMYY,p2,1,1.4,"381,911,523,982",1005x1340,2021-10-10:DDMMYY:p2:0.98
003168,2021-09-18,0.799,DMY4,p2,1,1.76,"310,825,481,902",966x1288,2021-9-18:DMY4:p2:0.80
003169,2018-04-21,0.514,YY,p2,1,4.05,"209,485,651,539",1045x784,2018-4-21:YY:p2:0.51
003170,2020-04-21,0.999,YY,p2,1,3.61,"546,651,706,690",1298x974,2020-4-21:YY:p2:1.00
003172,2020-06-21,0.999,YY,p2,2,8.37,"190,664,336,702",768x1025,2020-6-21:YY:p2:1.00|2017-9-12:CMP6_DMY:p2:0.82
003173,2022-05-NONE,0.973,MMYYYY,p2,1,1.75,"522,1315,806,1379",1536x2048,2022-5-None:MMYYYY:p2:0.97
003175,2021-03-18,0.259,YYYY,p2,1,1.95,"150,236,941,655",1197x897,2021-3-18:YYYY:p2:0.26
003176,2021-04-30,0.919,YYYY,p2,1,1.26,"274,684,424,724",801x1068,2021-4-30:YYYY:p2:0.92
003177,2021-03-25,0.764,YYYY,p2,1,1.21,"280,849,510,892",987x1316,2021-3-25:YYYY:p2:0.76
003178,2021-03-25,0.892,YYYY,p2,1,1.2,"179,409,333,443",640x640,2021-3-25:YYYY:p2:0.89
003179,2021-07-08,0.569,YYYY,p2,1,1.19,"281,451,946,559",1064x781,2021-7-8:YYYY:p2:0.57
003180,2021-07-08,0.499,YYYY,p2,1,1.29,"159,382,561,465",640x640,2021-7-8:YYYY:p2:0.50
003181,2021-06-14,0.991,DMY4,p2,1,2.45,"323,228,825,260",1082x772,2021-6-14:DMY4:p2:0.99
003183,2021-03-26,0.959,YYYY,p2,1,1.51,"234,404,389,446",640x640,2021-3-26:YYYY:p2:0.96
003184,2021-06-28,0.945,MON_DY,p1keep/p1@640,2,1.81,"413,1168,1104,1258",1536x2048,2020-6-28:MON_DY:p2:0.80|2021-6-28:MON_DY:p1keep/p1@640:0.94
003185,2020-06-28,0.765,MON_DY,p1@640,1,1.11,"190,343,481,407",640x640,2020-6-28:MON_DY:p1@640:0.77
003186,2021-10-21,0.999,MON_DY,p2,2,2.66,"383,485,565,522",983x1311,2020-10-22:MON_DY:p2:0.95|2021-10-21:MON_DY:p2:1.00
003187,2022-01-17,0.464,YYYY,p2,1,1.75,"307,569,841,916",841x1121,2022-1-17:YYYY:p2:0.46
003188,2022-01-17,0.272,YYYY,p2,1,1.43,"198,338,613,556",640x640,2022-1-17:YYYY:p2:0.27
003189,2022-08-16,0.99,MON_DY,p1@640,1,2.26,"1077,1720,1361,1789",1512x2016,2022-8-16:MON_DY:p1@640:0.99
003191,2021-11-19,0.993,YY,p2,2,2.29,"186,750,424,791",756x1008,2020-11-20:YY:p2:0.95|2021-11-19:YY:p2:0.99
003192,2021-11-19,0.935,YY,p2,4,2.07,"107,433,336,501",640x640,2021-11-19:YY:p2:0.94|2020-11-20:YY:p2:0.94|2021-11-19:YY:p2:0.94|2020-11-20:YY:p2:0.94
003193,2021-02-10,0.361,SP_YMD,erode2/p1@640,1,7.46,"0,590,768,1024",979x1306,2021-2-10:SP_YMD:erode2/p1@640:0.36
003194,2021-07-13,0.775,YYMM_GLUE,p2,1,2.64,"240,174,463,231",640x640,2021-7-13:YYMM_GLUE:p2:0.78
003195,2021-12-13,1.0,YYYY,p2,1,0.9,"298,349,433,377",646x997,2021-12-13:YYYY:p2:1.00
003196,2022-11-05,0.987,MON_DY,p2,2,2.68,"107,348,271,377",511x707,2020-11-5:CMP6_DMY:p2:0.91|2022-11-5:MON_DY:p2:0.99
003198,2025-10-12,0.686,DMY4,p2,1,1.98,"359,845,606,963",980x1306,2025-10-12:DMY4:p2:0.69
003199,2025-10-12,0.408,DMY4,p2,1,1.84,"256,260,434,458",640x640,2025-10-12:DMY4:p2:0.41
003200,2022-09-21,0.992,DMY4,p2,1,1.66,"233,455,354,497",672x961,2022-9-21:DMY4:p2:0.99
003201,2022-09-21,0.974,DMY4,p2,1,1.73,"203,297,320,346",640x640,2022-9-21:DMY4:p2:0.97
003202,2021-10-NONE,0.985,MMYYYY,p2,1,1.38,"247,591,473,641",778x912,2021-10-None:MMYYYY:p2:0.98
003203,2021-10-NONE,0.938,MMYYYY,p1@640,1,1.12,"157,377,344,462",640x640,2021-10-None:MMYYYY:p1@640:0.94
003205,2023-06-26,0.897,YYYY,p1@640,1,0.96,"218,186,433,241",640x640,2023-6-26:YYYY:p1@640:0.90
003206,2021-04-13,0.986,YYYY,p2,1,1.45,"145,412,323,446",736x903,2021-4-13:YYYY:p2:0.99
003207,2021-07-20,0.955,YYYY,p2,1,1.45,"221,558,575,599",809x1079,2021-7-20:YYYY:p2:0.96
003208,2021-07-20,0.568,YYYY,p2,1,1.45,"88,310,456,630",640x640,2021-7-20:YYYY:p2:0.57
003209,NONE-12-02,0.449,MMDD,p2,1,11.32,"183,690,754,749",970x1293,None-12-2:MMDD:p2:0.45
003210,2022-12-02,0.515,YYYY,p1@640,1,2.96,"149,82,640,481",640x640,2022-12-2:YYYY:p1@640:0.51
003211,2021-08-11,0.789,MON_DY,p2,1,1.81,"35,306,1076,537",1185x889,2021-8-11:MON_DY:p2:0.79
003212,2022-08-25,0.307,YYYY,p2,1,3.63,"201,132,1122,542",1411x1058,2022-8-25:YYYY:p2:0.31
003213,2024-01-12,0.203,DDMMYY,p2,1,4.94,"279,13,882,788",892x1195,2024-1-12:DDMMYY:p2:0.20
003214,NONE,,,,0,16.05,,,
003215,2022-10-13,0.7,YYYY,p2,1,1.57,"234,829,900,919",1058x1411,2022-10-13:YYYY:p2:0.70
003216,2022-01-15,0.536,YYYY,p2,1,2.32,"95,1032,805,1122",1058x1411,2022-1-15:YYYY:p2:0.54
003217,2022-01-15,0.604,YYYY,p2,1,2.4,"36,467,519,502",640x640,2022-1-15:YYYY:p2:0.60
003218,2021-03-16,0.999,DMY4,p2,1,2.39,"571,1047,825,1105",1058x1411,2021-3-16:DMY4:p2:1.00
003219,2021-03-16,0.999,DMY4,p2,1,2.93,"324,457,473,485",640x640,2021-3-16:DMY4:p2:1.00
003220,2021-09-13,0.445,YYYY,p2,1,1.34,"236,311,774,1146",1058x1411,2021-9-13:YYYY:p2:0.45
003221,2021-03-05,0.623,YYYY,p2,1,2.63,"245,77,541,534",640x640,2021-3-5:YYYY:p2:0.62
003222,2022-06-14,0.999,Y_MON_D,p2,1,1.78,"951,706,1285,765",2016x1512,2022-6-14:Y_MON_D:p2:1.00
003223,2022-06-14,0.795,Y_MON_D,p2,1,1.72,"251,309,410,382",640x640,2022-6-14:Y_MON_D:p2:0.80
003224,2021-09-01,0.656,DMY4,p2,3,2.46,"314,1219,840,1333",1478x1970,2020-8-22:YMD_GLUED:p2:0.85|2021-8-22:YYYY:p2:0.66|2021-9-1:DMY4:p2:0.66
003225,2021-08-21,0.871,YYYY,p1keep/p1@640,5,1.39,"216,366,348,446",640x640,2020-2-20:YYYY:p2:0.63|2020-2-20:YYYY:p2:0.63|2020-2-20:YYYY:p2:0.63|2021-8-21:YYYY:p1keep/p1@640:0.87|2020-8-22:YYYY:p1keep/p1@640:0.87
003227,2022-01-29,0.662,YYYY,p2,1,1.91,"125,379,426,416",640x640,2022-1-29:YYYY:p2:0.66
003228,2022-04-24,0.62,DMY4,p1@640,1,1.22,"128,419,444,494",640x640,2022-4-24:DMY4:p1@640:0.62
003229,2022-07-NONE,0.857,MMYYYY,p2,1,1.61,"411,919,989,1011",1461x1948,2022-7-None:MMYYYY:p2:0.86
003230,2022-03-22,0.867,DMY4,ft/dilate2/p1@1024,1,22.78,"135,496,550,584",1291x1721,2022-3-22:DMY4:ft/dilate2/p1@1024:0.87
003231,2021-04-04,0.914,YY,p1keep/p1@640,2,1.87,"426,525,857,603",1254x1672,2021-4-4:CMP6_YMD:p2:0.89|2021-4-4:YY:p1keep/p1@640:0.91
003232,2021-09-21,0.995,YY,p2,1,1.54,"544,653,851,739",1536x2048,2021-9-21:YY:p2:1.00
003233,2021-09-21,0.999,YY,p2,1,1.33,"231,185,356,216",640x640,2021-9-21:YY:p2:1.00
003235,2022-11-NONE,0.804,MMYYYY,p2,1,1.65,"350,434,539,477",640x640,2022-11-None:MMYYYY:p2:0.80
003236,2021-03-30,0.746,YYYY,p2,1,1.09,"652,581,1237,677",1477x1969,2021-3-30:YYYY:p2:0.75
003237,2021-03-30,0.797,YYYY,p2,1,1.2,"280,197,535,237",640x640,2021-3-30:YYYY:p2:0.80
003239,2021-11-06,0.999,DMY4,p2,2,3.49,"393,1292,697,1331",1327x1771,2020-11-4:DMY4:p2:0.97|2021-11-6:DMY4:p2:1.00
003240,2021-11-06,0.836,DMY4,p1keep/p1@640,4,1.8,"201,443,374,519",640x640,2020-1-4:DMY4:p2:0.60|2020-1-4:DMY4:p2:0.60|2020-11-4:DMY4:p1keep/p1@640:0.84|2021-11-6:DMY4:p1keep/p1@640:0.84
003241,2022-01-28,0.946,DMY4,p2,2,3.22,"332,1115,950,1177",1412x1883,2022-1-28:DMY4:p2:0.95|2020-7-15:DDMMYY:p2:0.92
003242,2025-01-22,0.468,YY,p2,1,1.92,"134,366,422,438",640x640,2025-1-22:YY:p2:0.47
003243,NONE-07-21,0.871,MMDD,p1@640,1,4.57,"267,874,1348,1016",1896x1422,None-7-21:MMDD:p1@640:0.87
003244,NONE-07-21,0.814,MMDD,blur1/p1@640,1,8.79,"103,410,472,498",640x640,None-7-21:MMDD:blur1/p1@640:0.81
003245,2020-09-20,0.461,DMY4,p2,1,2.58,"0,297,609,524",640x640,2020-9-20:DMY4:p2:0.46
003247,2023-01-17,0.978,YYYY,p2,1,8.53,"258,651,390,678",1260x1680,2023-1-17:YYYY:p2:0.98
003249,2023-02-01,0.956,YYYY,p2,1,1.64,"363,515,586,576",1274x1698,2023-2-1:YYYY:p2:0.96
003250,2023-02-01,0.843,YYYY,p2,1,1.84,"182,185,293,228",640x640,2023-2-1:YYYY:p2:0.84
003251,2023-04-NONE,0.979,MMYYYY,p2,1,2.27,"565,1089,827,1141",1256x1675,2023-4-None:MMYYYY:p2:0.98
003252,2023-04-NONE,0.85,MMYYYY,p2,1,2.02,"268,406,363,439",640x640,2023-4-None:MMYYYY:p2:0.85
003253,2020-10-20,0.875,DMY4,p2,1,1.79,"427,501,843,571",1306x1741,2020-10-20:DMY4:p2:0.87
003254,2021-11-05,0.364,YYYY,p1@640,1,1.36,"403,627,1225,1257",1413x1884,2021-11-5:YYYY:p1@640:0.36
003256,2022-04-01,0.377,YYYY,p2,1,2.75,"143,651,992,1140",1249x1666,2022-4-1:YYYY:p2:0.38
003257,2022-04-01,0.48,YYYY,p2,1,2.19,"92,336,562,437",640x640,2022-4-1:YYYY:p2:0.48
003258,2021-07-28,0.802,DMY4,p1@640,1,2.23,"87,129,640,252",640x640,2021-7-28:DMY4:p1@640:0.80
003259,NONE,,,,0,31.0,,,
003260,2022-07-29,0.976,YYYY,p2,1,1.14,"62,677,1375,901",1726x1294,2022-7-29:YYYY:p2:0.98
003261,2022-07-29,0.861,YYYY,p2,1,1.26,"0,313,486,427",640x640,2022-7-29:YYYY:p2:0.86
003262,2021-06-10,0.948,YYYY,p2,1,2.02,"360,1234,880,1301",1477x1969,2021-6-10:YYYY:p2:0.95
003263,2021-05-27,0.739,YYYY,p2,1,1.61,"6,758,1614,845",1858x1394,2021-5-27:YYYY:p2:0.74
003264,2021-09-13,0.998,YYYY,p2,1,1.58,"437,1071,1020,1131",1436x1915,2021-9-13:YYYY:p2:1.00
003265,2021-10-06,0.918,YYYY,p2,1,1.34,"405,421,1101,527",2043x1532,2021-10-6:YYYY:p2:0.92
003267,2022-05-05,0.713,DMY4,p2,1,7.46,"0,361,1871,643",1880x1409,2022-5-5:DMY4:p2:0.71
003268,2022-05-05,0.489,DMY4,p2,1,3.22,"0,186,640,377",640x640,2022-5-5:DMY4:p2:0.49
003269,2022-01-28,0.86,DMY4,p2,1,3.52,"632,1240,907,1298",1331x1775,2022-1-28:DMY4:p2:0.86
003270,2021-10-31,0.683,DMY4,p1@640,1,1.72,"808,625,1083,678",1695x1272,2021-10-31:DMY4:p1@640:0.68
003271,2021-07-07,0.683,DMY4,p2,1,4.43,"97,315,435,394",640x640,2021-7-7:DMY4:p2:0.68
003272,2021-05-03,0.871,YYYY,p2,1,2.22,"182,393,532,464",1821x1366,2021-5-3:YYYY:p2:0.87
003273,2021-05-03,0.913,YYYY,blur1/p1@640,1,7.85,"63,160,436,229",640x640,2021-5-3:YYYY:blur1/p1@640:0.91
003274,2021-08-20,0.684,YYYY,p2,1,2.29,"296,948,745,1005",1236x1649,2021-8-20:YYYY:p2:0.68
003275,2021-10-10,0.905,DDMMYY,p2,1,3.25,"379,1094,1228,1170",1455x1940,2021-10-10:DDMMYY:p2:0.91
003276,NONE-04-10,0.999,MMDD,p2,1,1.69,"746,897,929,976",1511x2015,None-4-10:MMDD:p2:1.00
003277,NONE-04-05,0.914,MMDD,p2,1,2.29,"580,1116,830,1180",1333x1777,None-4-5:MMDD:p2:0.91
003278,2023-10-02,0.975,DDMMYY,p2,1,1.81,"135,1012,636,1147",1094x1459,2023-10-2:DDMMYY:p2:0.98
003279,2023-10-02,0.945,DDMMYY,p1@640,1,1.22,"238,419,405,488",640x640,2023-10-2:DDMMYY:p1@640:0.94
003280,2023-07-31,0.632,DMY4,p2,1,3.31,"234,429,384,466",640x640,2023-7-31:DMY4:p2:0.63
003281,2021-10-15,0.941,YYYY,p2,1,0.99,"396,1262,684,1337",1507x2009,2021-10-15:YYYY:p2:0.94
003282,2022-12-21,0.783,YYYY,p2,1,1.12,"531,1264,1005,1379",1536x2048,2022-12-21:YYYY:p2:0.78
003283,2021-09-10,0.604,YYYY,p2,2,15.18,"147,643,535,677",1536x2048,2022-10-15:CMP6_YMD:erode3/p1@1024:0.55|2021-9-10:YYYY:p2:0.60
003284,2021-09-10,0.63,YYYY,p2,1,2.41,"339,382,466,429",640x640,2021-9-10:YYYY:p2:0.63
003286,2021-08-06,0.779,YYMM_GLUE,p2,4,2.42,"32,412,589,510",640x640,2021-8-6:YYMM_GLUE:p2:0.78|2021-3-7:YY:p2:0.78|2021-8-6:YYMM_GLUE:p2:0.78|2021-3-7:YY:p2:0.78
003287,2021-09-21,0.446,EXTEND_R,p2,2,3.46,"448,618,1503,708",1791x1343,2021-1-26:YYYY:p2:0.79|2021-9-21:EXTEND_R:p2:0.45
003288,2021-09-25,0.783,YYYY,p2,4,1.92,"138,281,523,360",640x640,2021-9-25:YYYY:p2:0.78|2021-1-26:YYYY:p2:0.78|2021-9-25:YYYY:p2:0.78|2021-1-26:YYYY:p2:0.78
003289,2022-08-10,0.631,DMY4,p2,6,2.81,"70,305,547,377",640x640,2021-2-1:YYYY:p2:0.63|2022-1-31:YYYY:p2:0.63|2022-8-10:DMY4:p2:0.63|2021-2-1:YYYY:p2:0.63|2022-1-31:YYYY:p2:0.63|2022-8-10:DMY4:p2:0.63
003290,2022-12-22,0.998,YYYY,p2,1,2.17,"426,1011,846,1074",1254x1672,2022-12-22:YYYY:p2:1.00
003291,2022-12-22,0.984,YYYY,p2,1,1.06,"196,377,411,412",640x640,2022-12-22:YYYY:p2:0.98
003294,NONE,,,,0,30.89,,,
003296,2021-11-26,0.731,DMY4,p1@640,2,1.96,"76,143,638,431",640x640,2021-11-26:DMY4:p1@640:0.73|2020-11-26:DMY4:p1@640:0.73
003297,2021-10-21,0.912,YYYY,p1@640,1,1.55,"631,537,1043,628",1329x1771,2021-10-21:YYYY:p1@640:0.91
003298,2021-10-21,0.772,YYYY,p1@640,1,1.14,"277,154,473,212",640x640,2021-10-21:YYYY:p1@640:0.77
003299,2022-10-NONE,0.997,MON_Y,p2,2,4.76,"786,1335,979,1388",1497x1996,None-11-13:MMDD:p1@640:0.68|2022-10-None:MON_Y:p2:1.00
003300,2023-06-11,0.999,YYYY,p2,1,1.65,"575,1306,790,1349",1499x1999,2023-6-11:YYYY:p2:1.00
003301,2023-04-21,0.817,DMY4,p1@640,1,0.96,"328,1174,795,1253",1444x1927,2023-4-21:DMY4:p1@640:0.82
003302,2023-02-06,0.493,YYYY,p2,1,3.93,"233,598,1441,975",1621x1240,2023-2-6:YYYY:p2:0.49
003303,NONE,,,,0,21.26,,,
003306,2020-09-01,0.967,YYYY,p2,1,3.54,"835,168,1098,220",1387x1849,2020-9-1:YYYY:p2:0.97
003309,2020-08-29,0.853,MON_DY,p2,1,1.34,"0,1025,976,1248",1572x2096,2020-8-29:MON_DY:p2:0.85
003310,2020-10-04,0.754,YYYY,p2,2,1.51,"10,318,378,428",640x640,2020-8-29:MON_DY:p2:0.75|2020-10-4:YYYY:p2:0.75
003312,2021-03-NONE,0.676,MMYYYY,erode2/p1@640,1,3.08,"256,287,476,354",640x640,2021-3-None:MMYYYY:erode2/p1@640:0.68
003314,2021-07-05,0.581,YY,erode3/p1@640,1,6.22,"142,388,392,462",640x640,2021-7-5:YY:erode3/p1@640:0.58
003316,2022-02-07,0.971,YYYY,p2,1,3.13,"419,1107,707,1155",1270x1695,2022-2-7:YYYY:p2:0.97
003317,NONE,,,,0,14.78,,,
003318,2021-10-20,0.894,YYYY,p1@640,1,1.84,"460,912,1051,995",1284x1711,2021-10-20:YYYY:p1@640:0.89
003321,2021-09-01,0.818,YYYY,p1@640,1,1.83,"447,1186,819,1303",1249x1665,2021-9-1:YYYY:p1@640:0.82
003322,2021-01-09,0.833,YYYY,p1@640,1,1.94,"204,471,400,519",640x640,2021-1-9:YYYY:p1@640:0.83
003323,2021-05-24,0.946,MON_DY,p2,1,2.13,"417,911,762,949",1342x1868,2021-5-24:MON_DY:p2:0.95
003325,2022-02-08,0.875,SP_DMY,ft/p2,1,15.91,"127,548,570,589",640x640,2022-2-8:SP_DMY:ft/p2:0.88
003326,NONE,,,,0,39.78,,,
003327,2026-02-08,0.83,SP_DMY,blur1/p1@640,1,7.78,"326,559,409,607",640x640,2026-2-8:SP_DMY:blur1/p1@640:0.83
003328,2021-12-26,0.996,YYYY,p2,1,1.71,"529,1283,1032,1358",1501x2002,2021-12-26:YYYY:p2:1.00
003329,2021-12-26,0.946,YYYY,p2,1,1.13,"236,397,452,445",640x640,2021-12-26:YYYY:p2:0.95
003330,2021-11-03,0.998,YYYY,p1keep/p1@640,2,3.12,"528,1158,854,1203",1536x2048,2021-1-3:YYYY:p2:0.85|2021-11-3:YYYY:p1keep/p1@640:1.00
003331,2021-11-03,0.917,YYYY,p1@640,1,2.14,"242,370,378,392",640x640,2021-11-3:YYYY:p1@640:0.92
003332,2021-04-29,0.952,MON_DY,p2,1,1.92,"418,789,1005,849",1311x1748,2021-4-29:MON_DY:p2:0.95
003334,2021-10-30,0.773,DMY4,p2,1,1.69,"217,263,381,310",640x640,2021-10-30:DMY4:p2:0.77
003335,2021-07-02,0.972,YYYY,p2,1,0.99,"469,478,1155,571",1866x1400,2021-7-2:YYYY:p2:0.97
003336,2021-07-02,0.962,YYYY,p1@640,1,1.19,"167,216,407,268",640x640,2021-7-2:YYYY:p1@640:0.96
003337,NONE-06-01,0.515,MMDD,p1@640,1,3.07,"375,1189,1416,1416",1416x1888,None-6-1:MMDD:p1@640:0.51
003338,NONE-06-01,0.936,MMDD,erode3/p1@640,1,7.86,"132,435,254,478",640x640,None-6-1:MMDD:erode3/p1@640:0.94
003339,2022-01-24,0.727,DMY4,p2,1,2.62,"304,1065,933,1279",1349x1799,2022-1-24:DMY4:p2:0.73
003340,2022-09-29,0.943,D_MON_Y,fullres/p1@1024,1,8.22,"430,1544,962,1630",1536x2048,2022-9-29:D_MON_Y:fullres/p1@1024:0.94
003341,2022-09-29,0.619,D_MON_Y,blur1/p1@640,1,7.42,"133,408,479,571",640x640,2022-9-29:D_MON_Y:blur1/p1@640:0.62
003342,2023-12-30,0.841,SP_DMY,p2,1,1.15,"341,391,550,457",929x1239,2023-12-30:SP_DMY:p2:0.84
003343,2023-12-30,0.831,SP_DMY,p2,1,3.53,"238,214,372,262",640x640,2023-12-30:SP_DMY:p2:0.83
3344,2026-09-11,0.89,YYYY,p2,1,1.35,"586,1150,816,1228",1512x2016,2026-9-11:YYYY:p2:0.89
3347,2025-09-01,0.624,CMP6_DMY,p2,1,1.24,"624,1131,888,1395",1512x2016,2025-9-1:CMP6_DMY:p2:0.62
3348,NONE-07-27,0.648,MMDD,p2,1,12.98,"431,1193,833,1297",1512x2016,None-7-27:MMDD:p2:0.65
3349,2025-01-10,0.349,YY,blur1/p1@640,1,15.26,"147,354,555,474",1512x2016,2025-1-10:YY:blur1/p1@640:0.35
3350,2022-10-10,0.97,CMP6_YMD,erode3/p1@640,1,11.58,"214,440,560,518",1512x2016,2022-10-10:CMP6_YMD:erode3/p1@640:0.97
3351,2025-10-22,0.785,YYMM_GLUE,erode3/p1@1024,1,10.46,"42,353,604,441",1512x2016,2025-10-22:YYMM_GLUE:erode3/p1@1024:0.78
