image_id,label,tags,fmt,sel,sel_kind,sel_src,in_p1,in_p2,n_p1,n_p2,p1,p2,kinds,ocr,sec,two,et,file,pred,long,strat,stage
000004,2022-02-14,b,YYYY.MM.DD,2027-02-14,YYYY,erode3/p1@1024,False,False,1,1,2027-02-14,2027-02-14,YYYY,2004088-368 ||  ||  ||   ||   || N || BA O E NZ ||  || AE E || 1007 63508 E  || 20408-368 COP ||   E 4   EA     N || AE 87 E || 182 || 801007683508 FELE H1 ve2 ||   2040-368 COD ||    A   AL A     ||  8  || 18 || 010076683508 E  EL  VE2 || 00408368 || NN || 7 ||  ||  || NPA || E  NZ O  || 44447 || A,6.6,False,연도만틀림,000004.jpg,2027-02-14,4032,large,C 후보는 있는데 전부 오답(오독)
000022,2025-10-14,,YY.MM.DD,NONE-01-20,MMDD,erode2/p1@640,False,False,1,1,NONE-01-20,NONE-01-20,MMDD, ||  ESH SLOW BREAD 90 25.10.144X1.A1.F2 || 7 || 011214 0.005 motaue  Se || 0/20    || KIRIN H O SINC   PF1E || E2 ESH SLOW BREAD 25.10.141.A1.2 ||  so || 0121214 0.005 molaue In E e || 7020    ||  HIRINN HH SINCE  2 119 || a ESH SLOW BREADD 25.1041 A1.2 || o || N312140005 So IN  3e || 10120     || ,4.0,False,전부틀림,000022.jpg,NONE-01-20,4032,large,C 후보는 있는데 전부 오답(오독)
000024,2025-10-11,,YY.MM.DD,NONE,,,False,False,0,0,,,, || EONN || W || 1o2 || ROH En 8 70 C || 18.8    0.002    1 480 kcal  1 ILC. ||  || EON || HR || 01o4 HOH En O  10 25.10.11731 5    || 18.8   20.002    1 480 kcal  OOI IOLIC. ||  ||  || R || oo R En o 6 or 25.10.1122 F1 C || 18.8  10.002   1 480 cal  01 MC || RN || EONN || 21 || o0 L || IOH 3 25 10.,12.1,False,NONE,000024.jpg,NONE,4032,large,D 후보 없음(미검출/전부 미인식)
000032,2026-03-22,,YYYY.MM.DD,2026-03-21,YYYY,p2,False,False,1,1,2025-03-NONE,2026-03-21,YYYY,2025.03 B2 13:40 SS03 || 429804,0.9,False,일만틀림,000032.jpg,2026-03-21,4032,large,C 후보는 있는데 전부 오답(오독)
000042,2025-10-12,,YYYY.MM.DD,2025-10-02,YYYY,p2,False,False,1,1,2025-10-11,2025-10-02,YYYY,2025. 10.112. A31 || smarck,0.7,False,일만틀림,000042.jpg,2025-10-02,4032,large,C 후보는 있는데 전부 오답(오독)
000047,2027-04-14,,YYYY.MM.DD,2027-04-04,YYYY,p2,True,False,1,1,2027-04-14,2027-04-04,YYYY,19850499011231 || O.F. 87201 || IHAFCIA ||   || 2027.04.14 15:55,1.0,False,일만틀림,000047.png,2027-04-04,2556,large,B 1패스엔 있었는데 2패스가 지움
000054,2025-10-08,,YY.MM.DD,NONE,,,False,False,0,0,,,,UaO L || 01430 || 7125.10.08WE01 || 16 H14  1.124 k   || 0.56   1N7F059 || 7   || 014389 || MHI7IS  || 7125.10.08E 01 || 30.56   85F05  || D   || 04 || AHIZIRF || 7125.10.0E 01 || 8056  8 150 || Da  || 0143 || 725.10.08E01 || 16H14 1.124k  || 0.56   0971F05  || 7  || 014309 || JHI7I8I || 7125.10.08E,10.4,False,NONE,000054.jpg,NONE,4032,large,D 후보 없음(미검출/전부 미인식)
000056,2026-07-11,2,YYYY.MM.DD,2026-12-07,DMY4,p2,True,True,3,9,2025-07-12;2026-07-11;2026-12-07,2025-07-12;2026-07-11;2026-12-07,DMY4;YYYY,ZAn2the || OFLIE ||     0 028788    481 0 1055438016    AHI71E: 4 2025.07.12 2026.07.11 3 00  42 080-019-9194 OO  ||  || A 7712,4.3,True,월/일틀림,000056.jpg,2026-12-07,4032,large,A 2패스 후보에 정답 있음(선택 실패)
000059,2027-06-22,,YYYY.MM.DD,2022-06-22,YYMM_GLUE,p2,True,False,1,1,2027-06-22,2022-06-22,YYMM_GLUE,120 || 3 || or thre times. || Mo   || to bowl for est taste || 5.913014:418 0M1 0 A || 1. N..NI O4O7 LF07 0   ZTNNN LM4  ZM Z9  4  2027062 NE || 2-3H 0k Rinse cookedes || oyoup orcd I A ZE7 gaic orelicuoup. MTNNNHN N.NNI 0 04470 M  ZT   42N 07 000 20 C 202706.2 4    o  Make a coii th cooked MoH EN  ,7.8,False,연도만틀림,000059.jpg,2022-06-22,4032,large,B 1패스엔 있었는데 2패스가 지움
000064,2026-08-03,,YYYY.MM.DD,2025-08-03,YYYY,p2,False,False,1,1,2025-08-03,2025-08-03,YYYY,1 x07 || HO   || 2025 08.03.10:45 ||  EHALC,1.1,False,연도만틀림,000064.jpg,2025-08-03,4032,large,C 후보는 있는데 전부 오답(오독)
000067,2025-12-19,,YYYY.MM.DD,NONE,,,False,False,0,0,,,,271 - 2 || 42 || 0  12150P || 42 || o  3 50g || . || 2 || 42 || 0  5250g ||  - || V || - ||  42 || 0   5250g || - || 171 || 42 || 0  5250g || D A || - - || C || 42 || 0  50,9.0,False,NONE,000067.jpg,NONE,5712,large,D 후보 없음(미검출/전부 미인식)
000085,2026-03-30,,YYYY.MM.DD,2026-09-30,YYYY,p2,False,False,1,1,2026-09-30,2026-09-30,YYYY,OU || LE20 ma 1   030g 0mg0  X090  012 E34 6  EHAOE || 2XAE080-02 6060 ||  X  E || 2026.09.30,1.2,False,월/일틀림,000085.jpg,2026-09-30,4032,large,C 후보는 있는데 전부 오답(오독)
000106,NONE-10-20,,MM.DD,NONE,,,False,False,0,0,,,,NO H 2 Brand AWITICH || YOGURT Lou 450 gl SOHECAON TOONC  OE S Plain 10.201357 rugas  9715  H || 2 580 || FELNMILA || NO H Brand AHITICH ||  A || YOGUAT Lov 450gl OERIAO TOONE  000t Plain 2 19.:20 135X Jugar ba o   8715  01.740  || 2 580 || ENILAU || No E Brrand AHITHCH ||   || YOGURT lovu 450 gl SO,13.9,False,NONE,000106.jpg,NONE,4032,large,D 후보 없음(미검출/전부 미인식)
000110,2025-10-29,,YY.MM.DD,NONE,,,False,False,0,0,,,,CHI || 25.10.297XI || o ICE Ham PORK CK || EIR || CHIIE || 25.10.2977KI ||  Ham INIENA ICE PORK CK ||  || E ||  || 25.10.2977XI || O Ham ELDENA ICE PORK CK ||  ||  || 25.10.2977XI || oMSL ICE Ham  PORK CK || CHIe || 25.10.2977XI || O ICE Ham ADERA PORK CK || H || 25.10.297XI || o ICE Ham PORK CK || ,10.2,False,NONE,000110.jpg,NONE,4032,large,D 후보 없음(미검출/전부 미인식)
000118,2026-03-23,,YYYY.MM.DD,2026-05-25,YYYY,p2,True,False,1,1,2026-03-23,2026-05-25,YYYY,08:54 F F2 || 2026.03.23m1 || 02:16 0 F2 || rand,0.7,False,월/일틀림,000118.jpg,2026-05-25,4032,large,B 1패스엔 있었는데 2패스가 지움
000122,2027-04-28,,YYYY.MM.DD,2027-04-NONE,YYMM,p1@1024,False,False,1,1,2027-04-NONE,2027-04-NONE,YYMM,N C  CA C  A || A   C  C S || 27.04,1.8,False,일만틀림,000122.jpg,2027-04-NONE,4032,large,C 후보는 있는데 전부 오답(오독)
000157,2027-07-08,t,DD.MM.YYYY,NONE,,,False,False,0,0,,,,1904 ||  || 0SS 2021 || 1 || 904,7.8,False,NONE,000157.jpg,NONE,4032,large,D 후보 없음(미검출/전부 미인식)
000159,2027-01-08,,YYYY.MM.DD,2027-01-01,YYYY,p2,True,False,1,1,2027-01-08,2027-01-01,YYYY,1399 B4 AL 40 a MATSUL   ||  || 0   XH8:99 Ca ||   || S LODER  ||  || 7 1 || 4 4 || Et 1399 B40640 0 ||  || MATSUL || 24717 47174 || X N CA ||  CCAA   X8999 || OuTE || IE  OTHER :LDPE || 2027. 1. 08.21 || O 7 D,2.9,False,일만틀림,000159.jpg,2027-01-01,4032,large,B 1패스엔 있었는데 2패스가 지움
000160,2026-10-27,2,YYYY.MM.DD,2025-04-02,YYYY,p2,False,False,1,1,2025-04-28,2025-04-02,YYYY,EXP:2026/102 R0:2025/04/28 ||  78,0.7,True,전부틀림,000160.jpg,2025-04-02,4032,large,C 후보는 있는데 전부 오답(오독)
000166,2027-08-18,,YYYY.MM.DD,2027-08-NONE,YYYYMM,erode2/p1@640,False,False,1,1,2027-08-NONE,2027-08-NONE,YYYYMM,HEA R OO || 20220. 18 ||  || A08 || BEAR 080 || 20227 0-10 || X0 || EARE NO || 302  1 || HEAR OMAO || 2027.08. || ,3.4,False,일만틀림,000166.jpg,2027-08-NONE,4032,large,C 후보는 있는데 전부 오답(오독)
000179,2026-06-29,2,YYYY.MM.DD,2025-09-30,YMD_GLUED,p2,True,False,2,2,2025-09-30;2026-06-29,2025-09-30,YMD_GLUED, || 2 || loce || 2025.09.30 2026.06.29 B4 1   || K0 1OR C || 2,1.4,True,전부틀림,000179.jpg,2025-09-30,4032,large,B 1패스엔 있었는데 2패스가 지움
000184,2027-11-19,,DD.MM.YYYY,2027-11-01,DMY4,p2,True,False,1,1,2027-11-19,2027-11-01,DMY4,1.75 || 4 280 OH || 19 11 2027 19MZR2 O 7-9  || DIVELLA  C A || .206 P AS 32,1.6,False,일만틀림,000184.jpg,2027-11-01,4032,large,B 1패스엔 있었는데 2패스가 지움
000191,2026-06-15,,YYYY.MM.DD,NONE,,,False,False,0,0,,,,C S28 || Sl    || 1 202   XH 15DIRIA ||  || EDE || E3012220 || 72 Z0ATM  A  || 2/71 O Oe 15DERIA || AEN 002389 || EUPI || een || EDHE || BEBOZ2IO || 129 OTMA A ||  2026 Oe 15DITIA || SAEM 00389 || EUFAL || 74 || 7 1 15DIRIA ||  || en || EDE || 2 || 12220 || 739 7A8  ||  20 06 XH 15DIXIA ||  || EUTI ,10.6,False,NONE,000191.jpg,NONE,4032,large,D 후보 없음(미검출/전부 미인식)
000192,2026-06-24,,YYYY.MM.DD,2024-06-01,SP_DMY,p1@640,False,False,1,1,2024-06-01,2024-06-01,SP_DMY,HEORED n ||  || CAREREE Tue  2 382802220 OOD || 124 37 97458 8  || 01 e  06 24 DI AID TH ||  508 kc || 0350 ||   30 0g8 22809,1.2,False,전부틀림,000192.jpg,2024-06-01,4032,large,C 후보는 있는데 전부 오답(오독)
000193,2026-03-06,,YYYY.MM.DD,2026-03-08,YMD_GLUED,erode3/p1@1024,False,False,1,1,2026-03-08,2026-03-08,YMD_GLUED,Bolo || DR   AMD1E 202600 SOIS MELZ || 27H OA0H 50 || Bol || SOIS 3S4IZ || Ae 202.0306 Nae || 27H O0H 50 || Bolo || EOIS BRHIS || A 2020  || 27H OFH 150 || Bolo || AMV 202600 LME WAS SOIS MELS ifee || 27H OA0H 5 || Bol ||  SOIS 224I2 || ANI0 202.0308 Ad  || 27H 0 50 || Bolo || 202600 snt AB SOIS MRL,6.8,False,일만틀림,000193.jpg,2026-03-08,4032,large,C 후보는 있는데 전부 오답(오독)
000198,2026-05-08,,YYYY.MM.DD,2022-12-15,SP_DMY,p1@640,False,False,1,1,2022-12-15,2022-12-15,SP_DMY,2248180 || 3 980 2712 100g26219 || LH88 || 245 kcal || Omg 40 13 || 9g 9  X 16g 30  || E2HAX  0.59 6g 40  || 45m 15  12 22  || 09 S || S TOOW OA || N A 0E10ES 4 B8 || P ||  20Y O8  || 18 || 2431 OTHER HDHWE   0 199,1.8,False,전부틀림,000198.jpg,2022-12-15,4032,large,C 후보는 있는데 전부 오답(오독)
000200,2027-07-14,,YYYY.MM.DD,2021-07-NONE,YYMM,fullres/p1@1024,False,False,1,1,2021-07-NONE,2021-07-NONE,YYMM,71 2 || 731  100g || 2 380 || 13:34 21B  || 5713121209 OTOKI CURRY MILD   11969471 200   || HE 88 2122112 10  287247 1082760274870   84 ||  x1 IA  || S3E tAls. xig 4.3g 7139211 RUAIS 5t4 5g 3 || L2t i L171311 Z242 E || 4731  100g || 2 380 || 2037397221BN || 71319 OTOKI CURRY MILD   6471  20 || 92 OO,7.3,False,전부틀림,000200.jpg,2021-07-NONE,4032,large,C 후보는 있는데 전부 오답(오독)
000203,2026-07-01,,YYYY.MM.DD,2026-07-08,YYYY,erode3/p1@640,False,False,1,1,2026-07-08,2026-07-08,YYYY,NEE  210 2  / 22 07  150 k  MODE MRES  27 LIgE   o OTHER  C464 201 g 150 kcal  150. 78422 EqLE E    14-38.22 15.9 941 38182580 2026 B3 8801005 200257 IDI 827 427.3 E2CO1E58-7 ACH  La-202a E0EO || 200108182580 LETT o Hi    22 07 80   g407  7g13   HACCP LH8E180 0107 98 150 7 573432 g 150 kcal T  EqLE ,9.4,False,일만틀림,000203.jpg,2026-07-08,4032,large,C 후보는 있는데 전부 오답(오독)
000208,2026-04-13,,MM.DD.YYYY,NONE,,,False,False,0,0,,,, ||  MONTH.DAY YEAR  BESTIF USED BY ht-lcuseFoods JAVACURRY E || 4.13.2026/B-V HOT  0 ||  A || MONTH:DAY YEAR  BEST IF USED BY 64-louseFoods JAVA CURRY SD || 4.13.2026/B-V HOT ||   ||  MA || ONTH DAY YEAR BEST IF USED BY R  hibueT-ds JAVAC ACURRY E || 4.13.2026/B-V HOT ||  || S || BEST IF USED BY  M,11.1,False,NONE,000208.jpg,NONE,4032,large,D 후보 없음(미검출/전부 미인식)
000209,2027-06-11,,YYYY.MM.DD,2027-06-10,YYYY,p1@640,False,False,1,1,2027-06-10,2027-06-10,YYYY,0 Ho He || H LH9  X ||   0802431  a 1 415kcal H H  219  31  19  18  2027.06 1o0s OKitchen 25t 11 J ww.okithen .cokro NI  27 || 3  || 0   7 H  ||  ,3.8,False,일만틀림,000209.jpg,2027-06-10,4032,large,C 후보는 있는데 전부 오답(오독)
000210,2027-05-20,,YYYY.MM.DD,2031-05-07,SP_DMY,p1@640,False,False,1,1,2031-05-07,2031-05-07,SP_DMY, oo 2980 2 980 A || 78 7 5 31 || 471,0.6,False,전부틀림,000210.jpg,2031-05-07,4032,large,C 후보는 있는데 전부 오답(오독)
000211,2026-02-12,,YYYY.MM.DD,2026-06-02,YYYY,p2,True,False,1,1,2026-02-12,2026-06-02,YYYY,961240  || 1912322 ||  70 || 3.70 || 00400 AM C4. 020M || 961240 || 19:2372 DUET || .700 3 700 || 0040 SAAA7R 14. .11200M || 961240 || 2022022 7 || 8 700 3.700 || 040A 44501 C M0 || 961240 NIN || 19123-2 || 3.70 || Ron SAMS M2M M. || 961240 || 2026 .02.121 || WE || L 3.700 || 1010400 M.M2A || AAIS,4.6,False,월/일틀림,000211.jpg,2026-06-02,4032,large,B 1패스엔 있었는데 2패스가 지움
000216,2026-03-16,,YYYY.MM.DD,2026-03-01,YYYY,p1@640,False,False,1,1,2026-03-01,2026-03-01,YYYY,  20 20 20 20 20 20 20 20 2 || 2026. 03. 1 6 || 801065002990,0.8,False,일만틀림,000216.jpg,2026-03-01,4032,large,C 후보는 있는데 전부 오답(오독)
000229,2025-10-28,,YYYY.MM.DD,2022-10-11,CMP6_YMD,erode2/p1@640,False,False,1,1,2022-10-11,2022-10-11,CMP6_YMD,ZARELLA || Denmark 287X1 || YOZZRELLA Fresh  9100   887  Mini || Milky Flavour || 1256 THE K-MILK 24884829 22101 || ZZARELLA ||  || MOZARLLA Fresh 10  Denmark  87  in 2 287X/ Mini || Milky Flavour || 1256 28N8 K-MILK F 2E 1210 || ZARELLA ||  || MOZARELA Firesh  Denmark  712  in  .287X1 Mini || Milky,4.5,False,전부틀림,000229.jpg,2022-10-11,4032,large,C 후보는 있는데 전부 오답(오독)
000231,2028-05-27,,YYYY.MM.DD,2025-01-01,SP_DMY,p2,False,False,1,1,2025-01-01,2025-01-01,SP_DMY,SAUS || DEX J x  || 80 2080 ||  x  : 25E28A || 18718 || 17 x     x  || 80 2080 ||  x1 1  25E281 || 1187161 ||  7x1 17x || 80 2080,2.8,False,전부틀림,000231.jpg,2025-01-01,4032,large,C 후보는 있는데 전부 오답(오독)
000232,2027-11-26,e,YYYY.MM.DD,NONE,,,False,False,0,0,,,, || PP2 || TOTAL HIC 7 TOTAI ||   || /  HIC 7 || P1P2: || TOTAL ||    || 7 07 DICI 7 ||  2 || TOTAL || 7   || HEHE:4 || 7P2  || TOTAL TOTA ||   || HIC || HIH: || P2 || TOTAL HIC 7 TOTAL ||   || 1 || TOTAL TOTAL ||   || HICI || TOTAL IC 7 TOTAL ||   ||   || MXW:59A || A7SAPL || TOTAL EICI 7 TOTAI || ,9.6,False,NONE,000232.jpg,NONE,4032,large,D 후보 없음(미검출/전부 미인식)
000233,2028-01-13,,YYYYMMDD,2021-01-22,CMP6_YMD,erode2/p1@1024,False,False,1,1,2021-01-22,2021-01-22,CMP6_YMD,27 || 202801 ||  2719 53729O7 O5O OO PERIOE || I 2028011 P2 B5D ||  2  42  10 PERIOE ||  202801 1 P2 BSD || S2R  || B5/ || 202801 || I 21o122 202801 P2 B5D PERIOE || S,4.4,False,전부틀림,000233.jpg,2021-01-22,4032,large,C 후보는 있는데 전부 오답(오독)
000234,2026-10-27,2,YYMMDD,2027-10-26,CMP6_DMY,p2,False,False,2,2,2025-05-09;2027-10-26,2025-05-09;2027-10-26,CMP6_DMY,Dove || Dove || 037 090525 21:26 || R3 EXP 261027 ||  || L. || 8 || peptides,1.4,True,전부틀림,000234.jpg,2027-10-26,4032,large,C 후보는 있는데 전부 오답(오독)
000242,2026-05-21,2,YYYY.MM.DD,2025-09-22,YYYY,p2,False,False,1,1,2025-09-22,2025-09-22,YYYY,46 8 / 206 kcal X  3.58 23  s    2200 cal 2  . 1870 48 7  68 11  CH HI   18171 202.05.21 2025.09.22/15:10 HACCP 2 4 HACCP OIE   x   E,1.8,True,전부틀림,000242.jpg,2025-09-22,4032,large,C 후보는 있는데 전부 오답(오독)
000246,2026-02-04,2,YY.MM.DD,2025-09-05,YY,p2,True,False,2,2,2025-09-05;2026-02-04,2025-09-05,YY,DI HEIEF || 7212275 TEKE O1E1010 MELICH   OI  || 05:40A01F4 2602.04 25.09.05 11x1  EI,1.3,True,전부틀림,000246.jpg,2025-09-05,4032,large,B 1패스엔 있었는데 2패스가 지움
000255,2026-08-20,,YY.MM.DD,NONE-08-20,MMDD,erode3/p1@640,False,False,1,1,NONE-08-20,NONE-08-20,MMDD,H 2 || g 10 g 32 2.5  1 6 11g 11   6g 40     Z 75 kcal gx4  8 802259026501 || g 130  32.5 9x4s  2.5   175 kcal 6 119g 1   6g 40      802259026501  8  ... || 77-T || 102594 2.5 a 15 511 x 640    M120 988   880225902650 :  :.. || 77 X1 || g 130 g 32 2.5 g  175 6  1g 11   6gg 40     5 kcal gx4  8 08:14,5.9,False,연도만틀림,000255.jpg,NONE-08-20,4032,large,C 후보는 있는데 전부 오답(오독)
000263,2028-01-22,,YYYY.MM.DD,NONE,,,False,False,0,0,,,,FER || 7127 NO. E787 || O  || M bee . ODK || 1   :40 31 || oe || 7127 NO. E7 27 || O ||  E:40 02s 2 2208 E31 || DO || oer || 72 NO.   || O  || 7 7E:40 pee.  2aDET 31 || DOML || DO || 7127 NO. E707 || O  || 12:40 028 G1 920231 220T || ofef || 727 NO. E7107 || O || 028 220R || 2 8:40 920231 || Ia 7  |,11.1,False,NONE,000263.jpg,NONE,4032,large,D 후보 없음(미검출/전부 미인식)
000264,2026-06-06,,YY.MM.DD,NONE,,,False,False,0,0,,,,. || 26.06.067A119:37F2B || 26.06.0677A119:37F2B || 26.06.067119:37FB || 26.06.067119:37 F2B || 26.06.06777/19:37 F2B || 26.06.067119:37 F2B || 26.06.067/ 19:37 F2B || . || 26.06.067119:37F2B || 26.06.0677X119:37F2B || . || 26.06.0677X119:37F2B || 26.06.067X119:37F2B,7.7,False,NONE,000264.jpg,NONE,4032,large,D 후보 없음(미검출/전부 미인식)
000266,2025-12-04,b,YYYY.MM.DD,NONE,,,False,False,0,0,,,,KOFPICH POIZIO ||  18x11 || 271 M1/ P ||  || HACCP PTRR || 205:12.0476  || / 6   || HOFDIER || / || 2 P || M ||  || OEEPEIOI || HACCP || 205.12.0471 ||  6 4 0 || MOPDIEY || 1x1  ||  y || N ||  || OIOE || HACP || 205.12.047 || . || OFDICH 144 POIZIOL aE || H    ||  || ACCP PPER1 || 205:12.047H1 ||   ,10.2,False,NONE,000266.jpg,NONE,4032,large,D 후보 없음(미검출/전부 미인식)
000271,2026-03-24,,YYYY.MM.DD,2026-03-22,YYYY,p2,True,False,1,1,2026-03-24,2026-03-22,YYYY,G || N:A  0 ||  || HLES .CH5 8 0928 ||  :70 || E0199 ||     || L || 2026.03.24 7-2,1.1,False,일만틀림,000271.jpg,2026-03-22,4032,large,B 1패스엔 있었는데 2패스가 지움
000274,2026-03-02,2,YY.MM.DD,2025-09-03,YY,p2,True,False,2,2,2025-09-03;2026-03-02,2025-09-03,YY, || ABLCC. R || W  WLI  4g 235 kcal 294. || g 8  M9260 g 0      26.03.02 x  A5 25.09.03 F2 20:11 ||   Mall,1.7,True,전부틀림,000274.jpg,2025-09-03,4032,large,B 1패스엔 있었는데 2패스가 지움
000294,2026-09-08,2,YYYY.MM.DD,2026-09-09,DMY4,p2,True,True,3,9,2025-09-09;2026-09-08;2026-09-09,2025-09-09;2026-09-08;2026-09-09,DMY4;YYYY,4 || HEOIH: HI71:  8808 003 F  82   0 E   5999458473 2025.09.09 2026.09.08 08:54  L  196  0g   00 RIILIO 0 mg 0   8 15  T 801007052854 Bud 50   g210 kcal TE XI WF4,6.2,True,일만틀림,000294.jpg,2026-09-09,4032,large,A 2패스 후보에 정답 있음(선택 실패)
000355,2028-06-17,,YYYY.MM.DD,2028-05-17,YY_LEAD0,p2,True,False,1,1,2028-06-17,2028-05-17,YY_LEAD0,O || 2028 06.171 || 14:5,1.6,False,월/일틀림,000355.jpg,2028-05-17,4032,large,B 1패스엔 있었는데 2패스가 지움
000360,2026-02-18,2,YY.MM.DD,NONE,,,False,False,0,0,,,,b 26: 00 19 Dhu ||  H 74 || 0 || 829 N221-35C 0 D LHIH AMU O  22 R   || D || THAHS 67 A || 26: 08: 19 DH ||  ZHAa74 WI7IE 3 || E4 || 730fI . ||  7 N135 BEHHO LHITITHA  ME  20040548 2 I   || IOT 1 || TA DATON B || RIOHOI CHAHH T || 26. . 15 M  Dh ||  21 E  || 04 || 2 o  4. || 3 7 221-35 C H  LHITH Mu,13.9,True,NONE,000360.jpg,NONE,4032,large,D 후보 없음(미검출/전부 미인식)
000361,2026-12-19,,YYYY.MM.DD,2026-12-12,CMP,p2,True,False,1,1,2026-12-19,2026-12-12,CMP,KHT ||  ||  H2 1711 2026 15  2 ||  50210 || 2 2 J2 A 700 || A || Ya 20 || 3296 Z2 198405305114    HEHION || AH || H   || 111 : .. 2. ||  . ||  15021  || T2 5  1 70201 A ||  || 6 || M || 3296 MOEN  19840533005114  141  CHOI || o1 ||  ||  Ho   || 211 .. ...   ||   || I ||   N  70O M ||  || 6710 || D |,6.3,False,일만틀림,000361.jpg,2026-12-12,4032,large,B 1패스엔 있었는데 2패스가 지움
000370,2026-09-02,,YYYY.MM.DD,2025-09-02,YYYY,p2,False,False,1,1,2021-05-09,2025-09-02,YYYY,12 844 || TSASET || EAHNENO  F12503 0 201247 10.71. 1 20  N X02    3   209 F70x 2026 93.9 69249058 OTHER OOH 41880 9g 275 kcal  3.4g 0 mg 20 EH6  ECHAT O  3x  0   65 g 0 mg 214 20  6  || NS || 01991  .A  AHNN 1399 ZHA  027 X10X   E717 202 02 10H711H0      2021 5 09.0 T65L OOgE O mg EH6  2A  3.4 9 EZ,5.8,False,연도만틀림,000370.jpg,2025-09-02,4032,large,C 후보는 있는데 전부 오답(오독)
000373,2026-09-18,,YYYY.MM.DD,NONE,,,False,False,0,0,,,, || 27 || 37kcal oo 82t60g ESOL. LE1 360 mg 145g 10 mg 4888 17  0 68  14  17  3  X  5.1g LISUS EH2.8g E Og x 3.1g 21  9  5  || 8809847 090135 IY 3925- 971 18 HACCP OTHER B ||  || 443248 || 337 kcal L60g ooy OL 10 mg LE1 360 mg 45g LHO 17g 708 17  3  LHO  x 4 5.1g EH2.8g EOg  3.1g 7o 1  21  9  5  || ,19.6,False,NONE,000373.jpg,NONE,4032,large,D 후보 없음(미검출/전부 미인식)
000384,2026-09-08,2,YYYY.MM.DD,2026-07-08,YYYY,p2,False,False,1,1,2026-07-08,2026-07-08,YYYY,D || BRONOIR AUD 026.07.08JX0 3,1.2,True,월/일틀림,000384.jpg,2026-07-08,4080,large,C 후보는 있는데 전부 오답(오독)
000386,2026-06-10,2,YYYY.MM.DD,2025-06-11,YYYY,p2,True,False,3,3,2025-06-11;2026-06-10;2026-11-06,2025-06-11,YYYY,AFIS || MEIOSE || M3 XTOE SE || 0 || 88232023 458848713 || 8.98.4417 || 398 || B 117 2025.06.11 2026.06.10 01:36 A02,2.1,True,전부틀림,000386.jpg,2025-06-11,4080,large,B 1패스엔 있었는데 2패스가 지움
000390,2026-05-19,,YYYY.MM.DD,2021-03-23,CMP,erode2/p1@1024,False,False,1,1,2021-03-23,2021-03-23,CMP,647 || 2496.5  714 458  .453 98802 || Tel091611-3082 9595 || XARMS7 || ANDIE W51707X || A || 4 || 2025.19. 08 || 647 99HM || X20 N88 || 07  15 ON / 345 Tel 031 611-3592 X:PET 22 6 100  45  200g 694kca:2021032318512 98.5 9   || 4 || 019. OET || 547 OOFA || M ||   6ON   3 Tel 031 611-3592HET 1 6  100 ,7.7,False,전부틀림,000390.jpg,2021-03-23,4080,large,C 후보는 있는데 전부 오답(오독)
000405,2027-10-15,,YYYY.MM.DD,2020-07-01,SP_DMY,dilate2/p1@1024,False,False,1,1,2020-07-01,2020-07-01,SP_DMY,R || H1 || A FII || OTTGI HASH || 920 || 7 0 200760470 ||  410730 ||  || 2127 || 828985 || 012t012 32 4248 042884 2.M998712 || OKitchen 29277  ottogiokitchen.co kr  || 20010450552187 || SE || 4 ROHE 2 2 0152 49  x  4  A 7 || A || 080024-211  ||  HACCP || R || SACRI CKTIWANeSS ||  FOIIOA S:39 3F16K |,31.6,False,전부틀림,000405.jpg,2020-07-01,4080,large,C 후보는 있는데 전부 오답(오독)
000406,2026-08-27,2,YYYY.MM.DD,NONE,,,False,False,0,0,,,,B ||  7 mg/L  Za Ca 2.-81 LE INa 3.9 4.9 UEK AM7 748M 5.0 6.8 4 0.0 0.1 || 68:010 || IPrL || 08. 2 || AAC || 782E || a c ||  7E2 mg/L  Za Ca  21.1-2 3.9 4.9 4E6 Na  ZSIK  17 74Mg 5.0 6.8 0.0 0.1 A || :500 mL || 0S. 20 || eAO ||  || ZANC ||  m/ a 21.1-28 3.9 4.9 4E6Na ZIE K 1mM7 746 5.0 68 000.1 4 ||,13.2,True,NONE,000406.jpg,NONE,4080,large,D 후보 없음(미검출/전부 미인식)
000415,2026-05-27,,YYYY.MM.DD,NONE,,,False,False,0,0,,,,8 ||    Aac 2  0014H222 P || 3a8  48860g/15kcal 880930 ||   EH OTHER VileR || 8 ||  255 004H2 || OO 48260g/15kaal || L3M OTHER Wi || 8 ||  36 0404H222 || O  482 60g/15kal ||  OTHER  ||   || A N TA 27  4014H247  || gggs 848860g/15kca 1 ||   EEM OTHER v || 8 ||  243 404H27 || a || go 4860g/15kcal || O,13.1,False,NONE,000415.jpg,NONE,4080,large,D 후보 없음(미검출/전부 미인식)
000416,2026-04-07,,YYYY.MM.DD,2026-07-01,DMY4,p1@640,False,False,1,1,2026-07-01,2026-07-01,DMY4,2E 01997 GO   28BOrR  1 7  2026 || ane0n ,1.1,False,월/일틀림,000416.jpg,2026-07-01,4080,large,C 후보는 있는데 전부 오답(오독)
000423,2026-06-04,b,YYYY.MM.DD,2026-06-02,YYYY,p2,True,False,3,9,2025-06-05;2026-05-06;2026-06-04,2025-06-05;2026-05-06;2026-06-02,DMY4;YYYY,580 a || 62 689 || 20 AA2 2025.06.05 2026.06.041,1.9,False,일만틀림,000423.jpg,2026-06-02,4080,large,B 1패스엔 있었는데 2패스가 지움
000428,2026-04-23,,YY.MM.DD,2026-04-03,YY,p2,False,False,2,2,2026-04-30;2026-04-NONE,2026-04-03,YY,26 04 230X || 04:00 91 PR-2 ||  Z O 04:0091PR-2 26 04 230A9 || A A 0 04100 61 PR-2 26.04.2309 || 26 04.230K1 || 04:00 G1 PR-2 || 26 04 230R || 04:00 G1 PR-2 ||  || 26.04.230K1 || 04:00 G1 PR-2 || 26.04.230A || 04:00 G1 PR-2 || 26.04.230K1 || 04:00 G1 PR-2 || 4 - 2 O || 26 04 2309 || 7 04100 G1 PR-2 ,9.7,False,일만틀림,000428.jpg,2026-04-03,4080,large,C 후보는 있는데 전부 오답(오독)
000429,2026-01-04,,YYYY.MM.DD,2025-01-04,YYYY,p2,True,False,1,1,2026-01-04,2025-01-04,YYYY,RESPECT CUPO -NESCAFE1938   || 100019527 4150834489 || 4 20484 || 0070 || 080-730-5336   || OTHER u 41873657 2026 01 04 PD6:S9 || 1 || Nestie.,2.5,False,연도만틀림,000429.jpg,2025-01-04,4080,large,B 1패스엔 있었는데 2패스가 지움
000437,2025-11-19,,YY.MM.DD,NONE,,,False,False,0,0,,,,CI || 9PA || A ||  || M I ||   I || CI || IPHA || A || 7 || S || 1  ||  || i || M || Z || TT || 1 || I || OIE || A || IT || 1 || A I || ICY || 9TA ||  CA || IT || - || I  ||  Mh 2,12.2,False,NONE,000437.jpg,NONE,4080,large,D 후보 없음(미검출/전부 미인식)
000438,2026-02-19,t,YYYY.MM.DD,NONE,,,False,False,0,0,,,,19 X1 08:56 || 3085 2EH || BOm ||  826 82 19 JIII 88:56 241228813885E 1XI || 600 || X 2826 82.19 01 88 56H 8241228813085 H 18X || 88:56 || for || 7 28268219 JIXI 88:56 38 241228813885E 1XI || A0.5E || 2 || BOr ||  P0T XI || A8.56 || H || ER ||  41220813085 JIFII ZIEH 1XI || I ||  RH 15X,11.3,False,NONE,000438.jpg,NONE,4080,large,D 후보 없음(미검출/전부 미인식)
000440,2026-08-13,2,YY.MM.DD,NONE,,,False,False,0,0,,,, || M 22.27 BE   UE20E PEF 200 1399 702   y  8 D E b ||  ||  ||  47.927 1201   WA7ELE20  RENOUX NZE ZH0  99 LE2    D  E 4  ||  || V || e       DEEA HE NE  1399        || f  - || 181565 || y || N 2  || - || 7.927   HOD 1816   g   E || 72404 290 1399 4THE 4 I || 4 ||  || J  . || LHIGES  I || 4 ||   ra,11.0,True,NONE,000440.jpg,NONE,4080,large,D 후보 없음(미검출/전부 미인식)
000441,2025-12-15,,YYYY.MM.DD,2025-12-NONE,YYYYMM,erode3/p1@640,False,False,1,1,2025-12-NONE,2025-12-NONE,YYYYMM,C  AT 2025 193:73  N HE ||    h  TAI 2025.13:73 2  B D || A ||  || P || 2   he  TA B02s.93.73 C 2 B 8 ||  || P || P || C  TAT 2025.13:3 2 D B  ||  - h T  TA 2025.13:53 2 N B D || 2 || P ||  || A S SO 2025.12:93 2 P B ,6.5,False,일만틀림,000441.jpg,2025-12-NONE,4080,large,C 후보는 있는데 전부 오답(오독)
000450,2026-03-11,2,YYYY.MM.DD,2025-09-12,YYYY,p2,True,False,3,3,2025-09-12;2025-11-03;2026-03-11,2025-09-12,YYYY,M 2 || r.You || ht//www.oronworld.com 9218 || 7  Y 2026.03.11/A 2025.09.12/13:18  E TEX1 || TE,2.2,True,전부틀림,000450.jpg,2025-09-12,4080,large,B 1패스엔 있었는데 2패스가 지움
000451,2026-02-27,2,YY.MM.DD,2025-08-28,YY,p2,True,False,2,2,2025-08-28;2026-02-27,2025-08-28,YY,71 || E124  44 O5 3 || HLHE MA  go  H4  7 25.08.28 F29:31 26.02.27 x A1 R OHBSA,2.2,True,전부틀림,000451.jpg,2025-08-28,4080,large,B 1패스엔 있었는데 2패스가 지움
000452,2026-03-25,2,YYYY.MM.DD,2025-09-NONE,YYMM,blur1/p1@1024,False,False,1,1,2025-09-NONE,2025-09-NONE,YYMM,22HE || Sh2icn H1001  2  H0 || THTHW  0 88  7120845CH20088  2022859:45 || C2HE || 12H H 01  O- 225  70 0 71  || 2  IH     712 OH  CH2 O    7 0h AH 1202235:2569:45 ||  || 2H8 || EI2H   7 01  EO 2  740 7 || 2  HIH TXH   572 CH2    7 t AH  AM8:39  H || H || C2HE || 202:38:3509:45 || C2HE || S12S HOL FC,9.9,True,전부틀림,000452.jpg,2025-09-NONE,4080,large,C 후보는 있는데 전부 오답(오독)
000453,2026-01-26,2,YY.MM.DD,2025-08-27,YY,p2,False,False,1,1,2025-08-27,2025-08-27,YY,E3Fe NONAN NO H 100     9 EN || HA 4542488949     2025 ||  X   ||  ||   || 300 47H74 76 || EE X118 || CHOR   || QRAC2 || S L 18719 49 || 712t 25.0.27 08:38 CO55 || ESFE Original N ATTELEI RO H 100   o  || V27 HAE 9212 A O    285722012   2025 || O ||  || 30007H714 || HE || QRRC2 || 0  LI 1842799 || 7,3.8,True,전부틀림,000453.jpg,2025-08-27,4080,large,C 후보는 있는데 전부 오답(오독)
000459,2026-01-19,,YYYY.MM.DD,NONE-01-19,MMDD,blur1/p1@1024,False,False,1,1,NONE-01-19,NONE-01-19,MMDD,13E 89 19n1x1 A E ALH A7.29    150 g.13 g 9 99.5   163 g 390 Kcal  A 20 2 EHa 2 || I 4 442 22848204 3.424899 828442 997 548  V || 64CI  4742 64 ME444ER2 643429212 9N  8 || 5444 A  48107-0054815 || 0. 130 1E    9494422720104022 6 7T5 0 0  40147 LL 4A84      9  126.01.1901x1 O5 A  8015  P 2OETE A LH A,23.3,False,연도만틀림,000459.jpg,NONE-01-19,4080,large,C 후보는 있는데 전부 오답(오독)
000463,2027-02-14,,YYYY.MM.DD,2027-02-NONE,YYYYMM,p2,False,False,1,1,2027-02-NONE,2027-02-NONE,YYYYMM,EO  E N ENO || DAT || A 17 O 248-828-1280 R  AM7I BR97NE O 0-922216 UR395X 20020464088-34 AEE HA || NER  MAZRO 4885009 ||  925kcall 5009 EUE  32 -A2h 10 0   || JF || 2027.02 ABb || H 13.2  ,2.4,False,일만틀림,000463.jpg,2027-02-NONE,4080,large,C 후보는 있는데 전부 오답(오독)
000464,2026-03-19,,YYYY.MM.DD,2026-05-19,YYYY,p2,False,False,1,1,2026-05-01,2026-05-19,YYYY,202.03. 191 2319 12 || Ae BE9L 88 1045 57264 62 g/285 kcalx 572642 ||  || 2026.0.5919 712 || A ez n BE94 5264 81 62 g1 85 kcalx  801045572642 || L Fahy || 7.5 || C 2y n B  57264 8 62 g85 kcalx 880 1045572642 || K Riy || 202.03.5 19 2319 123 || hiyy BE9L 8801045 5577264 62 1285 kcallx6 || 2026.05.1 1,7.6,False,월/일틀림,000464.jpg,2026-05-19,4080,large,C 후보는 있는데 전부 오답(오독)
000466,2027-06-07,t,YYYY.MM.DD,2027-06-17,YYYY,p2,True,False,1,1,2027-06-07,2027-06-17,YYYY, ||  842 || EA || 20 || 12994   F24 2474 F D || 2027.06.07. ,1.3,False,일만틀림,000466.jpg,2027-06-17,4080,large,B 1패스엔 있었는데 2패스가 지움
000468,2026-04-06,?,DD.MM.YYYY,NONE,,,False,False,0,0,,,,06 2025 || E060-2026 || 2G301 || E06 026 || 2GE01 || E06 2026 || FU || P 10 06 || 80606 || 1G0 || 2 || 000 || 06 || 000 || 10 OE || 06 || C,17.3,False,NONE,000468.jpg,NONE,4080,large,D 후보 없음(미검출/전부 미인식)
000472,2025-01-17,,YYYY.MM.DD,2026-01-17,YYYY,p2,False,False,1,1,2026-01-17,2026-01-17,YYYY,/2100 || 72213.9 || 2026 01.1776X,1.9,False,연도만틀림,000472.jpg,2026-01-17,4080,large,C 후보는 있는데 전부 오답(오독)
000473,2026-05-21,,YYYY.MM.DD,NONE,,,False,False,0,0,,,,255 1071 ECI ||  || 250 || s 20   Og 32/0  16  2XO8NE ||   12ENC  ECI || 1017 ||   || 28 ORIGINA || 2x  A95-C43 45:M1211530 || 8c 8 1 20   0g 32  0  O.ng 16   9g XK46069 CO 30-0899066 ||  26 || J 12XE  ECI || 1011 ||  || 20 FORIGINA ||     EE:A121530 || 18 g 8  20   Og 32 0  0.ng 16   99    30-89906,18.4,False,NONE,000473.jpg,NONE,4080,large,D 후보 없음(미검출/전부 미인식)
000474,2026-06-26,,YY.MM.DD,2026-06-06,EXTEND,p2,False,False,1,1,2026-06-NONE,2026-06-06,EXTEND,2 ||  T  T  du || 26.06,2.9,False,일만틀림,000474.jpg,2026-06-06,4080,large,C 후보는 있는데 전부 오답(오독)
000478,2026-06-11,,YY.MM.DD,NONE,,,False,False,0,0,,,,00 || 2.0.11 A11 || O - || d  || 2.06.11 A || 4 800 ||  S || .800 || 2.06.11 Al1 || 4 800 || . || 28  || 4 800 ||  || O C,13.3,False,NONE,000478.jpg,NONE,4080,large,D 후보 없음(미검출/전부 미인식)
000480,2026-06-04,,YYYY.MM.DD,2026-07-21,YY_LEAD0,p1@640,True,True,2,2,2026-06-04;2026-07-21,2026-06-04;2026-07-21,YYYY;YY_LEAD0,026.07.21 || ZERO || 0 10k74 || L || 39 || LIBS 300 g 50 gx || 1 50 g 95 || H859 || 2026.06.04 || 95,1.9,False,월/일틀림,000480.jpg,2026-07-21,4080,large,A 2패스 후보에 정답 있음(선택 실패)
000482,2026-11-14,b,YYYY.MM.DD,2025-01-02,YYYY,p2,False,False,1,1,2025-01-02,2025-01-02,YYYY,T || :1544-9449 2447  || FRI NC T1O || 2 k2 0   700  S9T 40 || 2025 V-n O  Hm: 5.8  V 141175  :1544-9492047  /340kcal  227 4 288488294230 H2 0   OIOXH  L89359340 kca 4 2LO0 || FRIED NC || 2025 V-1 2 D2 1  km 5.8   V 1417  08:154-9487047 g/340kcal  297  28223W 12 011 2 OO  30 cal OK L  || FRIE NCK,8.4,False,전부틀림,000482.jpg,2025-01-02,4080,large,C 후보는 있는데 전부 오답(오독)
000485,2027-09-17,,YYYY.MM.DD,NONE,,,False,False,0,0,,,,oST || 1 || JUST ||  || US US ||  || O 0s1 || JUST ||  || . || TS || o1 || U UST || O E || O NT || JUST JUST TL || ot ||   || 031 || Y || O  . .,14.6,False,NONE,000485.jpg,NONE,4080,large,D 후보 없음(미검출/전부 미인식)
000486,2027-07-15,,YYYY.MM.DD,NONE,,,False,False,0,0,,,,PA 2  P ||   DA 2 A    || C  2 S    ||  2 || 2E || DA 2 S   || E 2 2 || A 2 || A 6 2  8 a ||  P1  || PA A || PAT 2   || PA  A   ,15.8,False,NONE,000486.jpg,NONE,4080,large,D 후보 없음(미검출/전부 미인식)
000495,2026-02-19,2,YYYY.MM.DD,2026-02-01,YYYY,p2,True,False,2,4,2025-08-20;2026-02-19,2025-08-20;2026-02-01,YYYY,20 4394232111 452X 77 0212 || LEAE 19760487005230 || NATO 425.274 89 83938084848879827 4838X  329  .4 48X12 91 || 8917 808 R LNEE 7 8  LH 2025.0.20 1.22158 TIX T || 0752. || 52 8801117555719 || a || 002248421  5 E0E 7 477 527 0 M  87 2 27 0 24225827 XE 19E080-023-57001522-4002 OH  79M  E   1925212 4,31.8,True,일만틀림,000495.jpg,2026-02-01,4080,large,B 1패스엔 있었는데 2패스가 지움
000497,2026-08-31,,YY.MM.DD,NONE,,,False,False,0,0,,,,C || O || Hi || 26.08.31343 ||  ||  ||  || 26.08.319113 || C || C || C O || 26.08.312XB .00. ME || I || O 2 || 26.08.317kI8 || E || O || S  ||  26.08.312WB  .08.5 E 8 || C || C SP || C 26.08.31773  || E,23.0,False,NONE,000497.jpg,NONE,4080,large,D 후보 없음(미검출/전부 미인식)
000503,2026-02-18,,YY.MM.DD,2026-02-10,YY,erode3/p1@640,False,False,1,1,2026-02-10,2026-02-10,YY, 29 || 08E || paldo THEaS || PROVE || EAT || OFEFTH  HOLE Jon  OH 3 KE f O HE 3  O 8 801128 503488 110   95 kal  26.02.187x/vF FAKER FTH KING FLEGEND ||  ONFO || 20 28 || OEN || paldo 448718 || o PROVE || EAT || OEFTH   HO L Jun OCTO   C0 ONR L   8801128 503488  /110  495 kca  of 26.02.181x/vF.F FAK,13.1,False,일만틀림,000503.jpg,2026-02-10,4080,large,C 후보는 있는데 전부 오답(오독)
000505,2026-03-02,,YY.MM.DD,NONE,,,False,False,0,0,,,,444x || C || paldo 448871895 on E  175 HRE || PROVE || EAT H  || QICCTH HOFH . 040 EELE    26.03.0274/90 F FAKER KING OFLEGEND || Pn || 3 /110 495 kcal  || 2E2 paldo 4488789 4x I E  1gx124 ATS || PROVE || EAT H  || 91 H01H -   EILE go9   BLD 3 8 801128 503211 O /110  495 kcal  26.03.0274/90F1 F FAKE,21.5,False,NONE,000505.jpg,NONE,4080,large,D 후보 없음(미검출/전부 미인식)
000506,2026-06-18,2,YYYY.MM.DD,2026-06-11,YYYY,p2,False,False,1,1,2026-06-NONE,2026-06-11,YYYY,OEH HAITAI ClOTE   7O || oL71 || 21501 plok71 || 1  x  ||     HBS   2026.06. GE TIXI 2XRE 151,2.4,True,일만틀림,000506.jpg,2026-06-11,4080,large,C 후보는 있는데 전부 오답(오독)
000507,2026-05-19,2,YY.MM.DD,2025-08-20,YY,p2,True,False,2,2,2025-08-20;2026-05-19,2025-08-20,YY,4015995 490475218421 199602420674474 494924 || 8 00 000 X18948029.487128.22191700 770282280-49 2  84489444.8 99.45 18496719482029988898879889 10498289828716 98884019 4887212928974 0214291975 03.4.842413873481488207 F4XRKE 08Q-924-6060 26.05.19 B4 25.08.20 16:53 22474 2030233.48 44198.284 E82 71X   E,9.8,True,전부틀림,000507.jpg,2025-08-20,4080,large,B 1패스엔 있었는데 2패스가 지움
000509,2026-09-01,,YYYY.MM.DD,2025-09-02,YY,p2,True,False,2,2,2025-09-02;2026-09-01,2025-09-02,YY,E || 11 7  25.09.02 20:46  26.09.01 A1  DA HE 14x1,3.2,False,전부틀림,000509.jpg,2025-09-02,1400,mid,B 1패스엔 있었는데 2패스가 지움
000522,2026-02-21,2,YY.MM.DD,NONE,,,False,False,0,0,,,,LHTHE24T ||  || T || OOTAEOH ||  ||  ||  E || 77411 || LHITHE22T ||  ||  || QOEAEO || U H70O ||  ||  E || 1111 || LT4 || OA ||  ||  || U  ||  ||  E1 || 11x1 || LHTHE4PT ||  || LT || OOTEGAEPROHN || 0O || A E  || 26 08:22 6 06:05 11111  E || LHITH224T ||  || T- || ONOTEGAEFR || TH7O ETOOO ||  ||  E |,18.4,True,NONE,000522.jpg,NONE,1400,mid,D 후보 없음(미검출/전부 미인식)
000527,2025-10-12,,YYYY.MM.DD,NONE,,,False,False,0,0,,,,2U25 10.1247.384.C.J || M || 1 || EOHOL C || E0E || OEN || 12 g 7.5 g || PROTEIN C 1912 || 2U25 10.1247.384.G.J || OOEHOE E C || 20E || ON || 12 g WHOLE ROMAN MEAL SINCE GRAIN 7.5 g || PROTEIN CHAH 1912 DIETARY EAO FIBER || 2125 10124784 CJ || CO HOE E  || E0E ||  || 12 g WHOLE G ROMAN MEAL SINCE E ,20.3,False,NONE,000527.jpg,NONE,1400,mid,D 후보 없음(미검출/전부 미인식)
000530,2026-06-24,,YYYY.MM.DD,2030-12-14,CMP6_YMD,erode2/p1@640,False,False,1,1,2030-12-14,2030-12-14,CMP6_YMD,126.05.247 c || y21LE2Y SEnaS 1  do 8501214 19390 || 926.06.247 || 3214E2Y SEhS 1  do BEW21 19390 || 926.05.24T || ELEE Ss 1  a  19390 || 126.06.247 || HE1LERY SEnas 1  do 301214 19390,4.8,False,전부틀림,000530.jpg,2030-12-14,1050,mid,C 후보는 있는데 전부 오답(오독)
000537,2026-05-08,,YYYY.MM.DD,2020-02-11,CMP6_DMY,p2,False,False,1,1,2020-02-11,2020-02-11,CMP6_DMY, 200 292C4964 112 2HAX ANE  9g 9  40  1 15g X  16g 30  X  Eg4.0  LSE 245  15008 kea 77 || KC || L || JEXI || SHAR  BESORN || LEA || 42 || LP4  || OTHER || 686318  H X 88 || SECRET    2000 CN  42C C 15  1  ERHAXT 9g9 7 Og 40   X  16g 30  x  LHSS 15002 4.0  || 245 ksca || KC || 76.6.0. 17 || 184 46491,8.2,False,전부틀림,000537.jpg,2020-02-11,1400,mid,C 후보는 있는데 전부 오답(오독)
000539,2027-08-11,,YYYY.MM.DD,NONE,,,False,False,0,0,,,,I24  || DE 11DAI || 59:43 2H13P N2 || 44117124OZHOHE9 OTOKI BEKSE CURRY MEDIUM 72221 2  74 02 ||   6  || 7122012 22 117  44  || 7 21   || MOTOI 2LE0.53  21 || IaE  || 2837498 al .11DA 2H13P N2 || 4A1ZHOHE OTOKI BEKSE CURRY MEDIUM 47722477 2 4 201 alall || 237012  7:0/ 712127012 XHB 49E  H A 2     12,26.3,False,NONE,000539.jpg,NONE,1400,mid,D 후보 없음(미검출/전부 미인식)
000543,2026-06-23,,YYYY.MM.DD,2026-06-02,YYYY,p2,False,False,1,1,2026-06-07,2026-06-02,YYYY,S0I ||  0010538182580 TCIIEN SEA HHIO  || 4 14-38 N5773 0 0 7 OITH  TH HH76 7N4O 5E - 4083587   || 180 g 150 kcal ||  88  || 0.7g5 || 84294 8 8010052002 || 2026.06.7 || OTHER C109,2.6,False,일만틀림,000543.jpg,2026-06-02,1400,mid,C 후보는 있는데 전부 오답(오독)
000544,2029-06-25,,YYYY.MM.DD,NONE,,,False,False,0,0,,,,w || /1 HLtny100 IED BilklolKFR 050 srvs D || Tike || HTRD BiltlolKF  E || HLtny7 srvs ||  ||   SIOIK 9  || Lta orvs || wa || /1 HLtay109 202P0 HilolkKF 10:50 srvs D || 1 || 2pao HIytolKF   E || HLtaiy100 srvs || wke || HLta1 2D25 BIYyolkKP 10-50 srvs D || wa || 2020 BlyokKF || HLtaiy srvs || iel ||,15.2,False,NONE,000544.jpg,NONE,1400,mid,D 후보 없음(미검출/전부 미인식)
000553,2028-10-24,,YYYY.MM.DD,2022-10-24,YY,p2,False,False,1,1,2022-10-24,2022-10-24,YY,4EO    ||  || 219 X  || OINHO A 100 || TH HI  II7 0 T0E CNIOIEXI A || B V0 || H  7 ||     2N7 LE Z 8     || 2123.10.24 J  OTHTER  0025865402 || 4O    ||  || OCEO  18  || TH L  || AT || H  || A   L  42N4 LAE NZ 0  || 22.10.24 1x OTHER,6.1,False,연도만틀림,000553.jpg,2022-10-24,1400,mid,C 후보는 있는데 전부 오답(오독)
000563,2026-01-10,,YY.MM.DD,NONE,,,False,False,0,0,,,,ONAS || 26.01.1071X  ||  N   T A || ONAS || 26.01.1071X  || O   0  O || OHAS || 26.01.107X  ||  N    TO O   || 26.01.107 X  || EO0    A Io || OHAS || 26.01.1071X  ||     A 0  OH 0 || 26.01.107 X  || SEONNOTR CON01 LOEEVIO0THER  || ONAS || 26.01.1071X  || O1 || SEONACTOIO H || ONAS || 26.01.107 X  ||,16.0,False,NONE,000563.jpg,NONE,1400,mid,D 후보 없음(미검출/전부 미인식)
000571,NONE-10-18,,MM.DD,2024-11-18,SP_DMY,p2,True,False,1,1,NONE-10-18,2024-11-18,SP_DMY,10m15100/130 || M1T1 10.18 11:24 L2 || 71 80 || Maeil NO.1 Al17A || COOE || PROBIOTIC || JEOZE,2.7,False,전부틀림,000571.jpg,2024-11-18,1400,mid,B 1패스엔 있었는데 2패스가 지움
000574,2026-02-24,,YYYY.MM.DD,NONE-02-24,MMDD,p1@640,False,False,1,1,NONE-02-24,NONE-02-24,MMDD,LH130 mL/95 kcal  8:HOPE || 24g7   5 15  || Og 00  || M0g 0  ||    2 000 kcal0 || 64CH. || 2026:02.24 || 99:26 ATAB,2.6,False,연도만틀림,000574.jpg,NONE-02-24,1400,mid,C 후보는 있는데 전부 오답(오독)
000575,NONE-10-14,,MM.DD,NONE,,,False,False,0,0,,,,D09 19 13:48 PJSJS || OO 00  8A8 || 188 750 mL 578 ||  13A || D 1 13:48 PJS || BON  0  A LA9 || H8S 750 mL 957 || 1 || 1 019 13:48 SPJS || O  0  8A9 || H88 750 mL 987 || 38 || 10199  13:48 PJS || DO OO A 818 || 88 750 mL 957 || POAN || D 19 13:48 PJS || DON OO   88 || H8S 750 mL 9878 || P8MN13 || 10,23.0,False,NONE,000575.jpg,NONE,1400,mid,D 후보 없음(미검출/전부 미인식)
000576,2026-05-21,2,YYYY.MM.DD,2020-02-NONE,YYYYMM,p2,True,False,1,1,2026-05-21,2020-02-NONE,YYYYMM,2026.05.21 || HO,2.9,True,전부틀림,000576.jpg,2020-02-NONE,1400,mid,B 1패스엔 있었는데 2패스가 지움
000582,2025-11-21,,YYYY.MM.DD,2025-01-21,YYYY,p2,False,False,1,1,2025-01-21,2025-01-21,YYYY,20251.21 JETL-F1 || with || 20251.21:JT F1 || with || 2025.1.21 JETL F1 || with,5.9,False,월/일틀림,000582.jpg,2025-01-21,1400,mid,C 후보는 있는데 전부 오답(오독)
000583,2025-11-23,,YY.MM.DD,2025-11-NONE,YYMM,erode2/p1@1024,False,False,1,1,2025-11-NONE,2025-11-NONE,YYMM, 1C3 051 37210012 TE  HEZOILE 375.11 HOTE 01:35 HH SS BIKLIT GS8  1x  || s . K 37511 5 230 01:35 PIKLOIT || 61C3 GS8 || TI051 IE 11  || 76/2 T 7121007210 013 ||  T 11   Z   || IOLE AIMLES || 706CL 020 . || ENLIE OTTIHIERICO || H ||  . H  7 .230 01:35 BIKLT || C GS8 || TO51 TIE  71x1 || 7210071210034,10.4,False,일만틀림,000583.jpg,2025-11-NONE,1400,mid,C 후보는 있는데 전부 오답(오독)
000585,2026-05-16,,YYYY.MM.DD,2020-02-02,SP_DMY,p2,False,False,1,1,2020-02-02,2020-02-02,SP_DMY,GPR || BuTTER COOkIEs ||   A P A   20 2      T      PA  2  A 2 S || GPR || BUTTER ||  C 2  P     OB 2 2     20 F       A  P I,6.7,False,전부틀림,000585.jpg,2020-02-02,1400,mid,C 후보는 있는데 전부 오답(오독)
000587,2026-02-07,,YYYY.MM.DD,2026-02-17,YYYY,p2,False,False,1,1,2026-02-NONE,2026-02-17,YYYY,H || SENS OO  LiE10 g 1  99    20  2026. xx2xIO 02 OTHER 07 28 99  0 mg  1.2g 2  1666-5471 24  HENEMIE 4  10 U F 8801007 o Lo 1300 kcal EA E 7-09 ||  OH OL 24  || FE A O LE1 mg 1    00  S 5H ITTHE AHEO x2O HEM E1  X  1.2g2  MELC. H O    28g9  0171  L HONR || 2026.02. 777710 130,5.1,False,일만틀림,000587.jpg,2026-02-17,1400,mid,C 후보는 있는데 전부 오답(오독)
000592,2025-03-25,2,DD.MM.YYYY,2023-03-26,DMY4,p1@640,False,False,1,1,2023-03-26,2023-03-26,DMY4,KOBKW/DATE D EMBALLAGE ATE/FECHA DE EXPIRACION / DATE DE LIMITE DE MATION /NUMERO DE LOTE APTHW/NUMERO DE LO E2204401D3085 25032025 26.3.2023 NETWEIGHT 30 g/r 1.05 oz || C || /PR/1443/995 479600412317981 || 1200334V01 || INTERNATIONAL  PVT  LID || ALR7,3.4,True,전부틀림,000592.jpg,2023-03-26,1400,mid,C 후보는 있는데 전부 오답(오독)
000594,2026-08-25,2,YYYY.MM.DD,2025-08-26,YY,p2,True,False,2,2,2025-08-26;2026-08-25,2025-08-26,YY,ofx  from. 7i4 2026.08.25B 2025. .08.26 E2,2.0,True,전부틀림,000594.jpg,2025-08-26,1613,mid,B 1패스엔 있었는데 2패스가 지움
000596,2026-08-13,,YYYY.MM.DD,2025-08-14,YYYY,p2,False,False,1,1,2025-08-14,2025-08-14,YYYY,1 || HACCP || 40 0 || HE || 274x1 || O220 || HACCP || MEOO 0 || 2026:08:13.81 7025.08.14  QX  || 1 ||  HACCP ||  || 12026: 08:13.81 2025.08.14 A ,3.8,False,전부틀림,000596.jpg,2025-08-14,1613,mid,C 후보는 있는데 전부 오답(오독)
000600,2026-08-31,,YYYY.MM.DD,2025-09-01,YYYY,p2,True,False,3,3,2025-09-01;2026-01-09;2026-08-31,2025-09-01,YYYY,2025.09.01 E 2026.08.311F2A,1.8,False,전부틀림,000600.jpg,2025-09-01,1613,mid,B 1패스엔 있었는데 2패스가 지움
000602,2026-09-22,2,YYYY.MM.DD,2025-09-20,YYYY,p2,False,False,1,1,2025-09-20,2025-09-20,YYYY,2025.09. 2026.09 23A 22 HE H 27x1  ,1.3,True,전부틀림,000602.jpg,2025-09-20,1613,mid,C 후보는 있는데 전부 오답(오독)
000603,2026-09-24,,YY.MM.DD,NONE,,,False,False,0,0,,,,H 79 4272076   HTIMEL http:/w ||  || E0 139 || TO 010   7 L 8 801062002542 || OHENLE HRGTNE CNE 26.09.24B OTHER ||  || H  O 06  12076 FI2HTIOMIET http:/ww ||  || E 0 19 || O 01 8 801062 002542 || NNO WHENLE HRHHTNE 26.09.24B DETI OTHER LAE || EH ||       24 http/ ||  || E 0/139 || O 20 8 88010620025,19.7,False,NONE,000603.jpg,NONE,1345,mid,D 후보 없음(미검출/전부 미인식)
000604,2026-09-15,,YYYY.MM.DD,NONE,,,False,False,0,0,,,,SHTEU 101 41080-024-606    0. 1501021 420    || ww/ww.lottewelfood.com  T8 HU || ER || 2026.19.15 B1 71 888010 || 20 96 ||  || 24T 080-024-606 || w/www.lottewelfod.com 8  R4 || ER || 2026.19.5 B1 77T1 8 1801062 || PEU 96 || H || 74 14080-024-606 || ww.lottewellod.com 2 8 U || ER || 202619.5 Bi 77X1 ,16.9,False,NONE,000604.jpg,NONE,1613,mid,D 후보 없음(미검출/전부 미인식)
000627,2026-10-06,2,YYYY.MM.DD,NONE,,,False,False,0,0,,,,ZEROSUGAR || . || 2838:98:80 || sugarlolo || OLuE ||  || NIE || ZEROSUGAR || PRO EX 202:93 8 F2 || sugarlols || OLUE ||  || NIE || Grope || 120.1  || ZERO SUGAR || PRO EX 282 8 8 || sugarlols || O  ||  ||  || Grope || 201 . || ZEROSUGAR || 2 || PRO EX 2028:08:00 || sugarlolo || Ou || Ce || HIE || ZE,14.9,True,NONE,000627.jpg,NONE,4032,large,D 후보 없음(미검출/전부 미인식)
000628,2025-02-03,,YY.MM.DD,2025-12-NONE,YYMM,p2,True,False,1,1,2025-02-03,2025-12-NONE,YYMM,25.02.03//130F1,1.0,False,월/일틀림,000628.jpg,2025-12-NONE,4032,large,B 1패스엔 있었는데 2패스가 지움
000629,2025-09-22,,YY.MM.DD,2021-12-09,CMP6_DMY,erode2/p1@1024,False,False,1,1,2021-12-09,2021-12-09,CMP6_DMY,O DIOIP || KWe 11156447E ||  || CAT || DIOIO   || 25.0912201A KW211155447E 23:44 || ATE ||  || DI0IO   || 2511221A1 LKWE 1115447E 23744 || DA ||  || DIOIO ||  || AT || DIOIO || KWE11155447E 091221A || AT . ,6.4,False,전부틀림,000629.jpg,2021-12-09,4032,large,C 후보는 있는데 전부 오답(오독)
000635,2026-02-21,,YYYY.MM.DD,2025-08-02,YYYY,p2,False,False,3,3,2025-08-02;2026-02-02;2026-02-22,2025-08-02,YYYY,2025.08.2.2 2026.02.221,1.9,False,전부틀림,000635.jpg,2025-08-02,3520,large,C 후보는 있는데 전부 오답(오독)
000642,2026-09-01,,YYYY.MM.DD,2025-03-01,YYYY,p1@640,False,False,1,1,2025-03-01,2025-03-01,YYYY,COU || 2025.03.01 || d Li 400g ||  || A,1.1,False,전부틀림,000642.jpg,2025-03-01,3520,large,C 후보는 있는데 전부 오답(오독)
000643,2026-01-21,,YYYY.MM.DD,NONE,,,False,False,0,0,,,,HOAO  .6  X  FPTHOA  Okcal T2 rand 202671.21 P CHOPPED NOODLE A KALGUKSU 0TO HEr 2 e || OO 48 164 g 230 kcal || 26 15  O0 || 0 mg 0  5g9   1893    || O kcal  HOAT R 02671.21 MA   || X ||   || ATHN ||  16  20a   6       Om 0  59  LIBG  83   L2     PN LNP OE NNN  ON 1 d  || Okcal HA B E026071.21 2   |,19.5,False,NONE,000643.jpg,NONE,3520,large,D 후보 없음(미검출/전부 미인식)
000648,2028-08-25,,YYYY.MM.DD,NONE,,,False,False,0,0,,,,2-eS22 || 8h8  E  N0Buo  20207 2 U   10 2 || ORYRE   9 AB. || Tio || NO || NZALE BZiYeE oh FE  3 78T6   0Bu 8ORIYRE3 6  20208 H0E212  tato loRB 2-eS20 ab o o 38   L8ly   u9 CHEH F     || IEO BR IxlAv M F 25 || N BAa h  t E  haT  BU 8ORIYS 1 b H0ERIT 0E2 ba bR X  Rab BON  8  94 u   HIS     He || IEO ,16.4,False,NONE,000648.jpg,NONE,3520,large,D 후보 없음(미검출/전부 미인식)
000649,2027-04-07,,YYYY.MM.DD,2021-01-21,CMP6_YMD,erode2/p1@1024,False,False,1,1,2021-01-21,2021-01-21,CMP6_YMD,202 10:24 04.0777 2D09K || FEll KSE CURRY MILD 2o19t 20210 7722  f  || 22012  1   11M7   || BEHNHO 20010445055181 L8 ||  10 80  04.0777 2Do9k || tell KSE CURRY MILD 2019t 20121 0 77122  || 2012 X 4  HAE   1   7    7   || BEHHHE 20010445055181 Ll || 202 10:   24 04.077171 42D09k || FE SE CURRY MILD 9,7.8,False,전부틀림,000649.jpg,2021-01-21,2358,large,C 후보는 있는데 전부 오답(오독)
000666,2026-09-01,l,YY.MM.DD,NONE,,,False,False,0,0,,,,LOTTE || 801062893546 2 || 35:9801 || LOTTE || 801062893546 N || 35:98.01A 7EX1 || LOTTE || 8801062893546   || 5:9.01A   || LOTTE || 801062 893546 || 35:9001 || LOTTE || F 801062893546 2 || 35:9801 A  || LOT || 35:9001 || LOTTE || 801062 893546 2 || 35:9801 A || LOTTE || 2 || 35:9801 || LOTTE || 3 |,11.2,False,NONE,000666.jpg,NONE,2735,large,D 후보 없음(미검출/전부 미인식)
000670,2026-06-24,2,YY.MM.DD,NONE-06-24,MMDD,erode2/p1@640,False,False,1,1,NONE-06-24,NONE-06-24,MMDD,13 ||   : ...  E || 24P 1x  || 13 ||  E || 1   || 3 ||  E || 11x1 || 13 ||  E || 26:06.24P 111 ,4.6,True,연도만틀림,000670.jpg,NONE-06-24,2054,large,C 후보는 있는데 전부 오답(오독)
000671,2026-03-31,,YYYY.MM.DD,2025-10-01,YYYY,p2,True,False,2,4,2025-10-01;2026-03-31,2020-03-31;2025-10-01,YYYY,1 71t 2026.03.31/A 2025.10.01/17:15 741 HE || EILICH || htp/ww.o.word.com,1.6,False,전부틀림,000671.jpg,2025-10-01,2596,large,B 1패스엔 있었는데 2패스가 지움
000673,2026-06-02,,YYYY.MM.DD,NONE,,,False,False,0,0,,,,1 || 0 LI oF B -20- OA O A A C || TO . ||  JD NI   -E OI O A TM4C 1399  A HH7 FI LICI || 1026.06. || OLO  A || -00-2          N       IF LEE  0 1 XHO || NNO   Mt  ||  0-2   EE O           DT    0 9 XHO || ET D O D 4S || -200 O A o 5 I || ot || 7411 Et || HT X NTN P   EIEO HOIO a0 1 IA AO H TMLC. 139,14.5,False,NONE,000673.jpg,NONE,2669,large,D 후보 없음(미검출/전부 미인식)
000675,NONE,?,none,2028-06-03,DMY4,p2,False,False,1,1,2028-06-03,2028-06-03,DMY4, N || CA L523B 11:07 || 03-06-2028 ||    SO CE,0.8,False,라벨NONE인데답함,000675.jpg,2028-06-03,2098,large,C 후보는 있는데 전부 오답(오독)
000686,2026-10-12,2,YYYY.MM.DD,2025-10-12,YYYY,p2,False,False,3,9,2025-03-10;2025-10-03;2025-10-12,2025-03-10;2025-10-03;2025-10-12,DMY4;YYYY,222071221 || OOH || LE 600mg 30  E1O || 244.9g 9  E2HA 09 || 2 40mg 13  EFa ||     2 000a || 18091481793278 || HIOTH I || 2025.10.03 2025.10.12772  || :79,1.9,True,연도만틀림,000686.jpg,2025-10-12,1728,mid,C 후보는 있는데 전부 오답(오독)
000699,2025-10-27,b,YYYY.MM.DD,NONE,,,False,False,0,0,,,,E || x5 || 2025702 || 809720 822525 || 440 || bE || x5 || 2025 || 809720 822525 || 4 || 2N 3aR5 a MHOHS || 65 ||  || 2025 || 809720 822525 ||  2440 || SR  ae MRES || oE || F 2 || 2025707 || 809720 822525 || 44 || bE || Rx5 || 202570 || 809720 822525 ||  2443 || SNe 34 mee MHHS || boE || Et Bx5 || 20,10.1,False,NONE,000699.jpg,NONE,1995,mid,D 후보 없음(미검출/전부 미인식)
000722,2026-08-04,,YY.MM.DD,2026-10-19,YY,p1@1024,False,False,1,1,2026-10-19,2026-10-19,YY,26.10.19,1.5,False,월/일틀림,000722.jpg,2026-10-19,2301,large,C 후보는 있는데 전부 오답(오독)
000723,2026-05-10,,YY.MM.DD,NONE,,,False,False,0,0,,,,UEL || IXO || 06 || U98 || XXOE || 26 ||  || XOE || 5298 || RI || U || HTOE || U || TO || TTO || UE98702244 || XX || 8EL9 || XXO || UE98LE || XXOE,8.7,False,NONE,000723.jpg,NONE,2063,large,D 후보 없음(미검출/전부 미인식)
000732,2026-03-16,,YYYY.MM.DD,2026-03-15,YYYY,p2,False,False,1,1,2026-03-15,2026-03-15,YYYY,2026.03 1513 || 83643342236,1.0,False,일만틀림,000732.jpg,2026-03-15,2361,large,C 후보는 있는데 전부 오답(오독)
000733,2026-03-24,,YYYY.MM.DD,2026-03-NONE,YYYYMM,p2,True,False,1,1,2026-03-24,2026-03-NONE,YYYYMM,2026.03.2471TI0244 804 || 5E401 40,1.6,False,일만틀림,000733.jpg,2026-03-NONE,2097,large,B 1패스엔 있었는데 2패스가 지움
000739,2024-08-07,2,YYYY.MM.DD,2023-08-08,YYYY,p2,False,False,2,4,2023-08-07;2023-08-08,2023-08-07;2023-08-08,YYYY,20240  T     Y  2023.08.08 2023.08.07 11:0 || ,2.7,True,전부틀림,000739.jpg,2023-08-08,4032,large,C 후보는 있는데 전부 오답(오독)
000753,2026-03-18,,YYYY.MM.DD,2023-01-21,CMP6_YMD,p1@1024,False,False,1,1,2023-01-21,2023-01-21,CMP6_YMD,202 14:1 3-187171 || ptellephNeg SI BEKSE CURRY MEDIUM 330121.710 7202   CO x  ||  N4  2  o 2 812 84  || A8I710t || 713131. || T171 || 14:1 || pttllepaeg SI BEKSE CURRY MEDIUM 230121  7HA717   ONAO ||  22 12 || ,3.8,False,전부틀림,000753.jpg,2023-01-21,2660,large,C 후보는 있는데 전부 오답(오독)
000764,2026-03-12,,YYYY.MM.DD,NONE,,,False,False,0,0,,,,2026. 65.12 ||  || XIa || 2025:65.12 01:21 ||  a o   || 2025:65.12 91:21 ||     G || 2026:312 || WBE  3 || NIa || 2026.65.12 01:21 || a o  C || - || 2028:35.12 || 8 || 2026:312 ||  A T   C || 2021.335.12 5. || NI || E FO  O ||   || . ||  || a O,11.5,False,NONE,000764.jpeg,NONE,4032,large,D 후보 없음(미검출/전부 미인식)
000765,2025-11-21,,YYYY.MM.DD,NONE,,,False,False,0,0,,,,- NL || A ||  2L || A || 11:21 || NL || 2025011:21 || 202511.21 || 202511:21 || 2 || 2 || 2 || 3 || . 2 || . || L,10.3,False,NONE,000765.jpeg,NONE,4032,large,D 후보 없음(미검출/전부 미인식)
000767,2026-03-12,b,YYYY.MM.DD,2026-03-NONE,YYYYMM,p2,False,False,1,1,2026-03-NONE,2026-03-NONE,YYYYMM,  || coco || DRe || 03K || - || CoOCO || 10:5 || 5035 || - || B || PU || 10:54 || 2026.03,5.1,False,일만틀림,000767.jpeg,2026-03-NONE,4032,large,C 후보는 있는데 전부 오답(오독)
000770,2030-04-NONE,,MM.YYYY,NONE,,,False,False,0,0,,,,ILOTINC HEWO || 3C || LOTNO HEWO || 30 || B || 4 HEV || E || C || - || 4 ||  2039 || 4 || C || HEWOT 2030 ||  HEWO1SER || 030,10.7,False,NONE,000770.jpeg,NONE,4032,large,D 후보 없음(미검출/전부 미인식)
000771,2019-11-26,,YY.MM.DD,NONE-12-31,MMDD,p2,False,False,1,1,NONE-12-31,NONE-12-31,MMDD,VEIO || HC || MS 800 2 1 MEAPP 12.1-12.31 S91AC || HRE || 1 000,1.7,False,전부틀림,000771.jpeg,NONE-12-31,4032,large,C 후보는 있는데 전부 오답(오독)
000772,NONE-12-20,,MM.DD,NONE,,,False,False,0,0,,,,mX mX || 8801121025710 2 E 21 400 OHOFOZOO 37H2 800 190ml BB010338081 600 DE 12. F x190m SI 37H3 200 88010338 12 h99 12 || 9E || OS  12.20.10:07 L7 F5 1 NA P || NOOO ZIT E3 HET || 100  Fresh Milk || E OINHE || 8801121025710 A HOFORO 1 400 37H2 800 190ml 8801033808913 NEN JEHN F190m 1 600  37H3 200 8,20.3,False,NONE,000772.jpeg,NONE,4032,large,D 후보 없음(미검출/전부 미인식)
000780,2026-04-27,,YYYY.MM.DD,NONE-04-27,MMDD,p1@640,False,False,1,1,NONE-04-27,NONE-04-27,MMDD,18:37: || Q || HS 2026:04.27 19:06 || OEO,1.3,False,연도만틀림,000780.jpeg,NONE-04-27,4032,large,C 후보는 있는데 전부 오답(오독)
000784,2027-05-22,,YYYY.MM.DD,NONE,,,False,False,0,0,,,,9 || 203705.22 || 1456F ||  || 202705.22 || 1456F || 203705.22 || 1456F || U || 203705.22 1456F || 202705.22 || 1456F || 203705.22 || 1456F || - || 20305.22 || 1456F || 202705.22 || 1456F || H,10.5,False,NONE,000784.jpeg,NONE,4032,large,D 후보 없음(미검출/전부 미인식)
000795,2026-07-14,2,DD.MM.YYYY,NONE,,,False,False,0,0,,,,naak ||     I || Enaak ||   B   || Endak ||   E  I || A    A || Endak || a  B  0 ||   B  || Endak ||   t B   ||   B  || Endak ||   B   || Endak || A S  B  || Endak ||   O B  ,13.3,True,NONE,000795.jpeg,NONE,4032,large,D 후보 없음(미검출/전부 미인식)
000796,2026-07-14,2,DD.MM.YYYY,NONE,,,False,False,0,0,,,,O  || A   || 5 E  ||    ||   o  ||    || 9  d  || O   || O  || O   || J O ,11.6,True,NONE,000796.jpeg,NONE,4032,large,D 후보 없음(미검출/전부 미인식)
000798,NONE-12-20,,MM.DD,2024-02-24,SP_DMY,p1@640,True,True,2,2,2024-02-24;NONE-12-20,2024-02-24;NONE-12-20,MMDD;SP_DMY,24 2 24 || 12.20 D1539 || 100 pl,1.8,False,전부틀림,000798.jpeg,2024-02-24,4032,large,A 2패스 후보에 정답 있음(선택 실패)
000817,2026-12-NONE,,MM.YYYY,NONE,,,False,False,0,0,,,,HO  HOR || 2N 2NE || 43.43 || V25132M 15699 025 || BE NH 12 2826 || - || ONGGOSE || 43.43 || Y25132M 569 02 || BE NH 0 20256 || A || CHOCOSE || 43.43 || 1251901 5  || BE MI 2 22 || 2 || HOaR || 43.43 || V251321 56639 025 || BE NY 2 2826 || - || DKGCOSI || 43.43 || Y2513211 15639 0825 || BE NH 2 2826,18.6,False,NONE,000817.jpeg,NONE,4032,large,D 후보 없음(미검출/전부 미인식)
000818,2026-05-12,,MON DD YYYY,NONE,,,False,False,0,0,,,,569 || BEE MY 12 2826 || 43 || . o M || Y I || BE MY 2 2826 || 43 || : O M ||   C || E ME 22E || VY25132N1 15639 0825 || BE MY 2 2826 || 43 || Y25132M1 15639 0825 || BE MY 2 2026 || V25132N1 15639 0825 || BE: MY 12 2826 || 43 || Y25132N11 15639 0825 || BE: MY 12 2826 || Y2513211 15639 0825 || BEE MY,16.2,False,NONE,000818.jpeg,NONE,4032,large,D 후보 없음(미검출/전부 미인식)
000832,2026-07-16,b,DD.MM.YYYY,2025-07-15,DMY4,p2,False,False,1,1,2025-07-15,2025-07-15,DMY4,PROD:15.07 2025 EXP:16.67.2026 3110.-07-2 4114:12 || EEWs ||  H21g0 P 0  111751  2  || WE   HAN 4 4,2.7,False,전부틀림,000832.jpeg,2025-07-15,4032,large,C 후보는 있는데 전부 오답(오독)
000840,2026-01-01,,YY.MM.DD,NONE-01-31,MMDD,p2,False,False,1,1,NONE-12-12,NONE-01-31,MMDD,OA || EHE  ALLO OEL  20210363128114 PT .  t   A2   H  /7 12-12  TEL01-323-4177  36 133    LP H 90  30 kcal  || 1H 7  || 26.0101,3.3,False,전부틀림,000840.jpeg,NONE-01-31,4032,large,C 후보는 있는데 전부 오답(오독)
000848,2026-05-21,,DD.MM.YYYY,2021-05-20,YYMM_DAYLA,blur1/p1@1024,False,False,2,2,2021-05-20;2021-05-NONE,2021-05-20;2021-05-NONE,YYMM;YYMM_DAYLA,A || 1218KBBNHX 105 202 A || X || 1 || 1218KBBNHX 05 202 A || 0 || Z || 1 || 12138KBBNHX 105 202 C || 10 || X || 2 || 1218KBBNHX 105 202 A || X || 1 I || 1218KBBNHX 05 202 A || Z || 105-202 A || 1218KBBNH || X || 1 || N 1213KBBNHX 1.05-202 A || 1 || 105 202 A || 1218KBBNHX || X || 1 || 218KBBNHX 21.,15.8,False,전부틀림,000848.jpeg,2021-05-20,4032,large,C 후보는 있는데 전부 오답(오독)
000852,2026-08-14,d,DD.MM.YY,2025-08-14,DDMMYY,p2,True,False,1,1,2026-08-14,2025-08-14,DDMMYY,04446 || BBE 14.082 || PE || BBE 14.08 || E || OBE BE 14 98 || 04446 || BBE 14.08.26,5.7,False,연도만틀림,000852.jpeg,2025-08-14,4032,large,B 1패스엔 있었는데 2패스가 지움
000859,2021-10-28,,YYYY.MM.DD,NONE,,,False,False,0,0,,,,A || M || A 3  3 ||   ||  TA || TA || F,7.6,False,NONE,000859.jpg,NONE,640,small,D 후보 없음(미검출/전부 미인식)
000862,2021-10-22,,YYYY.MM.DD,NONE,,,False,False,0,0,,,, || A consommer de pref rence avant le || Consuir preferentemente antes del/ Best before/  35-239-001 || A consumir de prefer ncia antes de || PREDP 22:18:202 - || Poids net : 125 g 228020  1481846 ||  || A consommer de pr f rence avant le/ || Best before/ FR || Consumir preferentemente antes del/ A,18.9,False,NONE,000862.jpg,NONE,1027,mid,D 후보 없음(미검출/전부 미인식)
000863,2021-10-22,2,DD.MM.YYYY,2020-10-NONE,MMYYYY,p1@640,False,False,1,1,2020-10-NONE,2020-10-NONE,MMYYYY,2: 10.2020,2.0,True,전부틀림,000863.jpg,2020-10-NONE,640,small,C 후보는 있는데 전부 오답(오독)
000867,2021-10-23,2,DD.MM.YYYY,NONE,,,False,False,0,0,,,, || T TEGOGold ATCHA COOKIES ER RATE  :   20 2O ||  M || T TEGGOGOold ATCHA COOKIES PRD 8P DATE DATE : 202 2020 1 || a  || TEGO Gld ATCHA COOKIES F8D E8F ATE DATE : 200 21 2020 1 || T TEGOGold ATCHA COOKIES  :   20 2 || 0 TRE  M || T TEGOGOld ATCHA COOKIES DATE DATE :  PA O N || TEGOGOod ATCHA GRERA,16.8,True,NONE,000867.jpg,NONE,1049,mid,D 후보 없음(미검출/전부 미인식)
000868,2021-10-23,,DD.MM.YYYY,NONE,,,False,False,0,0,,,,EGO GGold HA COOKIES BRA  :  20 2 || EGO Gold HA COOKIES ER     202 || EGO GGold IA COOKIES 2829 || EGO LA COCKIES 7od BAPERRIS  0.17  || T || EGO HA COOKIES Gold BRR DATE : . 20 20 || R || EGO Gold IA COOKIES ER   P H O   0  282,7.2,False,NONE,000868.jpg,NONE,640,small,D 후보 없음(미검출/전부 미인식)
000877,2023-04-03,d,DD.MM.YY,NONE,,,False,False,0,0,,,,Sera || SADE || HELVA Nettogewicht: TRADITIONAL HELVA S BE SESAMPASTE || Sera || BATCH :094 6/1/3 BEST BEFORE: || SADE || HELVA Net wt.: 12.3 oz - Nettogewicht: TRADITIONAL HELVA S BE SESAMPASTE 350ge || Sera || BATCH :094 6/1/3 BEST BEFORE:OS || SAD || HELVA  Net w. 12.3 oz -3 Nettogewicht: TRADITI,13.9,False,NONE,000877.jpg,NONE,913,mid,D 후보 없음(미검출/전부 미인식)
000878,2023-04-03,t,DD.MM.YY,NONE,,,False,False,0,0,,,,Sera || SADE HELVA Ntw: 2 0.350e Netogowch TRADITIONAL HELVA SUBE SESAMPASTE || Sera || SADE  HELVA VA350 N I A TRADITIONAL HEILVA SUBE SESAMASTE || Sera || BATCH SADE HELVA wich SUBE SESAMPASTE TRADITIONAL HELVA || Sera || SADE HELVA SUBE SESAMPASTE TRADITIONAL HELVA || Sera || BCA SADE HELVA NMt w,6.4,False,NONE,000878.jpg,NONE,640,small,D 후보 없음(미검출/전부 미인식)
000880,2021-05-11,2,DD.MM.YYYY,2020-07-15,DMY4,p2,True,False,2,2,2020-07-15;2021-05-11,2020-07-15,DMY4,180  A 888  || AES N5 8N ||   || Tel:  :3022031020 || 24 147-31 6g 44 90g. 155 kal S8ATMU Fax  30 2620031695   || 78    || 94  54  175g NACHO N DIP TOTAL NET WEIGHT: || 0 || A PROD.DATE:15/07/2020 EXP. DATE:11/05/2021 LOT 0720 W 177 5202175019831,3.1,True,전부틀림,000880.jpg,2020-07-15,640,small,B 1패스엔 있었는데 2패스가 지움
000883,2021-07-03,,YYYY.MM.DD,2021-01-04,YYYY,p2,False,False,1,1,2021-01-04,2021-01-04,YYYY, 0 5E 2 || AHAOX O  2021.01.04,1.3,False,월/일틀림,000883.jpg,2021-01-04,1075,mid,C 후보는 있는데 전부 오답(오독)
000884,2021-07-03,2,YYYY.MM.DD,NONE,,,False,False,0,0,,,,  ae B1 20 || A 20:8 5 14x || 7 || 8011500041 || A ae BT  || A 3 17X1 ||  || 80150 500 || ae SR F || A ||  871 20184:0  TX || 801150 300T || h F  || u ||  871 214:  UX || mae 2 W || AA || 8 20211.0 0 X1 ||  Ra 2T 2 ||  30. .3 74x1 || 87 || 801150 04,6.5,True,NONE,000884.jpg,NONE,640,small,D 후보 없음(미검출/전부 미인식)
000885,2021-07-09,,YYYY.MM.DD,2020-01-10,CMP6_DMY,p1@640,False,False,1,1,2020-01-10,2020-01-10,CMP6_DMY, 875 SSG.COM || 887 || 804433 100120 207407.09 || ,1.6,False,전부틀림,000885.jpg,2020-01-10,1094,mid,C 후보는 있는데 전부 오답(오독)
000886,2021-07-09,,YYYY.MM.DD,2020-01-10,CMP6_DMY,p2,False,False,1,1,2020-01-10,2020-01-10,CMP6_DMY,47969815 0SOWS SSG.COM || 857 || g804433 100120 20:4207.09 09 mA || HE,1.6,False,전부틀림,000886.jpg,2020-01-10,640,small,C 후보는 있는데 전부 오답(오독)
000887,2021-12-04,,YYYY.MM.DD,2021-01-02,YYYY,p2,True,False,1,1,2021-12-04,2021-01-02,YYYY,Wiatmic R BEFORE 2O21 KF2 Sauce  Chilli Powder  Fried Shallot S  S   y F1 Contains Sachets of 52 1 C-. || ant Noodles || eng || g Spicy || eng das || HALAL || mamic R BEFORE KR Seastng r  Sasonn O S Sy Sauce  ChiliPowder  Fried Shallot 11 Contains Sachets 52 2021 Ched 1 C || ant Noodles || eng || g ,8.8,False,월/일틀림,000887.jpg,2021-01-02,1069,mid,B 1패스엔 있었는데 2패스가 지움
000904,2021-08-31,,DD.MM.YYYY,2021-08-22,DMY4,p2,False,False,1,1,2021-08-22,2021-08-22,DMY4,MiSUrA || MiSU || Merba L2024403234 22-08-2021 || COOKIES with delicious CHOCOLATE Milk Choolate and DOUBLE Dark and,1.6,False,일만틀림,000904.jpg,2021-08-22,640,small,C 후보는 있는데 전부 오답(오독)
000906,2022-01-NONE,,MM.YYYY,2022-10-15,CMP6_DMY,p2,True,False,1,1,2022-01-NONE,2022-10-15,CMP6_DMY, || BP1 .5102 EXP:01.2022 ES RR    FE  A      E EIEA ,1.7,False,월/일틀림,000906.jpg,2022-10-15,640,small,B 1패스엔 있었는데 2패스가 지움
000916,2022-06-06,,YYYY.MM.DD,NONE,,,False,False,0,0,,,,SAAS   A    || AUR  || ABL  ||  ||  ||  0 || o  || HEC S E Xpy E.A       0g 0g 0.78 mg 17 mg 0g 0g 0g x H  L1 1 ||  ||   4 ||   || E  REIE    || Oo L100 g  10 g x 10   || E1 LIEE  LHOU    0  || HIEHIC. Et MaE EX   0g 0 mg 0g 5 M  T ||  || SE wSen 3 || AA  || ENE  OEE 0 ||   4 100 g 10 x 10   || ELA ,26.0,False,NONE,000916.jpg,NONE,905,mid,D 후보 없음(미검출/전부 미인식)
000918,2021-09-17,,YYYY.MM.DD,2020-04-20,SP_DMY,p1@1024,False,False,1,1,2020-04-20,2020-04-20,SP_DMY,228 || 0 088 || 804 888  92 ||  32871 || 37189928239   189280 027  8  08840 || L 01 020299  487 888882402 ||  C4  QRRE880  4 || APPLICATION WRAPPING TIP || 7026859 889  0188 C 8220 899 0 88070218   0180 28442992 ||  871 || 202109.17 || 69012 || 2200 || 30   . || T  08 8102 || HOI 3Z8 7  ||  10 || O ,4.6,False,전부틀림,000918.jpg,2020-04-20,902,mid,C 후보는 있는데 전부 오답(오독)
000923,NONE-02-01,,MM.DD,2020-01-02,DDMMYY,p2,False,False,1,1,2020-01-02,2020-01-02,DDMMYY,02.01.20:49.NO || O87  2 7 x  || aa || 0OE || 100 /1A   || SP 1I0 || oOTETO || DHA,1.5,False,전부틀림,000923.jpg,2020-01-02,876,mid,C 후보는 있는데 전부 오답(오독)
000924,NONE-02-02,,MM.DD,2018-02-02,DDMMYY,p2,False,False,1,1,2018-02-02,2018-02-02,DDMMYY,02.02.18:17.MO || O7 NON 77x  || Aa || DOLGT 100 15a  || M241A80 || OO || OOLY || O GT,1.6,False,연도만틀림,000924.jpg,2018-02-02,1008,mid,C 후보는 있는데 전부 오답(오독)
000927,2021-08-23,,YYYY.MM.DD,2021-01-08,YYYY,p2,True,False,2,2,2021-08-23;2023-04-08,2021-01-08;2023-04-08,CMP6_DMY;YYYY,O1LI0HAETS || EIAEAAX  || 2001044505534 AO M || 40X940 || GASCA2 EN2 2277E2 || 080423 || ER4 2021 .08.23 || OTHER  15:27  7x ,1.7,False,월/일틀림,000927.jpg,2021-01-08,1008,mid,B 1패스엔 있었는데 2패스가 지움
000933,2021-05-26,,YYYY.MM.DD,NONE,,,False,False,0,0,,,,20010560 ||  || 160 || 1610 || 001056 || 981.8526,4.9,False,NONE,000933.jpg,NONE,640,small,D 후보 없음(미검출/전부 미인식)
000934,2021-02-10,2,YY.MM.DD,2021-01-25,YY,p1@640,False,False,1,1,2021-01-25,2021-01-25,YY, 252 ||  SAM 21.01.25 21.02.10011 ||     o 10kd,1.7,True,월/일틀림,000934.jpg,2021-01-25,1059,mid,C 후보는 있는데 전부 오답(오독)
000935,2021-02-10,2,YY.MM.DD,2021-01-25,YYMM_DAYLA,p2,False,False,2,4,2021-01-25;2021-01-NONE,2021-01-25;2021-01-NONE,YYMM;YYMM_DAYLA, 21.0125 MIX 21:02:10I IP || C N  10kd H LEA  TAHARSN ||  21.01 25 MX 21:0210  || 1 GO  TET ,2.6,True,월/일틀림,000935.jpg,2021-01-25,640,small,C 후보는 있는데 전부 오답(오독)
000940,2021-10-28,,YYYY.MM.DD,NONE,,,False,False,0,0,,,,3 || 1 2 O B || WSN || CX || 2 R o 8 || S || O || WR ||  C || O 2 O || 6 || R o || T,5.7,False,NONE,000940.jpg,NONE,640,small,D 후보 없음(미검출/전부 미인식)
000945,2021-07-03,,DD.MM.YYYY,NONE,,,False,False,0,0,,,,gull n || Dl jlgla || Sdta ||  CUp5  || /2020 || 07 22:13 2021 || gull n || j || Jhain  ||  C || /2020 || 707 221 2021 || gull n || yu || 5 || 53 X3  a5 J || Jo.  || EXP:03 L30899420 03 2013 2021 /2020 || gull n || 2020 || gull n || 020 || gull n || A || S || E || R 0220,6.3,False,NONE,000945.jpg,NONE,640,small,D 후보 없음(미검출/전부 미인식)
000953,2021-02-05,2,YY.MM.DD,2021-02-07,YY,p1@640,False,False,1,1,2021-02-07,2021-02-07,YY,LHEN  100  EN || 21.02.07 B   AA 0N00,1.2,True,일만틀림,000953.jpg,2021-02-07,1271,mid,C 후보는 있는데 전부 오답(오독)
000955,2022-01-25,,YY.MM.DD,2022-01-03,YY,p2,False,False,1,1,2022-01-05,2022-01-03,YY,SHINE SHEIE || 28710 || REA || facebook || 22.01.5 22151 TET || XBSS,1.0,False,일만틀림,000955.jpg,2022-01-03,1106,mid,C 후보는 있는데 전부 오답(오독)
000957,2021-02-22,2,YY.MM.DD,2021-01-29,YY,p2,False,False,1,1,2021-01-29,2021-01-29,YY,EV8R ROO 420m 15 kcal || g1  9 1 || 0   || -E M0t  ECOg 0  g 2       10720 || 0 || SE 21.02.2201 21.01.29M || C || 801114 139844,1.6,True,월/일틀림,000957.jpg,2021-01-29,1127,mid,C 후보는 있는데 전부 오답(오독)
000965,2020-07-24,2,DD.MM.YYYY,2023-03-20,YY,p2,False,False,1,1,2023-07-20,2023-03-20,YY,310  DE A AE DEVS CONTA DEMACD CONTEM LACTOSE ||  || hpor   1 OOF 823 5 0213 12 mg 4  621 190 mg 10  8.2 g18 448 8    10 530 cal 44. S || CHOCOLADEFABRIKEN LINDT   SPRONGLE AG || Best before/ Consumir antes de / /Validade /y/tavsiye edilen tuketim ta || A || Prod. date / Fecha de producci n / Data d,21.8,True,전부틀림,000965.jpg,2023-03-20,1313,mid,C 후보는 있는데 전부 오답(오독)
000968,2022-10-17,,YYYY.MM.DD,2022-10-NONE,YYYYMM,p2,False,False,1,1,2022-10-NONE,2022-10-NONE,YYYYMM,H 4 X19 LHS 10 013x10    0XP  || XHES || HERO 2042 98 AXHXI AS7O  4 84 ||  871 WWW.OKCHAWON.CO.KR 2022.10,2.2,False,일만틀림,000968.jpg,2022-10-NONE,640,small,C 후보는 있는데 전부 오답(오독)
000973,2022-12-02,,DD.MM.YY,NONE,,,False,False,0,0,,,,0E51222 || LOCALHONEY || BES122Y2 || LOCALHONEY || 86 || 4888 W || 2 || BESTY  || LOCAL HONEY || H88  || 4888  || a || BES1222 || LOCAL HONEY || BEST2 9Y2 || LOCAL HONEY || A  || 48RH WOURM || BEST2RY2 || LOCAL || 1 || DEST2 AY || LOCAL || BEST22 || LOCAL HONES || BEST   || LOCAL HONEY || B6L || BES,11.4,False,NONE,000973.jpg,NONE,1333,mid,D 후보 없음(미검출/전부 미인식)
000974,2022-12-02,d,DD.MM.YY,NONE,,,False,False,0,0,,,,BES12PY2 || BESTRY || PE1282 || BDLA ||  || BEST2RY || 85S1292,4.6,False,NONE,000974.jpg,NONE,640,small,D 후보 없음(미검출/전부 미인식)
000977,2021-11-03,,DD.MM.YYYY,2020-11-03,SP_DMY,p1@640,False,False,1,1,2020-11-03,2020-11-03,SP_DMY,03 11 20 20 || 03112021 || 2 22 A.3 || ruoed Janun pes dron euonewane meepuod ||  T    o aee ae aae ae ame caar || Cca-8 2aed eueed eee || Saa O anb e Pas A  a8 || ee seuddid maapuac || 1-80 : peqsa pie peoda || A48 BROOPO OOSRA || 2a4EH H 88 || Mee bee sn sead oe pnn ecne o penn || aa aie ma ana aa,3.1,False,연도만틀림,000977.jpg,2020-11-03,1299,mid,C 후보는 있는데 전부 오답(오독)
000978,2021-03-11,,MMDDYYYY,2022-02-29,SP_DMY,dilate2/p1@640,False,False,1,1,2022-02-29,2022-02-29,SP_DMY,222 A ||   M    e M  BET CRA       98-0     BINON   ||  an   ||  A n II   Y Y IMY AM EMY    || 22A2 ||      Wa   C              O   ||      ||   W  IN IS I        MPY MANY || 03 || PnM A DIIWO T I ENNONYDNAW DEENN OWA  EN    n u Y I     002-0 jo  ONO NYO     pen  w u   VIANON 1O LENH  y sinueed pue ,10.2,False,전부틀림,000978.jpg,2022-02-29,640,small,C 후보는 있는데 전부 오답(오독)
000980,2021-06-14,2,YYYY.MM.DD,2020-12-15,YYYY,p1@640,False,False,1,1,2020-12-15,2020-12-15,YYYY,2 228 || 2021:05.14722 2020.12.1508:53,1.4,True,전부틀림,000980.jpg,2020-12-15,640,small,C 후보는 있는데 전부 오답(오독)
000982,2022-02-15,t,DD MON YY,NONE,,,False,False,0,0,,,,USE BY 15FEB22B 09107 || ltalian Style bnwy hr PASTA SAUCE Clara Ole mcosel with this arlant Corvenien to use: Indulge in flavors duy  add a sweet y  enich with intensify with lots of and Panstak B  Bro P What you need: dhe tSe  ne . In    A     worcestershire sace pepper meatenderizer extra-virginn,10.9,False,NONE,000982.jpg,NONE,640,small,D 후보 없음(미검출/전부 미인식)
000989,2020-07-21,,YY.MM.DD,NONE,,,False,False,0,0,,,,DA CONSUMARSI PREFERIBILMENTE ENTRO IL: BEST BEFORE PREPARATO A BASE DI || GRASSO VEGETALE || A LUNGA CONSERVAZIONE U.H.T. || DA MONTARE E PER CUCINA || 14:54:238409 MIX || 1000 mle FSC F8C C014047 || CPPA c pcucin da Wipping oking for for || DA CONSUMARSI PREFERIBILMENTE ENTRO IL: BEST BEFORE: PREP,21.9,False,NONE,000989.jpg,NONE,1307,mid,D 후보 없음(미검출/전부 미인식)
000990,2020-07-21,,YY.MM.DD,NONE,,,False,False,0,0,,,,BEBS BEFORE  h GRUNG TAA IE U.H.. PREPARATO A BASE DI GRASSO VEGETALE D MNTARE PER CUCINA || MIX || FSC FSC  C014047 || 1000 mle  ucin da Whipping for Cooking || DACTO NEOO Th AN  E PREPARATO A BASE DI RASSR ETAAZ   || MIX || FSC FSC  C014047 || 1000 mle  onn da fWhipping for fCooking || CONERMEN EN,9.1,False,NONE,000990.jpg,NONE,640,small,D 후보 없음(미검출/전부 미인식)
000991,2021-03-04,,MON DD YYYY,NONE,,,False,False,0,0,,,,3. || 10  until thickend  stir. || it source of  Cholesterol  use more water. time is approximate. || A. || ues are based on a || ITEHOMINY CORN || ERALS: NIACIN  THIAMIN MONO- VHN  FOLIC ACID. || ods Sales  Inc. Ralcorg Hoodings  Inc. || 18 MO 63188-0618 14173-D || ITH SINEERING FG-ZG1-A 10a R09615,20.8,False,NONE,000991.jpg,NONE,1182,mid,D 후보 없음(미검출/전부 미인식)
000993,NONE-02-18,,MM.DD,NONE,,,False,False,0,0,,,,4EUE || S || a A || 4HE ||   || 3 S || W   02.18771 || 15:49.F16 || 44135 ||   ||  S ||   92.18717 || 15:49.F16 || 4EU || f || 13:1811 || 4 || S || 02.187171 || 15:49.F16 || M || 4EU5 || SA || 5:1916 || 4EUE S T || C || 425 || 1 || f || 13:1911 || 4835 ||   || S || T || 4825 || 8 || S || S 15:49.F16,12.4,False,NONE,000993.jpg,NONE,1186,mid,D 후보 없음(미검출/전부 미인식)
000994,NONE-02-18,,MM.DD,NONE,,,False,False,0,0,,,,03:49F1 18DIAI || U ||   || 024S || PRU || 93   || PR || 03:49FAA || 03:49  || P || R || 93:49A || 3:49A  || C I ||  || 03:49 || 03:491 || PRU || YSPIAI || 03 4S  || U,11.9,False,NONE,000994.jpg,NONE,1364,mid,D 후보 없음(미검출/전부 미인식)
000995,NONE-02-18,,MM.DD,NONE,,,False,False,0,0,,,,3: || o || R || 913 || P || R || 93:49 || D || R || 3:49 || U || . || 3:9 || C || R || 1 48ITI,5.7,False,NONE,000995.jpg,NONE,640,small,D 후보 없음(미검출/전부 미인식)
000996,NONE-02-19,,MM.DD,NONE,,,False,False,0,0,,,,9:18 E || 4EUAE ||   || 8 || NUGT || .1971751 || 4U2E || 8 || NGC || .197171 || 42125 ||   || PA || 1:10F1E || 4R || 8 || 0 || REGS || 93:10 E || 4EHE || 8 || REGE || 13:10E || 4435 || .. || RG || 13:18 E || 4HRE || 8 || RACEE || 13:19E || 4UE || 8 || x || NUGT || 1:19E || C || 45 || 8 || NUGT || 9 ,11.6,False,NONE,000996.jpg,NONE,1263,mid,D 후보 없음(미검출/전부 미인식)
000997,NONE-02-19,,MM.DD,NONE,,,False,False,0,0,,,,13:187FE || C ||  8 485 PUCT  S || 93:18E || C || F 8 4435 120 C || 93:10E || C || 2 4EHE PAUT C || 0O || 93:10E || C || 4MHRC || REGE || 03:19DEE || C || N 8 4EU5 PUCT C || 13:18FNE || C ||  8 485 NECT ,5.7,False,NONE,000997.jpg,NONE,640,small,D 후보 없음(미검출/전부 미인식)
001001,2021-09-07,,DD MON YY,NONE,,,False,False,0,0,,,,BEST BEFORE 308.1126 C  SEPRE21    || I || BEST BEFORE 308-11 0  78-FOR21   0 ||  || BEST BEFORE 308:1126  1 || I ||  1 || 07 || 3081128 || BEST BEFORE 30811 E  A 21  || BEST BEFORE 3087  SE i ,5.5,False,NONE,001001.jpg,NONE,640,small,D 후보 없음(미검출/전부 미인식)
001002,2022-08-24,b,YYYY.MM.DD,2022-08-NONE,YYYYMM,erode2/p1@640,False,False,1,1,2022-08-NONE,2022-08-NONE,YYYYMM,2082. 08 || 2082 08 || A || 2082. 08 || A || 2022.08,4.3,False,일만틀림,001002.jpg,2022-08-NONE,1014,mid,C 후보는 있는데 전부 오답(오독)
001003,2022-08-24,,YYYY.MM.DD,NONE,,,False,False,0,0,,,,  || 7 C ||  || 7 ||  || 7 || -  || A  . .,6.0,False,NONE,001003.jpg,NONE,640,small,D 후보 없음(미검출/전부 미인식)
001004,2020-08-10,,YYYY.MM.DD,NONE,,,False,False,0,0,,,,ES EMN29 20mg x1899 2x2.9g O8 18 BMAx O 9 LIS8140 m UM2.10 3008 Oy 75 2110  19  096 17  6  29 0 m So || HA.CCP 8.718.98 0 || a4 || 2e || Honey Mustard || ES 29 20m0 x189g A8 189 EMx  O G LE140 my 52.18 3009 COSE 35 2  T 9WUP 17  2  59 0 mg 89 09 69 259 519 || HLIDTAER || HA.CCP 2 780 || 4 8 Nt || Ho,18.2,False,NONE,001004.jpg,NONE,832,mid,D 후보 없음(미검출/전부 미인식)
001006,2022-06-29,2,YYYY.MM.DD,2022-06-NONE,YYYYMM,p1@640,False,False,1,1,2022-06-NONE,2022-06-NONE,YYYYMM, || 03223 ||  02380-6 || 3520 mg 165  1562 27 831 6  0g 085  || 0.3 8801161 501687 || 2022.06.,1.7,True,일만틀림,001006.jpg,2022-06-NONE,1008,mid,C 후보는 있는데 전부 오답(오독)
001018,2021-05-15,,YYYY.MM.DD,NONE,,,False,False,0,0,,,,20611 || 21611951. || 15 || 20611951. || 20611951 || 2065515. || 206115. || 161151 || 21611951 || . || ,11.7,False,NONE,001018.jpg,NONE,912,mid,D 후보 없음(미검출/전부 미인식)
001019,2021-05-15,b,YYYY.MM.DD,NONE,,,False,False,0,0,,,,261. || 91 || 20091. || Wh || e151. || 29g185:1,7.2,False,NONE,001019.jpg,NONE,640,small,D 후보 없음(미검출/전부 미인식)
001022,2021-06-28,,YYYY.MM.DD,NONE,,,False,False,0,0,,,,2021 10:33 .06 F || 100.1  || Mae || KU94 7 500  A || 2 || a 5F I S28IS8 O1R 2 AS || 2021. 10:33 1:06. F  || 100.1 || Mitk || KUS 7150   || 2 || 5  1 81s 1014 a CAESS || 2021 10:33 .06 || 100. || ae || KUSRE 710500 g aany || 945 A || 2021 1 0:33 .06 || 100.t || KUERRE 71809 500 TRR9 7 || 2021 10:33 ,10.6,False,NONE,001022.jpg,NONE,640,small,D 후보 없음(미검출/전부 미인식)
001028,2021-07-07,2,YYYY.MM.DD,2021-08-01,DMY4,p2,True,True,3,9,2021-01-08;2021-07-07;2021-08-01,2021-01-08;2021-07-07;2021-08-01,DMY4;YYYY,  ||  R87181 2021.01.08 B 2021.07.07 7 x/ fog 2O,2.4,True,월/일틀림,001028.jpg,2021-08-01,1008,mid,A 2패스 후보에 정답 있음(선택 실패)
001030,2022-10-NONE,,YYYY.MM,2022-10-01,DMY4,p2,False,False,1,1,2022-10-01,2022-10-01,DMY4,HERSHEY S Kitchens 980BKA1 10 2022 || s al ur 1-1/2 tsp. baking powder 1-2 tsp. baking soda 2 eggs 1 cup milk ||  HRS YS Co  || 12 cuusuga 1 up RSY Co Das of salt 1/3 cup hot water 4 cups milk 3/ tsp. vanilla extract CO 2 || OLIVEL TABL SPON O N FOC OLIVEL OCOA OFC TABL SPOONS  TEASPOONS SHORTENING ,1.7,False,일만틀림,001030.jpg,2022-10-01,1008,mid,C 후보는 있는데 전부 오답(오독)
001031,2022-10-NONE,,MM.YYYY,2022-10-01,DMY4,p2,False,False,1,1,2022-10-01,2022-10-01,DMY4,HERSHEY S Kitchens 98DBKA1 102022 || ERSHEY S  PERFECTLY CHOCOLATE || 12 tsp baking powder T up mil 1/2 cup vegetable l PERFECTLY CHOCOLATE CHOCOLATE FROSTING  recip owt  || ERSHEYS PERFECTLY CHOCOLATE  CHOCOLATE FROSTING   ri cupHERSHEY S CoC 1 tsp. vanilla extrac || Dac   1/3 cup hot water OCO 2  ,2.5,False,일만틀림,001031.jpg,2022-10-01,640,small,C 후보는 있는데 전부 오답(오독)
001035,2021-10-07,2,DD.MM.YYYY,2020-07-07,DMY4,p2,False,False,1,1,2020-07-07,2020-07-07,DMY4,  FE ||   8188 || L /10-3-11523-1-1281    1l 1   2     1n    64 8 ||   G ||  ||      Mat are te Ld ||  ||  na2-n || DR38E    00 0-508 Lnunans 90 n51 || O A H M XROD- g: 90382k e90 ||  ma050 a0u0a  || L   H /10-3-11523-1-1281 185 82  lloay    54 30   u  7. Xg X278  6 U5an5 02-6300-8181   84 46 L8  ||,9.5,True,전부틀림,001035.jpg,2020-07-07,1008,mid,C 후보는 있는데 전부 오답(오독)
001067,2021-12-06,,YYYY.MM.DD,2021-01-12,YYYY,p2,True,False,1,1,2021-12-06,2021-01-12,YYYY,2021 .12.06 || 22x:X || PEACOCK || EST.  2018 || HOE SEOUL WON ||  SA 2,1.4,False,월/일틀림,001067.jpg,2021-01-12,957,mid,B 1패스엔 있었는데 2패스가 지움
001069,2021-03-15,,YYYY.MM.DD,2021-03-10,YYYY,p2,False,False,1,1,2021-03-12,2021-03-10,YYYY,2021.03.12 || O,1.3,False,일만틀림,001069.jpg,2021-03-10,640,small,C 후보는 있는데 전부 오답(오독)
001076,2021-07-31,,YYYY.MM.DD,2031-07-21,DDMMYY,p2,True,False,1,1,2021-07-31,2031-07-21,DDMMYY,BEST BEFORE || 2021.07.31 || EPLPOM || 75261 || Avg. antity B9 kJ  194 Call  20.29 2.6g 1.19 2890 kJ  691 Cal  Avg. Quantity per 100 g 13.9g 72.0g 0 mg 4.0g 6.20 9.2g  1067,1.4,False,전부틀림,001076.jpg,2031-07-21,1269,mid,B 1패스엔 있었는데 2패스가 지움
001084,2021-07-09,,YYYY.MM.DD,2021-07-01,YYYY,p2,False,False,1,1,2021-07-18,2021-07-01,YYYY,Te || OEN  ME LACERE CETT LEI R  LTTEDE F  ||  || 2021.07 18:87  7x1 || HAACCP,1.8,False,일만틀림,001084.jpg,2021-07-01,640,small,C 후보는 있는데 전부 오답(오독)
001091,2021-04-16,,YYYY.MM.DD,2021-04-12,YYYY,p2,True,False,2,4,2020-07-17;2021-04-16,2020-07-17;2021-04-12,YYYY,M7H2 JONGGA 2020.07. 17  2021.04.16  || Joaxa  8722 FLC5.4P 99 412003049000547        PADTX   4F99E ES   ,2.0,False,일만틀림,001091.jpg,2021-04-12,640,small,B 1패스엔 있었는데 2패스가 지움
001095,2022-01-12,2,YY.MM.DD,2022-01-NONE,YYMM,p2,False,False,1,1,2021-01-13,2022-01-NONE,YYMM,DA || 21.01.13 1108  22 01 12KB ,1.4,True,일만틀림,001095.jpg,2022-01-NONE,640,small,C 후보는 있는데 전부 오답(오독)
001096,2021-06-11,2,YYYY.MM.DD,2021-11-06,DMY4,p2,True,True,3,9,2021-01-12;2021-06-11;2021-11-06,2021-01-12;2021-06-11;2021-11-06,DMY4;YYYY,2 || 1D || Do || gO || OE 2021.06.11 2021.01.12 U:7  KIS  S 214218 H8US 4EB EMAX  BIO200 Ga 650 mg 9g 22g 61g 18g 5 mg Dl 69 71 10 41  40  16  1 ,3.2,True,월/일틀림,001096.jpg,2021-11-06,992,mid,A 2패스 후보에 정답 있음(선택 실패)
001097,2021-06-11,2,YYYY.MM.DD,2021-01-01,YYYY,p2,True,False,3,3,2021-01-12;2021-06-11;2021-11-06,2021-01-01,YYYY,S || one gom  gOgE || TOE 08:15A04 F5 2021.06.11 2021.01.12 1 0 1 427 24  HA SAX NXI  C   650 mg 229 5 mg 0 61 g 1 g 69 1 ,2.8,True,월/일틀림,001097.jpg,2021-01-01,640,small,B 1패스엔 있었는데 2패스가 지움
001101,2021-03-14,2,YYYY.MM.DD,2021-01-14,YYYY,p1@640,False,False,1,1,2021-01-14,2021-01-14,YYYY,E || 2021.01.14X 2021.003.14x1 ||  edate   e EE || Pulmuone || T 4RE 849   2 42 25  3109 EBL AHER E AMUOIWVER  0-10 c  PAHA ZUE ,1.6,True,월/일틀림,001101.jpg,2021-01-14,640,small,C 후보는 있는데 전부 오답(오독)
001103,2021-03-14,,YYYY.MM.DD,NONE-03-14,MMDD,blur1/p1@640,False,False,1,1,NONE-03-14,NONE-03-14,MMDD,MIO Maeil || 21g.0F24421E || M  Maeil || 2880F2421 || MI Maeil || 2180584 815 || MIO Manil || MIO Maeil || 218.0F84 3-15 || 2021:03.14,5.1,False,연도만틀림,001103.jpg,NONE-03-14,640,small,C 후보는 있는데 전부 오답(오독)
001105,2021-08-26,2,YYYY.MM.DD,2020-08-26,YYYY,p2,False,False,1,1,2020-11-02,2020-08-26,YYYY,CIE EH FO || 2020.11.2 || 500 g 4017 /6 ,1.6,True,연도만틀림,001105.jpg,2020-08-26,640,small,C 후보는 있는데 전부 오답(오독)
001110,2021-03-22,,YY.MM.DD,2021-03-02,YY,p2,True,False,1,1,2021-03-22,2021-03-02,YY,87/9 247 SHO 81940 213/4-171 || 21.03.22X1 14:53 PMIR L23,1.8,False,일만틀림,001110.jpg,2021-03-02,640,small,B 1패스엔 있었는데 2패스가 지움
001119,2021-12-26,,YYYY.MM.DD,2021-12-16,YYYY,p2,False,False,1,1,2021-12-16,2021-12-16,YYYY,02:13 || 2021.12.16,1.1,False,일만틀림,001119.jpg,2021-12-16,1027,mid,C 후보는 있는데 전부 오답(오독)
001120,2021-12-16,,YYYY.MM.DD,2021-12-01,YYYY,p2,True,False,1,1,2021-12-16,2021-12-01,YYYY,02 13 || 2021.12 16,1.3,False,일만틀림,001120.jpg,2021-12-01,640,small,B 1패스엔 있었는데 2패스가 지움
001125,2021-12-28,2,YYYY.MM.DD,2021-12-21,YY_LEAD0,p2,True,False,1,1,2021-12-28,2021-12-21,YY_LEAD0, 0 2 C || 1h || 2021.12.28XF1A2,1.3,True,일만틀림,001125.jpg,2021-12-21,1263,mid,B 1패스엔 있었는데 2패스가 지움
001128,2021-06-10,2,YY.MM.DD,2021-12-10,YY,p2,True,False,1,1,2021-06-10,2021-12-10,YY,W8216 831 212 || FOLPEIER || 9A 401 04    || 4 B0 g 8 292  8138  B  NEE POO  RE AO  40 kcal SD N H    2151X1 21012 Y  || 24-6060 2  20.12.1123:04 21.06.10  1 mx1,2.2,True,월/일틀림,001128.jpg,2021-12-10,640,small,B 1패스엔 있었는데 2패스가 지움
001129,NONE-02-07,,MM.DD,NONE,,,False,False,0,0,,,,Expiry Date 88710 93.07 22:04 FPI || Denmark || CoT || 1n ///0H || 2000115726258000012714 || SUeA s 1700 || 1 270 25  || 48 W5 || Ex xpy Date 88710 93.07 22:04 FP || Denmark || C1013 || 009 /1//0H || 21157262580812714 || trurea  58887311 100 || 1 0 5 25  || 848 S || Expary Date 88710 93.07 22:04 FPI,8.4,False,NONE,001129.jpg,NONE,640,small,D 후보 없음(미검출/전부 미인식)
001130,NONE-02-12,,MM.DD,2020-08-07,SP_DMY,blur1/p1@1024,False,False,1,1,2020-08-07,2020-08-07,SP_DMY,2ot 228  8 2218 98 G G || O87  02.12.12153.HA 49 77X  || R || DOLGT 100 153  || 0O || TTT || OOL || O || 2olt 9191 || TWEe4 || G || 02.12.12153.HA || OO7  290 7x  || PR || DOGT 100 183  || OO || TTT || OOL || O || GT || 2181t 90u || WWE84 || G7 || 02.12.12153.HA ||   x  || PR || GT 100 153  || OO ||,17.0,False,전부틀림,001130.jpg,2020-08-07,1214,mid,C 후보는 있는데 전부 오답(오독)
001132,2021-02-19,2,YYYY.MM.DD,2020-12-12,YYYY,p2,False,False,1,1,2020-12-12,2020-12-12,YYYY,71 || 12 ||  || H2020.12.12 ||  82021.02.19 || IODE || XIX,1.5,True,전부틀림,001132.jpg,2020-12-12,1095,mid,C 후보는 있는데 전부 오답(오독)
001136,2022-09-24,,DD.MM.YYYY,NONE,,,False,False,0,0,,,,RED BEAN SRT || RE ESEANS Sard || GAN || 10 || RED RD || D ||  || Sara || RED BEANS Sara,5.4,False,NONE,001136.jpg,NONE,640,small,D 후보 없음(미검출/전부 미인식)
001143,2021-06-26,t,DD MON YY,2021-06-28,D_MON_Y,p1@640,False,False,1,1,2021-06-28,2021-06-28,D_MON_Y,AIOL OLI    || ww.rstheerdomea.cokr IS  C 8801065103925 || BEST BEFORE 28 JUN 21 SHC275J 06:05,1.5,False,일만틀림,001143.jpg,2021-06-28,640,small,C 후보는 있는데 전부 오답(오독)
001166,2022-01-20,,YYYY.MM.DD,NONE,,,False,False,0,0,,,,A 20060372438444 ||  M fA 450 g15  30  || X  O7 XH 9812809 OXHE .087181 O  2022-81638 3  60   60  A H 55 A     40 0  0.  H  O7X10.7   12 E0 :2 15 74 homeplus.c 38 L  48/7 823582 72X || D9 20060372438444 ||  A  f fra     fx 8    450 g  15 g X 30 7H  || ME EC AE2  AE || 60    H55 ||  1   H60   || OXHE,27.3,False,NONE,001166.jpg,NONE,906,mid,D 후보 없음(미검출/전부 미인식)
001167,2022-01-20,,YYYY.MM.DD,2022-08-02,YYYY,p2,False,False,1,1,2022-02-08,2022-08-02,YYYY,XI RE 88712 871 3XH 489 87 2022 8XHE 222  4/84 20 257197 0 4   7. 4000  0 2     0   0  A 55   2  0 5A A C 9AE 20060372438444   450 30 81698 HELE M ||  EN 88712 871 3 4  897422 2022. 8XHE  cYanmaGentaYellobl cYanmaGenentaYellowb 40 58718X  cYanmaGntataYellwb cYanmaGetaYellob ma0elob cYnmaGnntaYelowb ,13.1,False,월/일틀림,001167.jpg,2022-08-02,640,small,C 후보는 있는데 전부 오답(오독)
001177,2021-12-01,,MON DD YYYY,NONE,,,False,False,0,0,,,,JAM || JAM || GEJAM || B0201101 || B2712061201 || B501201221 ||  || 2370120101 || 7 C || AM || 523916 3282 || C ,11.3,False,NONE,001177.jpg,NONE,1113,mid,D 후보 없음(미검출/전부 미인식)
001178,2021-12-01,,MON DD YYYY,NONE,,,False,False,0,0,,,,BE57015 81221 || B879 328182 || WE57016 812821 || 185919 812921 || 1837015 881221 || B8571 81221,5.8,False,NONE,001178.jpg,NONE,640,small,D 후보 없음(미검출/전부 미인식)
001180,2023-09-01,,DD MON YYYY,NONE,,,False,False,0,0,,,,52851 46149 || Best BeforeDate 0 || 288 || Pn t nn TC/E/PR/10071478 || 6398 || 15146149 || Bes Bfre || 288 || Pana TI/EPR/1007/478 || 6398 || 5285146149 I || Best BeforeDte  || 288 || P yon td nLanca TC/E/PR/10071478 || 6398 || 5285146149 || Best BeforeDate:  || 288 || Pure Cyon aed iana TC/E/PR/100,5.8,False,NONE,001180.jpg,NONE,640,small,D 후보 없음(미검출/전부 미인식)
001185,2021-09-28,2,YY.MM.DD,2021-09-26,YY,p2,True,False,2,4,2020-12-29;2021-09-28,2020-12-29;2021-09-26,YY,Or ||  LOTTE || TIIIO || LNIIIC || 20.12.29 21.09.28 14:38 4E 77 x  I2XIME 080-024-6060 e,2.5,True,일만틀림,001185.jpg,2021-09-26,1366,mid,B 1패스엔 있었는데 2패스가 지움
001186,2021-09-28,2,YY.MM.DD,2020-12-NONE,YYMM,p2,False,False,2,2,2020-12-21;2020-12-NONE,2020-12-NONE,YYMM,OLOTTE || TIIIE 20.12  21:09.28 R222 14:38 PET 21x1 AR 080-024-6060,1.9,True,전부틀림,001186.jpg,2020-12-NONE,640,small,C 후보는 있는데 전부 오답(오독)
001194,2021-02-11,2,DD.MM.YYYY,2021-02-01,DMY4,erode2/p1@640,False,False,1,1,2021-02-01,2021-02-01,DMY4,E  yON4L 19128721 /139 0003ER THE STARBUCKS  ROAST  LC N2 20 0   87181 BA 8IA M TASTING NOTES   200g  Best belfore / 15-16500 H2E2 NESTLEPORTUGALNESSOALA  toland. Minet    consumar peferibiment int da   L 00440303F8 nem s     prfenceavaneidetens ||   OH4ELL 8911  0-24003 THE STARBUCKS  ROAST A     1,6.4,True,일만틀림,001194.jpg,2021-02-01,640,small,C 후보는 있는데 전부 오답(오독)
001200,2021-10-20,2,YYYY.MM.DD,2020-10-21,YYYY,p2,False,False,1,1,2020-10-21,2020-10-21,YYYY,410N 086-9 || RERNIBAIE || IRRAHAPR || 0 || BOOL  186  M 10k || 20-5064216664 ||  || 419 2020.10.21 || 211.10.20,1.9,True,전부틀림,001200.jpg,2020-10-21,640,small,C 후보는 있는데 전부 오답(오독)
001206,2021-05-NONE,,MM.YY,NONE-05-21,MMDD,p2,False,False,1,1,NONE-05-21,NONE-05-21,MMDD,Hier offnen || Dr.Oetker MULTI-FRUCHT VITALIS Knusper m sli Plus  Mtla 05.21 L095 2 || Dr.Oetker || S,1.7,False,전부틀림,001206.jpg,NONE-05-21,640,small,C 후보는 있는데 전부 오답(오독)
001226,2022-06-27,2,YYYY.MM.DD,2020-12-28,YYYY,p2,True,False,2,2,2020-12-28;2022-06-27,2020-12-28,YYYY,      EE   GEER     44 6 B  2022.06.27 2020.12.28   EHON 10 181 900.  A || E B EOPEN 080-8550-1200 166-4199 E ,2.7,True,전부틀림,001226.jpg,2020-12-28,640,small,B 1패스엔 있었는데 2패스가 지움
001228,2022-01-11,2,YY.MM.DD,2021-01-12,YY,p2,True,False,2,2,2021-01-12;2022-01-11,2021-01-12;2022-01-NONE,YY;YYMM,ORION E45 || OTO 21.01.12 14:38   E || 8 801117 109004 71t http://www.orionworld.com 22.01.11 6  1,2.0,True,전부틀림,001228.jpg,2021-01-12,640,small,B 1패스엔 있었는데 2패스가 지움
001241,2022-06-13,,YYYY.MM.DD,2022-06-01,YY,p2,True,False,1,1,2022-06-13,2022-06-01,YY,08718 2022.06.13,0.9,False,일만틀림,001241.jpg,2022-06-01,965,mid,B 1패스엔 있었는데 2패스가 지움
001250,2021-04-11,2,YY.MM.DD,2021-01-12,YY,p2,True,False,2,2,2021-01-12;2021-04-11,2021-01-12,YY,ISS || 7746 X  827234 21.01.12 21.04.11  E 1X X,3.0,True,월/일틀림,001250.jpg,2021-01-12,1372,mid,B 1패스엔 있었는데 2패스가 지움
001251,2021-04-11,2,YY.MM.DD,2021-01-12,YY,p2,True,False,2,2,2021-01-12;2021-04-11,2021-01-12,YY,riss riss || A F 21.01.12 21.04.11,1.9,True,월/일틀림,001251.jpg,2021-01-12,640,small,B 1패스엔 있었는데 2패스가 지움
001253,2021-08-19,,YYYY.MM.DD,2021-06-19,YYYY,p2,False,False,1,1,2021-08-11,2021-06-19,YYYY,2021.08.119 71/-5,1.5,False,월/일틀림,001253.jpg,2021-06-19,640,small,C 후보는 있는데 전부 오답(오독)
001257,2023-07-03,,YYYY.MM.DD,NONE,,,False,False,0,0,,,,SP IE30L . ||   || DP MB770L   || BFPE D/L   || OPIR MEBI8L LIE2 || OR OLIEA,5.4,False,NONE,001257.jpg,NONE,640,small,D 후보 없음(미검출/전부 미인식)
001261,2021-03-25,,YYYY.MM.DD,NONE,,,False,False,0,0,,,,UU || CO LTD THEE-IEZIA.MIEH ||  || OTHER UEMZ || H8 45820414222 || 7 501681209 || 2N60  || 8242022800-1006 ||  || N || LU || THEEIEZIAE ||  || OTHERU || AEO TH 4820222 || 5289211940811548 || 5016-83124 || 2260 7 || ON || 44439 || L || THE-IEZIABIEL ||  || OTHER || 21 40 || 28211081 || 6 || 760 4 ||,20.5,False,NONE,001261.jpg,NONE,1431,mid,D 후보 없음(미검출/전부 미인식)
001262,2021-03-25,,YYYY.MM.DD,NONE,,,False,False,0,0,,,,L || THEEIIEZIAMIE || OTHER M   || 58452488829 48998284949209293287 || 2560 34 LHe A97850 8/Te.1566-8312 482309 1994035811548 ||   || LM || THEA IE || OTHER 8  || 524984 2 ||  RIRET 7506/1566831248230 1994035811548 ||  || LU || D.LTD THEEIIEZIA.MCH || OTHER WWM   || 1004534494587284.19H051E03 || EOS,8.3,False,NONE,001262.jpg,NONE,640,small,D 후보 없음(미검출/전부 미인식)
001290,2024-11-21,,YY.MM.DD,2024-01-21,YY,p2,True,False,1,1,2024-11-21,2024-01-21,YY,21:57 T1 || BED:24/11/21 || S T 2 Non,1.3,False,월/일틀림,001290.jpg,2024-01-21,640,small,B 1패스엔 있었는데 2패스가 지움
001293,2020-09-21,,YYYY.MM.DD,2020-09-NONE,YYYYMM,p2,False,False,1,1,2020-09-NONE,2020-09-NONE,YYYYMM, SAU || A  ||  400 || 2 ||  8:2020/09  SAUT || A  || E :400,3.7,False,일만틀림,001293.jpg,2020-09-NONE,1437,mid,C 후보는 있는데 전부 오답(오독)
001295,2021-11-NONE,,MON YYYY,2021-12-11,YYYY,p2,True,False,1,1,2021-11-NONE,2021-12-11,YYYY,WWW.RATGSCD GET IN TOUCH 80-20--6834 0282 FTX143 BEST BY NOV2021 12:11 ||  || OHL DECONE D  THE THROAT. 142014,1.7,False,월/일틀림,001295.jpg,2021-12-11,640,small,B 1패스엔 있었는데 2패스가 지움
001302,2021-11-29,d,DD.MM.YY,2029-11-21,YYMM_GLUE,p2,True,False,2,2,2020-11-30;2021-11-29,2020-11-30;2029-11-21,DDMMYY;YYMM_GLUE,HEESE PARMIGIANO REGGIANO || AGED OVER 15 MONTHS || ai1 Product of Italy || Keep refrigerated  0 C /  10 C || Production day: 30.11.20 || Best before: 29.11.21 || 0.150kg e || L0T10: LH0335D 08:46 on || MULINO FORMAGGI SRL || Emitioa Lepido  58 - Parma,1.6,False,전부틀림,001302.jpg,2029-11-21,640,small,B 1패스엔 있었는데 2패스가 지움
001305,2021-04-12,,YYYY.MM.DD,2021-04-01,YYYY,p2,False,False,2,2,2021-04-01;2022-01-NONE,2021-04-01;2022-01-NONE,YYMM;YYYY,CHOICE || 021.04. || BI2AE ECEN || Spreadable But HE || 73E1 15150 01.570 Kca  ||  221/011 || CHOICe || 2021.04-1 || I a  || Spreadable Butt E H || 7816 515/20 1510 Gal ||  22/01,2.1,False,일만틀림,001305.jpg,2021-04-01,640,small,C 후보는 있는데 전부 오답(오독)
001308,2022-11-06,,DD.MM.YYYY,NONE,,,False,False,0,0,,,,B022 || NUTRITIONINFOMHATION pet 17 3 || 20g || 1 || CARBON || SOD ay o he || 0ge INGREDIENTS Chay cP us URER ||  || NUTRITIONIRNFORHATION jer 17 1 || 209 || a || CARBO || SOD kan e ba ||  INGREDIENTS Chayr chaCr uts  || 2 || MUTRITION JNE || I || R || CA || 30ge Botege ||  || BE02 || NUTRITIONIN ||,6.2,False,NONE,001308.jpg,NONE,640,small,D 후보 없음(미검출/전부 미인식)
001310,2021-04-20,bt,DD MON YY,2021-04-30,D_MON_Y,p2,False,False,1,1,2021-04-30,2021-04-30,D_MON_Y,EDIENTRI ASCORBIO ACID . || 15000 07608 || GEBEN PCOE O Nutrition Facts  serviings erv size Calories 60 Amount/serving Total Fat Og Sodium 5mg Total Carb 13g Pan assim 10  Vitamin C 45  Amount/serving Protein Og Total Sugars 11g ncl Og Added Sugars   DV o not use if Fol Seal S. Vevey  Wwrterand or A,2.7,False,일만틀림,001310.jpg,2021-04-30,640,small,C 후보는 있는데 전부 오답(오독)
001313,2022-01-15,,YYYY.MM.DD,NONE,,,False,False,0,0,,,,L32MHI2 || 2  LHEXTH M    2H8  X  AUO 7H C12 50Qg 54  S A 4 A 210E  x 031-763-46  012 || A A  M  || NAA   1 || 718 || 8 801416 8245 || LEEAHI || H2 H LHIXTHA OE X1  u TOL AEO 73HE 1  L2 50Q 8 54 21  C 1 2IO  AHA A   X  031-763-466 CF 012 ||  AE  1 A O     || OE   || 8801416 82745 || EH || TH  LHIXXH,24.4,False,NONE,001313.jpg,NONE,1454,mid,D 후보 없음(미검출/전부 미인식)
001318,2022-12-07,2,DD.MM.YYYY,2020-12-07,DMY4,p1@640,False,False,1,1,2020-12-07,2020-12-07,DMY4, KA. ||  AT EHA AE PACTA DIDATO E/ATE D EBALAE EXPARY DATE / FECHA DE EXPIRACION 07/12/2020 || E200340303342 || HTCH NOAERO E LOT || DAT || EAL ,2.0,True,연도만틀림,001318.jpg,2020-12-07,640,small,C 후보는 있는데 전부 오답(오독)
001320,2021-11-22,,DD.MM.YYYY,2028-12-07,YYYY,p2,True,True,1,2,2021-11-22,2021-11-22;2028-12-07,DMY4;YYYY,BL  L280  399HE   A7O 0E 1 m EA 21 UT LE 100 g OO  290 mg 15 1  E DE A e. H 173  ERA  5.8g 11  100 g 520 kcal 25g 46  L  20g M20328 12:07 B 22/11/2021,2.4,False,전부틀림,001320.jpg,2028-12-07,640,small,A 2패스 후보에 정답 있음(선택 실패)
001330,2021-03-05,,YYYY.MM.DD,2022-03-05,YYYY,p1@640,False,False,1,1,2022-03-05,2022-03-05,YYYY,2022.03.05 OHI 402 100g8 8  24000 32 || 22812020002024002 GOURMET 494,1.2,False,연도만틀림,001330.jpg,2022-03-05,640,small,C 후보는 있는데 전부 오답(오독)
001344,2021-08-10,,MON DD YYYY,2022-11-02,MON_DY,p1@640,True,True,2,2,2021-08-10;2022-11-02,2021-08-10;2022-11-02,MON_DY,ed with a childhood andpomegranate. We brought ruch of lemon and a pinch of ED 4OAAE DAN 472.5:28 kca  0 58480 2 2420 A HE2/11005 NOV 2 22 NOV11 DEC 128  2009894 9A4  STU  JANMARARA A  BAB 60 || 0  Indl. 7g Added Sugars 15  || 10mg 9  Protein 7g Best If Used By: || on tmg 6   tas. 279   AUG 10 2021 ,3.2,False,전부틀림,001344.jpg,2022-11-02,1120,mid,A 2패스 후보에 정답 있음(선택 실패)
001348,2021-10-31,,YYYY.MM.DD,2021-01-10,YYYY,p2,False,False,1,1,2021-01-10,2021-01-10,YYYY,Ciokoltti Z || WITOR S Dal 1959 || 2021 110/31 || L || :23 || Cickolottia di || WITOR s Dal 1959 || 2021 1/10/31 || L || :23,2.1,False,월/일틀림,001348.jpg,2021-01-10,640,small,C 후보는 있는데 전부 오답(오독)
001357,NONE-08-20,,MM.DD,2022-08-NONE,MM_YY,p2,False,False,2,4,2020-08-NONE;2022-08-NONE,2020-08-NONE;2022-08-NONE,MM_YY,EXP:08/22 MFD:08/20 23:16 || BATCH:0001015697 || U30 ||  30.4 GRAMS  ,2.2,False,전부틀림,001357.jpg,2022-08-NONE,640,small,C 후보는 있는데 전부 오답(오독)
001360,2021-09-02,,DD.MM.YY,NONE-09-21,MMDD,p2,False,False,1,1,NONE-09-21,NONE-09-21,MMDD,morr ||   CORBANIZI HAZIRLAMAK iCiN: ai || va   arbonhidrat 25 kcal00 kJ 60 kcal/250  0 6g 0 6g 0 1g 1 1g 1 4g 1 6g 2 7g 0 2g  26  2 Un768U 90010A b aakurg igin lsiky Gida isletmecisi: Unilever San  Tae Turk A.. Saay Ma Dr. Adnan B y kdeniz Cad. || 2ge TETT:02 09.21 2V/2 5930 || oMdKnl,3.1,False,전부틀림,001360.jpg,NONE-09-21,1238,mid,C 후보는 있는데 전부 오답(오독)
001361,2021-09-02,,DD.MM.YY,NONE-09-21,MMDD,erode3/p1@640,False,False,1,1,NONE-09-21,NONE-09-21,MMDD,uurt  st || TOA CO || r sgn rutu || 2ge 2 S2 Do ous a Enerji  ohidrat Besn geleri Enerjive  E 6  TET T Dd co rba cin 1 19 TETT 02. 0.21 2 5930 ca corba icin O   gerdgimizstrmektedir Jakheresof Unilever Gia g G   or e uk Aeniz Cad No.1378.mae 690637 ||  || ALA CAS ||   r || 2ge  0.21 s o Fse D s  ner,7.4,False,전부틀림,001361.jpg,NONE-09-21,640,small,C 후보는 있는데 전부 오답(오독)
001362,2021-04-NONE,,MM.YYYY,2021-10-13,YYYY,p2,True,False,2,2,2021-04-NONE;2021-10-NONE,2021-10-13,YYYY,edin. d na eya treya ilave e ve 2-3k. Tatlinin || 2  kartrarak utn bosaltip soguk servis yapin. Ocaktan aldiktan  dilimi veya ut ile slatilm. Enerji Karbo Protei || i indek || iz || Cikolata rendesi  Dr. Oetker Krem anti veya || Hindistan cviziendesile seersvis Domu || hicbir || T rk Gida Kodeksi ne,3.2,False,월/일틀림,001362.jpg,2021-10-13,1116,mid,B 1패스엔 있었는데 2패스가 지움
001363,2021-04-NONE,,MM.YYYY,2021-10-13,YYYY,p2,True,False,2,2,2021-04-NONE;2021-10-NONE,2021-10-13,YYYY,edin.   veya tereyagi ilave edi ve 2-3 3k. ||  kolata rendesi  Dr. Oetker Krem Santi veya Servis  nerisi:Arzuya g re  zerinAntep fis Hindistan cevizi rendesi ile s sleyerek servis 2-3 adet biskivi koyultmus kaselere Ocaktan aldiktan sonra arada bosaltip soguk servis yapin.   dilimi veya sut ile satu,9.6,False,월/일틀림,001363.jpg,2021-10-13,640,small,B 1패스엔 있었는데 2패스가 지움
001364,2021-02-NONE,,MM.YYYY,2018-02-02,DMY4,p1@1024,False,False,1,1,2018-02-02,2018-02-02,DMY4,Mfd LotNo. uan 1ECOG  || IA noud Iisoaiaos su || asudo uensmarhfuen ||  ||  ||  || siournadeams || uou mmeuenu anbhndoun huliu ||   ||   an nh 30 c || ACTIVE EN    on  N  ||  || ctured by Umite || Lot No. 18C05 || enduany Mfd 02 O2 2018 2021 || A noud Isoaiaos su || asndo Lensmamuen ||  W  || ea u |,5.7,False,전부틀림,001364.jpg,2018-02-02,1080,mid,C 후보는 있는데 전부 오답(오독)
001367,2021-09-29,2,DD.MM.YYYY,2021-09-22,DMY4,p2,True,False,2,2,2020-06-29;2021-09-29,2021-09-22,DMY4,Kanig  igh 1 E37 PROD. 29 06 2020 EXP. 29.09.2021 E37B Ha Ho  a  R   0200   ,2.1,True,일만틀림,001367.jpg,2021-09-22,640,small,B 1패스엔 있었는데 2패스가 지움
001368,2021-08-19,,YYYY.MM.DD,NONE,,,False,False,0,0,,,,293.264215:58 || 293 2642 15:58 M || 28512842115:58 M || 293.2642 15:58 || 293.2842115:58 M || 295.204215:58 || 293.284215:58 M || G42 15:58 M || 2931204215:58 M || 44 15:58 M || 293.264215:58 M,15.0,False,NONE,001368.jpg,NONE,1288,mid,D 후보 없음(미검출/전부 미인식)
001377,2021-12-02,,YYYY.MM.DD,NONE,,,False,False,0,0,,,,1  112  19:51 TK3 || ET 8 22202REA P. 191511 2 || 1 22122 KEAP  19151 1K3 || 19151 1K3 522122 KOE P || 1 8 22122KA  19:51 TK || 19151 K 1  112A ,6.1,False,NONE,001377.jpg,NONE,640,small,D 후보 없음(미검출/전부 미인식)
001378,NONE,,none,2021-01-22,YYYY,p2,False,False,1,1,2021-01-22,2021-01-22,YYYY,X409:780 || DGFARM  2021.01.22 ||  || Superfood || 4P8 176 904 ||  || 710 || E  x E5H7O || 54-763-7717,2.3,False,라벨NONE인데답함,001378.jpg,2021-01-22,1276,mid,C 후보는 있는데 전부 오답(오독)
001379,NONE,,none,2021-01-22,YYYY,p1@640,False,False,1,1,2021-01-22,2021-01-22,YYYY,3 2021.01.22 || GFARM ||  c8ch Superfood || FON 17604 ||       054-763-7717  571,1.9,False,라벨NONE인데답함,001379.jpg,2021-01-22,640,small,C 후보는 있는데 전부 오답(오독)
001381,2021-04-09,,YYYY.MM.DD,2021-01-04,YYYY,p2,True,False,1,1,2021-04-09,2021-01-04,YYYY,LHAT DIgE  8E || 52 kcal || 00g1 || BC || 0181 10 4mg || E || 404 24 99 || 80-730-5336 || 2021 .04 09 || OTHER 92833657 02:00 || H1 S 54494320 SA14 BINE BISA BSP HM272E021 WE3  .44 925  P2A M0 8M080-730-436,2.5,False,월/일틀림,001381.jpg,2021-01-04,640,small,B 1패스엔 있었는데 2패스가 지움
001383,2023-01-05,,YYYY.MM.DD,NONE,,,False,False,0,0,,,,5 || Vaae X: 41806500009 HA3S: K58C 5 DM4 ZxV7PP 8806500009923 || M  3 60-32 Ponan  SA   Me TW8 9GS   Lid oo  2    X1 x || IGRO63.07 || 5 ||  5 AIX 155 806500992 A3  8 K08C 5DM4ZXV7PP 58806500009923 || M   namo P  ThH  Tw Gat  M S  xx x || IGRO63.07 || 5 || veve 458806500009 XEMS 8806500009923 5DM4X,8.6,False,NONE,001383.jpg,NONE,640,small,D 후보 없음(미검출/전부 미인식)
001385,2018-09-NONE,,MM.YYYY,NONE,,,False,False,0,0,,,,o 1 1 || Parti no/Son kul ta: ||        a  || 0 21 i || Pari no soon kul ta: ||  A T       || 161758165 0 1 8 || Parti no/Son kul.ta.: ||       a || 164256115 || Pari no/Son kul. ta.: ||   ||  || 3  || 161758115 09-2016 || Parti no/Son kul. ta: ||  ||  S  || Parti no/Son 16175 0 9  frac   2    2 o k,7.6,False,NONE,001385.jpg,NONE,640,small,D 후보 없음(미검출/전부 미인식)
001387,2021-07-17,,DD.MM.YYYY,2021-07-07,DMY4,p1@640,False,False,1,1,2021-07-07,2021-07-07,DMY4,PRESIDE 9 NC20 96EAN PSChes 31  MadA. CREAM CHEESE WITH O0. 8 N  || SHE8NSY M04 CHADI 3195 384831 01240 1749w.crhrscom || sBf 7/07/2021 ww.lactalis-intemational.com 8111919 Net weight: 12 REG. T. NO. 1975   B  88L0882 3882240    4   4g 185 62 31  6.0 2  2 2 316389009567 L8  125g 428kcal,3.3,False,일만틀림,001387.jpg,2021-07-07,930,mid,C 후보는 있는데 전부 오답(오독)
001388,2021-07-17,,DD.MM.YYYY,2021-07-NONE,MMYYYY,p1@640,False,False,1,1,2021-07-NONE,2021-07-NONE,MMYYYY,17/C7/2021 Net weight: 1g REG E. N. 175 www.lactalis-intermnational.com 8111919  8 0 8 2182 264 13  1 EVSPKPO 50E0408 2A PRESIDENT  AALSNOPIYTD OPMMC CNPA EHUPA9ON MDIA Made iNAHS. CREAM CHEESE WITH LIC CHIVES  400 74   5165 U831  8628 22  FOUETEO40R 31638900956 2 48 125g 428kcal 1Lg428 EAR 98.980,4.6,False,일만틀림,001388.jpg,2021-07-NONE,640,small,C 후보는 있는데 전부 오답(오독)
001391,2021-02-25,,YYYY.MM.DD,2021-12-01,DMY4,p1@640,True,True,2,2,2021-02-25;2021-12-01,2021-02-25;2021-12-01,DMY4;YYYY,ERSPABI 5BOREEE 34S WHOLE GRAIN 0090715 300 || 2021.02.254N || SC EAMER || 1  12  2021  264  9.06 50 4 100. Super Soft,1.7,False,월/일틀림,001391.jpg,2021-12-01,1008,mid,A 2패스 후보에 정답 있음(선택 실패)
001394,2021-09-01,,YYYY.MM.DD,NONE-11-08,MMDD,p1@640,False,False,1,1,NONE-11-08,NONE-11-08,MMDD,7004 OV LAAE 25 EME  01 202 1OEORNNS 5219 kcal OE LE Elamp 1   24g Ao 11.08g 11  Og Ofg 0  701084979 Og 002g EHE 0.350 PHE2 OTHER,7.8,False,전부틀림,001394.jpg,NONE-11-08,2036,large,C 후보는 있는데 전부 오답(오독)
001395,2021-09-01,,YYYY.MM.DD,NONE,,,False,False,0,0,,,,Xo || 2021090E OTHER || Q9ES || a EPNE A || 5 T97 LES ETU TE 4-8 2.4g 5  1100 17  0g O1O 35 000 0N EHES 0.50 || A || 2021090 1E OTHER || QHEB || a  o tr JE || 529 7922 LE8 E2mg Ts B4 12.40 a  T0R 17  Og OTO 35 00g 08 ENS 0.50 || OVAV 2021090F I  hole a 7 P4ER OTHER || BER || DEDA ATD || 5 || D 11 ||,9.7,False,NONE,001395.jpg,NONE,640,small,D 후보 없음(미검출/전부 미인식)
001400,2022-01-29,,YYYY.MM.DD,NONE,,,False,False,0,0,,,,D 20060372438442 || NO 184182 450 g  15 g X 3071  || 60   || Xil  O Of   XH   TELEN OXH29 OI   3.84   01 0220204 2 2  32 0  homepus.cok7398  01 2 712101 7  57  7X LH:0  878  35282 || OE7t || 2022-81638 || 774x1 || D 20060372438442 || NUOO L182 450 g  15 g X 3071  || EON  XHA O O7 fra Xill I  OE7  IH,20.5,False,NONE,001400.jpg,NONE,755,mid,D 후보 없음(미검출/전부 미인식)
001401,2022-01-29,,YYYY.MM.DD,2022-08-NONE,YYYYMM,dilate2/p1@640,False,False,1,1,2022-08-NONE,2022-08-NONE,YYYYMM, X   087  XH 4E SRE XHE  2022-88638  BRE A  L HA C1 2 22  o  A ON 03 0 ME. CAE  418g 20060372438442 AHZ 450 g 15 9x 307  EO 774x1 ||  X1    5712 87   408  XHE  2022-86638   32 0           NE CAE  48 2006037243842 1AH21 5 450  15 xX 30  77 x1 || 489 8 Bas 200603724384422 458 ME SAERI A1Z 450 g 5  X 3,7.6,False,월/일틀림,001401.jpg,2022-08-NONE,640,small,C 후보는 있는데 전부 오답(오독)
001403,2020-09-29,,YYYY.MM.DD,2020-07-04,DMY4,p1@640,False,False,1,1,2020-07-04,2020-07-04,DMY4,48 4 4o44 371 488459445344  || 48120  7912014  278747 1-2140112 || 0210101018 H8    || 4 7  2020. 15:41 OS  0 200 18010 1574  7842441402407894474 3100 018449489864474994 1  74 4712 9824 J11 HD 899380 || 1411,2.1,False,월/일틀림,001403.jpg,2020-07-04,640,small,C 후보는 있는데 전부 오답(오독)
001406,2021-07-31,,YY.MM.DD,2031-07-21,DDMMYY,p2,False,False,1,1,2031-07-21,2031-07-21,DDMMYY,BEST BEFORE || 21/07/31 || a L142055 ||  7:PP,0.7,False,전부틀림,001406.jpg,2031-07-21,818,mid,C 후보는 있는데 전부 오답(오독)
001407,2021-07-31,,YY.MM.DD,2031-07-21,DDMMYY,p2,False,False,1,1,2031-07-21,2031-07-21,DDMMYY,BEST BEFORE || 21/07/31 ||  L142055 ||  78:PP,0.7,False,전부틀림,001407.jpg,2031-07-21,640,small,C 후보는 있는데 전부 오답(오독)
001410,2021-05-25,,DD.MM.YYYY,2021-05-05,DMY4,p2,False,False,1,1,2021-05-NONE,2021-05-05,DMY4,     iri t     le-Consumir 2  aa  .A  2 Aconsommer icac Cao   de  antes de  || BE D  5. 2021 || 2 P Roting De prefrencea  P pro  eavant le-Consumir  Date  dd /mm 2 Data de fabrica   aa/  yy -A en  A consommer de   BR H 2  ||  A a || I ||    preferre .  pro  Con  nDate     d d/mm/  tion- Data deabric,7.6,False,일만틀림,001410.jpg,2021-05-05,965,mid,C 후보는 있는데 전부 오답(오독)
001414,2021-07-23,2,YY.MM.DD,2021-07-24,YYMM_DAYLA,p1@640,False,False,2,2,2021-07-24;2021-07-NONE,2021-07-24;2021-07-NONE,YYMM;YYMM_DAYLA,GAronre 80111770403 || 21.07 24,0.8,True,일만틀림,001414.jpg,2021-07-24,640,small,C 후보는 있는데 전부 오답(오독)
001423,2021-11-NONE,,MON YYYY,2021-11-17,D_MON_Y,p1@640,False,False,1,1,2021-11-17,2021-11-17,D_MON_Y,500g Berkshire RG12 8YA UK Waltrose Um.ted Bracknc refund you. replace your Waibr packaging br k to any product.pleas you not be hap y with this ou the best qualt Should Made with 100  Itallan durum-wneai h and we ll bring the Protein o io Corohyaroe dfwniongr Enenrgy  Energy4 TYPICA WLE a wervigart,1.7,False,일만틀림,001423.jpg,2021-11-17,640,small,C 후보는 있는데 전부 오답(오독)
001430,2021-01-23,,YYYY.MM.DD,2021-01-01,YYYY,p2,False,False,1,1,2021-01-02,2021-01-01,YYYY,Saratlip No.1 ||   || HEN || BUTTER SLICED BREAD ||     || 2021.01 2 || CA ZEH || 24 SLICE 540 g 1.447 kca  7gHE.7  ,1.1,False,일만틀림,001430.jpg,2021-01-01,640,small,C 후보는 있는데 전부 오답(오독)
001431,2021-08-19,,DD.MM.YY,2021-08-01,SP_DMY,erode2/p1@640,False,False,1,1,2021-08-01,2021-08-01,SP_DMY,FLAYOUS 4 IINN AST CAN OR  D AT ANDS TUCAN  OF SUA TEETURES. COKESN DDAR CHATE L ANTUCOH CAUSE AT SAPORI WE BAKE WQUE CRUNCHINESS OF THE I TN SA OE E HONEY  FRESH BARN EGGS COMBINES THE FULL AND REWORKING: A SHOWER UG  SOINRES CLASSIC OF TUSCAN ||     I || NL350232 2A || 500  ||  o e t       O    AN,4.3,False,일만틀림,001431.jpg,2021-08-01,640,small,C 후보는 있는데 전부 오답(오독)
001435,2021-10-04,,YYYY.MM.DD,2021-02-18,DMY4,p2,False,False,1,1,NONE-10-04,2021-02-18,DMY4,22D EEI || ZFTF || CONCHSHAPEDSNA || 14:1888 2 202110.04 A 315 || aT  || EFTF || CONCH SHAPEDSNA || 14.1 2 202210.04   38 || 2 0 EETI   || ZFTF || CONCHSHAPEDSNA || 202110.04 14:18833  31 || 2 CETR || ZTF || CONCHSHAPEDSNA ||  || 14:18834 202110.04 || 2Ht2 CC || ZFTF || CONCHSHAPEDSNA ||  M || 20211,7.8,False,월/일틀림,001435.jpg,2021-02-18,640,small,C 후보는 있는데 전부 오답(오독)
001446,2021-10-28,,YYYY.MM.DD,2021-10-NONE,YYMM,p2,True,False,1,1,2021-10-28,2021-10-NONE,YYMM,CORN NUTS BAR 2021.10.28 H,0.9,False,일만틀림,001446.jpg,2021-10-NONE,640,small,B 1패스엔 있었는데 2패스가 지움
001452,2022-09-13,,YYYY.MM.DD,2021-08-07,SP_DMY,p1@640,False,False,1,1,2021-08-07,2021-08-07,SP_DMY,C 7 || OE1OZ || 00210O || 202 || LHIT THA  HDPE/FPP ||   HA 0 || 080-781-1948 || X1  010  715 0 220 || OEXID VO/NON || HOHO 2101741889 || ND0H 7543720   || 2 E7  8 21 || 3 192 809447 402413 || :20-139-002 || GMP || 48   202209.13x ,2.9,False,전부틀림,001452.jpg,2021-08-07,907,mid,C 후보는 있는데 전부 오답(오독)
001455,2022-04-02,,YYYY.MM.DD,2022-01-02,YYYY,p2,True,False,1,1,2022-04-02,2022-01-02,YYYY,SWIss mIss || Sw || LH88 88A11 200 g EE 4192 847188 20140496065-83 || LHEXH OXHSS 8718282928:82109 9982A4E N882 8198488  4 32 M2X 02-E2  28  8812718.712E0.6   8 E12/E 100   84 34395A 20 7A0 A48   12150  -8881 S8N078550   20  || 0 || EPOH 8 || 202 A0 || 0X84.99885980 EDA AA || 0118 || 8480139 ||  871,3.8,False,월/일틀림,001455.jpg,2022-01-02,640,small,B 1패스엔 있었는데 2패스가 지움
001465,2022-11-18,,YYYY.MM.DD,NONE-11-18,MMDD,p1@640,False,False,1,1,NONE-11-18,NONE-11-18,MMDD,A T S S 202 13:57   3 7 O C 11.18    C   || S,2.8,False,연도만틀림,001465.jpg,NONE-11-18,640,small,C 후보는 있는데 전부 오답(오독)
001466,2020-11-03,,YYYY.MM.DD,2020-01-03,YYYY,erode2/p1@1024,False,False,1,1,2020-01-03,2020-01-03,YYYY,H1  5388 80 || H0lT || HOO || 48 4 ||  C  O  27E MADLCE || 7 10 4040  200.1.03 90T 3E  10 BE || 188 201 5488 ER    312349 || 284449 || 281291 || R  || 1  5888 || H0 || HO || 4 481 W EA 4 OR   EAE || 1 90 3 || O900 E440 A BESEA || XB 1  520  X 0/ 8201 48 3012g2519 0  201  1956200 HACCP || ARBON || 1E,11.1,False,월/일틀림,001466.jpg,2020-01-03,1008,mid,C 후보는 있는데 전부 오답(오독)
001467,2020-11-03,,YYYY.MM.DD,2031-01-16,CMP6_DMY,dilate2/p1@640,False,False,1,1,2031-01-16,2031-01-16,CMP6_DMY,HOlT 31454889 || HO IE || I || 48 N4 HPHMOLD TPHZEAULIEL W89 OWRAE 482880 ZLEBLCE 8 W83E PELO || u || 12M5008400189O 90T 3 || 808 || M SWY ALIOSIVO 48881921488100512 2554 || 48 OO4ERS 1808529 || AMR820 || -138022 || PMOAI ||  || ox 315488 ||   ||  || 49 N HEM T  W OSWRAE 4   8  W83E OLC || 1 || M850,11.5,False,전부틀림,001467.jpg,2031-01-16,640,small,C 후보는 있는데 전부 오답(오독)
001476,2022-05-10,2,YY.MM.DD,2020-11-01,YY,p2,False,False,1,1,2020-11-11,2020-11-01,YY,S T S 1R1  lg  2 2 12484E 32 1 1 8   022824 080-850-1200  cj.co.kr 4 1666-5471 224  4  1748 49 D O  0  IBL OED EIDE REWE 3A 284n 12A CHFELOPE  E X  ||    A G67  2 2  17HOHME  cj.co.kr   294  24 080-850-1200 1666-5471   O PO A oa 242 100  BEW 38 HAAHE ||  4fa  8  || P 2.0510 20. 11. 11A  E || IBL,5.8,True,전부틀림,001476.jpg,2020-11-01,870,mid,C 후보는 있는데 전부 오답(오독)
001477,2022-05-10,2,YY.MM.DD,NONE,,,False,False,0,0,,,,4 16   2872 100  212 ||   1RA aa 2FRSA 0.  ||  PEN E  r O  080-850-1200  C 9E  S 1666.547 0 ZE FRLDPE E30 || 32 dd 1 IB1  E 17X1 ||  96   2  2100  43 ||   ARA  HREA n p 8   ||    BT.K  O  080-50200012   E ASI E 06-50120  HPELDE   || 32 8  IBL  E 77 1 || E4 4 2 ||  AE RA D  C CETEEL  40IENE 43  cco k,15.2,True,NONE,001477.jpg,NONE,640,small,D 후보 없음(미검출/전부 미인식)
001480,NONE,m,none,2020-12-18,YYYY,p2,False,False,1,1,2020-12-18,2020-12-18,YYYY,2 180 || OOFAE || 812F1 400 g 48  2100   OO0 || 02067-23 015-20 104235007X19578 070  2000l0 24 64 O mg E10g 187088 X0 100 9 4E0 mg 100 x O  x0 31    || 2020.12.18 ||  ||  || OTHER,3.2,False,라벨NONE인데답함,001480.jpg,2020-12-18,929,mid,C 후보는 있는데 전부 오답(오독)
001481,NONE-01-31,,MM.DD,NONE,,,False,False,0,0,,,,TME . || 0 0 || E 0 || 4575  1814  814  900 1337500 B.7E || 60 kcal || 20107E1900850 || 01.31708:52 || 2 980 || 0 || C1oe ols 4.980 3 ak || os || Oro || 18 D  E  ||   ||   || 145 5  1488900 g 21814  1814  33712 P.7E || 60 kcal || 8259371 19000860 || 01.317M08:52 || 2.980 ||   ||  O1y 4.980 C DS || o,20.2,False,NONE,001481.jpg,NONE,1008,mid,D 후보 없음(미검출/전부 미인식)
001482,NONE-01-31,,MM.DD,NONE,,,False,False,0,0,,,,0 -  RO 5 || 137 || Q7E || 2159159211900850 || 01.3177 08:52 ||  - R O 6 || 13711 || O.7E || 82598B2E19008600 || 01.3171 08:52 || 60 kca 37 || Q7E || 4598275190086502 || 01.317N08:52 || 1 || 37 || RAE || 01.317W08:52 || 3 || 17 || O7E || 82528 82519003501 || 01.317108:58 || 0 Z 0 R0 || T1 50 || Te 1,8.3,False,NONE,001482.jpg,NONE,640,small,D 후보 없음(미검출/전부 미인식)
001487,2022-12-08,,DD.MM.YYYY,2022-01-08,DMY4,p1@640,False,False,1,1,2022-01-08,2022-01-08,DMY4,EXP:08  1 2022 L.22520 || 4SO8 22  S NEED H5A   70 1000 m 8300 kcal  HCMIG GRAPE SED OUL ||  Acetes desu cosu.SA,2.2,False,월/일틀림,001487.jpg,2022-01-08,640,small,C 후보는 있는데 전부 오답(오독)
001494,2023-08-17,,DD MON YYYY,NONE,,,False,False,0,0,,,,DICHIARAZIONE NUTRL ONILE MEDIA DURCHSCHNITTLICHE AHEWET PELERI 10g || AVERAGE NUTRITIONA DECAATION Energia/Brennwert/Eny Grassi/Fett/Fat 12813 3 || di cui acidi grasse Saturi davon Gesittigte fetsauren 3 || of which Saturated 83 || di cui zuccheri 698 || 8 Protcine Eweif/Proi  of which sugars davon,13.8,False,NONE,001494.jpg,NONE,640,small,D 후보 없음(미검출/전부 미인식)
001511,2023-12-01,,YYYY.MM.DD,NONE-03-22,MMDD,erode3/p1@640,False,False,1,1,NONE-03-22,NONE-03-22,MMDD,n       15701 3 0       n r  3  H   e 660 200 20232.01 AE 94  8652 C  P94      PLO1002003562 ||  4  A  R A  H    w    A. w    660 20.0 202.01 04 882   K94     a  e   PLO0203562 || n o N     44 157701 A   T B  8 : HAN  T n ad 660200 202312.01 A KF94  CH 4  0822 8    PL0100203562 || B  3    03-22 C89 ,10.5,False,전부틀림,001511.jpg,NONE-03-22,640,small,C 후보는 있는데 전부 오답(오독)
001515,2022-08-16,,YYYY.MM.DD,2022-08-18,YYYY,p2,True,False,1,1,2022-08-16,2022-08-18,YYYY,STAZES 281012101 2220 HS S0 344 Comn Starch Taste 2022.08.16 350g  1 260kcal ,1.9,False,일만틀림,001515.jpg,2022-08-18,640,small,B 1패스엔 있었는데 2패스가 지움
001520,2021-07-08,,YYYY.MM.DD,2021-07-10,YYYY,erode2/p1@640,False,False,1,1,2021-07-10,2021-07-10,YYYY, POE TADIE New 42 8282 0 || C  O FE  L10n kca  CM  CALEL ELPOENTE A PRO E H || UEE - CEEH HPA A   1E450 || 2021.97.08 10:09 71 x  || HACCP || OON O H O    o11 130 8 ka O A  51106   ETA EA 20020110328835 2222 8 kcal New 4 OSE 20  || REA E  BOO  0-0- ||     || 2021.97.08 76:89  x ||   N   O  go  A   E,10.1,False,일만틀림,001520.jpg,2021-07-10,1043,mid,C 후보는 있는데 전부 오답(오독)
001521,2021-07-08,,YYYY.MM.DD,NONE,,,False,False,0,0,,,,97   ER EITE WEESON  L SUR  New42 829 A A M C  || DETOAE A 4 C 1 A ||  || 10:05 O7 . O8 774x1  || HACCP MRINNICS || E F  T TE PEESoN T     New   A HA 0 2  || BE  M M  8 ||  || 074:85 .D7. . .08 71x1 || HACCP AR || F AU || CIH :   LEDEFEE || HER T MS AAAA LJTE PReSe HE E || k 2 2 || c8  || 1 || E || ,18.9,False,NONE,001521.jpg,NONE,640,small,D 후보 없음(미검출/전부 미인식)
001523,2021-06-14,2,YYYY.MM.DD,2021-01-15,CMP6_YMD,p1@640,False,False,1,1,2021-01-15,2021-01-15,CMP6_YMD,ZAN 69E   || WO    || 202101.1 210115,3.2,True,월/일틀림,001523.jpg,2021-01-15,640,small,C 후보는 있는데 전부 오답(오독)
001537,2021-02-19,2,YY.MM.DD,2021-02-26,YY,p2,False,False,1,1,2021-01-26,2021-02-26,YY,l0.1 || EI || 4x1 || 81 || t77  Sunce HEALTHY 2010 || SANDWICH HAM AHEIRISH ||  T C || 0.1 || EI || 71x1 || B1 || 7  since HEALTHY 2010 || SANDWICH HAM AHEIH ||  T || 0.135 A4 x801 || 21.01.264 2X1 VEI 81 || t77 HEALTHY || AHERIH SANDWICH HAM ||  1 || 0.1  21.01.264 24 VI 81 || E77 INALTHP || AHCIH ,17.5,True,일만틀림,001537.jpg,2021-02-26,640,small,C 후보는 있는데 전부 오답(오독)
001541,2021-06-13,2,YY.MM.DD,2020-12-14,YY,p2,True,False,2,2,2020-12-14;2021-06-13,2020-12-14,YY,oA Baking0 ||  || 8885 ||    CELDIE Marinade  3 B4A4 XXI  AX || 21.06.13 A1 20.12.14 22:54  E1 919,4.2,True,전부틀림,001541.jpg,2020-12-14,640,small,B 1패스엔 있었는데 2패스가 지움
001548,2022-09-28,2,DD.MM.YYYY,NONE,,,False,False,0,0,,,,uall ||  || NW.240GM || now 71.. || aijb || ecipe || d || uall || d || NW.240GM || 71 || jb || ecipe || s || all ||  rb || NM. 240GM || u 1 || Jiallsyip || r e || NN.240GM || aow Zl || Jallsaip || d || NW.240GM || JO w7. || Jitallsyy ||  o. || NN.240GM || wZl || Jipallsyy || drb || NN.240GM || Jallp,31.1,True,NONE,001548.jpg,NONE,1034,mid,D 후보 없음(미검출/전부 미인식)
001549,2022-09-28,,DD.MM.YYYY,NONE,,,False,False,0,0,,,,a i alls  || B W.0GM || 7.1- || ab dis ale  || N P2G || 71 || a dills || H L.24GM || arb dialsyd || PR0D:23-/093 || HM.240GH || i lls ||  || N M40GM ||  alls || aub || W.240 GM,15.5,False,NONE,001549.jpg,NONE,640,small,D 후보 없음(미검출/전부 미인식)
001550,2021-08-25,,YYYY.MM.DD,NONE,,,False,False,0,0,,,,BEST BEFURE 202170872 || LOT 0238 02:54 4F || BEST BEFURE 202170872 || LOT 0238 02:54 4F || C || BEST BEFURE 2U21708/25 || LOT 0238 02:544F || C || BEST BEFURE-202170872 LOT 0238 02:54 4F || BEST BEFURE 202170872 || LOT 0238 02:54 4F || BEST BEFURE 202170872 || LOT 0238 02:544F || BEST DEFURE 202170,24.2,False,NONE,001550.jpg,NONE,1210,mid,D 후보 없음(미검출/전부 미인식)
001555,2020-06-03,,YYYY.MM.DD,2020-05-03,YYYY,p2,True,False,1,1,2020-06-03,2020-05-03,YYYY,2020    06 03,2.6,False,월/일틀림,001555.jpg,2020-05-03,640,small,B 1패스엔 있었는데 2패스가 지움
001558,2021-12-24,d,DD.MM.YY,2024-12-21,YY,p2,False,False,1,1,2024-12-21,2024-12-21,YY,OPEN AND HEST CLUCK || Skittles || Wang || 07 7 mey || 080-567-9898 ||  0 1399 || 24/12/21 || 320 914973 603035,3.1,False,전부틀림,001558.jpg,2024-12-21,995,mid,C 후보는 있는데 전부 오답(오독)
001562,2022-06-11,,YYYY.MM.DD,2022-06-01,YYYY,p2,False,False,1,1,2022-06-14,2022-06-01,YYYY,Lipton || CI || H || LIPTON TEA || AND FRUIT FLAVOR || 2022 06. 14:21 || 770g 3 157kcal ,3.5,False,일만틀림,001562.jpg,2022-06-01,640,small,C 후보는 있는데 전부 오답(오독)
001563,2020-08-05,2,YY.MM.DD,NONE,,,False,False,0,0,,,, x u1 Jagabee HHOr || OPEN 70 || M5 || x7 u1 Jagabee O || OPEN 7  || 584 || x17u1 Jagabee   || OPEN N 7X7 || 5 || x Z  u1 Jagabe HEOrOr E || NOPEN 7084 || 8 || x 7 u1 Jagabee AHOrOr || OPEN 70 || M58851 || x Z U1 AMYOrOY || OPEN A4449 :798  04 x1 94 4987124c || 8857 || x7  U1 AHYOrOr || OPEN A 47 : ,26.3,True,NONE,001563.jpg,NONE,844,mid,D 후보 없음(미검출/전부 미인식)
001564,2020-08-05,2,YY.MM.DD,NONE,,,False,False,0,0,,,,x    u1 Japahe HHYOOr || OPEN 7NA || xtZhu1 Jagahee H  || OPEN ENA || xF ZH u1 HHOOr || OPEN 4 9711 5 74 || XH ZH U1 AMO || OPEN 4 n849 :78 7184 201 4x1 854 490471 61242h || 50:28:8:85 12:47 J || XF Zh u1 HHO || OPEN 7N || 518080547 || x   u1 Jaugalora HHOOr || OPEN X,13.6,True,NONE,001564.jpg,NONE,640,small,D 후보 없음(미검출/전부 미인식)
001567,2020-04-23,,DD MON YYYY,2020-01-15,YYYY,p2,False,False,1,1,2020-01-15,2020-01-15,YYYY,STRING || STRING CA Cuccce 0 2 CUwe U   23 APR RCM 12 w t T Cr   E   2020 15:54 G ||   C    X || STRING || STRING C44 3ccc Coccccee  CaaA    23 APR RCM2 twwwe  -   w E e G 2020 1 1554 G ||     I  N,4.3,False,월/일틀림,001567.jpg,2020-01-15,640,small,C 후보는 있는데 전부 오답(오독)
001575,2022-03-27,,YYYY.MM.DD,2022-03-22,YYYY,p2,True,False,1,1,2022-03-27,2022-03-22,YYYY,XZL || LHO400  || 3100  || -23.5  || 2022.03.27,1.2,False,일만틀림,001575.jpg,2022-03-22,939,mid,B 1패스엔 있었는데 2패스가 지움
001587,2021-04-20,,YYYY.MM.DD,2021-04-27,YYYY,p1@640,False,False,1,1,2021-04-27,2021-04-27,YYYY,2021.04.27 212.91 || 88  ,1.3,False,일만틀림,001587.jpg,2021-04-27,640,small,C 후보는 있는데 전부 오답(오독)
001591,2021-02-18,,YY.MM.DD,NONE,,,False,False,0,0,,,, 87101 || 21.02.187XI || Homeglus || 921 || H || 18710 || 21.02.187XI || Homeglusus || g24 || H 2 ||  8710 || 21.02.1871XI || 92 || H || ey20 || 21.02.1801XI || 92 || HION ||  87101 || 21.02.1871XI || domeglus || H 921 || 88712 || 21.02.1871XI || Homeplus ||  || HH,5.7,False,NONE,001591.jpg,NONE,640,small,D 후보 없음(미검출/전부 미인식)
001598,2021-03-07,2,YY.MM.DD,2018-02-NONE,YYYYMM,p1@640,False,False,1,1,2018-02-NONE,2018-02-NONE,YYYYMM,1 02012018 No.1 8202201 2018.2  he    || 120 E || D 74x1 || 29t8301 OIN Down || 100 ,1.4,True,전부틀림,001598.jpg,2018-02-NONE,640,small,C 후보는 있는데 전부 오답(오독)
001604,2021-02-24,,YYYY.MM.DD,NONE,,,False,False,0,0,,,,RHI || Bgx IDRSE X || 3931.87477  ||  H || 2421 100  93 ||   E  || RH || EEXI XIDISEX x || RLOAN 2 ||  H || 1 100   ||     || 2HI || Bgx IDASE X || 3931:82479 ||   || 2424 100  913 || I  ||  || 2H || Bg || 2931:847 || RH || Bgx IDISE X || AS 2931.8247 || 9 HI || 2421 100  93 || I4  || 23 || RHI || B,6.8,False,NONE,001604.jpg,NONE,640,small,D 후보 없음(미검출/전부 미인식)
001627,2021-07-03,,YYYY.MM.DD,2022-07-05,YYYY,p2,False,False,1,1,2022-07-05,2022-07-05,YYYY,1232 || 787181 202107.03 12:20 || 742 || RR282 || 2022.07.05,2.0,False,전부틀림,001627.jpg,2022-07-05,640,small,C 후보는 있는데 전부 오답(오독)
001636,2021-12-22,2,YYYY.MM.DD,2023-02-12,DDMMYY,p2,True,True,2,8,2020-12-23;2021-12-22,2020-03-25;2020-12-02;2021-12-22;2023-02-12,DDMMYY;DMY4;YMD_GLUED;YYYY,o8710 || 2021.12.22/25 2020-12 -23.05:32  EI 2212,1.4,True,전부틀림,001636.jpg,2023-02-12,640,small,A 2패스 후보에 정답 있음(선택 실패)
001644,2021-10-16,,DD.MM.YYYY,2021-10-15,DMY4,p1@640,False,False,1,1,2021-10-15,2021-10-15,DMY4,0106-1013 E10:15.10.2021 || g2  ,1.2,False,일만틀림,001644.jpg,2021-10-15,640,small,C 후보는 있는데 전부 오답(오독)
001646,2021-10-12,,YYYY.MM.DD,NONE,,,False,False,0,0,,,,202110 2  || P11 || 2211 2 15 || P  || 202110 2 1 || 202110 2,4.4,False,NONE,001646.jpg,NONE,640,small,D 후보 없음(미검출/전부 미인식)
001649,2019-08-18,,YYYY.MM.DD,2021-01-21,CMP6_YMD,p1@640,False,False,2,2,2019-08-02;2021-01-21,2019-08-02;2021-01-21,CMP6_YMD;SP_DMY,210121 ||  || 427/ 4442 ||   || 4880-0101 || O || 2 8   19g 18  || 0g    g g 0 ,1.0,False,전부틀림,001649.jpg,2021-01-21,1136,mid,C 후보는 있는데 전부 오답(오독)
001689,2021-06-22,,DD MON YYYY,NONE,,,False,False,0,0,,,,aae || BERT 2 JIUIA 06145 2021 || C || BERTL 2N u baras 2031 || aag || BERT JILIN 66145 2021 || aRiig || BERTubopsd || gaig || b6p21 || aETe || DERT 11N 06145 2021,4.8,False,NONE,001689.jpg,NONE,640,small,D 후보 없음(미검출/전부 미인식)
001726,2021-02-16,,YYYY.MM.DD,2021-02-06,YYYY,p2,True,False,1,1,2021-02-16,2021-02-06,YYYY,IN THE GARDEN ||  x1018 SMaE ||    ||  716    E4D8E 40 akcal  || 2021 .02.16XA 87,1.1,False,일만틀림,001726.jpg,2021-02-06,640,small,B 1패스엔 있었는데 2패스가 지움
001745,2022-01-28,2,YYYY.MM.DD,2022-01-NONE,YYMM,p2,False,False,1,1,2022-01-NONE,2022-01-NONE,YYMM,2218 || 2121.011.29.01:14 212.01.28/2N  E1 ||  871 74x1 || 71 01214 22.01,1.8,True,일만틀림,001745.jpg,2022-01-NONE,640,small,C 후보는 있는데 전부 오답(오독)
001748,2019-07-03,2,YYYY.MM.DD,2030-12-14,CMP6_YMD,erode3/p1@1024,False,False,1,1,2030-12-14,2030-12-14,CMP6_YMD,CHEILJEDANG oH  D || At  || LAOIFY || 1     7x 4 44 || 2818:85:15 || 380 g  99 kcal  H99.01     || Latae  CHEILTEDANG oH  Soy ro || MAOIFY  1  frac    712  4444 || 2818:89:15T || 380 g   399 kcal   CHF 99.011     ||  CHEILJEDANG GH  sa || AO1F  1  7 44 F44 || 3813:89:5 || 380  39 kal   99.01    || L,10.3,True,전부틀림,001748.jpg,2030-12-14,1033,mid,C 후보는 있는데 전부 오답(오독)
001749,2019-07-03,,YYYY.MM.DD,NONE,,,False,False,0,0,,,,oH || A CHEILYEDANG MASICH 10  7r   P || 380 g  399 kcal   CH 999.01   2  || H || Aatye CHEILJYDANG A  107      || 380  399 kal  9.01   || oH || La CHEILJEDANG MAEICY 10  f    Po SOY Y FoD ||  || 380 g  399 kcal  CH 999.01   || oHf || La CHERJEDANG MABICY 15   4 LICIOUS dof || 380 g 399 kcal  3818:8,6.8,False,NONE,001749.jpg,NONE,640,small,D 후보 없음(미검출/전부 미인식)
001755,2021-12-05,,YYYY.MM.DD,NONE,,,False,False,0,0,,,,PSTA SAUCE Liart PREMUMPPST SUC C || BEST BEFOE 2022 1525 T 139499202 EST251 || 2 || NO || D || K || ONPSTA SAUCE Cillat PRM PRST S0 || EST REFOR  202 5 bEST RE8955202E57251 ||  ||  ||  ||  R || PSTA SAUCE liart PEMUMPRST SAUC C || HEST BEFORE 2021 25 Lot 94902EST251 ||  U AAS  || dI I OLP 1 HD || 4,8.3,False,NONE,001755.jpg,NONE,640,small,D 후보 없음(미검출/전부 미인식)
001756,2021-12-30,2,YYYY.MM.DD,2021-12-20,YYYY,p2,False,False,2,5,2020-12-21;2021-12-20,2020-12-21;2021-12-09;2021-12-20,DMY4;YYYY,1031 MI Ooaie 7101 21 2020.12.21/09:12 2021.12.20 3  || 8801117 131210 || OFTEO,2.2,True,일만틀림,001756.jpg,2021-12-20,1365,mid,C 후보는 있는데 전부 오답(오독)
001765,2021-09-10,,DD MON YY,2021-09-21,MON_DY,p2,True,True,2,4,2021-09-10;2021-09-21,2021-09-10;2021-09-21,D_MON_Y;MON_DY,10/SEP/21 I 21:36 A A A 2 2 2 A 2  A   a  P,2.1,False,일만틀림,001765.jpg,2021-09-21,1008,mid,A 2패스 후보에 정답 있음(선택 실패)
001768,2021-06-29,2,YYYY.MM.DD,2020-12-30,YYYY,p2,True,False,2,2,2020-12-30;2021-06-29,2020-12-30,YYYY,x6000s holeaBl || 2020.12.30/08: 19 2021.06.29/A   25  7740,1.5,True,전부틀림,001768.jpg,2020-12-30,640,small,B 1패스엔 있었는데 2패스가 지움
001769,2021-12-22,,YY.MM.DD,2021-12-02,YY,p2,False,False,1,1,2021-12-01,2021-12-02,YY,LOTTE || Sok  21.12.  1 0 22T 11 x  facebook  o710 ,1.4,False,일만틀림,001769.jpg,2021-12-02,1008,mid,C 후보는 있는데 전부 오답(오독)
001770,2019-10-18,2,YY.MM.DD,2019-04-19,YY,p2,False,False,1,1,2019-04-19,2019-04-19,YY,Pulmuone || 19.04.19 15:37 ||   19.10.181 T  || E2 450 g 607 kcal  0747 00 7 || 2,1.1,True,월/일틀림,001770.jpg,2019-04-19,979,mid,C 후보는 있는데 전부 오답(오독)
001776,2021-04-05,,DD.MM.YYYY,2021-04-02,DMY4,p2,False,False,1,1,2021-04-02,2021-04-02,DMY4,Lomie R CKR 05 Sauce  Chill Powder A2 04 2021 32 05 soy || t Noodles || reng || Noodles aut es-,1.7,False,일만틀림,001776.jpg,2021-04-02,1112,mid,C 후보는 있는데 전부 오답(오독)
001787,2020-12-NONE,,MM.YY,NONE-12-20,MMDD,p2,False,False,1,1,NONE-12-20,NONE-12-20,MMDD,Hier offnen || DrOetker VITALIS Knusper 12.20 L3101 || ta no || Honeys,1.4,False,전부틀림,001787.jpg,NONE-12-20,946,mid,C 후보는 있는데 전부 오답(오독)
001788,2020-12-NONE,,MM.YY,NONE-12-20,MMDD,p2,False,False,1,1,NONE-12-20,NONE-12-20,MMDD,Hier offnen || etker VITALIS Knusper Honeys  12.20 L310 1 || Mnethe Mor,1.4,False,전부틀림,001788.jpg,NONE-12-20,640,small,C 후보는 있는데 전부 오답(오독)
001791,2020-08-13,,YY.MM.DD,2020-08-01,YY,p2,True,False,1,1,2020-08-13,2020-08-01,YY,Ha 2 14844  80 IHRIANESREA L   O 1N4 SR RENRSER 1NS 41 101 R2 2e 91818 16-54718 080-850-1200 O   1O EANRNS 14880g20g0 1/20geMical || OE  || 20.08. 13 F1 || 21 8801007811192,2.2,False,일만틀림,001791.jpg,2020-08-01,864,mid,B 1패스엔 있었는데 2패스가 지움
001797,2020-05-26,2,YY.MM.DD,NONE,,,False,False,0,0,,,,HERSHEY S RICH CHOCOLATE CAKE 20:12: C  1 x  HE || PU E || P || RICH CHOCOLATE CAKE 20:13:26 A   x  E || 2  || . || RICH CHOCOLATE CAKE 28:13:26 A 7x11  EI || HERSHEY S RICH CHOCOLATE CAKE 20:13:266 D   X   E || 10 - || RICH CHOCOLATE CAKE 20:13:26 a   x  GE || HERSHEY S RICH CHOCOLATE CAKE 20:15:26,9.9,True,NONE,001797.jpg,NONE,1134,mid,D 후보 없음(미검출/전부 미인식)
001798,2021-10-10,,YYYY.MM.DD,2021-10-14,YYYY,p2,False,False,1,1,2021-10-14,2021-10-14,YYYY,WAFERROLL || X/0 LIELIAIOP N875 ||  115 g 560 kcal    0.54  || ZXP :2021/10/14 No Brand || 14J109,1.1,False,일만틀림,001798.jpg,2021-10-14,822,mid,C 후보는 있는데 전부 오답(오독)
001802,2021-05-03,,YYYY.MM.DD,2021-08-05,DMY4,p2,False,False,1,1,2021-03-05,2021-08-05,DMY4,05.03.2021 || KEs9 || 20 2 2  A  2 2 2 C  E   ,1.4,False,월/일틀림,001802.jpg,2021-08-05,640,small,C 후보는 있는데 전부 오답(오독)
001806,2020-11-09,2,YY.MM.DD,NONE,,,False,False,0,0,,,,20:11:19 88010622 014675 DA A 080-024-6060 NN838 SEIR || 3.98D B-801002014675 DA EEE 080-0020 N T || 20.17:19 8 8010622014675 DA 76 BE  080-0246060 ANN SEIR || 20.17:9 88010622014675 DA NE 080-024-6060 ANETY SEIRA || 30:11:19 8 801062014675 DA EF XN 080-022-6060 NR348 SEIR || 30.92:89 8 801062201467,5.1,True,NONE,001806.jpg,NONE,640,small,D 후보 없음(미검출/전부 미인식)
001811,2023-10-22,,YY.MM.DD,2023-10-02,YY,erode2/p1@640,False,False,1,1,2023-10-02,2023-10-02,YY,BEST BY 23 10. 22 || BEST BY 23  10. 22 || BEST BY 23. 10. 2,2.0,False,일만틀림,001811.jpg,2023-10-02,640,small,C 후보는 있는데 전부 오답(오독)
001815,2022-06-07,,YYYY.MM.DD,2020-02-06,CMP6_YMD,p2,True,False,1,1,2022-06-07,2020-02-06,CMP6_YMD,9 H    O 392 oo  CE LUNEE   4 010 8 215 kcal 10 || 801161501663 || 202206.07 TEA || EEL L RA   2 GO    T K o   21 keal 10 || 801161 50163 || 202.06.07 1A || M  o C P ET  4890/10 8215 kcl || S01161-5016 || 202206.07 || THL ASTE TLaL 1 2 d || 202206.07 || HEEBEE EPE ERT 80/1N 215 kcal || 2022.06.07,4.7,False,전부틀림,001815.jpg,2020-02-06,640,small,B 1패스엔 있었는데 2패스가 지움
001817,2021-04-14,2,YY.MM.DD,2021-01-16,YY,blur1/p1@640,False,False,1,1,2021-01-16,2021-01-16,YY,100 713 ||  53   OTHER 409   OA Y   48  J1R 40 IRSOHAOR TEE AE ET M 35g  01E  488165  dio.kr 080-500-1200 166-54108 8801391102 2 A  6 10814 0 || since 1954 || 100  ||    59  OTHER    T     A A 817y 48  IEOP  T AFT   P  1488   .k 080-8500-1200 166-547108 880139110271 2    0   || since 194. || 100 749,6.9,True,월/일틀림,001817.jpg,2021-01-16,640,small,C 후보는 있는데 전부 오답(오독)
001818,2022-01-18,,YYYY.MM.DD,2021-01-19,YYYY,p2,True,False,2,2,2021-01-19;2022-01-18,2021-01-19,YYYY,:28947795090288875.0 || 2   MF  488 U2AE94  454 482948 057 88AA8484  02205 2021.01.19 2022.01.18 45.4270 R,4.1,False,전부틀림,001818.jpg,2021-01-19,1049,mid,B 1패스엔 있었는데 2패스가 지움
001832,2022-09-02,2,YYYY.MM.DD,2020-09-02,YYYY,p1@1024,False,False,1,1,2020-09-02,2020-09-02,YYYY,Tttca0 || 00100  2022.09.0 BUK26 2309 || 10tca0 || 0100   2020.09.02 2309,2.2,True,연도만틀림,001832.jpg,2020-09-02,1316,mid,C 후보는 있는데 전부 오답(오독)
001833,2022-09-02,,YYYY.MM.DD,NONE,,,False,False,0,0,,,,O0co || 2309 || 8.2 BUK26 || cf00   ||  || 230 9 || 3:88  BUK26 || Ochf 100   || 230 9 || 328 BUK26 || Ocf00   || 27 || 2309 || 2.8:9 BUK26 || ctf10   || 2309 || 82 BUK26 || Ocof 100   || O7c || 2309 ||  BUK26 || cof 100  ,4.7,False,NONE,001833.jpg,NONE,640,small,D 후보 없음(미검출/전부 미인식)
001835,2022-07-12,,YYYY.MM.DD,NONE,,,False,False,0,0,,,,122.07 120171,4.0,False,NONE,001835.jpg,NONE,640,small,D 후보 없음(미검출/전부 미인식)
001846,2021-09-23,,YYYY.MM.DD,2023-12-09,CMP6_YMD,p2,False,False,1,1,2023-12-09,2023-12-09,CMP6_YMD,VF || SxFaaB || 0.81315   || EXP:2021709/23 || 231209 || 000000843254,1.1,False,전부틀림,001846.jpg,2023-12-09,1253,mid,C 후보는 있는데 전부 오답(오독)
001852,2022-08-13,,YYYY.MM.DD,NONE,,,False,False,0,0,,,,3 || EXP || 08 18 || 714377504332 || LOT: || ED4891 || EXP: || U.U 08 13 || 47143775043321 || LOT || ED4891 || EXP: || O 08 13 || EXP || 4714377504332 || LOT: || ED4891 || EXP: || 08 13 || O || 3 || 71437750433 || EXP || 08 13 || 71437711504332 || LOT: || 4891 || EXP: || 08 18 || EXF || 18 || 714377,10.6,False,NONE,001852.jpg,NONE,1188,mid,D 후보 없음(미검출/전부 미인식)
001853,2022-08-13,,YYYY.MM.DD,NONE,,,False,False,0,0,,,,S || 8 || 8 || S || 8 || 18 || EXP || 08 || 8 || 8,4.5,False,NONE,001853.jpg,NONE,640,small,D 후보 없음(미검출/전부 미인식)
001854,2022-01-18,,YYYY.MM.DD,2022-12-10,YYYY,p1@640,False,False,1,1,2022-12-10,2022-12-10,YYYY,4889  01 || 488   || 69  8. || 571 70A   S 2 2022.   12 10  L O  0 H9 11 000  21     PE  02-3431-0100  20170275127-21 A11 2 2135C  01.18 717 SA a,2.7,False,월/일틀림,001854.jpg,2022-12-10,1344,mid,C 후보는 있는데 전부 오답(오독)
001860,2022-07-06,,YY.MM.DD,2030-10-05,CMP6_YMD,erode2/p1@640,False,False,2,2,2030-10-05;NONE-07-08,2030-10-05;NONE-07-08,CMP6_YMD;MMDD,T491 || AO || AANE SANG || 4   || e || 8 || ie || 42 || 0 || 4 080-996-77 || OO  LH8 500 mLE1 g 1.08 m  100 g 900 kcal ||    4 EA E AN .13 E S || ww.fontarastyle.com 07 || 00709 00 0D ||  ||  || 2RN ||   ||  || 3 || H || T || AOE ||  080-6-7 || GO 8L48 500 m 0O meLit g 108 n 100 g 90 cal ||    y   E,5.2,False,전부틀림,001860.jpg,2030-10-05,640,small,C 후보는 있는데 전부 오답(오독)
001864,2023-08-04,,DD.MM.YYYY,NONE,,,False,False,0,0,,,,T4e  JJENTIA TT || L NERODI SSEPPIA || 4.0308 || A  A   o ESTHE 2S909 04108/2023 L2172 || 1Is || 1991 ||        IH in ||  n RATE 40 2 || I6HIKA 9 3 1  || 6T3eE SIENTIA  ||  ND DISSEPPIA || 4 ||      FO E 590 0408/2023 L2172 || T089 || 795  ||    CE S M E IN IN 16 ||  - CE R  2 ||  1482 1  || 6TIE  |,8.5,False,NONE,001864.jpg,NONE,640,small,D 후보 없음(미검출/전부 미인식)
001868,2022-07-NONE,,MON YYYY,NONE,,,False,False,0,0,,,,12 ||  1820 || 4E1026 || 17X || P031 || TO R  4H29 || 41026 || 17X ||     || 422RW || L2 ||  E1026 || 1TT ||  ||  || T,4.4,False,NONE,001868.jpg,NONE,640,small,D 후보 없음(미검출/전부 미인식)
001871,2022-11-10,2,YYYY.MM.DD,2020-11-10,YYYY,p2,True,False,2,2,2020-11-10;2022-11-10,2020-11-10,YYYY,ED FOR /EMBALLE POUR || ITeWG  || EXP.2022/11/10  Y/M/D  PR0:2020-11/10 e visit www.real- rec.pes Bang Kho Laem  Bangkok 10 || PBAGRB326/H1,1.4,True,연도만틀림,001871.jpg,2020-11-10,1408,mid,B 1패스엔 있었는데 2패스가 지움
001874,2021-10-22,d,DD.MM.YY,2022-10-21,YY,p2,False,False,1,1,2022-10-21,2022-10-21,YY,H2 8:702 || KAKAHALIGER FLING 10 Uatate || OOZH || E120mg 6  123g 38  8100.59 101  || EC OIN FOURRAGE AU CACAID 10 - 0mg 0  6.89 13  09 .89 12  raite piled || tr || n || 570 211 201 || 22.10.21,1.7,False,전부틀림,001874.jpg,2022-10-21,1222,mid,C 후보는 있는데 전부 오답(오독)
001875,2022-10-21,,YY.MM.DD,2021-12-01,CMP6_YMD,p2,True,False,1,1,2022-10-21,2021-12-01,CMP6_YMD,RL || C 83 || 570 211 201 22.10.21,1.2,False,전부틀림,001875.jpg,2021-12-01,640,small,B 1패스엔 있었는데 2패스가 지움
001878,2021-11-03,,DD.MM.YYYY,2021-01-03,DMY4,p1@640,False,False,1,1,2021-01-03,2021-01-03,DMY4,BE A  || 03/1/2021 H3 18:22 ||  2 2    F,1.2,False,월/일틀림,001878.jpg,2021-01-03,640,small,C 후보는 있는데 전부 오답(오독)
001880,2024-09-01,,YYYY.MM.DD,NONE,,,False,False,0,0,,,,8 98  || 29815 ||  A || P 80497 ||  I S P || 9981 || R   || ae 80497 || 2 || 2II09 || Pe || ee || VIEOP || P 06 7W ||  || SN || WO E || PO,5.0,False,NONE,001880.jpg,NONE,640,small,D 후보 없음(미검출/전부 미인식)
001884,2021-09-09,,DD.MM.YYYY,2021-09-11,DMY4,p2,True,False,1,1,2021-09-09,2021-09-11,DMY4,GALLETAS CON ARA || MISCOITONS COM ARANDOS || B E O    O   HE  B0g    35   MOKA : suchympt CIASTECKAZ  ZURAWINA es e COOKIE URI DE AFINE o   ||  2003JL 0913:11 09/09/2021 L.20-3636 80ge,1.5,False,일만틀림,001884.jpg,2021-09-11,640,small,B 1패스엔 있었는데 2패스가 지움
001899,2021-11-29,,MON DD YYYY,NONE-12-17,MMDD,erode2/p1@640,False,False,1,1,NONE-12-17,NONE-12-17,MMDD,BBE:NOU 29 2021 || HEE EAE E || 27 || FXE LE7 142H AE 51 EAI A   AA HH-AC- 8 g87al 4 4 4 e 74  || BBE:NOU 29 2021 || A  A 2   20 7 42 51 00104 || 488 E4E8 JAHF2 MR-38 APR-4 MAJN- G9. 00 g387kcal 9 OCT-109NO/-1DEC-2 RAR6 4e 49 -N8 H  E || BE NOU 29 2021 || H  A   0   S1 0 0  || 488 RHEB  WAR A AJ A 0,5.3,False,전부틀림,001899.jpg,NONE-12-17,1415,mid,C 후보는 있는데 전부 오답(오독)
001900,2021-11-29,,YYYY.MM.DD,NONE,,,False,False,0,0,,,,BBENOU 29 2021 || LF0517 CEE 48548 38 ENTEN2 ASWEA A -44 ENA RER SA US NT E 4 1452 S   || 81 9640 1 531 || 1411 || BSENOU 29 2021 || T10512 L 40848  T A A -8 E  33 Ns N TE 4 BA 2 a || 1 6 4 I LET || 1411 || BSE-NOU 29 2021 || . || 25 CRAENE RER204  || 1 IO T || 030 UE || R0 || B || 8459 || BRENGU 29,7.0,False,NONE,001900.jpg,NONE,640,small,D 후보 없음(미검출/전부 미인식)
001924,2022-01-21,b,YYYY.MM.DD,NONE,,,False,False,0,0,,,,CASHLEWANUT Roasted || 77HA4 || HALE100  || CACHEWAUT Roasted || 707H4 7HALE100  300g EC || ORSHENUT Roasted || 72714 HALE100  3 0  300g  g S || CASHLEWANUT Roasted || 77HL HALE100  300g || CANIEWAUT Roasted || 77HAL || 7HLE100  || CASHEWNUT Roasted || F || 707HAL FH4LE100  300g || CACHEWAUT Roasted,9.5,False,NONE,001924.jpg,NONE,1245,mid,D 후보 없음(미검출/전부 미인식)
001925,2022-01-21,,YYYY.MM.DD,NONE,,,False,False,0,0,,,,Roasted || SEDa || 707HA4 HAE10  300g Q2 || Roasted || GER || 7A HAL100  3 300g OLEe || Roasted || DAE || 707H44 7HLE100  8 Qd ET2A || Roasted || 7074 1E10093 3000 || Roasted || 707HA4 THALE100  300g E OE4 || CANREWNUT Roasted || E || 707HA4 H100  300g eL2 ,4.2,False,NONE,001925.jpg,NONE,640,small,D 후보 없음(미검출/전부 미인식)
001942,2022-05-27,,DD.MM.YYYY,2021-12-20,CMP6_YMD,p1@640,False,False,1,1,2021-12-20,2021-12-20,CMP6_YMD,BE 27 02022 211220:B5CIA || ABI || FREE FROM GLUTEN,0.9,False,전부틀림,001942.jpg,2021-12-20,640,small,C 후보는 있는데 전부 오답(오독)
001944,2023-09-29,t,YYYY.MM.DD,NONE,,,False,False,0,0,,,,BLACPITE 0316 EST EFORE 2-9-990951 || U PITED 21 ET RE 23-055 || BLAC PITED 8 02066 BEST EFORE: 21223-19-29 -09:50 || BUD PITE N 866 EST E512-9-3  9.5 || BLAC PITE 240/016002816 BEST EFORE 2-9-29 -09:59,3.8,False,NONE,001944.jpg,NONE,640,small,D 후보 없음(미검출/전부 미인식)
001945,2021-08-NONE,,MM.YYYY,NONE,,,False,False,0,0,,,,HSN || Dcn : || Best before end: || Mindestens haltbar bis Ende: || Cn nmnt: || A cn  ec  || Ten minste houdbaar tot einde: || 08 2021 || 063 2 || Dc n || Best before end: || Mindestens haltbar bis Ende: || Con : || A coner de p  rence avant fin: || Ten minste houdbaar tot einde: || 08 2021 || 63 20,12.6,False,NONE,001945.jpg,NONE,1276,mid,D 후보 없음(미검출/전부 미인식)
001946,2021-08-NONE,,MM.YYYY,2021-02-08,SP_DMY,erode2/p1@640,False,False,1,1,2021-02-08,2021-02-08,SP_DMY,Da onsuman: Best before end: Be efo bs nde: Be. Aon  nde. 8 2 O 2 1 || O 6 3 2 A || s onutne: Best beore enda Bn ebnde Mn C 8 2 o 2 1 || O 6 3 2 . || Da cnsumareine: Ben befois Ende Best before end: Be o  e Acen Acomommrtt ende: 8 2 O 21 || 06 3 2 P,4.1,False,월/일틀림,001946.jpg,2021-02-08,640,small,C 후보는 있는데 전부 오답(오독)
001947,2022-08-10,2,DD MON YYYY,2020-08-10,CMP6_DMY,p2,False,False,1,1,2020-08-10,2020-08-10,CMP6_DMY,f Net weight 300g / 549keal || EXP:10 AU6 2022 || Ma a ae MF6:10 AUG 2020 LOT:BE/VCCS-100820: 10-B05,1.7,True,연도만틀림,001947.jpg,2020-08-10,1232,mid,C 후보는 있는데 전부 오답(오독)
001954,2021-10-NONE,,MON YYYY,2027-10-NONE,MON_Y,p2,False,False,1,1,2021-07-04,2027-10-NONE,MON_Y,Aconsommer de preference Cholestirallesterol mg OCT 2021  7  T 4E 213mg 11  29 7  19 8871   g 8  89 Poid net NeWeittogewicht:   H W    BICUTERE DE L PINTE DU RAZ A H    40g 1 EMB 29 168 A   4ig 40g  185kcal  3g 5  g g 40  3488430 011402  is exxtra fi,2.8,False,연도만틀림,001954.jpg,2027-10-NONE,640,small,C 후보는 있는데 전부 오답(오독)
001962,2027-03-21,,YY.MM.DD,2022-10-12,CMP6_DMY,p2,True,False,2,2,2022-10-12;2027-03-21,2021-11-01;2022-10-12,CMP6_DMY;SP_YMD, || 27/03/21 11:01 || 121022LUC1 HC1,1.2,False,전부틀림,001962.jpg,2022-10-12,640,small,B 1패스엔 있었는데 2패스가 지움
001969,2021-08-NONE,,MM.YYYY,2030-02-02,SP_DMY,p2,True,True,2,2,2021-08-NONE;2030-02-02,2021-08-NONE;2030-02-02,MMYYYY;SP_DMY,Best Before 08/202  2 || 036CAALB03 || 4141 9 7 A ||  A N ||  S A  B CO B    B  8 || FRUSU || Best Before 08/2021  m || 036CAALB03 || 41419 71474 ||  B   PA  A  B A C B 2  B 2 2 30    0 C,5.3,False,전부틀림,001969.jpg,2030-02-02,1423,mid,A 2패스 후보에 정답 있음(선택 실패)
001975,2021-02-26,d,DD.MM.YY,2026-02-21,CMP6_YMD,p2,False,False,1,1,2026-02-21,2026-02-21,CMP6_YMD,DOMATES CORBASI Icindekil  || a || . || Bsi Ogeleri 0  i || 2 0   0  3 erdigimizi geke || Doymus ya Karbonhidrat 0 6g 0 6g 0 2g 1 1 g 1 6g 1 4g 2 9g 0 5g   4 il6 Yaklasik 4 Porsiyon Gida isletn ve Ticaret Dr. Adnan buyukdeniz Cad || ge SA1 P.NO:1398 TETT 26.02.21 || 7A mondi Mondi Kalenobeel 6006378,2.4,False,전부틀림,001975.jpg,2026-02-21,1448,mid,C 후보는 있는데 전부 오답(오독)
001976,2026-02-21,,YY.MM.DD,NONE,,,False,False,0,0,,,,DMATES CORBASinker Tor ||   onsantre ben kerevhau || Kaynayana kadar kanstiralim  || . || n Ogeleri Boymus yag bonhidrat Enerji ve kcaio  s kcal/ 230 K coorba icin 0 2g r  2 9g verdigimizi gostermektedir Y akaorsiyon 3 .3 3 Gida isletn ve Ticaret Dr. Adnan buyukdehiz || tein ge OT 0.69 0.6g SETTN  |,12.6,False,NONE,001976.jpg,NONE,640,small,D 후보 없음(미검출/전부 미인식)
001979,2020-11-04,,YYYY.MM.DD,NONE,,,False,False,0,0,,,,,3.8,False,NONE,001979.jpg,NONE,640,small,D 후보 없음(미검출/전부 미인식)
001981,2022-10-15,,YYYY.MM.DD,2019-01-11,CMP6_YMD,p2,False,False,1,1,2019-01-11,2019-01-11,CMP6_YMD,MP19011 || A71202210.15   || MP190111 || A202210.15,1.6,False,전부틀림,001981.jpg,2019-01-11,640,small,C 후보는 있는데 전부 오답(오독)
001987,2021-12-28,,YYYY.MM.DD,NONE,,,False,False,0,0,,,,OEF BIOYUG CARAMEL 3F2F0  HAA 08 S010 || 2830 || o || W 1 000 || ilk 7 CH4.64   90gC05 kal || 701    3.31   || BIO YUGA CARAMEL 8 PP2FOy 3F Brolo HA4 010 x00 F ||   202 12. 2 || 31019 || W 1 000 || ilk 712712 2   CH  4.64   90g 105 kcallZr || 7    3.31   || BIOOYUGA ARAMEL 8 MDF21 2F Grolg PAM 0011 ,15.6,False,NONE,001987.jpg,NONE,1310,mid,D 후보 없음(미검출/전부 미인식)
001988,2021-12-28,,YYYY.MM.DD,NONE,,,False,False,0,0,,,,BIO CARAMEL YUGA SF2FON H || 3 202 18350 || filk W 1 000 K 0 z  08.CHE 4 64   8 903 || BIOR  CARYAMELS YUGA Fkoy R || 3 2025 28380 || ilK W V1 000 L11 8 1x1  98.cH 464  1 21 9C3 || BIO CARAMEL YUGA SF2rOu 4A || 28a0 || W 1 000 903 05 kca || X || ilk || BIO ARAMEL YUGA || W 1 000 9Cg 05 kce || BIO CA,6.9,False,NONE,001988.jpg,NONE,640,small,D 후보 없음(미검출/전부 미인식)
002001,2022-01-27,,YYYY.MM.DD,2022-02-01,YYYY,p2,True,False,1,1,2022-01-27,2022-02-01,YYYY,RAN Mo Korea || tional M Macaroni Corn Snack || S || X /84 g  293.9 kcal  7LIC || QATHO 12 58   || 2022. 01.27DE,1.2,False,월/일틀림,002001.jpg,2022-02-01,1400,mid,B 1패스엔 있었는데 2패스가 지움
002008,2022-01-14,,YYYY.MM.DD,2029-12-NONE,YYMM,p1@640,False,False,1,1,2029-12-NONE,2029-12-NONE,YYMM,Sweet Taste ||    90     i aouUs-nau / ingredients Coconut 90  sugar 9  salt ||  7 29/12 m ||  12140 || lucky 7 food co..Itd || amai lardloomkaew pathumthan || BEST BEFORE || 37300037 202201/14 || CT OF THAILAND,1.8,False,전부틀림,002008.jpg,2029-12-NONE,640,small,C 후보는 있는데 전부 오답(오독)
002011,2020-06-30,,YYYY.MM.DD,NONE,,,False,False,0,0,,,,2020.C6.30 || 2020.C6.30 || 2020. C6.30 || 2020.C6.30 || 2020.C6.30 || 2020.C6.30 || 2020.C6.30 || 2020.C6.30 || 2020.C6.30 || 2020.C6.30 || 2020.C6.30,8.6,False,NONE,002011.jpg,NONE,1236,mid,D 후보 없음(미검출/전부 미인식)
002012,2020-06-30,,YYYY.MM.DD,NONE,,,False,False,0,0,,,,2020.C6.30 || 2020.C6.30 || 2020.C6.30 || 2020.C6.30 || 2020.C6.30 || 2020C6.30,4.0,False,NONE,002012.jpg,NONE,640,small,D 후보 없음(미검출/전부 미인식)
002015,2023-06-28,,YYYY.MM.DD,2023-08-28,YYYY,p1@640,False,False,1,1,2023-08-28,2023-08-28,YYYY,HHCSHE Band ||    2191 || H  www.banddotor.co.kr   101 201. H  AB S  S     d  S L 8E 518 1o  || 2023.08.28 E220062 9,1.8,False,월/일틀림,002015.jpg,2023-08-28,640,small,C 후보는 있는데 전부 오답(오독)
002026,NONE,,none,2020-01-03,YY,p2,False,False,1,1,2020-01-03,2020-01-03,YY,  D A     FA  || 20.01.03.13:04 S EFE P    D        ,1.9,False,라벨NONE인데답함,002026.jpg,2020-01-03,640,small,C 후보는 있는데 전부 오답(오독)
002052,NONE-04-14,,MM.DD,NONE,,,False,False,0,0,,,,Expiny Date 04 13:45 1 4 JK 45 TAI 2 || Coy || Denmar QIE2GI || Mint || SINCE || 2007 || PREMIUM || LATTE || Expiry Date 04 13:45 1 4 JK 4E DIAI 2 || co || Denmark DIE2a || Mint || SINCE || 2007 || PREMIUM || LATE || Expiry 8 Date 04 13:4   1 4 5 JK ofs DIAI 2 || Coy || Denmar QIE2FGI || Mint || SIN,8.1,False,NONE,002052.jpg,NONE,640,small,D 후보 없음(미검출/전부 미인식)
002054,2021-12-NONE,,MM.YYYY,NONE,,,False,False,0,0,,,,00 g: || ergi/ || 51 g/r || fett / 31 g/r 0469201028721 EAI || ited Kingdom: 4 New Square  8 0g/r 0 06 g/r 15g/r Best before end: L5640305 06:39 S 8 || 1 0g/r 12 2021 || u Aficaty Lt. 4 Bree Consumir preferentemente antes del fin de/ || Parasta ennen loppua / B st f re utgangen av / ToAeH || Distbue,24.8,False,NONE,002054.jpg,NONE,887,mid,D 후보 없음(미검출/전부 미인식)
002055,2021-12-NONE,,MM.YYYY,NONE,,,False,False,0,0,,,,0 g: || gi/ 2433 kJ/k x/ || d Kingdom: 4 New Square  Ireland PO BOX 13038   Africa Pty  Ltd.  4 Bree : Lindt   Sprungli  Espana  stribueras av / Markkinoija: T a Tp  6A  SE-169 72 Solna. en lugar fresco y seco./ 1 0g/r 0 06 g/r 15g/r 51 g/r   Consumir preferentemente antes del fin e/ 12 2021 L5640 3,11.6,False,NONE,002055.jpg,NONE,640,small,D 후보 없음(미검출/전부 미인식)
002061,NONE-04-17,,MM.DD,NONE,,,False,False,0,0,,,,1 s ot CERE OTHER B OH || 1 S  OTHRRE  OTHER 8  || OTER || OgA DH2R || DERE0 || T || LFPA || DHS || 04  177K115:59 || CrP || A || ChE OTHER A OH,4.8,False,NONE,002061.jpg,NONE,640,small,D 후보 없음(미검출/전부 미인식)
002062,2023-02-NONE,,MM.YYYY,2020-02-NONE,MMYYYY,p2,True,False,1,1,2023-02-NONE,2020-02-NONE,MMYYYY,mmmmaADOC || LOT 502337-04 || EXP 02/2023 || SOLGAR || 1947 || Non-GMO || SUITABLE,1.1,False,연도만틀림,002062.jpg,2020-02-NONE,794,mid,B 1패스엔 있었는데 2패스가 지움
002081,2019-09-16,2,YY.MM.DD,2019-06-17,YY,fullres/p1@1024,False,False,1,1,2019-06-17,2019-06-17,YY,CHEILTEDANG || 248 AH100 2 || 19.06.174E1B tk1R1 HF AHEOMRLE / 53  350 || 19.09.1671TI || L 0 10 C 19 14 DEE FUR NE     E EUE 21 00424 20  4 23 FNE   880 11 1027 15 080-850-1200 || CHEILJEDANG ||  48 100  || HA1 1E || 19.06.174E1B 19.09.1671TI Ht || /  53  || AE  0 4 350 ||  0 10 C ONE  || 1    PA  ,6.7,True,월/일틀림,002081.jpg,2019-06-17,1047,mid,C 후보는 있는데 전부 오답(오독)
002084,2020-11-06,,DD.MM.YYYY,2020-03-13,DMY4,p2,True,False,2,2,2020-03-13;2020-11-06,2020-03-13,DMY4,trolandon en  c  m  ren   ha  pn Be || B || L00730303G8 Best before: 06/11/2020 Prod date: 13/03/2020 || 613036932158,1.4,False,월/일틀림,002084.jpg,2020-03-13,640,small,B 1패스엔 있었는데 2패스가 지움
002102,2021-12-25,,YYYY.MM.DD,2021-02-11,SP_YMD,p2,False,False,1,1,2021-12-19,2021-02-11,SP_YMD, 211219 I,1.0,False,월/일틀림,002102.jpg,2021-02-11,1274,mid,C 후보는 있는데 전부 오답(오독)
002103,2021-12-25,,YYYY.MM.DD,2021-12-19,CMP6_YMD,p1@640,False,False,1,1,2021-12-19,2021-12-19,CMP6_YMD,211219 I1,0.9,False,일만틀림,002103.jpg,2021-12-19,640,small,C 후보는 있는데 전부 오답(오독)
002125,2021-04-21,,DD MON YY,2021-04-24,D_MON_Y,p2,False,False,1,1,2021-04-02,2021-04-24,D_MON_Y, APR/2 ||  2 2 D  || BEST BY 2 APR/21 || 8 || S E 2 M  || 1 a,2.1,False,일만틀림,002125.jpg,2021-04-24,959,mid,C 후보는 있는데 전부 오답(오독)
002126,2021-04-21,,DD MON YY,2021-04-02,D_MON_Y,p1@640,False,False,1,1,2021-04-02,2021-04-02,D_MON_Y,BEST BY 2 APR/21 ||   A 0 B,1.0,False,일만틀림,002126.jpg,2021-04-02,640,small,C 후보는 있는데 전부 오답(오독)
002133,2021-10-04,d,DD.MM.YY,NONE-10-21,MMDD,p1@640,False,False,1,1,NONE-10-21,NONE-10-21,MMDD,04-10/21 FROA16T-2 ||  GZ6  Z20l MMIT 0Z,1.0,False,전부틀림,002133.jpg,NONE-10-21,640,small,C 후보는 있는데 전부 오답(오독)
002147,2022-07-26,,YYYY.MM.DD,2022-07-02,YY_LEAD0,p2,True,False,1,1,2022-07-26,2022-07-02,YY_LEAD0,48O H LH88 1509 || OCEAN SPRAY CRANBEE || 00 4  2154 ||   || H PET 871  PP   262 O0 || 2022.07.267,1.1,False,일만틀림,002147.jpg,2022-07-02,640,small,B 1패스엔 있었는데 2패스가 지움
002148,2022-01-03,,YYYY.MM.DD,2022-01-01,YYYY,erode2/p1@1024,False,False,1,1,2022-01-01,2022-01-01,YYYY, EDIEMOIAE  3.8   9g || E0LE H13Y EDEMIAE  4 43.  9g || EOLE   E  Q4J E. 9g || E  EDEIE 3.8  9g || OLA QUI || DEMIA  43.8  9g || 2022.01.012,4.5,False,일만틀림,002148.jpg,2022-01-01,990,mid,C 후보는 있는데 전부 오답(오독)
002152,2019-07-11,2,YY.MM.DD,2019-07-18,YY,p2,False,False,2,2,2019-06-12;2019-07-01,2019-06-12;2019-07-18,YY,19.06.12 || 19.07.1 B || EH,0.8,True,일만틀림,002152.jpg,2019-07-18,1189,mid,C 후보는 있는데 전부 오답(오독)
002153,2019-07-11,2,YY.MM.DD,2019-07-18,YY,p2,True,False,2,4,2019-06-12;2019-07-11,2019-06-12;2019-07-18,YY,19.07.11 19.06.12 || 21 EH,1.0,True,일만틀림,002153.jpg,2019-07-18,640,small,B 1패스엔 있었는데 2패스가 지움
002157,2021-12-25,,MON DD YYYY,NONE,,,False,False,0,0,,,,Keep in a coor || Prodou of Thhailand. Pkin P ld ting.oau || 145g NET  5.1oz  || BEST BEFORE: || Kep ina cco arn || roda of Thaland had Tang Pe  || 145g NET  5.10z  || BEST BEFORE: || Keep in aa coo Frout sod by weight  Produt o Thailand. Pting Py ld kting omau n || 145g NET  5.10z  || BEST BEFORE: ,5.3,False,NONE,002157.jpg,NONE,640,small,D 후보 없음(미검출/전부 미인식)
002162,2023-06-18,,MM.DD.YY,2023-01-06,DDMMYY,p1@1024,False,False,1,1,2023-01-06,2023-01-06,DDMMYY,KIRKLAND  quality and || ttainents. 1t 17E Spanish Olives stuffed with minced pmiento Queen ond is or pif fragments of Seville  Spain texture frrom the always gt the Spanish Queen || LAND ature L.0170 BEST BY :06/1/123 || Sh Queen || ives C.I.F.A-41/097858 ||  minced pimiento C || facm SPAIN || p ge,3.0,False,월/일틀림,002162.jpg,2023-01-06,1238,mid,C 후보는 있는데 전부 오답(오독)
002163,2023-06-18,?,YYYY.MM.DD,NONE,,,False,False,0,0,,,,uty and || KIRKLAND e rom thea || Spanish Olives stufed witinced pimento Queen si fragments. C8 || LAND at h Queen L.0170 BEST BY 0061823 O hm SP || ves || minced pimiento || ality and || KIRKLAND e fron tha || Spanish  olive CStufed wh inest pi Queen t roonts OB || LAND at h n Queen Lo010 BST FY 08,6.3,False,NONE,002163.jpg,NONE,640,small,D 후보 없음(미검출/전부 미인식)
002164,2021-01-29,2,YY.MM.DD,2020-10-30,YY,p2,False,False,1,1,2020-10-30,2020-10-30,YY,20.10.30 E  || HAT 41 S 30E100  21.01.297EA  MEME || X71E97 || 8  || 4   200,1.1,True,전부틀림,002164.jpg,2020-10-30,1210,mid,C 후보는 있는데 전부 오답(오독)
002165,2021-01-29,2,YY.MM.DD,2020-10-30,YY,p2,False,False,1,1,2020-10-30,2020-10-30,YY,HATH 48 X1X1-E1PxI ER 41 9   1 3.00  21.01.297N 20.10.30 E  ,1.3,True,전부틀림,002165.jpg,2020-10-30,640,small,C 후보는 있는데 전부 오답(오독)
002167,2021-05-28,,YYYY.MM.DD,2021-05-02,YYYY,p2,False,False,1,1,2021-05-02,2021-05-02,YYYY,09:5382 || 2021.05.2 || o,0.8,False,일만틀림,002167.jpg,2021-05-02,1350,mid,C 후보는 있는데 전부 오답(오독)
002183,2019-02-20,,YYYY.MM.DD,NONE,,,False,False,0,0,,,, A SAELTER   A8 B  .     CEEDBSEUAL 002414 BHL 722004654 GER OILEFSET  1 o LGg 3     g 3 N B801045176338  20 100g t 285kcal WIPEE L88 2g 338889 CM9g 26 g 3 27x1 || O HEA  A  EEE    W  A  HEEPOUELE 28002101N L   OIL   HO LEG Gn 3   A 2 BE010451733 3  20 100gt 2call WTP L488 259 E3EE899 2   3 21x1 || ,8.2,False,NONE,002183.jpg,NONE,640,small,D 후보 없음(미검출/전부 미인식)
002190,2022-02-04,b,MON DD YYYY,NONE,,,False,False,0,0,,,, 3A K h /04 ||  A  id B/04 ||      ||    ||  3A K h ||  3A K h /04,4.5,False,NONE,002190.jpg,NONE,640,small,D 후보 없음(미검출/전부 미인식)
002192,2020-10-20,,YYYY.MM.DD,2026-10-20,YYMM_GLUE,p2,True,False,1,1,2020-10-20,2026-10-20,YYMM_GLUE,220..10.20 || 14:43 || 220.10.20 || 1443 || 22010.20 || 14:43 || 20.10.20 || 14:43,2.9,False,연도만틀림,002192.jpg,2026-10-20,640,small,B 1패스엔 있었는데 2패스가 지움
002194,2020-06-10,,YYYY.MM.DD,2020-06-01,YYYY,p1@640,False,False,1,1,2020-06-01,2020-06-01,YYYY,g 50kcal  || O : 2020.06.1  23:0 AC1,0.9,False,일만틀림,002194.jpg,2020-06-01,640,small,C 후보는 있는데 전부 오답(오독)
002202,2020-10-08,,YY.MM.DD,2020-05-02,SP_DMY,p1@640,False,False,2,2,2020-02-02;2020-05-02,2020-02-02;2020-05-02,SP_DMY,2 D 5   20 A 2 || 20. : 1 10. .08 B2 ||  DATE b 2 B 2    A  20 8,2.1,False,월/일틀림,002202.jpg,2020-05-02,640,small,C 후보는 있는데 전부 오답(오독)
002203,2021-01-08,2,YYYY.MM.DD,2021-09-10,DMY4,p2,True,True,3,9,2019-10-09;2021-01-08;2021-09-10,2019-10-09;2021-01-08;2021-09-10,DMY4;YYYY, 0     ||    NOTIOOAL ORH 2426 40g7  7  001324  100 g8170 kcal  01: 2019.10.09 2021.01.08    || ccm || /DAESANG || 880 10524360 12,2.7,True,월/일틀림,002203.jpg,2021-09-10,913,mid,A 2패스 후보에 정답 있음(선택 실패)
002215,2020-10-06,,YY.MM.DD,2020-10-16,YY,p2,False,False,1,1,2020-10-16,2020-10-16,YY,STEE E MIR 4E 9002 || E EIEENEIE pIE || 20.10.16 F1,0.9,False,일만틀림,002215.jpg,2020-10-16,640,small,C 후보는 있는데 전부 오답(오독)
002241,2021-05-26,,YYYY MON DD,NONE,,,False,False,0,0,,,,BEST IF USED 20121PAY 2215315A 08:A4:00 26 || SASEATIN   || JUE  || 20 || BEST IF USEPE 2021 PMAY  2221531FA5 2880 26 || ASEATIN    || JUE C || 9 || BEST IF USED 2021 PAY 26215311-A5 08:A4:00 26 || ASEATIN 10 ||  || . o || DEST IF USED 2021 PAY 2621531-A5 CR:A0O 20 || ASEATIN 1 || 3 || BESTIF 2021PA,5.4,False,NONE,002241.jpg,NONE,640,small,D 후보 없음(미검출/전부 미인식)
002263,2021-12-01,,YYYY.MM.DD,2021-12-NONE,YYYYMM,p2,True,False,1,1,2021-12-01,2021-12-NONE,YYYYMM,AA  ||  || 2021.12.01,0.9,False,일만틀림,002263.jpg,2021-12-NONE,1484,mid,B 1패스엔 있었는데 2패스가 지움
002264,2021-12-01,,YYYY.MM.DD,2021-12-NONE,YYYYMM,p1@640,False,False,1,1,2021-12-NONE,2021-12-NONE,YYYYMM,2021.12.,1.0,False,일만틀림,002264.jpg,2021-12-NONE,640,small,C 후보는 있는데 전부 오답(오독)
002276,2023-12-22,2,YYYY.MM.DD,2023-12-02,YYYY,p2,True,False,2,6,2020-12-23;2023-12-22,2020-02-12;2020-12-23;2023-12-02,DMY4;YYYY,2023.12.22RM 2020.12.23MK,0.9,True,일만틀림,002276.jpg,2023-12-02,640,small,B 1패스엔 있었는데 2패스가 지움
002277,2023-07-NONE,,MON YYYY,2025-07-NONE,MON_Y,p2,False,False,1,1,2025-07-NONE,2025-07-NONE,MON_Y,SIgiY || D || BEST BY JUL 0189 2023 || SigtlY || NET WT. 3.64 OZ.  103g  || BEST BY JUL 0189 2023 || SignYe. || NET WT. 3.64 0Z.103g  || BEST BY JUL 018 2023 || SIgtk || NET WT 3.64 OZ.  103g  || BEST BY JUL 0189 2023 || SigtlY || NET WT. 3.64 OZ.  103g  || BEST BY JUL 089 2023 || BEST BY JUL 2129  ,7.2,False,연도만틀림,002277.jpg,2025-07-NONE,1237,mid,C 후보는 있는데 전부 오답(오독)
002284,2022-01-06,2,YY.MM.DD,2021-01-07,YY,p2,False,False,1,1,2021-01-07,2021-01-07,YY,42C78 29  MafCaol OXRPRPEBONE MOSS || O2 || BELICO || AUTEO ET7  || MA S || 21.01.07 A || 530272 22.01/06 || eundaon g 0  40g 129  BEL 00g 500  Omg 0   28g 2  x0g0  10 kca OTHER || ,1.5,True,전부틀림,002284.jpg,2021-01-07,1342,mid,C 후보는 있는데 전부 오답(오독)
002285,2022-01-06,,YY.MM.DD,2021-01-07,YY,p2,False,False,1,1,2021-01-07,2021-01-07,YY,49SX120P || X ||  22.01:06 21.01.07 A || PERICOg 500   Og 0  g 12  Og  28g 28  x/0g   ||  ,2.0,False,전부틀림,002285.jpg,2021-01-07,640,small,C 후보는 있는데 전부 오답(오독)
002288,2024-12-18,,DD.MM.YYYY,2021-12-18,DMY4,p2,False,False,1,1,2021-12-18,2021-12-18,DMY4,18.12.2021 ||  2 000 || JOHNNY || ROCKE || CHOCO || E || C H2eARER || JOHNNY,1.3,False,연도만틀림,002288.jpg,2021-12-18,1453,mid,C 후보는 있는데 전부 오답(오독)
002307,2021-11-15,,DD.MM.YYYY,2020-02-02,SP_DMY,erode2/p1@640,False,False,1,1,2020-02-02,2020-02-02,SP_DMY,     2       2 || 2 2           T 2 C 2 my ||                   ||        T   T A ||                   || I           A ||         2    2   || A 2    2      2 20 A ,9.5,False,전부틀림,002307.jpg,2020-02-02,1454,mid,C 후보는 있는데 전부 오답(오독)
002310,NONE-03-13,2,MM.DD,NONE-03-01,MMDD,p2,True,False,1,1,NONE-03-13,NONE-03-01,MMDD,03.13. 13:47 8 F5 03.01.13:47   A || NSO8 M4 157.1A 100 0 || 112 1A83 inins 183,1.6,True,일만틀림,002310.jpg,NONE-03-01,640,small,B 1패스엔 있었는데 2패스가 지움
002328,2021-10-20,2,YYYY.MM.DD,2020-10-21,YYYY,p2,False,False,1,1,2020-10-21,2020-10-21,YYYY,4808 82 || 0 || OEZCEO || 2292 || 2020.10.21 8 || 8801019 413575,1.3,True,전부틀림,002328.jpg,2020-10-21,948,mid,C 후보는 있는데 전부 오답(오독)
002336,2021-11-19,,YYYY.MM.DD,NONE-11-19,MMDD,p1@640,False,False,1,1,NONE-11-19,NONE-11-19,MMDD,2021:11.19 || :31 F1 || a ,1.6,False,연도만틀림,002336.jpg,NONE-11-19,640,small,C 후보는 있는데 전부 오답(오독)
002345,NONE-02-12,,MM.DD,2020-05-12,CMP6_DMY,p2,False,False,1,1,2020-05-12,2020-05-12,CMP6_DMY,Pulmuone || NEN HEO  || HI21 || ACTIVIA 0 || 02. 120171 120520,1.6,False,전부틀림,002345.jpg,2020-05-12,869,mid,C 후보는 있는데 전부 오답(오독)
002346,NONE-02-12,,MM.DD,NONE,,,False,False,0,0,,,,HONHEOH 3 Pulmuane CIL egan || ACTIVIA gogc || 02.120FA1 12520 || AHEO 4 Pulmuone BR egen ||  ACTIVIA O9 || 02 12 126520 || HENOE  Pulmuane BIZIIE egen || ACTIVIA gog || 02.1201F71 12C520 || HOE  || BIZOs || ACTIVIA || 02.120FA1 12C520 || TOMOHE IOH 34 || C1 || ACTIVIA go9C || 02.1201F1 12C520 || T ,7.5,False,NONE,002346.jpg,NONE,640,small,D 후보 없음(미검출/전부 미인식)
002362,NONE,,none,2019-12-10,YYYY,p2,False,False,1,1,2019-12-10,2019-12-10,YYYY, 2019.12.10 A03 || AHA || 9A2 1 FLAVORED SALT ||  ||  404 2424802224 || 4899424871848 FEANN9 92 8874928 5404   20 HER-EGETEUUAE SRELMBES BRELIRMPUFENES || 44344190-348E EU4U94 288 ,2.8,False,라벨NONE인데답함,002362.jpg,2019-12-10,640,small,C 후보는 있는데 전부 오답(오독)
002373,2021-12-27,,YYYY.MM.DD,2028-10-NONE,YYMM,p1@640,False,False,1,1,2028-10-NONE,2028-10-NONE,YYMM,No Brand || Zrt 28-10 || SZIZ9E,1.7,False,전부틀림,002373.jpg,2028-10-NONE,966,mid,C 후보는 있는데 전부 오답(오독)
002374,2021-12-27,,YYYY.MM.DD,2028-10-NONE,YYMM,p1@640,False,False,1,1,2028-10-NONE,2028-10-NONE,YYMM,Brand ||  || 40 7   A || 28-10 || 221294,1.5,False,전부틀림,002374.jpg,2028-10-NONE,640,small,C 후보는 있는데 전부 오답(오독)
002390,2021-03-18,,YYYY.MM.DD,2021-08-NONE,YYYYMM,p1@640,False,False,1,1,2021-08-NONE,2021-08-NONE,YYYYMM,HOE || 2021.08:19,1.0,False,월/일틀림,002390.jpg,2021-08-NONE,951,mid,C 후보는 있는데 전부 오답(오독)
002391,2021-03-18,,YYYY.MM.DD,2021-03-NONE,YYYYMM,p1@640,False,False,1,1,2021-03-NONE,2021-03-NONE,YYYYMM,OE HIADE 9 080-02-6060 hit/wotecon.cokr 4NE B 80 1062 52122 2021.03:18 HEA 18:21,2.1,False,일만틀림,002391.jpg,2021-03-NONE,640,small,C 후보는 있는데 전부 오답(오독)
002394,2020-07-01,,DD MON YYYY,NONE,,,False,False,0,0,,,,Kraft 01 M 2020 F8 0734 || RIGINAL MRESOS ENEL EINASE BEST WHEN SED DATE SHOWN  || LOTE FCHA DE CADOUCIAD || TUCKFLAPINTOCLOSE || METALASLAPARA CERAR || Kraft 01 M2020 F8073 || RIGINAL ME OINE  INASE BSTWHENY SD D DATE SHOWN  || LOIE FCONAD CGOUID || TUCKAITOCLOSE || METALSOAPRACRAR || Kraft 01 M F8,8.0,False,NONE,002394.jpg,NONE,640,small,D 후보 없음(미검출/전부 미인식)
002401,2022-11-04,,YYYY.MM.DD,2022-12-04,CMP,p2,False,False,1,1,2022-12-04,2022-12-04,CMP,ditella to dath duittlll to craute lov || Enjey and hra fantr r fruity or trience. .PPE || 82590 8720 82727 Au  Z O 848 F7 ||  g  ||   || E WO || 21HI219 HI21 || J81 82514 72 87207 21ZHI21 owel mad with d rittell to create Enjoy and sha fantascr uit juice or erience. EHI2I fruity F   4      o  5 mg2,5.3,False,월/일틀림,002401.jpg,2022-12-04,1443,mid,C 후보는 있는데 전부 오답(오독)
002402,2022-11-04,,YYYY.MM.DD,NONE,,,False,False,0,0,,,,iou weets made with druitcella to creute love || jusca || Enjy and sh fanta  rruity orience B 8 8 2 83594 B2 02 || 278R3 Ea2 S1  482 o  M || 22HI219 4H1219  52  FEEESOE 0 E ||  ||   || iou weets made with d mrittella to creat lover || jusce || Erjy and sh fante Fruity rience  U 4  19  0 || RE O eea ,7.2,False,NONE,002402.jpg,NONE,640,small,D 후보 없음(미검출/전부 미인식)
002403,2022-10-02,,DD MON YYYY,NONE,,,False,False,0,0,,,,America s Favorite || Chili Sauce || HEINZ || CHILI 1869 ICE || merica s Favorite || Chili Sauce || 020CT2022 || Hre || HEINZ 1869 || CHILI || SA CF || merica sI s Favorite || Chili li Sauce || 1020CT2022 || 114 || JHEINZ 1869 || CHILL || SAU CE || Imerica s Favorite || Chili Sauce || HEINZ || 1869 ,16.0,False,NONE,002403.jpg,NONE,1346,mid,D 후보 없음(미검출/전부 미인식)
002404,2022-10-02,,DD MON YYYY,NONE,,,False,False,0,0,,,,America S Favorite || Chili Sauce || JHEINZ 1869 || AUCE EHILI || America   s s Favorite || Chili i Sauce || JHEINZ 1869 || SAUCE CHILI || America s Favorite || Chili Sauce || JHEINZ 1869 || AUCE || nerica s Favorite || Chili Sauce || JHEINZ 1869 || H1 || AU CP || merica S Favorite || Chili Sauce ||,7.8,False,NONE,002404.jpg,NONE,640,small,D 후보 없음(미검출/전부 미인식)
002409,2022-10-29,2,DD.MM.YYYY,2019-10-29,DMY4,p1@640,False,False,1,1,2019-10-29,2019-10-29,DMY4,S A  A C || PROD: 29. 10.2019 98:07 EX : 29.10.202 4B2,1.4,True,연도만틀림,002409.jpg,2019-10-29,640,small,C 후보는 있는데 전부 오답(오독)
002432,NONE,,none,2020-07-16,YY,p2,False,False,1,1,2020-07-16,2020-07-16,YY,OFO 215    ||  300 kcal  || EH 8   I || N tuur NATURAL PREMIUM ICE CREAM || H A  : || H || 15   || 8   0.4   T II kcal || N tuur NATURAL PREMIUM ICE CREAM ||  A  : : . 7 || H || DE15   || 8  20.4    kcal || Natuur NATURAL PREMIUM ICE CREAM || H A  :  C  || 0 || XII || EH 8   ttll || Natuur NATURAL P,10.2,False,라벨NONE인데답함,002432.jpg,2020-07-16,991,mid,C 후보는 있는데 전부 오답(오독)
002436,2021-06-03,,DD.MM.YYYY,2020-02-02,SP_DMY,blur1/p1@640,False,False,1,1,2020-02-02,2020-02-02,SP_DMY,2  2  T 2 20 20 2  2 T R 0  2 2A0 2 8 2    A   2 || Production || Consumir o || 2     2 2  2     B            T  || P: Producction D ||  Consumir p e pro || 20    T 20 20 20 2  2 T R 2  DAU 2 B 2    A  2 || PE Be Best efore  2 || KC 15.20: || 6   3 E  T I || : || II || - E || 616500 662292 || E 2 mn,11.0,False,전부틀림,002436.jpg,2020-02-02,640,small,C 후보는 있는데 전부 오답(오독)
002440,2022-01-26,,YYYY.MM.DD,NONE,,,False,False,0,0,,,,w1 000 || TOF Hanjin Grilled Fish Snack/Original T CguiKingRg || HACCP 2022. .26 21 || 048 7102718800248 || 05 M  0/8N6 809188-358/8 || M89RE/08.WW. 2A080 67  8SW15 || BxaIg W714 W/01820-4 1.61 || LE808IE8089448.0A E || PSR || MXH8//90511261-9944 NLAC  2A  SAS 819770144003-142 8802896 002234 || 2888,11.8,False,NONE,002440.jpg,NONE,640,small,D 후보 없음(미검출/전부 미인식)
002443,2021-11-11,,DD.MM.YY,NONE-11-11,MMDD,p2,False,False,1,1,NONE-11-21,NONE-11-11,MMDD,BEST BEFORE 11/11-21 || 16:06 AK12015A || No Brand,1.2,False,연도만틀림,002443.jpg,NONE-11-11,1802,mid,C 후보는 있는데 전부 오답(오독)
002444,2021-11-11,d,DD.MM.YY,NONE,,,False,False,0,0,,,,AK2A  || No Brand ||  13 || No Brand || AKIZDISA || NoBrand Hay a 40 || MILdISA || I and || LEMONAD || HKIA A || 16:06 BEST BEFORE AK121A || No Brand || SORAR,6.6,False,NONE,002444.jpg,NONE,640,small,D 후보 없음(미검출/전부 미인식)
002450,2021-06-09,2,YYYY.MM.DD,NONE,,,False,False,0,0,,,,B1915218  N2X1 || RA ||   m || 924 4 ||  ||   || 71914:218 || PO || 71915:21 IN || P:8.8 || 719152 || VL4RA2 WE1R SIBET || 1E || P  || 319152 1248 || 21 LE || P  ,7.8,True,NONE,002450.jpg,NONE,640,small,D 후보 없음(미검출/전부 미인식)
002452,2021-12-22,,YY.MM.DD,NONE,,,False,False,0,0,,,,     NEN A  2 NLNEAA F1 OINDOAPEAUTSPRC AL   A  4 .480 1.5kg HO ONOOLUN RONGOED 72517 || 12 1F22 AA   OHER 801133 006264 || XF1 MEO U   || 12F22 ANZOZNNNO NFO .  A OC  IATHA NNNN AOa 220 AL    7  C07E HENECNCET 801133 006264 || X1 XO   || 2   ZNAT1  A C  IAM   AEOL      CLIR7EHA 1ENIONCE 8801133 006,25.0,False,NONE,002452.jpg,NONE,1277,mid,D 후보 없음(미검출/전부 미인식)
002453,2021-12-22,,YY.MM.DD,NONE,,,False,False,0,0,,,,ETOU ROCE ||  BO   A  N 2 E 10570 ||   ww.wrtgaramm/murerbon B01T || NIEETUR LSA ||  8   A   TO57o ||   o/murgrton c01 ||  NGO 8   2842 2429   212271IF-2C2 B  GEID www.murgerbort.com 200 488 1.5kg ww.rstagammmyurgerbon OCOROCE || 4  UK S || CLE || 15  p || FRNAGAL PaE 212221F22 229 yw mou.O || 8848 ,9.2,False,NONE,002453.jpg,NONE,640,small,D 후보 없음(미검출/전부 미인식)
002460,2021-11-30,,YYYY.MM.DD,2021-01-30,YYYY,p2,True,False,1,1,2021-11-30,2021-01-30,YYYY,8 70  S 11 680  1   R  U  S88 2021-11-30 EANET i,2.2,False,월/일틀림,002460.jpg,2021-01-30,640,small,B 1패스엔 있었는데 2패스가 지움
002462,2020-12-21,,YYYY.MM.DD,2020-12-02,YYYY,p2,False,False,1,1,2020-12-NONE,2020-12-02,YYYY,2020.12. || 23:267Z || 2-4138-412 ||  A17 || 213:PP,1.4,False,일만틀림,002462.jpg,2020-12-02,1196,mid,C 후보는 있는데 전부 오답(오독)
002463,NONE,,none,2020-12-02,YYYY,p2,False,False,1,1,2020-12-02,2020-12-02,YYYY,23:2671 2020.12.2,1.9,False,라벨NONE인데답함,002463.jpg,2020-12-02,640,small,C 후보는 있는데 전부 오답(오독)
002482,2021-03-28,,YYYY.MM.DD,2021-05-28,YYYY,p1@640,False,False,1,1,2021-05-28,2021-05-28,YYYY,2021.05.28TAA || S Erir NE0 ,1.3,False,월/일틀림,002482.jpg,2021-05-28,640,small,C 후보는 있는데 전부 오답(오독)
002484,2021-05-05,,YYYY.MM.DD,NONE,,,False,False,0,0,,,,88782021.05. 05 || 12:50  ax   || 04 T 290E 304 12 MI  A || AR8782021.05.0 .05 || 1 250  || . SO A IE 3OH  EM 1 || 8712021.05. 05 || 12:50 2x || 910 964 HOMA 208 3014 1211 EM A || 871221.05. 05 || 12:50  || 20149 364. CEOMEA tHE TO 12 6AOI A || 8718221.05. 05 || 12:50  mxrax   || 20 4 N S0E 304 1 EX,7.4,False,NONE,002484.jpg,NONE,640,small,D 후보 없음(미검출/전부 미인식)
002487,NONE,m,none,2021-02-06,YYYY,p2,False,False,1,1,2021-02-06,2021-02-06,YYYY, || 2021.02.06 || A PINENUT   c || 22 || 10001382107h,1.2,False,라벨NONE인데답함,002487.jpg,2021-02-06,1244,mid,C 후보는 있는데 전부 오답(오독)
002488,NONE,m,none,2021-02-06,YYYY,p2,False,False,1,1,2021-02-06,2021-02-06,YYYY, 89 || 2021.02.06 || A Xt || 1000382107h,1.3,False,라벨NONE인데답함,002488.jpg,2021-02-06,640,small,C 후보는 있는데 전부 오답(오독)
002491,2022-09-08,,DD.MM.YY,NONE-08-09,MMDD,p2,False,False,1,1,NONE-08-09,NONE-08-09,MMDD,   || A A A   S  0 N  TA  S   10    DATE A B DAT C A  AE A  || PX || 2 D 2   || C A A A    N  A  1      A DA A A    || X ||  D 2 3  || A   A    F  D  T A            || 08.09.  ||  C   P BA 1  F DB DA  1 2  10 2 A A A A DATEE BE  F AE A  A,8.8,False,전부틀림,002491.jpg,NONE-08-09,1235,mid,C 후보는 있는데 전부 오답(오독)
002492,2022-09-08,,DD.MM.YY,2020-01-01,SP_DMY,p2,False,False,1,1,2020-01-01,2020-01-01,SP_DMY,X ||  E 5 S   BE S     A  A   1 2   8   B     || X || E 1 E D  1  S  20    A 1      T  a H     E ,4.9,False,전부틀림,002492.jpg,2020-01-01,640,small,C 후보는 있는데 전부 오답(오독)
002497,2023-01-24,,YYYY.MM.DD,2024-09-NONE,YYMM,p1@640,False,False,1,1,2024-09-NONE,2024-09-NONE,YYMM,24.09:0 || OHE 2190 Olive Oill 100  ||  ||   || 2 48 900 m  25 c   0615,1.6,False,전부틀림,002497.jpg,2024-09-NONE,1308,mid,C 후보는 있는데 전부 오답(오독)
002539,2021-08-05,,YYYY.MM.DD,2021-08-NONE,YYYYMM,p2,True,False,1,1,2021-08-05,2021-08-NONE,YYYYMM,3.69 || rater Cas 50.2g || 20.6g || 1.6g  ||  5.2g ernv || Sal / Sel t l outSat Sa 0.5g NODDER  M/FLA Og CO.JA || TCi   s eforeB A e Store in a coal d dy placo AConon C  DTOAA W OPERTA LCOCCO.  i || DE Ms ar bt- ||    ||  50NE500 || Best before: 2 || 2021 /08//0 || 3.69 || a C 50.29 || 20.69 || 1.6g,9.1,False,일만틀림,002539.jpg,2021-08-NONE,640,small,B 1패스엔 있었는데 2패스가 지움
002543,2021-10-17,,YYYY.MM.DD,NONE-10-17,MMDD,p2,False,False,1,1,NONE-10-17,NONE-10-17,MMDD,CHOGO BALS POPPINE EE || DCHOGO BBALLSS CEOPANE  || CHOCO BALLS POPPING EEE 20217 10/17,4.1,False,연도만틀림,002543.jpg,NONE-10-17,640,small,C 후보는 있는데 전부 오답(오독)
002545,2021-03-21,,YYYY.MM.DD,2021-03-NONE,YYYYMM,erode3/p1@640,False,False,1,1,2021-03-NONE,2021-03-NONE,YYYYMM,S 178 g 330 kcal  GoMe B21-mo  ORE 8101 130 T An  c01 alowVh 013 010 nu RHENES Sa 800 ome 1000  1 801088 npl  3 LES 206 4 MO || 13148 || SE 178 g 330 kcal  EE me I DA 8101 147 O can 1 TE01L salon 0 2. 0 3i RaRENAS S 800 omeL 1000 WARN 1 010 npt  3 L 206 4 140 || 1 || S 178g 330kcal  ERMENE meg I-mo ,7.2,False,일만틀림,002545.jpg,2021-03-NONE,640,small,C 후보는 있는데 전부 오답(오독)
002548,2021-04-02,,YYYY.MM.DD,NONE,,,False,False,0,0,,,,   ||  SOE EGG || 100g/31.4 kcal  50 gX 4700 || 21.04.027B17  || FO 4182 100 gl50 2 50 9865.7 || we 210 mg || 2101 1011  || o ||  SO  EG BOILED || 100g131.4 kcal  502 00 || 21.04.027B17  || FDOE 0.78 722 4480151 fa 17H 50 g  E142 LE210 mg THF369  L100 g 50 g 27 PH 50 g 66.7 kcal 1C || 20151 a o || 0,21.4,False,NONE,002548.jpg,NONE,2048,large,D 후보 없음(미검출/전부 미인식)
002553,2021-02-22,,YY.MM.DD,2022-01-21,DDMMYY,p2,False,False,1,1,2022-01-21,2022-01-21,DDMMYY,Best Before: 0.5 0210 209 21.01.22 920g || hred ed toay. || ediphe hdred years.,1.5,False,전부틀림,002553.jpg,2022-01-21,640,small,C 후보는 있는데 전부 오답(오독)
002559,2022-04-01,,YYYY.MM.DD,2022-04-07,YYYY,p2,True,False,1,1,2022-04-01,2022-04-07,YYYY,40 .g 144 kcai  nd || Eas 288 PU8 L DE ST || 884 18 2285 EE EIRE 2/g8 WI829 A  2   SA GUGIN E 98 5 geAES Omg  09 30 0 0 || 2022. 04 || 2500 || 40 40.g 144 Kcai  ndy || E 288 S08  S IT || 8 84 2 S  S  E32E  AXE2  SA 2SN 22 98 5  FET BOXMOO 30 0 0 || 2022.0 04 || 9 || 45-845 4220 || 2022.04.01 || YD,5.6,False,일만틀림,002559.jpg,2022-04-07,640,small,B 1패스엔 있었는데 2패스가 지움
002561,2022-10-21,,YYYY.MM.DD,NONE-10-21,MMDD,p1@640,False,False,1,1,NONE-10-21,NONE-10-21,MMDD,2 4  WE 488 Z A JUST CANDY CA  4899 4.482 S A 200g 720kcal    M  -85678 R8C1  a4 o  S LE g2 28 00  2   4 E  100 9360 8439 || Mindestens holb 8718469 20912 || 043D92VT014 2432-10-21 200ge,2.6,False,연도만틀림,002561.jpg,NONE-10-21,640,small,C 후보는 있는데 전부 오답(오독)
002571,2021-05-07,2,YYYY.MM.DD,2021-01-08,YYYY,p2,True,False,2,2,2021-01-08;2021-05-07,2021-01-08,YYYY,2021.05.07A 2021.01.08 M A RIRMNERESE CERUNTRRERERSIE ||  A,1.8,True,월/일틀림,002571.jpg,2021-01-08,640,small,B 1패스엔 있었는데 2패스가 지움
002581,2021-11-17,,YYYY.MM.DD,2021-01-17,YYYY,p2,False,False,1,1,2021-01-17,2021-01-17,YYYY,9 488 E ES      9 M2 8117 BRH  871: BE 871  200 Gg 2ESN7I  100       201 1 x  2021.1 17 488202 SA 12  1 41-956-1434 20050471173-177,2.9,False,월/일틀림,002581.jpg,2021-01-17,640,small,C 후보는 있는데 전부 오답(오독)
002600,NONE,m,none,2020-10-21,YYYY,p2,False,False,1,1,2020-10-21,2020-10-21,YYYY,T NEWSUGAR U ||  HEN || 60g || NIg: 2020. 10.21,1.2,False,라벨NONE인데답함,002600.jpg,2020-10-21,1294,mid,C 후보는 있는데 전부 오답(오독)
002601,NONE,m,none,2020-10-21,YYYY,p2,False,False,1,1,2020-10-21,2020-10-21,YYYY,TT2H ||  || TI9 :2020.10.21,1.4,False,라벨NONE인데답함,002601.jpg,2020-10-21,640,small,C 후보는 있는데 전부 오답(오독)
002605,2023-11-17,dl,DD.MM.YY,NONE,,,False,False,0,0,,,,EY ol  MA Ta M W th   Canre 500 g  1 1b PESO O LIQUIDO ||   A  C  Ds cncuoar 15t17 172111 171711-23 Lotto 00220322 || PESO LQUDO         oe ae   e   00g 116 PESO LIQUIDO ||     on       Do  n Lit   i 12 Lo 2 || LY C    WY Ta Caa to 500 g  1. 1b PESO   LIQUIDO || I  C A  D ce || 1517111 Lotto 0021522,10.7,False,NONE,002605.jpg,NONE,640,small,D 후보 없음(미검출/전부 미인식)
002610,2021-07-11,2,DD.MM.YYYY,2020-11-13,DMY4,p1@640,False,False,1,1,2020-11-13,2020-11-13,DMY4,4 || e de gretece avant lie PRO:13.11.2020 H14 F318 paysan BRETON,1.0,True,전부틀림,002610.jpg,2020-11-13,640,small,C 후보는 있는데 전부 오답(오독)
002617,2022-05-04,,YYYY.MM.DD,2020-02-20,SP_DMY,p1@1024,False,False,1,1,2020-02-20,2020-02-20,SP_DMY,2 20 2 2 A A A A  A A 2 || 20 2 2  N A A   A A 2 A 2  2 2 A || 20 A 2 I N  A 20 20 A 2 || 20 20 2  2 A A A N A N0 2 2 A 2 2 A 2 A,3.7,False,전부틀림,002617.jpg,2020-02-20,1358,mid,C 후보는 있는데 전부 오답(오독)
002629,2023-05-NONE,,MM.YYYY,2023-05-20,DMY4,p2,False,False,2,4,2023-02-20;2023-05-02,2023-02-20;2023-05-20,DMY4;YYYY,2 05.2023 2 20       OKO   D S D PE  S S  8 C D H  || D9482,3.3,False,일만틀림,002629.jpg,2023-05-20,1460,mid,C 후보는 있는데 전부 오답(오독)
002644,2022-11-NONE,,MM.YYYY,NONE,,,False,False,0,0,,,, || H  CO.KG kolade.de weight: Germany Crotoune 95 A 8 Salz / Salt Eiweiss/Protein davon Zucker / frosugar vete20  Kya /C Brennwert/Energy 2190kJ/526 kcal Fett/Fat N hrwerte/ Nutritonal value1   11.2822121452  46 8g 32 6g 0 01g 41 9 9 6.39 Kuvertiresch und im Wasserbad Milch achten  Aindestens Kuver,10.0,False,NONE,002644.jpg,NONE,640,small,D 후보 없음(미검출/전부 미인식)
002650,2021-07-01,,DD.MM.YYYY,NONE,,,False,False,0,0,,,, CHOCMP BOWWM COOKE E ||  CHOCC BRW CNE  E ||  CHOCHP ROWMM COOKE  E ||  CHOCHI ROWM COOK   ||  CHOCICP ROWE COOKE  E ||  CHOCCM ROWW COOKE EA,4.7,False,NONE,002650.jpg,NONE,640,small,D 후보 없음(미검출/전부 미인식)
002655,2021-03-25,,YY.MM.DD,2021-03-20,YY,p2,True,False,1,1,2021-03-25,2021-03-20,YY,21.03.25MOAGb || S,0.9,False,일만틀림,002655.jpg,2021-03-20,1876,mid,B 1패스엔 있었는데 2패스가 지움
002666,2021-03-26,,DD MON YYYY,2021-03-NONE,MON_Y,p2,False,False,1,1,2021-03-06,2021-03-NONE,MON_Y,P  tstofe/Me/ibre/ 3.1 || Salt/Sel/Saz Zout/ Sodio 3.1 || Bs feere 1.0 ||   AR 2021 L20086 || T || PPotin  ttfeeie 3.1 || al /Sel/ az sioa 3.1 || rt doa 1.0 || Z AR 2021 L20086 || T  || P  3.1 || Sal/Sel/ Saz Zut/S 3.1 || B fe 1.0 || L20086 6MR 2021 || Tel  016240215  ||  PotenP 3.1 || Sal/ Sel/ Saz,4.3,False,일만틀림,002666.jpg,2021-03-NONE,640,small,C 후보는 있는데 전부 오답(오독)
002684,2021-12-03,,DD.MM.YYYY,2027-12-03,DMY4,p2,True,False,1,1,2021-12-03,2027-12-03,DMY4,CAL: 141/160 BEST BY:03/12/2021 || LOT: SIV 1/19/1,0.9,False,연도만틀림,002684.jpg,2027-12-03,640,small,B 1패스엔 있었는데 2패스가 지움
002687,NONE,,none,2021-02-02,YYYY,p2,False,False,1,1,2021-02-02,2021-02-02,YYYY,021.02.02 || -6HLT ||   || ,0.9,False,라벨NONE인데답함,002687.jpg,2021-02-02,2048,large,C 후보는 있는데 전부 오답(오독)
002694,2021-04-19,,YYYY.MM.DD,NONE,,,False,False,0,0,,,,202104.19A || PV || ASY || BU || PIG || IN || THE || GARDEN || SALAD for MEAL || HEE || C || Mile || 0 21574 Ca s || 202104.19A || ev || ASY || CU || PIG || IN || THE || GARDEN || SALAD for MEAL || H3 || to || a || 0  257   || 202104.19A || LOLTH || S || PIG || IN || THE || GARDEN || SALAD for MEAL ,6.4,False,NONE,002694.jpg,NONE,640,small,D 후보 없음(미검출/전부 미인식)
002700,2021-08-23,,YYYY.MM.DD,2020-04-23,SP_DMY,p2,True,False,1,1,2021-08-23,2020-04-23,SP_DMY,718oll 8a7 Seaweed Snack i e Snae 00 L HA  134 || DHA 15mg   2021.08.23 OH 437 20 gkal ,1.3,False,전부틀림,002700.jpg,2020-04-23,640,small,B 1패스엔 있었는데 2패스가 지움
002704,2022-10-29,,YYYY.MM.DD,2022-10-02,YYYY,p2,False,False,1,1,2022-10-02,2022-10-02,YYYY, PR E OUKWR 1342 || 1S || PRUIT SOE UP E9 MAGSS 0259 LVL || LOL DONA iNR BE9 || A 259 || PERFETTI BERTB H || O  || 2022110/ || E || U TU || PERFET  ||   || 2022/10/2,2.1,False,일만틀림,002704.jpg,2022-10-02,640,small,C 후보는 있는데 전부 오답(오독)
002707,2022-01-20,d,DD.MM.YY,NONE,,,False,False,0,0,,,,1.00 || 28 || o || Skittles || pe || ERAS || 7102H6X || BEST BEFORE:  DD/MM/YY  ||  2100 /00/00 || 24 3ES || 1.000 ||  || Skittles || ape || MbeRRy || 7 02H6 || BEST BEFORE:  DD/MM/YY  ||  00 /00/00 LTh || 743E S || 1.000 ||  || Skittles || Rape ||  beRy || 7102678 || BEST BEFORE:  DD/MM/YY  || 00/0,12.1,False,NONE,002707.jpg,NONE,1226,mid,D 후보 없음(미검출/전부 미인식)
002708,2020-01-22,,YY.MM.DD,2021-08-06,SP_DMY,p1@640,False,False,1,1,2021-08-06,2021-08-06,SP_DMY,2. || 5 || HE Skittles || BEST BEFORE  DD/MM/YY  887102 6  8 0021/002/00 || 643E2YRESR 21,1.2,False,전부틀림,002708.jpg,2021-08-06,640,small,C 후보는 있는데 전부 오답(오독)
002713,2021-10-22,,DD.MM.YYYY,2021-12-12,YYYY,p2,True,True,1,2,2021-10-22,2021-10-22;2021-12-12,DMY4;YYYY,0E0LF3  0.83 0.64   1 150 g  720 kcal  || EXPIRE DATE: 22/10/2021 12:15,1.4,False,월/일틀림,002713.jpg,2021-12-12,1235,mid,A 2패스 후보에 정답 있음(선택 실패)
002714,2021-10-22,?b,DD.MM.YYYY,2021-12-12,YYYY,p2,True,True,1,2,2021-10-22,2021-10-22;2021-12-12,DMY4;YYYY,0EDL 0810.6 || EXPIRE DATE: 22/10/2021 12:15,1.2,False,월/일틀림,002714.jpg,2021-12-12,640,small,A 2패스 후보에 정답 있음(선택 실패)
002717,2022-03-01,,YYYY.MM.DD,NONE,,,False,False,0,0,,,,SNAR FARM || ORGER || JAPEycu || JD 84188 80g || 270 kca  || SNA  FARM MAARSAM  8O uga10g AEO MOH 02 80 C || ORGER OlT || t || 0 m || ETH || HTE IOHA || PP RA OO  Lia8g 2270 cal  E 63 5T-380 LE 20mg 38  19  1 2HD LI || SNA FARM MAN 8g L810g MI2O  Ho2 80 a || ORGER OJT || X || LoluH || ITH || SHP EON,12.3,False,NONE,002717.jpg,NONE,1464,mid,D 후보 없음(미검출/전부 미인식)
002724,2019-12-20,,YY.MM.DD,NONE,,,False,False,0,0,,,,91854 82-0424-19 1253 BEST BEFORE 19/12120 B12 || 0174 8-02419 125-3 BEST BEFORE 111210 B12 || 91834 8-2-0424-19 1253 BEST BEFORE 19112120 B12 || 917834 8-2-0424-19 15-3 BEST BEFORE 19712120 B12 || 917854 8-2-0424-19 125-3 BEST BEFORE 19/12120 B12 || 917854 82-0424-191253 BEST BEFORE 19/12120 B12,4.6,False,NONE,002724.jpg,NONE,640,small,D 후보 없음(미검출/전부 미인식)
002727,NONE,,none,2017-03-22,YY,p2,False,False,1,1,2017-03-22,2017-03-22,YY,L0076 || 17.03.22 || 04:55 L007,1.1,False,라벨NONE인데답함,002727.jpg,2017-03-22,640,small,C 후보는 있는데 전부 오답(오독)
002737,2021-06-12,,DD.MM.YYYY,NONE-12-06,MMDD,p2,False,False,1,1,NONE-12-06,NONE-12-06,MMDD,UIR || Spanish Cheese Plate: Manchego Cheese. Iberico Cheese || and Goat Cheese || Manchego Cheese. made of sheep s pasteurized milk. Lactic ferment. sait an || rennet. Goat Cheese made of goat s pasteurized milk. Lactic ferment. salt. || Calcium chLoride  food use  and rennet. Iberico Cheese: sheep,3.7,False,전부틀림,002737.jpg,NONE-12-06,1287,mid,C 후보는 있는데 전부 오답(오독)
002749,2020-12-NONE,,MM.YYYY,2020-12-17,DMY4,p2,True,False,1,1,2020-12-NONE,2020-12-17,DMY4,MAIN  A ||  01 08699502013063 ||  21 145GOV1T99XY2A ||  17  S.K.T. :12.2020 ||  10  9LB00463,1.2,False,일만틀림,002749.jpg,2020-12-17,1134,mid,B 1패스엔 있었는데 2패스가 지움
002755,2021-05-16,,YYYY.MM.DD,2022-12-01,YY,p1@1024,False,False,1,1,2022-12-01,2022-12-01,YY,N454648804E   ..  0 21012 XO12 25mg EHAXI0.5g0I  HX50 33  314 8LL - -x15-1-1 12 27 ||   HE   || DA   NUTRITOUS. WHOLESOME  SIMPLE  yumy  th   favorite a  n a lavor-or preservatives. 54858 70368 || N24368608  N. f  0139  EHEE O H21012 0 a25mg 33  M 818L R.5X- 8190O  3-1-4 5  22-12-1 19 2 t || good- D,4.7,False,전부틀림,002755.jpg,2022-12-01,960,mid,C 후보는 있는데 전부 오답(오독)
002762,2023-06-01,2,YYYY.MM.DD,2020-06-11,YYYY,p2,False,False,1,2,2020-06-01,2020-01-06;2020-06-11,DMY4;YYYY,  a  || 5014176000790 || Expiry Da   akaimo amise kupDa poa LOT HO: 86336 20206/0 2020/06/01   AKBAR || Pagainio m neData yatoci: || g  Ba      N 200/par 7.04 oz || 1 3asapreBars3-5 MYT  RLICHTA HHOMy CPT.  A Store in a coldry place.   Er  FULLY ATOALY ACKED ENC 334 .B Bya Mawwata  Cor Akbar Brother,2.5,True,전부틀림,002762.jpg,2020-06-11,640,small,C 후보는 있는데 전부 오답(오독)
002765,2021-03-16,,DD.MM.YYYY,2021-02-03,DMY4,p2,True,False,1,1,2021-03-16,2021-02-03,DMY4,UHY RAM CONODOL || e Aara || Best before || 16. 03. 2021 || BJ09172/01:06 || Stir well before use,1.4,False,월/일틀림,002765.jpg,2021-02-03,1024,mid,B 1패스엔 있었는데 2패스가 지움
002766,2021-03-16,,DD.MM.YYYY,NONE,,,False,False,0,0,,,,RAM || UHT || CD ra Best before || 1509372106 || Stir well before use || CAA || THN ||   rea Best before || 8508972106 || well before uspn || EAM || UHN || 8D Tra Best before || 15.97 2106 || Stir well before use || Do fotn || WV || LHN || SD Tra Best before || 15.97:21  06 || Ie || CAM || LHN || Tr,5.4,False,NONE,002766.jpg,NONE,640,small,D 후보 없음(미검출/전부 미인식)
002771,2021-10-10,,YYYY.MM.DD,2021-10-11,YYYY,dilate2/p1@640,False,False,1,1,2021-10-11,2021-10-11,YYYY,DO NOT USE IF ON IS UP || 2419  VBASHO 1882    C046  R.02-567-3471  W  0RE WR 4162 9640 Pa se 8  82  204 HISATOIE SDE IAE 4MR 1845 N04C D LHSE 190 g CE 3AH8810 PX M0  XA   CLAS S.P  OLICE  28 || 2021.10710 20214117:01 || DO NOT USE IF S TON IS UP || E19 HE DA E S BASHO ED 820   E20E   .02-567-3471  ,8.3,False,일만틀림,002771.jpg,2021-10-11,640,small,C 후보는 있는데 전부 오답(오독)
002773,2024-05-NONE,,MM.YYYY,2024-05-20,DMY4,p2,True,False,1,1,2024-05-NONE,2024-05-20,DMY4,NETOLEWICHT PESO LIGUIDO NET WEIGHT POIBS NET 120 g 05.2024 L1303 UITGEDEEOICHT PEso ESCRIO DRAINE WERGHT POIDS EGOUTTE 849 || 601010134010,1.4,False,일만틀림,002773.jpg,2024-05-20,640,small,B 1패스엔 있었는데 2패스가 지움
002775,2021-10-08,,YYYY.MM.DD,NONE,,,False,False,0,0,,,,POIDS NETE POIDS NE || BEST || LaLi 5 3  A Salt. Citric ad. Viner Must ait  Winar Ingredients: Water. || 8  y  || 1 || POIDS NETF POIDS NE || BEST || LaLi 4  A  T hgrodis: War Ingredientse: Water || a  8 || 1 || POIDSNET POIDSNE || LaLi F 3 2 S SE O USA N AB Salt  Citic Ad Vmer Mustard Soe Wina Ingr,6.4,False,NONE,002775.jpg,NONE,640,small,D 후보 없음(미검출/전부 미인식)
002777,2021-09-15,,YYYY.MM.DD,NONE-09-15,MMDD,p1@640,False,False,1,1,NONE-09-15,NONE-09-15,MMDD,BEST BY 221-09-15 || LaLi Ingredients:Vinegar. ||   Sus Salt. Tumenc a || P P RR SOU || mE || 11 m Aa,1.1,False,연도만틀림,002777.jpg,NONE-09-15,640,small,C 후보는 있는데 전부 오답(오독)
002784,2021-04-18,,DD.MM.YYYY,NONE-11-01,MMDD,p1@640,False,False,1,1,NONE-11-01,NONE-11-01,MMDD,EDAM CHEESE 40  || INGERDIENTS: PASTEUR. COW S MILK  SALT || KEEP REFRIGRADETED BETWEEN  4 C  7 C || CHARGE NR  52257099 || NL || Z0445 || EC || BEST BEFORE 717731 003003 0.300 kg ||  22A || X9O0EDAM || 440 1399   A727 47C75 7 744 240 4 AX11.01 AF180 0mg 27  E25.0g 45  4300G/1005316 Kca -308  E920mg,3.0,False,전부틀림,002784.jpg,NONE-11-01,960,mid,C 후보는 있는데 전부 오답(오독)
002785,2021-04-18,,DD.MM.YYYY,2021-08-18,DMY4,p2,False,False,1,1,2021-08-18,2021-08-18,DMY4,SNDBE || KEDRE STARTE CULTURERCO INGERD AM CHEESE 40  EDAM CHEESE 40  CHARGE NR 2 || BEST BEFORE 18-04-021 8717731003003 0.300 kg Z045 EC NL || B || EN RL L F E 9888  || REC || A INERE US EDAM CHEESE 40  EDAM CHEESE 40  CHARGENRE BEW || BEST  BEFORE 18-08-2021 8717737800303 0.300 kg  045 EEC || SHA ,2.6,False,월/일틀림,002785.jpg,2021-08-18,640,small,C 후보는 있는데 전부 오답(오독)
002787,2022-06-22,2,DD.MM.YYYY,2020-06-23,DMY4,p2,True,False,2,2,2020-06-23;2022-06-22,2020-06-23,DMY4,500 g E 1.1 b HS 50 i netol LASAGNE N.120 RICICLABILE all uovo INCARTO ESTERNO e tro  n re e   respn e apa  Ep. 22 06 2022 Prod. 23 06 2020 SERVIZIO CONSUMATORI susvieciegranro.f to Manacturedby www.granoro.it 05:41 L26M || PAA,2.4,True,전부틀림,002787.jpg,2020-06-23,640,small,B 1패스엔 있었는데 2패스가 지움
002797,2021-04-28,,YYYY.MM.DD,2021-04-29,YYYY,p2,True,False,1,1,2021-04-28,2021-04-29,YYYY,2 1 2 7 || 17450 || AHE TITXII SHRED PIZZA CHEESE 2021.04.28  19:09 Lur,1.4,False,일만틀림,002797.jpg,2021-04-29,1138,mid,B 1패스엔 있었는데 2패스가 지움
002798,2021-04-28,,YYYY.MM.DD,NONE,,,False,False,0,0,,,,12-250 || TXNE  SHRED PIZZA CHESE 818-202.20.02871 19.9 enmar || 948 || 12X 200 || NE  SHRED PIZZZACHEESE 81:21.20 19.0 Denmark || 59480 || 2 || 201 || o1 || TNE  SHRED PIZZA CHESE R8318:202.2..28X19.9 88 || 25 || 201 || TNE  SHRED PIZZACHEES 18182021.002819.00 B8 || 21 || TXAE  SHRED PIZZA CHEESE 8,4.7,False,NONE,002798.jpg,NONE,640,small,D 후보 없음(미검출/전부 미인식)
002800,2021-12-27,2,YYYY.MM.DD,2031-01-11,CMP6_DMY,p1@640,False,False,1,1,2031-01-11,2031-01-11,CMP6_DMY,110131 0/41 80,1.1,True,전부틀림,002800.jpg,2031-01-11,640,small,C 후보는 있는데 전부 오답(오독)
002805,2023-01-13,,YYYY.MM.DD,2023-01-19,YMD_GLUED,p2,False,False,1,1,2025-01-NONE,2023-01-19,YMD_GLUED,AH ||   4 3P F 221 224 92 A8200 500 mL01   0240 Sempio Lotus root   Burdock Tea 14:41 2025.01X13 2 011 24A 100 ,2.3,False,일만틀림,002805.jpg,2023-01-19,2048,large,C 후보는 있는데 전부 오답(오독)
002808,2021-12-29,,YYYY.MM.DD,2021-12-22,YYYY,p2,True,False,1,1,2021-12-29,2021-12-22,YYYY,INS  || 2021.12.29 P.4 20.56 2 || H 3401848 || 8 F,1.1,False,일만틀림,002808.jpg,2021-12-22,640,small,B 1패스엔 있었는데 2패스가 지움
002813,2021-04-02,,YYYY.MM.DD,NONE-04-02,MMDD,p1@640,False,False,1,1,NONE-04-02,NONE-04-02,MMDD,BARISTA || RULES R || 28712021 04.02,1.1,False,연도만틀림,002813.jpg,NONE-04-02,991,mid,C 후보는 있는데 전부 오답(오독)
002814,2021-04-02,,YYYY.MM.DD,NONE-04-08,MMDD,blur1/p1@640,False,False,1,1,NONE-04-08,NONE-04-08,MMDD,BABIETT 24710r 292-025.08 C || CABISTA 847101 1 S || BABLETA 24710r 7921 9250 f24ar 21 || BABLETA 34710 P771 9808 || BABIETA 347181 7973 04.08,4.1,False,전부틀림,002814.jpg,NONE-04-08,640,small,C 후보는 있는데 전부 오답(오독)
002815,2021-06-28,2,YYYY.MM.DD,2021-01-29,YYYY,p2,True,False,2,2,2021-01-29;2021-06-28,2021-01-29,YYYY,TIE AEat 71E143 2 || w   CA RE2 A  122012 AF70 013994 -5700  X  1522-4  HA || OOH || 100 gt 7  || E69g || 71t OE 2021.06.28 2021.01.29 00:10 A01 71 x  E EHAXO8 73 0 || F,2.2,True,월/일틀림,002815.jpg,2021-01-29,1022,mid,B 1패스엔 있었는데 2패스가 지움
002816,2021-06-28,2,YYYY.MM.DD,2020-02-10,SP_YMD,erode2/p1@640,False,False,1,1,2020-02-10,2020-02-10,SP_YMD,TXIE BEq  || 20 E 2 1  E 2 1222 BEEnCE || f 27  1399 5700  x152- || 98 20.21.01.28 0010 A01 Sas A OE Bg w.  74x1  E1 EMAY BAOmg x  24g  11 4918698 AXWO LE620 mg 100 gst 838 OOSE 7101 ||  215 || T1 E || Wo  O  12  2  || 5 0152 1 501 24 || 95 30.2108 0010 A0      24x1  EI E  Og X1 248  1 A   BA LHE 62,4.0,True,전부틀림,002816.jpg,2020-02-10,640,small,C 후보는 있는데 전부 오답(오독)
002826,2021-07-03,,DD MON YYYY,2021-06-12,YYYY,p1@1024,False,False,1,1,2021-06-12,2021-06-12,YYYY,03 JLL 2021 612 05:50 || 03JLL 2021 6.12 05:50,2.0,False,월/일틀림,002826.jpg,2021-06-12,1178,mid,C 후보는 있는데 전부 오답(오독)
002827,2021-07-03,,DD MON YYYY,NONE,,,False,False,0,0,,,,03 JLIL 812 05:50 2021 || 03JLIL 512 05:50 2021 || 03 JUL 812 05:50 2021 || Si 05150 2021 || 012 A 05   2021 || 03 JLIL 812 05:50 202,4.7,False,NONE,002827.jpg,NONE,640,small,D 후보 없음(미검출/전부 미인식)
002831,2022-05-21,,YYYY.MM.DD,NONE-05-21,MMDD,p2,False,False,1,1,NONE-05-21,NONE-05-21,MMDD,H ||  || O TEARALONG DOTTED  || SHAKE WELL BEFORE USE schrioulil || H ||  || OUS TEAR AON DO || OR E hioutE || pou ou OS TEAR ALONG DOTE  222214 .05.21 || SHAKE WILL BEFORE USE uehiouitheh || H || Coh TAR AEIE4 79219214 .05.21 || SHRARE WELL BEFORE USE || BR ||  u OUS TAR ALONG DOTTE N 022521 N || S,5.2,False,연도만틀림,002831.jpg,NONE-05-21,640,small,C 후보는 있는데 전부 오답(오독)
002840,2021-05-24,,YYYY.MM.DD,2021-09-11,DMY4,p2,True,True,1,2,2021-05-24,2021-05-24;2021-09-11,DMY4;YYYY,C:15138 T:11:09 2021.05.24 Best Before || SIB || 87N87,1.1,False,월/일틀림,002840.jpg,2021-09-11,640,small,A 2패스 후보에 정답 있음(선택 실패)
002848,2021-12-30,,DD.MM.YYYY,NONE,,,False,False,0,0,,,,fit  aktiv Sans agent conservateu Ohne Konservierungstoffe Sin conservantes Senza conservanti No preservatives Ry rokornbrott Pan intega sie gale Vollkornbrot 30.12021 22 delba || fne misuc ae  afrce  Aan  Rg    ue Not w ods net  PrroM netto || fit   aktiv San agenonerur ne onservierunge Sin consera,7.6,False,NONE,002848.jpg,NONE,640,small,D 후보 없음(미검출/전부 미인식)
002863,2021-08-30,,YYYY.MM.DD,NONE,,,False,False,0,0,,,, 1   T B F  T   T   Best heema.com Hallun- Ho Best Before: P.Box  P.O. Box 3 Made by SME8 8 Sha  L :48 90743 LJ E ||  1   H T T  T      est eerom P.Bo- 3-0. Bes Before: Made by P. Bx  Made byb RE     7:48  143  || 3 TE E      T T T Best.helemia.com P.Bor 3-L Halum-Holand Best Before: Pr. Bo. Made by,7.4,False,NONE,002863.jpg,NONE,640,small,D 후보 없음(미검출/전부 미인식)
002865,2023-02-03,,DD.MM.YYYY,NONE,,,False,False,0,0,,,,Rr0 || m C  DV  Tatal ||  || m     V. Total || Re2 I || M  || FRZLUTRICAID || EF L LFF 2-328 || 330 0094 || h    V  Si Fat g || BCET R 53020084 || aren 70 ||  || u O || ABELL CITRIC ACIE,4.7,False,NONE,002865.jpg,NONE,640,small,D 후보 없음(미검출/전부 미인식)
002867,2022-02-28,,DD.MM.YY,NONE,,,False,False,0,0,,,,Roll Brak Da cre 26202382 || RobllLJu K 26383322 || Rolb Br Da onsa rereno l  26202382 || Robb Bruts Ba cnsar || Robb Brak Da consumarsi  262023822 || Rolb irak 26202392,4.6,False,NONE,002867.jpg,NONE,640,small,D 후보 없음(미검출/전부 미인식)
002903,2020-07-22,,YYYY.MM.DD,2020-07-02,YYYY,p2,True,False,1,1,2020-07-22,2020-07-02,YYYY,ALMOND I SLICED EVERY DA WTH FRESI NUT FOR OUURFAMILY  || 122020.07.22 || 789 082 1 76 G  || 2  ,1.1,False,일만틀림,002903.jpg,2020-07-02,640,small,B 1패스엔 있었는데 2패스가 지움
002904,2023-03-NONE,,MM.YYYY,NONE,,,False,False,0,0,,,,SE35 || U53002939075 || HOPE 61 || 053002939075 || HDE 61 || 053002939075 || HOPE 61 || 7995 || US3002939075 || HOPE 21 61 || U53002939075 || HOPE 61 || U53002939075 || HOPE 61 || U53002939075 || HOPE 61 || 795 || 2 ||  || US3002939075 || HOFE 31 61 || 7335 || U53002939075 || HDPE 61 || EE || 3 || H,9.6,False,NONE,002904.jpg,NONE,2048,large,D 후보 없음(미검출/전부 미인식)
002918,2021-04-30,,DD.MM.YY,2030-04-02,YY,p2,True,False,1,1,2021-04-30,2030-04-02,YY,Best eeear || CH 231 30/04/21 || 175g S || Gallo ERDAM MY RISOTTO PERFETTO.hac || TRUFFLE - A LA TRUFFE   A IA TRUFA   COM TRUFAS,1.2,False,전부틀림,002918.jpg,2030-04-02,640,small,B 1패스엔 있었는데 2패스가 지움
002922,2021-09-12,,DD.MM.YYYY,NONE-12-09,MMDD,erode3/p1@640,False,False,1,1,NONE-12-09,NONE-12-09,MMDD,ERN || Bioland Landwirtschaft EU-/Nicht-EU. DE-OKO-001 || e42 || OER || Bioland  nwinschaft E NIh-EU. DE-OKO-001 1 || e42 || Knusper Musli - || Boland Landwirtschaft EU-/Nicht-EU DE-OKO-001 || e42 || 2.09 ||  || Roland || Landwirtschaft EU-Nh-EU. DE-OK0001 || e42 || 12.09,3.3,False,전부틀림,002922.jpg,NONE-12-09,640,small,C 후보는 있는데 전부 오답(오독)
002927,NONE-04-08,,MM.DD,NONE-04-05,MMDD,p2,True,False,1,1,NONE-04-08,NONE-04-05,MMDD, C A 0 0 P 04.08 RO744 20   2,1.6,False,일만틀림,002927.jpg,NONE-04-05,2048,large,B 1패스엔 있었는데 2패스가 지움
002928,NONE-04-08,,MM.DD,2024-08-20,YYMM_DAYLA,blur1/p1@640,False,False,2,2,2024-08-20;2024-08-NONE,2024-08-20;2024-08-NONE,YYMM;YYMM_DAYLA,  REOIA   9-08 ROP44  O 2 UF || PA ||   8A   08 FOP4E 3   2 UET ||  ||  S878 N  O R0P44 O8  O 2 Ci || A ||  d0 NA   04  R0T44 08  2 O ||  24-08 2O744   2  ||  N PA,5.4,False,전부틀림,002928.jpg,2024-08-20,640,small,C 후보는 있는데 전부 오답(오독)
002940,2022-07-29,,YYYY.MM.DD,2029-07-02,DDMMYY,p2,True,False,1,1,2022-07-29,2029-07-02,DDMMYY,a high conte thewurld.c Coconut is te ostourihin foosis || STORAGEKeep way No  l ea. CEA PRODUCT OF VIETNA No refnigertion required. COCOLIFE Coil. INEDIENT direct sunlight. www.381 2 A || VA351 || 2022/07/29,1.4,False,전부틀림,002940.jpg,2029-07-02,640,small,B 1패스엔 있었는데 2패스가 지움
002956,NONE,m,none,2021-01-02,YYYY,p2,False,False,1,1,2021-01-02,2021-01-02,YYYY,n || 1e || 151 || 31   || 100   || 0  0 24 || 0    || 0  || 0  || 8.00 kcal || 44 || ci.co.kr LDPE ||  || 2021.01.02 B 02:23 ,1.4,False,라벨NONE인데답함,002956.jpg,2021-01-02,1084,mid,C 후보는 있는데 전부 오답(오독)
002957,NONE,m,none,2021-01-02,YYYY,p2,False,False,1,1,2021-01-02,2021-01-02,YYYY,Lo || undkcal || 0  || 31   || 100   0   0 01264 || 0  || 0   || 0   || N4ULC 800 kcal LDPE ||  c.co.kf 8801007 102238 || 2021.01.02 B 02:23 2 || VE1,1.5,False,라벨NONE인데답함,002957.jpg,2021-01-02,640,small,C 후보는 있는데 전부 오답(오독)
002962,NONE,,none,2020-03-13,YYYY,p2,False,False,1,1,2020-03-13,2020-03-13,YYYY,MACADAMI AUSTRALIA || 132020.03.13 || X8004 4H88300 || 8/7 882176 || 27 || 080700-8383   || 4279 || 4F || 30348 || 4 ||    || 7080 4880 || 1399,1.3,False,라벨NONE인데답함,002962.jpg,2020-03-13,1021,mid,C 후보는 있는데 전부 오답(오독)
002977,2020-05-12,,YYYY.MM.DD,2020-12-05,DMY4,p2,True,False,2,4,2020-05-12;2020-12-05,2020-05-01;2020-12-05,DMY4;YYYY,YQ || WANILLA || 44 || 2020.05.12 2020.03W 198424 || 2 ||  648 234:371,1.4,False,월/일틀림,002977.jpg,2020-12-05,640,small,B 1패스엔 있었는데 2패스가 지움
002989,2021-07-20,,YYYY.MM.DD,2024-07-20,YYYY,p2,True,False,1,1,2021-07-20,2024-07-20,YYYY,DIE 2 || LXIA || 98718 A 88 Q1O 4X1 885748 228 L488 20130208F 6-30 8x20 C 120 g ||   H 3-J9  || 5 L- 41023 80 || 42 || 205/ 2 || 14 1/12345 -5mh0001 ||  ||  02 ||  4 1442013 || Et || EXI || 2021.07.20/5,2.2,False,연도만틀림,002989.jpg,2024-07-20,640,small,B 1패스엔 있었는데 2패스가 지움
002990,2021-03-20,,YYYY.MM.DD,2021-09-05,DMY4,p2,True,False,1,1,2021-03-20,2021-09-05,DMY4,DFIEH x1148   ||    ||  2049  58517 2021.03.20m,1.1,False,월/일틀림,002990.jpg,2021-09-05,1152,mid,B 1패스엔 있었는데 2패스가 지움
003010,2021-12-11,,DD.MM.YYYY,2021-01-12,YYYY,p2,False,False,1,1,2021-01-12,2021-01-12,YYYY,an Brillin  || EAE 4 o 472 kcal  PORATION 2. 02723-8175 87 4808242123 SAE AX  Wa 88A 5484- 48 96848 4408.8401 No. FR Net Weigh || 57 EST BEFORERAN   Sucere || 0 4 || 4o LC1. 1 :74 o1 www.msimal M  pp Best Before: 11122021 || 11181253 || and Brilii 1   siftazine E129 || E  EAE g 472 kcal  RE FOODS 2 ,8.0,False,월/일틀림,003010.jpg,2021-01-12,1265,mid,C 후보는 있는데 전부 오답(오독)
003013,2024-01-29,,DD MON YYYY,2029-05-21,SP_DMY,p2,True,False,1,1,2024-01-29,2029-05-21,SP_DMY,EAX  || 100  FEM THE ||  EA LE UTg OE 0mg 03 2NE || 0 || 10 || L210121725 29. Jan 2024,1.4,False,전부틀림,003013.jpg,2029-05-21,640,small,B 1패스엔 있었는데 2패스가 지움
003014,2021-06-12,,YYYY MON DD,NONE,,,False,False,0,0,,,,f 0 y || 1UM POWER BEST BEFORE TUN || y CiNnaMen FLaX 13:44W 13017 || UEBERRY TASTE || ALWANS  ROTID || f O P || UM POWER BEST BEFORE JUN || y CiNnaMen FLax 13:44W13017 || LUEBERRY T Y TASTE || AIWAYE  EROIIN || Let s stay connected  || O G ||  || 1UM POWER y CiNnaMen FLaX 13:44W13017 BEST BEFORE 02,7.3,False,NONE,003014.jpg,NONE,640,small,D 후보 없음(미검출/전부 미인식)
003015,2022-07-01,,YYYY.MM.DD,2022-07-NONE,YYYYMM,p1@640,False,False,1,1,2022-07-NONE,2022-07-NONE,YYYYMM,minipop || Tootsie || Roll Midgees || 89455 || LS Omg 084 || 609 || 444 ||  mg N ||  N || 080-215-9S00 || 2022.07. 88091414727,1.5,False,일만틀림,003015.jpg,2022-07-NONE,1125,mid,C 후보는 있는데 전부 오답(오독)
003016,2022-07-01,,YYYY.MM.DD,2022-07-NONE,YYYYMM,p2,False,False,1,1,2022-07-NONE,2022-07-NONE,YYYYMM,Tootsie Roll Midgees || 4058 || 5WE0 92AN || 080-2 5-9500 4 || 2022.07 || 809141 47C237,1.5,False,일만틀림,003016.jpg,2022-07-NONE,640,small,C 후보는 있는데 전부 오답(오독)
003021,2021-03-23,,YYYY.MM.DD,2021-03-02,YYYY,p2,True,False,1,1,2021-03-23,2021-03-02,YYYY,  ||          32 2021.03.23 14:58,1.5,False,일만틀림,003021.jpg,2021-03-02,640,small,B 1패스엔 있었는데 2패스가 지움
003026,2021-04-10,,YY.MM.DD,NONE,,,False,False,0,0,,,,21.04.1071x1 || H83:560 g 987101 C 27 19920523619 A37.5  E 1  115 x 2 /90 y 45 014 L-39844 5-01TOE 28 x  CH  NN 3.24 150 A  8  0 X     070 0  109 998 0381862 || 21.04.1077 || H56 O C BSHIH 199205236 A 37.5 /0 EX x  41 8X25X 1x x /0 dig chc 01n L-34 5-01TOE 2 CHF  ONNY  2MS 150 78U  560115 00 TO    5,18.1,False,NONE,003026.jpg,NONE,1136,mid,D 후보 없음(미검출/전부 미인식)
003036,2022-08-28,,DD.MM.YYYY,2022-03-28,DMY4,p2,False,False,1,1,2022-03-28,2022-03-28,DMY4, .s W. || GU ULA JAWA || Net Weight: 1.56 z  30 g  28 03 2022,1.1,False,월/일틀림,003036.jpg,2022-03-28,640,small,C 후보는 있는데 전부 오답(오독)
003060,2021-10-04,,YYYY.MM.DD,NONE,,,False,False,0,0,,,,300 g RAE  SAMa || 2021.70.047XI EMP || 300 g P42 A || 2021.70.04 XI SNP || OAE  SA || I || 2021.70.04MXI || OAR || 2021.70.04MAI || B0F OAE || 2021.70.04MXI || 300 g 2A2 || 2021.70.0471X1 || CM,4.7,False,NONE,003060.jpg,NONE,640,small,D 후보 없음(미검출/전부 미인식)
003065,NONE,,none,2021-11-12,YYYY,p2,False,False,1,1,2021-11-12,2021-11-12,YYYY,No || Maxim || 10 || U H ||  7   || 2021.11.12 19:22 || 20 STICKS LE r FET || 180al/5900l/200 ,1.2,False,라벨NONE인데답함,003065.jpg,2021-11-12,1398,mid,C 후보는 있는데 전부 오답(오독)
003066,2021-11-12,,YYYY.MM.DD,2021-01-11,YYYY,p2,True,False,1,1,2021-11-12,2021-01-11,YYYY,No E2 || T Maxim || 02 || 2021.11.12 19:22 74 || 118  20l/59 20 STICKS 55X  el,1.2,False,월/일틀림,003066.jpg,2021-01-11,640,small,B 1패스엔 있었는데 2패스가 지움
003111,2021-06-09,,YYYY.MM.DD,NONE,,,False,False,0,0,,,,N ||  8710 2021 SS 10 Dongwn || Tlfw E1xI2t oJew || yo  || 8712 2021 291 0 Dongwo || Fls 2B Eixlat ear ||  8710 2021 2YE 05 Dongwn || l3f1w Eixleo || 2021 2UE 05 || 3lx3-f8xw Eixlet ||  87101 2021 2ieys 59 Dongw || 3lx21xtw M1xl25 eewar ||  871 2021 Zis 06 || TIx1IY E1xl25 oeran,5.1,False,NONE,003111.jpg,NONE,640,small,D 후보 없음(미검출/전부 미인식)
003113,2021-03-28,,YYYY.MM.DD,2022-10-28,CMP6_YMD,p2,False,False,1,1,2022-10-28,2022-10-28,CMP6_YMD,99  ErS || CONE || 99  ||  221 || 71: 2022.0.284 1 2996 || E || COm || 99  || SME  || 1 221028 m,1.7,False,전부틀림,003113.jpg,2022-10-28,640,small,C 후보는 있는데 전부 오답(오독)
003115,2021-09-25,2,YYYY.MM.DD,2022-09-05,YY,p2,False,False,1,1,2021-09-05,2022-09-05,YY,B PRODDATE20 09 2 EST BEFRE 2021.09.5 ,1.0,True,전부틀림,003115.jpg,2022-09-05,640,small,C 후보는 있는데 전부 오답(오독)
003122,2021-09-15,,YYYY.MM.DD,2021-05-15,DMY4,p2,True,False,1,1,2021-09-15,2021-05-15,DMY4,A consommer de pr f rence avant le/ || Best before FR || Consumir preferentemente antes del/ A consumir de prefer ncia antes de: DH 71 || PROD EXP 15:05:202 2020 033-119005778 0002 6500 || 2029127000005 Wo || A consommer de pr f rence avant le / || Best before FR || Consumir preferentemente antes de,3.5,False,월/일틀림,003122.jpg,2021-05-15,2048,large,B 1패스엔 있었는데 2패스가 지움
003123,2021-09-15,2,DD.MM.YYYY,NONE,,,False,False,0,0,,,,Aconsomme fne Consumir n PEOP 18:08:2020  Best before/  DH 7 01-119 6500 FR 005778 000 2 || WO || Poids net 125 g || con A onsm PEDE 13:0  Cosmir e Best before  DH7 037-119 6500 FR 005778 00 || O || Poids net 125 g || Aconsomme d enc Consumirn PEDP 18:08:202 Acir Best before 01-110 UDH 7 6500 FR 095,5.9,True,NONE,003123.jpg,NONE,640,small,D 후보 없음(미검출/전부 미인식)
003141,2021-07-12,2,YYYY.MM.DD,2021-01-13,YYYY,p2,True,False,2,2,2021-01-13;2021-07-12,2021-01-13,YYYY,sias || 12/0192 sias 2021.01.13A 2021.07..12XA || E2 || 1 0009,1.2,True,월/일틀림,003141.jpg,2021-01-13,640,small,B 1패스엔 있었는데 2패스가 지움
003143,2021-12-11,2,YYYY.MM.DD,2020-12-12,YYYY,p2,True,False,3,3,2020-12-12;2021-12-11;2021-12-12,2020-12-12,YYYY, || Sinature Bend Fuotential ||  P PY   || Poul Baret || 2020.12.12 2021.12.11 ,1.5,True,전부틀림,003143.jpg,2020-12-12,640,small,B 1패스엔 있었는데 2패스가 지움
003161,2021-10-NONE,,MM.YYYY,NONE,,,False,False,0,0,,,,WETH || 10 2021 13:42 || L010276 141000 || WEIaH 2.0M0 || 10 2021 13:42 || L010276 141000 || SE7M 2.0 || 10 2021 13:42 || L0102761 141000 || WETH || 10 2021 13:42 || L010276 141000 || WEITH 20 || 10 2021 13:42 || L010276 141000 || NEIOM || 10 2021 13:42 || L010276 141000 || MEIPM || 10 2021 13:42 ||,9.9,False,NONE,003161.jpg,NONE,2048,large,D 후보 없음(미검출/전부 미인식)
003163,2021-02-16,,YY.MM.DD,2020-11-17,YY,p2,False,False,1,1,2020-11-17,2020-11-17,YY, C Xx  S  DFE A DT  S 21.02.1671XI 20.11.17E P,1.6,False,전부틀림,003163.jpg,2020-11-17,1181,mid,C 후보는 있는데 전부 오답(오독)
003165,2021-09-17,,YY.MM.DD,NONE,,,False,False,0,0,,,,paldo SINCE 1986 2IX19  || NSAIEF  I  F2 || THE || C11 SRE ||  A  fra   || 29.6 107117  OFEHD T /8665kca || paldo 44878 2X1 || SINCE 1986 || HAI SAEF MCOTILIS OTL 7OFTRT F2 || V || OTHER || A A   I0 ELERE || 229.6  0 11  || paldo MHE 7  211 || SINCE 1986 || A ENE MIOOTILIE T 17XRTF2 F2 || 0 || OTHER,14.5,False,NONE,003165.jpg,NONE,2048,large,D 후보 없음(미검출/전부 미인식)
003170,2021-04-20,d,DD.MM.YY,2020-04-21,YY,p2,False,False,1,1,2020-04-21,2020-04-21,YY,ILEDEFRANCE. CHARMIDOR     ||  || ATNSN  .  d Ph  ||   || 53204 Chatesau-Gontie  France || 5414372k2 34k/78 kal || www.ledefrancecheese.com || 7tranches/slices/ || Emb2001 0  150ge 2 ||   DgaddnMan || 20-04-21 || 268/296L4A || 3090291 119472 || S  ,2.3,False,전부틀림,003170.jpg,2020-04-21,1298,mid,C 후보는 있는데 전부 오답(오독)
003171,2021-11-11,2,YYYY.MM.DD,2020-01-12,YYYY,p2,False,False,1,1,2030-01-12,2020-01-12,YYYY,OCH || HAITAI || 4a  42114012 ROLY POLY || 3030 A || 2021 1 || O || HACCP ARO9R9AI 203 /22a 10122 || OEH || HAITAI || m 213 403 ROLY POLY   || 2 || 3030 1 12A R || 2021  11 O  || O11 || HACCP IE 20E3 6225a 1 012 || OEH || HAITAI ||  21 311 ROLY POLY   || 2 || 3030. 1 N1EA 3 || 2021  11  T ||   || HA,5.9,True,전부틀림,003171.jpg,2020-01-12,2008,large,C 후보는 있는데 전부 오답(오독)
003172,2021-06-20,d,DD.MM.YY,2020-06-21,YY,p2,False,False,2,2,2017-09-12;2020-06-21,2017-09-12;2020-06-21,CMP6_DMY;YY,HENE 1 0 5 Lug150300g 40kcal || Prona19g. C    N  ranteaa  . ce  ed do I dos Bemer . Qo oa . Coodo orChese: S 3 Free anging cows  Frete F s TE Handd nd sines Chesr he0 || Keep refrigerated/ || 712243891272 Chonseforsb Best before: see label || HEN HT 10 45 ug10g 10ge 405al || Po. C S    NMN Nantrean,6.1,False,전부틀림,003172.jpg,2020-06-21,1025,mid,C 후보는 있는데 전부 오답(오독)
003184,2021-06-28,,MON DD YYYY,2020-06-28,MON_DY,p2,True,False,1,1,2021-06-28,2020-06-28,MON_DY,BEST IF USED BY JUN 28 2021 || YhIER 0E0036 1749,1.1,False,연도만틀림,003184.jpg,2020-06-28,2048,large,B 1패스엔 있었는데 2패스가 지움
003185,2021-06-28,,MON DD YYYY,2020-06-28,MON_DY,p1@640,False,False,1,1,2020-06-28,2020-06-28,MON_DY,BEST IF USED DY JUN 28 20 YWER DE0036 1749,0.9,False,연도만틀림,003185.jpg,2020-06-28,640,small,C 후보는 있는데 전부 오답(오독)
003193,2021-07-13,,YY.MM.DD,2021-02-10,SP_YMD,erode2/p1@640,False,False,1,1,2021-02-10,2021-02-10,SP_YMD,1E17 || O || DRE6 || 987121 21.07.137x  A17:12 || Bylmuone || 0219A12 || IDJ 91715177127245  S  2  10  Z L3 17 17H || 1E7 ||  || DE9E  || OTg 21.07.1377x  A17:12 || Imuone || 021912 S Z  || He N 2 || J 10  U  4014 17H   frac      || 1 A1 || L  ||  ||   21.07.1371 A17:12 || lmuone || 0 219A12   || Fe,5.5,False,월/일틀림,003193.jpg,2021-02-10,1306,mid,C 후보는 있는데 전부 오답(오독)
003209,2022-12-02,,YYYY.MM.DD,NONE-12-02,MMDD,p2,False,False,1,1,NONE-12-02,NONE-12-02,MMDD, E ||  UC. 10 CA7 E 205 g EHN 15 g  0 OF LE15 mg X 2.5g O ECHA O  x 0 U Og 080-996-7777  LH250g 0 kcal 63   27   1  0  0   T.1.2    O   0 8  934  ||    0 || Tp.74 214.918 || OLE || 283 || HOF LE 15 mg E 205 g H X  2.5g   C Og   080-996-7777  LH 250 g 1    OE  Tp2 30   4  3014 ||   || CHH 15 g  27   ,8.6,False,연도만틀림,003209.jpg,NONE-12-02,1293,mid,C 후보는 있는데 전부 오답(오독)
003214,2024-01-12,,DD.MM.YY,NONE,,,False,False,0,0,,,,    || CA A a C ||     || C A a  ||       || A a ||    S || N ||     || A a ||      || N a  ,5.2,False,NONE,003214.jpg,NONE,640,small,D 후보 없음(미검출/전부 미인식)
003221,2021-03-08,2,YYYY.MM.DD,2021-03-05,YYYY,p2,False,False,1,1,2021-03-05,2021-03-05,YYYY,02  LOTTEMart 03920 0000 20308 01927 000001 00 0008  E89 2021.03 .05   002131488349 5   12 0    52021.03 08 88712 25-10 018 1008 8  17900 U8W 287 212121 322220 41340 8 g  180,1.9,True,일만틀림,003221.jpg,2021-03-05,640,small,C 후보는 있는데 전부 오답(오독)
003224,2021-08-21,,YYYY.MM.DD,2021-09-01,DMY4,p2,True,False,2,3,2020-08-22;2021-08-21,2020-08-22;2021-08-22;2021-09-01,DMY4;YMD_GLUED;YYYY,PE53 HPC 017288 || / 5210 PO P ||  /AZ A || HRA.OPS S H pP OE || 2020.08.22 || 001    2021.08.21EF1,1.3,False,월/일틀림,003224.jpg,2021-09-01,1970,mid,B 1패스엔 있었는데 2패스가 지움
003225,2021-08-21,2,YYYY.MM.DD,2020-02-20,YYYY,p2,True,False,2,2,2020-08-22;2021-08-21,2020-02-20,YYYY,HPC 01728 || XMAZE || 2021.8..21 2020.08.22,1.1,True,전부틀림,003225.jpg,2020-02-20,640,small,B 1패스엔 있었는데 2패스가 지움
003228,2022-04-26,2,DD.MM.YYYY,2022-04-24,DMY4,p1@640,False,False,1,1,2022-04-24,2022-04-24,DMY4,PC TE02 BB:24/04/2022 || FE:0008048,1.0,True,일만틀림,003228.jpg,2022-04-24,640,small,C 후보는 있는데 전부 오답(오독)
003230,2022-03-28,,DD.MM.YYYY,NONE,,,False,False,0,0,,,,2023022-5-29-272 || 8-022229272 || 20203/222G-21:292 || O || 202020212-6-21:29 -272 || O || 20202022-6-21:29-272 || 202-3022-6-21292 || 2202021225-2129272 || 22021225-21.2-272,8.3,False,NONE,003230.jpg,NONE,1721,mid,D 후보 없음(미검출/전부 미인식)
003240,2021-11-06,2,DD.MM.YYYY,2020-01-04,DMY4,p2,True,False,2,2,2020-11-04;2021-11-06,2020-01-04,DMY4,CONTROISEN-SOLOGNE FRANCE || 1778530 415735 || n   C MTTY A D || PRD 04.11 2020 EXD 06.11.2021 13:41 L101V2 309//1,1.2,True,전부틀림,003240.jpg,2020-01-04,640,small,B 1패스엔 있었는데 2패스가 지움
003242,2022-01-28,2,DD.MM.YYYY,2025-01-22,YY,p2,False,False,1,1,2025-01-22,2025-01-22,YY,EXD 25-01-202  0197 || EE 25-1-22 68192,1.3,True,전부틀림,003242.jpg,2025-01-22,640,small,C 후보는 있는데 전부 오답(오독)
003243,2021-07-NONE,,YYYY.MM,NONE-07-21,MMDD,p1@640,False,False,1,1,NONE-07-21,NONE-07-21,MMDD, || 408518.5820819285 19 220 1399 ||  88 282870  958 PP || chocolate con leche. de cacao  emusionante: lecitina de soja. Cacao: 30  minimo en el || www.novipiusport.it || CCa/Hi  44.3g and odourless place / Conservar en lugar || Sale / Sel /Sait / Sal Zuccheri / Sucres / Sugars/ Azicares Prateine /P,2.9,False,전부틀림,003243.jpg,NONE-07-21,1896,mid,C 후보는 있는데 전부 오답(오독)
003244,2021-07-NONE,,YYYY.MM,NONE-07-21,MMDD,blur1/p1@640,False,False,1,1,NONE-07-21,NONE-07-21,MMDD,CHEIRRSRETNE CY  HN S  A 24  18 || ETA ET A. ETR FIE H MLHATH  CHOCOATET  chocolate con leche. IEFHE 2 A  || www.novipiusportit || C dra l i  suales Eachen/ Juuas icars PranePteian Petinas Sal/Sa/Sat 5 ELAH-DUFOURS.A NovLIgur Serale.3 MADE INITALY 4151 anu fresca. ecoy sin clior. e A one eant on  B ,6.5,False,전부틀림,003244.jpg,NONE-07-21,640,small,C 후보는 있는데 전부 오답(오독)
003245,2021-09-20,2,DD.MM.YYYY,2020-09-20,DMY4,p2,False,False,1,1,2020-09-20,2020-09-20,DMY4,a  w ||      B B CRONE TI       || 250  250 Iugpofaa  p.200 2021  aod ae  ia aton ung Prod.20.09.2020 D49A    in  m. 120 2-281-1 10120   STORCK  Fuofur ,2.0,True,연도만틀림,003245.jpg,2020-09-20,640,small,C 후보는 있는데 전부 오답(오독)
003259,2022-02-10,,DD.MM.YYYY,NONE,,,False,False,0,0,,,, A C Reody   02 2022 B1  ||  ||  || 6 S Redy C  B 0 2 0 2   2 ||   C ||  || 8  TRay To   0 2 0 2   2 || C   ||  ||    02 2022 B1 2 ||  P  ||  || S    02 2022 0  B1 || o  2 ||  ||    02 2022 B1 || h P ||  || S A   02 2022 81 || h  ||  || A   02 2022 B ||    ||  ||   B 2 2 52 ||  B ||  || A   02 2022 ,11.4,False,NONE,003259.jpg,NONE,1674,mid,D 후보 없음(미검출/전부 미인식)
003287,2021-09-25,2,YYYY.MM.DD,2021-09-02,YYYY,p2,True,False,2,2,2021-01-26;2021-09-25,2021-01-26;2021-09-02,YYYY,21 HEl O E || 2021.01.26/01:33 HEI || 8801117104603 2021.09.25 1 x ,1.4,True,일만틀림,003287.jpg,2021-09-02,1791,mid,B 1패스엔 있었는데 2패스가 지움
003289,2022-01-31,2,YYYY.MM.DD,2022-08-10,DMY4,p2,True,True,2,6,2021-02-01;2022-01-31,2021-02-01;2022-01-31;2022-08-10,DMY4;YYYY,OOR  48866g3 || 220 g 11  46 814  ||  15.mg 55 2 1 0.33 m28  2041g 29    13824  8 0g 4g 7  MEJA 72 RE 10   2021.02.01/10:08 2022.01.31 M X ,1.9,True,월/일틀림,003289.jpg,2022-08-10,640,small,A 2패스 후보에 정답 있음(선택 실패)
003294,2021-07-26,,YYYY.MM.DD,NONE,,,False,False,0,0,,,,FODWELL no || grepe jam || f   || 01  m01 IEM || 2021 26 ||  || a || FODWELL || AL BC3H || gro pe jam Hhandy JAM ||    || o  i 12 0  || 2021 || C || FODWELL ||  || gjam HHhandy JAM ||   || o  mo M || 2021 || Go || FODWELL || A C3H || grepe jam Handy JAM || 1 || n i mo HEM || :59 || FODWELL X.H || PA,11.5,False,NONE,003294.jpg,NONE,1979,mid,D 후보 없음(미검출/전부 미인식)
003304,2025-03-NONE,,MM.YYYY,2025-03-02,DMY4,p1@640,False,False,1,1,2025-03-02,2025-03-02,DMY4,CARE || HER ULTRA THIN 2 03/2025 CH20002 8809350 088834,1.3,False,일만틀림,003304.jpg,2025-03-02,1924,mid,C 후보는 있는데 전부 오답(오독)
003310,2020-08-29,,MON DD YYYY,2020-10-04,YYYY,p2,True,True,1,2,2020-08-29,2020-08-29;2020-10-04,MON_DY;YYYY,PRETZEL CRACKERS || AL || E ZZ082926A AUG292020 10:48,1.2,False,월/일틀림,003310.jpg,2020-10-04,640,small,A 2패스 후보에 정답 있음(선택 실패)
003312,2021-03-11,2,DD.MM.YYYY,2021-03-NONE,MMYYYY,erode2/p1@640,False,False,1,1,2021-03-NONE,2021-03-NONE,MMYYYY,C ATE1. 28 NR:070 || S ||   :0: || o || DATE:11. :3.2021  || R,2.5,True,일만틀림,003312.jpg,2021-03-NONE,640,small,C 후보는 있는데 전부 오답(오독)
003317,2022-02-07,,YYYY.MM.DD,NONE,,,False,False,0,0,,,,Bifa || SANDVIC 2000 KREMAL ISKUV || BBE 2022 0. || Bifa || SANDVIC 2000 KREMALL CABISKUVI || BBE 20520 O2 || Bifa || 2000 || BEE  || 232 || Bifa || 2000 || Bifa || SANDVIC 2000 KREMAL BISKUV ||  || Bifa || KAKAO 2000 KREMAL,4.7,False,NONE,003317.jpg,NONE,640,small,D 후보 없음(미검출/전부 미인식)
003318,2021-10-20,,YYYY.MM.DD,NONE-10-20,MMDD,p1@640,False,False,1,1,NONE-10-20,NONE-10-20,MMDD,EXP:2021:10.20 || ranzi Dalgom 98m F1 GREEN TEA CREAM COOKIE,1.1,False,연도만틀림,003318.jpg,NONE-10-20,1711,mid,C 후보는 있는데 전부 오답(오독)
003319,2021-10-20,,YYYY.MM.DD,NONE,,,False,False,0,0,,,,Franzzi EXP:2021-40.20  GRENTEA RAM COOKIE || FranzzFzi EXP:20210.20 SXTTEAM GREN TEA RAM COOKE || Franzzi EXP-2021-410.20 E GRENTEA CRREAM CONKIE || Franzzi 2021-0.20 SE GHRIN TIA CRAM COKIE || Franzzi EXP:2021-40.20 CE GRENTEA CRRAM COOKIE || Franzzi EXP:2021 40.20 L GRENTEA CREAAM COOKIE,4.7,False,NONE,003319.jpg,NONE,640,small,D 후보 없음(미검출/전부 미인식)
003320,2021-09-02,,DD.MM.YYYY,2021-03-20,YYYY,p1@640,False,False,1,1,2021-03-20,2021-03-20,YYYY, Halcolatte   T  ST     D2 L: 200  14         A  AIB PIA  A Bumata cheese TocA   v Valcolatte frozen E 2021. 03.  2021042 prie 209/2020 R:0/09/2021 E   ITALIANO,2.3,False,월/일틀림,003320.jpg,2021-03-20,640,small,C 후보는 있는데 전부 오답(오독)
003322,2021-09-01,,YYYY.MM.DD,2021-01-09,YYYY,p1@640,False,False,1,1,2021-01-09,2021-01-09,YYYY,ARHE samlip || DO || 500 g 2 540 kcal  || 8 25   || 2021 o1 09 0137 IA A,1.3,False,월/일틀림,003322.jpg,2021-01-09,640,small,C 후보는 있는데 전부 오답(오독)
003324,2021-06-01,,DD MON YYYY,2021-06-02,YYYY,p2,False,True,1,2,2021-05-02,2021-06-01;2021-06-02,D_MON_Y;YYYY,Kraft || CISIY IO 99  || TNEL Y SHREDDED || IREDDED VERMONT TE CHEC Triple Cheddar || HRMONE NO rbST || 1/4 CUP || CALORIES SAT FAT 29   0V 6 170m SODIUM UGARS TOTAL Og 802  226g  NET WT || Kraft || CISEIY 99  || FINELY SHREDDED || SREDED VERMONTE CHEH Triole Cheddar || EJUR202-9 HORMONE NO IbST || ,6.4,False,일만틀림,003324.jpg,2021-06-02,1933,mid,A 2패스 후보에 정답 있음(선택 실패)
003325,2021-06-01,,DD MON YYYY,NONE,,,False,False,0,0,,,,Kraft || EISLIZ 4O 999  || E Y SHREDDED || Triole Cheddar || HREDDED VERMONT TE CHECUSHARP.CH R MILDCDDAR CHEESE || HORMONE NO rbST || PLR 1/4 CUP || CALORIES 110 SAT AT 6. SODUM 170. PVBV 0 80Z  226g  NET WT NON- || Kraft || ISIZ 2O 99  || E Y YSHREDDED || Triple Cheddar || REDDED VERMONTTE CHLHARP,8.9,False,NONE,003325.jpg,NONE,640,small,D 후보 없음(미검출/전부 미인식)
003326,2024-06-05,,DD MON YYYY,NONE,,,False,False,0,0,,,,T || Kaft || 7197  99  || Mexicans FOUR CHEESE STYLE . 8 || DED MONTEREY JACK  CHED || NO rbST MAL HORMONE WI FWITA MEKN.COM NOTAAH || PED 1/49OP  NO SIGNU || 150 CALORIES SAT FAT 5.   OV STUGAL AS 8 02  226g  NET WT AND NON-rbST-TRE BEEI || Kaft || EISEIY 99  || MexicanSE FOUR CHTESE || SHREDED MON,15.0,False,NONE,003326.jpg,NONE,1831,mid,D 후보 없음(미검출/전부 미인식)
003327,2024-06-05,,DD MON YYYY,2026-02-08,SP_DMY,blur1/p1@640,False,False,1,1,2026-02-08,2026-02-08,SP_DMY,113 12.. KrafS || 2DED ONTERY ACK CHED Mexicans FOURECESE ESTYLE || CALORIES 100 AIADOP SOERIM 180 The tie STAL  0. 80Z 226  NET WT DERIV  NO SIGN B6E MALSWIT WI OUT A  DS  NO  rbST HORNE MKC T DIFFERO WEK || KIXIE B KaTS || UDNONERA  Mexicane FOURICSE STYLE || CAE S HO 4 P SOBRIN  180 ma SEA S 0. B,5.9,False,전부틀림,003327.jpg,2026-02-08,640,small,C 후보는 있는데 전부 오답(오독)
003330,2021-11-03,,YYYY.MM.DD,2021-01-03,YYYY,p2,True,False,1,1,2021-11-03,2021-01-03,YYYY, ||   || .C DUNCEC.COM SR20  g  93 ka || 47 || 14402-77-136 HONS ||   || 483 88844944224 || 7 || 4484 ||  444499 || EXP:2021.11.03 || 48250g 100g397kcal || 1 470mg 74  75.6g 23   4.2g 4   5.7g 11   || g 0.67g   0mg   11g 20   || 1997440794964 ||   810019 89887 209498,1.9,False,월/일틀림,003330.jpg,2021-01-03,2048,large,B 1패스엔 있었는데 2패스가 지움
003337,2021-06-01,,YYYY.MM.DD,NONE-06-01,MMDD,p1@640,False,False,1,1,NONE-06-01,NONE-06-01,MMDD,A  ANIMAL END ACE RIEND H   1480   N2 LE 4   M1  || A   ||   || M24 || A || au 0.4    || Ad Zon Blng  adn || 202 06/01   A O   N 8.4 7 ||   || 050 LE o,2.1,False,연도만틀림,003337.jpg,NONE-06-01,1888,mid,C 후보는 있는데 전부 오답(오독)
003338,2021-06-01,,YYYY.MM.DD,NONE-06-01,MMDD,erode3/p1@640,False,False,1,1,NONE-06-01,NONE-06-01,MMDD,A MAJ || Product of China Best Bei ProductCnNa A Zannnn 20206/01 Technology Co.  Ltd. Mcen 20 88 801 gieud 25 A ABE 871097 852 4 X27 LEBE4EK 0.4  A M24 UEg 442 PEX-DE MAN M24.44      A18.28.2   E  EA    HA  ||   AAA || Productof China Best Bel PTaAnd Aay Co L 20206/01 Technology Co. La actureun 0ya ,5.8,False,연도만틀림,003338.jpg,NONE-06-01,640,small,C 후보는 있는데 전부 오답(오독)
003347,2027-09-01,2d,DDMMYY,2025-09-01,CMP6_DMY,p2,False,False,1,1,2025-09-01,2025-09-01,CMP6_DMY,11097 || D PRD 010925 47,1.1,True,연도만틀림,3347.jpeg,2025-09-01,4032,large,C 후보는 있는데 전부 오답(오독)
003348,2027-07-13,d,DD.MM.YY,NONE-07-27,MMDD,p2,False,False,1,1,NONE-07-27,NONE-07-27,MMDD,8-127H/months/ 2-47H8/months/ 4-8718/months/ S  KE AFT  0.8 -1.75 1.75 - 3.05 R-40 R  3 2-5pouce 5-51  po  51/hes  Aa 102700 Vew OITHER || 204 || o  Thailan anaate D/ PRINTED N THE C ||  //YBEST BEFORE || // // || /M/Y ||   || a coldyplaeCdo2-1 || EN N UKNANO || 8-127H/months/ 2-478/months/ 4-87H9/m,8.8,False,전부틀림,3348.jpeg,NONE-07-27,4032,large,C 후보는 있는데 전부 오답(오독)
003349,2025-12-10,2,YY.MM.DD,2025-01-10,YY,blur1/p1@640,False,False,1,1,2025-01-10,2025-01-10,YY,S  S nC W N T i0 6 S    A NA FE  O ||   HAU A   ||  H 0 1120000347052-3048 880111801237221210 ||  TA ||   N  B A C SO C A  FE || EO U  25.12.1010X ||     20000347052-3048 8801118012372712100 || Hi ||  o ||   C  M  S   m  B || UE BANU U 25.12.1010X1 || 38-20 WAN  20020 8011130123347052-3048 || Mi || ,11.2,True,월/일틀림,3349.jpeg,2025-01-10,4032,large,C 후보는 있는데 전부 오답(오독)
003350,2025-12-10,2,YY.MM.DD,2022-10-10,CMP6_YMD,erode3/p1@640,False,False,1,1,2022-10-10,2022-10-10,CMP6_YMD,e  0 Te J   || aap ||   ||  UE AU   H 25.1010 || 20000347052-3048 880111801237221010 ||   00000 || HA ||  TA ol ||  O  h T    SOT   re J  || HO  2 25.12.10101 || :20000347052-3048 8801118012372210130 ||  || 0 ||  TA 0 R H ||    h 7C  OM O  T   || 0 AN U 22.12.101 || 200340520 8801118012374252-3048 |,8.8,True,전부틀림,3350.jpeg,2022-10-10,4032,large,C 후보는 있는데 전부 오답(오독)
003351,2025-12-10,,YYYY.MM.DD,2025-10-22,YYMM_GLUE,erode3/p1@1024,False,False,1,1,2025-10-22,2025-10-22,YYMM_GLUE,ALZISINI || enjoy || B || 254088 20 || 880 8432832 || 2 || A  || ASISINE || enjoy || HO 88EAS28 || 2542088 20.2 || 8801118432583 || OOOLE || - || . || I || XEC P || ASDINL || enjoy || HO E || 22  272 || 18811184325822 || 008LAF || 1 || . || 0 || MRHEIO E || ALSISINI || enjoy || B || 2542080N 27022 |,7.9,False,월/일틀림,3351.jpeg,2025-10-22,4032,large,C 후보는 있는데 전부 오답(오독)
003352,2025-12-10,2,YY.MM.DD,2025-10-22,YYMM_GLUE,erode3/p1@640,False,False,1,1,2025-10-22,2025-10-22,YYMM_GLUE,M || CULbM2T || enjoy || 252.08 HO SE 7022 || 27 ||  || M  || enjoy || HO SB || TE E 0 8 .0 8A 02 || 7180111 O OOL 880111 8 C  21000   || 101AE EA.  :7  . H 0 || AI || enjoy || EO  || H5 E O 8 30 08N1 27210.2 || T11 0 O0 LA 88801118 18   7   0  2 || HI1AESEE.oy   D || AIR C || enioy || 252.0  0227 |,6.9,True,월/일틀림,3352.jpeg,2025-10-22,4032,large,C 후보는 있는데 전부 오답(오독)
