image_id,file,long_px,file_kb,orient,lapvar,tenengrad,mean,std,clip_hi,clip_lo
000001,000001.jpg,4032,898.2,1,2844.4229,4668.2681,141.9076,65.5827,0.0001,0.006
000002,000002.jpg,4032,780.5,1,4938.7495,9389.0186,109.4141,45.0404,0.0008,0.0
000003,000003.jpg,4032,873.4,1,4376.9243,8616.8662,126.7782,47.4942,0.0043,0.0002
000004,000004.jpg,4032,795.6,1,6103.6558,12805.1377,94.5177,65.5556,0.0001,0.0436
000005,000005.jpg,4032,659.7,1,425.9038,1367.5455,115.1281,47.1741,0.0035,0.0
000006,000006.jpg,4032,673.5,1,3307.9473,5753.1069,105.2064,61.6366,0.0026,0.0103
000007,000007.jpg,5712,4208.6,6,9032.3643,20991.498,117.3317,51.7646,0.0009,0.0009
000008,000008.jpg,4723,1596.2,1,444.2595,1279.8884,115.7244,33.7103,0.0,0.0
000009,000009.jpg,5712,4409.8,6,12429.0322,19450.3848,139.4579,47.6817,0.0,0.0
000010,000010.jpg,4032,768.9,1,2848.5637,7837.5376,112.8673,70.0641,0.0016,0.0027
000011,000011.jpg,4032,825.7,1,2694.9587,5871.5728,117.2795,67.0024,0.0007,0.0082
000012,000012.jpg,4032,999.7,1,6483.4995,11490.625,96.7188,64.0363,0.007,0.0312
000013,000013.jpg,4032,1090.2,1,14968.5859,19457.4121,107.0493,62.5985,0.0007,0.0113
000014,000014.jpg,4032,1555.5,1,53561.9375,53607.8008,120.9911,68.0715,0.0024,0.0141
000015,000015.jpg,4032,856.1,1,5238.2588,8261.5625,75.7524,74.6964,0.0119,0.1739
000016,000016.jpg,4032,1400.7,1,22432.1309,27584.584,123.3425,64.8975,0.0021,0.0106
000017,000017.jpg,4032,1065.7,1,12261.7783,16550.0781,130.1096,55.8961,0.0019,0.0026
000018,000018.jpg,4032,1285.1,1,13198.0674,25090.7441,114.5313,65.9076,0.0024,0.01
000019,000019.jpg,4032,922.4,1,3922.0955,9134.8936,102.4059,63.6847,0.0009,0.0385
000020,000020.jpg,4032,1372.1,1,10580.6113,13524.3047,111.1972,58.3115,0.0035,0.0213
000021,000021.jpg,4032,1226.4,1,6540.731,9446.4795,130.869,64.7133,0.0009,0.0191
000022,000022.jpg,4032,1501.3,1,13532.4814,23237.6875,127.9219,57.6546,0.0033,0.0
000023,000023.jpg,4032,1112.0,1,6664.0762,11496.792,143.1813,51.0816,0.0019,0.0
000024,000024.jpg,4032,874.6,1,3625.4871,10088.7979,132.5195,72.227,0.0006,0.0257
000025,000025.jpg,4032,913.8,1,7158.1372,10383.4697,134.0449,47.8543,0.0043,0.0009
000026,000026.jpg,4032,931.0,1,13055.5498,18238.4668,138.1838,60.2984,0.0015,0.0036
000027,000027.jpg,4032,991.5,1,4560.5776,7301.353,143.0998,54.0634,0.0002,0.0045
000028,000028.jpg,4032,1614.7,1,42409.0234,72965.8516,126.9515,85.3896,0.0056,0.026
000029,000029.jpg,4032,1114.5,1,25572.6621,31289.7949,152.3617,59.2445,0.0002,0.0019
000030,000030.jpg,4032,1516.4,1,45611.1133,64449.8633,108.4728,74.6387,0.0123,0.0098
000031,000031.jpg,4032,799.9,1,1959.124,4717.1372,142.0647,55.8873,0.002,0.0036
000032,000032.jpg,4032,799.7,1,2017.2852,5211.0645,135.9172,59.4006,0.0035,0.0109
000033,000033.jpg,4032,904.1,1,3535.6514,8322.7285,138.3701,53.1673,0.0015,0.0012
000034,000034.jpg,4032,975.2,1,3288.593,6772.0112,136.1203,51.6176,0.0025,0.0082
000035,000035.jpg,4032,746.7,1,2893.8635,4972.5747,135.5768,69.2259,0.0001,0.0261
000036,000036.jpg,4032,869.9,1,4746.1646,8594.0459,135.7187,65.7731,0.0038,0.0074
000037,000037.jpg,4032,809.1,1,3996.5273,6430.3789,144.734,62.1113,0.0025,0.0005
000038,000038.jpg,4032,992.2,1,3903.1904,8170.522,138.0251,57.0811,0.0014,0.0031
000039,000039.jpg,4032,476.9,1,1018.3741,1964.7999,142.674,38.4757,0.0,0.0
000040,000040.jpg,4032,645.0,1,1921.4088,3299.9348,140.4377,66.2861,0.0037,0.1065
000041,000041.jpg,4032,755.1,1,2576.7056,5345.2632,136.1455,72.5319,0.0027,0.0855
000042,000042.jpg,4032,673.2,1,2227.0676,4162.644,143.8599,69.1183,0.0006,0.0032
000043,000043.jpg,4032,971.5,1,8852.7637,10825.7227,136.6513,72.4334,0.0015,0.0016
000044,000044.jpg,4032,808.3,1,1043.6774,2739.8906,134.961,64.2129,0.0003,0.0
000045,000045.jpg,4032,1236.4,1,13273.9688,9976.4014,114.4861,71.7888,0.0206,0.0003
000046,000046.jpg,4032,1131.3,1,1973.8584,4997.2676,122.1359,41.3187,0.0035,0.0
000048,000048.jpg,4032,660.9,1,347.624,2276.6387,116.2253,78.5723,0.0036,0.0041
000049,000049.jpg,4032,711.0,1,2606.7627,6493.4214,84.8431,68.5557,0.0047,0.1193
000050,000050.jpg,4032,1676.4,1,55298.2695,72170.7578,131.8138,69.1077,0.0011,0.004
000051,000051.jpg,4032,607.8,1,2241.6145,4518.3643,136.4229,56.0344,0.0004,0.0008
000054,000054.jpg,4032,1766.4,6,1172.6134,3855.5801,126.3238,55.6047,0.0006,0.0002
000055,000055.jpg,5712,3757.1,6,22557.1348,24981.5723,119.9177,82.8784,0.0115,0.0002
000056,000056.jpg,4032,2102.3,6,17696.043,19983.2285,117.8506,71.8834,0.0028,0.0551
000057,000057.jpg,5712,3690.4,6,7779.8228,23794.5391,98.1712,73.8167,0.0128,0.0171
000058,000058.jpg,5712,3841.0,6,10914.0156,16062.3643,143.4918,59.2854,0.0002,0.001
000059,000059.jpg,4032,2167.2,6,13001.4014,18359.8301,130.0914,64.1217,0.0013,0.0108
000060,000060.jpg,4032,1617.9,6,942.4335,2449.1392,125.5939,74.6189,0.0005,0.0573
000061,000061.jpg,4032,1980.8,6,5554.9048,13648.2227,111.2488,73.5621,0.002,0.0446
000062,000062.jpg,4032,1956.8,6,1135.0963,3654.0469,105.8974,54.9761,0.0,0.0059
000063,000063.jpg,4032,1865.4,6,1256.9058,4353.981,123.5394,47.4463,0.0001,0.0
000064,000064.jpg,4032,2147.4,6,4201.3433,6427.0488,107.9369,46.6347,0.0029,0.0052
000065,000065.jpg,5712,5571.8,6,2670.8899,5902.6055,130.0983,57.1321,0.0003,0.0651
000066,000066.jpg,5712,3498.6,6,3270.0527,7021.4355,110.836,78.1676,0.0002,0.0218
000067,000067.jpg,5712,4202.3,6,1167.3907,4591.4272,128.1551,49.9406,0.0001,0.0017
000068,000068.jpg,5712,3534.7,6,1054.7504,5002.5034,129.4704,61.2787,0.0027,0.0
000069,000069.jpg,5712,3593.6,6,1055.6812,3940.3474,117.6079,56.144,0.0006,0.0112
000070,000070.jpg,4032,1008.4,1,3434.1621,6510.4512,144.3291,56.2424,0.004,0.0017
000071,000071.jpg,4032,1175.6,1,7268.6323,11478.8311,137.1881,65.4698,0.0043,0.0094
000072,000072.jpg,4032,1006.6,1,9365.5781,15529.3018,143.4141,47.9535,0.0,0.0
000073,000073.jpg,4032,1277.2,1,16688.6426,23293.8223,143.9201,55.7845,0.0,0.0
000074,000074.jpg,4032,1187.9,1,11962.4971,16550.0801,143.9725,51.143,0.0,0.0
000075,000075.jpg,4032,942.5,1,10568.9883,17956.502,148.1517,52.6925,0.0,0.0008
000076,000076.jpg,4032,1457.4,1,17242.0078,22380.8379,127.7237,60.698,0.001,0.0
000077,000077.jpg,4032,1041.0,1,2638.7747,4980.9727,150.0025,48.3431,0.0,0.0
000078,000078.jpg,4032,1873.2,1,23716.6738,36702.0547,148.2136,48.8746,0.0,0.0
000079,000079.jpg,4032,1614.0,1,8823.5986,11577.5,128.0598,57.7032,0.0184,0.001
000080,000080.jpg,4032,1106.7,1,14305.915,26351.9219,123.6692,70.4472,0.0113,0.0
000081,000081.jpg,4032,918.9,1,3656.2883,5975.1235,148.0819,43.2616,0.0021,0.0
000082,000082.jpg,4032,770.3,1,3902.4929,8374.0264,154.6019,54.8373,0.0087,0.0
000083,000083.jpg,4032,993.8,1,4748.0015,9034.6182,132.1436,52.8666,0.0004,0.0
000084,000084.jpg,4032,1018.3,1,4955.3433,12353.8623,133.7249,71.7291,0.0044,0.0
000085,000085.jpg,4032,1128.9,1,13668.9189,18719.9531,148.1647,50.6571,0.0177,0.0
000086,000086.jpg,4032,1250.2,1,22639.373,43128.4961,130.0716,72.6112,0.0147,0.0012
000087,000087.jpg,4032,945.1,1,4586.7739,9406.6895,143.0574,63.8293,0.0027,0.0006
000088,000088.jpg,4032,1112.2,1,5202.6958,10772.4541,152.4957,51.7448,0.0,0.0
000089,000089.jpg,4032,723.6,1,1251.6067,2749.1211,123.7911,46.9172,0.0002,0.0
000090,000090.jpg,4032,802.3,1,3416.9719,8437.5283,132.7585,64.7303,0.001,0.0
000091,000091.jpg,4032,1100.9,1,4082.6777,6987.9414,143.6302,49.5569,0.0002,0.0
000092,000092.jpg,4032,1007.5,1,4004.8616,6989.6699,140.716,56.4834,0.0035,0.0029
000093,000093.jpg,4032,982.7,1,4620.2534,7189.5181,123.179,51.8803,0.0007,0.0
000094,000094.jpg,4032,834.9,1,2523.7341,4466.7397,125.5855,57.1119,0.001,0.0
000095,000095.jpg,4032,758.6,1,1726.0668,3254.0391,128.6332,42.2189,0.0012,0.0
000096,000096.jpg,4032,877.9,1,3284.8142,6263.5415,121.3102,49.9176,0.0056,0.0021
000097,000097.jpg,4032,1220.7,1,16997.8711,19380.3809,132.9959,62.3262,0.0017,0.0011
000098,000098.jpg,4032,1319.8,1,24243.4043,19828.9824,140.041,50.6023,0.0034,0.0
000099,000099.jpg,4032,1436.2,1,18823.0078,22602.627,129.6337,50.4362,0.0073,0.0
000100,000100.jpg,4032,1058.5,1,5253.3945,8185.918,118.7809,60.0555,0.0012,0.0015
000101,000101.jpg,4032,4167.1,6,7847.7642,13769.7422,126.0449,62.6231,0.0046,0.001
000102,000102.jpg,4032,3021.2,6,5216.7266,9043.1807,105.5568,61.1613,0.0035,0.0018
000103,000103.jpg,4032,2914.0,6,2869.5012,5003.6577,147.5105,39.8979,0.0015,0.0
000104,000104.jpg,4032,2651.8,6,1432.1266,4160.9985,154.15,62.7342,0.0,0.0037
000105,000105.jpg,4032,2720.8,1,5498.0024,15919.5508,153.1043,79.1929,0.0009,0.0436
000106,000106.jpg,4032,2581.6,6,1562.8405,5255.0366,133.1117,61.1758,0.0075,0.0107
000107,000107.jpg,4032,2999.8,6,2280.2585,5593.521,127.3454,53.6938,0.0014,0.0031
000108,000108.jpg,4032,3520.7,6,4182.8413,9062.8359,145.6542,58.4854,0.0013,0.0107
000109,000109.jpg,4032,2586.2,6,909.8801,2512.571,148.2557,62.3617,0.0016,0.006
000110,000110.jpg,4032,2971.8,6,1176.2949,4485.6787,131.2328,58.7122,0.0006,0.0
000111,000111.jpg,4032,3772.5,6,4142.4878,7576.9136,121.1945,66.1054,0.0017,0.0006
000112,000112.jpg,4032,3040.7,6,274.4801,2138.2888,139.4338,55.1955,0.002,0.0
000113,000113.jpg,4032,3132.6,6,2352.939,5296.772,122.9689,47.2429,0.0033,0.0
000114,000114.jpg,4032,3991.7,1,4469.7837,6591.6328,126.7826,50.9639,0.0559,0.0
000115,000115.jpg,4032,2907.1,6,2125.8918,4700.6929,134.2928,59.7191,0.0006,0.0012
000116,000116.jpg,4032,2971.9,6,1072.9215,5712.0444,148.1427,51.8661,0.0,0.0005
000117,000117.jpg,4032,2402.3,6,2779.0969,5328.7495,129.2764,78.3953,0.0016,0.0545
000118,000118.jpg,4032,2347.3,6,997.9767,3255.97,114.504,78.9322,0.0009,0.0096
000119,000119.jpg,4032,2998.4,6,803.8434,1784.0148,101.0722,62.16,0.0005,0.0
000120,000120.jpg,4032,2772.7,6,1282.1654,2696.6306,88.385,57.1884,0.0013,0.0034
000121,000121.jpg,4032,3327.8,6,24907.3574,33096.1992,149.283,65.9328,0.0008,0.0118
000122,000122.jpg,4032,5800.4,1,19872.1309,16780.7207,138.5022,44.7269,0.0025,0.005
000123,000123.jpg,4032,3619.2,6,29524.0527,53505.3945,104.4402,72.3574,0.0075,0.0259
000124,000124.jpg,4032,2969.0,6,15973.8154,15141.7656,102.3995,66.8468,0.0008,0.0022
000125,000125.jpg,4032,2786.1,6,1284.4814,5980.8608,131.5266,66.4408,0.0019,0.0279
000126,000126.jpg,4032,2102.1,6,1811.9501,4923.3765,102.2917,75.0791,0.0027,0.1085
000127,000127.jpg,4032,2605.6,6,354.9767,2165.2671,116.5672,67.8708,0.0015,0.016
000128,000128.jpg,4032,3498.8,6,8798.0469,14044.6982,108.5568,61.8247,0.0007,0.0249
000129,000129.jpg,4032,2089.8,6,2317.6162,2837.4827,102.7747,71.3347,0.0,0.032
000130,000130.jpg,4032,2677.1,6,2690.7158,8985.6953,139.7607,62.2947,0.0001,0.0155
000131,000131.jpg,4032,2505.3,6,1370.8849,3677.6191,112.0472,70.1287,0.0023,0.0292
000132,000132.jpg,4032,2846.7,6,465.9167,2615.5242,140.2952,61.6424,0.0037,0.0021
000133,000133.jpg,4032,2707.1,6,2595.0725,7031.5566,144.7135,52.1596,0.0022,0.0001
000134,000134.jpg,4032,2815.3,6,8928.0615,19982.8086,168.8299,65.819,0.0001,0.0214
000135,000135.jpg,4032,3258.8,6,11250.4932,17437.3086,120.9566,57.67,0.0023,0.0382
000136,000136.jpg,4032,2968.0,6,3430.5525,9792.2275,130.6501,46.0462,0.0058,0.0083
000137,000137.jpg,4032,3141.8,6,5851.8003,13826.4424,116.5651,61.4148,0.0062,0.0006
000138,000138.jpg,4032,3093.4,6,13189.4336,32991.7539,94.2278,81.6291,0.0075,0.0002
000139,000139.jpg,4032,2259.6,6,601.4601,2474.073,136.3782,63.5748,0.0003,0.0016
000140,000140.jpg,4032,3527.4,6,3327.7844,7752.7603,141.5134,43.6042,0.0,0.0015
000141,000141.jpg,4032,3441.2,6,1815.8983,5807.2534,119.0289,57.7944,0.0,0.0007
000142,000142.jpg,4032,2742.9,6,3157.6907,6864.8965,120.2478,43.7338,0.0003,0.0
000143,000143.jpg,4032,3184.2,6,29526.4785,31964.6816,151.8981,66.3797,0.005,0.0184
000144,000144.jpg,4032,2568.4,6,3712.1199,10043.3086,125.5889,88.7628,0.0013,0.0318
000145,000145.jpg,4032,2516.6,6,4748.7896,9557.165,157.4303,76.6718,0.0,0.0745
000146,000146.jpg,4032,3291.5,6,11623.2998,16324.2539,113.9792,67.623,0.0006,0.0783
000147,000147.jpg,4032,2836.6,6,1312.9917,3338.5232,129.4143,57.8451,0.0014,0.0034
000148,000148.jpg,4032,3198.7,6,6292.1724,14591.8623,128.5409,77.7845,0.0021,0.0229
000149,000149.jpg,4032,3314.1,6,13651.9795,24632.3184,117.1051,78.4532,0.008,0.056
000150,000150.jpg,4032,3402.7,6,10170.2471,21038.7109,125.0674,74.793,0.0041,0.0452
000151,000151.jpg,4032,3695.8,6,3211.5955,7259.8403,127.9664,62.0858,0.0003,0.031
000152,000152.jpg,4032,2698.4,6,651.7488,3347.469,122.9676,62.0065,0.0001,0.0346
000153,000153.jpg,4032,2975.6,6,4819.6147,13888.7002,107.1501,71.0239,0.0075,0.0576
000154,000154.jpg,4032,2755.7,6,842.8697,3206.5818,127.937,69.4237,0.0011,0.0209
000155,000155.jpg,4032,2503.3,6,703.5464,2386.5627,132.8067,79.7007,0.0,0.0297
000156,000156.jpg,4032,3452.8,6,4032.3352,7658.6777,116.7199,65.9555,0.0018,0.0002
000157,000157.jpg,4032,2923.2,6,1319.515,4209.417,109.1932,55.1414,0.0003,0.0
000158,000158.jpg,4032,3294.4,6,3802.4695,8361.332,107.1236,69.8665,0.0013,0.001
000159,000159.jpg,4032,3052.0,6,5470.1567,10415.6963,113.098,69.2067,0.0004,0.0
000160,000160.jpg,4032,2808.7,6,1013.6302,3061.7795,112.4429,69.1548,0.0002,0.04
000161,000161.jpg,4032,3692.7,6,6095.7983,13852.417,121.6359,76.6364,0.0019,0.0154
000162,000162.jpg,4032,2365.3,6,2591.2673,6377.2095,131.9893,70.2641,0.0003,0.002
000163,000163.jpg,4032,3126.6,6,1557.4938,3438.1699,131.2211,41.0469,0.002,0.002
000164,000164.jpg,4032,2751.2,6,3743.1033,12532.0195,112.2068,66.2639,0.0019,0.0086
000165,000165.jpg,4032,2918.7,6,2043.3724,4644.4985,127.5154,57.0125,0.0011,0.0
000166,000166.jpg,4032,3338.6,6,2868.6912,6210.9922,128.9532,65.4037,0.0026,0.0329
000167,000167.jpg,4032,2731.7,6,2634.2522,6120.1616,146.0466,53.683,0.0,0.0016
000168,000168.jpg,4032,2643.6,6,2938.3528,7229.9692,113.3145,71.6496,0.0027,0.05
000169,000169.jpg,4032,2942.5,6,2222.052,5610.6875,114.5601,56.5198,0.0009,0.0052
000170,000170.jpg,4032,2888.5,6,409.307,2507.5706,109.8103,64.9135,0.0011,0.0878
000171,000171.jpg,4032,2457.7,6,3443.4021,6907.8765,132.7272,58.3926,0.0008,0.0055
000172,000172.jpg,4032,2907.8,6,8041.7871,13621.293,140.9564,62.8891,0.0002,0.0129
000173,000173.jpg,4032,2373.3,6,892.6061,4908.9185,129.5871,67.1507,0.0034,0.0015
000174,000174.jpg,4032,2538.4,6,2942.198,6796.1216,118.1416,71.9417,0.0025,0.0209
000175,000175.jpg,4032,2805.3,6,1043.1841,4829.0938,124.7223,69.1959,0.0027,0.0126
000176,000176.jpg,4032,2566.5,6,640.6992,4758.8853,142.2989,67.2725,0.0023,0.023
000177,000177.jpg,4032,2743.1,6,675.1738,4142.583,130.668,66.1082,0.0025,0.0069
000178,000178.jpg,4032,2538.6,6,541.4354,3900.3499,133.0004,56.7755,0.002,0.0
000179,000179.jpg,4032,2865.6,6,1446.3784,4907.9673,133.6518,62.7847,0.0026,0.003
000180,000180.jpg,4032,2576.9,6,807.4019,4111.603,133.5994,58.9435,0.0031,0.0002
000181,000181.jpg,4032,2350.6,6,301.0121,2318.3972,127.4908,66.0957,0.0003,0.0007
000182,000182.jpg,4032,3307.9,6,11038.626,15668.583,118.4504,65.3528,0.0042,0.0294
000183,000183.jpg,4032,2830.3,6,2073.9001,6916.2378,133.8988,63.9883,0.0051,0.0239
000184,000184.jpg,4032,3001.6,6,4264.1118,10248.7383,108.5075,65.6986,0.0057,0.099
000185,000185.jpg,4032,2637.6,6,2975.0291,8293.8594,139.5607,69.4692,0.0033,0.0719
000186,000186.jpg,4032,2740.3,6,1539.525,3762.0481,141.9098,53.2665,0.006,0.0006
000187,000187.jpg,4032,2785.3,6,2913.4075,8605.6318,149.7889,56.4641,0.0019,0.0061
000188,000188.jpg,4032,3963.4,1,8959.4385,14143.5439,134.3455,60.8598,0.003,0.0122
000189,000189.jpg,4032,2487.6,6,4664.0454,6924.7407,111.7491,65.2584,0.0151,0.0388
000190,000190.jpg,4032,3403.6,6,11756.6094,11028.2852,99.6229,64.2886,0.0018,0.0
000191,000191.jpg,4032,3648.0,6,7031.1899,12489.0381,96.5598,71.8892,0.0042,0.0338
000192,000192.jpg,4032,3045.5,6,4470.1079,9940.6133,121.1664,77.0037,0.0033,0.0667
000193,000193.jpg,4032,2858.5,6,1211.4615,5423.502,135.0705,80.7553,0.0,0.0454
000194,000194.jpg,4032,3103.8,6,5055.8608,9669.4258,112.9072,67.3752,0.0019,0.0129
000195,000195.jpg,4032,2811.9,6,1734.6412,5496.084,125.0229,71.0972,0.0048,0.0439
000196,000196.jpg,4032,2632.0,6,1154.1749,4349.1924,125.133,60.8367,0.0013,0.0002
000197,000197.jpg,4032,1868.1,6,1063.7872,3697.0771,131.8255,66.6517,0.0054,0.0059
000198,000198.jpg,4032,3894.7,6,26022.1797,32828.75,123.427,65.4433,0.005,0.0223
000199,000199.jpg,4032,2949.9,6,7967.2515,10718.7451,120.117,54.3265,0.001,0.0034
000200,000200.jpg,4032,2587.4,6,12911.4648,17102.3105,137.3085,74.4014,0.001,0.0295
000201,000201.jpg,4032,2797.2,6,11232.1436,22971.1504,142.9223,71.3642,0.0013,0.0102
000202,000202.jpg,4032,2498.9,6,1780.4297,3373.3889,131.6054,54.6877,0.0006,0.0054
000203,000203.jpg,4032,2571.5,6,5026.3315,12055.7773,118.1822,64.6341,0.0038,0.0034
000204,000204.jpg,4032,3038.9,6,16494.7168,22421.8984,117.4133,51.6492,0.003,0.0177
000205,000205.jpg,4032,2770.8,6,2880.3196,6504.0903,121.2966,73.4169,0.0031,0.021
000206,000206.jpg,4032,2632.4,6,3275.1741,6124.0625,123.7646,66.643,0.0034,0.0311
000207,000207.jpg,4032,2361.8,6,406.7677,1733.632,117.0272,62.0973,0.0038,0.0068
000208,000208.jpg,4032,2760.4,6,2220.3672,5697.2329,112.8073,63.2049,0.0039,0.0226
000209,000209.jpg,4032,2955.4,6,13175.5273,28136.9219,151.0741,59.6538,0.0036,0.0
000210,000210.jpg,4032,3701.1,6,36744.2969,49425.582,132.5605,74.3311,0.0017,0.0156
000211,000211.jpg,4032,2375.7,6,1465.5249,3416.4739,126.783,75.4489,0.0038,0.0766
000212,000212.jpg,4032,3204.8,6,16131.2861,22388.0723,105.7528,64.2734,0.0013,0.0074
000213,000213.jpg,4032,2778.0,6,974.1978,2378.4548,132.5078,59.717,0.0024,0.001
000214,000214.jpg,4032,2723.7,6,4462.4312,9313.6689,136.4126,67.835,0.0018,0.0275
000215,000215.jpg,4032,2949.2,6,3768.7234,10448.5742,129.0599,80.9746,0.0016,0.0072
000216,000216.jpg,4032,2769.0,6,11313.7861,17729.3086,120.1662,67.439,0.0016,0.0124
000217,000217.jpg,4032,2312.0,6,3216.9851,10188.3174,131.1326,70.8582,0.0027,0.1347
000218,000218.jpg,4032,2614.4,6,1916.028,5124.9854,123.7885,68.0869,0.0015,0.0444
000219,000219.jpg,4032,2989.0,6,4718.5303,9544.2363,125.0585,67.2445,0.0066,0.0119
000220,000220.jpg,4032,2979.4,6,1325.1158,4132.3755,138.961,60.4862,0.0008,0.0046
000221,000221.jpg,4032,3142.2,6,4948.3911,9229.6006,123.7879,68.1199,0.0015,0.0346
000222,000222.jpg,4032,2683.2,6,5082.2344,9721.3428,129.1769,77.4553,0.0006,0.0644
000223,000223.jpg,4032,2569.6,6,328.1487,2261.3943,114.3662,72.8754,0.0001,0.0163
000224,000224.jpg,4032,3065.8,6,2493.8975,6817.1855,116.0113,62.4595,0.0027,0.0443
000225,000225.jpg,4032,3137.3,6,3089.6414,6001.418,105.1015,77.8789,0.0069,0.0337
000226,000226.jpg,4032,2681.7,6,3649.5479,8062.0884,127.0127,59.0882,0.0023,0.0063
000227,000227.jpg,4032,3414.4,6,7311.8516,13067.0234,123.7645,73.6179,0.0003,0.0005
000228,000228.jpg,4032,2456.0,6,1337.0972,3555.2649,151.832,64.6621,0.0005,0.001
000229,000229.jpg,4032,2430.2,6,1481.2936,6697.6343,127.6532,67.3205,0.0014,0.0296
000230,000230.jpg,4032,2724.5,6,5275.2207,11593.2764,122.3952,64.4669,0.0059,0.0186
000231,000231.jpg,4032,2467.0,6,902.4903,3649.9619,130.8286,64.4625,0.0054,0.0133
000232,000232.jpg,4032,3050.9,6,4462.1128,7388.021,120.9742,69.8811,0.0014,0.0423
000233,000233.jpg,4032,2631.9,6,4352.7852,9343.3906,116.3272,64.3684,0.0021,0.0144
000234,000234.jpg,4032,2503.6,6,7365.1323,11041.0869,146.7445,69.9498,0.0006,0.0192
000235,000235.jpg,4032,811.0,1,9275.3496,26938.209,140.2648,52.2034,0.0123,0.0042
000236,000236.jpg,4032,1310.6,1,10936.583,23765.8418,151.0905,46.4331,0.0,0.0
000237,000237.jpg,4032,1597.9,1,13538.542,29948.2285,150.2203,59.5354,0.0,0.0
000238,000238.jpg,4032,991.6,1,5813.0532,9140.8789,120.8493,82.8422,0.0133,0.0322
000239,000239.jpg,4032,854.9,1,2756.3093,6952.5039,149.6196,57.8536,0.0007,0.0038
000240,000240.jpg,4032,976.6,1,17990.0117,22685.8066,147.5981,60.6132,0.0008,0.0
000241,000241.jpg,4032,986.0,1,14256.0977,25233.8984,150.4406,54.9871,0.0003,0.0
000242,000242.jpg,4032,815.5,1,7844.6108,11875.5742,141.4032,44.5909,0.0009,0.0037
000243,000243.jpg,4032,640.4,1,1485.9868,2582.6829,142.4309,46.9746,0.0004,0.0
000244,000244.jpg,4032,639.7,1,2441.1516,4590.4663,147.7137,43.9106,0.0,0.0
000245,000245.jpg,4032,1252.7,1,8208.7822,14936.7158,115.584,57.9567,0.0016,0.0012
000246,000246.jpg,4032,1449.4,1,10912.3633,21291.3613,133.3031,54.7643,0.0037,0.0009
000247,000247.jpg,4032,757.8,1,1430.0449,3463.1877,143.3836,50.8151,0.0013,0.0013
000248,000248.jpg,4032,1112.7,1,11795.5029,29672.5605,135.212,53.5406,0.0004,0.0004
000249,000249.jpg,4032,963.8,1,8910.8105,19308.3223,140.5384,56.2809,0.002,0.0012
000250,000250.jpg,4032,1118.8,1,10248.1514,21527.084,138.5319,56.5709,0.0023,0.0031
000251,000251.jpg,4032,1072.6,1,5169.813,11958.3633,126.6639,73.2826,0.0033,0.0
000252,000252.jpg,4032,757.8,1,2737.0125,4166.3179,131.5579,53.1479,0.0003,0.0001
000253,000253.jpg,4032,1013.3,1,5083.2607,11416.6123,132.4233,40.744,0.0008,0.0029
000254,000254.jpg,4032,920.7,1,6045.5474,16192.0781,130.4672,55.1612,0.0028,0.0046
000255,000255.jpg,4032,853.7,1,5321.2495,9120.7656,139.4532,47.0007,0.0011,0.0007
000256,000256.jpg,4032,824.7,1,5708.3999,8519.7783,118.7525,57.0526,0.0034,0.0118
000257,000257.jpg,4032,939.4,1,1801.9039,3344.4268,129.0858,52.6771,0.0032,0.0039
000258,000258.jpg,4032,748.6,1,5777.5337,7693.4517,138.9804,75.4955,0.0039,0.0445
000259,000259.jpg,4032,863.0,1,2541.6987,14586.6436,144.6962,54.3731,0.0001,0.0038
000260,000260.jpg,5712,1224.7,1,462.144,3517.1602,152.5494,55.9511,0.0011,0.0105
000262,000262.jpg,4032,864.4,1,843.8867,2792.6184,126.6324,52.3671,0.0001,0.0176
000263,000263.jpg,4032,1148.2,1,3657.6458,7983.5298,117.9744,54.6453,0.0001,0.001
000264,000264.jpg,4032,962.3,1,320.9636,2119.5862,142.1506,61.0364,0.0,0.0012
000265,000265.jpg,4032,1036.7,1,3583.0144,6330.2163,113.9513,59.8613,0.0015,0.0017
000266,000266.jpg,4032,1348.5,1,5929.5103,11125.8633,94.5489,55.392,0.0059,0.0039
000267,000267.jpg,4032,934.4,1,1821.8682,3717.1531,108.8082,54.0807,0.0043,0.0
000268,000268.jpg,4032,1036.7,1,1789.4054,3722.47,117.6535,61.5675,0.0003,0.0012
000269,000269.jpg,4032,1330.3,1,17840.9844,31103.9531,148.1776,56.4137,0.0009,0.0065
000270,000270.jpg,4032,1495.4,1,19779.3145,24495.998,135.1273,52.8285,0.0028,0.0101
000271,000271.jpg,4032,1291.6,1,11671.4062,14900.1064,142.2185,54.7994,0.0016,0.004
000272,000272.jpg,4032,1215.0,1,15367.5732,19030.0254,140.756,55.8329,0.0019,0.0
000273,000273.jpg,4032,1289.7,1,12424.25,22599.8691,139.9237,60.5751,0.0024,0.0074
000274,000274.jpg,4032,1426.1,1,20395.002,40268.7461,162.8484,60.1842,0.0,0.0009
000275,000275.jpg,4032,1447.6,1,17636.5215,34302.8242,142.6954,55.5827,0.001,0.0002
000276,000276.jpg,4032,1081.3,1,3176.6465,6822.1147,115.736,52.4646,0.0001,0.0
000277,000277.jpg,4032,1030.1,1,960.5071,4270.4458,129.6295,46.6928,0.0005,0.0
000278,000278.jpg,4032,1157.0,1,2322.6716,4869.728,123.8387,63.6559,0.0016,0.0034
000279,000279.jpg,4032,1142.0,1,6734.1445,11539.0088,129.4229,70.6109,0.0005,0.0028
000280,000280.jpg,4032,1179.7,1,4619.2397,8553.6865,136.3101,54.6768,0.0002,0.0079
000281,000281.jpg,4032,1185.3,1,7017.0923,11988.5186,146.4691,45.3582,0.0023,0.0016
000282,000282.jpg,4032,1356.2,1,13932.3955,22175.4062,137.3633,55.4971,0.0005,0.0
000283,000283.jpg,4032,1057.3,1,2052.4109,4306.0454,139.543,67.1362,0.0035,0.0084
000284,000284.jpg,4032,1754.5,1,24566.9922,21664.0195,154.1855,54.5399,0.0016,0.0
000285,000285.jpg,4032,1180.3,1,2525.7737,4459.9067,133.1749,57.3857,0.0015,0.0137
000286,000286.jpg,4032,1220.0,1,9578.2285,17846.6699,152.5304,49.6414,0.0011,0.0058
000287,000287.jpg,4032,1563.7,1,28581.4375,44756.1367,170.0616,55.9634,0.0006,0.0002
000288,000288.jpg,4032,1356.6,1,2431.011,4012.0979,118.2229,43.9402,0.0011,0.0014
000289,000289.jpg,4032,1283.3,1,2177.9333,4232.0864,123.3391,41.1509,0.0032,0.0002
000290,000290.jpg,4032,1349.3,1,12256.7939,16176.8398,126.9175,55.5349,0.001,0.0026
000291,000291.jpg,4032,1371.7,1,28916.1113,26361.7598,153.8975,71.5829,0.0078,0.0035
000292,000292.jpg,4032,746.1,1,156.5552,1084.3815,119.9973,64.6283,0.0052,0.0093
000293,000293.jpg,4032,887.1,1,2817.6838,7199.5859,127.4776,66.8653,0.0006,0.0219
000294,000294.jpg,4032,1154.1,1,5320.8501,10098.6885,131.8493,60.1005,0.001,0.0051
000295,000295.jpg,4032,1058.3,1,3129.9131,8537.5068,121.5944,52.4975,0.0009,0.0
000296,000296.jpg,4032,841.3,1,231.6599,2472.4973,94.9334,50.9665,0.0035,0.0
000297,000297.jpg,4032,1158.7,1,1587.8734,5781.7515,157.6689,48.5663,0.0001,0.0
000298,000298.jpg,4032,1113.8,1,8890.8467,19524.7637,142.2564,63.5898,0.0024,0.0014
000299,000299.jpg,4032,1681.2,1,10259.0674,19116.8555,131.1559,54.9083,0.0006,0.0021
000300,000300.jpg,4032,975.6,1,5018.7524,10533.2148,155.6269,53.6265,0.0014,0.0022
000301,000301.jpg,4032,981.5,1,4855.2192,6886.3457,123.7243,67.3131,0.0011,0.0126
000302,000302.jpg,4032,1181.0,1,1337.8004,3884.6543,139.0276,51.268,0.0005,0.0002
000303,000303.jpg,4032,1417.8,1,18881.4238,28258.7637,117.5864,63.021,0.0014,0.0
000304,000304.jpg,4032,1210.7,1,4733.0361,8736.1465,120.0938,67.7384,0.0016,0.0018
000305,000305.jpg,4032,1017.9,1,7048.0854,11612.2275,153.1349,67.729,0.0004,0.0043
000306,000306.jpg,4032,992.3,1,3182.8506,9002.9326,140.86,69.6771,0.0013,0.0054
000307,000307.jpg,4032,1034.7,1,1915.764,5709.146,119.4253,52.1786,0.0014,0.0012
000308,000308.jpg,4032,989.4,1,1795.7891,4999.7329,123.9383,62.8961,0.0013,0.0001
000309,000309.jpg,4032,1192.8,1,16752.6582,27990.5215,153.0278,59.2045,0.0,0.0005
000310,000310.jpg,4032,1614.7,1,22411.916,25184.8535,131.8853,58.688,0.0003,0.0042
000311,000311.jpg,4032,1497.0,1,14249.2891,20020.8418,126.4185,56.6224,0.0011,0.0031
000312,000312.jpg,4032,1150.2,1,1173.7601,3104.4753,154.5558,44.1603,0.0006,0.0
000313,000313.jpg,4032,876.4,1,959.9954,3423.6094,150.8261,60.2067,0.0003,0.0098
000314,000314.jpg,4032,1085.5,1,3667.1963,5904.3125,137.2422,53.2921,0.0015,0.0001
000315,000315.jpg,4032,1663.6,1,3179.1194,3982.4524,129.6586,49.2173,0.0005,0.0009
000316,000316.jpg,4032,966.6,1,2790.7048,6162.4839,124.235,49.8316,0.0007,0.01
000317,000317.jpg,4032,1214.2,1,5120.1128,7649.5703,128.5419,48.0777,0.0007,0.0013
000318,000318.jpg,4032,1174.3,1,8055.5894,13319.1299,127.631,50.0576,0.0024,0.006
000319,000319.jpg,4032,926.4,1,911.7845,3384.0027,139.5802,46.8745,0.0003,0.001
000320,000320.jpg,4032,1082.6,1,2398.5662,6956.4468,131.8754,53.435,0.0018,0.0
000321,000321.jpg,4032,997.5,1,1150.8204,2799.2139,135.0022,47.8965,0.001,0.0
000322,000322.jpg,4032,937.1,1,1043.4838,2597.3193,138.7569,46.9309,0.0008,0.0
000323,000323.jpg,4032,1010.5,1,1954.6807,6352.1738,122.0239,60.314,0.0009,0.0074
000324,000324.jpg,4032,1021.5,1,2812.259,7920.897,156.394,45.3598,0.0022,0.0
000325,000325.jpg,4032,1520.3,1,29856.4121,48867.8164,111.2081,70.16,0.0025,0.0028
000326,000326.jpg,4032,1406.8,1,18952.166,40388.332,130.3821,60.6863,0.0013,0.0
000327,000327.jpg,4032,1267.6,1,6497.0103,12538.542,122.9258,53.7158,0.0017,0.0009
000328,000328.jpg,4032,1107.9,1,6203.8384,11048.1602,136.7952,45.8846,0.0009,0.0
000329,000329.jpg,4032,928.0,1,1170.3333,4606.71,136.7784,52.2587,0.0013,0.0071
000330,000330.jpg,4032,1161.6,1,10264.1738,15782.9092,148.4071,54.3038,0.0012,0.0067
000331,000331.jpg,4032,1024.5,1,2686.509,7923.4023,138.6859,51.0971,0.0009,0.0
000332,000332.jpg,4032,841.4,1,1389.5323,3879.2722,143.5458,62.0754,0.0002,0.0077
000333,000333.jpg,4032,1051.9,1,1633.314,3796.9949,112.2691,59.497,0.0011,0.0291
000334,000334.jpg,4032,941.7,1,1054.8823,3215.8914,146.0289,49.9952,0.0006,0.0206
000335,000335.jpg,4032,1149.0,1,4495.7407,10385.8682,131.207,54.1553,0.0019,0.0
000336,000336.jpg,4032,1068.5,1,3569.5295,6882.561,127.8633,50.0342,0.0017,0.0
000337,000337.jpg,4032,1039.8,1,3923.4387,7177.0483,128.3917,53.379,0.0018,0.0
000338,000338.jpg,4032,797.4,1,538.2507,2232.4297,140.7105,66.9918,0.0008,0.0021
000339,000339.jpg,4032,983.0,1,1636.3149,5213.9082,157.1142,53.0674,0.0005,0.0
000340,000340.jpg,4032,1404.7,1,4718.3159,9753.5898,127.4925,57.6047,0.0014,0.0002
000341,000341.jpg,4032,954.2,1,5114.3203,10654.1689,161.1919,54.9484,0.0,0.0059
000342,000342.jpg,4032,990.7,1,1141.4598,3993.7864,128.7181,59.5262,0.0008,0.0034
000343,000343.jpg,4032,1042.6,1,1591.7196,3719.7585,134.2851,57.43,0.0004,0.006
000344,000344.jpg,4032,906.2,1,1318.7375,5695.2754,175.0048,48.9923,0.0003,0.0011
000345,000345.jpg,4032,1024.8,1,3110.2561,11026.0781,121.5033,72.7369,0.0005,0.0025
000346,000346.jpg,4032,1004.7,1,5983.0078,14543.3203,132.1988,77.9103,0.0016,0.0211
000347,000347.jpg,4032,1366.5,1,21849.5938,24648.4004,119.0885,72.6028,0.0033,0.0057
000348,000348.jpg,4032,1278.1,1,18669.959,33300.8516,118.334,70.796,0.0043,0.0065
000349,000349.jpg,4032,1020.8,1,4852.7954,7108.6343,128.9332,60.2412,0.0005,0.0195
000350,000350.jpg,4032,1082.2,1,4598.3818,12762.0029,135.0464,68.5685,0.0012,0.0324
000351,000351.jpg,4032,1261.9,1,4365.5811,5516.0767,135.8348,63.2902,0.0004,0.011
000352,000352.jpg,4032,1138.6,1,8837.3174,12528.0049,117.9953,60.722,0.0016,0.0006
000353,000353.jpg,4032,1310.7,1,18998.752,31493.4316,129.3216,62.0862,0.0031,0.0009
000354,000354.jpg,4032,1409.3,1,11081.9297,22166.6348,115.8761,56.2882,0.0021,0.0041
000355,000355.jpg,4032,1377.8,1,2915.4709,6879.8145,116.0062,49.5072,0.0044,0.0017
000356,000356.jpg,4032,1288.7,1,8858.5391,16990.4316,132.6013,64.1648,0.0007,0.0216
000357,000357.jpg,4032,1301.3,1,10905.1592,17755.8672,167.5233,47.0044,0.0,0.0
000358,000358.jpg,4032,1013.9,1,1845.0414,3319.0195,123.9835,63.9255,0.0005,0.012
000359,000359.jpg,4032,805.5,1,918.5806,1844.1637,144.4539,56.6054,0.0014,0.0007
000360,000360.jpg,4032,1115.7,1,7896.6899,12274.957,128.7588,52.8798,0.0016,0.0148
000361,000361.jpg,4032,1217.2,1,7015.147,13970.6514,119.4379,51.4258,0.0005,0.0043
000362,000362.jpg,4032,1610.2,1,11901.3857,21544.4609,132.4932,47.922,0.0015,0.0018
000363,000363.jpg,4032,1429.9,1,15881.0361,27031.9434,140.0033,59.9722,0.0011,0.0002
000364,000364.jpg,4032,1084.9,1,3351.5176,6581.5562,129.6673,54.8259,0.0003,0.0056
000365,000365.jpg,4032,1121.7,1,9334.3789,17242.3535,116.0447,72.0197,0.0037,0.0084
000366,000366.jpg,4032,1277.8,1,19371.3203,30773.5215,115.039,72.7007,0.0024,0.0205
000367,000367.jpg,4032,1397.2,1,14740.2744,20390.2656,115.7372,59.4041,0.0014,0.0019
000368,000368.jpg,4032,1365.5,1,10487.4258,25226.0254,148.6203,59.554,0.003,0.0001
000369,000369.jpg,4032,1016.5,1,897.069,2292.6604,135.8933,44.7577,0.0002,0.0
000370,000370.jpg,4032,1815.1,1,37672.7695,45380.1367,96.0857,64.8341,0.0007,0.0156
000371,000371.jpg,4032,877.2,1,551.6843,1597.6364,141.009,54.9228,0.0008,0.0015
000372,000372.jpg,4032,1624.1,1,22584.2246,28889.9766,123.5235,60.9739,0.0019,0.0018
000373,000373.jpg,4032,1294.8,1,20981.4785,28086.9219,159.8491,62.58,0.0002,0.0038
000374,000374.jpg,4032,1388.8,1,24727.4531,35805.1016,149.6411,60.3875,0.0006,0.0045
000375,000375.jpg,4032,1161.4,1,12280.3545,16828.8359,157.1543,65.068,0.0001,0.0031
000376,000376.jpg,4032,969.0,1,5049.894,11936.8594,127.6773,65.0222,0.0004,0.0002
000377,000377.jpg,4032,1194.5,1,19093.2051,13558.0439,122.9267,44.3245,0.0007,0.0
000378,000378.jpg,4032,789.0,1,2690.0515,8622.5225,127.6933,59.2376,0.0004,0.0025
000379,000379.jpg,4032,1096.9,1,19548.709,24849.8379,124.8728,52.3014,0.0021,0.004
000380,000380.jpg,4032,736.5,1,4992.5571,11570.9688,127.0799,54.8859,0.0028,0.0008
000381,000381.jpg,4032,752.9,1,1563.9457,2875.3357,113.2909,47.4992,0.0018,0.0
000382,000382.jpg,4080,2274.4,1,12857.1338,20606.2168,104.2237,81.5369,0.0075,0.0049
000383,000383.jpg,4080,2815.2,1,6279.812,8662.1465,131.4922,46.6598,0.0,0.0005
000384,000384.jpg,4080,1782.8,1,1828.4418,3138.1536,162.1629,54.7161,0.0019,0.0
000385,000385.jpg,4080,2121.9,1,1225.9238,2714.4246,137.515,66.3162,0.0036,0.0012
000386,000386.jpg,4080,4022.0,1,30828.0156,26842.416,126.0412,69.9934,0.0039,0.0035
000387,000387.jpg,4080,2691.4,1,5654.9253,9505.6592,127.4242,77.8267,0.0101,0.0312
000388,000388.jpg,4080,2822.3,1,7504.5884,8275.8174,127.2379,57.1226,0.0148,0.0
000389,000389.jpg,4080,2268.1,1,5901.9844,6547.0161,129.8942,55.7612,0.013,0.0
000390,000390.jpg,4080,2542.8,1,7691.1899,7178.8062,129.2581,51.2807,0.0086,0.0083
000391,000391.jpg,4080,2590.5,1,5329.0527,8503.6357,135.3756,51.5002,0.0044,0.0022
000392,000392.jpg,4080,3198.7,1,19659.0176,24550.0098,92.3449,67.4434,0.0025,0.0203
000393,000393.jpg,4080,2055.2,1,2103.3606,5401.5137,146.7562,59.2415,0.0001,0.0002
000394,000394.jpg,4080,3039.5,1,17095.8164,22265.4766,120.7046,62.2693,0.0115,0.0
000395,000395.jpg,4080,2908.8,1,4279.6587,7756.896,116.9048,58.5997,0.0089,0.0108
000396,000396.jpg,4080,2499.3,1,6536.8345,14110.6592,106.3684,55.6399,0.0093,0.0003
000397,000397.jpg,4080,2548.7,1,6630.6782,8813.7422,128.5212,65.1262,0.0013,0.0025
000398,000398.jpg,4080,1968.8,1,2636.5193,4937.5996,135.9546,59.085,0.0031,0.0102
000399,000399.jpg,4080,2280.7,1,11370.7705,9888.8555,128.952,71.9372,0.0072,0.0053
000400,000400.jpg,4080,2440.3,1,4757.4316,7109.062,133.1047,63.6446,0.0007,0.0014
000401,000401.jpg,4080,2053.2,1,974.3508,3837.1472,131.6211,54.8492,0.0029,0.0036
000402,000402.jpg,4080,3092.9,1,25349.8105,33810.2617,116.3726,62.2263,0.006,0.0
000403,000403.jpg,4080,3057.7,1,4281.4375,6586.5142,116.6068,48.4455,0.0021,0.0085
000404,000404.jpg,4080,2200.9,1,1808.8976,3289.043,145.1201,61.9653,0.0146,0.0
000405,000405.jpg,4080,2535.3,1,15657.3984,18854.4238,139.2149,51.8878,0.0062,0.0
000406,000406.jpg,4080,2348.7,1,1551.7686,2098.8455,126.6994,40.0749,0.0001,0.0
000407,000407.jpg,4080,3119.8,1,11117.0205,16323.9795,123.2662,65.4708,0.0043,0.0016
000408,000408.jpg,4080,4738.6,1,15863.6846,12183.3115,150.0863,57.2618,0.0108,0.0041
000409,000409.jpg,4080,2051.1,1,2915.5178,5219.8418,129.4169,41.8972,0.01,0.0
000410,000410.jpg,4080,2553.5,1,3407.835,4212.4019,130.564,60.1566,0.0011,0.0028
000411,000411.jpg,4080,2811.2,1,21361.5195,18561.584,113.3479,60.3786,0.0082,0.0
000412,000412.jpg,4080,2431.8,1,5302.7104,7118.5972,130.285,52.8267,0.0006,0.0
000413,000413.jpg,4080,2629.5,1,4575.5376,8948.6211,116.0441,56.4317,0.0036,0.0111
000414,000414.jpg,4080,2522.7,1,1224.0367,2942.1377,134.798,65.3148,0.0023,0.0027
000415,000415.jpg,4080,2273.9,1,1130.8785,3236.8879,135.039,55.0078,0.0058,0.0
000416,000416.jpg,4080,2407.6,1,3030.0852,4770.6099,128.5248,62.4108,0.0143,0.0001
000417,000417.jpg,4080,2300.3,1,2492.7031,4131.6836,128.0612,52.2742,0.0042,0.0
000418,000418.jpg,4080,2746.7,1,476.4242,1794.7472,127.678,75.284,0.0125,0.0
000419,000419.jpg,4080,2817.9,1,7178.979,9525.0801,110.5471,63.3842,0.0005,0.0031
000420,000420.jpg,4080,2569.0,1,10949.8096,9805.832,145.7209,64.3212,0.0,0.0013
000421,000421.jpg,4080,2357.0,1,3758.3743,4699.4575,121.1502,53.3086,0.0027,0.0068
000422,000422.jpg,4080,2224.0,1,2186.3127,3404.676,110.4554,53.1076,0.0033,0.0036
000423,000423.jpg,4080,2112.3,1,3088.6992,6626.7524,137.2498,67.891,0.0039,0.0007
000424,000424.jpg,4080,2597.5,1,11467.0205,12395.3057,125.6912,64.919,0.0022,0.0016
000425,000425.jpg,4080,2348.0,1,2178.8955,3348.3313,123.8521,70.3114,0.0027,0.0017
000426,000426.jpg,4080,2933.4,1,8685.3213,11461.7812,95.5311,64.3035,0.0022,0.0005
000427,000427.jpg,4080,2938.2,1,9948.3311,13905.5264,107.466,58.7754,0.0113,0.0
000428,000428.jpg,4080,2087.1,1,776.1583,2097.2869,148.4068,63.9611,0.0052,0.001
000429,000429.jpg,4080,2585.7,1,12577.9932,13765.9814,136.1553,46.7329,0.0027,0.0008
000430,000430.jpg,4080,2576.0,1,14478.375,12326.0186,135.2762,66.6844,0.0017,0.0007
000431,000431.jpg,4080,2751.6,1,8285.7295,11539.8643,115.3146,59.6796,0.013,0.0026
000432,000432.jpg,4080,2289.4,1,5249.0957,9500.9297,149.7393,74.1033,0.0041,0.0279
000433,000433.jpg,4080,2270.6,1,5226.5151,5380.2466,122.531,52.3686,0.0061,0.0011
000434,000434.jpg,4080,2194.0,1,10290.5986,10219.4678,127.3806,69.7582,0.0095,0.0123
000435,000435.jpg,4080,3275.7,1,4344.6021,2983.7197,35.6789,29.6039,0.0,0.1085
000436,000436.jpg,4080,2298.6,1,1609.4629,3066.3906,137.6116,61.4976,0.0024,0.0004
000437,000437.jpg,4080,2257.9,1,2051.0427,3256.1174,141.5475,62.1621,0.0016,0.0
000438,000438.jpg,4080,2413.1,1,3452.8455,5227.9448,114.1711,65.5485,0.0049,0.0
000439,000439.jpg,4080,2388.3,1,2618.0088,4923.103,135.6795,57.1665,0.0033,0.0
000440,000440.jpg,4080,2142.8,1,3405.3994,5062.3359,127.221,61.1531,0.0046,0.0106
000441,000441.jpg,4080,2014.4,1,4432.7788,6696.4121,149.2411,48.1035,0.002,0.0009
000442,000442.jpg,4080,2312.8,1,5855.4922,8381.9766,115.6687,46.3675,0.006,0.0
000443,000443.jpg,4080,2704.7,1,13783.8779,11846.3408,158.6344,49.5176,0.0003,0.0
000444,000444.jpg,4080,2337.3,1,14253.5859,12143.4482,148.107,59.6436,0.0022,0.0
000445,000445.jpg,4080,3600.3,1,27034.2266,25475.7578,118.5296,71.2055,0.0109,0.0
000446,000446.jpg,4080,3989.9,1,4291.6401,6555.0337,118.6461,67.3553,0.0027,0.0004
000447,000447.jpg,4080,2052.5,1,357.5772,1679.5055,123.8031,56.5248,0.0049,0.0025
000448,000448.jpg,4080,2242.7,1,2606.3457,5879.9634,131.9169,62.2972,0.0014,0.0003
000449,000449.jpg,4080,1996.3,1,2185.2466,3917.3743,115.9705,63.3165,0.0039,0.0111
000450,000450.jpg,4080,2524.6,1,2573.9431,5639.77,119.2638,58.551,0.0061,0.0057
000451,000451.jpg,4080,2530.5,1,15017.2461,15891.7656,119.9028,62.4087,0.0051,0.0102
000452,000452.jpg,4080,2483.2,1,2094.9443,4216.2241,107.8991,51.6024,0.0074,0.0038
000453,000453.jpg,4080,3329.6,1,12128.6123,16949.5234,87.2089,60.0079,0.0001,0.0184
000454,000454.jpg,4080,3358.8,1,8011.0581,10555.165,129.6431,60.4675,0.0079,0.0
000455,000455.jpg,4080,3134.3,1,1161.8064,2938.2747,121.1364,55.4426,0.0016,0.0
000456,000456.jpg,4080,3175.1,1,8762.0254,13890.0186,129.7482,62.3793,0.0055,0.0
000457,000457.jpg,4080,2450.5,1,10663.3662,18240.7949,164.0215,56.3225,0.0018,0.0001
000458,000458.jpg,4080,3026.1,1,10059.835,16921.2715,144.752,57.6201,0.0062,0.0
000459,000459.jpg,4080,2881.6,1,19754.5605,16222.6787,156.8807,48.6551,0.0023,0.0001
000460,000460.jpg,4080,2549.0,1,12515.7275,16683.5781,151.4972,59.5513,0.0007,0.0062
000461,000461.jpg,4080,2560.9,1,10550.2158,10285.5576,117.7502,62.709,0.0002,0.006
000462,000462.jpg,4080,2588.1,1,11129.6943,12040.9541,150.0683,59.8736,0.0014,0.0094
000463,000463.jpg,4080,2689.2,1,4715.3159,9488.6045,111.1519,73.7007,0.0,0.0168
000464,000464.jpg,4080,2854.7,1,4005.3513,7536.6616,126.7576,53.13,0.0028,0.0
000465,000465.jpg,4080,2269.5,1,3749.178,7143.8345,155.7056,64.135,0.0014,0.0065
000466,000466.jpg,4080,2721.1,1,5608.3027,10602.3271,117.3579,62.1405,0.0026,0.0
000467,000467.jpg,4080,2858.8,1,23250.0176,31804.2285,130.155,72.0508,0.0039,0.0001
000468,000468.jpg,4080,2152.4,1,1279.9696,3482.2859,123.0502,55.0662,0.0026,0.0001
000469,000469.jpg,4080,2721.8,1,9517.0752,9773.2188,146.6258,58.6769,0.0041,0.0
000470,000470.jpg,4080,2462.7,1,11626.3818,10904.3242,122.2768,63.9295,0.001,0.0001
000471,000471.jpg,4080,2601.4,1,5765.9497,11113.3545,112.0706,49.0385,0.0028,0.0002
000472,000472.jpg,4080,2265.6,1,5414.9253,8057.7202,146.4317,54.8673,0.0046,0.0
000473,000473.jpg,4080,2692.9,1,9582.4805,16372.7109,134.6496,64.3744,0.0023,0.0028
000474,000474.jpg,4080,2223.0,1,1505.4254,2129.5388,121.6881,56.044,0.0028,0.0051
000475,000475.jpg,4080,2205.6,1,1271.834,2305.9922,125.3979,49.8107,0.0084,0.0003
000476,000476.jpg,4080,2816.9,1,4439.6045,9783.1689,123.8796,55.4705,0.0031,0.0012
000477,000477.jpg,4080,2590.3,1,12326.8779,12836.1904,142.6494,54.2022,0.0021,0.0001
000478,000478.jpg,4080,2003.3,1,374.0309,1188.0939,145.9848,52.464,0.0017,0.0
000479,000479.jpg,4080,4876.4,1,1810.2811,3287.8103,138.8909,65.2927,0.0012,0.0053
000480,000480.jpg,4080,6429.3,1,13042.8018,12362.2695,126.5349,61.5814,0.0093,0.0031
000481,000481.jpg,4080,5372.1,1,1969.4069,3850.0293,143.1689,53.5325,0.0021,0.0005
000482,000482.jpg,4080,5387.4,1,9313.5732,13532.7861,115.3039,66.4362,0.0046,0.0238
000483,000483.jpg,4080,4947.9,1,966.9724,2563.439,139.3699,68.6011,0.0031,0.0021
000484,000484.jpg,4080,6599.5,1,13907.9814,10103.4521,127.9975,59.7435,0.0049,0.0103
000485,000485.jpg,4080,4925.1,1,1093.4028,3302.7839,139.6204,53.1951,0.0027,0.0105
000486,000486.jpg,4080,6947.1,1,6569.2026,8996.4111,137.5079,52.6819,0.0074,0.0011
000487,000487.jpg,4080,4331.2,1,1278.171,2879.5115,176.8848,65.1777,0.0036,0.0
000488,000488.jpg,4080,2340.8,1,9791.7627,10289.3145,128.4684,60.1311,0.0,0.0078
000489,000489.jpg,4080,7214.9,1,26998.7793,18734.6328,128.5582,52.6485,0.001,0.0002
000490,000490.jpg,4080,2177.7,1,456.0504,2756.2166,137.464,59.9951,0.0046,0.0002
000491,000491.jpg,4080,2189.3,1,6041.437,7022.3242,129.7141,67.8002,0.0093,0.0037
000492,000492.jpg,4080,1990.0,1,4921.3252,6021.6953,130.2224,67.4868,0.0044,0.0066
000493,000493.jpg,4080,2723.0,1,22484.9746,18417.959,136.841,56.7783,0.0016,0.003
000494,000494.jpg,4080,2138.5,1,5617.0796,8390.2852,123.3972,68.3943,0.0097,0.0
000495,000495.jpg,4080,2695.7,1,12934.0205,8160.019,126.1962,70.5831,0.002,0.0035
000496,000496.jpg,4080,2006.9,1,3660.1121,4273.6646,125.2234,66.012,0.0031,0.0123
000497,000497.jpg,4080,1679.9,1,424.6927,1577.6742,131.1031,62.3745,0.0077,0.001
000498,000498.jpg,4080,1907.8,1,1046.9049,2558.5046,132.6367,57.4318,0.0068,0.0077
000499,000499.jpg,4080,2157.0,1,2828.2009,7406.6128,104.4141,60.4447,0.021,0.002
000500,000500.jpg,4080,2228.0,1,1876.6123,4389.1636,114.3707,69.0726,0.0344,0.0011
000501,000501.jpg,4080,2360.0,1,3191.925,9519.6045,127.6057,57.6727,0.0032,0.0
000502,000502.jpg,4080,2474.7,1,12255.3174,14351.8477,140.9079,53.3725,0.0024,0.0
000503,000503.jpg,4080,2962.2,1,9520.9893,19321.7676,120.9048,66.5431,0.0091,0.0
000504,000504.jpg,4080,2913.1,1,9545.6953,15902.1143,134.0927,66.4884,0.0075,0.0
000505,000505.jpg,4080,2903.3,1,9846.4375,18113.0332,132.2811,66.7257,0.0063,0.0
000506,000506.jpg,4080,3558.7,1,10531.292,16348.9541,87.6666,72.8796,0.0004,0.0264
000507,000507.jpg,4080,2927.0,1,9296.6367,5845.4082,85.7548,63.2006,0.0031,0.026
000508,000508.jpg,1400,343.0,1,3125.1345,9740.3486,141.2148,48.2554,0.0,0.0
000509,000509.jpg,1400,291.0,1,1035.125,2669.2908,129.8404,46.163,0.0,0.0
000510,000510.jpg,1400,373.1,1,2184.2495,4980.1846,148.4793,44.5901,0.0,0.0
000511,000511.jpg,1400,273.4,1,521.3376,1655.9506,125.1794,52.3357,0.0,0.0
000512,000512.jpg,1400,425.6,1,6504.7026,17636.1348,161.0459,50.8328,0.0014,0.0
000513,000513.jpg,1400,229.2,1,653.9346,2281.2251,139.7026,51.9285,0.0,0.0
000514,000514.jpg,1400,233.3,1,1188.8505,3030.6584,135.245,45.72,0.0001,0.0
000515,000515.jpg,1400,351.1,1,3970.5896,7850.1406,142.9268,45.7313,0.0,0.0
000516,000516.jpg,1400,564.1,1,5223.0342,13732.25,117.9711,52.7106,0.0067,0.0
000517,000517.jpg,1400,397.7,1,3375.761,10970.3252,129.5794,62.1618,0.003,0.0
000518,000518.jpg,1400,304.6,1,210.9187,766.1374,152.4698,41.5892,0.0003,0.0
000519,000519.jpg,1400,368.1,1,988.1331,2185.6208,133.4796,38.0185,0.0,0.0
000520,000520.jpg,1400,360.4,1,1615.9005,5127.1519,142.5382,44.3192,0.0027,0.0
000521,000521.jpg,1400,366.6,1,1790.6678,4498.1011,122.5107,38.7948,0.0,0.0
000522,000522.jpg,1400,414.1,1,5660.5464,18056.3711,121.1187,56.0617,0.0,0.0
000523,000523.jpg,1400,350.1,1,1091.4526,2462.9338,119.2893,49.5857,0.0,0.0
000524,000524.jpg,1400,388.6,1,4086.5586,9630.0205,149.818,53.9764,0.0,0.0
000525,000525.jpg,1400,325.9,1,1385.348,3119.7107,135.3242,56.7613,0.0,0.0
000526,000526.jpg,1400,280.2,1,1469.9445,3806.4072,128.5253,50.2359,0.0052,0.0
000527,000527.jpg,1400,367.4,1,1717.8605,4891.46,126.1325,56.8388,0.0013,0.0
000528,000528.jpg,1400,374.5,1,938.0303,2985.4551,126.8357,30.1966,0.0,0.0
000529,000529.jpg,1400,285.6,1,220.1715,748.4346,101.3314,38.7608,0.0003,0.0
000530,000530.jpg,1050,150.1,1,565.6202,3330.8044,106.3941,39.2041,0.0026,0.0
000531,000531.jpg,1400,361.1,1,1107.3823,3782.3242,138.9328,50.7913,0.0003,0.0
000532,000532.jpg,1400,260.0,1,274.473,1412.936,145.1916,44.3167,0.0004,0.0
000533,000533.jpg,1400,354.2,1,3003.3855,9401.9453,161.5148,42.0157,0.0,0.0
000534,000534.jpg,1400,294.8,1,1117.6052,4107.335,143.7061,46.4268,0.0005,0.0
000535,000535.jpg,1400,351.3,1,921.5737,2840.9719,148.5649,35.6026,0.0006,0.0
000536,000536.jpg,1400,314.2,1,717.7623,3229.6934,139.6111,42.8741,0.0004,0.0
000537,000537.jpg,1400,506.8,1,7230.5776,11176.7744,136.8537,41.424,0.0008,0.0
000538,000538.jpg,1400,306.0,1,395.4375,1495.8969,143.9951,46.8204,0.0,0.0
000539,000539.jpg,1400,449.6,1,6170.6309,14682.7578,126.7779,58.1768,0.0011,0.0
000540,000540.jpg,1400,282.3,1,483.3415,1455.9769,143.6965,57.9923,0.0,0.0
000541,000541.jpg,1400,267.0,1,264.6884,1461.8994,116.1744,58.5718,0.001,0.0
000542,000542.jpg,1400,378.4,1,3736.8196,9692.8018,142.9473,43.4194,0.0024,0.0
000543,000543.jpg,1400,468.5,1,7569.9336,16605.627,122.5451,51.0553,0.0002,0.0
000544,000544.jpg,1400,371.6,1,701.825,2131.5642,137.6207,53.7948,0.0016,0.0
000545,000545.jpg,1400,445.6,1,5830.0708,12296.2549,117.5011,68.1594,0.0027,0.0
000546,000546.jpg,1400,395.3,1,5659.1724,9132.0596,126.4835,52.7023,0.0022,0.0
000547,000547.jpg,1400,332.6,1,1707.9261,7778.5059,104.6334,57.9589,0.0,0.0
000548,000548.jpg,1400,381.7,1,3470.8301,9045.5068,115.6682,63.1739,0.0004,0.0
000549,000549.jpg,1400,462.7,1,8105.8179,12633.5752,152.1875,36.5359,0.001,0.0
000550,000550.jpg,1400,334.2,1,3354.8601,6282.3848,131.1823,53.6898,0.0,0.0
000551,000551.jpg,1400,397.0,1,4028.0437,7948.6167,130.681,52.9452,0.0021,0.0
000552,000552.jpg,1400,373.5,1,3423.21,6785.1597,133.5569,46.3919,0.0025,0.0
000553,000553.jpg,1400,390.0,1,3274.2766,7137.7812,147.5623,36.3749,0.0033,0.0
000554,000554.jpg,1400,307.9,1,563.9193,2570.7673,128.6338,52.2413,0.004,0.0
000555,000555.jpg,1400,354.2,1,2248.1985,5237.3926,134.1193,44.2587,0.0037,0.0
000556,000556.jpg,1400,344.6,1,565.7929,3264.9844,131.2837,53.1038,0.0022,0.0
000557,000557.jpg,1400,378.2,1,3103.9746,6661.8652,139.8088,51.2859,0.0,0.0
000558,000558.jpg,1400,544.5,1,6545.9883,13604.0674,133.0242,47.7396,0.0,0.0
000559,000559.jpg,1400,308.3,1,342.8409,1192.271,144.8146,53.9484,0.0,0.0
000560,000560.jpg,1400,387.3,1,4860.1587,12666.9893,146.8461,62.513,0.0,0.0
000561,000561.jpg,1400,491.7,1,3647.0928,10437.9932,116.7171,43.8296,0.0,0.0
000562,000562.jpg,1400,412.9,1,4451.8823,8684.2646,131.8777,37.7986,0.0,0.0
000563,000563.jpg,1400,443.5,1,1420.4535,4179.5059,141.8908,44.9118,0.0025,0.0
000564,000564.jpg,1400,453.2,1,2162.6501,4676.4165,129.1187,51.0793,0.0,0.0
000565,000565.jpg,1400,296.5,1,2033.4335,5065.3081,130.9329,65.1215,0.0022,0.0
000566,000566.jpg,1233,228.6,1,675.7434,2722.7776,157.0087,30.6907,0.0019,0.0
000567,000567.jpg,1400,365.7,1,1527.9684,3761.1826,140.719,45.0006,0.0018,0.0
000568,000568.jpg,1399,326.3,1,3634.2148,6931.8452,151.1262,43.713,0.0,0.0
000569,000569.jpg,1400,294.4,1,366.4946,1341.0953,139.9911,40.8722,0.0,0.0
000570,000570.jpg,1400,360.9,1,495.1554,2405.5447,129.4397,32.3432,0.0,0.0
000571,000571.jpg,1400,393.5,1,2628.7112,7732.6538,159.3162,53.3455,0.0,0.0
000572,000572.jpg,1400,250.7,1,653.495,3810.8762,149.0072,48.1205,0.0,0.0
000573,000573.jpg,1400,465.0,1,3975.4602,7145.2505,139.5918,49.7697,0.0023,0.0
000574,000574.jpg,1400,397.9,1,1630.861,5701.6841,153.0333,39.2589,0.0,0.0
000575,000575.jpg,1400,315.4,1,546.2972,1923.4362,167.4944,35.6313,0.0001,0.0
000576,000576.jpg,1400,423.1,1,3130.3215,5088.1909,122.7346,53.9839,0.0,0.0
000577,000577.jpg,1400,401.9,1,1917.3558,5169.0981,132.4696,47.6361,0.0041,0.0
000578,000578.jpg,1400,348.2,1,603.8786,2578.426,124.1324,42.261,0.0006,0.0
000579,000579.jpg,1400,362.3,1,424.9147,1400.4799,102.2395,34.4356,0.0,0.0
000580,000580.jpg,1400,367.1,1,1111.1808,3775.5676,115.1038,58.2536,0.0077,0.0
000581,000581.jpg,1162,357.8,1,3880.3816,14495.457,128.1382,54.8611,0.0,0.0
000582,000582.jpg,1400,407.1,1,1448.8922,3039.8347,134.287,31.5172,0.0002,0.0
000583,000583.jpg,1400,270.8,1,313.4578,1166.9042,164.5762,29.6843,0.0,0.0
000584,000584.jpg,1400,420.2,1,1694.4291,4686.5132,146.1308,28.6461,0.0007,0.0
000585,000585.jpg,1400,599.2,1,15908.2422,27260.4121,120.3323,60.6777,0.0002,0.0
000586,000586.jpg,1400,226.9,1,284.0829,950.1326,163.693,17.1914,0.0,0.0
000587,000587.jpg,1400,480.1,1,3249.6064,12280.2705,146.9201,37.1871,0.0001,0.0
000588,000588.jpg,1400,416.3,1,1154.7155,3514.4558,125.8325,38.5018,0.0012,0.0
000589,000589.jpg,1400,377.0,1,3202.2585,12420.2812,169.1502,37.0307,0.0,0.0
000590,000590.jpg,1400,266.5,1,174.5143,519.9908,119.2974,50.6578,0.0,0.0
000591,000591.jpg,1400,360.7,1,1331.7216,4976.7695,99.5106,58.8935,0.003,0.0
000592,000592.jpg,1400,339.7,1,595.0972,3810.2178,147.2059,38.5865,0.0,0.0
000593,000593.jpg,1613,346.0,1,3359.1125,5088.1108,118.2097,46.5198,0.0001,0.0
000594,000594.jpg,1613,314.0,1,3073.9421,7243.5762,139.5007,53.1082,0.0072,0.0
000595,000595.jpg,1613,334.8,1,5191.0239,5509.1479,143.8459,41.232,0.0066,0.0
000596,000596.jpg,1613,429.8,1,5612.2334,5912.8389,136.3809,45.1078,0.0049,0.0
000597,000597.jpg,1613,331.3,1,3095.7634,6518.1841,151.0004,33.0731,0.0,0.0
000598,000598.jpg,1299,382.1,1,19068.1426,35507.4531,156.1921,42.6259,0.0,0.0
000599,000599.jpg,1613,259.2,1,2956.5259,4902.4761,151.7126,39.6945,0.0001,0.0
000600,000600.jpg,1613,342.1,1,2179.168,3624.1279,142.1638,41.96,0.0027,0.0
000601,000601.jpg,1613,375.0,1,3415.0073,4007.6729,113.5931,51.8927,0.003,0.0
000602,000602.jpg,1613,307.8,1,1625.1082,5290.8472,130.7952,47.0406,0.0074,0.0
000603,000603.jpg,1345,397.4,1,6706.3882,13556.3076,115.5687,46.5395,0.002,0.0
000604,000604.jpg,1613,363.0,1,3258.6946,5801.7988,143.4869,40.1188,0.006,0.0
000605,000605.jpg,1613,458.6,1,9433.9443,9981.4043,109.8711,52.142,0.0001,0.0
000606,000606.jpg,1613,348.1,1,2873.5029,8567.0322,132.7228,49.2795,0.0,0.0
000607,000607.jpg,1423,340.0,1,9667.1387,14812.2188,129.3695,61.7234,0.0,0.0
000608,000608.jpg,1613,224.7,1,1169.6989,2571.1238,161.495,41.7046,0.0004,0.0
000609,000609.jpg,1613,322.7,1,1898.5516,4501.9741,135.5063,47.174,0.0,0.0
000610,000610.jpg,1613,299.8,1,2279.6604,4676.2695,133.2273,37.6824,0.0094,0.0
000611,000611.jpg,1613,401.2,1,2686.1794,4902.6343,144.0755,49.3037,0.007,0.0
000612,000612.jpg,1613,296.6,1,1459.5455,4224.8979,137.0115,39.3601,0.0,0.0
000613,000613.jpg,1613,327.7,1,4385.6821,9160.3184,130.1541,46.7146,0.0,0.0
000614,000614.jpg,1613,351.0,1,1427.5249,2873.8193,128.9329,46.0843,0.0064,0.0
000615,000615.jpg,1613,293.4,1,4019.5396,5563.7842,136.4337,46.3564,0.0003,0.0
000616,000616.jpg,1613,366.6,1,3862.6714,7040.3501,143.6094,47.0262,0.0,0.0
000617,000617.jpg,1613,396.3,1,2381.802,7637.502,125.5156,57.2554,0.0002,0.0
000618,000618.jpg,1613,465.8,1,17972.6289,36644.5469,111.5182,62.8424,0.0051,0.0
000619,000619.jpg,1613,338.6,1,4379.9966,5701.0898,126.1206,45.358,0.0003,0.0
000620,000620.jpg,1613,441.6,1,9019.8984,11857.2129,149.2639,48.7531,0.0002,0.0
000621,000621.jpg,1613,312.7,1,1090.3641,2764.3679,127.966,51.9905,0.0,0.0
000622,000622.jpg,1613,329.5,1,2655.2729,9324.9482,137.2411,49.7177,0.0129,0.0
000623,000623.jpg,1613,316.5,1,3204.6914,5652.7295,138.5787,49.1172,0.0001,0.0
000624,000624.jpg,1613,242.1,1,1819.3782,4645.4702,161.7396,36.8096,0.0046,0.0
000625,000625.jpg,1613,269.2,1,1761.1873,5024.2744,153.9048,41.8868,0.0022,0.0
000626,000626.jpg,4032,1972.0,6,668.9011,2136.5205,129.886,41.5575,0.0019,0.0022
000627,000627.jpg,4032,2134.2,6,1485.8275,3931.6328,131.2322,45.3778,0.0003,0.0001
000628,000628.jpg,4032,2056.0,6,1019.405,2826.9563,127.9935,42.1986,0.0018,0.0003
000629,000629.jpg,4032,2196.2,6,1869.9242,5258.1333,142.1618,50.6554,0.0001,0.0012
000630,000630.jpg,4032,2269.6,6,9182.7324,17730.7129,151.3131,35.6991,0.0,0.0
000631,000631.jpg,3520,927.5,6,737.1136,4093.3577,137.1712,54.9919,0.0012,0.0
000632,000632.jpg,3520,1353.3,6,6493.0571,14505.543,158.7713,49.6005,0.0004,0.0
000633,000633.jpg,3520,1066.5,6,1442.7944,6452.2334,130.7527,58.3699,0.0009,0.0093
000634,000634.jpg,3520,939.2,6,2502.2529,6958.6431,121.3298,52.3899,0.0006,0.0002
000635,000635.jpg,3520,1330.4,6,8170.2075,14610.6289,134.8388,57.1339,0.002,0.0
000636,000636.jpg,3520,983.3,6,784.2596,2089.1128,156.2471,58.7022,0.0,0.0023
000637,000637.jpg,3520,815.2,6,818.4133,2716.3005,152.5506,49.0778,0.0,0.0
000638,000638.jpg,3520,824.5,6,1029.0854,3163.5283,145.8361,59.2878,0.0001,0.0002
000639,000639.jpg,3520,1127.0,6,6896.1895,15281.0,144.3325,49.3786,0.0013,0.0006
000640,000640.jpg,3520,1048.3,6,1515.6241,5704.5264,124.7076,52.4864,0.0,0.0008
000641,000641.jpg,3520,1228.6,1,3668.9949,8818.5205,152.4374,42.0107,0.0,0.0
000642,000642.jpg,3520,1141.4,6,6935.7812,17623.8242,106.6033,69.81,0.0007,0.0
000643,000643.jpg,3520,1127.8,6,9268.8701,13137.5352,132.8345,45.3757,0.003,0.0
000644,000644.jpg,3520,941.1,6,2174.3203,6183.3496,146.1768,52.8568,0.0004,0.0004
000645,000645.jpg,3520,1388.7,6,13748.6299,20581.3398,151.8657,54.4392,0.001,0.0021
000646,000646.jpg,3520,1108.0,6,2536.5815,5393.3662,123.1512,64.6297,0.0007,0.0009
000647,000647.jpg,3520,1422.1,6,4007.9336,8804.0488,125.2095,56.892,0.0,0.0
000648,000648.jpg,3520,1194.9,6,2478.3081,9716.3887,138.7777,54.0549,0.0009,0.0
000649,000649.jpg,2358,793.7,1,5040.0469,15659.9482,143.4331,58.5069,0.0,0.0
000650,000650.jpg,1930,380.7,1,998.9661,3008.5901,183.7898,45.7839,0.0011,0.0
000651,000651.jpg,2542,631.4,1,425.8805,1237.0104,161.0139,62.662,0.0002,0.0047
000652,000652.jpg,1979,689.9,1,13582.4834,28771.584,189.3179,42.9234,0.0,0.0
000653,000653.jpg,1844,279.9,1,354.4698,2093.783,133.3963,60.6635,0.0001,0.0084
000654,000654.jpg,1890,315.3,1,322.5869,1998.3359,163.6334,44.6954,0.0001,0.0002
000655,000655.jpg,2229,672.2,1,1971.5905,7387.3496,141.0491,55.6328,0.0,0.0003
000656,000656.jpg,2425,683.4,1,4753.2788,8425.5977,126.3364,68.6312,0.0,0.0028
000657,000657.jpg,1694,297.0,1,645.571,2632.696,136.5788,44.7402,0.0035,0.0
000658,000658.jpg,1898,350.6,1,190.2314,544.6844,142.7921,35.1336,0.0,0.0
000659,000659.jpg,2284,607.0,1,1425.2861,5478.1118,144.8899,42.5577,0.0003,0.0
000660,000660.jpg,2317,729.8,1,3165.3904,11182.46,174.4217,42.1416,0.0002,0.0
000661,000661.jpg,1870,432.4,1,2789.9236,8742.6045,136.0561,51.7235,0.0002,0.0
000662,000662.jpg,2402,755.3,1,1458.978,6826.9507,156.6531,46.5685,0.0008,0.0
000663,000663.jpg,2092,491.2,1,379.8697,2496.9832,111.9868,48.7297,0.0,0.0024
000664,000664.jpg,2124,635.6,1,2988.7874,13260.6436,122.8971,60.518,0.0006,0.0
000665,000665.jpg,3520,1442.2,6,3028.7783,7809.0156,124.037,45.9851,0.0,0.0
000666,000666.jpg,2735,723.6,1,207.3003,1628.363,139.1061,55.6387,0.0,0.0
000667,000667.jpg,2364,537.4,1,525.7158,2084.8936,150.6009,42.627,0.0,0.0
000668,000668.jpg,2225,638.4,1,952.2816,2834.2976,140.9976,44.4164,0.0,0.0
000669,000669.jpg,2404,673.9,1,356.9423,1983.5337,151.8847,60.3153,0.0002,0.0
000670,000670.jpg,2054,550.5,1,1701.0199,6211.9048,131.2645,61.7846,0.0009,0.0
000671,000671.jpg,2596,680.7,1,1608.0436,6312.1299,108.664,57.7191,0.0,0.0176
000672,000672.jpg,2415,684.5,1,4223.606,13390.1611,156.7635,49.8162,0.0019,0.0
000673,000673.jpg,2669,985.2,1,6049.1138,20778.043,105.5778,58.4801,0.0001,0.0
000674,000674.jpg,2312,575.2,1,1991.3054,7832.0864,151.5201,52.7,0.0001,0.0
000675,000675.jpg,2098,487.1,1,2457.2197,8362.6426,101.8352,63.8379,0.0001,0.0045
000676,000676.jpg,2602,561.3,1,523.1606,2431.5967,174.9456,41.1658,0.0004,0.0
000677,000677.jpg,2166,419.6,1,440.7347,2749.0381,199.8124,32.9739,0.0,0.0
000678,000678.jpg,2270,566.3,1,3145.5242,11172.6543,133.8715,60.9683,0.0016,0.0
000679,000679.jpg,3190,1264.0,1,16631.7598,35550.5625,127.7298,66.0347,0.0,0.0
000680,000680.jpg,2084,462.8,1,1496.1136,8838.1357,145.6841,60.1169,0.0026,0.0
000681,000681.jpg,2425,476.3,1,1025.2849,4699.3506,118.249,58.5989,0.0051,0.0
000682,000682.jpg,2661,599.2,1,512.7244,2246.0259,130.6084,50.5281,0.0,0.0004
000683,000683.jpg,2062,316.3,1,299.429,1381.5131,163.5196,42.885,0.0002,0.0
000684,000684.jpg,2577,562.3,1,625.4979,2300.179,161.6284,37.7585,0.0011,0.0
000685,000685.jpg,2297,376.9,1,371.8561,1469.7029,175.3155,31.3396,0.0,0.0
000686,000686.jpg,1728,332.1,1,2755.1484,13380.3281,165.7751,48.7665,0.0001,0.0
000687,000687.jpg,2720,767.3,1,2048.1763,8425.0039,187.6163,43.388,0.0001,0.0
000688,000688.jpg,3283,854.6,1,1066.968,2943.3201,127.6657,59.8566,0.0,0.0
000689,000689.jpg,2166,507.8,1,856.4371,2993.168,133.8079,52.4996,0.0,0.0
000690,000690.jpg,2308,782.4,1,3484.9109,10189.3691,138.7961,54.7575,0.0001,0.0002
000691,000691.jpg,2543,738.6,1,1971.2388,8066.2935,120.9156,52.0551,0.0,0.0001
000692,000692.jpg,2175,556.2,1,839.0808,5007.1885,110.6011,47.8381,0.0,0.0023
000693,000693.jpg,2875,924.0,1,1779.5338,7259.2124,119.0031,48.6866,0.0,0.0
000694,000694.jpg,2720,977.2,1,10862.9443,29807.7012,117.739,57.7266,0.0,0.0
000695,000695.jpg,2326,572.8,1,311.8968,863.2402,124.3125,51.9046,0.0,0.0
000696,000696.jpg,2341,873.0,1,5194.9419,12038.1738,135.1631,42.8425,0.0004,0.0007
000697,000697.jpg,2357,505.6,1,222.4761,1041.3766,142.9995,49.1882,0.0002,0.0
000698,000698.jpg,2286,501.6,1,435.1151,2345.2295,148.9775,53.6954,0.0,0.0025
000699,000699.jpg,1995,466.5,1,256.4067,2228.6841,123.5742,38.763,0.0,0.0
000700,000700.jpg,1581,389.1,1,821.7166,4724.9004,95.0967,48.8882,0.0,0.0
000701,000701.jpg,2366,815.5,1,297.0006,2280.1396,118.1573,50.9325,0.0,0.0088
000702,000702.jpg,2106,652.0,1,328.978,1271.9092,154.8828,36.8468,0.0001,0.0
000703,000703.jpg,2148,493.7,1,384.0432,3163.1362,125.7318,61.1947,0.0007,0.0013
000704,000704.jpg,1682,404.3,1,1339.5536,6483.8535,136.1337,70.2394,0.0043,0.0
000705,000705.jpg,1549,417.8,1,632.7917,3269.4365,128.2601,55.307,0.0006,0.0215
000706,000706.jpg,1592,346.1,1,1458.1691,11888.0186,153.118,59.3226,0.0015,0.0
000707,000707.jpg,2210,558.8,1,1098.0436,4048.1072,142.0098,49.3327,0.0005,0.0
000708,000708.jpg,2338,658.9,1,230.6063,1542.8069,142.1483,46.2301,0.0001,0.0
000709,000709.jpg,2124,472.2,1,815.3816,3312.2727,143.5721,51.2722,0.0012,0.0
000710,000710.jpg,2132,545.6,1,1268.8489,7946.5684,119.514,59.026,0.0,0.0
000711,000711.jpg,2179,645.3,1,4250.8823,12219.6172,140.8189,49.1827,0.0014,0.0
000712,000712.jpg,2049,417.4,1,1776.4594,6424.2266,146.8183,46.9653,0.0003,0.0
000713,000713.jpg,2516,698.9,1,1112.1707,4783.7324,148.4846,42.8906,0.0021,0.0
000714,000714.jpg,1969,415.8,1,1967.9755,6068.71,118.86,60.2345,0.0005,0.0
000715,000715.jpg,1982,522.0,1,1177.0038,4608.5747,128.3173,47.5693,0.0008,0.0
000716,000716.jpg,1527,341.3,1,1553.2764,7341.875,162.8404,44.2322,0.0011,0.0
000717,000717.jpg,2078,540.3,1,1191.5305,5607.7778,135.0514,64.6035,0.0004,0.0
000718,000718.jpg,1871,436.7,1,1207.7284,3743.1641,124.9053,52.5155,0.001,0.0
000719,000719.jpg,1965,528.8,1,1057.7958,3972.9854,139.1171,57.6016,0.001,0.0
000720,000720.jpg,1824,387.9,1,1412.0023,4633.4741,147.2993,50.8293,0.0002,0.0
000721,000721.jpg,3520,1514.2,6,7112.5835,18820.2812,110.7588,63.6274,0.0,0.0072
000722,000722.jpg,2301,761.1,1,1914.8362,5235.9946,119.4196,43.1904,0.0006,0.0
000723,000723.jpg,2063,530.8,1,1082.1913,4325.5293,107.0763,54.319,0.0027,0.0004
000724,000724.jpg,2040,394.3,1,231.1422,858.6833,190.2118,38.9659,0.0,0.0
000725,000725.jpg,2437,576.9,1,167.5126,818.4858,185.4048,43.6013,0.0013,0.0
000726,000726.jpg,1792,311.4,1,378.5918,1664.4677,182.9709,55.2917,0.0015,0.0
000727,000727.jpg,2041,697.6,1,4536.1816,11435.2861,153.9534,42.343,0.0027,0.0
000728,000728.jpg,2024,412.9,1,216.6259,884.0501,176.06,40.6335,0.0,0.0
000729,000729.jpg,2192,574.2,1,1862.8032,5799.1665,118.7383,54.9081,0.0008,0.0011
000730,000730.jpg,1797,330.2,1,303.5081,992.6076,167.1647,31.2595,0.0013,0.0
000731,000731.jpg,1897,389.0,1,643.4373,2021.4615,173.7318,19.2825,0.0007,0.0
000732,000732.jpg,2361,591.8,1,422.4904,1332.6727,161.2821,19.8812,0.0,0.0
000733,000733.jpg,2097,431.0,1,324.0126,1169.6838,159.3595,27.6754,0.002,0.0
000734,000734.jpg,2390,727.5,1,2112.4128,8995.6025,148.9609,52.0835,0.0,0.0
000735,000735.jpg,4032,2793.5,1,22380.9141,37543.25,136.5452,54.5576,0.0007,0.0
000736,000736.jpg,4032,2467.7,6,16169.8271,30641.959,137.6276,56.5009,0.0024,0.0286
000737,000737.jpg,4032,2442.1,6,10196.7344,14980.2812,120.0662,44.594,0.002,0.0
000738,000738.jpg,4032,2188.6,6,4895.0669,7969.4282,79.797,58.7458,0.0001,0.0144
000739,000739.jpg,4032,2738.9,1,19752.2344,20975.9707,123.7505,63.1307,0.0,0.0012
000740,000740.jpg,4032,1873.4,6,2119.6809,7071.6235,112.4576,61.7504,0.0,0.0
000741,000741.jpg,3004,1318.2,1,3351.0078,8278.8018,120.6632,52.784,0.0,0.0
000742,000742.jpg,4032,2065.9,1,1998.7216,3550.8069,124.0701,57.2869,0.0023,0.0328
000743,000743.jpg,2905,1196.7,1,8924.9453,17284.9004,123.2844,68.035,0.0,0.0024
000744,000744.jpg,4032,2509.3,6,11258.9688,14751.1523,152.2554,66.0629,0.0,0.0
000745,000745.jpg,2929,1027.2,1,2104.3787,4889.8262,124.9295,47.0047,0.0,0.0015
000746,000746.jpg,2832,920.9,1,185.7419,1048.6674,151.995,27.9449,0.0,0.0
000747,000747.jpg,4032,2400.8,6,14684.6094,15226.9326,131.137,67.2923,0.0,0.0
000748,000748.jpg,4032,1788.7,6,2797.634,5951.623,137.9284,60.674,0.0002,0.0
000749,000749.jpg,2868,1196.0,1,4230.9819,9519.0195,161.4013,42.5329,0.0,0.0
000750,000750.jpg,4032,2537.3,6,10238.0156,30598.3535,155.7036,62.3241,0.001,0.0
000751,000751.jpg,3007,1189.6,1,1704.3213,4856.9985,160.4676,33.7989,0.0004,0.0
000752,000752.jpg,2543,1033.2,1,9575.2979,23008.4531,139.4728,65.3267,0.0012,0.0177
000753,000753.jpg,2660,1111.9,1,5346.4727,11917.0049,119.5636,49.5181,0.0014,0.0
000754,000754.jpg,4032,2813.3,6,21886.752,20401.7246,128.2604,74.7464,0.0001,0.0362
000755,000755.jpg,3520,1165.9,6,10090.4072,15265.7119,137.7465,50.1583,0.0003,0.0019
000756,000756.jpg,3520,1122.6,6,4513.5762,9874.1748,151.7605,49.4323,0.0001,0.0003
000757,000757.jpg,3520,1032.6,6,1454.4117,5862.9224,141.6577,53.6174,0.0003,0.0
000758,000758.jpg,3520,899.2,6,916.2765,3005.4968,136.6775,46.5318,0.0005,0.0
000759,000759.jpg,4032,3314.2,6,12572.8281,19056.0391,125.9342,63.3335,0.0017,0.0052
000760,000760.jpg,4032,2233.2,6,7107.7983,15547.1689,125.9789,74.9902,0.0011,0.0702
000761,000761.jpg,4032,1886.7,6,2298.8135,3393.1428,137.4649,64.9148,0.0,0.0112
000762,000762.jpg,4032,2327.9,6,4175.4712,13381.5498,119.0267,54.5782,0.0133,0.011
000763,000763.jpg,748,694.9,1,497.7697,1566.2104,173.8923,54.1282,0.0003,0.012
000857,000857.jpg,1008,332.4,1,52624.5352,35964.6094,107.9692,68.7324,0.0095,0.0251
000858,000858.jpg,1107,207.3,1,1475.8318,3125.2708,130.7679,70.6237,0.0,0.005
000859,000859.jpg,640,30.3,1,1592.2722,4890.3638,150.9827,77.2598,0.0282,0.0
000860,000860.jpg,796,201.4,1,22361.5234,15525.6191,103.75,52.5264,0.0,0.0014
000861,000861.jpg,640,45.2,1,3713.0305,7003.7559,62.1924,48.8666,0.0,0.1032
000862,000862.jpg,1027,248.6,1,7751.1333,10722.917,120.8541,61.003,0.0003,0.0005
000863,000863.jpg,640,47.6,1,4037.5706,8921.6055,145.2451,65.3113,0.0351,0.0
000864,000864.jpg,1145,335.9,1,13340.5596,13347.0986,125.2166,49.9972,0.0,0.003
000865,000865.jpg,1342,379.5,1,2290.5022,4810.8735,122.3546,66.1314,0.0,0.0244
000866,000866.jpg,640,42.4,1,2025.2987,4688.4619,69.9522,54.4473,0.0,0.2322
000867,000867.jpg,1049,286.8,1,2826.9924,5318.7095,114.3926,66.7107,0.0014,0.0211
000868,000868.jpg,640,41.8,1,2782.7686,5760.4531,95.3352,66.2859,0.0,0.1861
000869,000869.jpg,1008,260.0,1,16007.1982,15900.7324,124.8811,49.6742,0.0,0.0028
000870,000870.jpg,1008,275.8,1,18862.6309,17464.8691,117.7495,59.7784,0.0003,0.004
000871,000871.jpg,640,48.0,1,7322.0,10471.7812,68.5046,52.0204,0.0,0.1131
000872,000872.jpg,1008,297.5,1,16297.7285,17651.084,116.8624,59.0584,0.0001,0.002
000873,000873.jpg,640,56.7,1,4667.7583,11100.9375,75.4889,55.8257,0.0,0.2029
000874,000874.jpg,1234,311.2,1,15371.2256,26495.416,163.1809,46.0194,0.0005,0.0001
000875,000875.jpg,640,52.3,1,9669.2607,17608.4707,190.6195,53.3922,0.0405,0.0
000876,000876.jpg,1248,244.6,1,613.0566,2784.7722,114.2663,64.3468,0.0,0.039
000877,000877.jpg,913,215.7,1,6994.9604,8472.5479,139.7484,53.2049,0.0002,0.0006
000878,000878.jpg,640,50.2,1,2501.071,7085.1377,162.6565,62.5837,0.0207,0.0
000879,000879.jpg,1035,333.6,1,38348.2969,33965.9883,158.5933,59.7675,0.0002,0.0058
000880,000880.jpg,640,58.7,1,12493.4902,19482.0918,153.8487,60.4022,0.0,0.0346
000881,000881.jpg,1096,202.0,1,2223.1206,5472.8804,131.1298,58.7464,0.0001,0.0027
000882,000882.jpg,640,41.4,1,2590.5859,6797.7949,119.6096,66.256,0.0,0.0861
000883,000883.jpg,1075,211.7,1,1962.7184,6260.4995,122.8841,64.9347,0.0005,0.0011
000884,000884.jpg,640,43.6,1,2516.1042,7752.0327,143.0319,70.5146,0.0553,0.0
000885,000885.jpg,1094,204.8,1,3883.948,6566.9253,132.7179,63.7514,0.0,0.0088
000886,000886.jpg,640,38.8,1,3220.8154,6819.478,155.5564,68.2406,0.0079,0.0
000887,000887.jpg,1069,360.6,1,4746.8306,10916.7295,118.1298,59.9584,0.0,0.0013
000888,000888.jpg,640,61.6,1,3475.1418,9606.7627,155.435,62.3758,0.0845,0.0
000889,000889.jpg,975,252.5,1,7836.7788,11448.7588,113.8177,55.417,0.0,0.037
000890,000890.jpg,1246,326.5,1,2187.4299,4884.2622,112.929,61.4218,0.0,0.0452
000891,000891.jpg,640,46.5,1,1538.4543,5506.3926,73.5596,59.6886,0.0,0.2031
000892,000892.jpg,1348,400.3,1,4829.0625,8034.7749,116.1875,57.5525,0.0,0.0081
000893,000893.jpg,640,47.5,1,2817.946,7359.5874,135.9379,62.1144,0.0049,0.0
000894,000894.jpg,1266,308.0,1,951.6315,2988.6621,119.6379,64.3809,0.0,0.0481
000895,000895.jpg,640,45.4,1,1607.7653,5739.7163,136.7427,67.3981,0.0387,0.0
000896,000896.jpg,640,51.7,1,8667.5254,16627.5254,122.4203,51.7464,0.0,0.0399
000897,000897.jpg,1466,664.1,1,36839.8281,38658.7383,117.3281,72.8147,0.0022,0.0233
000898,000898.jpg,640,66.2,1,19498.7773,25590.6152,94.7091,70.344,0.0,0.149
000899,000899.jpg,1343,444.6,1,9324.1514,13153.0938,127.1889,69.0026,0.0008,0.0017
000900,000900.jpg,640,54.7,1,5085.8364,12136.7764,111.2765,68.8137,0.0,0.0647
000901,000901.jpg,1316,514.8,1,34790.2617,25914.5,140.1865,58.9445,0.0015,0.0051
000902,000902.jpg,640,61.3,1,9769.6611,14020.4551,131.2692,60.4278,0.0008,0.0456
000903,000903.jpg,1231,341.0,1,3184.9668,7227.0103,133.6322,58.8118,0.0362,0.0024
000904,000904.jpg,640,51.4,1,3729.397,9458.6699,132.4329,64.0311,0.0355,0.0035
000905,000905.jpg,1343,478.6,1,15505.4639,18170.2715,124.4921,61.7742,0.0012,0.0017
000906,000906.jpg,640,57.2,1,5934.8496,11925.8477,87.8024,62.1112,0.0,0.1279
000907,000907.jpg,1333,475.3,1,13955.5811,15365.0752,116.6113,60.9119,0.0005,0.0033
000908,000908.jpg,640,56.2,1,5343.7827,10242.1426,106.0177,63.0562,0.0,0.0701
000909,000909.jpg,895,147.7,1,4387.0049,9605.9775,100.3598,47.214,0.0002,0.0001
000910,000910.jpg,640,39.9,1,1993.7827,5942.2871,49.0866,43.6176,0.0,0.11
000911,000911.jpg,964,283.1,1,28696.5371,17689.4004,130.9453,45.7865,0.0,0.0
000912,000912.jpg,640,59.2,1,4755.0059,9357.8564,114.9824,52.1048,0.0,0.0833
000913,000913.jpg,1008,210.3,1,10884.377,13275.2334,128.4567,59.0059,0.0,0.0055
000914,000914.jpg,949,178.5,1,5753.0015,11760.04,128.9634,65.2455,0.0004,0.0014
000915,000915.jpg,640,47.5,1,3354.1653,11844.2354,108.6365,69.2326,0.0,0.0789
000916,000916.jpg,905,296.4,1,45863.3555,37917.8086,157.2108,58.1707,0.0021,0.0007
000917,000917.jpg,640,71.9,1,10473.8867,16303.0801,116.4222,56.0915,0.0,0.1053
000918,000918.jpg,902,224.0,1,27314.1855,16302.0273,158.5308,71.1705,0.0,0.011
000919,000919.jpg,962,223.4,1,21004.6309,16647.7266,142.8439,59.8075,0.0003,0.0048
000920,000920.jpg,640,52.2,1,4475.2964,8950.8125,189.6033,60.822,0.2021,0.0
000921,000921.jpg,888,225.7,1,7274.1016,18071.2637,106.3326,61.5791,0.0,0.0113
000922,000922.jpg,640,57.2,1,3903.2568,16007.9697,128.3222,61.2538,0.0024,0.0
000923,000923.jpg,876,187.5,1,8496.543,10992.8506,127.7444,54.708,0.0019,0.0024
000924,000924.jpg,1008,238.5,1,5100.7583,11030.1221,116.0359,58.6945,0.0,0.0003
000925,000925.jpg,640,52.0,1,3030.0437,11076.4688,165.1688,57.6736,0.1239,0.0
000926,000926.jpg,873,167.9,1,11827.5303,9477.8721,133.5008,69.8895,0.0,0.0128
000927,000927.jpg,1008,262.0,1,21246.6582,13214.2305,134.1565,57.4621,0.0001,0.0
000928,000928.jpg,939,260.4,1,34173.0,25821.4551,117.7221,75.031,0.0,0.0035
000929,000929.jpg,640,51.9,1,5888.5244,11688.3398,69.1751,64.2981,0.0,0.318
000930,000930.jpg,1008,210.8,1,2061.7747,3412.9773,131.2101,54.4385,0.0004,0.0051
000931,000931.jpg,640,45.6,1,2064.865,5166.2681,150.4231,57.5533,0.0118,0.0
000932,000932.jpg,879,111.8,1,1450.104,2811.8538,112.1587,62.8842,0.0003,0.0058
000933,000933.jpg,640,32.4,1,1067.6504,3233.5723,128.1245,66.0517,0.0174,0.0
000934,000934.jpg,1059,278.1,1,5770.6157,9136.9111,121.8454,59.5373,0.0003,0.0022
000935,000935.jpg,640,50.8,1,3334.2024,8173.0537,75.6663,57.8922,0.0,0.1463
000936,000936.jpg,1051,243.7,1,4910.7031,7701.9819,125.2169,58.4116,0.0,0.0001
000937,000937.jpg,1025,280.9,1,7019.4922,9277.6611,131.9254,66.1358,0.0002,0.0005
000938,000938.jpg,640,54.3,1,7447.437,10757.0801,118.9432,67.9204,0.0,0.0429
000939,000939.jpg,929,160.0,1,3147.2117,4473.4668,117.2373,66.7141,0.0006,0.0002
000940,000940.jpg,640,34.2,1,1593.6813,4809.438,115.7874,72.2082,0.0043,0.0
000941,000941.jpg,1112,325.7,1,4259.1621,10440.5537,122.3035,54.3727,0.0002,0.0107
000942,000942.jpg,1058,348.4,1,7336.8354,12963.9385,121.5144,50.8463,0.0067,0.0
000943,000943.jpg,640,59.5,1,4631.2896,12356.5479,112.7629,52.5059,0.0008,0.0287
000944,000944.jpg,1090,310.1,1,5843.1851,8621.7686,103.607,54.6119,0.0,0.0024
000945,000945.jpg,640,47.8,1,2776.125,6358.5938,157.1781,52.8047,0.0428,0.0
000946,000946.jpg,962,219.1,1,3044.7878,5689.293,108.2179,49.7919,0.0002,0.0007
000947,000947.jpg,640,49.3,1,2446.6804,6714.125,120.4803,51.3006,0.0055,0.0
000948,000948.jpg,1246,421.4,1,9527.1074,13218.0469,94.313,57.0742,0.0,0.0005
000949,000949.jpg,640,57.6,1,4417.0142,10092.2148,109.4143,59.6326,0.0006,0.0
000950,000950.jpg,1008,267.4,1,14156.5215,14966.5664,130.7339,63.7714,0.0006,0.0065
000951,000951.jpg,1008,235.0,1,9690.8438,13326.6055,118.8056,63.3953,0.002,0.0029
000952,000952.jpg,640,45.5,1,3717.3293,11735.9365,124.4784,66.6928,0.0141,0.0001
000953,000953.jpg,1271,373.6,1,6588.0601,9592.1641,133.7166,57.7303,0.0008,0.0025
000954,000954.jpg,640,55.5,1,3563.4824,9191.6523,139.6898,65.9543,0.0063,0.0
000955,000955.jpg,1106,261.1,1,3019.7151,5425.8501,129.3187,49.7411,0.0,0.0
000956,000956.jpg,640,47.3,1,2123.9766,5395.1094,90.1709,53.0676,0.0,0.1141
000957,000957.jpg,1127,292.5,1,7377.5981,8583.8936,128.6084,56.3954,0.0006,0.0045
000958,000958.jpg,640,53.9,1,4592.397,8383.543,126.6444,62.7564,0.0009,0.0653
000959,000959.jpg,1189,414.4,1,18242.0918,15871.3203,130.8581,67.5795,0.0,0.0056
000960,000960.jpg,640,52.8,1,5345.3687,8948.0752,170.1728,70.9675,0.18,0.0
000961,000961.jpg,1264,426.9,1,5284.418,7519.4546,130.0805,48.835,0.0001,0.0
000962,000962.jpg,640,51.5,1,2665.0986,5711.314,171.81,55.0281,0.112,0.0
000963,000963.jpg,1084,319.5,1,5466.7642,8587.0322,144.6323,58.2033,0.0001,0.0
000964,000964.jpg,640,51.9,1,3876.135,10013.4648,166.2082,66.1389,0.0333,0.0
000965,000965.jpg,1313,539.9,1,33671.5898,37413.0859,149.5283,65.9366,0.0001,0.0054
000966,000966.jpg,1385,498.1,1,7032.8364,9224.3193,140.9553,60.9697,0.0001,0.0048
000967,000967.jpg,1347,514.4,1,26142.3105,20742.627,124.945,70.7442,0.0,0.0032
000968,000968.jpg,640,56.1,1,7984.2861,10379.3779,93.3561,70.9481,0.0,0.1508
000969,000969.jpg,1358,506.6,1,16865.9805,17940.4785,127.2329,65.453,0.0009,0.0038
000970,000970.jpg,640,59.8,1,8189.3745,11651.1221,186.6803,62.605,0.1861,0.0
000971,000971.jpg,1255,367.7,1,2779.655,6882.6538,126.2999,63.1273,0.0001,0.0022
000972,000972.jpg,1211,282.2,1,1699.7332,4308.8545,103.171,64.4623,0.0,0.0382
000973,000973.jpg,1333,407.6,1,1808.6754,4426.561,111.1255,57.9072,0.0,0.0033
000974,000974.jpg,640,48.4,1,2101.6064,5456.3579,164.3206,55.7148,0.1028,0.0
000975,000975.jpg,1306,457.6,1,8273.4004,10918.1475,129.8948,49.0713,0.0004,0.0003
000976,000976.jpg,640,57.3,1,3983.4351,8057.3936,176.4021,54.8425,0.0379,0.0
000977,000977.jpg,1299,534.5,1,50203.0195,42766.0859,113.3451,87.9563,0.0003,0.0035
000978,000978.jpg,640,56.5,1,15879.0137,19681.0234,71.1892,73.7874,0.0,0.1461
000979,000979.jpg,1390,422.4,1,7443.3813,9695.8643,117.3815,51.7564,0.001,0.0013
000980,000980.jpg,640,34.2,1,5001.4551,7150.3457,74.7874,48.6145,0.0,0.0729
000981,000981.jpg,1084,303.8,1,2750.6594,8129.3423,112.7988,60.4718,0.0001,0.0126
000982,000982.jpg,640,65.1,1,7793.0264,16841.3691,131.6094,68.6929,0.0017,0.0
000983,000983.jpg,1393,434.8,1,24148.6504,26363.9316,157.1854,62.4633,0.0,0.0013
000984,000984.jpg,640,50.9,1,9826.7559,13589.5127,94.1185,56.6031,0.0,0.1533
000985,000985.jpg,1372,352.0,1,4755.8696,8526.8164,126.4473,59.6446,0.0002,0.0008
000986,000986.jpg,640,39.2,1,3009.1831,7239.7148,77.3068,56.7184,0.0,0.1279
000987,000987.jpg,1316,318.7,1,3151.2502,7223.6812,127.0101,60.0687,0.0004,0.0003
000988,000988.jpg,640,38.2,1,3178.3816,7367.4844,175.8449,58.1491,0.0945,0.0
000989,000989.jpg,1307,356.0,1,5587.793,9458.6562,108.4344,62.8235,0.0,0.0158
000990,000990.jpg,640,44.9,1,3758.5293,9618.0156,121.7713,65.2569,0.0108,0.0
000991,000991.jpg,1182,244.4,1,6515.2617,12581.6191,139.4883,57.7966,0.0015,0.0
000992,000992.jpg,640,42.4,1,4220.7373,9390.7334,91.1567,57.1793,0.0,0.1425
000993,000993.jpg,1186,373.1,1,8209.3096,13753.9453,136.9995,57.0472,0.0,0.0054
000994,000994.jpg,1364,457.4,1,2189.97,5675.0757,122.3545,46.1198,0.0006,0.0003
000995,000995.jpg,640,54.1,1,2047.3727,7207.873,135.0713,53.8782,0.0051,0.0
000996,000996.jpg,1263,392.8,1,5140.4771,10327.5498,113.4232,59.1696,0.0006,0.0374
000997,000997.jpg,640,44.9,1,4182.6562,8904.4404,78.0628,55.9449,0.0,0.1726
000998,000998.jpg,1270,463.6,1,10512.1201,14886.8467,107.8111,52.2951,0.0,0.0011
000999,000999.jpg,640,63.1,1,5603.6763,11906.8477,149.639,53.8976,0.0076,0.0
001000,001000.jpg,1098,250.1,1,2573.6929,7313.6938,106.7903,66.2027,0.0002,0.0112
001001,001001.jpg,640,47.2,1,3506.6562,9867.2705,91.4352,67.1837,0.0,0.1043
001002,001002.jpg,1014,196.1,1,1363.3932,2231.1731,110.5527,43.0885,0.0,0.0001
001003,001003.jpg,640,30.7,1,1142.5778,2789.1045,87.622,43.456,0.0,0.0488
001004,001004.jpg,832,130.1,1,4524.2441,6848.9336,173.6183,43.0701,0.0002,0.0
001005,001005.jpg,640,39.8,1,2256.2173,5523.3032,139.6619,51.2519,0.0,0.0693
001006,001006.jpg,1008,269.9,1,36048.8438,24452.5664,119.1173,54.1772,0.0,0.0063
001007,001007.jpg,640,54.7,1,9236.7109,12629.0801,144.2085,54.3003,0.0196,0.0
001008,001008.jpg,905,204.9,1,41697.4336,22851.5293,149.8482,58.7681,0.0,0.001
001009,001009.jpg,640,48.9,1,6076.5015,9379.1484,102.9483,60.3853,0.0,0.0984
001010,001010.jpg,935,217.3,1,9376.7217,7938.5239,113.0885,51.111,0.0002,0.0013
001011,001011.jpg,640,47.4,1,2399.1331,5337.8145,129.0301,55.0537,0.026,0.0
001012,001012.jpg,939,180.0,1,8112.4707,11643.9023,128.6296,52.0961,0.0011,0.0024
001013,001013.jpg,640,48.1,1,3070.665,8426.3057,86.3313,51.5328,0.0,0.0738
001014,001014.jpg,774,159.4,1,19833.4941,16956.5742,141.3308,55.7718,0.0,0.0038
001015,001015.jpg,640,48.5,1,4038.1487,7887.0063,84.5527,50.8021,0.0,0.0973
001016,001016.jpg,1008,307.9,1,17809.9824,18884.1914,122.9559,57.8085,0.0002,0.0126
001017,001017.jpg,640,58.4,1,6303.0879,12331.5996,82.6896,55.486,0.0,0.1497
001018,001018.jpg,912,146.7,1,1572.6337,2235.1343,94.1374,55.2395,0.0,0.0087
001019,001019.jpg,640,28.5,1,770.3271,1966.1897,48.0189,47.1345,0.0,0.2542
001020,001020.jpg,818,241.0,1,24537.6934,21455.2148,138.6012,66.7023,0.0,0.0018
001021,001021.jpg,686,107.5,1,7049.6021,12822.2549,145.4176,62.4957,0.0001,0.0088
001022,001022.jpg,640,46.3,1,2623.3396,8913.1465,134.6033,72.5956,0.0,0.102
001023,001023.jpg,1008,259.3,1,7277.6348,8789.6455,114.7628,63.7273,0.0002,0.0047
001024,001024.jpg,640,46.3,1,2336.5291,7577.79,73.1232,59.9423,0.0,0.1632
001025,001025.jpg,900,184.3,1,12896.1709,13761.0137,175.4481,45.0627,0.0012,0.0
001026,001026.jpg,640,48.8,1,4260.3472,9156.6387,176.5156,59.1681,0.0017,0.0007
001027,001027.jpg,741,131.6,1,3029.6711,5637.3599,103.6443,58.3364,0.0,0.0034
001028,001028.jpg,1008,256.8,1,3930.5354,5477.7471,144.2755,47.0742,0.0,0.0031
001029,001029.jpg,640,45.0,1,1875.1992,5246.2676,82.4168,45.4127,0.0,0.0782
001030,001030.jpg,1008,328.8,1,30730.7129,29356.6074,136.1238,69.7083,0.0007,0.0149
001031,001031.jpg,640,62.4,1,8865.6084,17494.1699,147.5636,70.3198,0.0097,0.0
001032,001032.jpg,1255,415.9,1,6221.3984,12050.0391,140.5209,57.8428,0.0002,0.0084
001033,001033.jpg,640,62.9,1,5052.5254,12264.0449,121.1209,56.9839,0.0,0.0648
001034,001034.jpg,957,263.0,1,24994.5,33648.75,128.4876,60.2154,0.0,0.0008
001035,001035.jpg,1008,358.2,1,31559.9824,32124.0195,150.6552,57.8966,0.0003,0.0063
001036,001036.jpg,640,68.1,1,9184.9365,14713.4102,140.1586,55.6761,0.0,0.0311
001037,001037.jpg,948,143.7,1,2509.1421,6955.0449,116.5305,55.322,0.0,0.0011
001038,001038.jpg,1008,205.9,1,1565.5353,2799.293,126.6856,49.4945,0.0004,0.0003
001039,001039.jpg,640,39.5,1,1628.5266,5075.3481,121.6753,57.0696,0.0001,0.0666
001040,001040.jpg,1008,208.7,1,1465.723,2993.6082,131.3586,51.5018,0.0003,0.0004
001041,001041.jpg,640,38.5,1,1286.4789,4464.9937,164.9919,59.4205,0.0438,0.0
001042,001042.jpg,2048,595.3,1,1730.4594,3259.9802,125.2295,64.683,0.0016,0.0047
001043,001043.jpg,640,37.2,1,1143.6394,3927.9141,143.8561,70.03,0.0072,0.0
001044,001044.jpg,902,133.0,1,6687.9932,8389.1104,132.835,48.3671,0.0,0.0002
001045,001045.jpg,640,31.6,1,3430.0344,6864.3613,153.0485,51.1405,0.0012,0.0
001046,001046.jpg,951,236.3,1,25353.1035,18500.0977,137.6943,46.0878,0.0,0.0
001047,001047.jpg,936,281.8,1,11471.5879,14965.6162,123.6511,63.5458,0.0,0.0014
001048,001048.jpg,640,58.1,1,4342.9443,11690.7324,171.5464,66.9517,0.0837,0.0
001049,001049.jpg,981,243.0,1,7309.061,10997.457,123.7414,44.5902,0.0004,0.0
001050,001050.jpg,640,56.3,1,2669.1038,8567.751,171.6108,50.6486,0.0269,0.0
001051,001051.jpg,912,239.5,1,28125.2871,18264.1797,114.2854,54.7482,0.0,0.0002
001052,001052.jpg,640,52.0,1,4381.5093,6623.1689,55.707,46.7769,0.0,0.171
001053,001053.jpg,942,231.6,1,20496.1602,26571.998,109.9242,55.0241,0.0,0.0
001054,001054.jpg,640,63.4,1,7484.8364,15553.7959,109.4133,55.042,0.0,0.0389
001055,001055.jpg,1008,190.9,1,2089.562,5447.7139,117.5247,55.0778,0.0001,0.004
001056,001056.jpg,890,192.3,1,22238.1875,11354.5859,131.6362,51.7858,0.0,0.0017
001057,001057.jpg,640,42.1,1,3664.6655,6028.2227,128.0684,56.7104,0.0,0.0496
001058,001058.jpg,1008,185.8,1,1795.6315,2990.3374,132.6047,52.0546,0.0005,0.0004
001059,001059.jpg,640,35.9,1,1166.3439,3545.7949,105.2864,58.4635,0.0,0.0757
001060,001060.jpg,1008,291.8,1,11879.4795,14342.0518,159.8996,59.4006,0.0002,0.003
001061,001061.jpg,1008,253.7,1,22403.4492,14648.1025,118.0659,59.1475,0.0003,0.0016
001062,001062.jpg,640,52.7,1,4028.5781,8807.2969,146.3859,60.4301,0.0539,0.0
001063,001063.jpg,1008,254.4,1,22222.1797,14055.2686,117.6336,59.2932,0.0,0.012
001064,001064.jpg,640,48.5,1,3886.0745,7959.2881,167.1368,59.8103,0.0798,0.0
001065,001065.jpg,954,250.6,1,32899.7383,22001.3105,163.288,54.1012,0.0002,0.0029
001066,001066.jpg,640,53.6,1,6109.7539,10168.9766,182.5243,66.124,0.0698,0.0
001067,001067.jpg,957,230.4,1,10179.8604,14607.0459,147.3967,51.4693,0.0004,0.0039
001068,001068.jpg,1008,242.6,1,5062.8491,5867.5737,122.7116,50.9764,0.0,0.006
001069,001069.jpg,640,48.8,1,1536.7216,5303.9326,92.3993,54.1236,0.0,0.1105
001070,001070.jpg,1008,251.0,1,6708.9116,10075.7246,130.5147,66.428,0.0001,0.005
001071,001071.jpg,640,52.4,1,2590.4585,9191.1641,165.0914,68.8335,0.1693,0.0
001072,001072.jpg,1008,209.7,1,3780.6763,7277.998,143.8413,55.0542,0.0005,0.007
001073,001073.jpg,640,42.6,1,2181.8625,6499.1309,93.6618,55.0678,0.0,0.118
001074,001074.jpg,973,244.5,1,28288.998,23089.9492,127.0444,59.0499,0.0,0.0048
001075,001075.jpg,640,52.5,1,6636.8564,11095.21,91.116,57.4173,0.0,0.1282
001076,001076.jpg,1269,447.5,1,5465.6011,9855.208,98.9118,42.1882,0.0,0.0024
001077,001077.jpg,640,47.9,1,2994.6519,6852.5332,41.3276,34.1398,0.0,0.1458
001078,001078.jpg,1106,314.3,1,11007.1816,13856.0508,107.1149,47.2915,0.0,0.0023
001079,001079.jpg,640,49.3,1,4287.5703,7760.686,60.7247,42.1554,0.0,0.0751
001080,001080.jpg,1060,374.7,1,21711.8887,23542.3496,113.1425,75.3022,0.0002,0.0011
001081,001081.jpg,998,234.9,1,9038.3447,14094.3613,116.439,71.6717,0.0003,0.021
001082,001082.jpg,640,47.8,1,3330.2856,8188.6777,69.4831,58.5987,0.0,0.2621
001083,001083.jpg,1051,258.6,1,18497.0293,20496.9668,135.0827,51.5342,0.0,0.0184
001084,001084.jpg,640,53.8,1,8416.3799,13097.7246,140.2267,58.5565,0.0031,0.0
001085,001085.jpg,1093,345.2,1,8981.7783,11093.0088,102.0298,52.0497,0.0018,0.0003
001086,001086.jpg,640,57.9,1,4291.5474,8741.9189,100.3727,53.991,0.0023,0.0029
001087,001087.jpg,964,107.1,1,243.2091,1011.1035,130.5835,51.4683,0.0,0.0
001088,001088.jpg,640,27.3,1,814.0488,2468.9482,107.8773,58.3245,0.0,0.0876
001089,001089.jpg,977,285.2,1,32759.0586,20197.1934,135.106,63.4785,0.0,0.0006
001090,001090.jpg,1037,349.6,1,25715.6504,26764.3145,148.4109,60.0233,0.0005,0.0037
001091,001091.jpg,640,60.5,1,10376.0215,16342.3398,160.3437,65.2739,0.0014,0.0
001092,001092.jpg,1080,330.3,1,7637.3281,11742.6641,119.26,62.5657,0.0006,0.0025
001093,001093.jpg,1299,307.6,1,961.4125,2593.8389,93.5256,52.7442,0.0,0.0
001094,001094.jpg,1261,349.0,1,3009.7295,4242.752,116.9723,58.709,0.0,0.0012
001095,001095.jpg,640,43.7,1,1785.5138,4658.9702,111.0413,63.084,0.0,0.0614
001096,001096.jpg,992,256.9,1,12814.3457,16745.1367,108.3487,56.6784,0.0,0.0011
001097,001097.jpg,640,62.6,1,4661.3677,11758.9209,97.3737,58.2412,0.0,0.0648
001098,001098.jpg,1289,430.3,1,10145.0361,12222.126,131.8815,53.7865,0.0001,0.0
001099,001099.jpg,640,55.8,1,5206.6655,10457.4648,132.4755,56.7508,0.0001,0.0308
001100,001100.jpg,1033,309.8,1,7772.0161,11414.375,121.9042,57.873,0.0,0.0001
001101,001101.jpg,640,54.0,1,3544.0012,9430.3301,68.6789,54.0369,0.0,0.2382
001102,001102.jpg,1200,339.9,1,3510.196,5753.3691,118.7359,53.6613,0.0,0.0
001103,001103.jpg,640,47.6,1,1869.9525,5852.1899,128.8939,60.2521,0.0009,0.0
001104,001104.jpg,1066,260.3,1,5512.3984,9851.5791,130.6335,61.9557,0.0007,0.02
001105,001105.jpg,640,42.9,1,3129.2107,7951.9526,69.6521,54.0054,0.0,0.1824
001106,001106.jpg,1364,389.7,1,2604.3638,5583.1211,128.1357,65.8929,0.0,0.0083
001107,001107.jpg,1169,335.3,1,1547.4819,5234.5239,121.5026,58.5025,0.0,0.0029
001108,001108.jpg,640,55.7,1,2095.9014,8263.041,132.7671,60.2379,0.0017,0.0
001109,001109.jpg,1231,286.6,1,2078.626,5210.0781,113.4034,57.8994,0.0,0.0009
001110,001110.jpg,640,48.9,1,1852.1053,5810.9717,65.2234,54.5431,0.0,0.1944
001111,001111.jpg,1060,264.6,1,4248.1626,6017.1587,142.7122,52.225,0.0,0.004
001112,001112.jpg,640,42.8,1,2266.9548,5496.9048,185.3215,55.4896,0.1142,0.0
001113,001113.jpg,1235,383.8,1,6659.3579,7516.9702,133.8106,57.0721,0.0001,0.0001
001114,001114.jpg,640,48.5,1,2890.8125,6809.9941,83.9496,56.1907,0.0,0.1673
001115,001115.jpg,1121,264.0,1,7960.7349,9823.7148,128.6156,64.8873,0.0006,0.0039
001116,001116.jpg,640,50.2,1,4362.9395,10072.8252,142.8798,69.6789,0.0067,0.0
001117,001117.jpg,1173,357.1,1,4832.6167,5398.8223,114.704,58.2053,0.0001,0.0026
001118,001118.jpg,640,47.3,1,2156.8418,5374.7661,114.6165,64.6107,0.0011,0.0002
001119,001119.jpg,1027,230.4,1,1654.4818,3325.9644,133.3847,68.2605,0.0009,0.0095
001120,001120.jpg,640,38.3,1,1970.4769,5026.2095,176.9649,70.0587,0.2485,0.0
001121,001121.jpg,1331,378.9,1,17654.873,20872.75,138.714,64.7487,0.0004,0.0
001122,001122.jpg,640,55.4,1,8033.4829,12261.1562,120.7522,66.9911,0.0,0.0601
001123,001123.jpg,1210,467.5,1,34151.5703,26369.334,156.4707,53.3494,0.0002,0.0056
001124,001124.jpg,640,56.8,1,10527.9561,14153.3379,191.0555,60.3759,0.0835,0.0
001125,001125.jpg,1263,404.9,1,3584.0344,7814.855,125.9284,58.2475,0.0002,0.0018
001126,001126.jpg,640,52.3,1,2958.5928,9018.4902,122.6132,60.2578,0.0001,0.0321
001127,001127.jpg,1196,437.0,1,26908.0645,27403.3457,113.7524,62.3395,0.0,0.0
001128,001128.jpg,640,65.2,1,9895.5928,15583.4805,138.9294,64.5178,0.0075,0.0
001129,001129.jpg,640,47.1,1,4261.2827,11221.7236,180.8491,66.3503,0.2455,0.0
001130,001130.jpg,1214,334.2,1,3777.9895,10890.5596,120.5095,64.4737,0.0,0.0013
001131,001131.jpg,640,51.1,1,3295.73,12379.0859,164.9685,66.0511,0.1838,0.0
001132,001132.jpg,1095,248.2,1,1818.1846,3303.1511,133.323,52.6392,0.0,0.0057
001133,001133.jpg,640,40.3,1,1336.4315,4139.6753,135.5247,60.948,0.0,0.0001
001134,001134.jpg,1112,373.4,1,8578.4834,12914.876,143.9458,52.251,0.0004,0.0007
001135,001135.jpg,1044,279.6,1,4164.019,7906.332,132.5935,58.0513,0.0011,0.0063
001136,001136.jpg,640,51.1,1,2781.6912,9340.7617,90.448,59.0178,0.0,0.1189
001137,001137.jpg,1341,412.9,1,19416.4062,14258.0938,124.3257,70.9334,0.0,0.1125
001138,001138.jpg,1034,179.3,1,570.6573,1419.2677,126.3464,52.7842,0.0,0.0001
001139,001139.jpg,1402,404.2,1,2783.6584,4808.8765,130.6877,51.6398,0.0015,0.0
001140,001140.jpg,640,46.7,1,1967.9478,5416.8076,83.5524,50.2259,0.0,0.0659
001141,001141.jpg,1311,598.3,1,27630.916,24071.3887,101.5006,59.3176,0.0007,0.0008
001142,001142.jpg,910,181.4,1,19196.7949,16654.0391,132.1691,60.4461,0.0001,0.0467
001143,001143.jpg,640,47.9,1,5253.1143,10042.0703,133.0183,62.5842,0.0002,0.06
001144,001144.jpg,1008,217.4,1,9130.0283,12409.2568,125.1262,63.2319,0.0,0.0003
001145,001145.jpg,640,41.6,1,4110.2827,8047.8062,156.2523,66.8243,0.023,0.0
001146,001146.jpg,1008,240.1,1,15212.9912,12172.7598,121.8713,56.2638,0.0,0.0031
001147,001147.jpg,640,49.3,1,3607.5901,7759.4014,81.6023,53.5598,0.0,0.0972
001148,001148.jpg,1008,245.2,1,6552.6616,6297.0737,119.3144,58.8055,0.0,0.0013
001149,001149.jpg,640,45.6,1,1876.2583,5090.6045,82.5536,57.3753,0.0,0.155
001150,001150.jpg,1008,220.1,1,2716.3228,3530.137,105.4414,50.5234,0.0,0.0
001151,001151.jpg,640,41.0,1,1076.3875,3581.0769,153.008,56.9687,0.0283,0.0
001152,001152.jpg,1008,292.8,1,33950.1875,31073.9824,127.0024,66.1025,0.0,0.0008
001153,001153.jpg,640,57.6,1,9556.5244,17434.8691,129.791,70.655,0.001,0.0003
001154,001154.jpg,1008,348.0,1,82346.6953,49257.125,139.7294,59.6141,0.0018,0.0127
001155,001155.jpg,640,66.5,1,13099.6328,19481.4531,139.2092,64.8889,0.009,0.0003
001156,001156.jpg,949,281.9,1,8841.6953,10664.7012,125.1371,57.2872,0.0,0.0002
001157,001157.jpg,640,50.2,1,2935.7065,9450.749,164.0066,63.9547,0.0809,0.0
001158,001158.jpg,1228,363.6,1,8706.8369,10522.9717,113.1015,57.0084,0.0,0.0003
001159,001159.jpg,640,51.2,1,4291.8584,9310.2021,119.1947,59.4972,0.0003,0.0002
001160,001160.jpg,1120,285.4,1,4709.1675,8525.1006,127.7994,70.8132,0.0004,0.0037
001161,001161.jpg,640,41.6,1,4165.1963,8910.0049,165.4206,71.4957,0.1797,0.0
001162,001162.jpg,1241,262.4,1,2127.9966,3613.7988,133.3731,56.2201,0.0001,0.0059
001163,001163.jpg,640,32.0,1,2606.4006,6129.1021,179.586,57.3247,0.1823,0.0
001164,001164.jpg,1087,170.4,1,2480.3777,5139.2705,107.4292,61.6674,0.0026,0.0
001165,001165.jpg,640,37.7,1,2412.8474,5932.7148,87.3163,61.7291,0.0,0.0607
001166,001166.jpg,906,211.4,1,27353.4219,21949.3711,105.2132,63.6921,0.0,0.0222
001167,001167.jpg,640,41.3,1,5753.4961,9149.5938,54.2893,46.5626,0.0,0.3824
001168,001168.jpg,970,210.8,1,12010.4326,18995.0742,130.6931,59.7379,0.002,0.0058
001169,001169.jpg,640,49.4,1,5679.8564,12898.9727,153.1595,65.969,0.0622,0.0
001170,001170.jpg,1062,257.5,1,4454.5044,7858.811,113.946,63.5344,0.0001,0.0002
001171,001171.jpg,640,42.4,1,3048.7307,8494.8877,131.4152,66.3864,0.0075,0.0
001172,001172.jpg,1208,425.6,1,16516.5059,17401.4883,99.505,50.8891,0.0,0.001
001173,001173.jpg,640,56.3,1,6116.4526,11592.7451,130.3802,52.5166,0.0058,0.0
001174,001174.jpg,1374,349.6,1,3100.4407,5115.9106,125.5412,58.7357,0.0,0.0045
001175,001175.jpg,926,321.5,1,59429.5938,39603.3906,99.997,63.5851,0.0,0.0011
001176,001176.jpg,640,65.6,1,13078.9854,18405.3066,65.3628,54.4269,0.0,0.0918
001177,001177.jpg,1113,272.1,1,735.8005,2591.8862,112.1031,62.8105,0.0003,0.0002
001178,001178.jpg,640,34.6,1,889.6911,3490.5576,77.7758,63.7994,0.0,0.1326
001179,001179.jpg,990,239.8,1,12943.0527,13564.2637,122.4907,43.3831,0.0,0.0003
001180,001180.jpg,640,42.6,1,4787.542,8437.4336,96.0639,45.5061,0.0,0.0655
001181,001181.jpg,1105,310.8,1,2798.4016,5974.0767,129.9833,62.7605,0.0088,0.0004
001182,001182.jpg,640,46.7,1,2120.8247,6876.3662,152.3557,66.9565,0.0294,0.0
001183,001183.jpg,1376,295.4,1,988.0291,2197.7842,137.8629,46.5868,0.0,0.0008
001184,001184.jpg,640,35.6,1,1581.2656,4057.6016,131.8615,54.492,0.0001,0.0533
001185,001185.jpg,1366,374.9,1,4065.2637,6392.2163,127.4147,68.0336,0.0003,0.0066
001186,001186.jpg,640,43.0,1,2522.4104,6325.8994,104.6685,69.8738,0.0,0.1162
001187,001187.jpg,644,91.3,1,3093.429,4101.4575,126.9908,39.1128,0.0,0.0027
001188,001188.jpg,640,35.0,1,1372.6522,3416.3792,139.9044,48.6348,0.0,0.0
001189,001189.jpg,1297,420.4,1,13156.8564,15196.0967,153.1343,55.2125,0.0,0.0018
001190,001190.jpg,640,52.4,1,5818.0,12690.5908,130.9871,62.662,0.0,0.0728
001191,001191.jpg,1101,334.6,1,12205.5439,21889.3691,107.9705,55.0653,0.0004,0.0006
001192,001192.jpg,640,62.7,1,8190.708,16525.3984,68.9981,49.7536,0.0,0.0948
001193,001193.jpg,708,184.1,1,18336.4316,21750.3457,125.4364,57.0686,0.0014,0.0009
001194,001194.jpg,640,52.3,1,5751.1787,12668.2871,127.4755,60.9059,0.0018,0.0005
001195,001195.jpg,1008,371.3,1,82108.4531,86546.5938,101.9505,72.3748,0.0051,0.0012
001196,001196.jpg,640,71.4,1,24505.3555,35446.8711,48.2532,56.7306,0.0,0.2861
001197,001197.jpg,1008,228.2,1,2512.6228,5632.9609,117.0458,52.919,0.0,0.0003
001198,001198.jpg,640,46.4,1,1978.0464,7163.0288,122.2448,59.6565,0.0051,0.0
001199,001199.jpg,1008,234.7,1,10769.1943,10654.0479,126.7836,57.769,0.0007,0.0031
001200,001200.jpg,640,47.6,1,3067.8228,7242.707,96.9029,56.2785,0.0,0.0533
001201,001201.jpg,933,195.1,1,8904.4004,9372.335,130.866,60.8464,0.0002,0.0068
001202,001202.jpg,640,54.4,1,4202.2456,7958.6992,139.8802,62.5871,0.0016,0.0001
001203,001203.jpg,900,162.0,1,20601.9141,23313.1406,134.2374,60.2919,0.0289,0.0009
001204,001204.jpg,640,48.5,1,7299.3701,14092.5977,140.7788,62.9746,0.0254,0.0
001205,001205.jpg,898,189.4,1,13717.0303,20591.4434,150.8297,54.2083,0.0005,0.0002
001206,001206.jpg,640,48.7,1,5251.3452,16710.5605,138.1351,63.063,0.0,0.0705
001207,001207.jpg,1067,342.1,1,11288.957,13788.3037,102.3362,47.9316,0.0051,0.0
001208,001208.jpg,640,52.3,1,4920.8853,9224.8887,45.2615,44.8422,0.0,0.1246
001209,001209.jpg,1008,200.0,1,2909.1675,6195.6919,142.3388,66.7109,0.0,0.0023
001210,001210.jpg,640,36.4,1,2007.2244,6448.9502,136.1425,71.2577,0.0,0.0449
001211,001211.jpg,965,248.3,1,22743.8438,20799.6445,102.9967,59.6529,0.0,0.0102
001212,001212.jpg,640,52.0,1,5110.9526,8791.0254,152.834,58.8804,0.0915,0.0
001213,001213.jpg,990,255.5,1,10124.3428,18684.3594,149.5991,57.2632,0.0001,0.0043
001214,001214.jpg,640,60.0,1,6203.8442,13966.7178,182.6163,65.2419,0.0746,0.0
001215,001215.jpg,1008,276.1,1,7002.3779,13119.0605,125.9148,73.6171,0.0055,0.0063
001216,001216.jpg,640,47.9,1,3683.8557,11758.9502,163.5044,74.4083,0.128,0.0
001217,001217.jpg,1008,229.0,1,7878.3447,8864.8398,130.3385,59.09,0.0004,0.0056
001218,001218.jpg,640,48.5,1,3616.8301,8060.0015,121.9566,62.8463,0.0,0.0535
001219,001219.jpg,850,140.8,1,6221.3374,5293.7256,141.5588,53.7336,0.0,0.0
001220,001220.jpg,640,38.0,1,1750.726,4195.5977,186.9671,60.2846,0.2464,0.0
001221,001221.jpg,1008,263.5,1,5344.0269,8568.7334,131.2802,50.5683,0.0003,0.0
001222,001222.jpg,640,51.2,1,3216.9858,9276.1055,155.9012,55.7242,0.0199,0.0
001223,001223.jpg,1157,300.1,1,4104.1216,9236.6123,123.379,57.4048,0.0002,0.0019
001224,001224.jpg,640,47.3,1,3196.8416,9472.3936,159.321,61.2787,0.0611,0.0
001225,001225.jpg,1200,431.1,1,25373.8184,26503.0332,120.3077,64.6774,0.0,0.0005
001226,001226.jpg,640,60.2,1,10321.0391,16281.9873,142.9484,67.1401,0.0092,0.0
001227,001227.jpg,1127,258.1,1,6741.1792,9300.124,129.0809,63.4511,0.0,0.0
001228,001228.jpg,640,38.4,1,3922.2705,6917.8926,78.3965,58.9607,0.0,0.1386
001229,001229.jpg,1274,333.8,1,2572.6492,4578.7676,150.8291,55.725,0.0,0.0018
001230,001230.jpg,640,37.8,1,2730.4609,6671.6738,161.0406,61.9438,0.0002,0.0
001231,001231.jpg,1067,230.3,1,1420.6433,3106.7512,109.9074,62.747,0.0,0.0067
001232,001232.jpg,640,41.4,1,1515.3306,4719.3965,139.3839,64.8803,0.0449,0.0
001233,001233.jpg,747,93.0,1,653.4944,1725.1963,142.1955,56.9715,0.0005,0.0
001234,001234.jpg,640,29.8,1,391.5215,1496.5089,87.8528,56.3929,0.0,0.0919
001235,001235.jpg,930,244.1,1,15835.2402,14730.2412,116.9393,55.0073,0.0017,0.0
001236,001236.jpg,792,159.2,1,10018.5508,19252.1855,153.0316,63.9861,0.0,0.0003
001237,001237.jpg,640,52.5,1,3919.9519,12632.8652,95.9778,61.7217,0.0,0.1032
001238,001238.jpg,902,227.3,1,12546.3652,13911.7256,137.7609,59.4652,0.0028,0.0
001239,001239.jpg,1127,162.1,1,639.3733,3115.3333,159.071,53.6398,0.0,0.0
001240,001240.jpg,640,30.6,1,1125.1453,4465.9468,133.5623,58.2253,0.0,0.0375
001241,001241.jpg,965,182.3,1,6497.9775,10476.7051,126.5281,56.5373,0.0007,0.0012
001242,001242.jpg,640,48.4,1,3479.1494,9037.0547,148.8861,61.5198,0.0494,0.0
001243,001243.jpg,1016,264.2,1,8025.9502,6763.8174,136.4255,57.2908,0.0,0.0
001244,001244.jpg,640,46.8,1,4524.5205,6939.7563,125.4174,61.2722,0.0,0.0406
001245,001245.jpg,1324,331.3,1,2740.3845,6620.6724,141.6412,62.286,0.0009,0.004
001246,001246.jpg,1155,343.7,1,19697.3145,21809.1113,112.4668,57.6725,0.0,0.0
001247,001247.jpg,640,56.4,1,9307.6992,12422.7178,120.8995,58.7437,0.0003,0.0001
001248,001248.jpg,1182,376.6,1,5500.7773,7869.7642,120.2724,53.5078,0.0001,0.0
001249,001249.jpg,640,54.1,1,2805.6956,6842.3164,85.6771,55.263,0.0,0.1354
001250,001250.jpg,1372,360.1,1,3555.8691,5243.9507,128.2342,60.8364,0.0,0.0008
001251,001251.jpg,640,41.6,1,1858.7727,5296.9536,79.9876,60.2331,0.0,0.1485
001252,001252.jpg,1225,196.4,1,834.8909,1594.401,130.4304,49.1683,0.0041,0.0
001253,001253.jpg,640,25.8,1,993.2483,2369.2881,179.8144,57.4664,0.0128,0.0
001254,001254.jpg,992,262.2,1,3906.4326,6435.106,141.8623,40.6857,0.0,0.0034
001255,001255.jpg,640,36.5,1,2653.7766,7290.5781,175.326,49.2119,0.0106,0.0
001256,001256.jpg,1440,357.9,1,1619.6876,4094.6416,112.9742,66.8811,0.0109,0.0135
001257,001257.jpg,640,34.7,1,1378.6296,4116.4434,162.9964,69.3368,0.113,0.0
001258,001258.jpg,1264,490.5,1,9093.7236,12865.7998,146.905,38.7516,0.0005,0.0005
001259,001259.jpg,1058,354.5,1,11539.6934,20119.9375,139.6893,62.248,0.0004,0.0
001260,001260.jpg,640,60.5,1,7166.0151,16407.1152,181.4882,64.4958,0.1692,0.0
001261,001261.jpg,1431,563.7,1,11634.8955,15343.2314,149.5102,50.565,0.0001,0.01
001262,001262.jpg,640,52.8,1,5940.4863,10418.3555,103.2184,51.0906,0.0,0.0961
001263,001263.jpg,1436,427.6,1,7324.1655,7240.6567,140.1565,60.4009,0.0,0.0028
001264,001264.jpg,640,39.1,1,2925.7815,4273.9824,117.4483,61.4545,0.0,0.0501
001265,001265.jpg,1483,442.5,1,6139.8574,12452.0752,135.7499,51.3443,0.0004,0.0
001266,001266.jpg,640,38.6,1,4698.1675,10579.3965,152.3702,61.1558,0.074,0.0
001267,001267.jpg,1490,560.7,1,9207.1631,9180.9072,131.8261,50.481,0.0,0.0018
001268,001268.jpg,640,47.7,1,4151.7749,5757.8564,115.0418,53.0206,0.0,0.0517
001269,001269.jpg,1269,309.3,1,1426.9287,3097.4238,132.931,57.5629,0.0001,0.0013
001270,001270.jpg,640,32.7,1,1942.2356,4564.2886,180.9429,56.7539,0.1138,0.0
001271,001271.jpg,1419,524.4,1,8261.333,14586.6797,129.8846,57.2775,0.0,0.0052
001272,001272.jpg,640,57.4,1,5809.3652,11672.5771,116.1582,64.4637,0.0,0.0955
001273,001273.jpg,1251,671.4,1,42779.5664,31023.418,121.48,61.0927,0.0001,0.0093
001274,001274.jpg,640,76.5,1,18264.3379,16101.1279,91.9839,57.4514,0.0,0.0579
001275,001275.jpg,1443,432.6,1,1358.8792,3216.853,117.6603,48.3334,0.0001,0.0021
001276,001276.jpg,1229,442.5,1,14097.2578,18065.3613,113.87,55.5897,0.0003,0.002
001277,001277.jpg,640,53.7,1,7389.686,11603.9639,169.1004,54.0862,0.0347,0.0
001278,001278.jpg,1302,436.1,1,13320.4961,15341.6455,123.1499,65.2515,0.0004,0.0
001279,001279.jpg,1219,351.7,1,4023.2461,7958.8667,125.44,50.275,0.0003,0.0
001280,001280.jpg,640,49.4,1,3267.0479,8038.7314,123.016,58.4186,0.0007,0.0025
001281,001281.jpg,1378,567.8,1,31459.1074,28282.8594,121.1728,68.6805,0.0005,0.0131
001282,001282.jpg,1253,431.7,1,24847.3691,24271.4629,127.8973,72.0839,0.0012,0.0142
001283,001283.jpg,1224,410.6,1,13694.3848,15603.7344,115.0375,55.2795,0.0003,0.0137
001284,001284.jpg,640,53.6,1,6287.8687,12554.8867,103.404,56.6633,0.0,0.0614
001285,001285.jpg,1230,363.4,1,15087.7188,13826.1143,126.9839,62.6824,0.0,0.0072
001286,001286.jpg,640,50.6,1,7814.3711,11107.8271,142.118,63.5002,0.0026,0.0
001287,001287.jpg,1311,464.5,1,10127.0479,16009.0693,113.6074,62.12,0.0,0.0022
001288,001288.jpg,1346,368.5,1,2560.7532,6073.0605,122.0603,56.1475,0.0,0.0
001289,001289.jpg,1241,286.8,1,1478.7213,4112.1147,149.6488,52.0472,0.0002,0.0004
001290,001290.jpg,640,40.2,1,2129.3691,6666.2949,182.364,56.6973,0.087,0.0
001291,001291.jpg,1264,495.2,1,25556.1113,29817.3066,126.5703,60.1361,0.0,0.0018
001292,001292.jpg,640,68.5,1,17400.1602,19073.4707,74.4065,49.7548,0.0,0.1522
001293,001293.jpg,1437,592.1,1,5631.915,10191.8691,125.0128,50.3063,0.0003,0.0013
001294,001294.jpg,1500,566.5,1,9357.7666,11630.8477,108.3808,52.5228,0.0,0.0067
001295,001295.jpg,640,46.5,1,4380.7173,8492.209,93.1205,54.7183,0.0,0.0807
001296,001296.jpg,1312,596.9,1,19647.5918,24096.1582,130.0572,47.734,0.0002,0.0
001297,001297.jpg,640,70.4,1,8345.7373,13427.4902,85.0322,47.2805,0.0,0.0812
001298,001298.jpg,1012,249.5,1,8795.8223,9648.1328,137.9269,55.3676,0.0003,0.0107
001299,001299.jpg,1379,423.4,1,10097.3467,10905.6729,135.1229,65.4597,0.0014,0.0018
001300,001300.jpg,640,49.0,1,4558.1992,8460.374,112.1152,71.0401,0.0,0.1129
001301,001301.jpg,1477,439.2,1,15867.4531,16657.3301,143.7443,57.7177,0.0004,0.003
001302,001302.jpg,640,46.9,1,10677.6299,11417.2871,186.8435,55.8334,0.161,0.0
001303,001303.jpg,1283,486.0,1,24791.4375,22827.8066,125.7433,63.1596,0.0,0.0
001304,001304.jpg,1381,511.9,1,4878.6157,9331.2354,145.6626,68.0931,0.0023,0.0093
001305,001305.jpg,640,48.4,1,3431.9243,9087.9697,195.9052,63.4274,0.3039,0.0
001306,001306.jpg,1413,569.6,1,8989.7959,12721.3643,125.5966,68.9886,0.0006,0.0054
001307,001307.jpg,1370,480.8,1,5261.8491,6561.1968,114.6658,66.9685,0.0002,0.0178
001308,001308.jpg,640,49.4,1,2593.3596,6618.9976,99.4317,68.5334,0.0,0.1316
001309,001309.jpg,1448,637.1,1,19559.0605,31112.6387,109.3395,58.7365,0.0,0.0033
001310,001310.jpg,640,63.7,1,14602.3838,23903.1992,140.9349,58.7943,0.0621,0.0
001311,001311.jpg,1251,352.6,1,5161.5801,7647.9985,127.3936,62.7332,0.0012,0.0132
001312,001312.jpg,640,48.8,1,3082.0906,7423.04,165.1684,65.1291,0.1287,0.0
001313,001313.jpg,1454,652.5,1,22355.3125,30941.2246,95.7943,61.5611,0.0023,0.0004
001314,001314.jpg,640,62.4,1,10299.7129,16206.4111,48.9181,52.377,0.0,0.1429
001315,001315.jpg,1148,390.0,1,13605.0186,15499.5127,115.1484,62.4351,0.0047,0.0008
001316,001316.jpg,640,59.1,1,5475.4375,10438.6016,162.4736,59.9821,0.0601,0.0
001317,001317.jpg,1105,293.5,1,16965.5078,23591.9434,154.4414,59.8432,0.0004,0.0004
001318,001318.jpg,640,50.9,1,9667.5938,16545.9434,147.6746,66.6741,0.0007,0.0642
001319,001319.jpg,1389,489.0,1,20138.1973,29377.4805,122.9952,69.3222,0.0007,0.0
001320,001320.jpg,640,56.9,1,10960.3555,19652.1719,141.1179,71.3108,0.0511,0.0
001321,001321.jpg,1275,411.6,1,16065.043,21734.0625,150.1558,53.5123,0.0,0.0024
001322,001322.jpg,640,56.3,1,8221.333,14215.1689,168.9533,61.0951,0.0005,0.0
001323,001323.jpg,1508,616.7,1,13654.6992,18185.6738,126.5622,52.8776,0.0035,0.0027
001324,001324.jpg,640,61.0,1,6723.0493,12608.9404,103.0095,52.2554,0.0,0.0391
001325,001325.jpg,1268,384.7,1,5630.6489,11341.0469,91.3109,68.6621,0.0,0.0221
001326,001326.jpg,1407,621.0,1,44174.9062,58453.9062,137.4799,72.2121,0.0009,0.0202
001327,001327.jpg,640,74.8,1,22731.4883,34198.9609,153.8126,73.1401,0.0086,0.0
001328,001328.jpg,1313,424.0,1,10793.9268,19469.248,138.8958,61.556,0.0026,0.0023
001329,001329.jpg,640,57.6,1,7019.6558,14263.1445,99.713,63.917,0.0,0.1833
001330,001330.jpg,640,56.3,1,4646.6064,10288.5439,111.2869,60.3367,0.0,0.0821
001331,001331.jpg,1208,333.0,1,2918.9578,5926.1567,128.7327,59.1977,0.0,0.0215
001332,001332.jpg,1360,413.6,1,9011.4326,12587.71,109.9314,60.1813,0.0113,0.0077
001333,001333.jpg,640,53.9,1,5100.876,11022.9951,93.2096,61.2611,0.0,0.0889
001334,001334.jpg,1246,423.4,1,9572.6777,18152.7285,142.3881,56.942,0.0,0.0011
001335,001335.jpg,640,57.3,1,7320.3994,15187.624,151.7372,58.4809,0.0,0.0001
001336,001336.jpg,1295,445.6,1,20902.5371,23225.2109,145.919,67.8314,0.0056,0.0083
001337,001337.jpg,640,60.3,1,9327.9736,14132.6221,94.1148,61.155,0.0,0.1778
001338,001338.jpg,1164,451.4,1,40056.6523,39689.9258,152.3103,69.6291,0.001,0.0007
001339,001339.jpg,640,75.3,1,21330.748,26454.2754,118.8051,70.5866,0.0,0.1144
001340,001340.jpg,1036,394.3,1,25063.291,33554.1641,156.0207,53.4296,0.0,0.0007
001341,001341.jpg,640,69.2,1,12554.541,20721.2656,188.0037,60.0889,0.0959,0.0
001342,001342.jpg,1305,366.2,1,5799.6841,8974.9385,117.3497,65.1894,0.0041,0.0016
001343,001343.jpg,640,48.8,1,3074.0405,8100.855,125.3824,68.699,0.0058,0.0
001344,001344.jpg,1120,320.3,1,14367.0068,14153.8291,121.2267,65.3463,0.0002,0.0021
001345,001345.jpg,1189,353.3,1,13666.7656,13641.0576,122.4183,53.6809,0.0,0.0001
001346,001346.jpg,640,53.1,1,5479.5776,9502.4248,115.224,57.7407,0.0,0.0552
001347,001347.jpg,1158,280.6,1,1919.6514,4600.4048,117.8067,55.2627,0.0,0.0113
001348,001348.jpg,640,43.7,1,1924.6737,5683.4985,77.0663,53.9421,0.0,0.1506
001349,001349.jpg,1207,310.5,1,2501.5273,6712.9878,130.2659,56.7922,0.0,0.0003
001350,001350.jpg,640,48.5,1,2792.8015,8445.6797,116.4818,58.3605,0.0,0.031
001351,001351.jpg,1349,393.5,1,3060.8835,7133.1948,136.7828,58.9646,0.0283,0.0036
001352,001352.jpg,1298,421.1,1,7749.187,16344.8506,133.9365,56.6856,0.0007,0.0
001353,001353.jpg,640,53.2,1,5840.6836,15079.2158,169.7238,64.6423,0.0943,0.0
001354,001354.jpg,1357,456.0,1,3678.3047,4592.5938,138.8052,50.0433,0.0,0.0026
001355,001355.jpg,1117,382.3,1,7225.4321,11449.793,132.1013,48.1341,0.0,0.0011
001356,001356.jpg,1282,390.4,1,3219.2158,5503.9399,103.5172,60.5906,0.001,0.0
001357,001357.jpg,640,44.3,1,2535.4915,6096.0161,109.0741,60.6363,0.0032,0.0002
001358,001358.jpg,1141,405.3,1,12555.9531,21942.6055,142.1541,51.4171,0.0,0.0008
001359,001359.jpg,640,58.8,1,7417.2793,12875.2715,80.8991,48.5181,0.0,0.1314
001360,001360.jpg,1238,496.3,1,19631.9824,28133.0781,138.5413,61.6458,0.0,0.0004
001361,001361.jpg,640,69.1,1,9004.5117,15659.3252,187.8523,65.3435,0.1018,0.0
001362,001362.jpg,1116,366.6,1,10066.2334,20731.123,132.8595,59.0723,0.0,0.0017
001363,001363.jpg,640,56.2,1,7880.7261,15272.9287,135.512,65.3373,0.0003,0.0009
001364,001364.jpg,1080,277.0,1,5872.4072,9507.3574,104.0215,59.9191,0.0004,0.0054
001365,001365.jpg,1308,462.4,1,5520.0679,11786.6064,151.9085,59.7983,0.0006,0.0
001366,001366.jpg,1282,354.6,1,7097.293,12052.1787,130.5865,58.6656,0.0,0.0009
001367,001367.jpg,640,50.6,1,4548.021,9213.8467,88.8354,60.4937,0.0,0.1461
001368,001368.jpg,1288,328.8,1,1453.5099,2936.5391,136.0083,64.6216,0.0007,0.0008
001369,001369.jpg,1348,465.6,1,12506.8291,25988.2031,148.3469,66.0688,0.0005,0.0003
001370,001370.jpg,1219,214.5,1,1893.7113,4158.4312,140.8404,63.3846,0.0015,0.0026
001371,001371.jpg,1272,483.3,1,19072.1855,22341.4121,136.7314,57.8597,0.0003,0.0041
001372,001372.jpg,1294,394.2,1,4989.7466,9868.0273,113.3112,67.4614,0.0041,0.0013
001373,001373.jpg,640,55.8,1,3833.6794,10351.1836,113.2134,68.4535,0.0058,0.0028
001374,001374.jpg,1259,378.5,1,15603.4844,26384.5254,125.2134,71.8356,0.0005,0.0045
001375,001375.jpg,640,49.9,1,10526.7246,19756.5859,150.5878,71.6173,0.0715,0.0
001376,001376.jpg,1367,369.9,1,1197.6759,4287.5259,117.1266,52.8629,0.0091,0.0003
001377,001377.jpg,640,39.5,1,1801.8912,6356.2515,154.283,56.4999,0.0644,0.0
001378,001378.jpg,1276,310.1,1,6950.5005,11240.0381,145.2032,55.2191,0.0022,0.0036
001379,001379.jpg,640,42.9,1,4850.4204,8540.2539,190.6622,59.0106,0.2307,0.0
001380,001380.jpg,1322,428.5,1,7768.6343,12287.8936,99.8096,67.8816,0.0137,0.0057
001381,001381.jpg,640,47.0,1,3665.6843,8659.6992,50.2362,56.1749,0.0,0.3587
001382,001382.jpg,1264,297.1,1,6855.5249,9600.1133,135.3592,69.1703,0.0427,0.0075
001383,001383.jpg,640,40.5,1,4095.5168,8284.4521,154.9819,73.4059,0.051,0.0
001384,001384.jpg,1127,215.8,1,2165.1904,4863.3721,138.414,61.9867,0.0146,0.0006
001385,001385.jpg,640,36.6,1,2495.1626,5458.5024,114.5327,64.9212,0.0,0.0915
001386,001386.jpg,928,127.8,1,5065.7437,4138.6489,134.5803,47.542,0.0,0.0
001387,001387.jpg,930,261.2,1,54811.2812,27818.2715,149.0729,59.5974,0.0017,0.0
001388,001388.jpg,640,58.3,1,7742.9858,11731.9961,140.1911,66.1316,0.0003,0.0859
001389,001389.jpg,1131,353.4,1,12994.2861,12950.0664,126.5393,58.0352,0.0,0.0
001390,001390.jpg,640,57.1,1,4574.8691,9303.9688,92.8882,59.0943,0.0,0.1195
001391,001391.jpg,1008,329.9,1,16437.4961,16174.7598,125.5552,44.8653,0.0001,0.0004
001392,001392.jpg,640,56.8,1,4681.0864,9959.249,162.379,51.5484,0.0273,0.0
001393,001393.jpg,722,185.4,1,33469.9062,29085.6113,134.6147,79.0079,0.0015,0.0027
001394,001394.jpg,2036,651.4,1,6165.7954,9444.2998,141.1914,50.2167,0.0001,0.0
001395,001395.jpg,640,50.1,1,4143.5566,8237.126,152.1531,57.1659,0.0002,0.0
001396,001396.jpg,717,159.3,1,10908.1152,13443.1826,154.6138,54.0478,0.0,0.0031
001397,001397.jpg,640,55.8,1,3241.5146,8489.5166,144.5084,60.0015,0.0,0.0517
001398,001398.jpg,819,235.8,1,26652.5,31007.3223,163.7008,51.4633,0.003,0.0025
001399,001399.jpg,640,65.8,1,8531.1475,18325.9609,181.7586,61.3253,0.0286,0.0
001400,001400.jpg,755,160.9,1,19291.7285,11721.6973,111.5618,47.1346,0.0,0.0352
001401,001401.jpg,640,39.5,1,3104.9976,4675.8149,60.1087,40.4254,0.0,0.1558
001402,001402.jpg,777,168.5,1,11224.79,22768.6289,124.6978,60.6326,0.0,0.0
001403,001403.jpg,640,62.3,1,5557.8013,15837.0361,140.7966,61.7299,0.0161,0.0
001404,001404.jpg,590,110.7,1,10086.7471,11801.7334,134.0031,55.899,0.0,0.0043
001405,001405.jpg,640,48.1,1,3164.7581,7934.8877,129.4321,56.3981,0.0,0.0194
001406,001406.jpg,818,217.4,1,7635.9185,8172.1494,91.6579,57.7408,0.0001,0.0129
001407,001407.jpg,640,38.7,1,2244.6404,5335.4399,46.222,49.5489,0.0,0.3132
001408,001408.jpg,1008,320.7,1,29404.7891,31254.5508,127.8956,60.1873,0.0003,0.0053
001409,001409.jpg,640,65.7,1,8713.6865,17252.8965,124.8666,61.3926,0.0002,0.0531
001410,001410.jpg,965,201.9,1,6766.4453,15624.667,136.709,69.8395,0.0,0.0087
001411,001411.jpg,1008,314.5,1,42165.7305,41581.4336,134.9674,65.9519,0.0004,0.0041
001412,001412.jpg,640,63.0,1,12573.7305,18834.4941,136.312,65.9563,0.0001,0.0028
001413,001413.jpg,2048,627.8,1,9654.1279,16453.9395,127.1605,56.1403,0.0012,0.0
001414,001414.jpg,640,51.6,1,5236.0161,12290.6826,78.9189,56.0892,0.0,0.1439
001415,001415.jpg,1008,304.6,1,8182.938,8178.7549,137.416,43.8128,0.0,0.0024
001416,001416.jpg,1008,265.2,1,12642.3945,15515.9395,153.9928,62.3338,0.0001,0.001
001417,001417.jpg,640,41.8,1,4109.7119,11326.2402,86.2363,59.0542,0.0,0.1459
001418,001418.jpg,839,204.5,1,6012.0894,8843.3203,122.8594,46.9098,0.0075,0.0001
001419,001419.jpg,640,58.4,1,3614.1733,7896.6987,109.5632,49.4884,0.0,0.0376
001420,001420.jpg,1008,205.9,1,9642.5713,15500.166,130.0848,61.4112,0.0005,0.0044
001421,001421.jpg,640,39.7,1,5560.6177,11017.8379,86.9507,53.9063,0.0,0.1667
001422,001422.jpg,989,173.4,1,3671.3003,9360.707,111.4208,51.3758,0.0018,0.0162
001423,001423.jpg,640,42.0,1,2052.3821,6390.6924,56.0689,44.6474,0.0,0.2386
001424,001424.jpg,941,189.5,1,14199.5088,15606.9648,142.7384,57.8491,0.0001,0.003
001425,001425.jpg,640,49.7,1,6422.1626,9969.3291,108.8412,57.1758,0.0,0.09
001426,001426.jpg,936,197.4,1,8724.7061,11397.0684,116.7405,47.5507,0.0,0.0079
001427,001427.jpg,998,243.5,1,13065.583,19599.291,82.3955,78.2528,0.0055,0.051
001428,001428.jpg,640,56.2,1,4669.2183,14169.7676,103.3138,76.5508,0.0103,0.0
001429,001429.jpg,1008,220.8,1,9221.5498,11867.5107,141.4539,65.6401,0.0006,0.0095
001430,001430.jpg,640,44.7,1,3517.3613,10015.6963,149.1653,72.472,0.0051,0.0
001431,001431.jpg,640,56.8,1,7467.2573,14558.2998,85.7932,54.1056,0.0,0.1553
001432,001432.jpg,1008,256.7,1,6415.9243,11602.165,109.0191,49.245,0.0,0.0004
001433,001433.jpg,640,53.2,1,2981.7981,11549.2227,156.9348,51.3618,0.0157,0.0
001434,001434.jpg,1008,307.8,1,6882.9644,14844.2109,115.4214,50.4295,0.0004,0.0
001435,001435.jpg,640,58.3,1,3490.9888,12346.2979,163.5705,50.942,0.0399,0.0
001436,001436.jpg,985,222.0,1,4027.8506,10611.3057,111.2245,57.4753,0.0003,0.0004
001437,001437.jpg,907,236.2,1,6921.9448,9266.6484,156.0976,60.1269,0.0001,0.0012
001438,001438.jpg,640,52.3,1,2977.2537,7686.811,189.9408,67.4794,0.1348,0.0
001439,001439.jpg,1008,259.7,1,9333.7461,12703.2344,136.5093,59.6167,0.0001,0.0016
001440,001440.jpg,640,54.5,1,3888.5479,9540.0078,163.9318,62.408,0.0781,0.0
001441,001441.jpg,985,296.7,1,16102.0098,21035.3965,137.267,56.4769,0.0016,0.0
001442,001442.jpg,640,65.6,1,5671.0938,12836.5996,187.4272,58.7094,0.1597,0.0
001443,001443.jpg,965,184.6,1,5130.9072,10053.7402,140.2205,66.4463,0.0001,0.003
001444,001444.jpg,640,48.8,1,3245.1426,9853.5127,146.4913,71.6127,0.0012,0.0001
001445,001445.jpg,993,197.2,1,2971.7651,4876.3755,124.7278,60.5272,0.0001,0.0059
001446,001446.jpg,640,48.0,1,1793.1396,6233.4688,148.4931,65.485,0.0202,0.0
001447,001447.jpg,981,255.7,1,28598.9551,32324.3086,108.5994,61.6491,0.0001,0.005
001448,001448.jpg,640,62.9,1,9095.4883,17023.8066,112.9236,60.4067,0.0059,0.0002
001449,001449.jpg,946,145.3,1,5840.6592,6136.5747,148.9671,50.1324,0.0,0.0
001450,001450.jpg,1008,315.5,1,32304.3379,28419.9512,139.452,60.5713,0.0001,0.0
001451,001451.jpg,640,61.3,1,8188.4438,13039.084,166.8509,64.2465,0.0271,0.0
001452,001452.jpg,907,221.5,1,13247.7637,18400.8066,119.9828,47.1869,0.0,0.0
001453,001453.jpg,640,58.2,1,7766.8037,14215.5273,116.4083,48.2687,0.0,0.028
001454,001454.jpg,910,262.8,1,41656.1016,32363.9805,131.1687,71.2981,0.0001,0.003
001455,001455.jpg,640,59.2,1,6252.0454,9466.0234,181.5362,60.928,0.2131,0.0
001456,001456.jpg,863,204.5,1,18124.3027,16181.2939,133.7372,60.1077,0.0002,0.0031
001457,001457.jpg,640,52.9,1,3276.5757,7068.1548,162.4238,66.1792,0.0574,0.0
001458,001458.jpg,914,253.7,1,11712.7188,11974.1172,113.4666,48.8231,0.0013,0.0046
001459,001459.jpg,640,57.4,1,3246.8882,8962.501,100.4,52.4859,0.0,0.0748
001460,001460.jpg,871,160.6,1,6670.0278,9670.1387,122.8598,65.437,0.0004,0.0016
001461,001461.jpg,957,251.1,1,18443.4336,19242.3301,143.8829,46.4479,0.0001,0.0003
001462,001462.jpg,1008,390.6,1,37406.3828,28683.207,127.3631,54.5034,0.0001,0.0007
001463,001463.jpg,640,66.9,1,6558.5361,10225.8838,63.8436,46.75,0.0,0.1596
001464,001464.jpg,866,201.1,1,12042.4531,11203.7295,137.4418,53.3482,0.0005,0.0059
001465,001465.jpg,640,48.7,1,3181.9404,7113.5532,91.5531,53.7688,0.0,0.124
001466,001466.jpg,1008,221.3,1,7350.0347,6964.2192,140.1362,58.0786,0.0,0.0055
001467,001467.jpg,640,44.9,1,2617.3416,6115.6621,174.6129,60.0836,0.072,0.0
001468,001468.jpg,876,191.1,1,27217.5742,16944.9902,154.2101,58.3247,0.0001,0.0001
001469,001469.jpg,640,44.2,1,4556.6387,8419.6221,146.7883,64.4061,0.0,0.0534
001470,001470.jpg,1008,371.1,1,28888.6758,20455.3828,133.8328,51.6366,0.0002,0.0018
001471,001471.jpg,640,66.4,1,5767.1602,12198.085,146.1506,54.1235,0.0188,0.0
001472,001472.jpg,1008,289.7,1,38427.1328,25815.2949,112.4611,62.2841,0.0041,0.0037
001473,001473.jpg,640,58.5,1,6745.6675,13089.749,94.9054,62.1727,0.0,0.0992
001474,001474.jpg,1008,245.9,1,7418.0366,6760.9072,122.0539,59.6647,0.0014,0.014
001475,001475.jpg,640,41.8,1,1776.615,4718.168,65.0152,53.5342,0.0,0.2334
001476,001476.jpg,870,200.4,1,20137.8047,15182.5977,122.9047,62.5733,0.0,0.0105
001477,001477.jpg,640,49.5,1,3667.5325,6911.8301,160.6651,65.0897,0.1117,0.0
001478,001478.jpg,1008,283.2,1,41276.8125,26199.4219,125.2149,66.0554,0.0,0.0
001479,001479.jpg,640,55.5,1,6851.6201,11178.9521,85.7389,62.8553,0.0,0.1762
001480,001480.jpg,929,209.7,1,22619.5801,15240.4463,161.7133,62.1458,0.0001,0.0034
001481,001481.jpg,1008,271.7,1,6669.8354,9536.7217,131.7148,68.9663,0.0003,0.008
001482,001482.jpg,640,50.4,1,2824.4856,8039.022,160.4577,70.2289,0.165,0.0
001483,001483.jpg,1008,229.0,1,3459.5774,5700.3477,129.3499,58.38,0.0002,0.0109
001484,001484.jpg,965,226.1,1,22189.1211,20357.5879,129.0144,57.1026,0.0,0.0017
001485,001485.jpg,640,55.1,1,7422.0239,11218.4785,94.1802,55.1876,0.0,0.0667
001486,001486.jpg,1008,256.5,1,29996.5078,24553.8555,113.4664,60.2883,0.0,0.0033
001487,001487.jpg,640,53.3,1,7201.6562,12806.5078,99.0943,62.2092,0.0,0.0918
001488,001488.jpg,1008,217.2,1,3106.8628,6834.7397,123.1063,53.3619,0.0002,0.0031
001489,001489.jpg,640,48.9,1,2322.011,8378.9688,117.9307,57.634,0.0,0.0507
001490,001490.jpg,1008,276.7,1,24680.041,17168.9902,127.2939,57.7531,0.0,0.0045
001491,001491.jpg,873,257.8,1,32446.9512,27703.6777,112.4753,57.3027,0.0,0.0019
001492,001492.jpg,640,64.8,1,7209.5176,16479.8379,129.5976,59.7708,0.013,0.0
001493,001493.jpg,922,238.3,1,27451.043,17025.4121,122.9359,55.3614,0.0,0.002
001494,001494.jpg,640,54.8,1,8577.4023,9514.7617,86.8471,51.6202,0.0,0.0661
001495,001495.jpg,1008,229.2,1,26511.7812,15158.0117,149.9697,69.2976,0.0001,0.0069
001496,001496.jpg,1008,264.3,1,11109.6816,8808.3477,119.5222,45.5607,0.0,0.0014
001497,001497.jpg,640,45.2,1,2960.0789,4680.9858,65.4826,42.1757,0.0,0.1524
001498,001498.jpg,1008,313.5,1,60180.6016,44772.457,128.5897,67.754,0.0017,0.017
001499,001499.jpg,640,64.7,1,13202.4727,21430.6348,136.7984,68.238,0.0169,0.0
001500,001500.jpg,933,188.3,1,2862.9058,6400.1138,137.4116,41.1561,0.0,0.0001
001501,001501.jpg,640,50.4,1,2472.6697,6290.8252,169.8681,43.0044,0.0253,0.0
001502,001502.jpg,1008,308.2,1,17232.4453,16040.3115,123.215,57.0518,0.0,0.0001
001503,001503.jpg,640,58.4,1,3899.3318,8563.3135,77.5488,53.1831,0.0,0.1601
001504,001504.jpg,1032,419.1,1,9512.7246,12565.4668,139.8806,39.7489,0.0,0.0001
001505,001505.jpg,640,65.8,1,5342.0723,9757.7979,145.7147,43.4325,0.0072,0.0003
001506,001506.jpg,925,339.6,1,22483.8574,24993.5898,130.2152,57.9952,0.0016,0.002
001507,001507.jpg,640,71.9,1,10755.0566,17797.709,141.5576,60.5782,0.0061,0.0
001508,001508.jpg,1051,243.2,1,2919.718,5869.4214,153.5738,53.4396,0.0008,0.0056
001509,001509.jpg,640,39.6,1,2316.9929,5798.375,110.6081,58.557,0.0,0.1333
001510,001510.jpg,1296,540.7,1,19874.7754,22783.1973,135.7649,57.261,0.0,0.0009
001511,001511.jpg,640,59.6,1,8830.5098,13622.0596,173.58,64.7752,0.0333,0.0
001512,001512.jpg,1023,273.4,1,27827.6445,17977.6543,133.4758,55.0155,0.0006,0.0027
001513,001513.jpg,640,45.0,1,5171.542,7866.0215,125.5963,61.9166,0.0001,0.0817
001514,001514.jpg,1041,213.9,1,2591.0676,4399.7417,132.2479,52.9297,0.0002,0.0
001515,001515.jpg,640,37.9,1,1741.4337,4468.5884,150.7425,60.7019,0.0128,0.0
001516,001516.jpg,945,222.5,1,15153.4805,14135.2207,152.4362,70.6213,0.0002,0.0072
001517,001517.jpg,640,46.3,1,3756.1123,7737.4902,176.4735,73.0889,0.181,0.0
001518,001518.jpg,1218,245.9,1,1810.2054,6495.4375,123.4632,62.7734,0.0061,0.0005
001519,001519.jpg,640,47.9,1,3229.5107,9715.5127,131.5217,65.369,0.0219,0.0
001520,001520.jpg,1043,253.6,1,20239.7891,24255.9219,139.2019,54.383,0.0,0.0055
001521,001521.jpg,640,54.2,1,9724.2305,14686.5654,141.62,62.121,0.0014,0.0002
001522,001522.jpg,1146,393.7,1,18114.4062,22869.5,138.619,56.9086,0.0001,0.0025
001523,001523.jpg,640,57.9,1,8056.4375,13906.1465,98.6366,58.872,0.0,0.1216
001524,001524.jpg,1113,357.4,1,9041.9502,13075.5312,108.7206,69.1116,0.0044,0.0047
001525,001525.jpg,640,57.0,1,7055.1123,12506.3975,124.0723,69.7969,0.0074,0.0
001526,001526.jpg,1210,392.0,1,15078.1436,12186.8633,131.7782,57.3622,0.0001,0.0021
001527,001527.jpg,640,48.7,1,4991.9175,7339.0938,124.9102,61.8905,0.0,0.0529
001528,001528.jpg,1060,163.9,1,869.6114,3127.8274,129.0266,67.8465,0.0011,0.0037
001529,001529.jpg,1009,209.4,1,6180.6606,11990.1152,135.1285,62.2504,0.0,0.0011
001530,001530.jpg,640,50.8,1,3666.2957,12112.0273,183.7454,64.1953,0.2324,0.0
001531,001531.jpg,1166,359.2,1,14930.8604,11421.0,123.5395,62.9826,0.0,0.0006
001532,001532.jpg,1216,410.9,1,17276.5547,18013.5566,133.421,66.1743,0.0019,0.0034
001533,001533.jpg,640,52.1,1,6194.5376,11183.2471,77.3276,59.4231,0.0,0.2427
001534,001534.jpg,1173,435.8,1,38131.6289,35150.7578,137.998,66.1293,0.0016,0.002
001535,001535.jpg,640,62.5,1,13489.2422,19368.0117,126.472,68.0791,0.0001,0.0649
001536,001536.jpg,1177,327.4,1,3652.5227,6941.0273,122.1621,63.5231,0.0,0.0188
001537,001537.jpg,640,46.9,1,2366.7891,6405.0439,66.4296,52.932,0.0,0.2694
001538,001538.jpg,1097,381.5,1,33627.4492,32527.6426,118.0512,58.3458,0.0,0.0002
001539,001539.jpg,640,61.8,1,12986.3486,19208.752,142.5647,60.4115,0.0197,0.0
001540,001540.jpg,1155,449.0,1,14785.8584,15791.2217,132.7,52.7057,0.0,0.006
001541,001541.jpg,640,55.6,1,5641.5049,9765.1562,173.2103,59.4831,0.0368,0.0
001542,001542.jpg,1215,380.0,1,6476.1406,6986.1177,130.7508,64.4138,0.0001,0.0114
001543,001543.jpg,640,47.3,1,3232.2925,6929.9014,118.3874,66.5057,0.0,0.0764
001544,001544.jpg,1077,350.7,1,16096.8057,18586.9219,112.6206,61.6698,0.0009,0.003
001545,001545.jpg,640,57.6,1,5948.9312,11491.7422,67.5332,55.4064,0.0,0.2023
001546,001546.jpg,1247,409.7,1,12925.4658,21006.9746,132.6252,59.6446,0.0005,0.0
001547,001547.jpg,640,63.2,1,7977.5601,16689.6348,112.7939,63.6882,0.0,0.0937
001548,001548.jpg,1034,191.1,1,1382.3016,3862.3411,103.6697,68.7916,0.0,0.0629
001549,001549.jpg,640,42.1,1,1839.5294,5831.8096,148.1071,69.2671,0.1258,0.0
001550,001550.jpg,1210,324.6,1,1605.0803,4892.4731,111.0791,47.5591,0.0,0.0047
001551,001551.jpg,1152,247.0,1,3704.0591,8540.5596,127.2119,70.7543,0.0012,0.0058
001552,001552.jpg,1100,342.8,1,5138.0356,7976.8687,126.2402,55.561,0.0001,0.0049
001553,001553.jpg,640,45.8,1,3099.3337,7184.4688,134.9292,59.3654,0.0036,0.0
001554,001554.jpg,1290,451.4,1,4739.3984,7715.4712,100.8733,50.302,0.0,0.0767
001555,001555.jpg,640,49.5,1,2902.2131,6891.832,110.6416,55.1484,0.0021,0.0
001556,001556.jpg,1043,367.3,1,21058.1875,20367.4355,101.5947,56.8459,0.0,0.0004
001557,001557.jpg,640,67.9,1,8010.2705,14626.1035,86.1763,55.3883,0.0,0.0593
001558,001558.jpg,995,265.9,1,18745.4961,19748.502,105.8112,59.0485,0.0,0.0055
001559,001559.jpg,640,53.0,1,4333.2417,8498.3711,56.5939,47.2775,0.0,0.1923
001560,001560.jpg,886,223.2,1,9903.8711,10984.6621,125.4271,34.7666,0.0,0.0004
001561,001561.jpg,957,196.2,1,2738.8508,6412.249,133.9156,45.9377,0.0001,0.0013
001562,001562.jpg,640,51.3,1,2366.9072,6357.3311,133.0807,51.6988,0.0001,0.0448
001563,001563.jpg,844,134.0,1,3950.1914,6976.2544,116.6931,38.6467,0.0006,0.0004
001564,001564.jpg,640,36.4,1,1907.8143,4843.9688,80.1987,39.1135,0.0,0.1052
001565,001565.jpg,2048,968.0,1,39626.5117,30866.5801,130.4657,55.8994,0.0019,0.0014
001566,001566.jpg,993,323.9,1,23851.6758,20497.4375,107.7047,75.7924,0.0008,0.001
001567,001567.jpg,640,54.9,1,4316.7861,14596.1074,60.6346,61.6991,0.0,0.3954
001568,001568.jpg,983,149.5,1,2538.7588,5468.6255,114.7544,52.7242,0.0007,0.0023
001569,001569.jpg,1008,322.8,1,27072.1777,32360.6348,101.7005,66.5923,0.0,0.0009
001570,001570.jpg,640,66.6,1,9637.5078,18555.0,111.3074,65.2371,0.0004,0.0
001571,001571.jpg,949,192.6,1,3370.0356,10167.6309,123.0066,58.2608,0.0002,0.0045
001572,001572.jpg,640,51.6,1,3010.6428,12653.3945,110.5815,64.7057,0.0,0.0921
001573,001573.jpg,957,310.3,1,29173.1953,32313.4023,112.7086,61.5785,0.0032,0.0032
001574,001574.jpg,640,71.4,1,8097.9448,19075.3242,121.8026,63.4701,0.0074,0.0
001575,001575.jpg,939,211.2,1,20183.2285,11804.1768,118.4778,56.3055,0.0,0.0037
001576,001576.jpg,640,50.7,1,5598.3374,7980.1851,128.0085,59.7086,0.0035,0.0001
001577,001577.jpg,810,209.6,1,31246.7598,19846.6855,125.9779,51.7178,0.0014,0.0022
001578,001578.jpg,640,56.7,1,5718.0015,9930.6162,131.0097,57.5152,0.0048,0.0
001579,001579.jpg,829,168.0,1,11344.4639,7331.1348,117.0824,39.1077,0.0,0.0015
001580,001580.jpg,640,41.4,1,1861.3242,3622.9841,56.4637,37.1412,0.0,0.0832
001581,001581.jpg,847,109.3,1,1126.0436,3012.8777,164.0339,46.9872,0.0001,0.0
001582,001582.jpg,640,34.5,1,1122.4368,3435.6096,141.6886,53.3618,0.0,0.0463
001583,001583.jpg,934,157.6,1,2219.1777,4982.9893,133.1734,47.9482,0.0003,0.0028
001584,001584.jpg,640,42.6,1,1588.3604,5032.4937,177.0631,51.9969,0.0571,0.0
001585,001585.jpg,1008,274.8,1,36701.8164,18851.5098,146.8472,64.1593,0.0009,0.0122
001586,001586.jpg,1008,229.4,1,8259.0654,8342.668,127.5168,62.1952,0.0005,0.0002
001587,001587.jpg,640,43.9,1,2581.3721,6773.3086,150.728,67.6101,0.0589,0.0
001588,001588.jpg,1020,260.2,1,12189.542,11008.3633,125.4148,56.941,0.0006,0.0029
001589,001589.jpg,640,41.8,1,4530.9482,7120.665,135.3332,59.3219,0.0057,0.0
001590,001590.jpg,1044,287.8,1,4561.3809,9512.7529,127.1531,69.8521,0.0001,0.0209
001591,001591.jpg,640,50.1,1,2975.9868,8891.2119,85.4255,65.2799,0.0,0.2364
001592,001592.jpg,1036,324.3,1,12880.6592,18151.5098,118.9774,61.9832,0.0001,0.0
001593,001593.jpg,640,63.7,1,8863.1387,15918.6123,98.1497,63.9999,0.0,0.0797
001594,001594.jpg,1047,317.4,1,17078.5801,17253.8496,126.7688,51.6448,0.0,0.0
001595,001595.jpg,640,56.9,1,6414.5923,10148.7285,166.8203,57.095,0.0221,0.0
001596,001596.jpg,1185,251.4,1,1630.2664,4243.8252,135.2272,54.9092,0.0,0.0
001597,001597.jpg,1062,259.6,1,2410.0764,5286.4028,135.2512,62.294,0.0,0.0
001598,001598.jpg,640,44.8,1,1757.8977,5608.7192,176.4818,66.8163,0.1993,0.0
001599,001599.jpg,1086,323.1,1,4415.1772,9978.2383,115.3946,55.3487,0.0,0.0
001600,001600.jpg,1126,290.4,1,5005.7803,8969.5078,133.608,68.5888,0.0014,0.0004
001601,001601.jpg,1023,290.2,1,10566.0869,15180.1416,136.0323,60.2217,0.0013,0.0053
001602,001602.jpg,640,54.5,1,3987.1487,11274.4912,74.6562,53.7671,0.0,0.1569
001603,001603.jpg,1166,375.0,1,7765.0229,11991.5674,136.4162,54.0846,0.0002,0.0001
001604,001604.jpg,640,58.5,1,4672.3184,11429.9736,132.3138,61.5437,0.0008,0.0655
001605,001605.jpg,1021,330.8,1,49723.1367,26190.0098,140.0695,57.5746,0.0,0.0006
001606,001606.jpg,1281,488.7,1,11440.4795,19610.4746,125.9344,68.4752,0.0,0.0021
001607,001607.jpg,640,65.4,1,6649.4482,17353.8418,151.8253,70.3285,0.0898,0.0
001608,001608.jpg,1118,229.4,1,536.0293,2086.4128,137.8803,59.254,0.0005,0.001
001609,001609.jpg,640,37.2,1,858.3129,3078.3799,81.7445,55.6432,0.0,0.1408
001610,001610.jpg,1164,447.9,1,27218.5762,26575.4375,136.6469,51.6647,0.0002,0.0014
001611,001611.jpg,640,65.0,1,10025.9102,14258.4023,117.8934,56.6522,0.0,0.0836
001612,001612.jpg,1021,247.3,1,15038.6738,8060.7061,132.6593,65.6392,0.0,0.0017
001613,001613.jpg,640,41.8,1,3107.4919,6269.5562,164.6109,69.5735,0.0626,0.0
001614,001614.jpg,1053,280.2,1,9139.127,8370.0244,141.407,53.4948,0.0001,0.0043
001615,001615.jpg,640,46.8,1,3513.71,6517.1411,110.708,55.4405,0.0,0.0713
001616,001616.jpg,1021,298.7,1,32854.5703,19216.7539,133.1228,67.5344,0.004,0.0027
001617,001617.jpg,640,51.7,1,5624.1006,10374.7715,131.5327,71.111,0.002,0.0037
001618,001618.jpg,1012,269.8,1,23757.6504,19034.0762,127.0066,58.5064,0.0008,0.0009
001619,001619.jpg,640,49.4,1,5418.1226,11703.0625,99.9333,55.8026,0.0,0.0757
001620,001620.jpg,1059,319.0,1,9414.8213,9234.3477,120.7876,61.2291,0.0002,0.005
001621,001621.jpg,640,49.1,1,3248.1436,6400.9829,69.3251,53.7487,0.0,0.2056
001622,001622.jpg,1018,288.7,1,38460.0547,19327.0293,129.9623,69.9805,0.0016,0.0068
001623,001623.jpg,640,48.4,1,5286.6421,9065.2686,142.3882,73.9694,0.0066,0.0
001624,001624.jpg,1080,262.8,1,3029.7402,7598.4492,145.1453,56.3784,0.0001,0.0026
001625,001625.jpg,640,39.9,1,2749.125,7080.5127,93.323,53.4297,0.0,0.0775
001626,001626.jpg,1074,220.3,1,2207.7703,3563.0813,133.7341,58.0338,0.0005,0.0042
001627,001627.jpg,640,35.9,1,1406.3912,3903.0681,73.8924,53.8699,0.0,0.1695
001628,001628.jpg,1043,213.2,1,1528.3824,3327.8691,145.6357,50.6305,0.0,0.0006
001629,001629.jpg,640,39.7,1,1849.9719,5674.0933,144.0499,60.3043,0.0001,0.0005
001630,001630.jpg,1182,377.1,1,6287.5884,7996.021,128.6328,55.2974,0.0008,0.0
001631,001631.jpg,640,53.5,1,4335.3481,7622.4038,161.4614,58.3665,0.0905,0.0
001632,001632.jpg,1040,324.9,1,22390.1855,27880.25,123.0635,58.349,0.001,0.0002
001633,001633.jpg,1006,235.8,1,27588.7539,26470.5098,150.8441,57.9309,0.0,0.0037
001634,001634.jpg,640,54.0,1,8175.3394,14234.832,150.8917,63.1157,0.0,0.004
001635,001635.jpg,1016,228.5,1,9895.9258,9847.1436,138.2428,61.3883,0.0,0.0005
001636,001636.jpg,640,41.5,1,3324.1069,8142.7681,183.0172,64.7918,0.0846,0.0
001637,001637.jpg,1011,189.4,1,3592.4978,6626.9736,121.2913,61.586,0.0,0.0026
001638,001638.jpg,640,45.4,1,2721.0432,8013.1694,150.2008,66.3145,0.0066,0.0
001639,001639.jpg,738,138.3,1,6331.4766,7984.9658,121.1216,36.5548,0.001,0.0043
001640,001640.jpg,640,45.3,1,1621.8221,4179.1626,62.1422,32.574,0.0,0.0879
001641,001641.jpg,1072,331.8,1,42484.7344,39171.7383,125.1122,66.8416,0.0,0.0005
001642,001642.jpg,1022,171.8,1,1814.0524,3533.635,136.1186,64.6338,0.0005,0.0
001643,001643.jpg,1020,175.5,1,6879.0151,6781.7256,146.5669,63.2065,0.0003,0.0023
001644,001644.jpg,640,40.1,1,2867.085,5588.543,144.2081,71.7744,0.0004,0.0666
001645,001645.jpg,1028,146.8,1,387.6073,1976.3091,149.9539,72.1192,0.0018,0.0
001646,001646.jpg,640,28.9,1,941.961,3811.3352,117.0196,74.2984,0.0,0.0654
001647,001647.jpg,899,220.3,1,5003.4224,8044.9219,123.8422,41.4759,0.0,0.0001
001648,001648.jpg,640,40.5,1,1761.6089,4327.7065,62.4033,39.9783,0.0,0.1642
001649,001649.jpg,1136,323.1,1,9778.1797,17145.2617,122.69,54.8492,0.0002,0.0039
001650,001650.jpg,640,66.7,1,7304.7563,13948.2852,72.9898,50.6908,0.0,0.1521
001651,001651.jpg,1316,353.8,1,11612.8975,14045.0771,106.284,68.5101,0.0003,0.0003
001652,001652.jpg,640,44.3,1,6693.4976,11263.29,78.4519,65.2616,0.0,0.216
001653,001653.jpg,1316,239.2,1,1342.0104,3127.1284,159.7104,57.097,0.0004,0.0021
001654,001654.jpg,640,32.8,1,1282.5902,3563.3914,122.6922,59.947,0.0,0.087
001655,001655.jpg,1320,743.3,1,34489.1641,37406.3867,143.7183,52.5903,0.0002,0.0004
001656,001656.jpg,1197,250.3,1,2853.1096,3349.1597,120.9026,27.8127,0.0,0.0014
001657,001657.jpg,640,35.4,1,1927.4901,3198.7493,124.8832,40.3088,0.0,0.0003
001658,001658.jpg,1134,305.0,1,14129.6504,13825.791,127.5699,56.379,0.0,0.0
001659,001659.jpg,1167,412.2,1,35979.9453,36056.1016,103.9669,65.8772,0.002,0.013
001660,001660.jpg,640,59.0,1,12816.335,16892.25,60.3793,57.4366,0.0,0.2755
001661,001661.jpg,1209,310.3,1,6234.564,5922.0679,130.4684,43.6049,0.0003,0.0
001662,001662.jpg,640,36.3,1,2783.7959,5047.5542,161.7372,50.1228,0.0196,0.0
001663,001663.jpg,1304,410.0,1,11575.1436,15830.2471,147.3276,60.9908,0.0,0.005
001664,001664.jpg,640,51.2,1,5933.6489,10719.9922,188.5868,63.5099,0.2113,0.0
001665,001665.jpg,1212,330.5,1,4032.665,9366.7764,139.2444,67.0334,0.0001,0.0057
001666,001666.jpg,640,46.3,1,3151.4299,9198.1104,105.5217,68.9298,0.0,0.1181
001667,001667.jpg,1266,296.7,1,6498.5312,10536.8838,145.1633,45.5689,0.0,0.0002
001668,001668.jpg,640,46.7,1,4457.4326,8800.8867,130.371,54.028,0.0,0.0656
001669,001669.jpg,1237,373.6,1,2575.2153,5055.2397,125.7136,46.4463,0.0002,0.0055
001670,001670.jpg,1195,372.0,1,14444.5547,18925.3984,129.8747,60.4625,0.0,0.0008
001671,001671.jpg,640,54.8,1,8191.6138,13137.8516,173.3051,63.5084,0.1521,0.0
001672,001672.jpg,1257,223.8,1,3052.0874,5521.7598,136.2025,58.2115,0.0,0.0033
001673,001673.jpg,640,42.4,1,2656.3999,6515.9951,122.9442,63.0833,0.0,0.0798
001674,001674.jpg,1243,321.3,1,2836.3533,7982.1406,112.91,53.5511,0.0009,0.006
001675,001675.jpg,1364,545.0,1,22458.7832,24089.7285,125.5328,67.8097,0.0004,0.0039
001676,001676.jpg,640,66.0,1,8341.6924,15709.9004,164.4635,69.63,0.1176,0.0
001677,001677.jpg,1298,460.9,1,14965.0127,16347.708,112.4271,49.9236,0.0,0.0
001678,001678.jpg,640,61.7,1,6472.6924,11285.5127,106.7364,54.7014,0.0,0.0705
001679,001679.jpg,1321,445.2,1,6572.1226,13726.1182,123.7136,63.5583,0.0001,0.0041
001680,001680.jpg,640,58.3,1,4492.4419,13197.1113,172.5675,62.6306,0.1983,0.0
001681,001681.jpg,1223,342.3,1,3479.1321,5521.3843,138.2774,62.3359,0.0002,0.0053
001682,001682.jpg,640,43.0,1,2182.9551,5506.0542,175.8323,67.7008,0.172,0.0
001683,001683.jpg,1324,429.5,1,4160.0039,6305.4219,137.9623,64.0988,0.0003,0.0072
001684,001684.jpg,640,46.3,1,2600.3271,6378.0312,100.3482,62.158,0.0,0.1471
001685,001685.jpg,1405,420.5,1,11142.2119,17346.4199,127.9806,71.2429,0.0003,0.0018
001686,001686.jpg,1318,482.4,1,19963.9629,19095.6426,152.9601,43.5069,0.0,0.0009
001687,001687.jpg,640,48.1,1,7761.8442,9998.3057,158.0545,54.0105,0.0017,0.0
001688,001688.jpg,1367,447.4,1,2880.8079,5961.7026,118.2845,61.8701,0.0037,0.0133
001689,001689.jpg,640,48.5,1,2239.7163,6965.5811,108.289,64.5725,0.0012,0.0963
001690,001690.jpg,1030,240.0,1,6555.1167,21527.3926,106.2505,65.5149,0.0001,0.0145
001691,001691.jpg,640,53.0,1,7104.9077,22939.5508,137.1109,65.9326,0.0005,0.0
001692,001692.jpg,1395,389.4,1,2708.7539,6857.7358,126.002,56.5097,0.0,0.0005
001693,001693.jpg,640,47.9,1,2607.9451,7730.2451,125.9212,64.5437,0.001,0.0006
001694,001694.jpg,1411,561.9,1,16240.3311,18945.498,130.4542,60.9366,0.0005,0.0002
001695,001695.jpg,640,55.1,1,6445.959,12847.4678,83.759,62.2634,0.0,0.134
001696,001696.jpg,1267,403.1,1,5377.106,7162.1304,118.6778,60.3788,0.0013,0.0048
001697,001697.jpg,640,45.8,1,3073.3762,6545.8799,166.8745,60.603,0.0952,0.0
001698,001698.jpg,1166,357.0,1,11331.2812,11874.6357,116.1031,55.231,0.0,0.003
001699,001699.jpg,640,47.6,1,4866.1133,7208.8477,103.1192,58.1577,0.0,0.0656
001700,001700.jpg,1258,492.5,1,36742.6211,42425.4805,132.8448,66.4187,0.0,0.0082
001701,001701.jpg,640,67.6,1,15613.4209,22440.1309,171.3292,66.2678,0.1771,0.0
001702,001702.jpg,1334,378.2,1,3804.6162,8380.8252,137.0246,57.3987,0.0,0.0039
001703,001703.jpg,1223,353.6,1,3322.2922,7432.939,123.0902,52.2362,0.0,0.002
001704,001704.jpg,640,52.1,1,2843.594,8342.1348,149.9006,55.6449,0.0049,0.0
001705,001705.jpg,1314,353.9,1,4143.147,8765.418,120.6238,59.2974,0.0,0.0006
001706,001706.jpg,640,49.3,1,3371.5176,9011.3652,95.1545,59.2505,0.0,0.0709
001707,001707.jpg,1060,322.2,1,6284.9321,11651.6484,121.9323,63.9463,0.0,0.009
001708,001708.jpg,640,59.5,1,4121.1035,11717.3447,102.144,63.6634,0.0,0.0572
001709,001709.jpg,1365,452.8,1,3125.5955,6505.8618,112.3986,52.4389,0.0,0.0
001710,001710.jpg,1285,325.1,1,2880.646,6500.2573,124.9627,54.8605,0.0,0.0001
001711,001711.jpg,640,52.9,1,2228.8547,7966.0327,138.2011,62.262,0.0041,0.0
001712,001712.jpg,1253,395.6,1,19383.2188,26450.6289,107.9083,67.2729,0.0009,0.0014
001713,001713.jpg,2048,592.4,1,1896.7808,2364.3777,116.8099,53.8786,0.005,0.0
001714,001714.jpg,640,34.8,1,1192.5688,2620.8167,106.2839,59.3206,0.003,0.0713
001715,001715.jpg,1201,257.1,1,1783.2324,6434.1621,136.0898,54.2436,0.0032,0.0006
001716,001716.jpg,640,45.5,1,2199.9624,6358.2725,70.7607,48.1326,0.0,0.1871
001717,001717.jpg,1266,401.5,1,3146.5547,6848.4102,116.8817,58.5011,0.0,0.0006
001718,001718.jpg,640,54.6,1,2330.821,8163.8936,137.0717,64.7977,0.009,0.0
001719,001719.jpg,1387,487.3,1,8446.3311,12386.8438,126.5519,58.9128,0.0001,0.0029
001720,001720.jpg,640,56.8,1,4229.604,10671.3408,84.8489,55.8418,0.0,0.112
001721,001721.jpg,1185,320.4,1,10479.8994,13897.5713,142.5756,58.9861,0.0002,0.0019
001722,001722.jpg,640,53.1,1,5239.7236,10756.1572,155.2629,67.8571,0.0031,0.0
001723,001723.jpg,1350,410.5,1,2375.8682,5796.1948,126.0883,62.5744,0.0002,0.0044
001724,001724.jpg,640,50.2,1,2000.7617,6477.9092,91.3776,62.0654,0.0,0.1285
001725,001725.jpg,1333,438.6,1,3122.9109,5862.0859,133.0921,43.9166,0.0,0.0028
001726,001726.jpg,640,52.9,1,2443.4744,6555.2832,129.4897,49.1346,0.0,0.0415
001727,001727.jpg,1103,302.7,1,2702.9761,5190.6958,125.9826,56.5675,0.0006,0.0031
001728,001728.jpg,640,50.4,1,2392.6008,6302.8237,159.8842,59.3275,0.0057,0.0
001729,001729.jpg,1317,423.9,1,3829.1921,8391.2686,129.3976,61.8247,0.0,0.0034
001730,001730.jpg,1223,321.4,1,2838.175,5684.7734,147.7584,61.421,0.0006,0.0037
001731,001731.jpg,640,42.8,1,2147.4014,6656.6387,111.9093,63.7097,0.0,0.1041
001732,001732.jpg,1278,383.1,1,6225.4414,7083.7617,131.7317,53.0496,0.0003,0.0005
001733,001733.jpg,640,42.9,1,2770.1584,5413.1948,73.2392,49.6148,0.0,0.1695
001734,001734.jpg,1333,321.1,1,5113.7549,7489.7646,118.5842,62.3247,0.0001,0.0068
001735,001735.jpg,640,47.1,1,3199.532,6559.5625,145.5452,64.0438,0.0179,0.0
001736,001736.jpg,1402,320.0,1,1430.1454,3380.4934,133.8342,53.521,0.0,0.0031
001737,001737.jpg,640,36.1,1,1352.4736,4168.6167,101.3533,58.9634,0.0,0.1027
001738,001738.jpg,1141,294.4,1,2899.2434,4795.3032,141.7319,53.7756,0.0,0.0
001739,001739.jpg,640,43.3,1,2706.5569,6043.7563,182.206,56.8004,0.0607,0.0
001740,001740.jpg,1345,450.6,1,9070.9619,8097.6245,120.2689,61.1548,0.0,0.0
001741,001741.jpg,640,46.5,1,3994.3391,7380.2285,111.3018,64.6445,0.0,0.068
001742,001742.jpg,1206,425.9,1,16747.9531,18311.6953,111.3775,55.2204,0.0004,0.0039
001743,001743.jpg,640,56.9,1,6887.7339,12713.1709,118.4211,57.1798,0.0017,0.0
001744,001744.jpg,1223,224.4,1,2590.5796,4904.6055,140.3418,59.2303,0.0,0.0
001745,001745.jpg,640,39.2,1,2135.1277,5688.9556,124.3367,68.2188,0.0,0.0966
001746,001746.jpg,1275,499.3,1,31544.127,31412.9609,127.0389,67.6705,0.0001,0.0001
001747,001747.jpg,640,61.3,1,11567.0,16482.2891,83.03,60.1051,0.0,0.1427
001748,001748.jpg,1033,496.7,1,11955.0381,16448.75,143.1581,55.0506,0.0,0.0004
001749,001749.jpg,640,67.5,1,5704.98,14339.335,160.118,62.024,0.0127,0.0
001750,001750.jpg,1323,411.6,1,17734.4707,22730.4219,136.8453,56.4453,0.0,0.0042
001751,001751.jpg,640,57.0,1,8824.9688,14664.0977,114.4853,62.7534,0.0,0.1139
001752,001752.jpg,1037,240.7,1,6377.7949,9534.2197,130.7639,63.0255,0.0004,0.0045
001753,001753.jpg,640,43.8,1,3739.7991,8436.3652,112.3126,67.6956,0.0,0.109
001754,001754.jpg,1284,405.3,1,12943.4922,16966.248,136.423,52.7881,0.0009,0.011
001755,001755.jpg,640,48.1,1,7038.582,12118.1562,130.9359,63.7577,0.0024,0.0037
001756,001756.jpg,1365,362.2,1,6602.0508,11445.0186,145.5269,60.8832,0.0003,0.0007
001757,001757.jpg,1331,417.3,1,14772.1367,20341.6641,112.355,71.4857,0.0019,0.001
001758,001758.jpg,640,47.4,1,13946.3662,17934.5273,83.2526,69.4731,0.0,0.1271
001759,001759.jpg,1006,174.8,1,28194.2344,24163.9785,143.0908,57.3077,0.0,0.0077
001760,001760.jpg,640,44.8,1,7800.3525,11271.9346,122.7704,57.3972,0.0,0.1078
001761,001761.jpg,1008,209.2,1,3817.4888,7930.335,108.7053,64.4433,0.0,0.0
001762,001762.jpg,640,40.4,1,3399.1143,7901.2188,110.0657,65.7578,0.0,0.0338
001763,001763.jpg,1008,281.6,1,7120.7109,13145.502,140.4768,55.0258,0.0,0.0015
001764,001764.jpg,640,58.3,1,3300.8328,10226.9404,79.4119,52.282,0.0,0.1163
001765,001765.jpg,1008,264.1,1,22025.2539,18245.5898,126.8005,63.9949,0.0,0.0001
001766,001766.jpg,640,54.8,1,6286.8643,12070.2725,118.6408,62.6536,0.0,0.0193
001767,001767.jpg,770,126.4,1,14880.499,18093.9141,102.6871,75.5682,0.0001,0.0017
001768,001768.jpg,640,39.4,1,4229.0317,9774.6592,56.4959,59.4304,0.0,0.2127
001769,001769.jpg,1008,258.1,1,11133.4473,17621.8926,146.2746,62.5219,0.0001,0.0091
001770,001770.jpg,979,261.3,1,5666.9434,9544.8271,118.8369,69.2277,0.0,0.0063
001771,001771.jpg,640,51.6,1,2932.1384,10315.9033,111.9704,71.4468,0.0,0.0516
001772,001772.jpg,964,196.1,1,5421.6689,11275.3457,148.0124,68.6553,0.0003,0.0
001773,001773.jpg,640,44.7,1,3430.6694,9455.0039,194.7627,69.5906,0.4003,0.0
001774,001774.jpg,943,178.4,1,2948.292,3952.876,139.8641,54.4107,0.0004,0.0
001775,001775.jpg,640,36.6,1,1500.5146,4269.0127,104.723,58.122,0.0,0.0551
001776,001776.jpg,1112,345.6,1,4355.7314,11294.7842,118.1486,58.5644,0.0,0.0025
001777,001777.jpg,640,61.0,1,3623.9155,10715.9404,150.4164,62.6989,0.0741,0.0
001778,001778.jpg,650,89.3,1,6541.6948,12010.8076,134.3571,73.7868,0.0019,0.0
001779,001779.jpg,640,40.0,1,2135.8972,6946.6987,86.1224,71.925,0.0,0.2056
001780,001780.jpg,1110,247.0,1,18204.1992,25606.1992,134.4526,40.6357,0.0093,0.0
001781,001781.jpg,640,59.3,1,10111.7959,16367.4297,83.3693,43.6143,0.0,0.1063
001782,001782.jpg,640,38.8,1,1657.9886,4580.3467,112.2166,37.536,0.0,0.0422
001783,001783.jpg,1307,396.4,1,3295.9092,5163.8555,119.3154,56.0762,0.0,0.0039
001784,001784.jpg,640,50.4,1,2941.9863,6229.0601,172.7865,57.5753,0.0868,0.0
001785,001785.jpg,605,112.2,1,2676.4287,8640.6436,128.3853,54.8597,0.018,0.0002
001786,001786.jpg,640,43.7,1,1143.3064,5761.5327,64.5953,52.559,0.0,0.1653
001787,001787.jpg,946,103.2,1,265.9729,1147.8809,143.9672,33.7011,0.0002,0.0
001788,001788.jpg,640,26.0,1,1154.1703,2944.7297,182.0268,50.4086,0.0367,0.0
001789,001789.jpg,750,79.7,1,2738.9675,3784.189,136.6444,39.8416,0.0,0.0
001790,001790.jpg,640,25.4,1,1450.7272,3027.8787,88.955,41.694,0.0,0.0681
001791,001791.jpg,864,152.6,1,5348.5332,7996.8804,116.486,42.7671,0.0,0.0
001792,001792.jpg,640,44.3,1,2852.3799,6340.5317,118.5679,50.4305,0.0,0.0009
001793,001793.jpg,964,208.0,1,14665.334,11972.501,158.3895,49.3591,0.0006,0.0001
001794,001794.jpg,640,42.2,1,4217.1816,7721.5225,163.6958,54.7013,0.0014,0.0004
001795,001795.jpg,968,176.3,1,9384.9551,10270.7422,200.4284,47.6142,0.0046,0.0004
001796,001796.jpg,640,38.3,1,3974.2932,7313.127,170.3755,48.9804,0.0,0.0294
001797,001797.jpg,1134,149.5,1,3320.613,11767.9766,86.966,78.4057,0.0136,0.0208
001798,001798.jpg,822,142.1,1,3898.1423,4463.0791,136.0974,42.0338,0.0,0.0
001799,001799.jpg,640,41.5,1,1888.437,4327.7324,160.6459,47.6674,0.0074,0.0
001800,001800.jpg,948,276.9,1,15783.2881,17089.1074,129.1009,52.8623,0.0108,0.0001
001801,001801.jpg,965,253.0,1,17641.5234,28737.5625,96.7554,58.988,0.0014,0.0
001802,001802.jpg,640,61.0,1,8718.7275,14590.916,52.7779,48.1625,0.0,0.0473
001803,001803.jpg,745,128.5,1,1749.3121,2705.6162,108.8357,35.9405,0.0,0.0
001804,001804.jpg,640,37.2,1,1081.0856,2860.0818,137.7179,40.9466,0.017,0.0
001805,001805.jpg,1082,233.0,1,4220.1382,11005.8545,125.9764,59.6659,0.0,0.0
001806,001806.jpg,640,48.2,1,4369.9893,11398.2988,131.8313,67.8598,0.0002,0.0
001807,001807.jpg,1019,251.6,1,6284.1846,11852.7109,135.265,44.5675,0.0114,0.0
001808,001808.jpg,1016,237.1,1,4300.0674,10646.3965,106.5291,57.9179,0.0046,0.0
001809,001809.jpg,640,47.7,1,3636.1443,10827.96,93.7325,60.1626,0.0003,0.0847
001810,001810.jpg,756,246.3,1,11441.1377,8126.1353,109.074,52.5084,0.0022,0.01
001811,001811.jpg,640,50.8,1,2473.7554,6964.75,79.1215,53.0234,0.0,0.116
001812,001812.jpg,893,114.7,1,2976.1182,5242.5903,157.8094,47.1037,0.0032,0.0
001813,001813.jpg,640,30.3,1,1562.9673,5064.2754,119.723,52.2576,0.0,0.057
001814,001814.jpg,1008,316.3,1,37808.1602,34866.0586,92.713,56.1846,0.0,0.0031
001815,001815.jpg,640,58.1,1,9767.7529,15042.8477,63.1608,49.2129,0.0,0.1049
001816,001816.jpg,1066,349.0,1,13523.8076,14822.6533,135.9337,56.7108,0.0003,0.003
001817,001817.jpg,640,64.1,1,9531.1084,13647.0977,142.8588,60.4612,0.0023,0.0001
001818,001818.jpg,1049,219.0,1,9385.751,12708.958,133.31,60.9005,0.0,0.0015
001819,001819.jpg,640,44.4,1,5086.3066,9338.1094,181.1788,64.077,0.2393,0.0
001820,001820.jpg,1039,356.5,1,6920.3755,15006.9619,120.5926,60.8027,0.0022,0.0001
001821,001821.jpg,640,56.3,1,5832.561,14501.0273,87.9594,56.1344,0.0,0.1874
001822,001822.jpg,1220,194.2,1,794.8832,3026.5769,125.678,65.5893,0.0316,0.0017
001823,001823.jpg,640,32.3,1,1263.9644,4094.3706,171.9814,64.1265,0.142,0.0
001824,001824.jpg,1338,402.7,1,15340.0752,24984.3867,121.198,63.4598,0.0,0.0004
001825,001825.jpg,640,56.6,1,8867.9443,16160.9785,77.6128,57.2489,0.0,0.1163
001826,001826.jpg,1099,192.7,1,3407.657,7262.3159,152.8642,52.033,0.0001,0.0012
001827,001827.jpg,1460,413.8,1,2461.9172,4914.3516,133.3739,59.1384,0.0,0.0107
001828,001828.jpg,640,39.8,1,2515.2627,6327.8052,113.9767,63.9141,0.0,0.0848
001829,001829.jpg,1359,378.6,1,8333.8643,13153.7471,139.5713,62.0411,0.0,0.0051
001830,001830.jpg,1370,353.0,1,1184.0697,2376.6018,136.053,50.0714,0.0002,0.0036
001831,001831.jpg,640,33.7,1,1255.6967,3645.0349,149.1597,59.7547,0.001,0.0
001832,001832.jpg,1316,370.9,1,1200.1774,2871.325,125.9012,46.0084,0.0,0.0136
001833,001833.jpg,640,35.1,1,998.0201,2931.9119,174.0518,53.7227,0.0557,0.0
001834,001834.jpg,1216,322.1,1,2677.301,5291.6685,109.0549,44.5541,0.0093,0.0029
001835,001835.jpg,640,42.6,1,1897.3707,5940.4761,93.985,45.3956,0.0,0.0397
001836,001836.jpg,1483,465.9,1,3187.2092,5992.3672,133.8109,58.9728,0.0,0.0043
001837,001837.jpg,640,40.2,1,2448.5159,5889.7876,180.9425,61.3061,0.0649,0.0
001838,001838.jpg,1414,485.0,1,9000.8076,8313.6533,123.1263,53.1169,0.0007,0.001
001839,001839.jpg,640,46.1,1,3395.3,5121.79,139.9161,58.4092,0.0043,0.0
001840,001840.jpg,1305,412.1,1,5606.5181,6161.5957,118.3166,57.6553,0.0022,0.0008
001841,001841.jpg,640,44.8,1,2711.74,5704.1914,121.1567,59.9289,0.0027,0.0027
001842,001842.jpg,1218,366.5,1,2241.0237,4189.0488,130.5511,43.9406,0.0,0.0
001843,001843.jpg,640,40.9,1,1493.8566,3864.1799,173.4346,49.2015,0.0056,0.0
001844,001844.jpg,1003,353.7,1,24614.4863,29289.3008,111.8185,60.8938,0.0007,0.0004
001845,001845.jpg,640,60.9,1,8847.4922,17462.5684,77.3018,58.2291,0.0,0.1226
001846,001846.jpg,1253,380.2,1,5203.0171,8127.9512,132.6887,49.4735,0.0005,0.0
001847,001847.jpg,640,45.1,1,3015.1963,6352.7627,172.1927,52.138,0.0168,0.0
001848,001848.jpg,1431,495.8,1,5148.4585,6074.9683,133.6253,56.4145,0.0005,0.0
001849,001849.jpg,640,46.7,1,2707.0193,5629.6318,131.6292,64.2964,0.0013,0.0041
001850,001850.jpg,1496,522.3,1,5376.6431,6912.8911,138.4263,56.7503,0.0,0.0
001851,001851.jpg,640,48.5,1,2723.7017,5890.1064,151.8021,61.0166,0.0045,0.0
001852,001852.jpg,1188,240.6,1,3542.5715,7124.6299,129.6718,45.0677,0.0005,0.0
001853,001853.jpg,640,40.6,1,2727.7827,7022.9404,121.5862,54.7513,0.0003,0.0802
001854,001854.jpg,1344,472.2,1,22030.4824,22452.8379,115.4632,66.2132,0.0019,0.0067
001855,001855.jpg,1248,325.8,1,5273.5435,9130.5088,133.5359,63.9271,0.0021,0.0116
001856,001856.jpg,640,44.3,1,4699.0664,9388.7588,92.412,61.1927,0.0,0.1458
001857,001857.jpg,1377,360.0,1,3988.8408,5710.0137,122.8163,53.0598,0.0,0.0
001858,001858.jpg,640,45.1,1,2627.675,6230.7471,145.41,58.4276,0.0034,0.0
001859,001859.jpg,1311,395.3,1,20205.416,17519.4668,145.4954,51.5324,0.0,0.0018
001860,001860.jpg,640,43.4,1,5117.0015,6561.9849,196.7846,48.4066,0.1707,0.0
001861,001861.jpg,1445,584.4,1,16725.0645,20963.9668,113.1995,55.242,0.0,0.0072
001862,001862.jpg,640,64.9,1,8155.3755,15525.0127,94.2304,53.3744,0.0,0.0839
001863,001863.jpg,1485,491.6,1,4913.3521,7996.2622,121.0634,59.8475,0.0,0.0004
001864,001864.jpg,640,48.4,1,2786.6799,7881.3613,96.2276,64.0049,0.0,0.0988
001865,001865.jpg,1399,305.7,1,594.0407,1915.3451,129.0703,57.4598,0.0005,0.0013
001866,001866.jpg,640,33.2,1,1073.655,2706.9507,72.6098,49.0953,0.0,0.1505
001867,001867.jpg,1179,341.0,1,6931.1777,7212.644,124.5978,50.2258,0.0,0.0
001868,001868.jpg,640,50.0,1,3020.2341,5825.2095,173.5272,54.5331,0.0521,0.0
001869,001869.jpg,1383,336.5,1,1305.9818,2736.9412,123.4197,60.6975,0.0003,0.0
001870,001870.jpg,640,37.6,1,1529.8381,3993.3616,171.4805,61.5942,0.1084,0.0
001871,001871.jpg,1408,492.6,1,4044.4656,7606.6978,133.0458,39.8759,0.0,0.0041
001872,001872.jpg,1387,379.3,1,8001.6206,8577.0371,153.4296,45.1284,0.0,0.0074
001873,001873.jpg,640,43.1,1,4003.5134,6398.0898,186.8237,56.5255,0.0649,0.0
001874,001874.jpg,1222,502.2,1,26670.2754,26706.5215,135.6601,48.3277,0.0004,0.0
001875,001875.jpg,640,71.2,1,10011.791,16004.0928,129.1519,57.6562,0.0005,0.0853
001876,001876.jpg,1359,592.1,1,26850.0938,24364.9551,123.3577,60.8903,0.0,0.0008
001877,001877.jpg,1300,555.1,1,35048.5586,40632.0547,95.5561,50.6885,0.0002,0.0
001878,001878.jpg,640,68.9,1,14199.4941,22495.082,122.984,48.565,0.0046,0.0
001879,001879.jpg,1444,453.3,1,6535.6719,6258.9653,80.1538,47.0298,0.0025,0.0013
001880,001880.jpg,640,34.9,1,1909.3794,3160.4211,44.8156,36.9676,0.0,0.126
001881,001881.jpg,1495,381.0,1,894.0657,3133.2344,132.9932,49.869,0.0001,0.0
001882,001882.jpg,640,39.8,1,1410.4287,4247.6665,181.7769,51.2219,0.0262,0.0
001883,001883.jpg,1185,364.7,1,18482.7559,18394.5605,158.9777,59.2237,0.0001,0.0
001884,001884.jpg,640,55.3,1,7085.6074,11304.8945,125.1175,62.5718,0.0,0.0867
001885,001885.jpg,1301,429.5,1,11407.1172,25557.1602,127.357,70.8541,0.0,0.0016
001886,001886.jpg,640,52.3,1,8669.8867,21466.0234,166.1676,72.3775,0.1136,0.0
001887,001887.jpg,2048,988.9,1,13352.3916,14381.7373,129.7236,56.2919,0.0003,0.0
001888,001888.jpg,640,50.3,1,5352.9712,8562.7988,95.504,57.5941,0.0,0.1054
001889,001889.jpg,1368,475.0,1,9048.124,19149.4941,135.2673,51.6635,0.0006,0.0001
001890,001890.jpg,640,53.8,1,6851.5552,15156.0762,183.5615,56.4438,0.0886,0.0
001891,001891.jpg,1489,356.3,1,3555.0107,7285.9858,124.451,67.3694,0.0003,0.0181
001892,001892.jpg,640,37.9,1,3598.481,9218.4121,112.136,69.2661,0.0,0.0854
001893,001893.jpg,1251,346.9,1,3214.2654,7317.6289,140.8982,68.1718,0.0,0.0034
001894,001894.jpg,640,44.3,1,2853.2319,8797.1455,148.4595,75.5594,0.0179,0.0
001895,001895.jpg,1373,356.1,1,2227.1733,5055.8076,143.9005,58.6959,0.0,0.0041
001896,001896.jpg,640,42.4,1,1862.2845,5165.7773,104.3181,60.3159,0.0,0.0845
001897,001897.jpg,1501,442.2,1,2330.0969,5716.7329,135.5575,54.492,0.0,0.0022
001898,001898.jpg,640,49.0,1,2938.439,8823.3145,124.2781,62.6329,0.0,0.0784
001899,001899.jpg,1415,415.2,1,4086.9805,5408.7676,131.7442,57.0481,0.0,0.001
001900,001900.jpg,640,49.5,1,2522.8455,5875.5669,118.7583,64.2359,0.0,0.0958
001901,001901.jpg,1230,444.0,1,17448.1582,18629.627,141.6701,57.7001,0.0001,0.003
001902,001902.jpg,640,58.8,1,6587.8286,13466.707,103.1218,56.0343,0.0,0.0594
001903,001903.jpg,1322,487.9,1,4948.4067,8832.7109,140.5388,65.4841,0.0005,0.0
001904,001904.jpg,1279,493.2,1,11666.0117,16863.6836,111.8383,53.3753,0.0004,0.0004
001905,001905.jpg,640,61.8,1,6708.395,12897.3555,146.0925,54.2041,0.014,0.0
001906,001906.jpg,640,43.6,1,2609.1626,7544.4424,133.2129,72.4405,0.0008,0.0662
001907,001907.jpg,1245,307.6,1,5357.7656,11038.9268,138.9843,63.886,0.0,0.0
001908,001908.jpg,640,45.7,1,4240.4907,10687.7773,113.1549,66.6272,0.0,0.1156
001909,001909.jpg,1213,393.9,1,16218.7305,18120.6035,161.7518,57.4262,0.0001,0.0074
001910,001910.jpg,1223,491.3,1,38142.1914,46701.3633,119.0036,72.012,0.0013,0.0046
001911,001911.jpg,1280,416.1,1,10872.2861,14967.6777,131.071,53.7305,0.0016,0.0031
001912,001912.jpg,640,57.6,1,6299.1235,12406.3428,137.8439,59.7908,0.0144,0.0
001913,001913.jpg,1320,314.8,1,4716.5854,7713.1372,125.1275,53.1222,0.0004,0.0045
001914,001914.jpg,640,42.5,1,3249.8838,7543.6831,133.3156,61.0188,0.0064,0.0
001915,001915.jpg,1509,429.6,1,3972.8428,6263.75,110.3721,62.3863,0.0,0.0003
001916,001916.jpg,640,41.0,1,2476.5015,5374.4614,87.5485,64.1662,0.0,0.1976
001917,001917.jpg,1402,394.9,1,2244.6721,3492.6523,106.8504,48.7538,0.0,0.0137
001918,001918.jpg,640,43.5,1,1384.6364,4278.8628,100.5985,53.19,0.0004,0.067
001919,001919.jpg,1198,360.7,1,5985.5923,9366.1094,118.8413,66.1396,0.0021,0.0268
001920,001920.jpg,1325,389.4,1,12828.7842,14676.6631,139.8761,69.0572,0.0,0.0123
001921,001921.jpg,640,50.4,1,4930.0967,8852.6191,182.2218,69.2455,0.2553,0.0
001922,001922.jpg,1433,468.9,1,18554.5977,35423.8828,117.9614,61.7614,0.0,0.0003
001923,001923.jpg,640,57.7,1,12394.3867,22578.7051,170.492,54.916,0.1501,0.0
001924,001924.jpg,1245,437.8,1,5247.417,10886.9229,134.998,58.9423,0.0,0.0031
001925,001925.jpg,640,55.4,1,3808.6809,9865.0176,71.3919,55.5243,0.0,0.1828
001926,001926.jpg,1403,436.2,1,4698.9321,9513.8184,109.3784,53.4155,0.0004,0.0049
001927,001927.jpg,640,45.9,1,3391.3269,8911.3027,142.583,53.853,0.0318,0.0
001928,001928.jpg,1338,364.3,1,5900.5161,10493.7256,126.5534,63.1905,0.0004,0.0074
001929,001929.jpg,640,43.5,1,3978.8545,9308.0088,80.6874,61.7336,0.0,0.1658
001930,001930.jpg,1245,350.7,1,7225.5308,13872.3037,127.1655,67.8499,0.0003,0.014
001931,001931.jpg,640,47.5,1,5041.7935,10074.418,172.0286,62.5634,0.1804,0.0
001932,001932.jpg,1325,237.2,1,809.8271,2502.7913,153.4708,61.8741,0.0,0.0036
001933,001933.jpg,640,29.7,1,1397.8584,4063.9968,116.3085,64.6163,0.0,0.0734
001934,001934.jpg,1222,489.8,1,26206.9238,24591.3594,104.7098,69.7229,0.0005,0.006
001935,001935.jpg,640,63.4,1,8842.2646,16636.0059,68.1257,64.035,0.0,0.2419
001936,001936.jpg,1407,517.6,1,13148.6299,16470.6504,121.0094,51.3292,0.0,0.0
001937,001937.jpg,640,56.0,1,5245.8477,8760.4805,61.9344,43.7162,0.0,0.1728
001938,001938.jpg,1026,207.3,1,2893.5107,5485.4487,112.9945,65.9757,0.0027,0.0131
001939,001939.jpg,1236,303.0,1,4051.4563,10162.4131,139.9659,59.1491,0.0063,0.0
001940,001940.jpg,640,40.4,1,3236.7925,8270.3096,81.4419,50.408,0.0,0.1309
001941,001941.jpg,1225,335.0,1,3305.8113,5745.7427,123.0714,51.7476,0.0001,0.0002
001942,001942.jpg,640,50.5,1,2278.1213,6071.9673,91.0826,53.8138,0.0,0.0997
001943,001943.jpg,2048,789.3,1,4173.3145,6179.8008,113.0951,48.1984,0.0019,0.0084
001944,001944.jpg,640,45.4,1,2235.23,6812.5264,126.4735,53.7669,0.0037,0.0
001945,001945.jpg,1276,313.8,1,4677.3936,6096.8247,117.6182,62.5779,0.0007,0.0008
001946,001946.jpg,640,38.1,1,2353.5122,4439.8389,60.439,53.1719,0.0,0.2779
001947,001947.jpg,1232,370.0,1,8540.8633,13182.3936,108.7118,62.6194,0.0,0.0096
001948,001948.jpg,640,55.5,1,4559.2192,10806.4473,76.893,59.6997,0.0,0.1593
001949,001949.jpg,1302,363.9,1,3807.5938,6728.2407,116.0651,53.3442,0.0,0.004
001950,001950.jpg,640,48.3,1,2681.061,6073.5869,63.1124,47.7073,0.0,0.1395
001951,001951.jpg,1124,210.2,1,525.1074,1348.6227,111.5328,58.4767,0.0016,0.0114
001952,001952.jpg,640,31.3,1,588.6701,1958.7169,53.4631,47.5297,0.0,0.2777
001953,001953.jpg,1277,505.5,1,31801.3184,36198.5859,120.0623,70.0998,0.0,0.0007
001954,001954.jpg,640,74.3,1,32022.8398,29019.8594,88.4672,66.1518,0.0,0.1707
001955,001955.jpg,1210,387.0,1,13956.7109,21135.1309,115.6796,65.4974,0.0002,0.0014
001956,001956.jpg,640,55.5,1,7948.7012,15430.1396,95.9077,65.2761,0.0,0.0745
001957,001957.jpg,1227,348.0,1,17144.9102,19785.998,118.0219,70.2219,0.0007,0.0022
001958,001958.jpg,1175,466.6,1,6591.6968,9043.4248,113.3886,42.373,0.0005,0.0005
001959,001959.jpg,640,61.8,1,3876.6951,8178.7983,97.2686,44.4202,0.0,0.0447
001960,001960.jpg,1365,435.6,1,8331.334,19005.7031,113.9685,69.9229,0.0314,0.0
001961,001961.jpg,1310,356.3,1,1731.8252,3648.2227,142.3854,62.9343,0.0003,0.0128
001962,001962.jpg,640,37.9,1,1631.6968,4399.1465,173.6479,70.2491,0.1537,0.0
001963,001963.jpg,1286,386.0,1,7948.062,10060.2109,120.9123,60.9847,0.0017,0.0168
001964,001964.jpg,640,49.6,1,3559.7803,7676.7749,65.0954,54.7068,0.0,0.22
001965,001965.jpg,1256,293.8,1,3489.574,5096.5415,131.4162,57.8012,0.0024,0.0
001966,001966.jpg,640,42.2,1,2131.106,4893.5664,87.7641,59.2688,0.0,0.1572
001967,001967.jpg,1269,352.5,1,7811.1421,10972.5811,118.0572,64.669,0.0001,0.0029
001968,001968.jpg,640,51.4,1,4643.1084,10644.71,112.1,67.8591,0.0,0.0662
001969,001969.jpg,1423,478.4,1,22604.707,30727.8887,135.0016,69.7314,0.027,0.0146
001970,001970.jpg,1256,257.4,1,1084.4119,2652.0725,106.7486,61.1985,0.0,0.0034
001971,001971.jpg,640,36.8,1,2233.4475,4369.6831,78.2607,57.3207,0.0,0.1064
001972,001972.jpg,1383,372.8,1,3455.3389,7235.0737,80.6504,55.7556,0.0,0.0195
001973,001973.jpg,640,31.6,1,2208.593,5047.5513,43.5564,47.934,0.0,0.4126
001974,001974.jpg,1126,421.4,1,4861.7495,8982.042,111.5575,36.4555,0.0,0.0003
001975,001975.jpg,1448,646.8,1,21007.7324,28603.8535,133.317,61.6796,0.0,0.0013
001976,001976.jpg,640,70.1,1,10550.6865,17805.125,99.8573,60.4159,0.0,0.0804
001977,001977.jpg,1454,691.3,1,28648.8379,36684.0977,139.8449,62.655,0.0,0.0006
001978,001978.jpg,1258,289.3,1,435.7507,1132.0458,116.5367,54.8314,0.0,0.0011
001979,001979.jpg,640,32.3,1,745.9733,1919.3556,83.8778,56.0186,0.0,0.1051
001980,001980.jpg,1510,399.5,1,1187.4052,2833.8977,82.6867,47.0105,0.0,0.0067
001981,001981.jpg,640,26.4,1,1093.1859,2738.6716,104.7445,48.3632,0.0001,0.0
001982,001982.jpg,1343,445.0,1,3825.3223,7344.4585,115.3792,53.6589,0.0,0.0002
001983,001983.jpg,640,52.3,1,2242.9189,6612.9824,63.3282,50.2605,0.0,0.1692
001984,001984.jpg,1200,299.3,1,13979.4375,24168.1074,151.0593,62.5102,0.0001,0.0004
001985,001985.jpg,640,53.9,1,9413.9541,17461.3672,178.321,65.7788,0.0662,0.0
001986,001986.jpg,1225,438.4,1,6056.4976,11733.2803,106.9527,58.331,0.0006,0.0328
001987,001987.jpg,1310,451.5,1,3986.8469,10734.8623,117.3267,52.6601,0.0,0.0004
001988,001988.jpg,640,68.5,1,4509.917,12479.457,151.5435,57.7369,0.0163,0.0
001989,001989.jpg,1236,355.2,1,12947.2422,12225.6377,145.1144,45.7996,0.0,0.0004
001990,001990.jpg,640,44.8,1,4842.1855,7822.4043,196.0816,55.2922,0.0825,0.0
001991,001991.jpg,1425,577.8,1,24242.8848,28939.1523,118.622,60.1994,0.0,0.0
001992,001992.jpg,640,66.1,1,10521.4014,16160.6377,77.1002,55.9277,0.0,0.1495
001993,001993.jpg,1367,406.7,1,4519.356,8857.0127,118.5796,46.347,0.0,0.0005
001994,001994.jpg,640,50.9,1,4543.7271,9008.7354,115.7111,53.2444,0.0003,0.064
001995,001995.jpg,1458,534.5,1,4714.8652,10356.6982,113.6795,60.6518,0.0,0.0
001996,001996.jpg,640,62.6,1,3590.5469,11226.7725,82.5947,56.9196,0.0,0.0799
001997,001997.jpg,1273,421.1,1,17010.7051,21651.873,140.0967,68.9992,0.0001,0.0112
001998,001998.jpg,640,62.7,1,8224.4863,16448.75,141.5111,73.2767,0.0025,0.0007
001999,001999.jpg,1252,393.7,1,3236.2952,5172.2935,117.922,36.4853,0.0002,0.0085
002000,002000.jpg,640,43.5,1,1875.1472,4221.5156,75.432,36.615,0.0,0.0696
002001,002001.jpg,1400,438.3,1,6011.1978,9537.5811,128.8169,54.8797,0.0004,0.0
002002,002002.jpg,640,48.4,1,3059.6257,7781.0195,90.6803,54.6433,0.0,0.0886
002003,002003.jpg,1367,438.9,1,3937.7063,7037.0747,110.4935,44.8339,0.0009,0.0026
002004,002004.jpg,640,42.1,1,2225.479,6324.0752,121.3657,47.5924,0.0061,0.0
002005,002005.jpg,1148,273.8,1,3711.908,8417.7744,153.4332,58.8092,0.0003,0.0032
002006,002006.jpg,640,42.3,1,2984.2834,8824.8691,173.7065,70.5968,0.1354,0.0
002007,002007.jpg,1435,442.3,1,10430.5381,18701.5312,147.4401,65.6478,0.0,0.0049
002008,002008.jpg,640,54.3,1,8396.0049,14695.5449,157.2042,69.7474,0.0066,0.0
002009,002009.jpg,1256,312.6,1,1202.485,3896.7854,111.8056,55.9043,0.0071,0.0004
002010,002010.jpg,640,37.4,1,1510.1519,5044.3452,98.3471,59.937,0.0004,0.0719
002011,002011.jpg,1236,272.6,1,666.1582,2073.085,133.3191,51.8707,0.0325,0.0004
002012,002012.jpg,640,37.5,1,1248.011,3649.5149,152.852,56.3546,0.0593,0.0
002013,002013.jpg,1388,262.6,1,963.112,1813.7041,136.0308,57.8406,0.0318,0.0005
002014,002014.jpg,1241,347.4,1,16115.2812,20366.0254,150.7794,66.0267,0.0291,0.0062
002015,002015.jpg,640,53.1,1,8773.9023,15545.5049,164.3287,72.0055,0.0324,0.0
002016,002016.jpg,1374,320.0,1,872.3135,2130.9104,128.6471,60.8502,0.0058,0.0008
002017,002017.jpg,1282,218.6,1,394.7981,1406.4698,158.7422,56.7249,0.0021,0.0
002018,002018.jpg,640,32.2,1,1205.3254,3039.3313,104.6505,58.9025,0.0,0.0722
002019,002019.jpg,844,144.5,1,1786.374,2689.2317,141.6269,53.8969,0.0004,0.0
002020,002020.jpg,640,43.6,1,1896.2416,6315.8623,116.7583,55.1996,0.0,0.0548
002021,002021.jpg,1008,217.8,1,4946.8711,6124.4688,154.99,64.7459,0.0,0.0175
002022,002022.jpg,640,40.8,1,2782.4004,6151.4014,154.0128,71.4784,0.0,0.0033
002023,002023.jpg,726,101.2,1,2717.5845,6881.5503,113.881,59.1677,0.0806,0.0
002024,002024.jpg,640,36.4,1,1226.5522,4790.2505,84.6735,62.0155,0.0,0.0718
002025,002025.jpg,884,223.4,1,8385.6738,10762.3555,137.9148,37.1707,0.0,0.0003
002026,002026.jpg,640,44.3,1,2272.1765,4660.3125,74.8174,36.159,0.0,0.1014
002027,002027.jpg,782,162.8,1,11225.4385,9646.0859,157.3975,46.2948,0.0,0.0
002028,002028.jpg,640,43.7,1,2863.1462,6056.6226,99.6204,47.4593,0.0,0.0806
002029,002029.jpg,856,126.2,1,3736.4431,7119.1772,108.1995,51.9043,0.0,0.0014
002030,002030.jpg,846,144.4,1,8603.1758,15822.2061,130.7278,75.743,0.0002,0.0173
002031,002031.jpg,640,48.3,1,2776.9407,11219.8975,145.446,77.7376,0.0258,0.0
002032,002032.jpg,957,144.5,1,2190.3643,4109.2617,92.0531,69.9804,0.0007,0.0152
002033,002033.jpg,640,33.7,1,1091.3433,3619.5835,72.4082,66.533,0.0,0.3498
002034,002034.jpg,793,164.2,1,7505.6987,7984.6841,132.0813,69.2213,0.0019,0.0
002035,002035.jpg,640,39.4,1,2661.9751,6804.4214,126.7372,74.8362,0.0009,0.0615
002036,002036.jpg,633,123.2,1,4638.7236,5771.7319,133.3561,46.5477,0.0053,0.0001
002037,002037.jpg,640,41.6,1,1935.2113,5433.9907,155.1236,53.8758,0.0202,0.0
002038,002038.jpg,720,105.3,1,1443.9126,1883.4943,118.6974,39.7194,0.0,0.0002
002039,002039.jpg,847,252.8,1,21267.9473,21407.3359,133.4539,63.3513,0.001,0.0038
002040,002040.jpg,640,62.5,1,7655.4302,15391.4639,114.8441,63.5752,0.0,0.0418
002041,002041.jpg,873,194.6,1,9256.6543,11818.4902,121.5703,36.9146,0.0,0.0001
002042,002042.jpg,640,50.8,1,3072.1687,6966.5732,93.732,39.8687,0.0,0.0757
002043,002043.jpg,903,183.3,1,2348.7324,5217.7197,109.8086,48.4464,0.0028,0.0021
002044,002044.jpg,640,42.0,1,1464.3885,5218.9795,83.0282,50.4658,0.0,0.1232
002045,002045.jpg,856,234.0,1,44330.7266,25490.2148,143.0924,58.1955,0.0008,0.0073
002046,002046.jpg,640,61.3,1,6954.7886,12388.4473,130.0441,62.7461,0.0,0.0777
002047,002047.jpg,721,132.8,1,20146.9863,24822.2734,125.972,49.0133,0.0,0.0
002048,002048.jpg,640,52.2,1,4935.0039,12180.8721,74.1296,46.5934,0.0,0.083
002049,002049.jpg,824,159.1,1,10753.6484,10623.8115,111.2471,52.0271,0.0,0.0028
002050,002050.jpg,640,47.5,1,2775.2715,5687.6025,76.7322,49.9244,0.0,0.1185
002051,002051.jpg,851,116.3,1,1033.5739,2741.3389,142.2231,65.7372,0.0127,0.0
002052,002052.jpg,640,35.7,1,845.7389,2838.5791,173.0288,63.0453,0.1555,0.0
002053,002053.jpg,674,157.0,1,5668.9736,8732.0264,131.0006,40.8226,0.0,0.0
002054,002054.jpg,887,266.5,1,45226.8477,71812.4375,82.5195,80.103,0.0797,0.0027
002055,002055.jpg,640,67.1,1,18142.1328,43761.5586,61.8911,72.5783,0.0,0.2156
002056,002056.jpg,962,154.4,1,3510.5181,3765.2559,136.586,54.8507,0.0,0.0
002057,002057.jpg,640,37.5,1,1248.7611,2952.5835,74.5164,51.0781,0.0,0.0721
002058,002058.jpg,859,184.5,1,18167.7402,22451.9219,151.6668,61.1395,0.0005,0.0004
002059,002059.jpg,640,54.9,1,6530.9824,13721.7461,187.111,59.9666,0.2209,0.0
002060,002060.jpg,818,141.4,1,6595.8281,10255.1123,116.5911,52.9641,0.0036,0.0002
002061,002061.jpg,640,47.2,1,2342.1929,7021.2139,161.407,56.5772,0.006,0.0
002062,002062.jpg,794,137.2,1,6330.5688,8744.6846,123.2869,59.3029,0.0003,0.0115
002063,002063.jpg,640,43.3,1,3033.9443,7725.3652,159.5357,60.5281,0.0341,0.0
002064,002064.jpg,791,140.0,1,19100.2305,25020.4844,131.1801,58.6188,0.0,0.0002
002065,002065.jpg,640,53.1,1,6511.4712,14361.1074,114.678,61.6786,0.0,0.0637
002066,002066.jpg,700,160.4,1,8855.2266,8927.3545,139.8129,44.7516,0.0,0.0006
002067,002067.jpg,640,44.6,1,2446.3237,5902.5557,129.9827,53.6087,0.0,0.0625
002068,002068.jpg,592,115.1,1,5692.647,14299.542,118.7573,36.6702,0.0006,0.0
002069,002069.jpg,867,161.3,1,13970.8594,11382.6592,126.5751,58.1157,0.0,0.0006
002070,002070.jpg,710,107.0,1,7987.8193,14243.3486,126.0484,43.2659,0.0,0.0002
002071,002071.jpg,640,41.4,1,2435.6736,7238.8721,71.4902,42.9591,0.0,0.1185
002072,002072.jpg,892,177.8,1,5471.4907,9872.3047,121.7748,46.6066,0.0,0.0
002073,002073.jpg,640,49.2,1,2431.5671,6404.436,129.2568,51.5863,0.0004,0.0
002074,002074.jpg,917,169.0,1,7364.3159,7415.9375,139.9144,61.2753,0.0002,0.0059
002075,002075.jpg,640,39.8,1,2391.0015,6134.335,116.7539,61.8402,0.0,0.0457
002076,002076.jpg,1121,262.1,1,3236.0874,11400.8379,92.2976,54.1437,0.0091,0.0002
002077,002077.jpg,939,171.2,1,2718.8059,6200.2622,110.7943,48.6563,0.0,0.0341
002078,002078.jpg,640,41.7,1,1618.4465,5974.6855,138.0568,54.7385,0.0,0.0
002079,002079.jpg,1032,229.4,1,1918.3468,5896.3784,132.1055,42.7516,0.0,0.0001
002080,002080.jpg,640,47.2,1,3366.8625,8225.8262,191.1373,43.5254,0.034,0.0
002081,002081.jpg,1047,448.0,1,18205.002,18562.6895,149.8436,55.5285,0.0002,0.0029
002082,002082.jpg,2032,723.2,1,2843.0051,4938.3511,123.0952,53.2046,0.0005,0.0001
002083,002083.jpg,1147,258.9,1,4662.9375,12992.5098,99.0389,47.4349,0.0,0.0139
002084,002084.jpg,640,44.8,1,3667.5881,11111.5625,132.4483,50.2586,0.0044,0.0
002085,002085.jpg,965,143.5,1,1774.4875,5302.0576,153.4039,53.2477,0.0,0.0007
002086,002086.jpg,640,36.0,1,2276.3958,7593.4707,193.5927,64.2395,0.2026,0.0
002087,002087.jpg,889,202.5,1,8164.9556,13918.249,120.5603,38.5858,0.0107,0.0
002088,002088.jpg,640,52.9,1,3780.1968,9566.7041,112.7086,49.3451,0.0109,0.0865
002089,002089.jpg,1008,306.7,1,18522.2891,21385.6758,130.2425,55.4333,0.0005,0.0032
002090,002090.jpg,640,61.1,1,6437.2607,13277.7588,140.5739,57.7639,0.0006,0.0
002091,002091.jpg,1008,271.3,1,5308.9487,6936.5034,126.5898,41.7831,0.0,0.0013
002092,002092.jpg,640,52.2,1,1991.2937,5698.0825,172.0645,47.4206,0.0081,0.0
002093,002093.jpg,934,224.9,1,8439.5244,16689.918,135.8562,42.0114,0.0,0.0
002094,002094.jpg,864,205.6,1,8925.4766,12138.4912,140.4386,56.9221,0.0003,0.0008
002095,002095.jpg,640,49.9,1,3319.1272,9287.5947,105.3928,59.9371,0.0,0.1278
002096,002096.jpg,1008,220.0,1,18526.5371,13108.5498,163.0723,60.8719,0.0,0.006
002097,002097.jpg,640,43.6,1,4111.3345,8118.4575,157.6898,68.4178,0.0,0.0676
002098,002098.jpg,1008,262.2,1,13031.2002,10983.1143,133.9187,54.0608,0.0003,0.0002
002099,002099.jpg,640,48.8,1,2864.4541,5564.0474,79.9063,53.5341,0.0,0.1608
002100,002100.jpg,1008,195.3,1,3911.7,5755.5869,129.4245,61.6054,0.0,0.0028
002101,002101.jpg,640,40.7,1,1843.1837,5182.7046,92.8236,62.7576,0.0,0.1366
002102,002102.jpg,1274,432.9,1,4117.5591,6024.7988,122.1939,47.5153,0.0025,0.0072
002103,002103.jpg,640,46.4,1,3839.4619,7273.6699,120.5458,51.4416,0.0033,0.0437
002104,002104.jpg,1069,249.6,1,3171.0996,6542.8696,143.9265,65.9784,0.0,0.0029
002105,002105.jpg,640,43.9,1,2708.5757,6828.1499,87.0914,63.1566,0.0,0.1659
002106,002106.jpg,1096,276.3,1,6177.543,9667.5029,106.8862,60.2211,0.0001,0.0077
002107,002107.jpg,1022,210.2,1,6952.4985,11292.5879,115.6781,46.4691,0.0,0.0179
002108,002108.jpg,640,47.1,1,3909.7131,8421.4531,165.5499,52.6334,0.0,0.0
002109,002109.jpg,1015,184.9,1,8710.959,12243.125,122.4804,40.6976,0.0,0.0165
002110,002110.jpg,640,45.7,1,3547.1147,6691.0698,73.6847,37.4778,0.0,0.1302
002111,002111.jpg,985,164.4,1,1320.322,2842.5525,117.2025,56.6915,0.0002,0.0001
002112,002112.jpg,640,41.1,1,1802.5353,5040.5376,113.0297,59.7054,0.0002,0.0451
002113,002113.jpg,932,212.2,1,6469.6299,7877.6709,108.5145,53.8246,0.0001,0.004
002114,002114.jpg,951,136.3,1,1458.6195,3317.0608,126.3171,51.8586,0.0,0.0411
002115,002115.jpg,640,36.1,1,1463.2742,3883.6138,138.8457,54.5291,0.0,0.0
002116,002116.jpg,928,260.0,1,12386.4512,18276.209,118.6849,51.8042,0.003,0.0001
002117,002117.jpg,640,56.0,1,6199.3979,13541.1904,107.2849,53.6199,0.0001,0.0564
002118,002118.jpg,831,259.8,1,50111.9141,24152.2656,116.7845,50.199,0.0001,0.0114
002119,002119.jpg,640,57.2,1,6974.1758,9316.4336,97.7128,48.694,0.0,0.1125
002120,002120.jpg,1024,210.4,1,2833.6348,4559.1104,113.7706,46.8761,0.0,0.0092
002121,002121.jpg,640,37.2,1,1071.364,3178.9451,81.3585,45.7278,0.0,0.1138
002122,002122.jpg,947,239.2,1,17579.6406,28074.1172,112.1324,69.3527,0.0035,0.0005
002123,002123.jpg,1008,248.0,1,13395.0879,14610.6084,138.6873,49.8151,0.0,0.0016
002124,002124.jpg,640,50.5,1,5293.8462,9015.9492,140.8043,57.5487,0.0,0.0007
002125,002125.jpg,959,233.6,1,9658.7031,19175.0703,125.8948,59.0762,0.0002,0.0022
002126,002126.jpg,640,58.4,1,4668.6035,13794.6055,81.443,56.6537,0.0,0.1027
002127,002127.jpg,1231,407.7,1,10193.9482,9145.1611,118.9229,54.9534,0.0002,0.0014
002128,002128.jpg,1163,254.9,1,6186.6738,7591.6836,139.8813,66.7405,0.0,0.0001
002129,002129.jpg,640,39.4,1,3947.155,7852.02,115.9213,71.3236,0.0,0.085
002130,002130.jpg,1008,225.0,1,6563.8169,13212.2607,114.1966,69.7012,0.0002,0.0001
002131,002131.jpg,640,42.9,1,3906.75,12438.8877,79.3029,66.564,0.0,0.1194
002132,002132.jpg,1067,252.0,1,991.6566,3199.0178,102.246,62.7644,0.0003,0.0
002133,002133.jpg,640,37.9,1,1209.0682,4860.1895,95.1821,67.1317,0.0002,0.0726
002134,002134.jpg,1008,334.9,1,42209.668,44719.3633,146.3795,68.2429,0.0,0.0013
002135,002135.jpg,640,62.2,1,11675.9004,16333.6074,191.7683,64.7306,0.1647,0.0
002136,002136.jpg,950,274.8,1,34995.8555,31561.1484,142.011,61.4977,0.0,0.009
002137,002137.jpg,640,67.7,1,10795.5635,15238.5176,114.4019,58.5045,0.0,0.0562
002138,002138.jpg,1262,440.3,1,8848.085,17648.0371,127.0662,62.8806,0.0,0.0055
002139,002139.jpg,640,64.5,1,5902.686,16725.8105,128.2664,67.744,0.0,0.0007
002140,002140.jpg,1017,272.1,1,9077.2246,15519.1729,118.668,63.985,0.0007,0.0176
002141,002141.jpg,1089,368.4,1,4350.9194,5861.1523,114.8402,57.0093,0.0004,0.0019
002142,002142.jpg,640,52.2,1,2679.5593,6333.8745,86.1823,57.9298,0.0,0.1061
002143,002143.jpg,1008,268.5,1,7062.4204,10157.1279,132.1516,52.9476,0.0008,0.0
002144,002144.jpg,1104,346.4,1,16340.3047,17547.8535,134.7577,56.0663,0.0022,0.0011
002145,002145.jpg,640,57.2,1,6719.627,10922.2773,124.5193,60.6018,0.0005,0.0595
002146,002146.jpg,1122,254.0,1,9286.0518,13857.7471,139.7736,56.9964,0.0001,0.0
002147,002147.jpg,640,47.7,1,5906.1436,10132.4121,124.5988,61.7556,0.0,0.0573
002148,002148.jpg,990,364.0,1,15401.1572,12518.085,137.4694,46.6506,0.0,0.0002
002149,002149.jpg,1216,228.6,1,1983.7723,5020.2505,115.3065,44.2579,0.0,0.0
002150,002150.jpg,640,44.0,1,2005.3306,4948.2349,92.3571,48.6445,0.0,0.071
002151,002151.jpg,889,123.2,1,897.7277,2946.6682,113.298,60.7779,0.0,0.0
002152,002152.jpg,1189,348.6,1,3413.2424,5110.5269,136.0927,45.9185,0.0,0.0001
002153,002153.jpg,640,47.5,1,2090.7737,4911.9844,90.7913,46.8479,0.0,0.0718
002154,002154.jpg,1008,306.2,1,27935.1699,28238.5371,123.8614,67.9918,0.0,0.0033
002155,002155.jpg,640,62.3,1,7321.0264,17517.1777,170.4398,69.1265,0.1077,0.0
002156,002156.jpg,1050,310.3,1,10634.4072,24738.3848,118.5439,74.8896,0.0108,0.0031
002157,002157.jpg,640,62.1,1,8759.5234,21234.3281,129.7655,75.2252,0.0742,0.0
002158,002158.jpg,1081,231.6,1,3250.71,5219.0117,109.6052,51.0736,0.0,0.0175
002159,002159.jpg,640,42.2,1,1836.8159,4295.1631,72.7231,46.9699,0.0,0.1855
002160,002160.jpg,1189,421.9,1,22378.2656,34095.8906,145.3018,69.752,0.0012,0.0007
002161,002161.jpg,640,58.9,1,10279.1777,15662.0264,186.5645,66.5078,0.2935,0.0
002162,002162.jpg,1238,455.0,1,9193.6172,17100.3848,121.5441,62.5724,0.001,0.0031
002163,002163.jpg,640,61.3,1,5941.0352,15805.4453,94.1459,65.0905,0.0,0.1062
002164,002164.jpg,1210,319.5,1,3487.218,6156.5835,126.7002,48.014,0.0003,0.0
002165,002165.jpg,640,46.9,1,2773.8938,6766.8086,148.5618,55.5629,0.0031,0.0
002166,002166.jpg,1376,395.2,1,3878.5789,8438.3535,123.1321,70.694,0.0,0.0031
002167,002167.jpg,1350,378.2,1,2357.3284,3887.0945,139.2728,58.7954,0.0,0.0
002168,002168.jpg,640,39.3,1,1725.5133,4735.2207,179.6652,63.5393,0.093,0.0
002169,002169.jpg,1203,271.6,1,1467.8809,4748.5249,149.1893,46.5905,0.0,0.0
002170,002170.jpg,640,40.1,1,2751.325,7004.4595,154.6579,53.8693,0.0075,0.0002
002171,002171.jpg,1257,578.5,1,9954.2988,22658.3418,140.4305,47.8866,0.0,0.0101
002172,002172.jpg,640,65.7,1,8995.2539,20667.3691,139.7515,49.008,0.0,0.0316
002173,002173.jpg,1344,421.4,1,5455.6562,9407.1035,105.3603,58.578,0.0,0.0016
002174,002174.jpg,1179,363.6,1,10901.5967,14045.9697,123.2844,60.4956,0.0002,0.0107
002175,002175.jpg,640,51.1,1,5952.2368,10452.6084,94.0842,61.6578,0.0,0.1465
002176,002176.jpg,1219,345.0,1,3036.1614,7514.2773,138.5029,60.5247,0.0016,0.001
002177,002177.jpg,640,51.9,1,2980.0774,9514.0361,143.2749,64.4661,0.0023,0.0004
002178,002178.jpg,1248,325.7,1,5699.2368,12371.6904,119.3379,64.0513,0.0001,0.0227
002179,002179.jpg,1267,460.7,1,30040.0156,64353.4062,90.0941,67.5873,0.0,0.0001
002180,002180.jpg,640,80.6,1,20652.9258,51606.1367,89.4044,64.1182,0.0,0.0314
002181,002181.jpg,1344,523.4,1,7911.4893,12501.6621,119.615,44.6587,0.0,0.001
002182,002182.jpg,1344,495.6,1,7686.1841,13573.416,125.695,40.9925,0.0,0.0012
002183,002183.jpg,640,59.0,1,5392.4463,11434.5615,108.6312,47.0831,0.0,0.0662
002184,002184.jpg,1322,578.3,1,7995.7129,24257.8516,103.9518,59.7421,0.0,0.0
002185,002185.jpg,640,68.0,1,10307.7617,24676.4551,60.6499,56.2082,0.0,0.2011
002186,002186.jpg,1147,332.1,1,16882.502,24582.873,165.4685,48.4108,0.0,0.0013
002187,002187.jpg,640,58.7,1,9025.6592,16585.3125,197.0063,57.1599,0.1152,0.0
002188,002188.jpg,1302,499.1,1,2348.252,9080.959,104.2893,58.2452,0.0,0.0
002189,002189.jpg,1381,540.6,1,5529.5977,11930.5586,86.9987,56.9031,0.0045,0.0004
002190,002190.jpg,640,53.9,1,3232.1968,9286.8379,35.4029,45.1005,0.0,0.4601
002191,002191.jpg,641,88.3,1,2207.4434,2736.1951,103.0796,40.6437,0.0,0.0
002192,002192.jpg,640,34.0,1,1013.0085,2180.2419,149.5273,42.4362,0.0004,0.0
002193,002193.jpg,787,75.2,1,1247.1475,1930.9293,156.3564,38.5813,0.0,0.0002
002194,002194.jpg,640,21.9,1,1967.0387,4036.8076,183.956,52.4419,0.0,0.0
002195,002195.jpg,936,129.1,1,4495.4365,6369.106,144.9622,48.8995,0.0,0.0
002196,002196.jpg,640,33.4,1,2427.4607,4942.1973,109.7924,55.2554,0.0,0.0705
002197,002197.jpg,787,123.5,1,5346.5884,4964.3442,136.0446,57.0207,0.004,0.0
002198,002198.jpg,640,36.1,1,1411.345,3752.4932,135.8807,63.7022,0.0033,0.0029
002199,002199.jpg,792,116.4,1,4379.395,13591.6973,97.7245,68.9716,0.001,0.0
002200,002200.jpg,640,29.7,1,3267.0974,11162.4688,48.3764,63.4588,0.0,0.3911
002201,002201.jpg,832,186.9,1,27643.8594,30072.4043,110.7183,67.901,0.0017,0.0002
002202,002202.jpg,640,55.9,1,7676.9448,18593.3027,141.3929,67.2855,0.0294,0.0
002203,002203.jpg,913,215.6,1,12902.1719,21520.0762,143.2264,66.6293,0.0005,0.0026
002204,002204.jpg,640,56.1,1,5903.1812,14419.4805,109.5437,66.6944,0.0,0.1279
002205,002205.jpg,749,117.3,1,5432.6235,7821.3086,147.9413,44.5856,0.0,0.0
002206,002206.jpg,640,39.7,1,1756.39,4889.4033,84.134,49.1015,0.0,0.1475
002207,002207.jpg,1063,195.8,1,1955.3835,6288.2388,114.3455,52.9193,0.0,0.0088
002208,002208.jpg,896,175.8,1,10393.0859,16221.5576,122.3968,56.3156,0.0,0.0
002209,002209.jpg,640,53.3,1,3271.395,7800.2588,59.759,48.5146,0.0,0.2022
002210,002210.jpg,1246,286.4,1,7511.4404,15944.7646,132.5357,47.0446,0.0,0.0
002211,002211.jpg,640,50.2,1,5116.9849,11722.668,80.2024,43.7773,0.0,0.054
002212,002212.jpg,1200,315.8,1,9796.4268,14271.9473,130.3365,32.1054,0.0,0.0
002213,002213.jpg,640,55.2,1,6127.5015,10424.1172,119.6106,39.6992,0.0,0.0513
002214,002214.jpg,928,182.0,1,1889.4814,4659.7119,133.3794,67.2834,0.0,0.0
002215,002215.jpg,640,36.2,1,1510.5845,4999.8594,87.0174,66.4025,0.0,0.144
002216,002216.jpg,1008,201.1,1,1252.6248,3275.4077,139.9756,51.3007,0.0003,0.0001
002217,002217.jpg,1008,197.6,1,1301.9619,3036.4971,137.8131,51.1653,0.0001,0.0002
002218,002218.jpg,640,33.6,1,1402.3347,3217.5125,77.1069,44.1667,0.0,0.1334
002219,002219.jpg,2048,1019.4,1,42069.8633,35472.0547,122.0364,64.3747,0.0032,0.0026
002220,002220.jpg,1270,212.7,1,3301.6597,6521.2002,129.1199,61.8147,0.0144,0.0106
002221,002221.jpg,1008,243.1,1,7136.9351,8639.3594,154.1944,52.0508,0.0,0.0012
002222,002222.jpg,1236,379.0,1,6481.7861,13918.3955,127.6923,47.7391,0.0025,0.0
002223,002223.jpg,640,58.7,1,5225.8008,11991.5146,130.9383,56.7649,0.0031,0.0001
002224,002224.jpg,1312,335.5,1,2444.3301,3735.7556,115.9469,47.9016,0.0,0.0061
002225,002225.jpg,640,35.8,1,1931.1885,3881.165,92.3423,50.4541,0.0,0.0904
002226,002226.jpg,1296,634.6,1,25805.2891,25577.8809,132.5406,55.2447,0.0013,0.0044
002227,002227.jpg,640,77.1,1,9967.2754,16983.4004,166.0105,57.3336,0.0252,0.0
002228,002228.jpg,1327,389.6,1,2448.5767,6014.5469,114.2682,67.319,0.0012,0.0288
002229,002229.jpg,640,43.5,1,1963.83,6419.2324,69.8904,61.0317,0.0,0.2677
002230,002230.jpg,1480,468.7,1,8099.3589,7961.1235,132.8998,53.004,0.0006,0.0
002231,002231.jpg,640,46.4,1,3091.6492,6124.8608,168.1316,58.1928,0.0519,0.0
002232,002232.jpg,1298,394.4,1,8592.9883,9116.0264,129.2919,54.641,0.0002,0.0052
002233,002233.jpg,1473,430.7,1,1574.9922,3466.5989,133.5557,45.9382,0.0,0.0
002234,002234.jpg,640,44.0,1,2305.05,5117.085,149.9743,51.1809,0.0039,0.0
002235,002235.jpg,1485,451.8,1,2611.7329,5513.8672,119.0443,50.0274,0.0001,0.0072
002236,002236.jpg,1333,465.6,1,21135.9316,27138.3438,138.1249,52.011,0.0002,0.0003
002237,002237.jpg,640,56.8,1,10735.4736,17760.2461,146.0788,54.2731,0.0008,0.0001
002238,002238.jpg,1442,548.2,1,7595.4536,12349.3154,132.5015,35.9371,0.0002,0.0
002239,002239.jpg,640,62.4,1,4955.9771,10080.2305,153.7823,43.3579,0.0046,0.0
002240,002240.jpg,1213,366.7,1,2914.8965,7519.5522,106.525,59.2185,0.0004,0.0022
002241,002241.jpg,640,48.3,1,2385.4751,8468.3018,68.1681,56.3415,0.0,0.1216
002242,002242.jpg,1271,346.1,1,7210.332,8973.0791,147.7733,67.9294,0.0,0.0253
002243,002243.jpg,640,44.3,1,3816.5745,6286.127,99.6017,64.9295,0.0,0.1816
002244,002244.jpg,1309,407.4,1,7249.0034,11228.3389,136.4279,66.3157,0.0003,0.0
002245,002245.jpg,640,49.6,1,3893.7019,10378.9043,169.8739,67.1099,0.1881,0.0
002246,002246.jpg,1395,369.2,1,3581.3054,7997.4077,115.7693,69.2683,0.0003,0.0003
002247,002247.jpg,1306,324.1,1,4224.4668,7035.4194,129.3809,61.3393,0.0001,0.0035
002248,002248.jpg,640,40.4,1,2894.6677,7166.2925,90.5744,61.4516,0.0,0.1618
002249,002249.jpg,1379,474.9,1,8273.3477,12430.5518,150.4388,56.6777,0.0,0.0032
002250,002250.jpg,1265,423.3,1,9268.7754,14054.5674,125.8338,56.0154,0.0016,0.0041
002251,002251.jpg,640,57.0,1,5192.6191,11181.8584,166.1734,60.8746,0.0506,0.0
002252,002252.jpg,1221,444.7,1,13956.9385,14345.8721,127.4354,68.7868,0.0011,0.0125
002253,002253.jpg,640,53.2,1,4690.0293,7974.0474,170.3046,68.1134,0.1557,0.0
002254,002254.jpg,1434,477.1,1,17137.127,21778.9355,143.4684,61.6017,0.0042,0.0023
002255,002255.jpg,640,55.0,1,7929.23,12392.7422,188.1803,63.3748,0.1578,0.0
002256,002256.jpg,1374,439.3,1,6180.1196,8178.8647,125.6672,62.0678,0.0001,0.0027
002257,002257.jpg,640,46.6,1,3790.2676,7504.2725,148.578,64.008,0.0788,0.0
002258,002258.jpg,1252,452.7,1,3808.55,9283.6641,112.1956,51.5989,0.0,0.0
002259,002259.jpg,1488,528.2,1,8544.1074,9319.625,130.0375,57.3619,0.0002,0.0045
002260,002260.jpg,640,50.9,1,4926.5352,7523.605,87.5729,55.4775,0.0,0.0887
002261,002261.jpg,1236,392.2,1,13021.6406,17296.5723,125.315,57.9193,0.0,0.0011
002262,002262.jpg,640,53.0,1,6456.4727,11543.5449,92.5941,58.0618,0.0,0.0908
002263,002263.jpg,1484,557.9,1,19384.0938,17182.3574,124.3139,65.8794,0.0014,0.0076
002264,002264.jpg,640,56.4,1,6926.8706,11624.0674,93.062,61.3853,0.0,0.1108
002265,002265.jpg,1292,303.5,1,959.5696,2587.0554,147.3366,67.7985,0.0,0.0287
002266,002266.jpg,640,29.4,1,1076.0746,3242.2429,174.8528,73.3833,0.023,0.0
002267,002267.jpg,1194,377.0,1,10793.877,22701.0996,103.5473,59.1581,0.0,0.0099
002268,002268.jpg,640,56.5,1,7736.6411,21019.8984,124.1115,59.4904,0.0011,0.0
002269,002269.jpg,1165,241.6,1,1129.5465,2829.4368,140.2799,69.7623,0.0007,0.0104
002270,002270.jpg,640,35.3,1,1414.6876,4234.0449,168.1723,76.0564,0.1842,0.0
002271,002271.jpg,1242,350.5,1,6093.9507,10278.165,128.322,64.4172,0.0013,0.0023
002272,002272.jpg,640,50.5,1,5743.1265,11954.085,105.0598,65.8458,0.0,0.0853
002273,002273.jpg,1509,539.4,1,7585.9707,10959.835,131.698,61.6112,0.0015,0.0018
002274,002274.jpg,640,50.3,1,4137.9004,10907.7822,130.2784,64.9037,0.0016,0.0418
002275,002275.jpg,1006,164.2,1,978.3775,1589.2567,133.97,59.763,0.0,0.0118
002276,002276.jpg,640,24.8,1,1399.6392,3237.1096,110.0925,63.2346,0.0,0.1393
002277,002277.jpg,1237,273.9,1,1062.736,2193.8389,143.4288,51.6063,0.0002,0.0
002278,002278.jpg,640,32.8,1,1835.3903,3638.5432,171.9296,57.245,0.022,0.0
002279,002279.jpg,1435,480.8,1,7475.7271,14614.0547,118.6516,52.7156,0.0,0.0018
002280,002280.jpg,640,51.7,1,6173.1826,12214.1475,95.9563,53.9343,0.0,0.0581
002281,002281.jpg,1343,491.4,1,14999.5361,19723.9863,114.9888,65.3216,0.0013,0.0045
002282,002282.jpg,640,58.5,1,7038.7656,14091.4648,148.7831,66.666,0.0448,0.0
002283,002283.jpg,1212,428.1,1,14635.0654,21896.2441,111.0944,65.3733,0.0051,0.0014
002284,002284.jpg,1342,592.0,1,21080.2617,29219.209,129.8434,51.2867,0.0,0.0002
002285,002285.jpg,640,76.8,1,9904.4805,15740.5225,89.1106,48.9127,0.0,0.1022
002286,002286.jpg,1319,593.0,1,9428.2158,16980.9023,107.8381,59.8782,0.0,0.0
002287,002287.jpg,640,75.0,1,5531.4487,15783.9697,157.1018,58.6259,0.0575,0.0
002288,002288.jpg,1453,656.5,1,6384.2534,12152.9443,116.9611,63.8621,0.0032,0.0001
002289,002289.jpg,640,69.2,1,4992.9971,13453.8271,134.858,65.9423,0.0132,0.0
002290,002290.jpg,1328,357.3,1,3361.8777,8351.4414,141.3142,47.0695,0.0009,0.0007
002291,002291.jpg,640,48.1,1,3502.625,9780.7627,183.8543,50.6772,0.0964,0.0
002292,002292.jpg,1414,528.0,1,6834.5532,17919.9414,103.5288,60.653,0.001,0.0002
002293,002293.jpg,640,57.9,1,5162.6079,14947.7861,46.1523,52.0846,0.0,0.4112
002294,002294.jpg,1197,377.6,1,6312.7896,8562.1299,128.0483,53.1174,0.0022,0.0015
002295,002295.jpg,640,46.6,1,3500.8271,6837.1636,152.6152,58.2009,0.0522,0.0
002296,002296.jpg,1448,465.4,1,5647.3501,13572.0498,113.8223,62.1212,0.0,0.002
002297,002297.jpg,640,57.6,1,5956.5254,15750.4912,129.8564,62.8248,0.0072,0.0
002298,002298.jpg,1270,472.0,1,5245.0029,8422.6992,109.1491,46.4466,0.0,0.0027
002299,002299.jpg,640,54.1,1,2565.1169,6483.9414,71.3722,45.9851,0.0,0.0855
002300,002300.jpg,1223,474.2,1,6198.708,10992.6914,106.0301,56.3954,0.0014,0.0033
002301,002301.jpg,640,53.4,1,3672.5928,8172.0527,58.7369,47.5935,0.0,0.0708
002302,002302.jpg,1292,447.5,1,4122.7974,10346.2734,129.438,65.4548,0.0053,0.0056
002303,002303.jpg,640,58.9,1,4371.1392,12009.8887,127.0291,70.4744,0.008,0.001
002304,002304.jpg,1368,422.1,1,3259.115,7324.9204,127.446,47.4264,0.0011,0.0002
002305,002305.jpg,640,40.2,1,2683.8425,8168.1387,106.4421,52.0042,0.0,0.0642
002306,002306.jpg,1408,320.7,1,410.3211,2082.9109,139.8602,61.9545,0.0008,0.0
002307,002307.jpg,1454,669.5,1,28193.6719,23446.9746,157.4626,59.0606,0.0,0.0035
002308,002308.jpg,640,61.3,1,8938.8467,13408.7852,155.0209,63.1553,0.0,0.0493
002309,002309.jpg,1183,227.2,1,1114.3011,2807.1194,153.2663,48.0358,0.0002,0.0
002310,002310.jpg,640,27.5,1,1674.5049,4460.8062,170.3899,59.1165,0.0034,0.0
002311,002311.jpg,1462,386.3,1,1597.9781,5992.2046,125.217,64.6801,0.0114,0.004
002312,002312.jpg,640,43.0,1,2671.4434,8825.1006,160.7907,67.7896,0.1515,0.0
002313,002313.jpg,1400,381.8,1,3103.3757,6682.9731,178.3113,67.8083,0.0087,0.0001
002314,002314.jpg,640,43.1,1,5086.8574,9396.0176,139.7483,69.7258,0.0,0.0579
002315,002315.jpg,1368,488.3,1,12919.8398,21596.0137,108.0355,59.0366,0.0029,0.0001
002316,002316.jpg,640,63.6,1,7782.9238,15687.6338,128.4524,57.2124,0.0378,0.0
002317,002317.jpg,710,121.2,1,4193.7114,4683.1499,126.908,42.8704,0.0004,0.0098
002318,002318.jpg,640,33.7,1,1271.0771,3134.9944,98.6357,46.3804,0.0,0.0907
002319,002319.jpg,714,141.8,1,4854.7612,14555.5635,120.0741,37.8753,0.0,0.0001
002320,002320.jpg,640,52.9,1,2055.4517,9107.166,60.6763,34.9362,0.0,0.1332
002321,002321.jpg,726,157.5,1,4038.1104,11591.5479,105.6186,61.3286,0.0295,0.0002
002322,002322.jpg,738,191.5,1,8168.5542,11798.8389,123.6084,53.4662,0.0001,0.0007
002323,002323.jpg,640,49.3,1,2561.8999,7814.9102,172.674,58.5071,0.0717,0.0
002324,002324.jpg,866,122.0,1,1215.0774,3015.7412,115.7651,44.9657,0.0,0.0017
002325,002325.jpg,640,31.3,1,991.4037,3054.5032,101.4975,48.65,0.0,0.0755
002326,002326.jpg,815,232.7,1,18279.9707,24035.8926,101.1843,48.6111,0.0058,0.0
002327,002327.jpg,640,54.1,1,7054.7988,14742.4424,128.1126,47.2919,0.0423,0.0
002328,002328.jpg,948,257.2,1,24208.8516,16676.3945,131.8715,45.032,0.0007,0.0001
002329,002329.jpg,826,146.3,1,4210.2183,5378.9399,140.0707,54.7285,0.0042,0.0
002330,002330.jpg,640,39.4,1,1828.8181,4549.375,189.3235,60.5067,0.1406,0.0
002331,002331.jpg,1008,215.0,1,3944.3975,5258.5522,115.139,62.752,0.0,0.0002
002332,002332.jpg,640,42.3,1,2926.8586,6431.8662,130.7367,66.8332,0.0139,0.0
002333,002333.jpg,1008,202.5,1,2078.4939,2507.7312,128.32,50.5028,0.0001,0.0
002334,002334.jpg,640,38.8,1,1174.2306,3200.6846,88.6956,52.8453,0.0,0.068
002335,002335.jpg,1008,219.6,1,3925.3,6841.4175,122.949,49.8027,0.0,0.0
002336,002336.jpg,640,44.7,1,2433.5896,6296.7402,114.1642,54.0265,0.0,0.0559
002337,002337.jpg,1008,242.7,1,3703.1826,7502.5898,143.4274,52.6623,0.0,0.0053
002338,002338.jpg,640,38.9,1,2523.9155,7271.105,185.0334,59.9209,0.0023,0.0
002339,002339.jpg,1008,277.4,1,24772.2578,24632.6113,131.2699,58.8875,0.0006,0.0099
002340,002340.jpg,640,54.4,1,6643.7324,11406.2549,88.3346,53.0425,0.0,0.1585
002341,002341.jpg,1008,286.4,1,8509.5273,13251.5869,95.9953,51.5534,0.0002,0.0
002342,002342.jpg,640,57.1,1,3965.95,11581.0361,110.4669,52.5986,0.0032,0.0
002343,002343.jpg,957,158.6,1,3590.0679,6070.1816,161.6974,63.5001,0.0,0.0064
002344,002344.jpg,640,38.3,1,2208.5288,5379.3027,106.4737,62.6349,0.0,0.1547
002345,002345.jpg,869,231.3,1,11107.4434,14148.8164,143.4805,53.7296,0.0002,0.0004
002346,002346.jpg,640,48.1,1,4124.2285,9635.1221,94.8369,56.2171,0.0,0.0935
002347,002347.jpg,1033,214.9,1,3333.8438,7665.6792,138.4572,62.7454,0.0022,0.0
002348,002348.jpg,640,40.0,1,2992.3623,8140.7993,183.254,64.8901,0.1953,0.0
002349,002349.jpg,1131,320.1,1,1373.9243,4360.3789,146.734,63.3008,0.0,0.0202
002350,002350.jpg,640,36.4,1,2411.582,7390.0156,135.5451,70.0846,0.0,0.1111
002351,002351.jpg,1008,280.8,1,20635.3086,21665.4746,144.223,51.2854,0.0001,0.0125
002352,002352.jpg,640,49.1,1,5674.4644,15814.9736,129.4287,59.6319,0.0,0.1004
002353,002353.jpg,1200,286.9,1,2173.2871,3799.3801,109.649,54.9482,0.0,0.0043
002354,002354.jpg,640,31.9,1,1828.994,4319.6655,132.7159,57.9633,0.0,0.0
002355,002355.jpg,1351,404.1,1,4228.397,10209.3047,144.0239,65.9681,0.0019,0.0035
002356,002356.jpg,640,53.0,1,3551.4907,12540.2822,148.1172,75.9158,0.0149,0.0
002357,002357.jpg,1274,290.3,1,4604.4121,10521.4385,96.7547,50.9386,0.001,0.0
002358,002358.jpg,640,44.8,1,2481.6294,6736.1973,42.1559,46.3668,0.0,0.2768
002359,002359.jpg,835,143.1,1,11400.6436,17035.4609,122.0194,37.3245,0.0,0.0063
002360,002360.jpg,640,55.1,1,4514.9136,10966.3311,162.2873,42.6769,0.0,0.0
002361,002361.jpg,775,117.7,1,5349.0742,7890.6616,132.4481,51.8096,0.0,0.0001
002362,002362.jpg,640,36.5,1,1994.9481,5560.5156,106.7187,56.6288,0.0,0.0894
002363,002363.jpg,925,176.4,1,12437.9219,32308.7461,108.0177,65.3769,0.0051,0.0
002364,002364.jpg,640,61.5,1,7609.5806,22648.957,145.4701,59.9575,0.109,0.0
002365,002365.jpg,860,174.5,1,4812.752,10393.0801,115.3415,55.9252,0.0002,0.0006
002366,002366.jpg,845,106.6,1,1759.7566,4799.4282,110.7001,65.0336,0.0002,0.0
002367,002367.jpg,640,31.6,1,935.8825,3417.2744,56.1898,55.5253,0.0,0.2913
002368,002368.jpg,927,222.5,1,3704.9517,3618.4185,121.8591,27.073,0.0,0.0005
002369,002369.jpg,640,40.4,1,1373.5714,2699.1086,161.649,38.3598,0.0,0.0
002370,002370.jpg,1084,265.8,1,2464.4512,6207.3374,109.7162,74.3505,0.0662,0.0002
002371,002371.jpg,1008,280.1,1,12855.7383,16072.4033,158.0886,64.1247,0.0,0.0008
002372,002372.jpg,640,50.6,1,4921.1357,12219.8076,204.3215,62.768,0.4631,0.0
002373,002373.jpg,966,280.8,1,8478.6729,12706.749,142.858,51.4964,0.0002,0.0
002374,002374.jpg,640,55.9,1,3588.0034,9329.4336,167.9673,61.0635,0.0715,0.0
002375,002375.jpg,1172,218.3,1,6462.7183,14760.7334,113.4932,51.804,0.0001,0.0132
002376,002376.jpg,640,52.7,1,5160.2739,12754.1152,131.1245,56.8511,0.0023,0.0
002377,002377.jpg,1008,317.3,1,7132.8789,12359.9062,126.1404,52.0753,0.0062,0.0002
002378,002378.jpg,640,62.2,1,3888.8716,9202.5752,78.7073,49.4125,0.0,0.1002
002379,002379.jpg,1008,291.5,1,28598.793,26196.5156,148.5658,57.2501,0.0002,0.0074
002380,002380.jpg,640,54.4,1,7646.9077,11519.625,191.5611,59.7267,0.1618,0.0
002381,002381.jpg,973,279.2,1,24146.6113,37791.8867,109.5111,59.3148,0.0001,0.0
002382,002382.jpg,640,72.4,1,10155.4834,20003.3301,160.0366,54.4257,0.0841,0.0
002383,002383.jpg,1290,336.9,1,879.9527,4082.5642,125.2171,36.1408,0.0,0.0
002384,002384.jpg,640,44.7,1,1874.5308,6511.6113,169.6889,44.974,0.0,0.0
002385,002385.jpg,1200,418.1,1,14512.1152,32640.6289,173.9077,50.8947,0.0,0.0
002386,002386.jpg,640,63.2,1,12848.1562,28663.7051,197.8704,53.7119,0.0141,0.0
002387,002387.jpg,891,93.6,1,883.4244,2517.6614,112.1726,60.4255,0.0002,0.0
002388,002388.jpg,640,30.4,1,657.59,2248.7024,63.775,54.8381,0.0,0.2578
002389,002389.jpg,940,125.5,1,2019.8053,6347.8657,98.2253,63.059,0.0,0.0
002390,002390.jpg,951,104.9,1,4909.644,15173.8701,156.2694,47.0349,0.012,0.0
002391,002391.jpg,640,41.2,1,6391.6499,16281.5137,136.9375,60.0886,0.0,0.0863
002392,002392.jpg,898,162.5,1,9122.7266,18599.4023,127.6335,40.2543,0.0015,0.0002
002393,002393.jpg,1256,294.1,1,1902.8781,4223.6538,110.2058,40.0365,0.0,0.0
002394,002394.jpg,640,41.5,1,1545.385,5140.7256,133.4921,47.2044,0.0002,0.0
002395,002395.jpg,1117,340.1,1,18679.0098,21890.7812,152.8408,61.6231,0.0001,0.0047
002396,002396.jpg,1335,359.5,1,2148.0605,3537.0938,133.4869,49.1225,0.0002,0.0004
002397,002397.jpg,640,41.1,1,1771.1406,5119.4302,154.597,56.9685,0.0161,0.0
002398,002398.jpg,1410,347.4,1,2650.48,5023.0933,134.7638,49.9207,0.0,0.0
002399,002399.jpg,640,47.4,1,2351.5789,5486.7324,158.8068,57.9865,0.0385,0.0
002400,002400.jpg,1277,327.1,1,9199.4141,11398.8408,117.9372,56.2963,0.0,0.0012
002401,002401.jpg,1443,585.7,1,10351.6143,18184.5078,106.3327,51.1034,0.0,0.0005
002402,002402.jpg,640,64.8,1,5657.5723,13293.1553,75.9668,49.8541,0.0,0.1203
002403,002403.jpg,1346,377.6,1,1822.0455,6162.3984,110.4432,60.1118,0.0,0.0003
002404,002404.jpg,640,43.4,1,1876.272,6677.1265,53.8883,53.2741,0.0,0.1787
002405,002405.jpg,1308,367.3,1,13589.2979,13642.7891,126.0291,65.2989,0.0064,0.0179
002406,002406.jpg,640,49.6,1,5807.3262,9654.6748,137.728,69.6667,0.0296,0.0
002407,002407.jpg,1288,383.6,1,4706.7212,7958.0063,121.8565,51.9872,0.0,0.0
002408,002408.jpg,1249,305.4,1,898.8345,2433.8303,133.1104,65.3479,0.0,0.0033
002409,002409.jpg,640,35.5,1,2018.0256,4808.9146,107.0625,71.9715,0.0,0.128
002410,002410.jpg,1316,409.9,1,7768.5483,14742.7139,120.2694,65.786,0.0001,0.0005
002411,002411.jpg,1386,444.3,1,5707.9995,12434.124,126.1213,56.6117,0.0014,0.0021
002412,002412.jpg,1114,326.5,1,6252.9355,10013.3389,137.6285,52.9178,0.0028,0.0039
002413,002413.jpg,1300,465.2,1,28466.75,37750.0508,87.8814,55.7115,0.0,0.0065
002414,002414.jpg,1439,446.4,1,5115.5664,10943.2051,140.3484,42.0814,0.0001,0.0
002415,002415.jpg,640,54.5,1,4104.9941,9935.9814,112.5746,47.6997,0.0,0.0544
002416,002416.jpg,1245,421.7,1,7343.9312,9980.1729,110.0456,54.3671,0.0003,0.0005
002417,002417.jpg,640,50.3,1,3208.4082,6303.4668,56.5827,44.0398,0.0,0.1041
002418,002418.jpg,1502,460.8,1,3739.7834,12267.3545,119.8481,71.0099,0.0,0.0006
002419,002419.jpg,640,52.1,1,4718.2969,15031.9805,90.3271,68.7937,0.0,0.1886
002420,002420.jpg,608,67.7,1,977.8801,2018.9523,145.157,50.0514,0.0004,0.0
002421,002421.jpg,640,25.7,1,578.6384,1918.2278,166.2923,55.8263,0.0054,0.0
002422,002422.jpg,1154,245.1,1,2787.043,11044.4785,120.6298,54.597,0.0,0.0
002423,002423.jpg,640,48.4,1,2907.6707,9195.835,63.6607,47.2571,0.0,0.1291
002424,002424.jpg,886,111.1,1,674.7068,1696.5206,135.832,59.2509,0.0,0.0001
002425,002425.jpg,640,32.2,1,888.4956,2094.27,84.8852,57.1335,0.0,0.0544
002426,002426.jpg,760,179.2,1,29165.5566,47588.7227,97.6136,58.9137,0.0056,0.0
002427,002427.jpg,640,63.7,1,10085.0996,26637.0332,139.8213,55.6176,0.0332,0.0
002428,002428.jpg,1083,184.5,1,1597.6088,4994.3418,112.8885,53.3605,0.0,0.0
002429,002429.jpg,1008,226.8,1,5336.2671,7525.0083,156.0116,52.2437,0.0,0.0006
002430,002430.jpg,1143,227.1,1,1488.3644,3926.7988,96.0422,61.2311,0.0302,0.0225
002431,002431.jpg,640,29.6,1,1142.0321,3620.8643,49.7445,46.5272,0.0,0.173
002432,002432.jpg,991,217.6,1,7998.9351,10952.9102,132.6602,51.0863,0.0004,0.0001
002433,002433.jpg,640,37.7,1,3216.7776,7746.0952,112.4521,55.0868,0.0,0.0493
002434,002434.jpg,1285,396.7,1,10933.6396,13426.4727,145.6149,58.9042,0.0,0.0003
002435,002435.jpg,1008,291.8,1,23236.3164,32304.4883,144.0625,69.9948,0.0,0.0053
002436,002436.jpg,640,60.2,1,13526.4023,16342.9424,187.3676,66.1207,0.3444,0.0
002437,002437.jpg,1009,217.2,1,10022.2354,17737.3008,115.3301,42.8566,0.0,0.0004
002438,002438.jpg,640,58.0,1,6315.1992,13123.9141,162.0889,48.1195,0.007,0.0
002439,002439.jpg,1507,678.2,1,18741.6094,26036.7559,113.9934,59.536,0.0,0.0069
002440,002440.jpg,640,74.0,1,9522.9062,18151.9883,160.1813,58.771,0.0723,0.0
002441,002441.jpg,1455,436.6,1,3012.436,7556.9062,135.0554,63.0454,0.0,0.0018
002442,002442.jpg,640,39.6,1,2812.5378,7834.5352,72.9111,56.8689,0.0,0.2538
002443,002443.jpg,1802,373.2,1,1873.6704,4097.5786,132.9143,61.7086,0.0002,0.0
002444,002444.jpg,640,38.5,1,1760.7708,4925.8569,106.0421,65.4289,0.0,0.1229
002445,002445.jpg,1318,409.5,1,3107.2764,7437.2505,114.4162,65.0103,0.0002,0.0001
002446,002446.jpg,640,47.5,1,2805.752,7792.0767,61.5753,59.8116,0.0,0.2944
002447,002447.jpg,1429,369.2,1,1320.3134,3079.2131,123.6629,51.349,0.0,0.0023
002448,002448.jpg,640,41.0,1,1158.9221,3626.6257,104.5121,56.2122,0.0,0.0778
002449,002449.jpg,1442,508.0,1,8591.7051,9372.2305,114.3284,57.0348,0.0,0.0125
002450,002450.jpg,640,51.2,1,3597.9495,7993.4102,93.2057,62.3257,0.0,0.1384
002451,002451.jpg,1251,310.1,1,2164.1331,4416.9102,118.1957,58.2638,0.0002,0.0059
002452,002452.jpg,1277,618.9,1,27403.7832,22604.8613,103.2356,52.2656,0.0006,0.0
002453,002453.jpg,640,70.1,1,8629.0635,12066.8721,128.6479,55.0936,0.0162,0.0
002454,002454.jpg,1264,460.9,1,18399.877,23496.7031,134.3791,62.5626,0.0,0.0037
002455,002455.jpg,640,59.3,1,8478.0889,15741.7227,173.0839,65.0382,0.1427,0.0
002456,002456.jpg,1338,543.7,1,18255.6484,17155.709,120.5752,54.8158,0.0002,0.0
002457,002457.jpg,640,64.1,1,6440.436,11953.1963,93.1845,58.1442,0.0,0.0933
002458,002458.jpg,1135,367.7,1,12851.6846,20184.1562,115.6327,60.9223,0.0,0.0
002459,002459.jpg,1274,454.5,1,12977.0498,18530.9902,125.9765,70.4092,0.0005,0.0012
002460,002460.jpg,640,58.9,1,6660.5,12948.5996,81.5312,65.6583,0.0,0.1895
002461,002461.jpg,1422,469.9,1,5450.9502,5260.6899,97.5852,44.0055,0.0,0.0006
002462,002462.jpg,1196,385.2,1,13380.9014,16027.375,129.35,56.7258,0.0017,0.0001
002463,002463.jpg,640,56.3,1,8595.1309,13394.2891,157.9273,61.1629,0.0214,0.0
002464,002464.jpg,1311,423.6,1,8175.4478,8577.2578,131.7673,50.3921,0.0,0.0
002465,002465.jpg,1510,606.9,1,11943.332,16852.3379,126.8869,61.5632,0.0001,0.0125
002466,002466.jpg,640,58.1,1,5708.6802,13008.6904,140.5707,64.8963,0.0037,0.0
002467,002467.jpg,1389,511.5,1,5832.2422,13500.1484,124.4702,63.6411,0.0,0.0027
002468,002468.jpg,640,58.0,1,4945.75,13414.2285,176.0632,63.4582,0.2083,0.0
002469,002469.jpg,1263,289.7,1,968.5261,1988.941,135.7449,53.0337,0.0003,0.0031
002470,002470.jpg,640,37.0,1,1727.1416,3979.8425,168.6295,58.6067,0.091,0.0
002471,002471.jpg,1259,430.0,1,4256.5054,6163.4653,113.2614,44.5819,0.0001,0.0123
002472,002472.jpg,640,53.7,1,2391.7488,5261.0425,100.6317,50.9289,0.0,0.0895
002473,002473.jpg,2048,1265.4,1,12572.1016,13122.5664,129.8662,43.8527,0.0042,0.0009
002474,002474.jpg,640,61.3,1,4981.5215,8989.2646,150.9731,48.2513,0.0078,0.0
002475,002475.jpg,1422,545.4,1,10311.8975,12237.3311,142.6981,40.172,0.0004,0.0007
002476,002476.jpg,640,55.5,1,5208.9043,8919.6396,111.1831,48.5105,0.0,0.0788
002477,002477.jpg,1440,363.7,1,1374.6871,2463.627,126.5507,59.8638,0.0,0.0104
002478,002478.jpg,640,27.9,1,1359.9425,3296.0737,106.9514,62.2037,0.0,0.09
002479,002479.jpg,1046,157.1,1,853.0104,2609.4583,115.9119,57.0815,0.0014,0.0055
002480,002480.jpg,640,34.0,1,1578.1531,4716.5454,104.8599,59.9922,0.0001,0.0719
002481,002481.jpg,1096,337.8,1,4639.917,7617.0532,124.3574,47.8429,0.0015,0.0
002482,002482.jpg,640,52.8,1,2894.96,6361.1074,87.3298,51.145,0.0,0.0925
002483,002483.jpg,770,132.3,1,6826.1323,6341.7788,145.5318,38.776,0.0,0.0001
002484,002484.jpg,640,29.3,1,2197.032,4056.6001,179.7216,51.4506,0.0022,0.0
002485,002485.jpg,1355,422.9,1,4039.3484,8975.3447,118.8283,58.3778,0.0007,0.0
002486,002486.jpg,640,49.0,1,3240.2312,9285.1729,126.1196,62.7097,0.0007,0.0001
002487,002487.jpg,1244,320.8,1,5084.5669,8486.248,124.2796,59.9219,0.0002,0.0
002488,002488.jpg,640,43.3,1,3134.5845,7673.0181,78.9941,57.9771,0.0,0.1819
002489,002489.jpg,1181,367.3,1,4072.0195,10098.4883,107.4132,59.0175,0.0,0.0002
002490,002490.jpg,640,56.8,1,3077.5662,10563.4775,118.3383,61.8116,0.0029,0.0
002491,002491.jpg,1235,331.1,1,2582.7791,4525.9717,131.2186,39.8487,0.0,0.0001
002492,002492.jpg,640,42.3,1,2041.0168,4817.4546,146.8418,50.5721,0.002,0.0
002493,002493.jpg,1462,461.0,1,2295.4119,6121.7173,119.0274,66.8573,0.0004,0.0079
002494,002494.jpg,640,45.4,1,2612.4409,8263.1191,164.1826,66.6063,0.1155,0.0
002495,002495.jpg,1406,426.6,1,2594.0964,5291.979,134.6447,50.926,0.0002,0.0059
002496,002496.jpg,640,46.5,1,2326.6421,5334.5698,87.282,49.4611,0.0,0.1046
002497,002497.jpg,1308,393.1,1,13805.7158,16031.2344,113.2112,52.7655,0.0,0.0006
002498,002498.jpg,1303,440.5,1,6885.8501,12262.3799,116.8234,58.5542,0.0,0.0006
002499,002499.jpg,640,57.6,1,4457.5005,10291.3809,96.6377,61.5749,0.0,0.1011
002500,002500.jpg,1384,519.5,1,7904.2729,11323.3828,138.4559,43.1705,0.0,0.0
002501,002501.jpg,640,58.5,1,4636.1143,7410.4805,83.2436,41.0351,0.0,0.0994
002502,002502.jpg,1436,696.4,1,34068.4023,30622.6172,104.979,54.9016,0.0019,0.0039
002503,002503.jpg,640,74.7,1,15874.0195,18801.1855,125.6607,55.5916,0.0153,0.0
002504,002504.jpg,1356,547.5,1,28624.7637,26430.2129,115.0683,60.2283,0.0008,0.003
002505,002505.jpg,640,57.9,1,10360.4775,13996.2529,82.9303,59.5956,0.0,0.1341
002506,002506.jpg,1198,323.7,1,2821.4014,6373.4575,125.6138,46.1555,0.0,0.0
002507,002507.jpg,640,44.5,1,3025.0461,6993.8486,168.1268,48.9212,0.0011,0.0
002508,002508.jpg,1487,489.6,1,3181.8711,5176.5029,125.8512,46.5097,0.0009,0.0001
002509,002509.jpg,640,37.3,1,1666.777,4664.3682,63.2512,42.2568,0.0,0.131
002510,002510.jpg,1261,425.4,1,5924.8945,12488.2705,94.3215,38.9916,0.0003,0.0057
002511,002511.jpg,640,45.6,1,3402.5256,9093.4717,41.8097,32.9124,0.0,0.1281
002512,002512.jpg,1242,375.8,1,2824.2278,6792.9619,124.7319,51.05,0.0005,0.0021
002513,002513.jpg,640,43.5,1,2431.2598,6314.7588,65.5148,46.6446,0.0,0.1914
002514,002514.jpg,1416,607.0,1,28880.4434,35903.8047,98.49,55.3807,0.0009,0.0019
002515,002515.jpg,640,65.4,1,12662.0596,19267.5254,43.3143,44.1892,0.0,0.1287
002516,002516.jpg,1474,475.4,1,2475.3823,3807.2786,138.7558,47.0552,0.0,0.0008
002517,002517.jpg,640,39.2,1,1751.9727,4473.3296,115.2723,54.524,0.0,0.0784
002518,002518.jpg,1381,397.1,1,18073.7617,19966.0547,157.8745,65.2079,0.0,0.0065
002519,002519.jpg,640,46.4,1,7897.8389,11849.2773,150.3409,69.8665,0.0,0.0783
002520,002520.jpg,1109,311.8,1,3835.573,8186.0796,126.1684,54.5125,0.0,0.0012
002521,002521.jpg,640,50.5,1,3822.4294,8645.8203,175.9962,57.5008,0.0537,0.0
002522,002522.jpg,1387,428.6,1,3500.4856,6733.668,139.1389,49.2994,0.0001,0.0
002523,002523.jpg,640,43.3,1,2766.6375,6410.1523,168.871,54.198,0.0527,0.0
002524,002524.jpg,1473,460.2,1,4018.7229,6234.5332,136.2172,58.63,0.0,0.005
002525,002525.jpg,640,40.5,1,2046.9424,5625.5151,154.474,67.1475,0.0152,0.0
002526,002526.jpg,1296,306.7,1,999.5239,2485.9795,127.0325,55.0576,0.0,0.0
002527,002527.jpg,640,31.5,1,1433.7284,3774.8782,175.146,54.1215,0.0082,0.0
002528,002528.jpg,1326,499.4,1,13320.2979,19417.7949,136.7062,62.6763,0.0,0.0002
002529,002529.jpg,640,54.4,1,6126.0718,12430.0195,183.914,64.5846,0.2421,0.0
002530,002530.jpg,1478,578.5,1,10003.1299,18060.0957,130.4523,62.9271,0.0,0.0015
002531,002531.jpg,640,57.2,1,5943.5889,16107.625,134.6753,64.592,0.0,0.002
002532,002532.jpg,1231,337.0,1,5763.2534,7269.1836,123.0138,65.0798,0.0001,0.0005
002533,002533.jpg,640,38.4,1,2413.6079,5031.1094,167.6068,64.7282,0.1374,0.0
002534,002534.jpg,1341,428.9,1,5790.4312,7996.4917,125.8226,54.2455,0.0001,0.0077
002535,002535.jpg,640,50.5,1,3496.1348,6740.9062,109.0757,59.9765,0.0,0.1015
002536,002536.jpg,1484,656.8,1,42037.2383,31761.5098,147.2961,58.0699,0.0004,0.0074
002537,002537.jpg,640,63.1,1,11384.7373,13619.2559,176.4373,58.2246,0.0108,0.0
002538,002538.jpg,1412,611.8,1,30104.5938,28580.4766,131.5543,49.3091,0.0002,0.0018
002539,002539.jpg,640,60.7,1,10129.0566,13778.6113,187.3456,51.5567,0.0803,0.0
002540,002540.jpg,1471,624.9,1,34052.2461,38743.4492,129.5728,63.9747,0.0001,0.0026
002541,002541.jpg,640,56.8,1,22685.2871,25762.6973,174.3456,60.96,0.2281,0.0
002542,002542.jpg,1433,500.7,1,4877.1362,8528.8604,122.8453,59.7252,0.0,0.0
002543,002543.jpg,640,48.0,1,2683.7075,7409.9863,95.3476,62.9374,0.0,0.1437
002544,002544.jpg,1263,662.3,1,21149.9434,24544.1621,114.0061,56.4783,0.0013,0.0001
002545,002545.jpg,640,80.3,1,8069.8306,14519.6309,132.2063,57.7869,0.0124,0.0
002546,002546.jpg,1309,603.6,1,25104.6719,38822.2227,119.8692,57.9549,0.0,0.0003
002547,002547.jpg,640,68.6,1,15133.3838,23088.1973,142.6436,59.984,0.0255,0.0
002548,002548.jpg,2048,1180.0,1,11521.9375,13808.4658,129.8537,54.5518,0.0002,0.0041
002549,002549.jpg,640,53.4,1,5320.8423,10340.0303,149.1691,58.6616,0.0077,0.0
002550,002550.jpg,1253,360.5,1,3661.626,6900.0059,121.0272,54.331,0.0001,0.0004
002551,002551.jpg,640,43.4,1,2373.5408,6462.1519,84.873,51.7403,0.0,0.1044
002552,002552.jpg,1202,371.1,1,6686.0444,12249.5107,119.5898,56.3353,0.0001,0.0
002553,002553.jpg,640,53.1,1,4330.2861,9974.8145,125.8393,62.4857,0.0003,0.0
002554,002554.jpg,1307,373.5,1,9042.417,10073.6221,128.027,44.2041,0.0001,0.0
002555,002555.jpg,640,45.7,1,3790.6985,6727.6025,159.3354,48.542,0.0349,0.0
002556,002556.jpg,1465,569.1,1,6372.2866,8294.3311,114.5844,49.4193,0.0004,0.0
002557,002557.jpg,640,54.0,1,2959.0752,6812.5195,151.7159,52.2137,0.0147,0.0
002558,002558.jpg,1171,332.9,1,8985.417,15215.4639,137.0027,53.8517,0.0,0.0021
002559,002559.jpg,640,60.6,1,5443.0044,11594.2871,92.5782,53.683,0.0,0.1234
002560,002560.jpg,1403,539.8,1,30692.7559,28325.791,139.6381,60.9412,0.0005,0.0128
002561,002561.jpg,640,62.8,1,10799.3867,14682.9248,127.9939,66.1074,0.0,0.1083
002562,002562.jpg,1377,551.9,1,16212.6494,17314.498,135.2293,56.4329,0.0002,0.0001
002563,002563.jpg,640,63.3,1,6014.5005,12223.6387,107.4129,58.6525,0.0,0.0939
002564,002564.jpg,1447,683.6,1,31529.3574,35855.1289,120.7521,58.7988,0.0002,0.0032
002565,002565.jpg,640,72.4,1,13132.0879,19370.3828,94.2044,56.8801,0.0,0.1108
002566,002566.jpg,1351,422.7,1,7041.8276,12242.5889,111.5356,60.0253,0.0013,0.0
002567,002567.jpg,640,44.1,1,4140.6948,8238.8408,150.6746,60.6301,0.0512,0.0
002568,002568.jpg,1221,312.7,1,2255.0588,2822.4746,112.7004,52.8674,0.0002,0.0032
002569,002569.jpg,640,36.0,1,1216.0885,3296.5234,152.6939,58.5734,0.0297,0.0
002570,002570.jpg,1473,497.8,1,9630.2354,10231.8193,125.6217,59.7159,0.0002,0.0
002571,002571.jpg,640,49.8,1,4079.114,8354.2275,130.3749,65.6779,0.0037,0.0
002572,002572.jpg,1464,565.8,1,16920.8184,19129.0547,118.6805,64.2371,0.0024,0.0008
002573,002573.jpg,640,62.4,1,6740.1719,11912.3477,140.8045,66.663,0.0695,0.0
002574,002574.jpg,1304,545.6,1,28199.5684,27665.8574,135.543,61.5375,0.0001,0.0005
002575,002575.jpg,640,70.1,1,11930.8574,17336.1934,136.0029,61.3969,0.0013,0.0244
002576,002576.jpg,1458,583.1,1,17634.877,15759.2139,133.193,63.0003,0.0001,0.0
002577,002577.jpg,640,54.8,1,6097.561,9317.958,170.5373,65.931,0.1252,0.0
002578,002578.jpg,1322,492.9,1,11624.6006,15365.0781,136.2642,61.0982,0.0,0.0035
002579,002579.jpg,640,54.1,1,5486.1392,11769.6602,99.1954,65.1202,0.0,0.1309
002580,002580.jpg,1015,263.7,1,14063.9668,24571.5781,136.2512,63.334,0.0027,0.0032
002581,002581.jpg,640,60.9,1,7430.6938,15617.3486,92.243,64.0219,0.0,0.1486
002582,002582.jpg,1501,465.6,1,4475.438,6919.6079,126.4545,63.7607,0.0012,0.0121
002583,002583.jpg,640,43.3,1,2686.833,6562.2505,154.4838,68.4692,0.1388,0.0
002584,002584.jpg,903,163.4,1,8980.9004,9602.957,140.011,53.1534,0.0002,0.0001
002585,002585.jpg,640,43.2,1,3129.9175,7336.0288,150.7427,58.6647,0.0084,0.0
002586,002586.jpg,1109,350.3,1,18149.0645,23451.8809,109.6619,50.9568,0.0,0.0003
002587,002587.jpg,640,59.8,1,9428.7598,15336.5029,80.2622,49.2244,0.0,0.0613
002588,002588.jpg,1405,429.1,1,11143.833,13293.9727,130.1724,71.4215,0.0004,0.0107
002589,002589.jpg,640,47.3,1,7585.2783,10577.8584,71.5466,58.0993,0.0,0.2686
002590,002590.jpg,1385,500.5,1,21647.582,19017.5312,119.6897,68.4357,0.0004,0.0205
002591,002591.jpg,640,52.1,1,7911.0562,12511.6748,129.5254,68.9896,0.0088,0.0
002592,002592.jpg,1355,480.0,1,14396.9326,16862.5371,127.6665,70.0214,0.0004,0.0091
002593,002593.jpg,640,52.4,1,5784.5967,10254.2607,162.8584,71.0958,0.1531,0.0
002594,002594.jpg,1356,458.3,1,25753.1719,21955.5762,135.9732,64.95,0.0001,0.0051
002595,002595.jpg,640,53.0,1,8776.582,15699.0703,128.2685,68.1337,0.0001,0.0755
002596,002596.jpg,1255,409.6,1,17333.127,16758.6074,126.2976,65.6746,0.0,0.0022
002597,002597.jpg,640,53.6,1,6234.46,11010.5049,107.2274,67.4477,0.0,0.1133
002598,002598.jpg,1344,448.2,1,17156.8242,16708.4355,115.9383,62.3739,0.0,0.0
002599,002599.jpg,640,52.8,1,6460.5596,12168.1934,143.5536,63.5845,0.0066,0.0
002600,002600.jpg,1294,401.4,1,3376.7156,6983.936,132.0204,57.9083,0.0011,0.0047
002601,002601.jpg,640,52.2,1,2600.9768,7827.3755,123.986,62.8988,0.0002,0.0672
002602,002602.jpg,1255,406.1,1,22712.4512,24482.0664,126.9437,70.0382,0.0,0.0119
002603,002603.jpg,640,53.5,1,9043.9736,13555.0596,78.3493,63.5629,0.0,0.2658
002604,002604.jpg,1109,454.5,1,26927.832,53721.3516,100.3246,72.679,0.0011,0.0004
002605,002605.jpg,640,73.2,1,20851.4766,37330.3555,59.0333,62.0865,0.0,0.178
002606,002606.jpg,993,325.9,1,60330.3203,39704.2695,118.9071,59.371,0.001,0.0005
002607,002607.jpg,640,68.1,1,11391.2725,18364.3828,102.3765,54.9915,0.0,0.0329
002608,002608.jpg,2048,719.9,1,4910.8271,6122.6147,128.2002,65.7601,0.001,0.0074
002609,002609.jpg,640,41.2,1,1967.4347,5795.1074,169.9308,67.6781,0.2559,0.0
002610,002610.jpg,640,47.9,1,1804.2683,4925.9043,136.2899,56.779,0.0105,0.0
002611,002611.jpg,1215,333.0,1,11218.3799,10395.1709,137.1896,57.5644,0.0005,0.0
002612,002612.jpg,640,49.5,1,6256.9893,8850.9561,123.067,64.1704,0.0,0.0756
002613,002613.jpg,1411,385.3,1,3941.9021,9670.8896,139.3635,63.6274,0.0003,0.0148
002614,002614.jpg,640,47.1,1,5517.4375,12664.5234,134.2272,66.7224,0.0001,0.0475
002615,002615.jpg,1436,404.5,1,6671.2515,7875.2612,124.6343,62.6308,0.0001,0.0034
002616,002616.jpg,640,43.4,1,2962.6318,6939.752,89.1522,62.8793,0.0,0.1361
002617,002617.jpg,1358,481.7,1,16886.5605,21937.0156,125.1596,56.8758,0.0001,0.0
002618,002618.jpg,640,57.8,1,7852.0449,14813.9941,84.76,56.5457,0.0,0.0981
002619,002619.jpg,1416,426.4,1,4897.9536,7997.5977,128.6637,61.3976,0.0001,0.0014
002620,002620.jpg,640,44.2,1,2738.9087,6966.9502,67.6159,52.9119,0.0,0.2289
002621,002621.jpg,1401,281.5,1,964.7426,2273.3777,123.9937,36.516,0.0,0.0
002622,002622.jpg,640,29.0,1,1016.1211,2471.1887,74.4766,37.636,0.0,0.0718
002623,002623.jpg,1221,358.6,1,7906.5142,9250.1045,125.4718,49.6215,0.0,0.0
002624,002624.jpg,640,46.2,1,3743.3013,6972.8936,80.0641,48.0868,0.0,0.0675
002625,002625.jpg,1270,311.6,1,8590.1221,13140.0566,147.3423,59.0909,0.0004,0.0061
002626,002626.jpg,640,42.1,1,4868.7075,9980.291,197.482,64.2606,0.2374,0.0
002627,002627.jpg,1204,368.4,1,5683.3091,15723.1719,130.5851,58.8207,0.0001,0.0066
002628,002628.jpg,640,58.5,1,7686.3877,18624.6406,110.136,58.8798,0.0,0.0629
002629,002629.jpg,1460,613.8,1,8883.5391,13085.4766,101.855,46.3777,0.0011,0.0
002630,002630.jpg,640,58.2,1,5308.52,11018.6338,101.6435,48.0986,0.0012,0.0364
002631,002631.jpg,1367,560.9,1,20739.1348,30096.9707,117.5687,62.3184,0.0012,0.0043
002632,002632.jpg,640,70.4,1,11037.7275,19736.7637,159.8209,65.1388,0.04,0.0
002633,002633.jpg,1342,516.7,1,16883.4902,18843.5254,118.1771,51.7093,0.0007,0.0016
002634,002634.jpg,640,60.0,1,6990.5098,11828.7285,96.1352,51.7794,0.0,0.0666
002635,002635.jpg,1330,600.2,1,23412.0879,26038.7344,125.0021,51.7356,0.0003,0.0005
002636,002636.jpg,640,62.4,1,10788.8008,15396.666,142.9801,52.0809,0.0013,0.0
002637,002637.jpg,1338,622.4,1,31785.9395,33746.1562,113.1498,62.3254,0.0011,0.018
002638,002638.jpg,640,70.9,1,12409.5566,20829.0645,103.765,61.8418,0.0002,0.0825
002639,002639.jpg,1392,490.2,1,4177.8379,9798.4883,109.2038,47.8167,0.0005,0.0001
002640,002640.jpg,640,55.1,1,3187.9946,8980.2148,63.5647,41.9252,0.0,0.0507
002641,002641.jpg,1294,457.7,1,18663.4844,29185.873,123.2197,64.0777,0.0003,0.0033
002642,002642.jpg,640,64.6,1,10999.916,20589.0547,76.7558,59.1485,0.0,0.0794
002643,002643.jpg,1312,455.5,1,11916.3867,25701.9473,123.0485,70.1602,0.0005,0.0076
002644,002644.jpg,640,53.1,1,8774.7637,19995.1895,94.6912,71.2071,0.0,0.1313
002645,002645.jpg,1230,409.4,1,17408.0254,17950.9941,150.2394,47.5594,0.0002,0.0
002646,002646.jpg,640,58.1,1,6860.2886,10400.4629,116.2327,50.326,0.0,0.0627
002647,002647.jpg,1251,320.7,1,6788.1484,8983.8174,128.8128,61.1921,0.0003,0.0067
002648,002648.jpg,640,40.2,1,3763.0779,7874.8926,138.7563,65.3683,0.01,0.0
002649,002649.jpg,1250,277.8,1,3667.624,10487.2773,116.4537,53.7373,0.0,0.0005
002650,002650.jpg,640,49.8,1,3752.8032,12459.6299,127.3666,59.7238,0.0057,0.0
002651,002651.jpg,1345,523.2,1,4352.0469,8196.2559,128.4774,58.6165,0.0001,0.0118
002652,002652.jpg,640,60.0,1,3102.9553,8341.1172,149.7031,64.336,0.0151,0.0
002653,002653.jpg,2048,809.6,1,38872.1836,47993.5625,132.6802,72.049,0.0005,0.0004
002654,002654.jpg,640,72.6,1,19297.5723,28714.5703,158.2818,74.4302,0.1042,0.0
002655,002655.jpg,1876,411.0,1,459.4386,1677.3943,137.0499,51.5919,0.0,0.0049
002656,002656.jpg,640,27.7,1,1010.3391,2830.7207,87.5809,54.4434,0.0,0.098
002657,002657.jpg,1079,325.9,1,12004.4648,18673.6191,137.5348,44.4753,0.0001,0.0
002658,002658.jpg,640,61.7,1,6630.3145,14237.1963,156.4707,51.1822,0.009,0.0
002659,002659.jpg,1217,316.7,1,19998.3984,19566.7051,138.2122,67.3371,0.0002,0.0003
002660,002660.jpg,640,49.2,1,13258.7725,15903.0586,99.9198,62.9279,0.0,0.0914
002661,002661.jpg,1390,559.2,1,21566.3438,19818.3848,133.0801,57.8812,0.0002,0.0036
002662,002662.jpg,640,61.6,1,7883.0464,13793.9863,109.4771,57.3307,0.0,0.0491
002663,002663.jpg,1451,506.0,1,11925.2334,17694.9766,141.8524,61.6189,0.0,0.0104
002664,002664.jpg,640,51.3,1,7730.9307,14056.54,157.3728,67.3838,0.0052,0.0
002665,002665.jpg,1154,241.7,1,6253.3862,12357.668,165.394,41.8918,0.0001,0.0
002666,002666.jpg,640,36.9,1,5395.6724,11373.6279,164.5729,57.2227,0.0003,0.0008
002667,002667.jpg,1406,473.9,1,9190.7998,11315.8994,135.6098,67.0401,0.0003,0.018
002668,002668.jpg,640,51.8,1,4693.5142,10509.6924,159.4065,71.4358,0.047,0.0
002669,002669.jpg,1278,336.8,1,3291.6257,7363.8208,133.0864,64.3173,0.0005,0.0007
002670,002670.jpg,1472,317.3,1,1114.202,3545.4973,123.5449,52.6196,0.002,0.0
002671,002671.jpg,1495,514.7,1,22223.9512,21935.998,145.7706,67.979,0.0,0.0051
002672,002672.jpg,640,53.6,1,8540.1084,11477.1592,115.0792,69.7548,0.0,0.1753
002673,002673.jpg,1220,278.1,1,1109.1562,2311.3528,125.8818,62.7223,0.0003,0.0
002674,002674.jpg,640,36.4,1,877.6278,2902.2153,82.4869,56.9315,0.0,0.1513
002675,002675.jpg,1294,384.2,1,3500.3125,7574.6206,144.8784,67.5524,0.0,0.0002
002676,002676.jpg,640,41.9,1,2702.8804,7821.0693,95.4582,64.4848,0.0,0.124
002677,002677.jpg,1461,370.7,1,823.0606,2054.9316,130.5107,44.9961,0.0,0.0
002678,002678.jpg,640,40.7,1,1015.5642,3291.0613,67.1304,45.2526,0.0,0.1173
002679,002679.jpg,1179,326.4,1,6399.2422,11507.3721,133.255,56.8209,0.0,0.0001
002680,002680.jpg,1242,328.0,1,3781.5879,9001.9355,139.2784,71.7691,0.0007,0.0
002681,002681.jpg,1332,431.7,1,13982.7861,16180.0713,137.0107,55.1832,0.0005,0.0015
002682,002682.jpg,640,51.6,1,6035.8608,10218.624,128.4085,64.0908,0.0001,0.0908
002683,002683.jpg,1489,386.8,1,807.9203,2379.4199,130.4477,58.0556,0.0,0.0013
002684,002684.jpg,640,40.9,1,1556.7985,4570.8354,154.1684,63.774,0.0233,0.0
002685,002685.jpg,1353,511.1,1,22012.1875,28531.2656,137.9312,57.6647,0.0015,0.002
002686,002686.jpg,1252,310.1,1,3610.5618,7687.5918,156.1536,51.2136,0.0,0.0017
002687,002687.jpg,2048,571.4,1,4026.7976,6815.6875,138.8493,52.2236,0.0012,0.0006
002688,002688.jpg,1497,634.2,1,31928.4609,32362.6523,145.5838,54.6609,0.0009,0.0088
002689,002689.jpg,1374,310.2,1,1697.2069,3750.595,145.0627,59.1285,0.0004,0.0021
002690,002690.jpg,1296,284.0,1,1219.0245,3128.3235,141.3105,60.3607,0.0002,0.017
002691,002691.jpg,1271,561.6,1,18012.375,18521.9062,129.5988,63.4162,0.002,0.0018
002692,002692.jpg,640,66.9,1,7152.3242,13196.9717,118.1002,66.6789,0.0007,0.0687
002693,002693.jpg,1354,420.7,1,3689.9131,6621.9956,131.6625,63.6172,0.0,0.01
002694,002694.jpg,640,47.4,1,2644.9255,8230.0156,127.649,65.7419,0.0,0.0382
002695,002695.jpg,1272,525.9,1,18322.1504,20127.4668,120.2917,58.0586,0.0006,0.0017
002696,002696.jpg,1328,516.9,1,18456.9902,26128.5527,141.1368,58.2567,0.0008,0.0008
002697,002697.jpg,1477,559.1,1,6818.811,10431.8857,114.9045,61.7248,0.0,0.0064
002698,002698.jpg,1213,404.3,1,6346.8325,10500.6182,133.6144,55.4738,0.0,0.0006
002699,002699.jpg,1455,519.8,1,5779.4355,12589.6543,136.6762,65.4702,0.0006,0.0045
002700,002700.jpg,640,58.6,1,5037.6455,13943.1963,164.1301,68.6013,0.0422,0.0
002701,002701.jpg,1109,390.0,1,17239.9512,24243.4648,123.1696,56.2129,0.0,0.0006
002702,002702.jpg,640,64.8,1,9441.5723,15047.1504,92.5176,55.9969,0.0,0.0949
002703,002703.jpg,1264,495.9,1,11519.3682,16524.998,110.6396,52.3007,0.0,0.0007
002704,002704.jpg,640,62.9,1,4541.4023,9888.585,49.5366,42.4319,0.0,0.166
002705,002705.jpg,1504,580.0,1,16792.7988,21850.5918,149.9939,54.2224,0.0006,0.0046
002706,002706.jpg,640,58.3,1,7344.3633,13251.3301,94.4571,52.5419,0.0,0.0821
002707,002707.jpg,1226,297.4,1,5425.9854,11322.0498,84.717,57.7139,0.0,0.0027
002708,002708.jpg,640,49.1,1,3748.7012,9206.8164,143.519,55.501,0.0798,0.0
002709,002709.jpg,1509,612.3,1,7152.6475,17845.1914,115.3608,60.8568,0.0001,0.0
002710,002710.jpg,640,73.4,1,6251.8462,19999.6777,120.4585,63.448,0.0025,0.0002
002711,002711.jpg,1211,413.5,1,7647.8188,14342.9766,123.4037,50.7188,0.0,0.0001
002712,002712.jpg,640,63.3,1,5050.8315,13737.4785,111.4532,55.6045,0.0,0.0648
002713,002713.jpg,1235,311.3,1,1134.6382,3538.7297,111.4567,44.2665,0.0,0.0003
002714,002714.jpg,640,39.3,1,1721.0732,4986.8848,74.0773,44.2493,0.0,0.0836
002715,002715.jpg,1440,488.5,1,15990.8047,18289.8652,128.605,49.9946,0.0003,0.0
002716,002716.jpg,640,53.5,1,7028.2163,11579.957,90.8602,50.1393,0.0,0.1161
002717,002717.jpg,1464,645.1,1,7474.7129,11965.1611,113.0516,45.8964,0.0,0.0031
002718,002718.jpg,1426,322.9,1,1291.7045,2346.4954,113.9366,62.4327,0.0,0.003
002719,002719.jpg,1328,358.2,1,4545.4185,6067.8892,127.727,59.8606,0.0,0.001
002720,002720.jpg,640,43.8,1,3233.7478,6512.8242,126.9606,65.7116,0.0027,0.0002
002721,002721.jpg,1319,374.9,1,14268.2695,15874.7031,140.6022,57.2007,0.0002,0.0024
002722,002722.jpg,640,49.6,1,6959.46,10670.6953,160.3262,61.2394,0.043,0.0
002723,002723.jpg,2073,573.1,1,956.7612,2438.6687,109.6437,57.662,0.0,0.0014
002724,002724.jpg,640,31.0,1,2140.1321,4510.6265,102.212,61.6257,0.0,0.0607
002725,002725.jpg,1016,293.9,1,4883.6416,6698.9307,111.684,54.7182,0.0117,0.0
002726,002726.jpg,1493,468.0,1,2094.5818,4854.1191,113.8785,57.3573,0.0055,0.0112
002727,002727.jpg,640,46.9,1,1819.4907,5769.6934,79.2898,58.149,0.0,0.1217
002728,002728.jpg,1342,388.4,1,11400.7188,13177.0117,136.5745,61.8896,0.0,0.0053
002729,002729.jpg,640,50.4,1,5135.5732,8893.9424,163.7907,66.1947,0.0256,0.0
002730,002730.jpg,1135,219.1,1,1570.2859,4299.062,120.2942,61.3864,0.0406,0.0035
002731,002731.jpg,1334,401.9,1,16263.2148,23350.7188,135.6974,66.016,0.0002,0.0291
002732,002732.jpg,2048,1383.7,1,37505.957,24670.9707,131.726,48.6733,0.0038,0.0045
002733,002733.jpg,640,71.0,1,8577.4824,13137.0342,165.7489,52.1076,0.0184,0.0
002734,002734.jpg,2048,763.9,1,3637.1992,8202.0244,125.5987,63.7838,0.0004,0.0062
002735,002735.jpg,640,50.6,1,2617.2776,8669.9424,107.7677,66.4663,0.0,0.1376
002736,002736.jpg,1332,462.4,1,26050.8027,22667.2129,136.7688,61.9699,0.0002,0.0105
002737,002737.jpg,1287,497.1,1,32370.9082,36970.3711,148.0166,56.2007,0.0,0.0026
002738,002738.jpg,1258,423.9,1,15432.9609,20095.6328,107.2175,64.4139,0.0,0.0015
002739,002739.jpg,1355,452.5,1,8100.8062,9270.501,99.0719,57.8092,0.0,0.0208
002740,002740.jpg,1347,470.1,1,9916.3154,15074.1328,146.632,60.9185,0.0002,0.0035
002741,002741.jpg,640,59.6,1,5477.6055,11871.585,188.8745,62.9633,0.2324,0.0
002742,002742.jpg,1227,338.5,1,19089.7246,17010.9707,116.1298,71.7198,0.0,0.0
002743,002743.jpg,640,51.2,1,6220.4438,10748.875,158.3168,69.8533,0.1682,0.0
002744,002744.jpg,1221,396.0,1,5499.4937,10247.2412,103.5008,46.4592,0.0,0.0
002745,002745.jpg,871,174.6,1,3896.6138,6683.5229,124.3539,49.0066,0.0,0.0008
002746,002746.jpg,1125,271.4,1,5789.1348,11033.2178,111.66,57.234,0.0,0.0
002747,002747.jpg,640,38.3,1,5152.1748,8873.0771,119.5596,61.2425,0.0,0.0001
002748,002748.jpg,1386,318.0,1,5937.8242,8053.771,116.9979,70.6495,0.0005,0.0193
002749,002749.jpg,1134,240.2,1,993.095,2880.0051,90.0402,58.5746,0.0,0.0079
002750,002750.jpg,1244,417.2,1,5206.8574,13416.3828,110.3478,57.263,0.0007,0.0
002751,002751.jpg,1300,294.5,1,5916.4897,11248.208,155.1761,62.9373,0.0019,0.0
002752,002752.jpg,1376,427.1,1,4054.9038,10104.9736,144.0811,55.8511,0.0,0.0002
002753,002753.jpg,640,53.7,1,3537.8818,12210.5479,159.6669,62.4515,0.0035,0.0
002754,002754.jpg,2048,1048.6,1,21069.5488,25047.8145,128.8206,60.3926,0.0007,0.0029
002755,002755.jpg,960,276.8,1,40074.707,29117.8516,163.5237,55.9065,0.0006,0.0123
002756,002756.jpg,640,61.8,1,12096.7598,14984.7861,148.8287,58.4564,0.0,0.0594
002757,002757.jpg,882,199.8,1,34874.207,22323.5039,126.0328,47.3405,0.0,0.0
002758,002758.jpg,640,57.5,1,6509.248,10274.6934,107.2775,49.3818,0.0,0.0566
002759,002759.jpg,1402,484.5,1,11715.8486,14501.8408,121.483,67.2618,0.0,0.03
002760,002760.jpg,640,57.8,1,6975.6582,12301.1289,158.3623,68.4106,0.106,0.0
002761,002761.jpg,1223,456.7,1,34099.8242,48131.0859,171.0184,55.2466,0.0,0.0002
002762,002762.jpg,640,71.0,1,18577.7617,29745.875,149.1915,55.4295,0.0,0.0411
002763,002763.jpg,1112,166.9,1,1183.3341,2452.4192,124.4702,61.1827,0.0002,0.0
002764,002764.jpg,640,33.0,1,1610.1025,4023.6248,157.84,64.7027,0.1302,0.0
002765,002765.jpg,1024,177.4,1,2063.3835,5039.6523,146.6294,72.9164,0.0009,0.0251
002766,002766.jpg,640,35.0,1,1746.1429,5688.3936,181.1359,75.0483,0.2429,0.0
002767,002767.jpg,1076,296.0,1,4990.3477,8352.5547,95.7832,62.3607,0.0,0.007
002768,002768.jpg,640,48.3,1,2498.9966,6604.1655,147.7784,60.8825,0.071,0.0
002769,002769.jpg,840,183.8,1,4447.5781,10888.7539,106.0373,61.1805,0.0,0.0185
002770,002770.jpg,1034,262.6,1,6183.7026,8532.6904,113.4169,54.6244,0.003,0.0016
002771,002771.jpg,640,50.6,1,2968.8413,6624.1025,66.8864,49.7189,0.0,0.1461
002772,002772.jpg,556,109.0,1,19768.541,27284.7363,139.7045,50.5955,0.0071,0.0
002773,002773.jpg,640,51.0,1,4680.8813,15081.9453,114.6834,56.0778,0.0,0.0797
002774,002774.jpg,1024,300.1,1,16423.7598,18007.1875,119.099,62.7901,0.0006,0.001
002775,002775.jpg,640,59.5,1,5021.9092,12373.8721,117.2497,66.7797,0.0004,0.073
002776,002776.jpg,1024,231.2,1,5931.332,6173.6353,132.2588,59.7864,0.0002,0.0004
002777,002777.jpg,640,47.7,1,1957.771,5336.4004,120.6223,65.064,0.0,0.0744
002778,002778.jpg,898,198.2,1,20713.5117,18251.6055,131.2225,61.6788,0.0,0.0112
002779,002779.jpg,640,53.1,1,4617.0454,10302.123,106.1371,65.4263,0.0,0.1124
002780,002780.jpg,1029,272.1,1,9106.9004,9527.5166,123.3969,58.7919,0.0,0.0003
002781,002781.jpg,640,52.5,1,3571.9932,8549.3203,139.6226,62.8718,0.0128,0.0
002782,002782.jpg,1014,286.8,1,24105.0918,31240.1699,172.9176,52.5766,0.0007,0.0
002783,002783.jpg,640,51.4,1,8610.3662,14404.5596,213.6184,59.2707,0.4379,0.0
002784,002784.jpg,960,357.2,1,37020.1211,30321.5391,157.4449,45.1127,0.0004,0.0015
002785,002785.jpg,640,62.9,1,7953.7388,12082.7803,203.3987,55.0252,0.1666,0.0
002786,002786.jpg,846,242.5,1,16933.5449,14230.5215,143.5436,54.2793,0.0,0.0
002787,002787.jpg,640,50.5,1,3184.7019,5861.0483,81.4459,50.8273,0.0,0.1137
002788,002788.jpg,2000,987.7,1,11978.8945,14505.5166,123.0495,65.7726,0.002,0.0068
002789,002789.jpg,640,62.3,1,8776.9688,11763.9717,85.0485,63.8058,0.0,0.1824
002790,002790.jpg,733,158.4,1,7300.3125,8246.417,137.136,51.6475,0.0028,0.0
002791,002791.jpg,640,45.6,1,1710.3247,4752.9419,182.7106,60.8874,0.1635,0.0
002792,002792.jpg,705,127.2,1,11412.1514,16381.084,144.9938,68.2657,0.0012,0.0
002793,002793.jpg,1341,336.8,1,1260.2239,3818.7283,112.3682,53.1154,0.0,0.0
002794,002794.jpg,640,50.2,1,1343.6512,4968.6899,86.1437,56.5773,0.0,0.0831
002795,002795.jpg,975,186.9,1,4512.5127,7430.041,139.2535,58.8896,0.0014,0.0002
002796,002796.jpg,640,44.2,1,2053.2463,6848.6377,94.419,59.5511,0.0,0.1188
002797,002797.jpg,1138,317.8,1,4760.7905,8544.5156,132.7677,62.9183,0.0033,0.0162
002798,002798.jpg,640,53.0,1,3237.8267,9537.4854,99.4393,66.3738,0.0,0.1648
002799,002799.jpg,1084,241.3,1,2430.6372,6704.8984,118.9105,58.5478,0.0002,0.0
002800,002800.jpg,640,53.1,1,2283.7876,7792.25,101.0732,59.6208,0.0,0.0305
002801,002801.jpg,1008,338.3,1,13429.2275,15496.2275,125.9516,50.7942,0.0012,0.0026
002802,002802.jpg,640,59.4,1,4507.4492,8844.751,81.5518,49.1451,0.0,0.1085
002803,002803.jpg,1021,169.7,1,4569.2529,4531.7271,132.0299,68.0373,0.0004,0.0143
002804,002804.jpg,640,28.8,1,2150.9109,4599.686,170.9953,70.8522,0.1161,0.0
002805,002805.jpg,2048,827.6,1,22899.0879,27581.3887,122.8954,58.3878,0.0015,0.0
002806,002806.jpg,640,57.1,1,9532.0508,16567.3438,77.3385,56.1958,0.0,0.1004
002807,002807.jpg,1207,350.0,1,6864.8892,11347.6797,134.3374,60.3543,0.0,0.0094
002808,002808.jpg,640,46.7,1,5290.666,9329.6973,73.8998,56.0838,0.0,0.1465
002809,002809.jpg,1266,598.9,1,11778.0791,15678.0664,115.198,59.1261,0.0006,0.0115
002810,002810.jpg,640,67.3,1,5495.313,12541.4004,114.6568,60.6274,0.0008,0.0424
002811,002811.jpg,1308,316.1,1,3463.8606,6030.7544,139.152,61.2885,0.0001,0.0293
002812,002812.jpg,640,46.1,1,2462.0737,6169.2437,117.4608,63.0566,0.0,0.0946
002813,002813.jpg,991,205.9,1,3355.2007,5736.5879,123.3949,58.7179,0.0,0.0099
002814,002814.jpg,640,50.5,1,2020.9954,6398.7314,87.7162,59.4019,0.0,0.1452
002815,002815.jpg,1022,311.4,1,40063.7812,40044.5352,143.3713,70.3851,0.0028,0.006
002816,002816.jpg,640,64.5,1,11279.8184,21292.3848,120.1638,70.6917,0.0,0.079
002817,002817.jpg,1035,303.1,1,7504.8989,7566.8608,115.6409,57.331,0.0036,0.0001
002818,002818.jpg,1321,431.3,1,5756.0234,6615.6235,114.8469,58.699,0.0,0.0311
002819,002819.jpg,640,43.3,1,2965.665,6485.4258,145.9343,63.5449,0.0419,0.0
002820,002820.jpg,1137,420.5,1,13254.4541,12940.1699,116.0949,57.2423,0.0,0.0112
002821,002821.jpg,640,52.7,1,5115.167,9334.3184,103.6763,58.9577,0.0,0.0643
002822,002822.jpg,1242,456.5,1,10623.6211,12720.7188,133.1632,59.2797,0.0,0.0109
002823,002823.jpg,640,50.5,1,4366.7363,7616.4985,76.7502,56.5407,0.0,0.1545
002824,002824.jpg,1128,209.3,1,2212.3152,3912.3335,121.8522,42.2899,0.0,0.0177
002825,002825.jpg,640,37.3,1,1670.0392,3727.0737,78.1444,44.6751,0.0,0.1299
002826,002826.jpg,1178,363.9,1,2879.1799,5138.9414,107.0438,67.0209,0.0097,0.0031
002827,002827.jpg,640,42.6,1,2347.6777,6268.3125,76.0294,63.6339,0.0,0.2544
002828,002828.jpg,1051,236.6,1,4240.1255,6009.041,130.5342,69.212,0.0005,0.0013
002829,002829.jpg,640,42.1,1,4282.1362,6519.832,163.7594,69.8124,0.1454,0.0
002830,002830.jpg,1298,304.0,1,2693.9375,5155.4146,116.5061,71.6865,0.0005,0.006
002831,002831.jpg,640,40.4,1,2678.4475,5849.8525,109.0612,72.0175,0.0,0.0769
002832,002832.jpg,1107,298.6,1,5810.2466,7814.8901,100.3823,56.4794,0.0025,0.0026
002833,002833.jpg,640,47.7,1,3642.9988,7044.1611,108.9581,59.5631,0.0048,0.0
002834,002834.jpg,967,236.2,1,4540.6108,6162.9775,105.7826,61.1818,0.0001,0.0023
002835,002835.jpg,640,47.9,1,2954.3682,6573.9648,147.0882,61.7255,0.031,0.0
002836,002836.jpg,848,215.1,1,13194.9814,25428.334,113.129,73.804,0.0,0.0161
002837,002837.jpg,960,191.5,1,8121.7344,10888.2822,124.4408,63.5076,0.0002,0.0135
002838,002838.jpg,640,46.6,1,3941.9082,8068.7363,153.9738,65.9856,0.0851,0.0
002839,002839.jpg,1188,189.5,1,1032.0426,3525.6443,119.2864,63.9777,0.014,0.0191
002840,002840.jpg,640,34.0,1,1149.6709,3979.2656,61.4802,56.0932,0.0,0.26
002841,002841.jpg,1039,209.2,1,2507.6714,4786.1377,114.0107,68.5603,0.0016,0.001
002842,002842.jpg,640,36.2,1,1954.2312,4671.2373,70.7752,63.9195,0.0,0.2346
002843,002843.jpg,1101,227.5,1,4405.9116,7210.6245,111.7792,60.7679,0.0,0.0
002844,002844.jpg,640,40.6,1,2811.1782,6884.5249,117.0235,66.6692,0.0017,0.0
002845,002845.jpg,1351,437.2,1,7477.2954,10971.3701,115.4987,68.6894,0.0007,0.0026
002846,002846.jpg,640,49.1,1,3779.4312,7625.2686,151.7149,71.7826,0.0616,0.0
002847,002847.jpg,1111,412.5,1,16718.4238,23287.7422,126.5266,70.4709,0.0008,0.0025
002848,002848.jpg,640,65.3,1,7704.2974,17708.7969,127.0612,74.849,0.0035,0.0003
002849,002849.jpg,1283,430.7,1,8385.6289,10778.1172,125.0905,59.6382,0.0002,0.0024
002850,002850.jpg,640,54.2,1,4298.8394,10089.2822,142.2922,65.0033,0.0311,0.0
002851,002851.jpg,2048,749.9,1,12472.1953,10252.9795,123.5499,61.8392,0.0016,0.0013
002852,002852.jpg,640,55.4,1,9004.7666,8453.1074,99.7645,60.9656,0.0,0.1014
002853,002853.jpg,1016,283.8,1,19599.6992,17087.5703,123.7323,56.4534,0.0002,0.0187
002854,002854.jpg,640,57.7,1,4810.1025,9548.5039,110.3805,59.5241,0.0,0.0921
002855,002855.jpg,1327,442.0,1,22863.0879,22147.4473,129.9496,73.2628,0.0002,0.0004
002856,002856.jpg,640,55.8,1,8137.5938,12557.0195,110.1558,75.6925,0.0,0.0857
002857,002857.jpg,1133,264.3,1,3274.3394,7124.2432,125.9005,57.1792,0.0002,0.0023
002858,002858.jpg,640,48.0,1,2626.6106,7398.0371,110.9623,61.289,0.0,0.0834
002859,002859.jpg,846,131.9,1,3364.9358,5644.8843,140.6652,60.7757,0.0001,0.0
002860,002860.jpg,640,38.1,1,1596.452,4921.1357,148.5749,65.7886,0.0008,0.0001
002861,002861.jpg,974,171.5,1,3014.4099,6029.6689,126.3107,61.4865,0.0262,0.0027
002862,002862.jpg,1152,280.4,1,9707.2676,16289.7803,131.5268,65.289,0.0,0.0141
002863,002863.jpg,640,48.5,1,6415.2974,13056.0225,176.8661,68.8953,0.17,0.0
002864,002864.jpg,2016,734.1,6,7511.9062,7023.4292,127.3492,52.901,0.0012,0.0006
002865,002865.jpg,640,47.3,1,3567.5662,6514.585,168.1774,56.8433,0.1069,0.0
002866,002866.jpg,1927,613.8,1,3375.7795,5873.0645,132.8776,57.3758,0.002,0.0
002867,002867.jpg,640,42.8,1,2452.2678,6627.5225,161.0234,65.0156,0.0929,0.0
002868,002868.jpg,2048,1301.5,1,24344.7812,20279.6191,118.5661,54.6441,0.0001,0.0001
002869,002869.jpg,640,76.6,1,9843.4961,12731.3125,108.6855,54.9802,0.0,0.0355
002870,002870.jpg,1164,316.8,1,3831.4639,6500.4448,130.7605,57.895,0.0021,0.0024
002871,002871.jpg,640,48.2,1,2637.3547,7233.3193,117.3053,64.9531,0.0003,0.0812
002872,002872.jpg,1060,324.5,1,6504.7202,10798.7744,119.4018,60.282,0.0014,0.007
002873,002873.jpg,640,52.7,1,3231.4343,9033.8604,63.5106,53.3127,0.0,0.271
002874,002874.jpg,1248,326.0,1,9672.0498,12473.6396,135.0027,62.1482,0.0012,0.0075
002875,002875.jpg,640,52.4,1,4645.5464,8763.2939,160.9974,66.0434,0.0784,0.0
002876,002876.jpg,923,222.9,1,9891.3613,11938.4785,114.8577,59.149,0.0002,0.0
002877,002877.jpg,640,51.7,1,3156.3926,8797.7754,113.4201,61.8783,0.0002,0.0533
002878,002878.jpg,1348,358.9,1,896.8464,3228.1292,118.8902,58.279,0.0,0.0112
002879,002879.jpg,640,48.1,1,1230.4961,5119.1221,95.5597,60.8885,0.0,0.083
002880,002880.jpg,1112,348.5,1,6431.7964,12111.8643,114.1218,67.1059,0.0003,0.0012
002881,002881.jpg,640,55.1,1,4160.1206,11901.9102,136.936,69.8479,0.0525,0.0
002882,002882.jpg,988,196.8,1,5410.0283,7394.2842,116.2646,56.4072,0.0,0.0023
002883,002883.jpg,640,47.6,1,2272.9851,6129.3174,115.5301,59.9277,0.0,0.0031
002884,002884.jpg,1069,342.5,1,24566.1465,25525.4277,121.0066,67.3148,0.0004,0.0021
002885,002885.jpg,640,58.1,1,9894.0566,15972.0859,169.8278,63.676,0.1518,0.0
002886,002886.jpg,1199,270.6,1,4823.7642,6408.249,137.7064,61.8877,0.0,0.0
002887,002887.jpg,640,45.8,1,2313.73,5501.8037,76.6536,56.0879,0.0,0.199
002888,002888.jpg,1339,460.2,1,15546.8291,12613.5547,145.9751,52.6839,0.0,0.0
002889,002889.jpg,640,54.2,1,4633.0176,8487.7559,91.5933,53.1669,0.0,0.0992
002890,002890.jpg,982,216.9,1,25261.4629,18214.7871,137.4267,64.8582,0.0004,0.0001
002891,002891.jpg,640,50.9,1,5333.7051,9575.0439,124.7023,68.9337,0.0,0.0711
002892,002892.jpg,1221,270.5,1,3657.177,4844.1191,152.1884,55.3752,0.0,0.0
002893,002893.jpg,640,38.4,1,2607.8999,5343.4595,172.7125,66.3889,0.0666,0.0
002894,002894.jpg,1050,275.3,1,10074.2354,12761.3721,125.2443,58.6028,0.0002,0.0069
002895,002895.jpg,640,44.7,1,6243.125,9901.9102,106.221,60.7849,0.0,0.094
002896,002896.jpg,1342,407.5,1,10794.8398,9588.3193,133.4177,61.2565,0.0,0.0
002897,002897.jpg,640,44.7,1,4358.7139,7355.7925,156.4193,67.3329,0.0142,0.0
002898,002898.jpg,1164,266.7,1,1745.3423,3484.8762,146.8457,56.0703,0.0001,0.0
002899,002899.jpg,640,38.3,1,1873.8093,5005.7075,114.1278,60.2958,0.0,0.0909
002900,002900.jpg,967,156.7,1,1331.1709,2785.4797,137.9827,48.2331,0.0002,0.0
002901,002901.jpg,640,36.1,1,1025.1542,2829.9451,83.9097,52.7732,0.0,0.1238
002902,002902.jpg,1031,310.4,1,14524.2891,13727.125,141.105,61.4685,0.0,0.0085
002903,002903.jpg,640,50.6,1,5412.4736,10310.1562,169.7282,69.7694,0.0601,0.0
002904,002904.jpg,2048,553.7,1,1401.9723,2702.2483,170.4616,47.3049,0.0058,0.0013
002905,002905.jpg,903,168.2,1,8151.8081,5767.4038,137.5526,55.2125,0.0006,0.0058
002906,002906.jpg,640,36.8,1,2090.0823,4650.9702,164.3042,63.5539,0.0547,0.0
002907,002907.jpg,2048,688.1,1,15243.4424,12317.7422,106.9445,51.4101,0.0,0.0
002908,002908.jpg,640,55.8,1,4593.2988,7897.3164,110.7801,53.0294,0.0003,0.0006
002909,002909.jpg,1013,150.7,1,483.9846,1841.0548,122.3833,67.4365,0.0003,0.0022
002910,002910.jpg,640,32.5,1,707.9822,2688.4316,73.7586,62.5718,0.0,0.2258
002911,002911.jpg,2048,646.1,1,2555.2166,3792.7781,115.2768,57.82,0.0059,0.0005
002912,002912.jpg,640,43.2,1,1536.0157,4795.9023,164.9737,57.6873,0.0606,0.0
002913,002913.jpg,1394,473.3,1,20110.7598,20674.5645,139.5349,64.8899,0.0044,0.0009
002914,002914.jpg,640,55.9,1,8189.2212,13634.4121,156.6255,67.9669,0.0187,0.0
002915,002915.jpg,1174,290.9,1,4834.9106,6088.3384,132.6931,49.7731,0.0006,0.0022
002916,002916.jpg,640,41.7,1,2343.2996,5458.9199,175.4845,57.0806,0.0437,0.0
002917,002917.jpg,1316,646.9,1,34782.1016,38865.7539,119.7532,74.2018,0.0009,0.0009
002918,002918.jpg,640,79.0,1,13909.334,29593.5449,108.1455,73.4208,0.0001,0.0634
002919,002919.jpg,1132,236.8,1,2486.2761,6632.8813,132.5392,60.3547,0.0,0.0
002920,002920.jpg,640,42.9,1,3052.9421,8926.2598,149.9638,65.208,0.0118,0.0
002921,002921.jpg,1345,334.9,1,2060.2395,6504.9844,140.5316,56.9138,0.0,0.0
002922,002922.jpg,640,43.7,1,2391.041,7895.6138,103.3987,60.6972,0.0,0.1337
002923,002923.jpg,1347,340.9,1,4367.1484,6885.9907,141.9548,59.5876,0.0012,0.0016
002924,002924.jpg,640,43.5,1,4386.0449,8538.6709,111.5521,60.3658,0.0,0.0586
002925,002925.jpg,961,263.1,1,65738.1406,51253.2969,122.2565,72.8856,0.0093,0.0131
002926,002926.jpg,640,60.7,1,14190.0771,22943.4316,112.7003,69.523,0.0001,0.058
002927,002927.jpg,2048,1124.2,1,10855.6299,11520.7236,125.3496,65.5278,0.0002,0.0026
002928,002928.jpg,640,56.5,1,4446.9404,9654.834,124.2883,70.3567,0.0001,0.0695
002929,002929.jpg,1318,357.7,1,3051.03,3609.0488,127.9365,53.4024,0.0002,0.0002
002930,002930.jpg,640,34.3,1,2078.689,4589.0933,149.4454,58.1949,0.0215,0.0
002931,002931.jpg,977,201.9,1,8216.7725,7573.7432,137.8282,42.6719,0.0,0.0018
002932,002932.jpg,1409,638.6,1,23226.5156,20358.873,152.0832,63.5829,0.0001,0.0002
002933,002933.jpg,640,59.5,1,6784.9204,12694.7871,196.7616,60.0735,0.2841,0.0
002934,002934.jpg,863,349.0,1,90678.5156,43808.2461,127.847,60.4862,0.0028,0.0045
002935,002935.jpg,640,84.3,1,16454.2148,23508.1953,124.1841,55.3917,0.0001,0.0265
002936,002936.jpg,1100,280.6,1,2145.5352,4818.502,127.3447,63.2879,0.001,0.0009
002937,002937.jpg,640,49.1,1,2401.2051,7525.2124,158.5625,64.2467,0.0548,0.0
002938,002938.jpg,1166,334.8,1,7329.6812,17868.9238,116.5786,68.2085,0.0007,0.005
002939,002939.jpg,1181,315.4,1,4847.437,6817.9087,137.7908,58.0437,0.0004,0.0028
002940,002940.jpg,640,43.5,1,2550.3635,5374.189,82.6,56.8846,0.0,0.1723
002941,002941.jpg,1126,300.8,1,8971.9004,13593.5967,125.7963,49.5748,0.0,0.0003
002942,002942.jpg,640,53.9,1,5451.9902,10668.1475,180.0691,51.2122,0.0825,0.0
002943,002943.jpg,850,144.3,1,20264.8027,12687.1152,124.0063,50.9402,0.0003,0.0242
002944,002944.jpg,640,41.5,1,4032.4941,8018.4277,136.9895,58.9535,0.0029,0.0
002945,002945.jpg,1247,375.9,1,9195.6172,12185.126,150.0251,62.8553,0.0001,0.0061
002946,002946.jpg,2048,660.4,1,10028.1182,8717.5107,108.2249,52.7999,0.0,0.0
002947,002947.jpg,640,42.6,1,3472.4517,5777.5688,89.7824,56.1603,0.0,0.0906
002948,002948.jpg,1008,221.5,1,3682.7788,6902.5938,132.1216,57.7297,0.0,0.001
002949,002949.jpg,640,45.4,1,2893.6482,8224.3701,129.5555,63.3375,0.0,0.0557
002950,002950.jpg,1193,315.2,1,5401.4321,7426.1914,137.0301,65.832,0.0001,0.0029
002951,002951.jpg,640,49.5,1,2990.6704,7640.7739,137.174,70.3488,0.0075,0.0005
002952,002952.jpg,1370,426.6,1,9029.9131,12253.2842,134.9084,61.2829,0.0001,0.0
002953,002953.jpg,1201,314.5,1,7061.9102,7685.1875,133.7394,47.5222,0.0,0.0
002954,002954.jpg,1086,258.5,1,1549.8789,4331.248,127.9682,46.3747,0.001,0.0002
002955,002955.jpg,1932,589.6,1,16886.3281,12573.8516,124.7613,76.3998,0.0002,0.0045
002956,002956.jpg,1084,353.2,1,19952.4824,22414.2422,135.3722,62.1253,0.0005,0.0129
002957,002957.jpg,640,54.8,1,12188.0752,15662.3887,155.4514,64.8892,0.0117,0.0
002958,002958.jpg,1011,324.7,1,42814.0391,27653.5996,103.3756,58.9619,0.0003,0.0272
002959,002959.jpg,640,51.4,1,7285.7588,12903.4023,148.4534,55.2719,0.0536,0.0
002960,002960.jpg,1107,284.8,1,4431.7842,6380.3164,122.9576,51.2331,0.0006,0.004
002961,002961.jpg,1048,289.4,1,2763.7695,7493.998,109.4879,59.973,0.0,0.0112
002962,002962.jpg,1021,280.9,1,27905.832,17905.8945,139.5103,49.9722,0.0006,0.0033
002963,002963.jpg,1033,276.7,1,5414.4058,6790.0386,121.1172,54.754,0.0006,0.0034
002964,002964.jpg,1087,347.0,1,9347.1719,9789.2295,134.0237,55.7242,0.0001,0.0021
002965,002965.jpg,640,46.5,1,4010.5906,7751.9961,106.2703,59.124,0.0,0.0789
002966,002966.jpg,1246,331.1,1,6598.9922,8494.6514,128.3482,67.8834,0.011,0.0004
002967,002967.jpg,640,50.8,1,3751.3638,7775.6724,123.6701,70.3749,0.0088,0.055
002968,002968.jpg,1278,416.7,1,24021.9238,25258.3184,133.4842,77.176,0.0001,0.0029
002969,002969.jpg,1271,459.8,1,29738.5684,32641.2207,103.6678,54.898,0.0006,0.0008
002970,002970.jpg,2048,688.8,1,4357.7661,5362.5234,113.3712,62.1399,0.0007,0.0033
002971,002971.jpg,640,48.8,1,2366.1064,6993.9438,150.7812,63.7773,0.067,0.0
002972,002972.jpg,1378,419.0,1,5097.144,7559.9702,121.5955,63.9231,0.0006,0.0068
002973,002973.jpg,640,49.4,1,3893.4038,9098.1885,90.5063,65.9233,0.0,0.1313
002974,002974.jpg,1046,229.6,1,1941.9554,4072.7004,115.9067,57.4059,0.0007,0.0
002975,002975.jpg,640,40.8,1,1255.7312,3719.0125,161.5499,61.3205,0.0674,0.0
002976,002976.jpg,1233,332.5,1,5365.1499,7037.7358,134.153,65.6836,0.0004,0.0013
002977,002977.jpg,640,47.1,1,2267.0366,6330.6089,98.1417,65.7257,0.0,0.1169
002978,002978.jpg,925,262.7,1,6873.6641,10961.8125,132.2706,46.3954,0.0003,0.0009
002979,002979.jpg,640,59.2,1,3349.9307,9252.9766,98.3056,47.1209,0.0,0.0718
002980,002980.jpg,2048,1065.6,1,17664.1484,16496.498,127.3531,49.0224,0.001,0.0001
002981,002981.jpg,640,62.3,1,5067.9243,10420.1211,81.7868,48.3836,0.0,0.1346
002982,002982.jpg,952,257.2,1,31685.1289,20261.7188,126.2057,57.6462,0.0002,0.0016
002983,002983.jpg,640,55.5,1,5621.915,11274.5225,112.2432,60.1584,0.0,0.0681
002984,002984.jpg,1141,324.2,1,6299.7915,7914.02,127.0784,50.7524,0.0,0.0043
002985,002985.jpg,640,50.2,1,3101.9238,6678.6377,105.1852,54.3481,0.0,0.0936
002986,002986.jpg,1013,281.4,1,25166.8105,18452.8711,129.0147,59.313,0.001,0.005
002987,002987.jpg,640,52.0,1,5715.8877,10942.957,146.2268,60.557,0.0167,0.0
002988,002988.jpg,1071,283.4,1,19669.5938,20782.0332,131.2003,57.5284,0.0,0.018
002989,002989.jpg,640,52.9,1,8828.8398,13480.668,146.2013,57.1477,0.0041,0.0
002990,002990.jpg,1152,295.9,1,6090.3926,10882.582,139.8266,67.9905,0.0016,0.0051
002991,002991.jpg,640,52.1,1,3685.1362,10210.3555,101.9344,67.1597,0.0,0.1738
002992,002992.jpg,1335,421.5,1,8758.5566,8879.4717,147.3897,60.2203,0.0001,0.0047
002993,002993.jpg,944,133.5,1,596.6289,2118.1633,125.078,53.8438,0.0,0.0157
002994,002994.jpg,1378,465.0,1,12396.3516,12201.1123,117.6848,63.1361,0.0,0.0001
002995,002995.jpg,640,49.1,1,4338.0942,7569.7676,71.8006,58.1896,0.0,0.216
002996,002996.jpg,1249,463.5,1,15728.7939,16417.3145,126.0692,59.0705,0.0019,0.0019
002997,002997.jpg,640,59.5,1,6473.5962,11421.9824,144.1073,63.258,0.0075,0.0
002998,002998.jpg,1283,394.6,1,10865.4336,10759.5967,125.8196,65.0169,0.0,0.0043
002999,002999.jpg,640,54.4,1,4290.709,9847.7773,157.2314,67.5569,0.0304,0.0
003000,003000.jpg,1157,372.3,1,8551.8994,7626.7168,113.6406,60.3792,0.0,0.0069
003001,003001.jpg,1177,333.5,1,4170.8188,6221.6797,122.3561,67.9626,0.0,0.0072
003002,003002.jpg,1385,475.7,1,14723.5957,11705.5723,119.2334,65.6821,0.0001,0.0
003003,003003.jpg,1055,273.2,1,9742.7266,12280.2939,123.6098,63.3643,0.0004,0.0024
003004,003004.jpg,1284,491.2,1,11074.333,17056.4355,134.3139,48.8126,0.0001,0.0
003005,003005.jpg,640,60.1,1,6132.1436,11878.249,165.8378,54.6851,0.0137,0.0
003006,003006.jpg,1162,294.0,1,3411.2988,6951.3657,101.8134,51.6541,0.0,0.0019
003007,003007.jpg,1205,333.7,1,10381.21,12993.4209,140.2234,69.805,0.0001,0.0083
003008,003008.jpg,1073,361.7,1,31078.5625,26556.8125,142.6128,61.7038,0.0008,0.0043
003009,003009.jpg,640,61.7,1,9222.874,14411.2188,107.2912,64.3243,0.0,0.1205
003010,003010.jpg,1265,456.4,1,14925.7871,17690.2168,123.6689,51.719,0.0002,0.0059
003011,003011.jpg,640,54.5,1,5585.25,8967.5195,60.6529,44.1056,0.0,0.1802
003012,003012.jpg,2048,589.0,1,19803.7559,19072.668,134.8365,52.2843,0.0025,0.0
003013,003013.jpg,640,46.5,1,7174.7471,11846.0674,105.1369,54.6701,0.0,0.0695
003014,003014.jpg,640,52.0,1,3009.3928,10030.7705,164.5448,62.1106,0.1485,0.0
003015,003015.jpg,1125,395.6,1,17240.6172,19469.0352,95.8074,57.5788,0.0003,0.003
003016,003016.jpg,640,62.5,1,6873.0552,13266.1885,129.8008,57.1751,0.0341,0.0
003017,003017.jpg,1033,320.7,1,13485.7471,21387.9629,140.1181,62.792,0.0025,0.0065
003018,003018.jpg,996,268.1,1,5274.6079,4429.3018,124.8909,47.5101,0.0004,0.0045
003019,003019.jpg,640,45.0,1,2430.0613,7276.0811,123.8825,67.5206,0.0029,0.0958
003020,003020.jpg,966,289.8,1,21871.1582,23864.5234,123.3016,57.4959,0.0002,0.0001
003021,003021.jpg,640,62.1,1,7000.0342,13879.9551,163.419,58.8906,0.1134,0.0
003022,003022.jpg,1178,371.3,1,4642.5688,6957.0308,118.1038,46.3681,0.0,0.0002
003023,003023.jpg,640,54.6,1,3099.5779,7335.2129,131.3969,46.496,0.0001,0.0
003024,003024.jpg,1195,260.1,1,3331.3037,7682.2666,131.2465,65.0749,0.0005,0.0057
003025,003025.jpg,640,48.9,1,3033.0618,8364.4512,98.0796,64.2982,0.0,0.0776
003026,003026.jpg,1136,356.6,1,6623.1382,8368.9668,132.4759,44.6074,0.0,0.0
003027,003027.jpg,908,195.9,1,23794.7031,24581.9512,143.8061,73.3737,0.0009,0.0033
003028,003028.jpg,640,55.9,1,5846.917,12977.7324,147.6961,78.7881,0.0094,0.0
003029,003029.jpg,1130,375.8,1,11147.7773,12158.7344,125.0161,76.528,0.0003,0.0047
003030,003030.jpg,640,52.1,1,4678.4546,7559.9536,103.6634,73.5706,0.0,0.2241
003031,003031.jpg,1071,314.9,1,7266.5483,8710.4922,108.1461,54.7806,0.0,0.0233
003032,003032.jpg,1212,445.4,1,25284.9355,29323.7246,141.9817,67.4913,0.0004,0.0038
003033,003033.jpg,924,236.5,1,6922.7056,13129.0156,115.339,56.4638,0.0004,0.0005
003034,003034.jpg,640,61.2,1,3487.7056,9934.293,88.5854,56.8339,0.0,0.0573
003035,003035.jpg,1327,337.1,1,4190.0962,7006.5239,117.3433,53.4858,0.0031,0.0001
003036,003036.jpg,640,51.8,1,3692.575,7367.5137,120.6773,56.9015,0.004,0.0028
003037,003037.jpg,1132,254.8,1,5132.4858,7227.1328,145.0605,62.5371,0.0,0.0052
003038,003038.jpg,640,46.5,1,3266.8145,7644.7925,178.2745,66.4534,0.198,0.0
003039,003039.jpg,1100,331.8,1,6443.0132,8647.3486,136.4473,55.841,0.0006,0.0033
003040,003040.jpg,640,51.6,1,3503.1201,8115.6138,190.2,56.3297,0.1378,0.0
003041,003041.jpg,1015,286.0,1,42486.8594,25278.8594,123.3987,64.0476,0.0,0.0005
003042,003042.jpg,640,56.6,1,16820.1582,14361.4229,85.3208,59.6458,0.0,0.165
003043,003043.jpg,1057,360.1,1,16510.5566,16336.5703,112.793,59.5272,0.0001,0.004
003044,003044.jpg,1247,434.7,1,20656.1602,26249.3418,124.6007,72.0085,0.0015,0.0109
003045,003045.jpg,640,57.3,1,12602.6523,18662.877,74.7158,60.8474,0.0,0.258
003046,003046.jpg,1348,485.7,1,17271.6094,14335.9531,126.0919,69.9179,0.0003,0.0097
003047,003047.jpg,1165,296.1,1,1942.8427,3719.7148,125.1094,57.1123,0.0002,0.0005
003048,003048.jpg,640,43.2,1,1736.3734,5186.4897,162.8797,60.7055,0.0352,0.0
003049,003049.jpg,1222,360.1,1,7311.1875,8685.1621,117.9841,51.2078,0.0,0.0049
003050,003050.jpg,640,49.5,1,3152.7329,7124.6367,146.4417,57.1648,0.0264,0.0
003051,003051.jpg,1356,517.6,1,7731.6353,12646.3525,104.4077,56.2531,0.0008,0.0001
003052,003052.jpg,640,53.6,1,4233.415,11053.2246,154.1968,55.7477,0.0501,0.0
003053,003053.jpg,1335,441.4,1,5267.4956,9402.7539,105.4369,56.1806,0.0003,0.0
003054,003054.jpg,640,48.3,1,3513.6975,7733.605,84.4396,59.1213,0.0,0.0957
003055,003055.jpg,1158,308.1,1,8606.6211,13033.5254,154.379,53.5051,0.0005,0.0005
003056,003056.jpg,640,57.5,1,5213.9771,9347.4131,106.9273,52.5022,0.0,0.0508
003057,003057.jpg,1022,276.9,1,6304.3364,7420.5469,131.2964,60.8374,0.0002,0.0015
003058,003058.jpg,640,52.3,1,2369.3123,7597.8936,97.1784,63.4596,0.0,0.1355
003059,003059.jpg,1189,361.0,1,5736.2549,9298.375,127.7618,65.6619,0.0004,0.0022
003060,003060.jpg,640,53.8,1,4373.0723,10757.3125,131.6388,67.332,0.0016,0.0005
003061,003061.jpg,1559,540.4,1,8241.5303,18775.6855,126.4783,57.2778,0.0001,0.0011
003062,003062.jpg,640,65.3,1,6074.1738,14412.3301,176.7719,58.5056,0.0877,0.0
003063,003063.jpg,1106,247.2,1,1948.9966,3659.2468,128.8598,50.4312,0.0,0.0001
003064,003064.jpg,640,41.5,1,1974.1277,4490.9375,126.9888,59.5415,0.0,0.0029
003065,003065.jpg,1398,664.0,1,12201.875,20271.0254,130.7576,65.6046,0.0,0.0029
003066,003066.jpg,640,72.3,1,9026.9102,18704.7266,140.8894,68.7801,0.0017,0.0
003067,003067.jpg,1084,208.8,1,5147.937,8064.6084,149.2558,60.7526,0.0003,0.0108
003068,003068.jpg,640,35.9,1,2904.9082,6079.7061,88.5828,53.8776,0.0,0.1261
003069,003069.jpg,924,167.3,1,6467.5938,11953.1318,136.1796,41.839,0.0014,0.0
003070,003070.jpg,640,42.8,1,4022.7727,9973.0166,131.3253,47.3833,0.0011,0.0412
003071,003071.jpg,1008,331.1,1,47160.4961,41289.3164,132.2566,68.6537,0.001,0.0001
003072,003072.jpg,640,67.2,1,11844.6445,21474.7148,160.2501,70.6571,0.0406,0.0
003073,003073.jpg,1008,296.5,1,24616.1602,26085.1172,121.4638,53.531,0.0,0.0005
003074,003074.jpg,640,58.1,1,6606.3999,11039.4209,68.0998,45.2474,0.0,0.1958
003075,003075.jpg,1194,343.3,1,21807.0781,16137.8828,86.8406,63.2934,0.0,0.0464
003076,003076.jpg,640,50.1,1,5829.147,7494.4014,51.1712,47.0419,0.0,0.2868
003077,003077.jpg,1008,292.0,1,13028.8926,18163.1836,102.4741,69.0006,0.0013,0.001
003078,003078.jpg,640,58.5,1,5159.0303,13828.4746,96.415,68.5004,0.0001,0.0336
003079,003079.jpg,1008,282.1,1,8758.9141,11225.8711,109.4198,39.6117,0.0,0.0043
003080,003080.jpg,640,55.8,1,3234.5298,7199.3726,73.0553,38.7688,0.0,0.0988
003081,003081.jpg,1008,287.4,1,9572.1748,14103.8916,117.7222,49.6498,0.0,0.0011
003082,003082.jpg,640,60.9,1,4597.563,11094.8379,129.2713,52.6927,0.0016,0.0
003083,003083.jpg,1008,277.7,1,10341.4355,13310.6807,92.941,54.0238,0.0,0.0001
003084,003084.jpg,640,52.0,1,3473.8994,8258.3213,62.8408,50.303,0.0,0.1298
003085,003085.jpg,919,214.0,1,7019.4565,12312.1621,112.6579,57.2899,0.0001,0.0002
003086,003086.jpg,640,52.1,1,2415.3625,8455.2598,64.8172,50.8283,0.0,0.2291
003087,003087.jpg,1008,210.2,1,6645.5864,10964.3574,125.0207,72.0682,0.0,0.0162
003088,003088.jpg,640,40.5,1,3592.6812,8402.3496,126.4222,75.1457,0.0038,0.0
003089,003089.jpg,787,145.0,1,46011.4375,33516.0938,146.2016,53.7434,0.0004,0.0008
003090,003090.jpg,640,54.0,1,7747.4351,12792.3672,91.8056,50.3023,0.0,0.1327
003091,003091.jpg,1008,317.4,1,29833.125,25049.9316,131.9441,58.847,0.0007,0.0086
003092,003092.jpg,640,62.5,1,6756.2485,13428.3447,98.4891,58.2305,0.0,0.1035
003093,003093.jpg,805,139.1,1,9637.6094,12320.8721,165.5598,61.8281,0.0,0.0001
003094,003094.jpg,640,43.9,1,3279.5527,8655.8564,133.3109,70.2197,0.0,0.113
003095,003095.jpg,885,229.3,1,7224.6802,9881.9062,151.7583,48.8051,0.0,0.0
003096,003096.jpg,640,59.1,1,2822.9319,8567.125,151.1425,51.3508,0.0,0.0176
003097,003097.jpg,952,220.7,1,6633.8848,15662.6279,121.3253,64.5327,0.0,0.0001
003098,003098.jpg,640,55.9,1,3627.8862,13339.1924,136.8791,65.6133,0.0075,0.0
003099,003099.jpg,640,46.1,1,5858.8774,11503.4746,172.8383,57.2258,0.0,0.0027
003100,003100.jpg,907,216.9,1,18806.8164,13916.6729,120.2588,50.593,0.0,0.0
003101,003101.jpg,640,56.1,1,6610.1187,8653.2021,128.4545,54.0372,0.0017,0.0
003102,003102.jpg,765,155.6,1,33707.9258,22266.0039,163.8729,63.0472,0.0,0.0012
003103,003103.jpg,640,54.5,1,7348.8975,12464.8398,186.5752,63.2367,0.0702,0.0
003104,003104.jpg,841,207.8,1,29381.2168,18745.9277,128.7758,60.837,0.0016,0.0001
003105,003105.jpg,640,56.4,1,5354.6719,9153.7129,103.7377,64.3147,0.0,0.0986
003106,003106.jpg,838,142.8,1,6161.4229,10453.333,134.8513,57.404,0.0016,0.0
003107,003107.jpg,640,46.2,1,2962.53,8435.2803,131.8619,61.9639,0.0011,0.0426
003108,003108.jpg,876,248.7,1,45730.3711,44661.5,110.1669,70.4657,0.0013,0.0034
003109,003109.jpg,640,61.1,1,10962.5635,21453.7305,164.4509,63.5915,0.1,0.0
003110,003110.jpg,2016,745.8,1,6333.6743,8080.0913,128.055,59.4272,0.0003,0.0033
003111,003111.jpg,640,47.2,1,2850.7837,6796.9751,90.3904,61.6651,0.0,0.1591
003112,003112.jpg,1008,286.7,1,8751.9512,13852.5508,134.4691,64.847,0.0002,0.0131
003113,003113.jpg,640,58.8,1,3571.2649,11997.7988,105.662,66.6009,0.0,0.1112
003114,003114.jpg,2016,795.3,1,4700.2095,6783.0366,120.0519,60.9371,0.0008,0.0052
003115,003115.jpg,640,44.8,1,2750.2788,6981.0225,73.3886,58.3781,0.0,0.161
003116,003116.jpg,766,188.9,1,60677.1211,34123.0352,153.3022,54.9006,0.0048,0.0014
003117,003117.jpg,640,60.0,1,8994.873,13864.9336,112.4719,55.6784,0.0,0.1142
003118,003118.jpg,2016,580.0,1,1057.5063,3505.3694,130.0196,52.589,0.0004,0.0
003119,003119.jpg,640,36.6,1,1306.4324,4122.5967,83.4675,49.1932,0.0,0.177
003120,003120.jpg,893,234.8,1,11568.8887,12869.9922,138.1064,51.559,0.0024,0.0078
003121,003121.jpg,640,56.2,1,4558.4048,9553.1338,163.5485,55.9092,0.0283,0.0
003122,003122.jpg,2048,583.7,1,4666.3481,6007.4429,125.6006,47.923,0.0001,0.0
003123,003123.jpg,640,42.1,1,2121.929,4513.6748,72.1289,47.3612,0.0,0.1434
003124,003124.jpg,1008,204.5,1,1823.2822,2327.5986,128.0555,40.1087,0.0002,0.0
003125,003125.jpg,640,38.2,1,1164.4467,3523.0312,113.0245,44.7592,0.0,0.0416
003126,003126.jpg,1008,196.7,1,2908.5852,5114.1016,142.4649,53.4617,0.0001,0.0017
003127,003127.jpg,640,39.3,1,1765.7845,5138.2349,161.4544,64.4608,0.0234,0.0
003128,003128.jpg,1008,205.2,1,8947.2803,7686.2041,122.1074,62.8474,0.0,0.0062
003129,003129.jpg,640,44.1,1,2382.9993,6582.7627,112.7689,68.0005,0.0,0.0858
003130,003130.jpg,1028,166.6,1,6107.8081,10981.1611,85.7443,74.4324,0.0091,0.0451
003131,003131.jpg,640,41.6,1,3160.8315,7447.9292,62.727,67.5199,0.0,0.4296
003132,003132.jpg,1008,339.3,1,16188.9229,24407.5645,124.4398,62.2834,0.002,0.0004
003133,003133.jpg,640,63.9,1,5903.4785,15544.585,67.2971,54.9191,0.0,0.2091
003134,003134.jpg,902,243.9,1,48901.9414,29748.9785,149.8661,62.1342,0.0,0.0027
003135,003135.jpg,640,60.2,1,8062.9414,14282.0625,145.2145,70.9975,0.0,0.0037
003136,003136.jpg,860,181.0,1,5651.0537,9955.1455,138.5259,43.0203,0.0,0.0
003137,003137.jpg,640,56.0,1,2783.7544,8288.1904,162.8454,54.7651,0.0111,0.0
003138,003138.jpg,1008,272.0,1,8320.5977,10651.8125,126.7876,61.057,0.0006,0.0004
003139,003139.jpg,640,57.6,1,3739.071,9966.6982,120.1599,67.1405,0.0007,0.0779
003140,003140.jpg,1062,303.6,1,3762.2917,7511.1191,120.3085,57.5299,0.0023,0.005
003141,003141.jpg,640,49.1,1,2431.5913,6321.2812,61.2576,49.7282,0.0,0.2275
003142,003142.jpg,1187,332.6,1,4866.7515,5335.792,84.952,38.1875,0.0002,0.0035
003143,003143.jpg,640,40.6,1,2219.3782,3465.2329,50.2195,33.0985,0.0,0.1539
003144,003144.jpg,1289,390.4,1,3491.8645,7095.2812,117.2858,52.8834,0.0001,0.0
003145,003145.jpg,640,53.3,1,2565.7883,9198.5801,131.5915,56.5675,0.0023,0.0
003146,003146.jpg,1399,414.6,1,7363.9316,7686.0542,138.466,54.8546,0.0,0.0009
003147,003147.jpg,640,50.2,1,5660.4707,8250.4785,130.8994,59.3735,0.0,0.0448
003148,003148.jpg,1088,316.0,1,5216.1299,6055.3413,140.0371,53.587,0.0003,0.0
003149,003149.jpg,640,48.8,1,2587.4866,5793.5474,107.8429,58.0953,0.0,0.0851
003150,003150.jpg,1246,431.1,1,12994.5986,17169.8223,125.376,69.0599,0.0007,0.0099
003151,003151.jpg,640,51.8,1,5996.7124,12827.6914,93.324,68.5381,0.0,0.1485
003152,003152.jpg,1157,389.9,1,18134.0137,20410.9805,126.4556,56.1015,0.0005,0.0041
003153,003153.jpg,640,60.1,1,7366.9302,12368.4365,77.8394,50.7178,0.0,0.1116
003154,003154.jpg,1173,267.4,1,1866.2094,2789.7654,121.3649,61.4605,0.0,0.0032
003155,003155.jpg,640,34.2,1,1034.6737,2791.5413,66.8157,57.824,0.0,0.2427
003156,003156.jpg,1008,224.5,1,10687.2324,9082.7891,131.1945,60.7298,0.0004,0.0076
003157,003157.jpg,640,44.5,1,2215.0444,5679.4062,170.4744,61.9009,0.0926,0.0
003158,003158.jpg,1031,258.5,1,11268.583,11787.5459,134.4477,53.2085,0.0003,0.0016
003159,003159.jpg,1177,281.8,1,9949.4551,14091.0928,140.9074,59.1026,0.0002,0.0
003160,003160.jpg,1411,369.6,1,5619.8218,8809.6719,124.0703,65.2355,0.0025,0.0028
003161,003161.jpg,2048,703.3,1,1507.7051,1874.4971,126.6718,55.6989,0.0002,0.0066
003162,003162.jpg,2048,830.7,1,3662.634,6967.7793,112.0681,51.7338,0.0004,0.0023
003163,003163.jpg,1181,379.6,1,5480.6177,8406.7314,124.1507,51.6341,0.0001,0.0
003164,003164.jpg,1360,613.9,1,10403.6006,17014.2109,97.3256,71.8855,0.0011,0.0173
003165,003165.jpg,2048,1087.0,1,11168.8018,17339.4434,117.8005,52.7189,0.0002,0.0025
003166,003166.jpg,1010,249.2,1,12413.6406,19554.7695,109.3615,49.5323,0.0,0.0003
003167,003167.jpg,1340,364.5,1,2391.5261,4915.7896,123.9702,67.223,0.0013,0.009
003168,003168.jpg,1288,501.4,1,20904.6777,20050.627,138.7598,58.5509,0.0002,0.0019
003169,003169.jpg,1045,351.6,1,31243.0684,26498.5938,153.4443,57.4135,0.0002,0.0002
003170,003170.jpg,1298,502.8,1,32804.5273,26797.1504,144.6085,60.859,0.0002,0.0055
003171,003171.jpg,2008,1068.8,1,20140.2324,25414.6504,127.97,63.3345,0.0012,0.0029
003172,003172.jpg,1025,376.4,1,23338.2695,31535.3223,115.5554,70.567,0.0034,0.0007
003173,003173.jpg,2048,811.5,1,3264.304,4380.9907,129.9737,55.1927,0.0002,0.0035
003174,003174.jpg,2048,802.5,1,4917.8018,7688.731,129.7553,45.4333,0.0004,0.0
003175,003175.jpg,1197,357.6,1,5000.6724,9687.748,116.8821,54.882,0.0002,0.0011
003176,003176.jpg,1068,276.8,1,4387.2729,8318.8135,122.653,54.9439,0.0003,0.0026
003177,003177.jpg,1316,388.4,1,5399.0552,10336.6904,132.0739,64.4586,0.0004,0.0014
003178,003178.jpg,640,51.5,1,3449.5547,10608.8301,173.6677,64.5881,0.1726,0.0
003179,003179.jpg,1064,224.8,1,2970.9568,4761.5571,139.6974,65.8893,0.0009,0.0028
003180,003180.jpg,640,37.3,1,2173.8406,5517.2827,114.1953,66.3708,0.0,0.0749
003181,003181.jpg,1082,361.1,1,12201.3662,12709.542,130.6625,56.0391,0.0009,0.0036
003182,003182.jpg,640,53.4,1,5376.3691,7646.2251,92.6085,56.1838,0.0,0.0731
003183,003183.jpg,640,58.4,1,3020.6987,8137.4927,128.1794,54.8492,0.0,0.051
003184,003184.jpg,2048,717.4,1,440.2686,1649.0167,121.9277,57.7044,0.0005,0.0003
003185,003185.jpg,640,33.9,1,605.3192,2781.3115,82.0509,56.6256,0.0,0.1948
003186,003186.jpg,1311,445.1,1,8948.3955,15114.8447,116.3445,58.6852,0.0,0.0037
003187,003187.jpg,1121,335.2,1,12747.5938,12934.625,125.1842,63.7201,0.0018,0.0019
003188,003188.jpg,640,54.7,1,5012.8486,9987.9141,117.0501,66.9467,0.0005,0.0672
003189,003189.jpg,2016,547.2,6,16770.6699,12603.9697,128.715,65.2412,0.0,0.0089
003190,003190.jpg,640,46.4,1,4778.2988,8386.0479,166.5477,68.691,0.0211,0.0
003191,003191.jpg,1008,294.4,1,13091.9609,14378.0254,96.7291,49.0656,0.001,0.0004
003192,003192.jpg,640,56.7,1,4123.5825,9513.3613,99.6323,51.4227,0.0018,0.0005
003193,003193.jpg,1306,528.1,1,6545.5,16358.0342,123.5278,58.5967,0.0002,0.0028
003194,003194.jpg,640,66.2,1,3925.325,12545.1289,65.1336,50.1137,0.0,0.191
003195,003195.jpg,997,240.2,1,18233.709,14548.585,124.8181,61.1824,0.0012,0.0018
003196,003196.jpg,707,114.9,1,46756.9297,24605.9531,137.2565,76.4945,0.0018,0.0221
003197,003197.jpg,640,45.9,1,9818.9258,14095.1729,137.8502,76.5515,0.0011,0.0295
003198,003198.jpg,1306,452.9,1,24636.4922,25830.791,112.3369,70.0443,0.001,0.0175
003199,003199.jpg,640,55.0,1,12877.9492,14280.1299,151.8031,67.8705,0.1247,0.0
003200,003200.jpg,961,264.0,1,25425.5508,23994.7012,116.7631,71.396,0.0002,0.0005
003201,003201.jpg,640,51.2,1,5969.7896,11696.7451,70.1322,63.0968,0.0,0.3007
003202,003202.jpg,912,166.0,1,3552.7686,3709.5488,108.5172,75.0897,0.0001,0.0367
003203,003203.jpg,640,26.4,1,1212.4928,2741.0789,58.4429,59.6029,0.0,0.4134
003204,003204.jpg,1209,405.4,1,5479.5586,9523.1387,117.7985,53.7014,0.0035,0.0037
003205,003205.jpg,640,49.7,1,3303.6526,8688.7148,146.143,58.7396,0.0282,0.0
003206,003206.jpg,903,164.7,1,2664.7112,4372.7075,127.7186,47.2839,0.0,0.0017
003207,003207.jpg,1079,346.1,1,4094.6355,7616.3716,126.251,47.0094,0.0,0.0
003208,003208.jpg,640,46.8,1,2767.5662,7859.814,102.5003,54.1009,0.0,0.0938
003209,003209.jpg,1293,432.1,1,16030.2275,22496.9238,146.2094,51.9471,0.0006,0.0037
003210,003210.jpg,640,59.5,1,8657.8311,15650.0977,108.8341,53.6653,0.0,0.0795
003211,003211.jpg,1185,361.1,1,3819.543,8232.0479,131.4795,59.7619,0.0016,0.0224
003212,003212.jpg,1411,447.1,1,6049.4741,10816.8477,109.6743,61.4288,0.0026,0.003
003213,003213.jpg,1195,388.4,1,2706.2651,6316.4097,85.6284,42.9802,0.0036,0.002
003214,003214.jpg,640,37.9,1,1364.7334,4291.6489,36.4899,33.5949,0.0,0.144
003215,003215.jpg,1411,336.6,1,720.9686,2343.6716,143.3819,70.3668,0.0,0.0068
003216,003216.jpg,1411,494.5,1,9462.0186,15957.6611,140.7667,50.1668,0.0,0.0016
003217,003217.jpg,640,54.5,1,7013.3174,12522.3701,148.3467,55.149,0.0,0.0
003218,003218.jpg,1411,600.3,1,10850.1963,11735.5654,139.6012,45.7416,0.0,0.0017
003219,003219.jpg,640,54.6,1,3719.6025,6063.6392,78.2905,43.2603,0.0,0.1031
003220,003220.jpg,1411,456.3,1,3437.8125,10078.251,121.2704,59.6236,0.0,0.0036
003221,003221.jpg,640,58.4,1,5653.9102,12053.8174,176.0988,57.2821,0.0108,0.0
003222,003222.jpg,2016,708.0,1,5333.8242,7992.9429,119.1416,60.0254,0.0,0.0
003223,003223.jpg,640,38.5,1,3498.1826,7735.3911,161.7498,62.1143,0.0593,0.0
003224,003224.jpg,1970,586.9,1,3879.2686,6479.0024,124.3972,49.7896,0.0,0.0066
003225,003225.jpg,640,40.6,1,3210.5078,6556.2026,160.8811,55.1571,0.0125,0.0
003226,003226.jpg,1981,614.8,1,7560.6128,10680.5801,120.4317,64.2727,0.0009,0.0138
003227,003227.jpg,640,41.5,1,4689.2959,8357.0195,146.4956,66.5851,0.0587,0.0
003228,003228.jpg,640,26.1,1,2047.6127,4173.4185,169.4866,50.412,0.0006,0.0
003229,003229.jpg,1948,362.2,1,1390.0072,2106.6619,150.3621,43.2094,0.0008,0.0001
003230,003230.jpg,1721,498.7,1,1083.9845,2296.8484,145.3358,63.9583,0.0,0.0013
003231,003231.jpg,1672,617.0,1,7024.668,7713.3892,143.1697,52.543,0.0001,0.0
003232,003232.jpg,2048,997.0,1,11913.0078,15787.0508,127.6926,68.8986,0.0021,0.0021
003233,003233.jpg,640,58.8,1,4953.1558,11371.0977,145.7449,73.1946,0.0372,0.0
003234,003234.jpg,1919,686.4,1,9826.6582,10592.8857,131.3242,45.0063,0.0001,0.0009
003235,003235.jpg,640,47.8,1,4705.6606,7834.7949,150.2506,52.4002,0.0056,0.0
003236,003236.jpg,1969,918.6,1,8146.707,11914.2578,124.0377,67.2869,0.0035,0.0048
003237,003237.jpg,640,52.3,1,7549.0352,12952.4629,128.313,67.8722,0.0034,0.0028
003238,003238.jpg,1640,552.8,1,4206.5532,9024.8135,148.3087,40.188,0.0,0.0
003239,003239.jpg,1771,557.6,1,6011.6016,9943.6523,137.2521,58.214,0.0001,0.0005
003240,003240.jpg,640,47.4,1,4185.4326,9130.9971,121.3558,63.3723,0.0,0.0808
003241,003241.jpg,1883,493.9,1,1406.9727,3188.9539,129.3412,67.8423,0.0007,0.0026
003242,003242.jpg,640,30.5,1,1581.4442,3829.1743,75.3586,61.7809,0.0,0.2655
003243,003243.jpg,1896,806.5,1,23513.0566,23260.4062,135.996,55.875,0.0007,0.0
003244,003244.jpg,640,56.5,1,8960.9756,13837.3672,151.5173,62.007,0.0304,0.0
003245,003245.jpg,640,59.5,1,8118.2349,11830.0898,200.6077,56.0428,0.2003,0.0
003246,003246.jpg,1653,399.0,1,2717.074,9091.8271,123.9477,59.7866,0.0,0.0
003247,003247.jpg,1680,662.8,1,15753.3135,16107.0234,131.2269,56.6067,0.0002,0.0017
003248,003248.jpg,640,58.3,1,6388.9702,10882.5576,92.5716,55.9527,0.0,0.0791
003249,003249.jpg,1698,891.8,1,12944.9209,15098.5312,131.7566,56.0496,0.0002,0.0006
003250,003250.jpg,640,65.8,1,5514.3081,10923.8477,157.4498,59.5057,0.0798,0.0
003251,003251.jpg,1675,723.7,1,13258.085,20234.9805,134.4481,57.7707,0.0001,0.0043
003252,003252.jpg,640,59.3,1,6852.8281,13098.3828,77.9472,56.5289,0.0,0.1399
003253,003253.jpg,1741,727.9,1,17628.7285,23730.4473,100.6458,56.4607,0.0015,0.0002
003254,003254.jpg,1884,574.1,1,3522.6543,7686.3413,149.8628,71.7815,0.0008,0.0075
003255,003255.jpg,640,40.6,1,5053.8188,10823.3398,135.0815,76.8779,0.0001,0.0685
003256,003256.jpg,1666,738.0,1,18200.6484,24519.5723,136.6478,65.3241,0.0012,0.0023
003257,003257.jpg,640,63.4,1,8622.3086,16506.7031,150.8249,68.5565,0.003,0.0
003258,003258.jpg,640,63.0,1,15152.9277,19861.7578,162.8594,66.3621,0.0529,0.0
003259,003259.jpg,1674,606.4,1,4757.5229,12844.2812,135.8215,53.9702,0.0006,0.0
003260,003260.jpg,1726,543.5,1,4700.98,11001.3936,118.0951,63.9251,0.0003,0.0221
003261,003261.jpg,640,47.7,1,3575.915,10404.5059,77.7304,60.8736,0.0,0.16
003262,003262.jpg,1969,702.7,1,8124.4688,14277.3271,142.2926,73.8515,0.0003,0.0
003263,003263.jpg,1858,700.4,1,4957.6636,9736.1611,118.3203,74.0657,0.0004,0.017
003264,003264.jpg,1915,672.9,1,1890.4502,6039.5132,98.2182,46.4277,0.002,0.0
003265,003265.jpg,2043,826.7,1,6001.1147,12056.9053,113.0497,64.4817,0.0003,0.005
003266,003266.jpg,2031,827.0,1,10345.4268,16979.3906,112.099,63.8025,0.0024,0.0001
003267,003267.jpg,1880,755.7,1,7207.833,11769.8535,120.468,52.2035,0.0003,0.0
003268,003268.jpg,640,55.2,1,7630.5537,11284.79,119.494,55.6114,0.0021,0.0347
003269,003269.jpg,1775,856.7,1,41894.7891,46279.3242,128.9758,73.7087,0.0009,0.0002
003270,003270.jpg,1695,588.9,1,3042.0305,5200.1812,114.4389,54.4439,0.0009,0.0
003271,003271.jpg,640,57.1,1,8718.8721,12352.5986,82.3913,61.2349,0.0,0.1654
003272,003272.jpg,1821,666.1,1,10830.4248,15299.375,113.101,66.2218,0.0009,0.0002
003273,003273.jpg,640,53.9,1,5630.1577,13077.0947,128.6555,69.896,0.0115,0.0
003274,003274.jpg,1649,598.6,1,26708.0059,27789.4824,130.7511,59.4438,0.0021,0.0
003275,003275.jpg,1940,1016.9,1,13070.6709,17147.5254,135.6691,58.6111,0.0047,0.0023
003276,003276.jpg,2015,706.5,1,1855.0206,5227.5454,117.1868,60.4404,0.0001,0.0
003277,003277.jpg,1777,920.5,1,15921.2705,18733.9395,129.4673,68.049,0.0,0.0
003278,003278.jpg,1459,380.0,1,2083.7603,7946.7124,112.409,54.0212,0.0001,0.0011
003279,003279.jpg,640,53.0,1,2795.5081,9202.6494,123.6197,58.7433,0.0157,0.0
003280,003280.jpg,640,51.4,1,7138.4814,10181.9561,116.031,70.1362,0.0,0.1485
003281,003281.jpg,2009,688.4,1,1801.7921,3157.7581,132.0165,49.0448,0.0,0.0005
003282,003282.jpg,2048,756.2,1,8268.0439,7316.9292,136.8153,63.8251,0.001,0.0019
003283,003283.jpg,2048,1021.7,1,49098.9258,36714.1367,129.7211,65.0202,0.0024,0.021
003284,003284.jpg,640,64.7,1,12233.7637,17135.4043,87.6957,59.4882,0.0,0.1362
003285,003285.jpg,1806,862.2,1,21047.1699,29241.0859,95.5739,68.8727,0.0017,0.0018
003286,003286.jpg,640,69.7,1,11621.2197,17808.8281,45.7549,57.3423,0.0,0.4211
003287,003287.jpg,1791,661.2,1,10137.9648,15607.5947,129.5205,59.182,0.0018,0.0
003288,003288.jpg,640,45.8,1,6324.311,13036.3604,101.9248,60.5669,0.0,0.0653
003289,003289.jpg,640,44.3,1,5257.9092,8421.8047,63.2834,48.6363,0.0,0.1715
003290,003290.jpg,1672,459.0,1,2457.3149,4400.8203,125.7645,53.5577,0.0001,0.0
003291,003291.jpg,640,40.3,1,1542.0448,4840.5801,84.3721,53.2575,0.0,0.1757
003292,003292.jpg,2007,664.0,1,2994.8359,6338.2852,132.5784,67.9777,0.0006,0.0022
003293,003293.jpg,640,42.1,1,2495.7773,7429.0923,127.2325,74.7454,0.0007,0.0836
003294,003294.jpg,1979,765.0,1,6537.6782,12358.7295,121.2157,65.1087,0.0019,0.0062
003295,003295.jpg,2016,791.6,1,6972.9204,15602.3125,121.3872,59.476,0.0005,0.0004
003296,003296.jpg,640,63.3,1,4860.3892,14938.6377,151.1987,62.1721,0.0305,0.0
003297,003297.jpg,1771,682.0,1,6628.6992,12517.1289,153.5673,61.5328,0.0,0.0089
003298,003298.jpg,640,53.8,1,3713.4539,9907.0459,91.2586,59.3874,0.0,0.1562
003299,003299.jpg,1996,873.1,1,22437.0293,26182.0723,136.6227,56.855,0.0006,0.0095
003300,003300.jpg,1999,972.2,1,5924.7642,10617.4424,136.4991,53.2005,0.0,0.0051
003301,003301.jpg,1927,602.8,1,5592.0273,13795.791,124.3992,66.937,0.001,0.0043
003302,003302.jpg,1621,504.2,1,8954.4883,14827.4219,142.4512,55.022,0.0024,0.001
003303,003303.jpg,640,48.2,1,6407.7485,11329.3428,169.373,62.1467,0.0535,0.0
003304,003304.jpg,1924,655.3,1,6967.0625,12338.7891,120.5592,56.7662,0.0,0.0114
003305,003305.jpg,640,41.4,1,5394.0376,10052.3545,75.2071,53.1544,0.0,0.0841
003306,003306.jpg,1849,902.5,1,26837.3438,25724.6934,159.1287,44.8577,0.0,0.0004
003307,003307.jpg,640,58.7,1,10287.6152,14940.3115,190.1414,57.506,0.0188,0.0
003308,003308.jpg,640,52.0,1,2230.9431,5984.584,87.5559,53.198,0.0,0.0825
003309,003309.jpg,2096,837.3,1,2825.8398,7722.8203,112.3717,69.7907,0.0019,0.0004
003310,003310.jpg,640,45.0,1,2516.1919,9299.5898,81.4234,66.2387,0.0,0.1761
003311,003311.jpg,1791,715.9,1,3805.364,4484.874,137.2913,60.5407,0.0,0.0
003312,003312.jpg,640,35.0,1,2054.6316,3938.0049,77.9299,58.3446,0.0,0.1097
003313,003313.jpg,1847,706.2,1,15245.6826,16825.5,130.5485,63.6876,0.0008,0.0036
003314,003314.jpg,640,52.4,1,6227.5112,9441.1348,86.6002,59.8803,0.0,0.2136
003315,003315.jpg,1917,541.8,1,2746.4563,5979.8242,116.4161,64.5014,0.0,0.0002
003316,003316.jpg,1695,555.6,1,2993.1179,8283.6309,115.9197,56.4648,0.001,0.0005
003317,003317.jpg,640,54.6,1,2953.6785,9569.4697,115.8623,61.7785,0.0011,0.0034
003318,003318.jpg,1711,448.9,1,1797.9716,4325.5693,125.5502,55.3914,0.0006,0.0031
003319,003319.jpg,640,40.4,1,1865.2228,5468.915,131.116,63.5406,0.0118,0.0
003320,003320.jpg,640,71.2,1,11151.3701,21077.8594,160.6376,68.3792,0.0092,0.0002
003321,003321.jpg,1665,547.0,1,3201.4805,5908.4312,133.1789,53.9973,0.0001,0.0036
003322,003322.jpg,640,51.0,1,1886.9934,5380.6411,75.4597,51.6047,0.0,0.1448
003323,003323.jpg,1868,697.5,1,8752.7061,13553.8936,129.3086,47.4919,0.0005,0.0004
003324,003324.jpg,1933,1079.6,1,8215.7373,12402.293,109.2504,58.0487,0.0004,0.0023
003325,003325.jpg,640,68.1,1,4061.4724,10773.3555,106.0626,60.4373,0.0003,0.0531
003326,003326.jpg,1831,848.2,1,7698.0562,13481.2002,110.1784,60.2984,0.0002,0.0013
003327,003327.jpg,640,67.0,1,4297.4648,12023.6387,136.95,64.6188,0.0101,0.0
003328,003328.jpg,2002,529.7,1,1034.0049,2052.116,129.8441,55.1525,0.0017,0.0015
003329,003329.jpg,640,32.5,1,1824.3522,3702.7722,179.6726,59.1438,0.0734,0.0
003330,003330.jpg,2048,833.2,1,13057.8232,11218.1279,121.8453,59.2205,0.0015,0.0003
003331,003331.jpg,640,51.6,1,4960.5625,8178.6138,118.0057,63.1592,0.0023,0.0583
003332,003332.jpg,1748,551.6,1,2616.7478,5376.2485,134.0402,62.7866,0.0001,0.0069
003333,003333.jpg,1934,606.7,1,10255.5967,20051.6582,132.1068,66.4486,0.0003,0.0024
003334,003334.jpg,640,52.1,1,7448.2637,16189.4463,118.2379,70.6628,0.0,0.0779
003335,003335.jpg,1866,616.3,1,2312.6865,3865.7842,115.942,47.1216,0.001,0.002
003336,003336.jpg,640,38.0,1,1371.6719,3434.0801,59.3422,44.9133,0.0,0.0821
003337,003337.jpg,1888,818.9,1,18197.1621,22098.1484,128.0431,45.2479,0.0007,0.0093
003338,003338.jpg,640,59.2,1,8344.8955,13814.0791,106.0658,48.8438,0.0,0.0761
003339,003339.jpg,1799,652.1,1,11860.6279,11216.29,129.6272,61.5565,0.0018,0.0014
003340,003340.jpg,2048,774.7,1,25027.5781,27748.7559,125.6739,62.2482,0.0005,0.0195
003341,003341.jpg,640,46.0,1,9160.166,14123.6055,88.372,58.4751,0.0,0.1844
003342,003342.jpg,1239,354.2,1,4008.6738,7563.6587,116.2967,53.7825,0.0001,0.0001
003343,003343.jpg,640,53.1,1,2988.0952,7986.6152,84.6885,53.4578,0.0,0.0776
3344,3344.jpg,4032,2991.4,6,8347.5439,10330.8613,105.7672,69.834,0.0917,0.0
000047,000047.png,2556,11057.6,1,19851.0391,36508.7383,129.3512,82.348,0.0019,0.0128
000052,000052.png,2556,11186.0,1,5618.7314,11579.833,105.0288,67.4866,0.0,0.0133
000053,000053.png,2556,9819.6,1,3336.4519,6495.2671,75.887,59.6009,0.0002,0.1448
000261,000261.png,2556,8946.7,1,13222.3379,18101.1484,92.6227,65.6259,0.0,0.1788
000764,000764.jpeg,4032,2401.5,6,2296.8916,4744.5693,126.5171,67.4723,0.0011,0.0193
000765,000765.jpeg,4032,2358.6,6,1387.1835,2826.9392,119.6062,65.5688,0.0003,0.0168
000766,000766.jpeg,4032,2318.2,6,2310.5081,5613.2407,121.9958,64.3222,0.0016,0.0016
000767,000767.jpeg,4032,2233.0,6,1181.8737,3840.5439,124.6903,58.5852,0.0009,0.0035
000768,000768.jpeg,4032,2465.1,6,733.9078,1953.1761,141.664,57.6868,0.0002,0.0017
000769,000769.jpeg,4032,3077.5,6,2097.7815,4643.4492,129.0081,56.0721,0.0025,0.0091
000770,000770.jpeg,4032,2650.5,6,1538.0547,4353.2134,118.0071,62.1063,0.0014,0.0079
000771,000771.jpeg,4032,3274.4,6,2903.1367,6336.2954,130.7867,54.6626,0.0022,0.0102
000772,000772.jpeg,4032,2538.4,6,4459.2183,10584.9307,115.2173,64.3372,0.0082,0.068
000773,000773.jpeg,4032,2542.6,6,6067.7485,13779.3428,119.8226,69.046,0.0016,0.0789
000774,000774.jpeg,4032,3110.4,6,7411.0894,9237.2773,119.3576,67.827,0.001,0.018
000775,000775.jpeg,4032,2858.9,6,1869.8208,4048.0674,114.385,68.2117,0.0002,0.0156
000776,000776.jpeg,4032,2861.5,6,2114.9714,5998.5054,134.9604,63.8944,0.0008,0.0087
000777,000777.jpeg,4032,2851.3,6,5779.2227,15235.4248,107.3882,65.391,0.0034,0.0253
000778,000778.jpeg,4032,2760.7,6,771.9756,4409.0156,108.2868,68.7244,0.0038,0.0326
000779,000779.jpeg,4032,3380.4,6,17270.8945,18883.1621,125.2328,72.6611,0.0051,0.0206
000780,000780.jpeg,4032,2134.8,6,1349.4757,4579.0962,124.8611,74.1954,0.0028,0.0528
000781,000781.jpeg,4032,2688.3,6,1340.1338,2981.1787,131.9862,52.9892,0.0136,0.0009
000782,000782.jpeg,4032,2522.6,6,1379.5348,4876.6987,117.5871,66.2845,0.0005,0.0148
000783,000783.jpeg,4032,3143.2,6,1380.9362,3307.3054,137.1184,76.5619,0.0001,0.0167
000784,000784.jpeg,4032,2616.3,6,492.9932,2022.1234,90.1417,65.261,0.0081,0.0435
000785,000785.jpeg,4032,2324.7,6,2374.6028,4946.4038,105.1232,69.0013,0.0143,0.0293
000786,000786.jpeg,4032,1984.5,6,4078.8203,10448.4658,125.7221,64.3849,0.0006,0.0127
000787,000787.jpeg,4032,1808.9,6,2493.7361,6955.3228,121.1006,65.2093,0.002,0.002
000788,000788.jpeg,4032,1414.5,6,565.67,1742.5682,141.8477,65.3688,0.0002,0.0338
000789,000789.jpeg,4032,2014.9,6,2769.3845,7591.2207,129.0243,64.4701,0.001,0.0156
000790,000790.jpeg,4032,2989.6,6,46779.7188,50541.293,149.8212,61.9915,0.0009,0.0154
000791,000791.jpeg,4032,1796.9,6,1887.9362,5664.3164,129.8682,61.9657,0.0008,0.0268
000792,000792.jpeg,4032,2453.2,6,1673.873,4722.4971,142.871,55.285,0.0011,0.0076
000793,000793.jpeg,4032,2404.5,6,3303.405,10040.3477,137.1624,56.5099,0.0021,0.0115
000794,000794.jpeg,4032,2104.0,6,2211.1418,6314.2852,112.4406,59.8882,0.0011,0.0015
000795,000795.jpeg,4032,2853.1,6,9355.5322,21447.6035,111.7396,67.7804,0.0023,0.0115
000796,000796.jpeg,4032,2473.4,6,6377.9907,15922.9756,115.14,71.7886,0.0017,0.0002
000797,000797.jpeg,4032,2505.6,6,5065.627,14499.2656,139.3529,61.579,0.0015,0.0002
000798,000798.jpeg,4032,2063.2,6,2280.4412,8411.9404,127.9655,64.4246,0.0008,0.006
000799,000799.jpeg,4032,1677.2,6,932.1063,3678.2842,137.6833,63.8692,0.0001,0.0129
000800,000800.jpeg,4032,2227.7,6,2566.5803,7755.0366,128.8223,60.985,0.0029,0.0124
000801,000801.jpeg,4032,2464.7,6,4359.6123,7923.9292,122.8676,52.4218,0.0013,0.0097
000802,000802.jpeg,4032,2603.7,6,21990.8379,17700.0,135.0911,69.2581,0.0007,0.0076
000803,000803.jpeg,4032,1594.5,6,1770.7725,5722.686,152.275,59.7434,0.0005,0.006
000804,000804.jpeg,4032,1928.1,6,1221.549,3772.2888,134.7471,62.8053,0.0024,0.0139
000805,000805.jpeg,4032,3772.4,6,44733.1719,47257.6875,154.9257,60.1218,0.0021,0.0
000806,000806.jpeg,4032,2523.0,6,3660.5813,7250.8203,142.8158,71.4664,0.0011,0.0
000807,000807.jpeg,4032,2911.1,6,4042.8574,8080.1055,104.495,63.6942,0.005,0.0018
000808,000808.jpeg,4032,2438.8,6,3485.6594,7551.3159,128.9095,68.3425,0.0016,0.0073
000809,000809.jpeg,4032,2310.5,6,2165.2676,4980.8267,131.8462,71.002,0.0038,0.0002
000810,000810.jpeg,4032,3453.6,6,5539.1069,8065.5522,144.6976,57.5071,0.0019,0.0094
000811,000811.jpeg,4032,3139.4,6,5270.3677,10634.292,137.4379,61.4692,0.0021,0.0094
000812,000812.jpeg,4032,2990.5,6,4224.147,7938.4897,115.7963,56.8797,0.0026,0.0065
000813,000813.jpeg,4032,2638.4,6,3839.179,8287.0498,109.3867,57.3259,0.016,0.0016
000814,000814.jpeg,4032,2555.4,6,1882.3217,5991.7944,116.3113,65.3658,0.0071,0.0012
000815,000815.jpeg,4032,2462.8,6,1301.9048,3451.488,111.9012,59.7188,0.0031,0.0014
000816,000816.jpeg,4032,3265.8,6,5217.5425,7245.4917,133.6469,65.2807,0.0024,0.007
000817,000817.jpeg,4032,2489.4,6,2744.8347,4986.9126,131.0647,63.9997,0.0025,0.0041
000818,000818.jpeg,4032,2374.9,6,3200.8232,4419.5942,133.6582,51.7842,0.002,0.0037
000819,000819.jpeg,4032,3791.9,6,23721.9785,33371.0664,145.2866,70.1659,0.0049,0.0014
000820,000820.jpeg,4032,3804.9,6,17982.7207,31970.1582,147.2579,68.5793,0.0041,0.0024
000821,000821.jpeg,4032,2556.4,6,3583.6458,7443.0332,127.8389,61.2684,0.0033,0.0002
000822,000822.jpeg,4032,2586.4,6,4092.2715,7987.979,126.5162,61.249,0.0042,0.0005
000823,000823.jpeg,4032,2591.0,6,6436.939,15369.4336,148.9381,65.715,0.0011,0.0
000824,000824.jpeg,4032,2543.0,6,5330.2544,11238.5342,125.2179,60.4121,0.0026,0.001
000825,000825.jpeg,4032,2799.1,6,2914.6543,5010.2173,131.7738,65.3653,0.0125,0.0
000826,000826.jpeg,4032,3006.3,6,3602.7654,5299.0186,132.235,62.5932,0.0133,0.0
000827,000827.jpeg,4032,3348.9,6,22462.752,30278.3301,109.2932,68.6936,0.005,0.0052
000828,000828.jpeg,4032,2016.8,6,1169.3038,2868.4041,134.9088,60.7402,0.0,0.0072
000829,000829.jpeg,4032,2671.4,6,7904.4155,14370.1982,135.8488,64.5408,0.0019,0.0109
000830,000830.jpeg,4032,3647.6,6,7871.1899,11239.1641,138.3388,69.1995,0.0003,0.0541
000831,000831.jpeg,4032,2875.5,6,18139.7793,15425.6963,131.4631,65.8126,0.0,0.0175
000832,000832.jpeg,4032,3186.7,6,17984.4941,19453.6934,154.5134,60.726,0.0002,0.0045
000833,000833.jpeg,4032,1962.8,6,1242.6295,4662.1621,136.7774,68.9873,0.0008,0.016
000834,000834.jpeg,4032,2388.3,6,2487.7224,5139.3784,127.056,57.4959,0.0006,0.0042
000835,000835.jpeg,4032,2223.3,6,3069.0508,5461.9399,85.8427,49.2813,0.0001,0.0352
000836,000836.jpeg,4032,3831.3,6,21831.6816,29573.7871,142.7825,70.4059,0.0002,0.0061
000837,000837.jpeg,4032,2361.9,6,2730.958,5702.9263,139.1582,57.5545,0.0009,0.0107
000838,000838.jpeg,4032,2573.6,6,2325.2449,7161.1621,126.1688,59.032,0.001,0.0107
000839,000839.jpeg,4032,4610.2,6,13478.418,13166.1201,154.7154,50.9707,0.0,0.0054
000840,000840.jpeg,4032,3127.2,6,16051.0654,22911.5566,126.1624,61.5103,0.0019,0.0141
000841,000841.jpeg,4032,4126.4,6,3383.5227,4424.4067,135.7345,55.0652,0.0002,0.0047
000842,000842.jpeg,4032,2530.3,6,1899.6473,6212.8457,128.8158,65.5925,0.0024,0.0019
000843,000843.jpeg,4032,2628.6,6,20675.4336,25886.5312,141.5305,75.3081,0.0002,0.0002
000844,000844.jpeg,4032,2565.3,6,1408.9144,4823.9355,112.8275,57.1485,0.0008,0.0009
000845,000845.jpeg,4032,2621.1,6,13506.5264,25565.7812,150.3721,75.6995,0.0,0.0012
000846,000846.jpeg,4032,3229.5,6,20054.6484,23527.0625,122.2003,63.5373,0.0021,0.0034
000847,000847.jpeg,4032,2859.0,6,13001.7822,24027.8652,127.4886,62.9475,0.0002,0.0076
000848,000848.jpeg,4032,2761.6,6,4595.6992,5568.7661,127.8675,52.2318,0.0008,0.0021
000849,000849.jpeg,4032,2522.7,6,3672.9949,4450.7632,135.6708,47.7486,0.0004,0.0002
000850,000850.jpeg,4032,2415.9,6,2427.4739,4744.605,119.1216,38.3145,0.0001,0.0001
000851,000851.jpeg,4032,2304.1,6,718.7114,2452.113,107.957,44.6876,0.0002,0.0019
000852,000852.jpeg,4032,2411.1,6,1762.9424,4615.9634,120.3045,50.0356,0.0039,0.0128
000853,000853.jpeg,4032,2389.2,6,2013.4435,4361.7944,120.3226,45.8606,0.0009,0.0004
000854,000854.jpeg,4032,2806.2,6,8100.3647,15852.375,123.2675,64.5512,0.0022,0.0068
000855,000855.jpeg,4032,3432.4,6,4141.541,11909.9609,120.8679,63.8023,0.0004,0.0002
000856,000856.jpeg,4032,3302.7,6,27792.1348,48288.2969,151.1525,76.3807,0.0,0.0042
3345,3345.jpeg,4032,2919.3,6,6371.3887,12434.6592,100.6959,61.4103,0.0078,0.0388
3346,3346.jpeg,4032,2967.1,6,1610.8441,4247.4214,101.1179,59.1132,0.001,0.0113
3347,3347.jpeg,4032,1970.1,6,1566.944,3650.9441,130.7094,63.8325,0.0011,0.0096
3348,3348.jpeg,4032,3004.3,6,22169.916,26342.0605,122.9072,63.2325,0.0027,0.0116
3349,3349.jpeg,4032,3346.3,6,27569.6152,30773.8379,135.6247,62.3423,0.0019,0.0
3350,3350.jpeg,4032,3200.4,6,26343.0,29638.0566,132.6116,62.3622,0.003,0.0
3351,3351.jpeg,4032,3033.9,6,15478.4102,21303.7969,127.2589,63.8224,0.0059,0.0
3352,3352.jpeg,4032,3233.6,6,17183.1777,26519.4941,135.1225,64.1748,0.0064,0.0002
