image_id,label,old,tags,qr,sec
000002,2025-12-11,2025-12-11,,2025-12-11,4.1
000003,2026-05-12,2026-05-12,t,2026-05-12,1.9
000004,2022-02-14,2027-02-14,b,2027-02-14,15.5
000009,2026-10-29,2026-10-29,,2026-10-29,3.5
000010,2026-06-08,2026-06-08,,2026-06-08,2.4
000012,2026-03-23,2026-03-23,,2026-03-23,2.0
000014,2026-01-31,2026-01-31,,2026-01-31,5.5
000015,2026-03-01,2026-03-01,2,2026-03-01,3.4
000016,2026-01-22,2026-01-22,,2026-01-22,3.0
000017,2026-11-25,2026-11-25,,2026-11-25,3.0
000018,2026-04-24,2026-04-24,,2026-04-24,2.7
000021,2025-10-10,2025-10-10,,2025-10-10,2.0
000022,2025-10-14,NONE-01-20,,2025-10-04,2.0
000023,2025-10-10,2025-10-10,,2025-10-10,2.3
000024,2025-10-11,NONE,,2025-10-11,4.8
000026,2025-11-13,2025-11-13,,2025-11-13,2.9
000027,2026-04-27,2026-04-27,,2026-04-27,3.6
000028,2026-02-10,2026-02-10,,2026-02-10,3.9
000030,2017-08-28,2017-08-28,,2017-08-28,4.8
000031,2026-02-14,2026-02-14,,2026-02-14,2.2
000032,2026-03-22,2026-03-21,,2026-03-21,1.7
000033,2026-06-17,2026-06-17,,2026-06-17,1.9
000034,2026-06-30,2026-06-30,,2026-06-30,2.4
000035,2026-08-17,2026-08-17,,2026-08-17,1.5
000037,2026-07-17,2026-07-17,,2026-07-17,1.4
000038,2027-02-12,2027-02-12,,2027-02-12,1.5
000039,2026-05-26,2026-05-26,,2026-05-26,1.6
000040,2025-10-11,2025-10-11,,2025-10-11,1.4
000041,2025-10-11,2025-10-11,,2025-10-11,1.7
000042,2025-10-12,2025-10-02,,2025-10-02,1.5
000044,2026-02-07,2026-02-07,,2026-02-07,1.5
000045,2027-04-21,2027-04-21,,2027-04-21,2.2
000046,2025-10-10,2025-10-10,,2025-10-10,2.0
000047,2027-04-14,2027-04-04,,2027-04-04,1.9
000048,2026-06-12,2026-06-12,,2026-06-12,2.2
000049,2026-03-01,2026-03-01,,2026-03-01,3.3
000050,2025-09-30,2025-09-30,,2025-09-30,7.0
000051,2026-01-12,2026-01-12,,2026-01-12,1.9
000052,2025-11-19,2025-11-19,,2025-11-19,3.0
000053,2025-12-20,2025-12-20,,2025-12-20,3.2
000054,2025-10-08,NONE,,2025-10-08,21.2
000056,2026-07-11,2026-12-07,2,2026-07-11,6.6
000058,2027-03-27,2027-03-27,,2027-03-27,4.4
000059,2027-06-22,2022-06-22,,2027-06-22,16.1
000060,2026-04-30,2026-04-30,,2026-04-30,2.0
000062,2026-05-26,2026-05-26,,2026-05-26,2.3
000063,2026-06-16,2026-06-16,2,2026-06-16,2.2
000065,2026-01-12,2026-01-12,,2026-01-12,2.1
000066,2026-08-17,2026-08-17,,2026-08-17,3.0
000067,2025-12-19,NONE,,NONE,17.6
000068,2026-06-17,2026-06-17,,2026-06-17,7.2
000071,2027-07-20,2027-07-20,2,2027-07-20,2.4
000074,2026-08-28,2026-08-28,,2026-08-28,1.6
000076,2026-08-17,2026-08-17,,2026-08-17,2.3
000078,2025-06-19,2025-06-19,,2025-06-19,4.1
000080,2026-09-16,2026-09-16,2,2026-09-16,3.8
000081,2026-05-18,2026-05-18,2,2026-05-18,2.6
000083,2026-07-01,2026-07-01,,2026-07-01,1.6
000084,2026-03-31,2026-03-31,2,2026-03-31,3.3
000091,2027-05-22,2027-05-22,,2027-05-22,2.5
000094,2027-06-30,2027-06-30,,2027-06-30,1.9
000098,2026-03-11,2026-03-11,,2026-03-11,3.1
000101,2026-04-08,2026-04-08,,2026-04-08,2.7
000103,2025-12-18,2025-12-18,,2025-12-18,2.4
000107,2025-12-25,2025-12-25,,2025-12-25,2.2
000110,2025-10-29,NONE,,2025-10-29,1.7
000111,2025-10-25,2025-10-25,,2025-10-25,4.2
000112,2025-10-17,2025-10-17,,2025-10-17,1.6
000114,2026-02-28,2026-02-28,,2026-02-28,3.2
000116,2026-03-27,2026-03-27,,2026-03-27,2.6
000118,2026-03-23,2026-05-25,,2026-05-25,1.9
000119,2026-08-24,2026-08-24,,2026-08-24,2.0
000120,2026-08-25,2026-08-25,,2026-08-25,1.7
000125,2026-04-07,2026-04-07,,2026-04-07,2.6
000127,2026-04-27,2026-04-27,,2026-04-27,2.3
000129,2026-01-09,2026-01-09,,2026-01-09,2.8
000131,2026-08-05,2026-08-05,,2026-08-05,3.1
000134,2026-09-23,2026-09-23,,2026-09-23,3.0
000136,2025-12-02,2025-12-02,,2025-12-02,3.6
000138,2026-05-14,2026-05-14,,2026-05-14,3.6
000140,2026-07-14,2026-07-14,,2026-07-14,4.0
000143,2027-03-06,2027-03-06,,2027-03-06,4.0
000148,2026-02-26,2026-02-26,2,2026-02-26,2.5
000150,2026-08-12,2026-08-12,,2026-08-12,2.8
000160,2026-10-27,2025-04-02,2,2025-04-02,1.7
000162,2027-06-12,2027-06-12,,2027-06-12,2.6
000171,2026-05-27,2026-05-27,2,2026-05-27,2.7
000172,2026-06-10,2026-06-10,2,2026-06-10,2.2
000174,2026-09-05,2026-09-05,2,2026-09-05,2.6
000175,2026-06-28,2026-06-28,2,2026-06-28,2.9
000176,2026-09-22,2026-09-22,2,2026-09-22,3.3
000177,2026-08-18,2026-08-18,,2026-08-18,3.0
000178,2026-06-25,2026-06-25,,2026-06-25,2.3
000179,2026-06-29,2025-09-30,2,2026-06-29,3.6
000180,2026-06-25,2026-06-25,2,2026-06-25,1.8
000181,2026-09-08,2026-09-08,2,2026-09-08,1.9
000211,2026-02-12,2026-06-02,,2026-06-02,9.4
000216,2026-03-16,2026-03-01,,2026-03-01,2.1
000226,2027-03-15,2027-03-15,,2027-03-15,6.7
000238,2026-09-10,2026-09-10,2,2026-09-10,2.2
000239,2026-07-10,2026-07-10,,2026-07-10,5.8
000242,2026-05-21,2025-09-22,2,2025-09-22,4.8
000244,2026-06-21,2026-06-21,2,2026-06-21,3.1
000245,2026-02-24,2026-02-24,2,2026-02-24,4.1
000246,2026-02-04,2025-09-05,2,2026-02-04,2.9
000249,2026-02-16,2026-02-16,,2026-02-16,3.1
000250,2026-03-04,2026-03-04,2,2026-03-04,3.3
000251,2026-02-24,2026-02-24,2,2026-02-24,1.9
000252,2026-07-09,2026-07-09,,2026-07-09,1.8
000254,2026-08-12,2026-08-12,2,2026-08-12,2.7
000261,2026-03-07,2026-03-07,2,2026-03-07,3.0
000264,2026-06-06,NONE,,2026-06-06,1.3
000276,2026-03-25,2026-03-25,2,2026-03-25,3.2
000284,2026-08-20,2026-08-20,,2026-08-20,6.1
000294,2026-09-08,2026-09-09,2,2026-09-08,8.1
000310,2026-09-28,2026-09-28,,2026-09-28,6.6
000317,2025-11-15,2025-11-15,,2025-11-15,4.2
000320,2025-11-12,2025-11-12,2,2025-11-12,3.1
000323,2025-12-21,2025-12-21,2,2025-12-21,3.0
000330,2025-11-02,2025-11-02,2,2025-11-02,4.1
000335,2025-11-28,2025-11-28,,2025-11-28,2.2
000355,2028-06-17,2028-05-17,,2028-06-17,3.6
000360,2026-02-18,NONE,2,NONE,31.4
000370,2026-09-02,2025-09-02,,2025-09-02,9.9
000378,2026-05-29,2026-05-29,2,2026-05-29,2.9
000384,2026-09-08,2026-07-08,2,2026-07-08,1.8
000385,2026-09-14,2026-09-14,2,2026-09-14,2.2
000386,2026-06-10,2025-06-11,2,2026-06-10,3.0
000392,2026-08-28,2026-08-28,2,2026-08-28,3.6
000406,2026-08-27,NONE,2,NONE,21.5
000407,2025-12-01,2025-12-01,2,2025-12-01,4.3
000408,2025-10-09,2025-10-09,2,2025-10-09,3.2
000411,2026-09-09,2026-09-09,2,2026-09-09,5.4
000422,2026-06-09,2026-06-09,2,2026-06-09,3.3
000423,2026-06-04,2026-06-02,b,2026-06-02,3.1
000429,2026-01-04,2025-01-04,,2026-01-04,5.5
000430,2028-02-01,2028-02-01,,2028-02-01,3.8
000440,2026-08-13,NONE,2,NONE,22.4
000443,2026-04-06,2026-04-06,,2026-04-06,4.1
000450,2026-03-11,2025-09-12,2,2026-03-11,3.1
000451,2026-02-27,2025-08-28,2,2026-02-27,3.6
000452,2026-03-25,2025-09-NONE,2,NONE,23.3
000453,2026-01-26,2025-08-27,2,2028-01-26,7.4
000454,2025-07-15,2025-07-15,2,2025-07-15,3.8
000455,2026-02-10,2026-02-10,2,2026-02-10,2.2
000456,2025-12-26,2025-12-26,2,2025-12-26,3.3
000467,2025-12-26,2025-12-26,,2025-12-26,5.5
000480,2026-06-04,2026-07-21,,2026-07-21,2.9
000494,2025-12-12,2025-12-12,2,2025-12-12,6.2
000495,2026-02-19,2026-02-01,2,2028-08-09,39.1
000496,2027-03-05,2027-03-05,,2027-03-05,3.3
000497,2026-08-31,NONE,,2026-08-31,3.8
000500,2026-12-17,2026-12-17,2,2026-12-17,4.2
000503,2026-02-18,2026-02-10,,2026-02-18,3.1
000505,2026-03-02,NONE,,2026-03-02,3.1
000506,2026-06-18,2026-06-11,2,2026-06-11,2.9
000507,2026-05-19,2025-08-20,2,2026-05-19,9.7
000519,2026-08-10,2026-08-10,2,2026-08-10,3.3
000521,2026-03-10,2026-03-10,2,2026-03-10,1.9
000522,2026-02-21,NONE,2,NONE,22.1
000523,2026-03-23,2026-03-23,2,2026-03-23,1.8
000546,2026-08-10,2026-08-10,2,2026-08-10,3.6
000571,NONE-10-18,2024-11-18,,2024-11-18,2.5
000576,2026-05-21,2020-02-NONE,2,2026-05-21,1.7
000584,2026-07-15,2026-07-15,2,2026-07-15,1.9
000589,2026-04-02,2026-04-02,,2026-04-02,2.0
000592,2025-03-25,2023-03-26,2,2023-03-26,3.8
000594,2026-08-25,2025-08-26,2,2026-08-25,2.4
000597,2026-09-02,2026-09-02,2,2026-09-02,2.2
000598,2026-03-09,2026-03-09,2,2026-03-09,4.7
000600,2026-08-31,2025-09-01,,2026-08-31,1.5
000601,2026-01-27,2026-01-27,,2026-01-27,2.3
000602,2026-09-22,2025-09-20,2,2025-09-20,1.8
000603,2026-09-24,NONE,,2026-09-24,2.2
000609,2027-06-11,2027-06-11,,2027-06-11,1.2
000613,2026-05-28,2026-05-28,,2026-05-28,1.4
000624,2027-06-15,2027-06-15,2,2027-06-15,1.6
000627,2026-10-06,NONE,2,NONE,20.9
000628,2025-02-03,2025-12-NONE,,2025-02-03,1.6
000667,2026-06-22,2026-06-22,2,2026-06-22,1.5
000669,2026-09-02,2026-09-02,2,2026-09-02,2.1
000670,2026-06-24,NONE-06-24,2,2026-06-24,4.9
000671,2026-03-31,2025-10-01,,2026-03-31,2.7
000686,2026-10-12,2025-10-12,2,2025-10-12,3.1
000690,2025-10-11,2025-10-11,2,2025-10-11,2.4
000691,2026-09-22,2026-09-22,2,2026-09-22,2.5
000693,2026-09-01,2026-09-01,2,2026-09-01,2.6
000733,2026-03-24,2026-03-NONE,,2026-03-24,2.4
000741,2025-12-03,2025-12-03,2,2025-12-03,2.9
000764,2026-03-12,NONE,,NONE,17.7
000768,2026-06-26,2026-06-26,,2026-06-26,3.4
000773,NONE-12-10,NONE-12-10,2,NONE-12-10,5.4
000774,2026-02-08,2026-02-08,,2026-02-08,3.0
000786,NONE-12-17,NONE-12-17,2,NONE-12-17,4.2
000795,2026-07-14,NONE,2,NONE,18.5
000796,2026-07-14,NONE,2,NONE,16.4
000798,NONE-12-20,2024-02-24,,2024-02-24,1.7
000804,2027-09-01,2027-09-01,d,2027-09-01,1.4
000824,NONE-12-18,NONE-12-18,2,NONE-12-18,4.5
000831,2026-07-16,2026-07-16,2,2026-07-16,4.4
000840,2026-01-01,NONE-01-31,,NONE-12-12,4.2
000842,2026-07-03,2026-07-03,,2026-07-03,3.9
000848,2026-05-21,2021-05-20,,2021-05-20,12.8
000851,2026-06-30,2026-06-30,,2026-06-30,2.1
000853,2026-09-24,2026-09-24,,2026-09-24,1.0
000854,2026-09-04,2026-09-04,,2026-09-04,5.4
000855,2026-08-25,2026-08-25,2,2026-08-25,2.2
000863,2021-10-22,2020-10-NONE,2,2020-10-NONE,1.7
000867,2021-10-23,NONE,2,NONE,25.6
000879,2021-05-11,2021-05-11,,2021-05-11,4.8
000880,2021-05-11,2020-07-15,2,2021-05-11,4.4
000884,2021-07-03,NONE,2,NONE,7.4
000887,2021-12-04,2021-01-02,,2021-12-04,8.9
000897,2025-05-19,2025-05-19,,2025-05-19,11.7
000906,2022-01-NONE,2022-10-15,,2022-10-15,2.2
000927,2021-08-23,2021-01-08,,2021-08-23,2.2
000934,2021-02-10,2021-01-25,2,2021-02-10,2.4
000936,2021-10-19,2021-10-19,2,2021-10-19,1.8
000942,2021-05-29,2021-05-29,2,2021-05-29,5.4
000944,2021-07-03,2021-07-03,,2021-07-03,4.7
000948,2021-10-24,2021-10-24,2,2021-10-24,6.7
000949,2021-10-24,2021-10-24,2,2021-10-24,10.7
000953,2021-02-05,2021-02-07,2,2021-02-07,3.0
000954,2021-02-05,2021-02-05,2,2021-02-05,2.0
000957,2021-02-22,2021-01-29,2,2021-02-22,3.4
000958,2021-02-22,2021-02-22,2,2021-02-22,1.9
000965,2020-07-24,2023-03-20,2,2023-07-20,43.3
000979,2021-06-14,2021-06-14,2,2021-06-14,2.3
000998,2021-11-11,2021-11-11,2,2021-11-11,5.7
000999,2021-11-11,2021-11-11,2b,2021-11-11,5.6
001006,2022-06-29,2022-06-NONE,2,2022-06-29,3.2
001007,2022-06-29,2022-06-29,2,2022-06-29,4.4
001012,2021-11-10,2021-11-10,2,2021-11-10,4.1
001013,2021-11-10,2021-11-10,2,2021-11-10,4.9
001028,2021-07-07,2021-08-01,2,2021-07-07,3.3
001029,2021-07-07,2021-07-07,2,2021-07-07,1.7
001035,2021-10-07,2020-07-07,2,2020-07-07,15.3
001036,2021-10-07,2021-10-07,2,2021-10-07,11.2
001061,2022-07-04,2022-07-04,2,2022-07-04,3.0
001063,2022-01-04,2022-01-04,2,2022-01-04,2.0
001064,2022-01-04,2022-01-04,,2022-01-04,2.3
001065,2022-05-04,2022-05-04,,2022-05-04,3.5
001067,2021-12-06,2021-01-12,,2021-12-06,1.8
001076,2021-07-31,2031-07-21,,2031-07-21,1.8
001090,2021-04-16,2021-04-16,2,2021-04-16,3.6
001092,2021-03-19,2021-03-19,2,2021-03-19,3.2
001094,2022-01-12,2022-01-12,2,2021-01-13,1.4
001095,2022-01-12,2022-01-NONE,2,2021-01-13,1.5
001096,2021-06-11,2021-11-06,2,2021-06-11,3.3
001097,2021-06-11,2021-01-01,2,2021-06-11,2.7
001098,2021-03-18,2021-03-18,2,2021-03-18,3.6
001100,2021-03-14,2021-03-14,2,2021-03-14,3.1
001101,2021-03-14,2021-01-14,2,2021-01-14,2.3
001104,2021-08-26,2021-08-26,2,2021-08-26,1.9
001105,2021-08-26,2020-08-26,2,2020-11-02,1.7
001116,2022-01-12,2022-01-12,,2022-01-12,1.1
001125,2021-12-28,2021-12-21,2,2021-12-21,1.8
001127,2021-06-10,2021-06-10,2,2021-06-10,3.5
001128,2021-06-10,2021-12-10,2,2021-12-10,3.1
001129,NONE-02-07,NONE,,NONE,10.0
001132,2021-02-19,2020-12-12,2,2021-02-19,2.1
001133,2021-02-19,2021-02-19,2,2021-02-19,1.8
001134,2021-03-03,2021-03-03,,2021-03-03,3.1
001141,2022-03-14,2022-03-14,2,2022-03-14,3.2
001146,2021-12-13,2021-12-13,2,2021-12-13,2.3
001147,2021-12-13,2021-12-13,2,2021-12-13,2.9
001150,2021-09-18,2021-09-18,,2021-09-18,2.2
001167,2022-01-20,2022-08-02,,2022-08-02,14.8
001185,2021-09-28,2021-09-26,2,2021-09-26,3.7
001189,2019-06-28,2019-06-28,2,2019-06-28,3.2
001190,2019-06-28,2019-06-28,2,2019-06-28,2.4
001193,2021-02-11,2021-02-11,2,2021-02-11,3.5
001199,2021-10-20,2021-10-20,2,2021-10-20,3.8
001200,2021-10-20,2020-10-21,2,2020-10-21,2.6
001225,2022-06-27,2022-06-27,2,2022-06-27,7.3
001226,2022-06-27,2020-12-28,2,2022-06-27,4.0
001227,2022-01-11,2022-01-11,2,2022-01-11,5.4
001228,2022-01-11,2021-01-12,2,2022-01-11,4.3
001229,2021-10-28,2021-10-28,,2021-10-28,2.7
001230,2021-10-28,2021-10-28,,2021-10-28,2.4
001246,2022-01-19,2022-01-19,2,2022-01-19,6.2
001247,2022-01-19,2022-01-19,2,2022-01-19,3.9
001250,2021-04-11,2021-01-12,2,2021-04-11,4.0
001251,2021-04-11,2021-01-12,2,2021-04-11,2.8
001253,2021-08-19,2021-06-19,,2021-08-11,1.3
001278,2022-01-03,2022-01-03,2,2022-01-03,3.2
001290,2024-11-21,2024-01-21,,2024-11-21,2.2
001292,2022-11-05,2022-11-05,2,2022-11-05,19.5
001295,2021-11-NONE,2021-12-11,,2021-12-11,1.7
001301,2021-11-29,2021-11-29,2,2021-11-29,2.1
001302,2021-11-29,2029-11-21,d,2029-11-21,2.2
001303,2021-09-14,2021-09-14,2,2021-09-14,5.3
001305,2021-04-12,2021-04-01,,2021-04-12,4.6
001317,2022-12-07,2022-12-07,2,2022-12-07,6.6
001318,2022-12-07,2020-12-07,2,2020-12-07,4.3
001320,2021-11-22,2028-12-07,,2028-12-07,5.4
001323,2023-07-09,2023-07-09,2,2023-07-09,2.9
001324,2023-07-09,2023-07-09,2,2023-07-09,6.5
001340,2021-11-25,2021-11-25,2,2021-11-25,5.0
001341,2021-11-25,2021-11-25,2,2021-11-25,4.7
001344,2021-08-10,2022-11-02,,2022-11-02,8.2
001357,NONE-08-20,2022-08-NONE,,2022-08-NONE,2.7
001362,2021-04-NONE,2021-10-13,,2021-10-13,6.3
001363,2021-04-NONE,2021-10-13,,2021-10-13,15.1
001366,2021-09-29,2021-09-29,2,2021-09-29,10.3
001367,2021-09-29,2021-09-22,2,2021-09-22,3.5
001381,2021-04-09,2021-01-04,,2021-04-09,4.2
001382,2023-01-05,2023-01-05,,2023-01-05,4.0
001391,2021-02-25,2021-12-01,,2021-12-01,3.5
001413,2021-07-23,2021-07-23,,2021-07-23,4.5
001414,2021-07-23,2021-07-24,2,2021-07-24,2.1
001425,2021-06-22,2021-06-22,2,2021-06-22,4.2
001435,2021-10-04,2021-02-18,,2021-02-18,11.3
001443,2021-09-06,2021-09-06,,2021-09-06,2.7
001446,2021-10-28,2021-10-NONE,,2021-10-28,1.7
001455,2022-04-02,2022-01-02,,2022-04-02,5.7
001476,2022-05-10,2020-11-01,2,2020-11-01,7.7
001477,2022-05-10,NONE,2,NONE,15.2
001490,2021-08-06,2021-08-06,2,2021-08-06,3.4
001522,2021-06-14,2021-06-14,2,2021-06-14,5.0
001523,2021-06-14,2021-01-15,2,2021-01-15,2.0
001530,2021-02-11,2021-02-11,,2021-02-11,2.7
001536,2021-02-19,2021-02-19,,2021-02-19,5.1
001537,2021-02-19,2021-02-26,2,2021-01-25,5.8
001540,2021-06-13,2021-06-13,2,2021-06-13,3.5
001541,2021-06-13,2020-12-14,2,2021-06-13,2.6
001548,2022-09-28,NONE,2,NONE,17.1
001555,2020-06-03,2020-05-03,,2020-06-03,1.8
001556,2022-03-16,2022-03-16,2,2022-03-16,4.8
001557,2022-03-16,2022-03-16,2,2022-03-16,4.5
001563,2020-08-05,NONE,2,NONE,20.1
001564,2020-08-05,NONE,2,NONE,10.5
001596,2021-02-25,2021-02-25,2,2021-02-25,2.9
001597,2021-03-07,2021-03-07,2,2021-03-07,2.6
001598,2021-03-07,2018-02-NONE,2,2018-02-NONE,2.9
001635,2021-12-22,2021-12-22,,2021-12-22,2.4
001636,2021-12-22,2023-02-12,2,2023-02-12,3.0
001643,2021-10-16,2021-10-16,,2021-10-16,4.0
001649,2019-08-18,2021-01-21,,2021-01-21,2.8
001670,2021-10-23,2021-10-23,2,2021-10-23,6.0
001671,2021-10-23,2021-10-23,2,2021-10-23,4.7
001679,2021-03-16,2021-03-16,2,2021-03-16,2.8
001685,2021-11-29,2021-11-29,2,2021-11-29,4.2
001710,2021-10-15,2021-10-15,2,2021-10-15,3.7
001711,2021-10-15,2021-10-15,2,2021-10-15,2.9
001712,2021-07-18,2021-07-18,2,2021-07-18,5.4
001721,2021-07-06,2021-07-06,2,2021-07-06,4.1
001722,2021-07-06,2021-07-06,2,2021-07-06,5.2
001744,2022-01-28,2022-01-28,2,2022-01-28,3.3
001745,2022-01-28,2022-01-NONE,2,2022-01-NONE,3.6
001746,2021-10-12,2021-10-12,2,2021-10-12,4.1
001748,2019-07-03,2030-12-14,2,2030-12-14,18.6
001753,2022-01-10,2022-01-10,,2022-01-10,2.9
001756,2021-12-30,2021-12-20,2,2021-12-20,4.0
001765,2021-09-10,2021-09-21,,2021-09-21,3.4
001766,2021-09-10,2021-09-10,,2021-09-10,2.7
001767,2021-06-29,2021-06-29,2,2021-06-29,1.8
001768,2021-06-29,2020-12-30,2,2021-06-29,3.0
001770,2019-10-18,2019-04-19,2,2019-10-18,2.1
001780,2020-09-01,2020-09-01,2,2020-09-01,10.1
001781,2020-09-01,2020-09-01,2,2020-09-01,9.5
001797,2020-05-26,NONE,2,NONE,17.9
001801,2021-03-05,2021-03-05,,2021-03-05,4.9
001802,2021-05-03,2021-08-05,,2021-08-05,3.0
001805,2020-11-09,2020-11-09,2,2020-02-10,4.8
001806,2020-11-09,NONE,2,NONE,9.2
001808,2020-08-13,2020-08-13,2,2020-08-13,2.8
001809,2020-08-13,2020-08-13,2,2020-08-13,3.2
001812,2021-03-26,2021-03-26,2,2021-03-26,2.3
001813,2021-03-26,2021-03-26,2,2021-03-26,3.0
001816,2021-04-14,2021-04-14,,2021-04-14,7.1
001817,2021-04-14,2021-01-16,2,2021-04-14,13.7
001818,2022-01-18,2021-01-19,,2022-01-18,10.4
001819,2022-01-18,2022-01-18,2,2022-01-18,5.1
001821,2020-09-01,2020-09-01,,2020-09-01,4.9
001832,2022-09-02,2020-09-02,2,2020-09-02,4.7
001857,2022-07-17,2022-07-17,,2022-07-17,4.1
001860,2022-07-06,2030-10-05,,2030-10-05,9.1
001861,2023-06-18,2023-06-18,,2023-06-18,6.4
001862,2023-06-18,2023-06-18,,2023-06-18,4.4
001869,2021-09-26,2021-09-26,2,2021-09-26,3.7
001870,2021-09-26,2021-09-26,2,2021-09-26,2.1
001871,2022-11-10,2020-11-10,2,2022-11-10,3.7
001875,2022-10-21,2021-12-01,,2022-10-21,2.4
001885,2021-12-05,2021-12-05,2,2021-12-05,6.6
001886,2021-12-05,2021-12-05,2,2021-12-05,3.2
001901,2021-10-28,2021-10-28,,2021-10-28,2.6
001903,2027-08-21,2027-08-21,2,2027-08-21,3.4
001906,2021-09-03,2021-09-03,2,2021-09-03,2.4
001909,2021-12-29,2021-12-29,,2021-12-29,4.0
001910,2021-05-07,2021-05-07,2,2021-05-07,6.5
001947,2022-08-10,2020-08-10,2,2020-08-10,3.5
001948,2022-08-10,2022-08-10,2,2022-08-10,11.1
001953,2021-10-NONE,2021-10-NONE,,2021-01-04,32.5
001954,2021-10-NONE,2027-10-NONE,,2021-07-04,4.8
001961,2027-03-21,2027-03-21,,2027-03-21,1.6
001963,2021-10-09,2021-10-09,2,2021-10-09,1.7
001969,2021-08-NONE,2030-02-02,,2030-02-02,8.2
001975,2021-02-26,2026-02-21,d,2026-02-21,4.0
002001,2022-01-27,2022-02-01,,2022-02-01,2.6
002007,2022-01-14,2022-01-14,,2022-01-14,5.8
002049,2021-03-25,2021-03-25,,2021-03-25,4.4
002050,2021-03-25,2021-03-25,,2021-03-25,4.5
002062,2023-02-NONE,2020-02-NONE,,2023-02-NONE,3.7
002066,2020-04-30,2020-04-30,2,2020-04-30,3.6
002067,2020-04-30,2020-04-30,2,2020-04-30,3.9
002083,2020-11-06,2020-11-06,2,2020-11-06,2.7
002084,2020-11-06,2020-03-13,,2020-11-06,2.9
002102,2021-12-25,2021-02-11,,2021-12-19,2.0
002141,2021-04-11,2021-04-11,,2021-04-11,1.6
002146,2022-07-26,2022-07-26,,2022-07-26,5.3
002152,2019-07-11,2019-07-18,2,2019-07-18,1.6
002153,2019-07-11,2019-07-18,2,2019-07-18,1.9
002164,2021-01-29,2020-10-30,2,2021-01-29,2.4
002165,2021-01-29,2020-10-30,2,2021-01-29,2.7
002180,2022-01-19,2022-01-19,,2022-01-19,4.7
002192,2020-10-20,2026-10-20,,2026-10-20,5.7
002196,2021-10-28,2021-10-28,,2021-10-28,2.6
002202,2020-10-08,2020-05-02,,2020-05-02,3.9
002203,2021-01-08,2021-09-10,2,2021-01-08,5.1
002210,2020-09-22,2020-09-22,2,2020-09-22,5.9
002244,2021-05-21,2021-05-21,2,2021-05-21,7.1
002245,2021-05-21,2021-05-21,2,2021-05-21,4.7
002254,2021-10-26,2021-10-26,2,2021-10-26,9.6
002255,2021-10-26,2021-10-26,2,2021-10-26,6.4
002263,2021-12-01,2021-12-NONE,,2021-12-01,2.4
002275,2023-12-22,2023-12-22,2,2023-12-22,1.9
002276,2023-12-22,2023-12-02,2,2023-12-02,1.6
002283,2022-01-20,2022-01-20,2,2022-01-20,3.5
002309,NONE-03-13,NONE-03-13,2,NONE-03-13,7.4
002310,NONE-03-13,NONE-03-01,2,NONE-03-01,2.7
002313,2021-10-17,2021-10-17,2,2021-10-17,2.3
002326,2022-10-23,2022-10-23,,2022-10-23,2.5
002328,2021-10-20,2020-10-21,2,2020-10-21,2.0
002341,2021-12-15,2021-12-15,2,2021-12-15,3.2
002342,2021-12-15,2021-12-15,2,2021-12-15,1.9
002385,2019-08-18,2019-08-18,2,2019-08-18,3.6
002386,2019-08-18,2019-08-18,2,2019-08-18,3.4
002394,2020-07-01,NONE,,NONE,9.3
002408,2022-10-29,2022-10-29,2,2022-10-29,2.1
002409,2022-10-29,2019-10-29,2,2019-10-29,2.1
002429,2022-07-03,2022-07-03,,2022-07-03,3.1
002449,2021-06-09,2021-06-09,2,2021-06-09,1.8
002450,2021-06-09,NONE,2,NONE,7.6
002456,2024-09-15,2024-09-15,,2024-09-15,6.1
002460,2021-11-30,2021-01-30,,2021-11-30,3.1
002467,2021-05-18,2021-05-18,2,2021-05-18,2.2
002471,2021-03-18,2021-03-18,2,2021-03-18,3.5
002472,2021-03-18,2021-03-18,2,2021-03-18,2.3
002473,2021-03-16,2021-03-16,2,2021-03-16,5.5
002474,2021-03-16,2021-03-16,2,2021-03-16,4.4
002475,2021-03-13,2021-03-13,,2021-03-13,4.0
002493,2022-02-10,2022-02-10,2,2022-02-10,3.3
002494,2022-02-10,2022-02-10,,2022-02-10,2.1
002539,2021-08-05,2021-08-NONE,,2021-08-05,15.0
002566,2021-10-15,2021-10-15,,2021-10-15,3.7
002570,2021-05-07,2021-05-07,2,2021-05-07,5.3
002571,2021-05-07,2021-01-08,2,2021-05-07,2.6
002588,2023-10-15,2023-10-15,2,2023-10-15,2.9
002592,2023-08-11,2023-08-11,,2023-08-11,3.8
002603,2022-07-07,2022-07-07,,2022-07-07,3.1
002610,2021-07-11,2020-11-13,2,2020-11-13,1.9
002629,2023-05-NONE,2023-05-20,,2023-05-20,8.7
002642,2021-10-31,2021-10-31,,2021-10-31,5.0
002645,2021-12-14,2021-12-14,,2021-12-14,5.2
002661,2022-01-11,2022-01-11,2,2022-01-11,6.3
002662,2022-01-11,2022-01-11,2,2022-01-11,5.6
002663,2021-08-18,2021-08-18,2,2021-08-18,4.8
002664,2021-08-18,2021-08-18,2,2021-08-18,3.3
002684,2021-12-03,2027-12-03,,2027-12-03,1.9
002699,2021-08-23,2021-08-23,,2021-08-23,4.5
002713,2021-10-22,2021-12-12,,2021-10-22,4.7
002714,2021-10-22,2021-12-12,?b,2021-10-22,2.7
002739,2021-09-26,2021-09-26,2,2021-09-26,2.5
002745,2024-04-06,2024-04-06,,2024-04-06,3.1
002747,2022-01-08,2022-01-08,,2022-01-08,3.8
002751,2022-02-20,2022-02-20,2,2022-02-20,3.3
002761,2023-06-01,2023-06-01,2,2023-06-01,7.5
002765,2021-03-16,2021-02-03,,2021-03-16,4.1
002781,2021-04-06,2021-04-06,,2021-04-06,2.8
002786,2022-06-22,2022-06-22,2,2022-06-22,10.7
002787,2022-06-22,2020-06-23,2,2022-06-22,8.9
002799,2021-12-27,2021-12-27,2,2021-12-27,6.3
002815,2021-06-28,2021-01-29,2,2021-06-28,4.8
002816,2021-06-28,2020-02-10,2,2020-02-10,8.5
002836,2021-08-01,2021-08-01,,2021-08-01,3.1
002847,2021-12-30,2021-12-30,,2021-12-30,4.3
002861,2021-03-25,2021-03-25,,2021-03-25,3.2
002866,2022-02-28,2022-02-28,d,2028-02-02,8.6
002880,2021-04-13,2021-04-13,2,2021-04-13,7.1
002881,2021-04-13,2021-04-13,2,2021-04-13,2.9
002907,2021-10-30,2021-10-30,2,2021-10-30,8.8
002908,2021-10-30,2021-10-30,,2021-10-30,4.2
002911,2021-06-30,2021-06-30,,2021-06-30,3.3
002918,2021-04-30,2030-04-02,,2030-04-02,3.2
002928,NONE-04-08,2024-08-20,,2024-08-20,9.9
002932,2022-02-01,2022-02-01,,2022-02-01,4.3
002934,2022-02-02,2022-02-02,,2022-02-02,5.5
002940,2022-07-29,2029-07-02,,2029-07-02,2.5
002974,2022-03-15,2022-03-15,2,2022-03-15,1.9
002975,2022-03-15,2022-03-15,2,2022-03-15,1.6
002977,2020-05-12,2020-12-05,,2020-12-05,2.6
002989,2021-07-20,2024-07-20,,2024-07-20,4.5
002990,2021-03-20,2021-09-05,,2021-09-05,2.0
003013,2024-01-29,2029-05-21,,2024-01-29,1.9
003051,2020-12-19,2020-12-19,,2020-12-19,1.8
003061,2022-03-05,2022-03-05,2,2022-03-05,2.5
003066,2021-11-12,2021-01-11,,2021-11-12,2.4
003069,2020-08-09,2020-08-09,2,2020-08-09,2.6
003081,2021-12-02,2021-12-02,2,2021-12-02,3.6
003082,2021-12-02,2021-12-02,2,2021-12-02,4.9
003092,2021-09-17,2021-09-17,,2021-09-17,6.3
003100,2022-11-21,2022-11-21,,2022-11-21,4.7
003101,2022-11-21,2022-11-21,,2022-11-21,3.6
003114,2021-09-25,2021-09-25,,2021-09-25,3.2
003115,2021-09-25,2022-09-05,2,2022-09-05,2.3
003122,2021-09-15,2021-05-15,,2021-09-15,7.3
003126,2021-02-16,2021-02-16,,2021-02-16,1.8
003140,2021-07-12,2021-07-12,2,2021-07-12,3.4
003141,2021-07-12,2021-01-13,2,2021-07-12,2.2
003142,2021-12-11,2021-12-11,2,2021-12-11,2.9
003143,2021-12-11,2020-12-12,2,2021-12-11,2.6
003163,2021-02-16,2020-11-17,,2021-02-16,4.2
003172,2021-06-20,2020-06-21,d,2020-06-21,11.9
003184,2021-06-28,2020-06-28,,2021-06-28,2.5
003186,2021-10-21,2021-10-21,2,2021-10-21,2.1
003191,2021-11-19,2021-11-19,2,2021-11-19,2.4
003192,2021-11-19,2021-11-19,2,2021-11-19,3.8
003196,2022-11-05,2022-11-05,,2022-11-05,1.9
003221,2021-03-08,2021-03-05,2,2021-03-05,3.1
003224,2021-08-21,2021-09-01,,2021-08-22,2.6
003225,2021-08-21,2020-02-20,2,2021-08-21,2.5
003228,2022-04-26,2022-04-24,2,2022-04-24,1.6
003231,2021-04-04,2021-04-04,,2021-04-04,1.5
003239,2021-11-06,2021-11-06,2,2021-11-06,4.5
003240,2021-11-06,2020-01-04,2,2021-11-06,2.5
003241,2022-01-28,2022-01-28,,2022-01-28,3.2
003242,2022-01-28,2025-01-22,2,2025-01-22,2.6
003245,2021-09-20,2020-09-20,2,2020-09-20,3.5
003283,2021-09-10,2021-09-10,,2021-09-10,22.5
003286,2021-08-06,2021-08-06,2,2021-08-06,4.0
003287,2021-09-25,2021-09-02,2,2021-09-21,3.5
003288,2021-09-25,2021-09-25,2,2021-09-25,3.0
003289,2022-01-31,2022-08-10,2,2022-08-10,3.8
003296,2021-11-26,2021-11-26,2,2021-11-26,3.0
003299,2022-10-NONE,2022-10-NONE,,2022-10-NONE,6.3
003310,2020-08-29,2020-10-04,,2020-10-04,2.4
003312,2021-03-11,2021-03-NONE,2,2021-03-NONE,4.2
003330,2021-11-03,2021-01-03,,2021-11-03,4.3
003347,2027-09-01,2025-09-01,2d,2025-09-01,2.0
003349,2025-12-10,2025-01-10,2,2025-12-10,6.1
003350,2025-12-10,2022-10-10,2,2025-12-10,7.6
000072,2026-04-25,2026-04-25,,2026-04-25,5.3
000075,2026-01-06,2026-01-06,,2026-01-06,3.4
000077,2026-03-07,2026-03-07,,2026-03-07,2.2
000079,2026-01-31,2026-01-31,,2026-01-31,3.2
000085,2026-03-30,2026-09-30,,2026-09-30,3.0
000093,2026-04-23,2026-04-23,,2026-04-23,1.3
000095,2026-07-29,2026-07-29,,2026-07-29,6.7
000100,2026-02-11,2026-02-11,,2026-02-11,2.7
000102,2025-11-13,2025-11-13,,2025-11-13,1.6
000106,NONE-10-20,NONE,,NONE,27.9
000109,2025-12-12,2025-12-12,b,2025-12-12,5.3
000113,2026-01-16,2026-01-16,,2026-01-16,2.1
000115,2025-12-08,2025-12-08,,2025-12-08,14.9
000117,2025-11-28,2025-11-28,,2025-11-28,1.9
000121,2027-04-13,2027-04-13,,2027-04-13,1.7
000126,2026-06-12,2026-06-12,,2026-06-12,2.1
000128,2026-05-28,2026-05-28,,2026-05-28,3.9
000130,2027-02-05,2027-02-05,,2027-02-05,1.8
000132,2026-08-21,2026-08-21,,2026-08-21,2.0
000135,2026-04-18,2026-04-18,,2026-04-18,3.8
000137,2026-03-26,2026-03-26,,2026-03-26,3.4
000139,2026-07-26,2026-07-26,,2026-07-26,4.0
000141,2026-09-17,2026-09-17,,2026-09-17,2.4
000144,2027-03-25,2027-03-25,,2027-03-25,3.6
000145,2027-03-24,2027-03-24,,2027-03-24,4.6
000147,2026-03-21,2026-03-21,,2026-03-21,1.8
000149,2026-04-28,2026-04-28,,2026-04-28,5.4
000151,2026-09-07,2026-09-07,,2026-09-07,2.6
000152,2026-07-31,2026-07-31,,2026-07-31,2.1
000155,2026-06-22,2026-06-22,,2026-06-22,1.2
000156,2026-07-29,2026-07-29,,2026-07-29,2.3
000157,2027-07-08,NONE,t,NONE,14.3
000159,2027-01-08,2027-01-01,,2027-01-08,5.8
000161,2027-05-10,2027-05-10,,2027-05-10,4.0
000163,2026-11-20,2026-11-20,,2026-11-20,1.5
000164,2026-04-27,2026-04-27,,2026-04-27,2.4
000165,2027-01-13,2027-01-13,,2027-01-13,1.2
000166,2027-08-18,2027-08-NONE,,2027-08-NONE,6.8
000167,2026-08-07,2026-08-07,,2026-08-07,6.3
000169,2026-03-18,2026-03-18,,2026-03-18,1.4
000170,2026-09-07,2026-09-07,,2026-09-07,1.7
000173,2026-09-17,2026-09-17,,2026-09-17,1.8
000182,2026-10-01,2026-10-01,,2026-10-01,3.5
000184,2027-11-19,2027-11-01,,2027-11-01,2.7
000185,2028-03-15,2028-03-15,,2028-03-15,4.3
000186,2028-04-14,2028-04-14,,2028-04-14,1.2
000187,2028-02-05,2028-02-05,,2028-02-05,3.0
000189,2026-08-25,2026-08-25,,2026-08-25,5.8
000190,2022-11-26,2022-11-26,,2022-11-26,18.5
000191,2026-06-15,NONE,,NONE,17.4
000192,2026-06-24,2024-06-01,,2024-06-01,3.2
000194,2027-04-23,2027-04-23,,2027-04-23,2.1
000195,2027-07-01,2027-07-01,,2027-07-01,1.9
000196,2027-02-27,2027-02-27,,2027-02-27,1.6
000198,2026-05-08,2022-12-15,,2022-12-15,4.3
000200,2027-07-14,2021-07-NONE,,2021-07-NONE,11.7
000201,2027-03-30,2027-03-30,,2027-03-30,4.1
000202,2027-02-06,2027-02-06,,2027-02-06,2.0
000203,2026-07-01,2026-07-08,,2026-07-08,16.3
000204,2026-06-18,2026-06-18,,2026-06-18,3.4
000205,2027-05-18,2027-05-18,,2027-05-18,1.7
000206,2026-05-08,2026-05-08,,2026-05-08,2.4
000208,2026-04-13,NONE,,2026-04-13,2.0
000212,2026-12-16,2026-12-16,,2026-12-16,12.2
000213,2026-03-20,2026-03-20,,2026-03-20,1.8
000217,2027-03-08,2027-03-08,,2027-03-08,3.9
000218,2026-05-03,2026-05-03,,2026-05-03,1.8
000219,2026-09-07,2026-09-07,,2026-09-07,1.3
000220,2026-02-23,2026-02-23,,2026-02-23,1.8
000221,2026-07-15,2026-07-15,,2026-07-15,1.9
000222,2026-03-25,2026-03-25,,2026-03-25,2.9
000223,2026-08-13,2026-08-13,,2026-08-13,1.4
000225,2026-04-06,2026-04-06,,2026-04-06,3.0
000227,2028-09-17,2028-09-17,,2028-09-17,6.3
000228,2025-10-20,2025-10-20,,2025-10-20,1.6
000229,2025-10-28,2022-10-11,,2022-10-11,7.3
000230,2026-03-28,2026-03-28,,2026-03-28,2.3
000232,2027-11-26,NONE,e,NONE,17.4
000233,2028-01-13,2021-01-22,,2021-01-22,9.6
000235,2026-03-08,2026-03-08,,2026-03-08,2.7
000236,2026-04-08,2026-04-08,,2026-04-08,4.0
000237,2026-06-05,2026-06-05,,2026-06-05,4.1
000240,2027-05-20,2027-05-20,,2027-05-20,3.4
000241,2027-08-10,2027-08-10,,2027-08-10,3.1
000243,2026-08-17,2026-08-17,,2026-08-17,1.4
000247,2026-05-20,2026-05-20,,2026-05-20,1.4
000253,2026-06-20,2026-06-20,,2026-06-20,1.9
000256,2027-01-02,2027-01-02,,2027-01-02,1.3
000257,2025-12-10,2025-12-10,,2025-12-10,1.1
000258,2026-05-30,2026-05-30,,2026-05-30,4.9
000259,2025-11-09,2025-11-09,,2025-11-09,2.3
000260,2027-04-01,2027-04-01,,2027-04-01,1.4
000262,2027-01-10,2027-01-10,b,2027-01-10,4.2
000263,2028-01-22,NONE,,NONE,20.3
000265,2026-11-26,2026-11-26,,2026-11-26,1.8
000266,2025-12-04,NONE,b,NONE,23.3
000267,2026-06-02,2026-06-02,,2026-06-02,8.2
000269,2026-05-15,2026-05-15,,2026-05-15,5.7
000270,2026-09-03,2026-09-03,,2026-09-03,3.2
000271,2026-03-24,2026-03-22,,2026-03-24,2.5
000272,2026-05-10,2026-05-10,,2026-05-10,2.1
000275,2026-04-23,2026-04-23,,2026-04-23,6.7
000280,2026-03-23,2026-03-23,,2026-03-23,2.0
000281,2026-07-15,2026-07-15,,2026-07-15,3.9
000282,2026-09-10,2026-09-10,,2026-09-10,3.1
000283,2027-09-17,2027-09-17,,2027-09-17,2.1
000285,2027-07-02,2027-07-02,,2027-07-02,2.1
000286,2027-03-11,2027-03-11,,2027-03-11,13.3
000287,2027-02-18,2027-02-18,,2027-02-18,5.7
000288,2028-07-25,2028-07-25,b,2028-07-25,3.9
000289,2030-07-23,2030-07-23,,2030-07-23,1.5
000290,2027-03-02,2027-03-02,,2027-03-02,7.1
000291,2027-07-21,2027-07-21,,2027-07-21,3.1
000292,2026-02-13,2026-02-13,,2026-02-13,1.4
000295,2025-11-08,2025-11-08,,2025-11-08,2.4
000296,2026-07-28,2026-07-28,,2026-07-28,1.9
000299,2026-05-13,2026-05-13,,2026-05-13,5.3
000300,2026-05-21,2026-05-21,,2026-05-21,2.8
000301,2027-04-09,2027-04-09,,2027-04-09,1.7
000302,2026-03-15,2026-03-15,,2026-03-15,1.4
000303,2026-07-31,2026-07-31,,2026-07-31,3.1
000304,2026-06-01,2026-06-01,,2026-06-01,2.4
000305,2026-02-24,2026-02-24,,2026-02-24,14.7
000306,2026-09-16,2026-09-16,,2026-09-16,2.2
000307,2025-11-14,2025-11-14,,2025-11-14,1.7
000308,2025-12-04,2025-12-04,,2025-12-04,1.2
000312,2026-08-26,2026-08-26,,2026-08-26,1.7
000313,2026-03-17,2026-03-17,,2026-03-17,2.9
000315,2026-07-19,2026-07-19,,2026-07-19,1.0
000316,2027-03-01,2027-03-01,,2027-03-01,1.8
000319,2026-02-14,2026-02-14,,2026-02-14,1.9
000322,2025-10-29,2025-10-29,,2025-10-29,1.1
000324,2027-05-15,2027-05-15,,2027-05-15,3.8
000325,2025-11-03,2025-11-03,,2025-11-03,3.0
000326,2025-10-18,2025-10-18,,2025-10-18,3.5
000328,2025-12-25,2025-12-25,,2025-12-25,4.0
000329,2025-12-25,2025-12-25,,2025-12-25,2.9
000331,2025-10-31,2025-10-31,,2025-10-31,2.3
000332,2025-10-22,2025-10-22,,2025-10-22,2.1
000333,2025-11-07,2025-11-07,,2025-11-07,1.7
000334,2026-03-15,2026-03-15,,2026-03-15,1.8
000336,2025-11-20,2025-11-20,,2025-11-20,14.2
000337,2025-12-09,2025-12-09,,2025-12-09,1.1
000338,2026-05-28,2026-05-28,,2026-05-28,1.2
000340,2026-08-11,2026-08-11,,2026-08-11,1.4
000341,2026-04-29,2026-04-29,,2026-04-29,1.6
000342,2026-06-22,2026-06-22,,2026-06-22,1.1
000344,2026-08-04,2026-08-04,,2026-08-04,1.6
000345,2026-04-09,2026-04-09,,2026-04-09,3.9
000346,2026-05-15,2026-05-15,,2026-05-15,2.9
000347,2027-05-26,2027-05-26,,2027-05-26,9.1
000348,2026-04-02,2026-04-02,,2026-04-02,4.3
000349,2025-12-07,2025-12-07,,2025-12-07,1.8
000350,2027-05-15,2027-05-15,,2027-05-15,3.4
000352,2026-08-27,2026-08-27,,2026-08-27,2.4
000353,2026-03-08,2026-03-08,,2026-03-08,2.6
000354,2027-07-06,2027-07-06,,2027-07-06,2.6
000356,2027-03-17,2027-03-17,,2027-03-17,3.5
000357,2027-08-11,2027-08-11,,2027-08-11,3.8
000359,2026-06-16,2026-06-16,,2026-06-16,4.6
000361,2026-12-19,2026-12-12,,2026-12-12,14.6
000363,2026-04-21,2026-04-21,,2026-04-21,2.5
000364,2026-06-04,2026-06-04,,2026-06-04,10.6
000365,2026-03-11,2026-03-11,,2026-03-11,4.2
000366,2026-09-05,2026-09-05,,2026-09-05,3.3
000367,2026-05-18,2026-05-18,,2026-05-18,4.0
000368,2026-09-22,2026-09-22,,2026-09-22,17.8
000369,2027-06-25,2027-06-25,,2027-06-25,2.1
000371,2026-02-15,2026-02-15,,2026-02-15,1.9
000372,2026-09-15,2026-09-15,,2026-09-15,3.1
000373,2026-09-18,NONE,,NONE,36.3
000374,2026-08-28,2026-08-28,,2026-08-28,8.7
000375,2026-05-31,2026-05-31,,2026-05-31,4.0
000376,2025-10-07,2025-10-07,,2025-10-07,4.5
000377,2026-07-01,2026-07-01,,2026-07-01,25.2
000379,2026-09-05,2026-09-05,d,2026-09-05,3.1
000380,2026-09-02,2026-09-02,,2026-09-02,2.0
000381,2027-01-20,2027-01-20,,2027-01-20,1.2
000382,2026-08-18,2026-08-18,,2026-08-18,2.2
000383,2026-04-03,2026-04-03,,2026-04-03,2.5
000387,2027-01-21,2027-01-21,,2027-01-21,3.0
000390,2026-05-19,2021-03-23,,2021-03-23,11.1
000391,2026-12-10,2026-12-10,,2026-12-10,2.3
000393,2027-08-02,2027-08-02,,2027-08-02,1.9
000394,2026-04-14,2026-04-14,,2026-04-14,6.6
000396,2026-02-27,2026-02-27,,2026-02-27,2.9
000397,2026-02-19,2026-02-19,,2026-02-19,2.8
000398,2027-07-30,2027-07-30,,2027-07-30,1.6
000399,2027-01-31,2027-01-31,,2027-01-31,2.2
000401,2027-04-12,2027-04-12,,2027-04-12,2.1
000402,2019-04-28,2019-04-28,,2019-04-28,4.5
000403,2027-04-01,2027-04-01,,2027-04-01,5.8
000404,2026-06-10,2026-06-10,,2026-06-10,1.4
000405,2027-10-15,2020-07-01,,2020-07-01,42.7
000410,2027-04-13,2027-04-13,,2027-04-13,1.7
000412,2026-01-19,2026-01-19,,2026-01-19,3.3
000414,2026-04-07,2026-04-07,,2026-04-07,1.4
000416,2026-04-07,2026-07-01,,2026-07-01,2.1
000417,2026-03-15,2026-03-15,,2026-03-15,2.2
000418,2026-09-08,2026-09-08,,2026-09-08,5.3
000419,2026-08-05,2026-08-05,,2026-08-05,2.4
000420,2025-12-04,2025-12-04,,2025-12-04,3.1
000421,2026-07-17,2026-07-17,,2026-07-17,1.4
000424,2026-03-28,2026-03-28,,2026-03-28,5.4
000425,2025-11-05,2025-11-05,,2025-11-05,1.7
000426,2026-12-26,2026-12-26,,2026-12-26,1.8
000427,2027-04-01,2027-04-01,,2027-04-01,1.5
000431,2026-03-17,2026-03-17,,2026-03-17,2.6
000433,2026-08-05,2026-08-05,,2026-08-05,6.1
000434,2026-10-28,2026-10-28,,2026-10-28,2.6
000435,2026-07-14,2026-07-14,,2026-07-14,1.8
000436,2026-02-12,2026-02-12,,2026-02-12,1.8
000437,2025-11-19,NONE,,NONE,15.3
000438,2026-02-19,NONE,t,NONE,13.8
000439,2026-03-18,2026-03-18,,2026-03-18,1.6
000442,2025-11-30,2025-11-30,,2025-11-30,2.2
000444,2026-07-01,2026-07-01,,2026-07-01,2.4
000445,2026-07-17,2026-07-17,,2026-07-17,12.5
000447,2025-11-22,2025-11-22,,2025-11-22,3.0
000448,2026-08-20,2026-08-20,,2026-08-20,1.7
000449,2026-01-28,2026-01-28,,2026-01-28,4.3
000459,2026-01-19,NONE-01-19,,NONE-01-19,30.3
000461,2026-11-28,2026-11-28,,2026-11-28,2.0
000462,2027-05-27,2027-05-27,,2027-05-27,1.8
000464,2026-03-19,2026-05-19,,2026-05-19,7.8
000465,2027-07-30,2027-07-30,t,2027-07-30,1.6
000466,2027-06-07,2027-06-17,t,2027-06-17,1.8
000468,2026-04-06,NONE,?,NONE,13.2
000469,2026-07-21,2026-07-21,,2026-07-21,2.8
000470,2026-08-06,2026-08-06,,2026-08-06,2.6
000471,2027-01-08,2027-01-08,,2027-01-08,3.1
000473,2026-05-21,NONE,,NONE,18.5
000474,2026-06-26,2026-06-06,,2026-06-06,2.7
000476,2026-07-06,2026-07-06,,2026-07-06,1.3
000477,2026-07-21,2026-07-21,,2026-07-21,1.8
000478,2026-06-11,NONE,,NONE,12.5
000479,2026-05-22,2026-05-22,,2026-05-22,1.8
000481,2026-03-09,2026-03-09,,2026-03-09,1.2
000482,2026-11-14,2025-01-02,b,2025-01-02,9.0
000483,2027-04-15,2027-04-15,,2027-04-15,1.3
000484,2027-11-14,2027-11-14,,2027-11-14,3.3
000485,2027-09-17,NONE,,NONE,13.9
000487,2027-12-11,2027-12-11,,2027-12-11,4.9
000489,2026-05-08,2026-05-08,,2026-05-08,9.5
000490,2025-11-27,2025-11-27,,2025-11-27,0.9
000493,2026-06-17,2026-06-17,,2026-06-17,3.0
000498,2026-03-07,2026-03-07,,2026-03-07,1.3
000499,2026-05-13,2026-05-13,,2026-05-13,1.6
000502,2026-06-20,2026-06-20,,2026-06-20,3.1
000504,2026-02-28,2026-02-28,,2026-02-28,2.1
000510,2026-09-03,2026-09-03,,2026-09-03,5.3
000511,2026-03-24,2026-03-24,,2026-03-24,1.4
000512,2026-02-17,2026-02-17,,2026-02-17,2.9
000513,2026-09-03,2026-09-03,,2026-09-03,1.6
000514,2026-07-13,2026-07-13,,2026-07-13,1.9
000516,2026-07-16,2026-07-16,,2026-07-16,2.0
000517,2026-09-25,2026-09-25,,2026-09-25,2.3
000518,2026-09-14,2026-09-14,,2026-09-14,1.3
000520,2026-09-15,2026-09-15,,2026-09-15,2.1
000524,2026-06-18,2026-06-18,,2026-06-18,1.4
000525,2027-09-08,2027-09-08,,2027-09-08,2.1
000527,2025-10-12,NONE,,2025-10-12,8.0
000529,2026-01-12,2026-01-12,,2026-01-12,1.3
000530,2026-06-24,2030-12-14,,2030-12-14,5.2
000531,2026-02-28,2026-02-28,,2026-02-28,1.4
000532,2026-02-28,2026-02-28,,2026-02-28,1.7
000533,2026-03-26,2026-03-26,,2026-03-26,3.2
000534,2027-01-29,2027-01-29,,2027-01-29,7.0
000535,2026-02-04,2026-02-04,,2026-02-04,1.2
000536,2026-01-01,2026-01-01,,2026-01-01,1.9
000538,2026-02-06,2026-02-06,,2026-02-06,3.7
000539,2027-08-11,NONE,,NONE,28.5
000540,2026-03-24,2026-03-24,,2026-03-24,1.5
000541,2026-03-22,2026-03-22,,2026-03-22,1.1
000542,2027-07-22,2027-07-22,,2027-07-22,2.4
000543,2026-06-23,2026-06-02,,2026-06-23,3.5
000545,2027-07-09,2027-07-09,,2027-07-09,2.7
000547,2026-05-28,2026-05-28,,2026-05-28,2.1
000548,2026-05-26,2026-05-26,,2026-05-26,2.6
000549,2027-01-16,2027-01-16,,2027-01-16,4.1
000550,2026-05-29,2026-05-29,,2026-05-29,2.6
000551,2026-12-19,2026-12-19,,2026-12-19,3.0
000552,2026-09-07,2026-09-07,,2026-09-07,1.6
000553,2028-10-24,2022-10-24,,2022-10-24,6.0
000554,2027-09-17,2027-09-17,,2027-09-17,1.2
000555,2027-04-16,2027-04-16,,2027-04-16,1.8
000556,2026-08-07,2026-08-07,e,2026-08-07,2.6
000557,2026-08-12,2026-08-12,,2026-08-12,2.1
000558,2025-05-16,2025-05-16,,2025-05-16,2.2
000559,2027-04-21,2027-04-21,,2027-04-21,1.5
000560,2027-07-13,2027-07-13,,2027-07-13,3.8
000561,2028-08-07,2028-08-07,,2028-08-07,12.9
000562,2025-12-30,2025-12-30,,2025-12-30,3.5
000563,2026-01-10,NONE,,2026-01-10,1.8
000564,2026-06-25,2026-06-25,,2026-06-25,1.3
000565,2025-12-05,2025-12-05,,2025-12-05,1.5
000566,2026-09-17,2026-09-17,,2026-09-17,1.4
000567,2025-10-29,2025-10-29,,2025-10-29,1.6
000568,2026-02-23,2026-02-23,,2026-02-23,2.6
000569,2025-11-02,2025-11-02,,2025-11-02,2.0
000570,2026-05-20,2026-05-20,,2026-05-20,1.4
000572,NONE-10-15,NONE-10-15,,NONE-10-15,9.1
000573,NONE-10-22,NONE-10-22,,NONE-10-22,2.5
000574,2026-02-24,NONE-02-24,,2026-02-24,1.3
000575,NONE-10-14,NONE,,NONE,15.9
000577,2026-04-20,2026-04-20,,2026-04-20,1.3
000578,2026-03-04,2026-03-04,,2026-03-04,2.0
000579,2026-07-10,2026-07-10,,2026-07-10,1.6
000581,2026-02-25,2026-02-25,,2026-02-25,1.9
000582,2025-11-21,2025-01-21,,2025-01-21,4.2
000583,2025-11-23,2025-11-NONE,,2025-11-NONE,11.5
000585,2026-05-16,2020-02-02,,2020-02-02,6.5
000586,2026-03-14,2026-03-14,,2026-03-14,1.7
000587,2026-02-07,2026-02-17,,2026-02-17,5.0
000588,2025-11-28,2025-11-28,,2025-11-28,1.9
000590,2025-12-05,2025-12-05,,2025-12-05,1.5
000591,2026-07-27,2026-07-27,,2026-07-27,1.7
000593,2026-07-22,2026-07-22,,2026-07-22,4.1
000595,2026-05-01,2026-05-01,,2026-05-01,1.6
000596,2026-08-13,2025-08-14,,2025-08-14,3.5
000599,2026-09-04,2026-09-04,,2026-09-04,1.5
000604,2026-09-15,NONE,,NONE,14.8
000605,2028-07-01,2028-07-01,,2028-07-01,1.1
000606,2026-10-01,2026-10-01,,2026-10-01,5.4
000607,2028-06-23,2028-06-23,,2028-06-23,2.1
000608,2026-08-13,2026-08-13,,2026-08-13,1.5
000610,2026-06-04,2026-06-04,,2026-06-04,1.4
000611,2026-07-20,2026-07-20,,2026-07-20,2.6
000612,2026-05-07,2026-05-07,,2026-05-07,1.5
000614,2026-03-07,2026-03-07,,2026-03-07,1.1
000616,2026-09-10,2026-09-10,,2026-09-10,1.1
000617,2026-07-11,2026-07-11,,2026-07-11,1.2
000619,2026-09-15,2026-09-15,,2026-09-15,1.3
000621,2026-08-25,2026-08-25,,2026-08-25,1.0
000622,2027-01-22,2027-01-22,,2027-01-22,1.4
000623,2027-03-10,2027-03-10,,2027-03-10,1.6
000625,2027-04-01,2027-04-01,,2027-04-01,1.2
000626,2026-07-01,2026-07-01,,2026-07-01,1.1
000631,2025-11-15,2025-11-15,,2025-11-15,1.0
000632,2025-12-28,2025-12-28,,2025-12-28,1.8
000633,2025-12-24,2025-12-24,,2025-12-24,1.7
000634,2026-02-05,2026-02-05,,2026-02-05,1.5
000636,2026-03-09,2026-03-09,,2026-03-09,1.1
000638,2026-06-16,2026-06-16,,2026-06-16,1.7
000640,2026-02-08,2026-02-08,,2026-02-08,1.0
000641,2026-09-02,2026-09-02,,2026-09-02,2.4
000642,2026-09-01,2025-03-01,,2025-03-01,1.8
000646,2027-01-15,2027-01-15,,2027-01-15,1.0
000648,2028-08-25,NONE,,NONE,19.9
000649,2027-04-07,2021-01-21,,2021-01-21,10.9
000650,2026-08-05,2026-08-05,,2026-08-05,2.1
000651,2026-06-25,2026-06-25,,2026-06-25,1.7
000652,2027-03-31,2027-03-31,,2027-03-31,2.4
000653,2027-01-19,2027-01-19,,2027-01-19,1.4
000654,2028-07-02,2028-07-02,,2028-07-02,2.1
000655,2026-08-27,2026-08-27,,2026-08-27,3.7
000656,2026-09-04,2026-09-04,,2026-09-04,1.0
000657,2026-07-27,2026-07-27,,2026-07-27,0.9
000658,2026-01-16,2026-01-16,,2026-01-16,0.7
000659,2026-08-24,2026-08-24,,2026-08-24,1.4
000660,2026-02-28,2026-02-28,,2026-02-28,2.7
000661,2026-04-17,2026-04-17,,2026-04-17,2.1
000662,2026-03-11,2026-03-11,,2026-03-11,1.9
000664,2026-02-20,2026-02-20,,2026-02-20,2.1
000668,2026-04-30,2026-04-30,,2026-04-30,1.2
000672,2026-02-08,2026-02-08,,2026-02-08,2.3
000674,2026-06-02,2026-06-02,,2026-06-02,1.1
000675,NONE,2028-06-03,?,2028-06-03,1.3
000676,2026-06-10,2026-06-10,,2026-06-10,0.8
000677,2027-08-17,2027-08-17,,2027-08-17,1.5
000678,2026-07-24,2026-07-24,,2026-07-24,0.9
000679,2027-09-17,2027-09-17,,2027-09-17,3.7
000680,2025-10-15,2025-10-15,,2025-10-15,1.2
000682,2026-01-25,2026-01-25,,2026-01-25,1.5
000683,2026-03-11,2026-03-11,,2026-03-11,1.5
000684,2026-03-23,2026-03-23,,2026-03-23,1.8
000685,2026-05-28,2026-05-28,,2026-05-28,1.6
000689,2025-10-27,2025-10-27,,2025-10-27,1.0
000692,2026-08-21,2026-08-21,,2026-08-21,0.9
000694,2026-09-01,2026-09-01,,2026-09-01,1.2
000697,2025-10-07,2025-10-07,,2025-10-07,1.1
000699,2025-10-27,NONE,b,NONE,12.2
000700,2025-10-24,2025-10-24,,2025-10-24,1.5
000703,2026-01-25,2026-01-25,,2026-01-25,1.8
000704,2026-07-29,2026-07-29,,2026-07-29,1.6
000705,2026-06-29,2026-06-29,,2026-06-29,2.0
000706,2026-03-11,2026-03-11,,2026-03-11,1.6
000708,2025-09-18,2025-09-18,,2025-09-18,1.0
000709,2025-10-14,2025-10-14,,2025-10-14,1.3
000710,2025-10-14,2025-10-14,,2025-10-14,1.5
000711,2025-10-09,2025-10-09,,2025-10-09,1.8
000714,2026-03-12,2026-03-12,d,2026-03-12,1.0
000715,2026-06-26,2026-06-26,,2026-06-26,1.6
000716,2025-11-07,2025-11-07,,2025-11-07,1.2
000717,2025-10-12,2025-10-12,,2025-10-12,4.3
000718,2026-01-17,2026-01-17,,2026-01-17,1.3
000719,2026-04-04,2026-04-04,,2026-04-04,1.1
000720,2026-02-28,2026-02-28,,2026-02-28,1.2
000721,2026-12-17,2026-12-17,,2026-12-17,1.5
000722,2026-08-04,2026-10-19,,2026-10-19,1.8
000723,2026-05-10,NONE,,NONE,10.4
000724,2026-05-20,2026-05-20,,2026-05-20,1.4
000725,2026-04-16,2026-04-16,,2026-04-16,1.2
000726,2026-09-16,2026-09-16,,2026-09-16,1.8
000727,2026-06-22,2026-06-22,,2026-06-22,1.8
000728,2026-06-24,2026-06-24,,2026-06-24,0.9
000730,2026-02-26,2026-02-26,,2026-02-26,1.1
000731,2026-03-08,2026-03-08,,2026-03-08,0.9
000732,2026-03-16,2026-03-15,,2026-03-15,1.4
000734,2025-10-28,2025-10-28,,2025-10-28,1.6
000735,2027-01-12,2027-01-12,,2027-01-12,2.8
000737,2026-03-04,2026-03-04,,2026-03-04,1.7
000738,2026-02-12,2026-02-12,,2026-02-12,1.3
000742,2026-05-01,2026-05-01,,2026-05-01,1.9
000743,2026-11-16,2026-11-16,,2026-11-16,1.7
000744,2027-08-18,2027-08-18,,2027-08-18,2.7
000745,2026-01-10,2026-01-10,,2026-01-10,1.8
000746,2026-06-23,2026-06-23,,2026-06-23,1.2
000747,2026-06-22,2026-06-22,,2026-06-22,1.8
000748,2027-01-22,2027-01-22,,2027-01-22,1.8
000751,2025-05-08,2025-05-08,,2025-05-08,2.5
000752,2026-07-09,2026-07-09,,2026-07-09,2.0
000754,2026-05-24,2026-05-24,,2026-05-24,2.4
000756,2027-02-24,2027-02-24,,2027-02-24,2.6
000757,NONE-10-22,NONE-10-22,,NONE-10-22,3.0
000758,2026-03-11,2026-03-11,,2026-03-11,1.7
000759,2026-05-14,2026-05-14,,2026-05-14,1.7
000760,NONE-11-20,NONE-11-20,,NONE-11-20,1.7
000761,NONE-11-11,NONE-11-11,,NONE-11-11,1.5
000762,2026-08-02,2026-08-02,,2026-08-02,1.4
000763,NONE-11-12,NONE-11-12,,NONE-11-12,12.4
000765,2025-11-21,NONE,,NONE,12.1
000766,2026-09-24,2026-09-24,,2026-09-24,1.3
000767,2026-03-12,2026-03-NONE,b,2026-03-NONE,6.5
000769,2026-12-10,2026-12-10,,2026-12-10,2.2
000770,2030-04-NONE,NONE,,NONE,12.1
000771,2019-11-26,NONE-12-31,,NONE-12-31,2.4
000772,NONE-12-20,NONE,,NONE,25.3
000775,2025-12-17,2025-12-17,,2025-12-17,1.2
000776,2026-01-09,2026-01-09,,2026-01-09,1.4
000777,2026-03-NONE,2026-03-NONE,,2026-03-NONE,17.7
000778,2026-06-22,2026-06-22,,2026-06-22,1.6
000779,2026-06-03,2026-06-03,,2026-06-03,4.6
000780,2026-04-27,NONE-04-27,,2026-04-27,2.0
000781,2026-10-02,2026-10-02,,2026-10-02,1.4
000783,2025-12-21,2025-12-21,,2025-12-21,1.7
000788,NONE-12-21,NONE-12-21,,NONE-12-21,7.1
000789,NONE-12-19,NONE-12-19,,NONE-12-19,1.9
000790,2027-07-NONE,2027-07-NONE,,2027-07-NONE,11.0
000793,2026-05-06,2026-05-06,,2026-05-06,1.8
000794,2026-10-27,2026-10-27,,2026-10-27,1.6
000800,2026-08-12,2026-08-12,,2026-08-12,2.7
000801,2026-03-25,2026-03-25,,2026-03-25,1.8
000802,2026-07-03,2026-07-03,,2026-07-03,3.6
000806,2026-10-02,2026-10-02,,2026-10-02,2.3
000807,2026-05-29,2026-05-29,,2026-05-29,1.6
000808,2026-06-12,2026-06-12,,2026-06-12,1.6
000809,2026-08-30,2026-08-30,,2026-08-30,1.4
000810,2026-03-31,2026-03-31,,2026-03-31,1.3
000811,2026-03-31,2026-03-31,,2026-03-31,1.8
000812,2026-05-29,2026-05-29,,2026-05-29,1.9
000815,2026-06-22,2026-06-22,,2026-06-22,1.4
000817,2026-12-NONE,NONE,,NONE,15.2
000818,2026-05-12,NONE,,NONE,14.5
000819,2026-05-18,2026-05-18,,2026-05-18,3.3
000821,2026-02-02,2026-02-02,,2026-02-02,2.0
000823,2027-02-23,2027-02-23,,2027-02-23,2.6
000825,2026-06-22,2026-06-22,,2026-06-22,3.6
000826,2026-06-22,2026-06-22,,2026-06-22,3.4
000828,NONE-12-21,NONE-12-21,,NONE-12-21,1.6
000829,2026-03-20,2026-03-20,,2026-03-20,2.0
000830,2025-12-20,2025-12-20,,2025-12-20,1.5
000832,2026-07-16,2025-07-15,b,2025-07-15,2.8
000833,2026-04-27,2026-04-27,,2026-04-27,1.5
000835,2026-02-02,2026-02-02,,2026-02-02,1.7
000838,2026-02-21,2026-02-21,,2026-02-21,1.4
000845,2026-06-17,2026-06-17,,2026-06-17,3.0
000846,2026-05-28,2026-05-28,,2026-05-28,2.1
000847,2026-05-28,2026-05-28,,2026-05-28,2.5
000849,2026-05-21,2026-05-21,,2026-05-21,2.2
000856,2026-06-03,2026-06-03,,2026-06-03,4.0
000857,2025-01-28,2025-01-28,,2025-01-28,4.2
000858,2021-10-28,2021-10-28,,2021-10-28,3.7
000859,2021-10-28,NONE,,NONE,6.8
000860,2022-07-23,2022-07-23,,2022-07-23,4.9
000861,2022-07-23,2022-07-23,,2022-07-23,2.6
000865,2021-09-25,2021-09-25,,2021-09-25,2.3
000866,2021-09-25,2021-09-25,,2021-09-25,1.6
000868,2021-10-23,NONE,,NONE,8.0
000870,2021-10-15,2021-10-15,,2021-10-15,2.6
000871,2021-10-15,2021-10-15,,2021-10-15,2.3
000872,2021-02-26,2021-02-26,,2021-02-26,2.0
000874,2021-03-22,2021-03-22,,2021-03-22,19.1
000875,2021-03-22,2021-03-22,,2021-03-22,3.4
000876,2021-07-01,2021-07-01,,2021-07-01,1.7
000877,2023-04-03,NONE,d,NONE,17.4
000878,2023-04-03,NONE,t,NONE,7.9
000881,2021-06-08,2021-06-08,,2021-06-08,2.8
000882,2021-06-08,2021-06-08,,2021-06-08,1.6
000883,2021-07-03,2021-01-04,,2021-01-04,1.6
000885,2021-07-09,2020-01-10,,2020-01-10,1.9
000886,2021-07-09,2020-01-10,,2020-01-10,2.0
000888,2021-12-04,2021-12-04,,2021-12-04,2.4
000889,2021-05-27,2021-05-27,,2021-05-27,1.8
000890,2021-04-05,2021-04-05,,2021-04-05,1.9
000891,2021-04-05,2021-04-05,,2021-04-05,7.0
000892,2022-02-07,2022-02-07,,2022-02-07,1.9
000893,2022-02-07,2022-02-07,,2022-02-07,3.9
000894,2021-06-02,2021-06-02,,2021-06-02,1.5
000895,2021-06-02,2021-06-02,,2021-06-02,1.3
000898,2025-05-19,2025-05-19,,2025-05-19,13.1
000899,2022-09-02,2022-09-02,,2022-09-02,7.2
000900,2022-09-02,2022-09-02,,2022-09-02,4.3
000902,2021-11-01,2021-11-01,,2021-11-01,3.4
000903,2021-08-31,2021-08-31,,2021-08-31,2.0
000904,2021-08-31,2021-08-22,,2021-08-22,2.3
000905,2022-01-NONE,2022-01-NONE,,2022-01-NONE,2.7
000907,2022-01-NONE,2022-01-NONE,,2022-01-NONE,3.5
000909,2021-09-20,2021-09-20,,2021-09-20,1.3
000910,2021-09-20,2021-09-20,,2021-09-20,1.2
000911,2022-05-05,2022-05-05,,2022-05-05,3.1
000912,2022-05-05,2022-05-05,,2022-05-05,2.9
000913,2021-10-19,2021-10-19,,2021-10-19,2.8
000914,2021-07-21,2021-07-21,,2021-07-21,2.9
000915,2021-07-21,2021-07-21,,2021-07-21,3.8
000916,2022-06-06,NONE,,NONE,30.8
000918,2021-09-17,2020-04-20,,2020-04-20,6.8
000919,2022-03-11,2022-03-11,,2022-03-11,3.5
000920,2022-03-11,2022-03-11,,2022-03-11,3.4
000921,2022-02-26,2022-02-26,,2022-02-26,1.8
000923,NONE-02-01,2020-01-02,,2020-01-02,2.3
000924,NONE-02-02,2018-02-02,,2018-02-02,2.5
000925,NONE-02-02,NONE-02-02,,NONE-02-02,3.4
000926,2021-06-10,2021-06-10,,2021-06-10,1.6
000928,2022-03-13,2022-03-13,,2022-03-13,4.2
000929,2022-03-13,2022-03-13,,2022-03-13,2.8
000930,2021-07-29,2021-07-29,,2021-07-29,1.7
000931,2021-07-29,2021-07-29,,2021-07-29,3.1
000932,2021-05-26,2021-05-26,,2021-05-26,2.5
000933,2021-05-26,NONE,,NONE,5.2
000937,2022-06-11,2022-06-11,,2022-06-11,1.7
000938,2022-06-11,2022-06-11,,2022-06-11,2.4
000940,2021-10-28,NONE,,NONE,6.4
000941,2021-07-02,2021-07-02,,2021-07-02,2.0
000946,2021-09-30,2021-09-30,,2021-09-30,1.2
000947,2021-09-30,2021-09-30,,2021-09-30,1.4
000950,2022-09-16,2022-09-16,,2022-09-16,3.0
000951,2021-04-05,2021-04-05,,2021-04-05,1.8
000952,2021-04-05,2021-04-05,,2021-04-05,1.6
000955,2022-01-25,2022-01-03,,2022-01-03,2.0
000959,2022-07-19,2022-07-19,,2022-07-19,6.2
000960,2022-07-19,2022-07-19,,2022-07-19,2.1
000961,2023-10-21,2023-10-21,,2023-10-21,2.1
000963,2023-11-14,2023-11-14,,2023-11-14,2.0
000964,2023-11-14,2023-11-14,,2023-11-14,2.0
000966,2021-08-10,2021-08-10,,2021-08-10,3.0
000967,2022-10-17,2022-10-17,,2022-10-17,2.8
000968,2022-10-17,2022-10-NONE,,2022-10-NONE,3.3
000969,2022-06-30,2022-06-30,,2022-06-30,4.2
000970,2022-06-30,2022-06-30,,2022-06-30,4.9
000972,2021-06-25,2021-06-25,,2021-06-25,1.9
000973,2022-12-02,NONE,,NONE,13.9
000975,2023-08-03,2023-08-03,,2023-08-03,3.1
000976,2023-08-03,2023-08-03,,2023-08-03,2.6
000977,2021-11-03,2020-11-03,,2020-11-03,6.3
000978,2021-03-11,2022-02-29,,2022-02-29,14.4
000981,2021-08-08,2021-08-08,,2021-08-08,2.0
000982,2022-02-15,NONE,t,NONE,12.2
000983,2021-08-20,2021-08-20,,2021-08-20,6.1
000984,2021-08-20,2021-08-20,,2021-08-20,3.8
000985,2021-12-28,2021-12-28,,2021-12-28,2.1
000988,2021-12-28,2021-12-28,,2021-12-28,1.7
000989,2020-07-21,NONE,,NONE,28.3
000990,2020-07-21,NONE,,NONE,9.0
000991,2021-03-04,NONE,,NONE,20.7
000992,2021-03-04,2021-03-04,,2021-03-04,5.0
000993,NONE-02-18,NONE,,NONE,14.1
000994,NONE-02-18,NONE,,NONE,12.8
000995,NONE-02-18,NONE,,NONE,6.1
000996,NONE-02-19,NONE,,NONE,13.5
000997,NONE-02-19,NONE,,NONE,7.4
001000,2021-09-07,2021-09-07,,2021-09-07,3.8
001002,2022-08-24,2022-08-NONE,b,2022-08-NONE,4.9
001004,2020-08-10,NONE,,NONE,17.4
001005,2020-08-10,2020-08-10,,2020-08-10,8.4
001008,2022-11-24,2022-11-24,,2022-11-24,2.3
001010,2021-08-09,2021-08-09,,2021-08-09,2.3
001014,2022-01-11,2022-01-11,,2022-01-11,2.4
001015,2022-01-11,2022-01-11,,2022-01-11,3.2
001016,2021-02-21,2021-02-21,,2021-02-21,2.1
001017,2021-02-21,2021-02-21,b,2021-02-21,5.8
001018,2021-05-15,NONE,,NONE,11.8
001019,2021-05-15,NONE,b,NONE,6.0
001020,2020-02-27,2020-02-27,,2020-02-27,2.6
001022,2021-06-28,NONE,,NONE,9.4
001023,2021-07-13,2021-07-13,,2021-07-13,2.1
001024,2021-07-13,2021-07-13,,2021-07-13,2.1
001025,2020-12-09,2020-12-09,,2020-12-09,19.6
001026,2020-12-09,2020-12-09,,2020-12-09,2.9
001027,2020-09-08,2020-09-08,,2020-09-08,2.5
001031,2022-10-NONE,2022-10-01,,2022-10-01,3.9
001032,2019-07-16,2019-07-16,,2019-07-16,2.1
001034,2021-06-28,2021-06-28,,2021-06-28,2.6
001037,2021-03-18,2021-03-18,,2021-03-18,2.1
001038,2021-12-28,2021-12-28,,2021-12-28,1.5
001039,2021-12-28,2021-12-28,,2021-12-28,1.2
001040,2022-04-15,2022-04-15,,2022-04-15,1.4
001041,2022-04-15,2022-04-15,,2022-04-15,1.3
001042,2021-09-13,2021-09-13,d,2021-09-13,1.7
001043,2021-09-13,2021-09-13,,2021-09-13,1.5
001044,2021-04-30,2021-04-30,,2021-04-30,1.5
001045,2021-04-30,2021-04-30,,2021-04-30,1.4
001046,2021-10-07,2021-10-07,,2021-10-07,3.4
001047,2021-05-12,2021-05-12,,2021-05-12,1.6
001049,2022-01-06,2022-01-06,,2022-01-06,1.8
001050,2022-01-06,2022-01-06,,2022-01-06,2.5
001051,2022-12-20,2022-12-20,,2022-12-20,4.1
001052,2022-12-20,2022-12-20,,2022-12-20,4.3
001053,2022-09-01,2022-09-01,,2022-09-01,6.4
001054,2022-09-01,2022-09-01,,2022-09-01,3.5
001055,2022-08-10,2022-08-10,,2022-08-10,2.4
001056,2022-05-27,2022-05-27,,2022-05-27,3.7
001058,2021-10-14,2021-10-14,,2021-10-14,1.6
001060,2022-06-23,2022-06-23,,2022-06-23,2.0
001066,2022-05-04,2022-05-04,,2022-05-04,5.1
001068,2021-03-15,2021-03-15,,2021-03-15,1.7
001069,2021-03-15,2021-03-10,,2021-03-10,1.6
001070,NONE-01-24,NONE-01-24,,NONE-01-24,2.8
001071,NONE-01-24,NONE-01-24,,NONE-01-24,1.8
001073,2023-09-18,2023-09-18,,2023-09-18,2.1
001074,2021-09-30,2021-09-30,,2021-09-30,10.7
001075,2021-09-30,2021-09-30,,2021-09-30,4.4
001078,2023-09-24,2023-09-24,,2023-09-24,3.2
001079,2023-09-24,2023-09-24,,2023-09-24,1.4
001080,2021-10-13,2021-10-13,,2021-10-13,5.6
001081,2021-06-17,2021-06-17,,2021-06-17,2.6
001082,2021-06-17,2021-06-17,,2021-06-17,2.8
001083,2021-07-09,2021-07-09,,2021-07-09,2.9
001084,2021-07-09,2021-07-01,,2021-07-01,2.8
001085,2023-10-09,2023-10-09,,2023-10-09,3.8
001086,2023-10-09,2023-10-09,,2023-10-09,2.2
001087,2022-06-14,2022-06-14,,2022-06-14,1.1
001088,2022-06-14,2022-06-14,,2022-06-14,1.1
001089,2023-08-05,2023-08-05,,2023-08-05,3.9
001093,2021-05-25,2021-05-25,,2021-05-25,3.1
001102,2021-03-14,2021-03-14,,2021-03-14,3.2
001103,2021-03-14,NONE-03-14,,2021-03-14,5.9
001106,2021-03-27,2021-03-27,,2021-03-27,2.3
001107,2021-02-28,2021-02-28,,2021-02-28,1.7
001108,2021-02-28,2021-02-28,,2025-02-28,2.0
001109,2021-03-22,2021-03-22,,2021-03-22,1.6
001110,2021-03-22,2021-03-02,,2021-03-22,1.8
001111,2022-07-12,2022-07-12,,2022-07-12,2.8
001112,2022-07-12,2022-07-12,,2022-07-12,1.7
001113,2023-11-15,2023-11-15,,2023-11-15,2.2
001114,2023-11-15,2023-11-15,,2023-11-15,2.5
001115,2022-01-12,2022-01-12,,2022-01-12,1.5
001117,2022-01-20,2022-01-20,,2022-01-20,2.1
001119,2021-12-26,2021-12-16,,2021-12-16,1.1
001120,2021-12-16,2021-12-01,,2021-12-01,1.6
001121,2023-01-10,2023-01-10,,2023-01-10,4.2
001122,2023-01-10,2023-01-10,,2023-01-10,4.2
001123,2021-10-09,2021-10-09,,2021-10-09,4.1
001124,2021-10-09,2021-10-09,,2021-10-09,2.9
001126,2021-12-28,2021-12-28,,2021-12-28,1.6
001130,NONE-02-12,2020-08-07,,2020-08-07,17.6
001131,NONE-02-12,NONE-02-12,,NONE-02-12,3.8
001135,2022-09-24,2022-09-24,,2022-09-24,1.6
001136,2022-09-24,NONE,,NONE,6.2
001137,2021-07-17,2021-07-17,,2021-07-17,2.8
001138,2021-10-23,2021-10-23,,2021-10-23,1.5
001139,2021-02-28,2021-02-28,,2021-02-28,1.9
001140,2021-02-28,2021-02-28,,2021-02-28,2.3
001143,2021-06-26,2021-06-28,t,2021-06-28,2.6
001144,2021-05-25,2021-05-25,,2021-05-25,2.8
001145,2021-05-25,2021-05-25,,2021-05-25,2.1
001148,2022-07-31,2022-07-31,,2022-07-31,2.4
001149,2022-07-31,2022-07-31,,2022-07-31,2.2
001151,2021-09-18,2021-09-18,,2021-09-18,1.9
001152,2021-10-31,2021-10-31,,2021-10-31,4.2
001154,2021-09-21,2021-09-21,,2021-09-21,14.9
001155,2021-09-21,2021-09-21,,2021-09-02,2.9
001156,2021-02-07,2021-02-07,,2021-02-07,1.9
001157,2021-02-07,2021-02-07,,2021-02-07,1.9
001158,2021-08-10,2021-08-10,,2021-08-10,1.6
001159,2021-08-10,2021-08-10,,2021-08-10,1.6
001160,2021-04-23,2021-04-23,,2021-04-23,1.3
001161,2021-04-23,2021-04-23,,2021-04-23,1.4
001162,2021-12-06,2021-12-06,,2021-12-06,1.6
001163,2021-12-06,2021-12-06,,2021-12-06,1.4
001164,2021-03-01,2021-03-01,,2021-03-01,3.1
001166,2022-01-20,NONE,,NONE,32.1
001169,2021-08-31,2021-08-31,,2021-08-31,2.3
001170,2022-01-18,2022-01-18,,2022-01-18,2.2
001171,2022-01-18,2022-01-18,,2022-01-18,1.8
001172,2021-09-NONE,2021-09-NONE,,2021-09-NONE,4.1
001173,2021-09-NONE,2021-09-NONE,,2021-09-NONE,3.4
001174,2021-03-14,2021-03-14,,2021-03-14,2.5
001175,2021-09-07,2021-09-07,d,2021-09-07,2.1
001176,2021-09-07,2021-09-07,d,2021-09-07,6.6
001177,2021-12-01,NONE,,NONE,13.2
001178,2021-12-01,NONE,,NONE,6.1
001179,2023-09-01,2023-09-01,,2023-09-01,8.9
001181,2022-04-14,2022-04-14,,2022-04-14,1.5
001182,2022-04-14,2022-04-14,,2022-04-14,1.5
001183,2021-10-08,2021-10-08,,2021-10-08,1.6
001184,2021-10-08,2021-10-08,,2021-10-08,1.2
001188,2020-04-23,2020-04-23,,2020-04-23,6.4
001191,2020-12-08,2020-12-08,,2020-12-08,1.8
001192,2020-12-08,2020-12-08,d,2020-12-08,9.8
001195,2021-10-18,2021-10-18,,2021-10-18,6.4
001196,2021-10-18,2021-10-18,,2021-10-18,4.3
001197,2021-10-10,2021-10-10,,2021-10-10,1.7
001198,2021-10-10,2021-10-10,,2021-10-10,1.5
001201,2022-07-16,2022-07-16,,2022-07-16,1.9
001203,2023-02-28,2023-02-28,,2023-02-28,2.4
001204,2023-02-28,2023-02-28,,2023-02-28,2.3
001205,NONE-05-21,NONE-05-21,,NONE-05-21,2.2
001206,2021-05-NONE,NONE-05-21,,NONE-05-21,2.2
001207,2020-08-18,2020-08-18,,2020-08-18,3.3
001208,2020-08-18,2020-08-18,,2020-08-18,2.7
001209,2021-08-03,2021-08-03,,2021-08-03,2.2
001210,2021-08-03,2021-08-03,,2021-08-03,1.8
001211,2021-07-03,2021-07-03,,2021-07-03,4.3
001212,2021-07-03,2021-07-03,,2021-07-03,3.6
001213,2021-05-15,2021-05-15,,2021-05-15,5.0
001214,2021-05-15,2021-05-15,,2021-05-15,4.0
001215,2021-06-13,2021-06-13,,2021-06-13,8.5
001217,2022-05-30,2022-05-30,,2022-05-30,1.5
001218,2022-05-30,2022-05-30,,2022-05-30,1.9
001219,2021-01-14,2021-01-14,,2021-01-14,1.1
001220,2021-01-14,2021-01-14,,2021-01-14,1.5
001221,2021-11-10,2021-11-10,,2021-11-10,2.8
001222,2021-11-10,2021-11-10,,2021-11-10,2.2
001223,2021-04-11,2021-04-11,,2021-04-11,3.9
001224,2021-04-11,2021-04-11,,2021-04-11,2.4
001231,2021-05-05,2021-05-05,,2021-05-05,1.5
001232,2021-05-05,2021-05-05,,2021-05-05,3.6
001233,2021-03-09,2021-03-09,,2021-03-09,1.3
001234,2021-03-09,2021-03-09,,2021-03-09,1.6
001236,NONE-01-28,NONE-01-28,,NONE-01-28,2.3
001238,NONE-01-31,NONE-01-31,,NONE-01-31,13.2
001239,2020-12-19,2020-12-19,,2020-12-19,2.3
001240,2020-12-19,2020-12-19,,2020-12-19,2.0
001241,2022-06-13,2022-06-01,,2022-06-13,1.8
001243,2023-12-31,2023-12-31,,2023-12-31,1.7
001244,2023-12-31,2023-12-31,,2023-12-31,1.8
001245,2021-11-01,2021-11-01,,2021-11-01,1.4
001248,2021-07-15,2021-07-15,,2021-07-15,11.9
001249,2021-07-15,2021-07-15,,2021-07-15,6.9
001252,2021-08-19,2021-08-19,,2021-08-19,1.8
001254,2019-09-13,2019-09-13,,2019-09-13,2.2
001255,2019-09-13,2019-09-13,,2019-09-13,1.9
001256,2023-07-03,2023-07-03,,2023-07-03,1.3
001257,2023-07-03,NONE,,NONE,6.0
001258,2022-03-15,2022-03-15,,2022-03-15,13.6
001259,2021-08-30,2021-08-30,,2021-08-30,12.1
001261,2021-03-25,NONE,,NONE,32.1
001262,2021-03-25,NONE,,NONE,15.4
001263,2022-12-03,2022-12-03,,2022-12-03,3.8
001264,2022-12-03,2022-12-03,,2022-12-03,3.4
001265,2022-06-NONE,2022-06-NONE,,2022-06-NONE,2.9
001266,2022-06-NONE,2022-06-NONE,,2022-06-NONE,1.8
001267,2022-09-05,2022-09-05,,2022-09-05,4.5
001268,2022-09-05,2022-09-05,,2022-09-05,4.0
001270,2021-10-11,2021-10-11,,2021-10-11,1.8
001271,2023-07-08,2023-07-08,,2023-07-08,1.8
001272,2023-07-08,2023-07-08,,2023-07-08,1.8
001273,2022-06-17,2022-06-17,,2022-06-17,4.7
001274,2022-06-17,2022-06-17,,2022-06-17,4.9
001276,2021-11-04,2021-11-04,,2021-11-04,2.4
001277,2021-11-04,2021-11-04,,2021-11-04,2.7
001279,2022-10-09,2022-10-09,,2022-10-09,3.3
001280,2022-10-09,2022-10-09,,2022-10-09,2.1
001281,2025-08-05,2025-08-05,,2025-08-05,4.3
001282,2025-04-01,2025-04-01,,2025-04-01,5.0
001283,2022-04-23,2022-04-23,,2022-04-23,1.9
001284,2022-04-23,2022-04-23,,2022-04-23,2.4
001285,2022-11-21,2022-11-21,,2022-11-21,4.9
001289,2024-11-21,2024-11-21,,2024-11-21,1.3
001293,2020-09-21,2020-09-NONE,,2020-09-NONE,3.6
001294,2021-11-NONE,2021-11-NONE,,2021-11-NONE,3.3
001296,2023-11-NONE,2023-11-NONE,,2023-11-NONE,8.9
001297,2023-11-NONE,2023-11-NONE,,2023-11-NONE,5.5
001298,2021-06-24,2021-06-24,,2021-06-24,2.0
001299,2021-07-28,2021-07-28,,2021-07-28,3.6
001304,2021-04-12,2021-04-12,,2021-04-12,1.9
001306,2021-07-19,2021-07-19,,2021-07-19,4.0
001307,2022-11-06,2022-11-06,,2022-11-06,1.7
001308,2022-11-06,NONE,,NONE,9.0
001309,2021-04-30,2021-04-30,t,2021-04-30,4.0
001310,2021-04-20,2021-04-30,bt,2021-04-30,3.3
001311,2022-10-20,2022-10-20,,2022-10-20,2.3
001312,2022-10-20,2022-10-20,,2022-10-20,1.4
001313,2022-01-15,NONE,,NONE,28.7
001314,2022-01-15,2022-01-15,,2022-01-15,2.7
001315,2021-12-09,2021-12-09,,2021-12-09,2.1
001316,2021-12-09,2021-12-09,,2021-12-09,2.2
001321,2022-02-15,2022-02-15,,2022-02-15,10.3
001326,2021-07-19,2021-07-19,,2021-07-19,6.6
001327,2021-07-19,2021-07-19,,2021-07-19,4.2
001328,2021-06-26,2021-06-26,,2021-06-26,3.0
001330,2021-03-05,2022-03-05,,2022-03-05,2.3
001332,2021-12-NONE,2021-12-NONE,,2021-12-NONE,1.9
001333,2021-12-NONE,2021-12-NONE,,2021-12-NONE,2.1
001334,2021-10-26,2021-10-26,,2021-10-26,4.3
001335,2021-10-26,2021-10-26,,2021-10-26,3.9
001336,2021-07-04,2021-07-04,,2021-07-04,5.5
001338,2021-06-08,2021-06-08,,2021-06-08,6.0
001339,2021-06-08,2021-06-08,,2021-06-08,3.7
001342,2021-09-10,2021-09-10,,2021-09-10,4.5
001343,2021-09-10,2021-09-10,,2021-09-10,3.8
001345,2021-08-27,2021-08-27,,2021-08-27,4.9
001347,2021-10-31,2021-10-31,,2021-10-31,1.8
001348,2021-10-31,2021-01-10,,2021-01-10,3.8
001349,2021-08-21,2021-08-21,,2021-08-21,1.5
001350,2021-08-21,2021-08-21,,2021-08-21,2.1
001351,2021-06-09,2021-06-09,,2021-06-09,2.2
001352,2022-06-27,2022-06-27,,2022-06-27,3.0
001353,2022-06-27,2022-06-27,,2022-06-27,1.7
001354,2022-07-06,2022-07-06,,2022-07-06,2.1
001355,2021-07-22,2021-07-22,,2021-07-22,4.1
001358,2020-12-NONE,2020-12-NONE,,2020-12-NONE,6.1
001360,2021-09-02,NONE-09-21,,NONE-09-21,4.2
001361,2021-09-02,NONE-09-21,,NONE-09-21,10.5
001364,2021-02-NONE,2018-02-02,,2018-02-02,9.0
001368,2021-08-19,NONE,,NONE,16.1
001369,2025-09-21,2025-09-21,,2025-09-21,6.6
001370,2021-12-03,2021-12-03,,2021-12-03,2.1
001371,2022-04-27,2022-04-27,,2022-04-27,4.6
001372,2022-03-07,2022-03-07,,2022-03-07,1.8
001373,2022-03-07,2022-03-07,,2022-03-07,1.9
001374,2022-05-NONE,2022-05-NONE,,2022-05-NONE,3.7
001375,2022-05-NONE,2022-05-NONE,,2022-05-NONE,3.5
001376,2021-12-02,2021-12-02,,2021-12-02,2.4
001377,2021-12-02,NONE,,NONE,8.5
001378,NONE,2021-01-22,,2021-01-22,3.5
001379,NONE,2021-01-22,,2021-01-22,3.0
001380,2021-04-09,2021-04-09,,2021-04-09,4.0
001383,2023-01-05,NONE,,NONE,12.6
001384,2018-09-NONE,2018-09-NONE,,2018-09-NONE,5.0
001385,2018-09-NONE,NONE,,NONE,9.7
001387,2021-07-17,2021-07-07,,2021-07-07,4.1
001388,2021-07-17,2021-07-NONE,,2021-07-NONE,5.4
001389,2021-06-20,2021-06-20,,2021-06-20,4.2
001390,2021-06-20,2021-06-20,,2021-06-20,2.9
001392,2021-02-25,2021-02-25,,2021-02-25,2.6
001393,2022-07-14,2022-07-14,,2022-07-14,4.9
001394,2021-09-01,NONE-11-08,,NONE-11-08,8.7
001395,2021-09-01,NONE,,NONE,15.6
001396,2022-11-01,2022-11-01,,2022-11-01,2.5
001397,2022-11-01,2022-11-01,,2022-11-01,2.6
001398,2021-07-23,2021-07-23,,2021-07-23,7.7
001399,2021-07-23,2021-07-23,,2021-07-23,4.3
001400,2022-01-29,NONE,,NONE,33.3
001401,2022-01-29,2022-08-NONE,,2022-08-NONE,15.2
001402,2020-09-29,2020-09-29,,2020-09-29,4.6
001403,2020-09-29,2020-07-04,,2020-07-04,4.5
001404,2021-01-27,2021-01-27,,2021-01-27,9.5
001405,2021-01-27,2021-01-27,,2021-01-27,3.7
001406,2021-07-31,2031-07-21,,2031-07-21,1.6
001407,2021-07-31,2031-07-21,,2031-07-21,1.7
001408,2021-12-16,2021-12-16,,2021-12-16,7.4
001409,2021-12-16,2021-12-16,,2021-12-16,4.2
001410,2021-05-25,2021-05-05,,2021-05-05,14.1
001412,2022-09-06,2022-09-06,,2022-09-06,10.6
001415,2022-04-20,2022-04-20,,2022-04-20,2.8
001416,2021-11-05,2021-11-05,,2021-11-05,2.0
001418,2021-07-18,2021-07-18,,2021-07-18,3.2
001419,2021-07-18,2021-07-18,,2021-07-18,2.1
001421,2021-07-01,2021-07-01,,2021-07-01,2.0
001422,2021-11-NONE,2021-11-NONE,,2021-11-NONE,2.5
001423,2021-11-NONE,2021-11-17,,2021-11-17,3.2
001426,2020-04-17,2020-04-17,,2020-04-17,3.5
001427,2020-08-12,2020-08-12,,2020-08-12,3.9
001428,2020-08-12,2020-08-12,,2020-08-12,3.2
001430,2021-01-23,2021-01-01,,2021-01-01,3.4
001431,2021-08-19,2021-08-01,,2021-08-01,8.0
001432,2021-09-29,2021-09-29,,2021-09-29,1.7
001433,2021-09-29,2021-09-29,,2021-09-29,1.5
001436,2021-09-20,2021-09-20,,2021-09-20,2.2
001437,2021-08-29,2021-08-29,,2021-08-29,2.1
001439,2021-09-03,2021-09-03,,2021-09-03,3.2
001440,2021-09-03,2021-09-03,,2021-09-03,2.8
001441,2021-06-24,2021-06-24,,2021-06-24,4.0
001442,2021-06-24,2021-06-24,,2021-06-24,3.5
001444,2021-09-06,2021-09-06,,2021-09-06,2.9
001445,2021-10-28,2021-10-28,,2021-10-28,1.7
001448,2022-07-22,2022-07-22,,2022-07-22,5.4
001449,2022-10-28,2022-10-28,,2022-10-28,1.9
001450,2022-04-26,2022-04-26,,2022-04-26,5.9
001451,2022-04-26,2022-04-26,,2022-04-26,4.7
001452,2022-09-13,2021-08-07,,2021-08-07,4.8
001453,2022-09-13,2022-09-13,,2022-09-13,3.6
001454,2022-04-02,2022-04-02,,2022-04-02,4.3
001456,2022-06-28,2022-06-28,,2022-06-28,5.7
001457,2022-06-28,2022-06-28,,2022-06-28,3.2
001458,2022-10-29,2022-10-29,,2022-10-29,1.6
001459,2022-10-29,2022-10-29,,2022-10-29,1.9
001460,2022-11-18,2022-11-18,,2022-11-18,3.0
001461,2022-01-20,2022-01-20,,2022-01-20,3.8
001462,2021-11-17,2021-11-17,,2021-11-17,2.8
001464,2022-11-18,2022-11-18,,2022-11-18,2.4
001465,2022-11-18,NONE-11-18,,NONE-11-18,3.6
001466,2020-11-03,2020-01-03,,2020-01-03,14.4
001467,2020-11-03,2031-01-16,,2031-01-16,14.8
001468,2022-12-03,2022-12-03,,2022-12-03,3.8
001469,2022-12-03,2022-12-03,,2022-12-03,4.1
001470,2021-12-29,2021-12-29,,2021-12-29,2.9
001471,2021-12-29,2021-12-29,,2021-12-29,3.8
001472,2022-02-17,2022-02-17,,2022-02-17,2.2
001473,2022-02-17,2022-02-17,,2022-02-17,1.7
001474,2022-07-10,2022-07-10,,2022-07-10,1.8
001475,2022-07-10,2022-07-10,,2022-07-10,1.7
001478,2022-08-27,2022-08-27,,2022-08-27,3.0
001480,NONE,2020-12-18,m,2020-12-18,3.3
001481,NONE-01-31,NONE,,NONE,21.6
001483,2021-02-06,2021-02-06,,2021-02-06,2.5
001484,2022-09-28,2022-09-28,,2022-09-28,2.7
001485,2022-09-28,2022-09-28,,2022-09-28,6.4
001486,2022-12-08,2022-12-08,,2022-12-08,2.7
001487,2022-12-08,2022-01-08,,2022-01-08,2.4
001488,2021-07-12,2021-07-12,,2021-07-12,1.8
001491,2023-07-08,2023-07-08,d,2023-07-08,8.7
001492,2023-07-08,2023-07-08,,2023-07-08,2.3
001493,2023-08-17,2023-08-17,,2023-08-17,22.0
001494,2023-08-17,NONE,,NONE,13.4
001495,2021-11-22,2021-11-22,,2021-11-22,3.0
001496,2022-09-18,2022-09-18,,2022-09-18,3.9
001498,2021-06-30,2021-06-30,,2021-06-30,8.8
001499,2021-06-30,2021-06-30,,2021-06-30,4.1
001500,2021-09-23,2021-09-23,,2021-09-23,2.2
001502,2021-06-24,2021-06-24,,2021-06-24,2.4
001503,2021-06-24,2021-06-24,,2021-06-24,2.1
001504,2021-01-27,2021-01-27,,2021-01-27,3.0
001505,2021-01-27,2021-01-27,,2021-01-27,2.9
001506,2021-02-19,2021-02-19,,2021-02-19,3.9
001507,2021-02-19,2021-02-19,,2021-02-19,4.0
001508,2021-10-19,2021-10-19,,2021-10-19,1.6
001509,2021-10-19,2021-10-19,,2021-10-19,5.8
001511,2023-12-01,NONE-03-22,,NONE-03-22,9.4
001513,2018-05-16,2018-05-16,,2018-05-16,2.4
001514,2022-08-16,2022-08-16,,2022-08-16,1.8
001516,2021-11-19,2021-11-19,,2021-11-19,2.7
001518,2022-12-07,2022-12-07,,2022-12-07,2.3
001520,2021-07-08,2021-07-10,,2021-07-10,10.1
001521,2021-07-08,NONE,,NONE,13.2
001524,2021-06-25,2021-06-25,,2021-06-25,4.2
001525,2021-06-25,2021-06-25,,2021-06-25,4.2
001526,2021-01-21,2021-01-21,,2021-01-21,5.4
001527,2021-01-21,2021-01-21,,2021-01-21,6.4
001528,2021-06-25,2021-06-25,,2021-06-25,1.9
001529,2021-02-11,2021-02-11,,2021-02-11,2.4
001531,2022-06-06,2022-06-06,,2022-06-06,2.3
001532,2022-06-21,2022-06-21,,2022-06-21,3.5
001534,2022-07-11,2022-07-11,,2022-07-11,2.6
001535,2022-07-11,2022-07-11,,2022-07-11,2.7
001539,2022-01-18,2022-01-18,,2022-01-18,3.4
001542,2022-01-22,2022-01-22,,2022-01-22,1.5
001543,2022-01-22,2022-01-22,,2022-01-22,1.2
001544,2021-08-02,2021-08-02,,2021-08-02,1.9
001545,2021-08-02,2021-08-02,,2021-08-02,2.1
001546,2021-07-04,2021-07-04,,2021-07-04,3.7
001547,2021-07-04,2021-07-04,,2021-07-04,5.3
001549,2022-09-28,NONE,,NONE,7.3
001550,2021-08-25,NONE,,2021-08-02,17.1
001551,2021-10-09,2021-10-09,,2021-10-09,2.1
001552,NONE-02-19,NONE-02-19,,NONE-02-19,2.1
001559,2024-12-21,2024-12-21,,2024-12-21,5.3
001560,2020-11-25,2020-11-25,,2020-11-25,5.6
001561,2022-06-11,2022-06-11,,2022-06-11,2.0
001562,2022-06-11,2022-06-01,,2022-06-11,2.2
001565,2022-01-17,2022-01-17,,2022-01-17,5.2
001566,2020-04-23,2020-04-23,,2020-04-23,3.5
001567,2020-04-23,2020-01-15,,2020-01-15,7.3
001570,2021-11-30,2021-11-30,,2021-11-30,2.3
001571,2021-06-11,2021-06-11,,2021-06-11,2.0
001572,2021-06-11,2021-06-11,,2021-06-11,1.9
001573,2022-01-06,2022-01-06,,2022-01-06,2.6
001575,2022-03-27,2022-03-22,,2022-03-22,1.9
001576,2022-03-27,2022-03-27,,2022-03-27,2.7
001577,2022-11-05,2022-11-05,,2022-11-05,5.4
001578,2022-11-05,2022-11-05,,2022-11-05,2.9
001579,2022-11-02,2022-11-02,,2022-11-02,1.7
001580,2022-11-02,2022-11-02,,2022-11-02,1.6
001582,2021-11-05,2021-11-05,,2021-11-05,1.6
001583,2021-12-15,2021-12-15,,2021-12-15,1.4
001585,2021-10-28,2021-10-28,,2021-10-28,3.3
001586,2021-04-20,2021-04-20,,2021-04-20,1.7
001589,2023-01-09,2023-01-09,,2023-01-09,2.2
001590,2021-02-18,2021-02-18,,2021-02-18,1.4
001592,2022-01-05,2022-01-05,,2022-01-05,2.0
001593,2022-01-05,2022-01-05,,2022-01-05,1.6
001594,2021-12-13,2021-12-13,,2021-12-13,1.8
001595,2021-12-13,2021-12-13,,2021-12-13,1.7
001599,2021-02-15,2021-02-15,,2021-02-15,2.1
001600,2021-02-08,2021-02-08,,2021-02-08,2.6
001601,2021-02-11,2021-02-11,,2021-02-11,1.7
001602,2021-02-11,2021-02-11,,2021-02-11,2.2
001603,2021-02-24,2021-02-24,,2021-02-24,2.6
001605,2021-03-06,2021-03-06,,2021-03-06,3.2
001606,2021-04-03,2021-04-03,,2021-04-03,2.7
001607,2021-04-03,2021-04-03,,2021-04-03,1.9
001608,2021-06-29,2021-06-29,,2021-06-29,1.4
001609,2021-06-29,2021-06-29,,2021-06-29,1.3
001610,2021-02-12,2021-02-12,,2021-02-12,3.1
001611,2021-02-12,2021-02-12,,2021-02-12,2.6
001612,2022-02-25,2022-02-25,,2022-02-25,1.5
001613,2022-02-25,2022-02-25,,2022-02-25,1.9
001614,2020-09-03,2020-09-03,,2020-09-03,3.8
001615,2020-09-03,2020-09-03,,2020-09-03,2.4
001616,2021-12-15,2021-12-15,,2021-12-15,1.9
001617,2021-12-15,2021-12-15,,2021-12-15,2.0
001618,2023-10-06,2023-10-06,,2023-10-06,1.9
001619,2023-10-06,2023-10-06,,2023-10-06,1.7
001620,2022-07-19,2022-07-19,,2022-07-19,2.1
001621,2022-07-19,2022-07-19,,2022-07-19,2.3
001624,2022-04-26,2022-04-26,,2022-04-26,1.6
001626,2021-07-03,2021-07-03,,2021-07-03,1.9
001627,2021-07-03,2022-07-05,,2022-07-05,3.2
001629,2021-07-23,2021-07-23,,2021-07-23,1.7
001630,2022-10-21,2022-10-21,,2022-10-21,1.6
001631,2022-10-21,2022-10-21,,2022-10-21,2.0
001632,2021-11-27,2021-11-27,,2021-11-27,4.0
001633,2021-05-12,2021-05-12,,2021-05-12,4.3
001637,2021-04-12,2021-04-12,,2021-04-12,1.7
001638,2021-04-12,2021-04-12,,2021-04-12,1.5
001639,2021-02-28,2021-02-28,,2021-02-28,2.3
001640,2021-02-28,2021-02-28,,2021-02-28,8.2
001641,2023-01-24,2023-01-24,,2023-01-24,3.4
001642,2022-03-19,2022-03-19,,2022-03-19,1.8
001644,2021-10-16,2021-10-15,,2021-10-15,1.8
001645,2021-10-12,2021-10-12,,2021-10-12,1.7
001646,2021-10-12,NONE,,NONE,6.1
001647,2021-12-14,2021-12-14,,2021-12-14,2.0
001648,2021-12-14,2021-12-14,,2021-12-14,2.8
001650,2019-08-18,2019-08-18,,2019-08-18,1.9
001651,2021-03-09,2021-03-09,,2021-03-09,2.4
001652,2021-03-09,2021-03-09,,2021-03-09,2.2
001653,2019-08-19,2019-08-19,,2019-08-19,1.3
001654,2019-08-19,2019-08-19,,2019-08-19,1.6
001655,2019-09-12,2019-09-12,,2019-09-12,4.5
001656,2021-01-16,2021-01-16,,2021-01-16,2.4
001657,2021-01-16,2021-01-16,,2021-01-16,1.8
001659,2022-10-05,2022-10-05,,2022-10-05,3.4
001661,2022-04-26,2022-04-26,,2022-04-26,2.8
001662,2022-04-26,2022-04-26,,2022-04-26,2.0
001663,2020-08-29,2020-08-29,,2020-08-29,3.5
001664,2020-08-29,2020-08-29,,2020-08-29,3.7
001665,2021-01-28,2021-01-28,,2021-01-28,2.0
001667,2021-09-14,2021-09-14,,2021-09-14,3.1
001668,2021-09-14,2021-09-14,,2021-09-14,3.9
001669,2021-02-08,2021-02-08,,2021-02-08,2.4
001672,2021-05-19,2021-05-19,,2021-05-19,2.3
001673,2021-05-19,2021-05-19,,2021-05-19,8.8
001674,2021-07-18,2021-07-18,,2021-07-18,2.7
001675,2021-03-15,2021-03-15,,2021-03-15,2.6
001676,2021-03-15,2021-03-15,,2021-03-15,2.9
001677,2021-11-28,2021-11-28,,2021-11-28,2.3
001681,2022-10-22,2022-10-22,,2022-10-22,2.4
001682,2022-10-22,2022-10-22,,2022-10-22,2.4
001683,2021-11-14,2021-11-14,,2021-11-14,2.3
001684,2021-11-14,2021-11-14,,2021-11-14,1.8
001686,2020-11-27,2020-11-27,,2020-11-27,3.3
001687,2020-11-27,2020-11-27,,2020-11-27,1.9
001689,2021-06-22,NONE,,NONE,7.4
001690,2020-08-16,2020-08-16,,2020-08-16,5.6
001691,2020-08-16,2020-08-16,,2020-08-16,4.6
001692,2021-07-03,2021-07-03,,2021-07-03,2.1
001694,2022-07-01,2022-07-01,,2022-07-01,3.4
001695,2022-07-01,2022-07-01,,2022-07-01,2.7
001696,2022-06-23,2022-06-23,,2022-06-23,2.2
001698,2021-12-22,2021-12-22,,2021-12-22,2.9
001699,2021-12-22,2021-12-22,,2021-12-22,2.3
001700,2021-10-27,2021-10-27,,2021-10-27,11.5
001701,2021-10-27,2021-10-27,,2021-10-27,2.9
001702,2021-05-17,2021-05-17,,2021-05-17,2.7
001703,2021-07-16,2021-07-16,,2021-07-16,2.2
001704,2021-07-16,2021-07-16,,2021-07-16,2.4
001705,2021-06-04,2021-06-04,,2021-06-04,2.6
001707,2021-05-02,2021-05-02,,2021-05-02,1.4
001708,2021-05-02,2021-05-02,,2021-05-02,1.8
001709,2021-04-12,2021-04-12,,2021-04-12,1.8
001713,2021-09-08,2021-09-08,,2021-09-08,9.5
001714,2021-09-08,2021-09-08,d,2021-09-08,4.1
001715,2021-02-07,2021-02-07,,2021-02-07,1.9
001716,2021-02-07,2021-02-07,,2021-02-07,1.7
001717,2021-02-08,2021-02-08,,2021-02-08,2.2
001718,2021-02-08,2021-02-08,,2021-02-08,1.4
001719,2021-03-11,2021-03-11,,2021-03-11,2.1
001720,2021-03-11,2021-03-11,,2021-03-11,2.5
001723,2021-05-13,2021-05-13,,2021-05-13,1.3
001724,2021-05-13,2021-05-13,,2021-05-13,2.2
001725,2021-02-16,2021-02-16,,2021-02-16,1.9
001726,2021-02-16,2021-02-06,,2021-02-16,2.0
001728,2021-02-08,2021-02-08,,2021-02-08,1.7
001729,2021-03-13,2021-03-13,,2021-03-13,1.9
001730,2021-10-02,2021-10-02,,2021-10-02,1.8
001731,2021-10-02,2021-10-02,,2021-10-02,1.5
001732,2022-11-18,2022-11-18,,2022-11-18,1.8
001733,2022-11-18,2022-11-18,,2022-11-18,2.1
001735,2022-01-20,2022-01-20,,2022-01-20,1.8
001736,2021-02-08,2021-02-08,,2021-02-08,1.1
001738,2022-01-05,2022-01-05,,2022-01-05,1.2
001740,2022-11-01,2022-11-01,,2022-11-01,1.7
001741,2022-11-01,2022-11-01,,2022-11-01,1.5
001742,2021-10-26,2021-10-26,,2021-10-26,2.2
001749,2019-07-03,NONE,,NONE,8.9
001750,2021-06-28,2021-06-28,,2021-06-28,4.4
001751,2021-06-28,2021-06-28,,2021-06-28,1.9
001752,2022-01-10,2022-01-10,,2022-01-10,1.6
001754,2021-12-05,2021-12-05,,2021-12-05,1.6
001757,2023-03-09,2023-03-09,,2023-03-09,3.0
001758,2023-03-09,2023-03-09,,2023-03-09,2.7
001759,2021-04-24,2021-04-24,,2021-04-24,3.9
001761,2021-11-22,2021-11-22,,2021-11-22,2.9
001762,2021-11-22,2021-11-22,,2021-11-22,2.3
001763,2021-12-23,2021-12-23,,2021-12-23,2.0
001764,2021-12-23,2021-12-23,,2021-12-23,2.4
001769,2021-12-22,2021-12-02,,2021-12-02,3.2
001772,2020-08-07,2020-08-07,,2020-08-07,3.6
001773,2020-08-07,2020-08-07,,2020-08-07,3.3
001774,2021-04-02,2021-04-02,,2021-04-02,1.9
001775,2021-04-02,2021-04-02,,2021-04-02,1.9
001778,2021-04-09,2021-04-09,,2021-04-09,2.5
001779,2021-04-09,2021-04-09,,2021-04-09,2.0
001782,2022-10-01,2022-10-01,,2022-10-01,2.6
001783,2021-06-13,2021-06-13,,2021-06-13,1.0
001785,2021-09-19,2021-09-19,,2021-09-19,1.4
001786,2021-09-19,2021-09-19,,2021-09-19,1.3
001787,2020-12-NONE,NONE-12-20,,NONE-12-20,2.2
001788,2020-12-NONE,NONE-12-20,,NONE-12-20,2.0
001789,2021-01-16,2021-01-16,,2021-01-16,1.4
001790,2021-01-16,2021-01-16,,2021-01-16,1.3
001791,2020-08-13,2020-08-01,,2020-08-01,3.9
001792,2020-08-13,2020-08-13,,2020-08-13,4.4
001793,2021-11-07,2021-11-07,,2021-11-07,2.8
001794,2021-11-07,2021-11-07,,2021-11-07,2.6
001795,2021-01-27,2021-01-27,,2021-01-27,1.7
001796,2021-01-27,2021-01-27,,2021-01-27,2.5
001798,2021-10-10,2021-10-14,,2021-10-14,2.1
001799,2021-10-14,2021-10-14,,2021-10-14,2.4
001800,2021-01-14,2021-01-14,,2021-01-14,4.0
001803,2021-01-15,2021-01-15,,2021-01-15,2.0
001804,2021-01-15,2021-01-15,,2021-01-15,1.9
001807,2021-02-25,2021-02-25,,2021-02-25,3.5
001810,2023-10-22,2023-10-22,,2023-10-22,1.2
001811,2023-10-22,2023-10-02,,2023-10-02,3.2
001814,2022-06-07,2022-06-07,,2022-06-07,3.4
001820,2020-09-01,2020-09-01,,2020-09-01,4.1
001822,2021-06-09,2021-06-09,,2021-06-09,3.1
001823,2021-06-09,2021-06-09,,2021-06-09,2.6
001824,2021-09-07,2021-09-07,,2021-09-07,3.4
001826,2021-09-19,2021-09-19,,2021-09-19,2.4
001827,2021-11-28,2021-11-28,,2021-11-28,2.2
001828,2021-11-28,2021-11-28,,2021-11-28,3.5
001829,2021-03-07,2021-03-07,,2021-03-07,5.0
001830,2020-12-NONE,2020-12-NONE,,2020-12-NONE,2.2
001831,2020-12-NONE,2020-12-NONE,,2020-12-NONE,2.0
001833,2022-09-02,NONE,,NONE,7.0
001834,2022-07-12,2022-07-12,,2022-07-12,3.7
001835,2022-07-12,NONE,,NONE,5.9
001836,2021-10-02,2021-10-02,,2021-10-02,2.5
001837,2021-10-02,2021-10-02,,2021-10-02,1.9
001838,2021-10-15,2021-10-15,,2021-10-15,2.3
001839,2021-10-15,2021-10-15,,2021-10-15,1.6
001840,2021-09-30,2021-09-30,,2021-09-30,1.2
001841,2021-09-30,2021-09-30,,2021-09-30,2.0
001843,2021-05-NONE,2021-05-NONE,,2021-05-NONE,2.0
001844,2021-11-23,2021-11-23,,2021-11-23,2.3
001845,2021-11-23,2021-11-23,,2021-11-23,1.9
001846,2021-09-23,2023-12-09,,2023-12-09,1.9
001847,2021-09-23,2021-09-23,,2021-09-23,1.7
001848,2021-11-18,2021-11-18,,2021-11-18,2.0
001849,2021-11-18,2021-11-18,,2021-11-18,5.6
001850,2021-12-16,2021-12-16,,2021-12-16,2.2
001851,2021-12-16,2021-12-16,,2021-12-16,2.2
001852,2022-08-13,NONE,,NONE,16.9
001853,2022-08-13,NONE,,NONE,6.5
001854,2022-01-18,2022-12-10,,2022-12-10,4.0
001855,2023-10-28,2023-10-28,,2023-10-28,8.3
001856,2023-10-28,2023-10-28,,2023-10-28,2.5
001859,2022-07-08,2022-07-08,,2022-07-08,2.1
001863,2023-08-04,2023-08-04,,2023-08-04,2.4
001864,2023-08-04,NONE,,NONE,13.4
001865,2021-09-17,2021-09-17,,2021-09-17,1.2
001866,2021-09-17,2021-09-17,,2021-09-17,1.4
001867,2022-07-NONE,2022-07-NONE,,2022-07-NONE,1.8
001868,2022-07-NONE,NONE,,NONE,7.2
001872,2022-10-14,2022-10-14,,2022-10-14,3.5
001874,2021-10-22,2022-10-21,d,2022-10-21,4.4
001876,2021-09-30,2021-09-30,d,2021-09-30,5.4
001877,2021-11-03,2021-11-03,,2021-11-03,3.2
001878,2021-11-03,2021-01-03,,2021-01-03,3.3
001879,2021-09-01,2021-09-01,,2021-09-01,6.2
001880,2024-09-01,NONE,,NONE,8.3
001881,2021-06-20,2021-06-20,,2021-06-20,1.3
001882,2021-06-20,2021-06-20,,2021-06-20,1.7
001883,2021-09-09,2021-09-09,,2021-09-09,4.3
001884,2021-09-09,2021-09-11,,2021-09-11,3.0
001887,2023-08-22,2023-08-22,,2023-08-22,2.0
001888,2023-08-22,2023-08-22,,2023-08-22,2.3
001889,2021-08-31,2021-08-31,,2021-08-31,4.2
001890,2021-08-31,2021-08-31,,2021-08-31,2.1
001891,2022-05-22,2022-05-22,,2022-05-22,2.4
001893,2021-03-19,2021-03-19,,2021-03-19,2.0
001894,2021-03-19,2021-03-19,,2021-03-19,1.9
001895,2021-03-17,2021-03-17,,2021-03-17,2.4
001896,2021-03-17,2021-03-17,,2021-03-17,2.2
001897,2021-05-29,2021-05-29,,2021-05-29,1.8
001898,2021-05-29,2021-05-29,t,2021-05-29,2.0
001900,2021-11-29,NONE,,NONE,12.3
001902,2021-10-28,2021-10-28,,2021-10-28,2.5
001904,2022-01-15,2022-01-15,,2022-01-15,2.8
001905,2022-01-15,2022-01-15,,2022-01-15,2.2
001907,2021-08-16,2021-08-16,,2021-08-16,2.7
001908,2021-08-16,2021-08-16,,2021-08-16,2.0
001911,2021-05-21,2021-05-21,,2021-05-21,3.5
001912,2021-05-21,2021-05-21,,2021-05-21,2.8
001913,2021-09-14,2021-09-14,,2021-09-14,2.2
001914,2021-09-14,2021-09-14,,2021-09-14,1.7
001915,2021-06-24,2021-06-24,,2021-06-24,1.8
001916,2021-06-24,2021-06-24,,2021-06-24,1.8
001917,2021-05-25,2021-05-25,,2021-05-25,1.6
001919,2023-12-20,2023-12-20,,2023-12-20,3.5
001920,2022-10-15,2022-10-15,,2022-10-15,10.9
001922,2022-06-14,2022-06-14,,2022-06-14,4.9
001923,2022-06-14,2022-06-14,,2022-06-14,3.6
001924,2022-01-21,NONE,b,NONE,17.3
001926,2021-04-27,2021-04-27,,2021-04-27,1.9
001927,2021-04-27,2021-04-27,,2021-04-27,2.0
001928,2022-01-14,2022-01-14,,2022-01-14,1.9
001930,2022-01-01,2022-01-01,,2022-01-01,2.2
001931,2022-01-01,2022-01-01,,2022-01-01,1.8
001932,2022-01-22,2022-01-22,,2022-01-22,1.4
001933,2022-01-22,2022-01-22,,2022-01-22,1.4
001934,2022-03-29,2022-03-29,,2022-03-29,2.9
001935,2022-03-29,2022-03-29,,2022-03-29,2.2
001936,2021-12-21,2021-12-21,,2021-12-21,3.0
001937,2021-12-21,2021-12-21,,2021-12-21,6.7
001938,2021-03-NONE,2021-03-NONE,,2021-03-NONE,2.4
001939,2021-03-14,2021-03-14,,2021-03-14,2.2
001940,2021-03-14,2021-03-14,b,2021-03-14,4.9
001941,2022-05-27,2022-05-27,,2022-05-27,1.7
001943,2023-09-29,2023-09-29,,2023-09-29,1.9
001944,2023-09-29,NONE,t,NONE,5.6
001945,2021-08-NONE,NONE,,NONE,19.3
001949,2023-07-16,2023-07-16,d,2023-07-16,1.9
001950,2023-07-16,2023-07-16,,2023-07-16,4.4
001951,2022-09-16,2022-09-16,,2022-09-16,3.3
001952,2022-09-16,2022-09-16,,2022-09-16,1.6
001955,2021-10-NONE,2021-10-NONE,,2021-10-NONE,4.4
001956,2021-10-NONE,2021-10-NONE,,2021-10-NONE,3.8
001957,2021-10-NONE,2021-10-NONE,,2021-10-NONE,7.4
001958,2020-11-13,2020-11-13,,2020-11-13,5.8
001959,2020-11-13,2020-11-13,,2020-11-13,3.9
001960,2022-06-15,2022-06-15,,2022-06-15,7.0
001965,2023-10-12,2023-10-12,,2023-10-12,2.4
001966,2023-10-12,2023-10-12,,2023-10-12,2.1
001967,2022-08-24,2022-08-24,,2022-08-24,2.5
001968,2022-08-24,2022-08-24,,2022-08-24,2.1
001970,2021-06-18,2021-06-18,,2021-06-18,4.3
001971,2021-06-18,2021-06-18,,2021-06-18,2.5
001972,2023-03-15,2023-03-15,,2023-03-15,3.1
001973,2023-03-15,2023-03-15,,2023-03-15,2.7
001974,2021-09-NONE,2021-09-NONE,,2021-09-NONE,6.1
001978,2020-11-04,2020-11-04,,2020-11-04,1.6
001982,2021-10-20,2021-10-20,,2021-10-20,1.6
001983,2021-10-20,2021-10-20,,2021-10-20,1.7
001984,2022-01-19,2022-01-19,,2022-01-19,3.6
001985,2022-01-19,2022-01-19,,2022-01-19,3.1
001986,2023-01-04,2023-01-04,,2023-01-04,2.3
001987,2021-12-28,NONE,,NONE,23.0
001988,2021-12-28,NONE,,NONE,10.1
001989,2022-11-23,2022-11-23,,2022-11-23,2.6
001990,2022-11-23,2022-11-23,,2022-11-23,2.5
001991,2021-12-28,2021-12-28,,2021-12-28,3.3
001992,2021-12-28,2021-12-28,,2021-12-28,2.7
001993,2021-10-29,2021-10-29,,2021-10-29,3.5
001994,2021-10-29,2021-10-29,,2021-10-29,2.1
001995,2021-12-18,2021-12-18,,2021-12-18,1.8
001996,2021-12-18,2021-12-18,,2021-12-18,1.7
001997,2021-12-27,2021-12-27,,2021-12-27,2.8
001998,2021-12-27,2021-12-27,,2021-12-27,2.0
001999,2021-04-24,2021-04-24,,2021-04-24,1.3
002000,2021-04-24,2021-04-24,,2021-04-24,1.8
002002,2022-01-27,2022-01-27,b,2022-01-27,1.4
002003,2022-05-15,2022-05-15,,2022-05-15,1.5
002004,2022-05-15,2022-05-15,,2022-05-15,2.1
002005,2022-07-27,2022-07-27,,2022-07-27,2.0
002008,2022-01-14,2029-12-NONE,,2029-12-NONE,4.3
002009,2021-12-02,2021-12-02,,2021-12-02,2.3
002011,2020-06-30,NONE,,NONE,12.2
002013,2022-10-01,2022-10-01,,2022-10-01,2.1
002014,2023-06-28,2023-06-28,,2023-06-28,3.6
002015,2023-06-28,2023-08-28,,2023-08-28,2.9
002016,2022-10-19,2022-10-19,,2022-10-19,1.4
002018,2021-10-23,2021-10-23,,2021-10-23,1.8
002019,2022-03-09,2022-03-09,,2022-03-09,8.2
002022,2022-04-09,2022-04-09,,2022-04-09,2.5
002023,2020-11-10,2020-11-10,,2020-11-10,1.8
002024,2020-11-10,2020-11-10,,2020-11-10,1.9
002025,2020-01-03,2020-01-03,,2020-01-03,2.9
002026,NONE,2020-01-03,,2020-01-03,2.6
002027,2020-11-26,2020-11-26,,2020-11-26,4.2
002028,2020-11-26,2020-11-26,,2020-11-26,3.1
002029,2020-11-22,2020-11-22,,2020-11-22,2.6
002030,2019-11-18,2019-11-18,,2019-11-18,2.0
002032,2022-03-22,2022-03-22,,2022-03-22,2.7
002035,2017-12-20,2017-12-20,,2017-12-20,1.7
002037,2020-08-22,2020-08-22,,2020-08-22,1.1
002038,2020-11-26,2020-11-26,,2020-11-26,4.0
002039,2021-12-03,2021-12-03,,2021-12-03,1.7
002040,2021-12-03,2021-12-03,,2021-12-03,1.6
002042,2020-08-27,2020-08-27,,2020-08-27,3.0
002043,2019-12-20,2019-12-20,,2019-12-20,1.2
002044,2019-12-20,2019-12-20,,2019-12-20,2.2
002045,2021-12-10,2021-12-10,,2021-12-10,3.0
002046,2021-12-10,2021-12-10,,2021-12-10,2.0
002047,2021-07-31,2021-07-31,,2021-07-31,2.7
002048,2021-07-31,2021-07-31,,2021-07-31,2.4
002051,NONE-04-14,NONE-04-14,,NONE-04-14,2.9
002052,NONE-04-14,NONE,,NONE,11.0
002053,2020-08-11,2020-08-11,,2020-08-11,3.7
002054,2021-12-NONE,NONE,,NONE,40.9
002055,2021-12-NONE,NONE,,NONE,19.6
002056,2021-12-17,2021-12-17,,2021-12-17,1.8
002058,2022-06-22,2022-06-22,,2022-06-22,3.9
002059,2022-06-22,2022-06-22,,2022-06-22,3.5
002060,NONE-04-17,NONE-04-17,,NONE-04-17,5.1
002061,NONE-04-17,NONE,,NONE,7.0
002063,2023-02-NONE,2023-02-NONE,,2023-02-NONE,2.4
002064,2021-09-03,2021-09-03,,2021-09-03,2.4
002065,2021-09-03,2021-09-03,,2021-09-03,2.5
002068,2022-11-09,2022-11-09,d,2022-11-09,1.3
002069,2022-12-11,2022-12-11,,2022-12-11,2.2
002070,2022-03-24,2022-03-24,,2022-03-24,2.5
002071,2022-03-24,2022-03-24,,2022-03-24,2.1
002072,2024-12-21,2024-12-21,,2024-12-21,2.3
002073,2024-12-21,2024-12-21,,2024-12-21,2.5
002074,2020-05-28,2020-05-28,,2020-05-28,1.3
002075,2020-05-28,2020-05-28,,2020-05-28,1.8
002076,2022-03-04,2022-03-04,,2022-03-04,2.4
002077,2020-10-21,2020-10-21,,2020-10-21,1.3
002078,2020-10-21,2020-10-21,,2020-10-21,1.8
002079,2021-01-03,2021-01-03,,2021-01-03,1.3
002080,2021-01-03,2021-01-03,,2021-01-03,1.3
002082,2019-07-09,2019-07-09,,2019-07-09,1.3
002085,2021-11-22,2021-11-22,,2021-11-22,1.4
002086,2021-11-22,2021-11-22,,2021-11-22,4.2
002088,2021-09-03,2021-09-03,,2021-09-03,1.4
002090,2021-11-09,2021-11-09,,2021-11-09,2.0
002091,2021-09-21,2021-09-21,,2021-09-21,2.2
002092,2021-09-21,2021-09-21,,2021-09-21,1.4
002093,2021-11-17,2021-11-17,,2021-11-17,2.4
002094,2021-04-28,2021-04-28,,2021-04-28,1.2
002095,2021-04-28,2021-04-28,,2021-04-28,1.5
002096,2022-06-16,2022-06-16,,2022-06-16,1.5
002097,2022-06-16,2022-06-16,,2022-06-16,2.4
002098,2021-05-25,2021-05-25,,2021-05-25,2.0
002099,2021-05-25,2021-05-25,,2021-05-25,1.8
002101,2021-09-17,2021-09-17,,2021-09-17,1.5
002103,2021-12-25,2021-12-19,,2021-12-19,2.1
002106,2022-01-03,2022-01-03,,2022-01-03,2.0
002108,2020-09-01,2020-09-01,,2020-09-01,2.6
002111,2022-08-25,2022-08-25,,2022-08-25,0.9
002112,2022-08-25,2022-08-25,,2022-08-25,1.2
002113,2022-03-12,2022-03-12,,2022-03-12,1.4
002114,2020-12-01,2020-12-01,,2020-12-01,1.9
002115,2020-12-01,2020-12-01,,2020-12-01,3.2
002116,2020-07-05,2020-07-05,,2020-07-05,3.9
002117,2020-07-05,2020-07-05,,2020-07-05,3.4
002118,2021-01-03,2021-01-03,,2021-01-03,3.4
002119,2021-01-03,2021-01-03,,2021-01-03,4.3
002120,2020-07-20,2020-07-20,,2020-07-20,2.2
002121,2020-07-20,2020-07-20,,2020-07-20,2.1
002122,2021-10-09,2021-10-09,,2021-10-09,3.0
002123,2020-11-02,2020-11-02,,2020-11-02,3.6
002124,2020-11-02,2020-11-02,,2020-11-02,2.6
002125,2021-04-21,2021-04-24,,2021-04-24,2.7
002126,2021-04-21,2021-04-02,,2021-04-02,1.3
002127,2021-11-04,2021-11-04,,2021-11-04,2.6
002128,2021-08-12,2021-08-12,,2021-08-12,2.0
002129,2021-08-12,2021-08-12,,2021-08-12,1.4
002130,2021-11-01,2021-11-01,,2021-11-01,1.7
002131,2021-11-01,2021-11-01,,2021-11-01,2.2
002132,2021-10-04,2021-10-04,,2021-10-04,1.5
002133,2021-10-04,NONE-10-21,d,NONE-10-21,2.1
002134,2022-11-02,2022-11-02,,2022-11-02,4.2
002135,2022-11-02,2022-11-02,,2022-11-02,3.3
002136,2021-10-11,2021-10-11,,2021-10-11,3.0
002137,2021-10-11,2021-10-11,,2021-10-11,3.9
002138,2021-06-29,2021-06-29,,2021-06-29,2.5
002139,2021-06-29,2021-06-29,,2021-06-29,2.1
002140,2021-05-05,2021-05-05,,2021-05-05,1.8
002142,2021-04-11,2021-04-11,,2021-04-11,1.6
002144,2021-07-13,2021-07-13,,2021-07-13,2.8
002145,2021-07-13,2021-07-13,,2021-07-13,2.0
002147,2022-07-26,2022-07-02,,2022-07-26,2.3
002148,2022-01-03,2022-01-01,,2022-01-01,6.9
002149,2021-03-31,2021-03-31,,2021-03-31,3.3
002150,2021-03-31,2021-03-31,,2021-03-31,2.3
002154,2021-05-21,2021-05-21,,2021-05-21,2.4
002155,2021-05-21,2021-05-21,,2021-05-21,2.2
002156,2021-12-25,2021-12-25,,2021-12-25,1.3
002157,2021-12-25,NONE,,NONE,8.6
002158,NONE-04-13,NONE-04-13,,NONE-04-13,3.1
002159,NONE-04-13,NONE-04-13,,NONE-04-13,2.8
002160,2021-04-08,2021-04-08,,2021-04-08,4.2
002161,2021-04-08,2021-04-08,,2021-04-08,15.8
002162,2023-06-18,2023-01-06,,2023-01-06,5.3
002163,2023-06-18,NONE,?,NONE,10.8
002166,2021-04-12,2021-04-12,,2021-04-12,1.8
002167,2021-05-28,2021-05-02,,2021-05-28,1.9
002168,2021-05-28,2021-05-28,,2021-05-28,1.6
002169,2020-01-15,2020-01-15,,2020-01-15,2.0
002170,2020-01-15,2020-01-15,,2020-01-15,2.4
002171,2020-06-24,2020-06-24,,2020-06-24,2.8
002173,NONE-07-01,NONE-07-01,,NONE-07-01,1.2
002174,2021-09-05,2021-09-05,,2021-09-05,1.7
002175,2021-09-05,2021-09-05,,2021-09-05,1.4
002176,2021-02-11,2021-02-11,,2021-02-11,1.8
002178,2022-05-19,2022-05-19,,2022-05-19,2.3
002179,2022-01-19,2022-01-19,,2022-01-19,2.8
002181,2018-12-04,2018-12-04,,2018-12-04,4.0
002183,2019-02-20,NONE,,NONE,14.4
002184,2020-09-25,2020-09-25,,2020-09-25,2.7
002185,2020-09-25,2020-09-25,,2020-09-25,2.2
002186,2020-06-10,2020-06-10,,2020-06-10,3.1
002187,2020-06-10,2020-06-10,,2020-06-10,2.2
002188,2020-08-07,2020-08-07,,2020-08-07,2.5
002189,2022-02-04,2022-02-04,,2022-02-04,2.7
002190,2022-02-04,NONE,b,NONE,6.6
002191,2020-10-20,2020-10-20,,2020-10-20,1.3
002193,2020-06-10,2020-06-10,,2020-06-10,1.4
002194,2020-06-10,2020-06-01,,2020-06-01,1.5
002195,2021-10-28,2021-10-28,,2021-10-28,1.9
002197,2021-01-13,2021-01-13,,2021-01-13,1.7
002198,2021-01-13,2021-01-13,,2021-01-13,2.2
002199,2021-08-05,2021-08-05,,2021-08-05,1.9
002201,2020-10-08,2020-10-08,,2020-10-08,2.0
002205,2021-03-05,2021-03-05,,2021-03-05,1.2
002207,2020-06-11,2020-06-11,,2020-06-11,5.5
002208,2022-05-31,2022-05-31,,2022-05-31,2.3
002209,2022-05-31,2022-05-31,,2022-05-31,2.5
002212,2020-10-30,2020-10-30,,2020-10-30,9.9
002213,2020-10-30,2020-10-30,,2020-10-30,8.9
002214,2020-10-16,2020-10-16,,2020-10-16,3.1
002215,2020-10-06,2020-10-16,,2020-10-16,1.5
002216,2023-06-NONE,2023-06-NONE,,2023-06-NONE,2.3
002217,2023-05-NONE,2023-05-NONE,,2023-05-NONE,1.5
002218,2023-05-NONE,2023-05-NONE,,2023-05-NONE,2.3
002219,2022-02-01,2022-02-01,,2022-02-01,2.6
002220,2019-09-30,2019-09-30,,2019-09-30,2.3
002221,2022-06-03,2022-06-03,,2022-06-03,1.7
002222,2021-02-07,2021-02-07,,2021-02-07,2.6
002223,2021-02-07,2021-02-07,,2021-02-07,6.5
002224,2022-09-14,2022-09-14,,2022-09-14,1.5
002225,2022-09-14,2022-09-14,,2022-09-14,1.7
002226,2023-03-03,2023-03-03,,2023-03-03,21.0
002227,2023-03-03,2023-03-03,,2023-03-03,8.7
002228,2023-03-28,2023-03-28,,2023-03-28,2.1
002229,2023-03-28,2023-03-28,,2023-03-28,1.7
002230,2022-07-21,2022-07-21,,2022-07-21,1.4
002231,2022-07-21,2022-07-21,,2022-07-21,1.4
002232,2022-12-20,2022-12-20,,2022-12-20,1.7
002233,2023-01-21,2023-01-21,,2023-01-21,1.7
002234,2023-01-21,2023-01-21,,2023-01-21,2.1
002235,2022-02-22,2022-02-22,,2022-02-22,4.3
002236,2021-06-08,2021-06-08,,2021-06-08,7.1
002237,2021-06-08,2021-06-08,,2021-06-08,3.2
002238,2022-06-30,2022-06-30,,2022-06-30,2.6
002240,2021-05-26,2021-05-26,,2021-05-26,2.1
002241,2021-05-26,NONE,,NONE,11.7
002242,2022-03-13,2022-03-13,,2022-03-13,3.6
002246,2021-07-22,2021-07-22,,2021-07-22,2.4
002247,2021-09-07,2021-09-07,,2021-09-07,1.8
002248,2021-09-07,2021-09-07,,2021-09-07,1.6
002249,2021-10-20,2021-10-20,,2021-10-20,3.2
002250,2021-05-09,2021-05-09,,2021-05-09,11.1
002251,2021-05-09,2021-05-09,,2021-05-09,3.2
002252,2022-01-04,2022-01-04,,2022-01-04,5.3
002253,2022-01-04,2022-01-04,,2022-01-04,2.2
002256,2021-04-30,2021-04-30,,2021-04-30,2.0
002257,2021-04-30,2021-04-30,,2021-04-30,2.1
002259,2022-12-15,2022-12-15,,2022-12-15,2.4
002261,2022-01-11,2022-01-11,,2022-01-11,2.1
002265,NONE-03-05,NONE-03-05,,NONE-03-05,2.1
002266,NONE-03-05,NONE-03-05,,NONE-03-05,1.9
002267,2022-09-NONE,2022-09-NONE,,2022-09-NONE,1.9
002268,2022-09-NONE,2022-09-NONE,,2022-09-NONE,2.3
002269,2021-03-16,2021-03-16,,2021-03-16,1.3
002270,2021-03-16,2021-03-16,,2021-03-16,1.6
002271,2021-08-02,2021-08-02,,2021-08-02,2.4
002272,2021-08-02,2021-08-02,,2021-08-02,2.2
002273,2021-08-09,2021-08-09,,2021-08-09,2.2
002274,2021-08-09,2021-08-09,,2021-08-09,2.5
002277,2023-07-NONE,2025-07-NONE,,2025-07-NONE,11.8
002278,2023-07-NONE,2023-07-NONE,,2023-07-NONE,4.5
002285,2022-01-06,2021-01-07,,2021-01-07,2.5
002286,2021-12-31,2021-12-31,,2021-12-31,3.1
002288,2024-12-18,2021-12-18,,2021-12-18,2.0
002289,2021-12-18,2021-12-18,,2021-12-18,1.9
002290,2021-09-10,2021-09-10,,2021-09-10,2.0
002291,2021-09-10,2021-09-10,,2021-09-10,2.0
002292,2021-07-03,2021-07-03,,2021-07-03,3.6
002293,2021-07-03,2021-07-03,,2021-07-03,5.8
002294,2022-09-22,2022-09-22,,2022-09-22,3.3
002295,2022-09-22,2022-09-22,,2022-09-22,2.2
002297,2022-06-06,2022-06-06,,2022-06-06,1.5
002298,2021-10-15,2021-10-15,,2021-10-15,2.1
002299,2021-10-15,2021-10-15,,2021-10-15,2.2
002300,2022-01-31,2022-01-31,,2022-01-31,1.8
002302,2022-02-03,2022-02-03,,2022-02-03,1.6
002303,2022-02-03,2022-02-03,,2022-02-03,2.0
002304,2022-07-31,2022-07-31,,2022-07-31,1.6
002305,2022-07-31,2022-07-31,,2022-07-31,1.9
002306,2021-11-23,2021-11-23,,2021-11-23,0.9
002307,2021-11-15,2020-02-02,,2020-02-02,10.4
002308,2021-11-15,2021-11-15,,2021-11-15,9.5
002312,2020-08-17,2020-08-17,,2020-08-17,2.1
002315,2022-06-15,2022-06-15,,2022-06-15,8.8
002316,2022-06-15,2022-06-15,,2022-06-15,7.6
002318,2020-12-03,2020-12-03,,2020-12-03,1.8
002319,2020-10-29,2020-10-29,,2020-10-29,1.4
002320,2020-10-29,2020-10-29,,2020-10-29,1.7
002321,2022-11-04,2022-11-04,,2022-11-04,1.5
002322,NONE-04-15,NONE-04-15,,NONE-04-15,7.7
002323,NONE-04-15,NONE-04-15,,NONE-04-15,6.7
002324,2020-09-06,2020-09-06,,2020-09-06,1.6
002325,2020-09-06,2020-09-06,,2020-09-06,2.2
002327,2022-10-23,2022-10-23,,2022-10-23,2.4
002329,2020-11-30,2020-11-30,,2020-11-30,1.4
002330,2020-11-30,2020-11-30,,2020-11-30,1.8
002331,2021-12-16,2021-12-16,,2021-12-16,1.6
002333,2021-10-04,2021-10-04,,2021-10-04,2.0
002335,2021-11-19,2021-11-19,,2021-11-19,1.3
002336,2021-11-19,NONE-11-19,,2021-11-19,1.6
002337,2023-01-05,2023-01-05,,2023-01-05,1.6
002338,2023-01-05,2023-01-05,,2023-01-05,2.0
002340,2021-12-28,2021-12-28,,2021-12-28,3.6
002343,2022-04-09,2022-04-09,,2022-04-09,3.8
002344,2022-04-09,2022-04-09,,2022-04-09,2.2
002345,NONE-02-12,2020-05-12,,2020-05-12,2.0
002346,NONE-02-12,NONE,,NONE,9.6
002348,2021-10-04,2021-10-04,,2021-10-04,2.2
002351,2021-09-13,2021-09-13,,2021-09-13,11.7
002352,2021-09-13,2021-09-13,,2021-09-13,2.5
002353,2021-10-22,2021-10-22,,2021-10-22,1.8
002354,2021-10-22,2021-10-22,,2021-10-22,2.2
002355,2021-02-12,2021-02-12,,2021-02-12,2.4
002356,2021-02-12,2021-02-12,,2021-02-12,2.1
002357,2021-10-10,2021-10-10,,2021-10-10,2.6
002358,2021-10-10,2021-10-10,,2021-10-10,2.1
002359,2021-06-10,2021-06-10,,2021-06-10,1.6
002360,2021-06-10,2021-06-10,,2021-06-10,2.2
002361,2019-12-10,2019-12-10,,2019-12-10,2.6
002362,NONE,2019-12-10,,2019-12-10,3.8
002363,2021-08-04,2021-08-04,,2021-08-04,3.6
002364,2021-08-04,2021-08-04,,2021-08-04,2.9
002365,2021-12-22,2021-12-22,,2021-12-22,2.0
002366,2020-10-01,2020-10-01,,2020-10-01,1.1
002367,2020-10-01,2020-10-01,,2020-10-01,1.4
002368,2022-01-16,2022-01-16,,2022-01-16,3.3
002369,2022-01-16,2022-01-16,,2022-01-16,3.0
002370,2022-05-12,2022-05-12,,2022-05-12,2.4
002371,2022-11-12,2022-11-12,,2022-11-12,1.9
002372,2022-11-12,2022-11-12,,2022-11-12,2.3
002373,2021-12-27,2028-10-NONE,,2028-10-NONE,2.0
002374,2021-12-27,2028-10-NONE,,2028-10-NONE,1.4
002375,2019-10-28,2019-10-28,,2019-10-28,2.1
002376,2019-10-28,2019-10-28,,2019-10-28,2.8
002377,2022-12-21,2022-12-21,,2022-12-21,3.5
002378,2022-12-21,2022-12-21,,2022-12-21,3.7
002379,2022-10-20,2022-10-20,,2022-10-20,4.0
002380,2022-10-20,2022-10-20,,2022-10-20,4.4
002382,2021-08-17,2021-08-17,,2021-08-17,3.3
002383,2020-10-08,2020-10-08,,2020-10-08,4.8
002384,2020-10-08,2020-10-08,,2020-10-08,3.2
002387,2021-01-14,2021-01-14,,2021-01-14,1.5
002388,2021-01-14,2021-01-14,,2021-01-14,1.4
002389,2021-08-04,2021-08-04,,2021-08-04,1.7
002390,2021-03-18,2021-08-NONE,,2021-08-NONE,1.8
002391,2021-03-18,2021-03-NONE,,2021-03-NONE,3.1
002392,2021-07-21,2021-07-21,,2021-07-21,3.5
002393,2020-07-01,2020-07-01,,2020-07-01,4.6
002395,2023-11-11,2023-11-11,,2023-11-11,1.9
002396,2022-01-25,2022-01-25,,2022-01-25,1.7
002397,2022-01-25,2022-01-25,,2022-01-25,5.1
002398,2021-09-18,2021-09-18,,2021-09-18,1.4
002399,2021-09-18,2021-09-18,,2021-09-18,1.5
002400,2023-01-05,2023-01-05,,2023-01-05,1.5
002401,2022-11-04,2022-12-04,,2022-12-04,7.5
002402,2022-11-04,NONE,,NONE,12.3
002403,2022-10-02,NONE,,NONE,17.6
002404,2022-10-02,NONE,,NONE,8.2
002405,2021-11-01,2021-11-01,,2021-11-01,1.2
002406,2021-11-01,2021-11-01,,2021-11-01,1.5
002407,2022-03-08,2022-03-08,,2022-03-08,4.5
002410,2022-04-NONE,2022-04-NONE,,2022-04-NONE,1.5
002411,2023-01-12,2023-01-12,,2023-01-12,1.8
002412,2023-01-18,2023-01-18,,2023-01-18,2.7
002413,2022-07-20,2022-07-20,,2022-07-20,2.6
002414,2021-11-01,2021-11-01,,2021-11-01,2.1
002416,2021-12-25,2021-12-25,,2021-12-25,1.6
002417,2021-12-25,2021-12-25,,2021-12-25,1.3
002419,2023-05-10,2023-05-10,,2023-05-10,2.2
002420,2020-10-23,2020-10-23,,2020-10-23,1.0
002422,2023-02-07,2023-02-07,,2023-02-07,3.3
002423,2023-02-07,2023-02-07,,2023-02-07,3.3
002424,2022-06-09,2022-06-09,,2022-06-09,1.3
002425,2022-06-09,2022-06-09,,2022-06-09,1.7
002426,2021-01-18,2021-01-18,,2021-01-18,2.1
002428,2020-12-23,2020-12-23,,2020-12-23,1.9
002430,2021-06-11,2021-06-11,,2021-06-11,5.6
002431,2021-06-11,2021-06-11,,2021-06-11,3.6
002432,NONE,2020-07-16,,2020-07-16,10.4
002434,2023-01-07,2023-01-07,,2023-01-07,1.9
002435,2021-06-03,2021-06-03,,2021-06-03,3.7
002437,2020-09-13,2020-09-13,,2020-09-13,4.2
002439,2022-01-26,2022-01-26,,2022-01-26,2.2
002440,2022-01-26,NONE,,2022-01-26,21.4
002441,2021-08-03,2021-08-03,,2021-08-03,2.4
002442,2021-08-03,2021-08-03,,2021-08-03,1.8
002443,2021-11-11,NONE-11-11,,NONE-11-11,2.2
002445,2021-01-16,2021-01-16,,2021-01-16,2.6
002446,2021-01-16,2021-01-16,,2021-01-16,1.9
002447,2021-02-04,2021-02-04,,2021-02-04,1.9
002451,2021-08-14,2021-08-14,,2021-08-14,1.4
002452,2021-12-22,NONE,,NONE,29.1
002453,2021-12-22,NONE,,NONE,10.4
002454,2023-02-NONE,2023-02-NONE,,2023-02-NONE,4.1
002455,2023-02-NONE,2023-02-NONE,,2023-02-NONE,3.3
002457,2024-09-15,2024-09-15,,2024-09-15,3.2
002458,2022-04-NONE,2022-04-NONE,,2022-04-NONE,23.1
002459,2021-11-30,2021-11-30,,2021-11-30,5.9
002461,2021-10-31,2021-10-31,,2021-10-31,3.2
002462,2020-12-21,2020-12-02,,2020-12-02,2.8
002463,NONE,2020-12-02,,2020-12-26,3.2
002464,2022-05-NONE,2022-05-NONE,,2022-05-NONE,2.3
002465,2022-01-20,2022-01-20,,2022-01-20,3.7
002466,2022-01-20,2022-01-20,,2022-01-20,3.2
002470,2023-06-22,2023-06-22,,2023-06-22,1.8
002476,2021-03-13,2021-03-13,,2021-03-13,2.9
002477,2023-03-15,2023-03-15,,2023-03-15,2.0
002478,2023-03-15,2023-03-15,,2023-03-15,2.9
002479,2022-07-NONE,2022-07-NONE,,2022-07-NONE,1.4
002480,2022-07-NONE,2022-07-NONE,,2022-07-NONE,1.6
002481,2021-03-28,2021-03-28,,2021-03-28,5.0
002482,2021-03-28,2021-05-28,,2021-05-28,1.7
002483,2021-05-05,2021-05-05,,2021-05-05,12.7
002484,2021-05-05,NONE,,NONE,7.4
002485,2022-08-03,2022-08-03,,2022-08-03,2.0
002486,2022-08-03,2022-08-03,,2022-08-03,2.7
002487,NONE,2021-02-06,m,2021-02-06,1.6
002488,NONE,2021-02-06,m,2021-02-06,1.9
002489,2021-04-18,2021-04-18,,2021-04-18,2.2
002490,2021-04-18,2021-04-18,,2021-04-18,2.0
002491,2022-09-08,NONE-08-09,,NONE-08-09,11.7
002492,2022-09-08,2020-01-01,,2020-01-01,7.7
002495,2021-01-27,2021-01-27,,2021-01-27,2.5
002496,2021-01-27,2021-01-27,,2021-01-27,2.1
002497,2023-01-24,2024-09-NONE,,2024-09-NONE,2.6
002499,2021-05-07,2021-05-07,,2021-05-07,2.7
002500,2021-08-21,2021-08-21,,2021-08-21,4.1
002501,2021-08-21,2021-08-21,,2021-08-21,4.3
002502,2022-01-24,2022-01-24,,2022-01-24,3.3
002503,2022-01-24,2022-01-24,,2022-01-24,2.2
002504,2022-01-06,2022-01-06,,2022-01-06,2.0
002505,2022-01-06,2022-01-06,,2022-01-06,1.9
002506,2021-08-08,2021-08-08,,2021-08-08,2.4
002507,2021-08-08,2021-08-08,,2021-08-08,2.6
002508,2021-11-09,2021-11-09,,2021-11-09,2.2
002509,2021-11-09,2021-11-09,,2021-11-09,1.6
002510,2022-03-09,2022-03-09,,2022-03-09,1.9
002511,2022-03-09,2022-03-09,,2022-03-09,7.5
002513,2021-11-04,2021-11-04,,2021-11-04,1.7
002514,2022-02-16,2022-02-16,,2022-02-16,2.2
002515,2022-02-16,2022-02-16,,2022-02-16,2.7
002516,2022-07-20,2022-07-20,,2022-07-20,1.7
002518,2023-01-25,2023-01-25,,2023-01-25,2.4
002519,2023-01-25,2023-01-25,,2023-01-25,2.0
002520,2023-10-02,2023-10-02,,2023-10-02,1.8
002521,2023-10-02,2023-10-02,,2023-10-02,1.7
002522,2022-09-14,2022-09-14,,2022-09-14,1.9
002523,2022-09-14,2022-09-14,,2022-09-14,2.5
002524,2023-01-25,2023-01-25,,2023-01-25,2.0
002525,2023-01-25,2023-01-25,,2023-01-25,2.9
002526,2023-02-15,2023-02-15,,2023-02-15,1.9
002527,2023-02-15,2023-02-15,,2023-02-15,2.2
002528,2021-10-19,2021-10-19,,2021-10-19,3.4
002530,2022-01-19,2022-01-19,,2022-01-19,3.0
002532,2022-06-30,2022-06-30,,2022-06-30,2.7
002533,2022-06-30,2022-06-30,,2022-06-30,2.2
002534,2021-12-04,2021-12-04,,2021-12-04,2.3
002535,2021-12-04,2021-12-04,,2021-12-04,2.5
002536,2021-09-22,2021-09-22,,2021-09-22,15.4
002537,2021-09-22,2021-09-22,,2021-09-22,9.1
002538,2021-08-05,2021-08-05,,2021-08-05,4.5
002540,2021-12-19,2021-12-19,,2021-12-19,4.3
002541,2021-12-19,2021-12-19,,2021-12-19,4.2
002542,2021-10-17,2021-10-17,,2021-10-17,1.7
002543,2021-10-17,NONE-10-17,,NONE-10-17,4.6
002544,2021-03-21,2021-03-21,,2021-03-21,18.6
002546,2022-04-NONE,2022-04-NONE,,2022-04-NONE,4.7
002549,2021-04-02,2021-04-02,,2021-04-02,7.6
002550,2021-09-30,2021-09-30,,2021-09-30,2.2
002551,2021-09-30,2021-09-30,,2021-09-30,2.5
002552,2021-01-22,2021-01-22,,2021-01-22,12.9
002553,2021-02-22,2022-01-21,,2022-01-21,2.2
002554,2021-11-18,2021-11-18,,2021-11-18,3.5
002555,2021-11-18,2021-11-18,,2021-11-18,2.8
002556,2021-11-17,2021-11-17,,2021-11-17,1.5
002557,2021-11-17,2021-11-17,,2021-11-17,1.8
002558,2022-04-01,2022-04-01,,2022-04-01,1.9
002559,2022-04-01,2022-04-07,,2022-04-07,6.8
002560,2022-10-21,2022-10-21,,2022-10-21,3.1
002561,2022-10-21,NONE-10-21,,NONE-10-21,3.8
002562,2021-08-29,2021-08-29,,2021-08-29,2.4
002563,2021-08-29,2021-08-29,,2021-08-29,2.3
002564,2021-09-25,2021-09-25,,2021-09-25,4.4
002565,2021-09-25,2021-09-25,,2021-09-25,2.6
002567,2021-10-15,2021-10-15,,2021-10-15,1.9
002568,2022-04-04,2022-04-04,,2022-04-04,1.5
002569,2022-04-04,2022-04-04,,2022-04-04,1.6
002572,2021-12-29,2021-12-29,,2021-12-29,3.3
002574,2021-12-16,2021-12-16,,2021-12-16,2.4
002575,2021-12-16,2021-12-16,,2021-12-16,3.2
002576,2020-02-18,2020-02-18,,2020-02-18,4.6
002578,2024-01-14,2024-01-14,,2024-01-14,4.4
002579,2024-01-14,2024-01-14,,2024-01-14,4.0
002580,2021-11-17,2021-11-17,,2021-11-17,3.8
002581,2021-11-17,2021-01-17,,2021-01-17,3.1
002582,2021-01-07,2021-01-07,,2021-01-07,1.6
002583,2021-01-07,2021-01-07,,2021-01-07,1.9
002584,2023-11-04,2023-11-04,,2023-11-04,3.1
002585,2023-11-04,2023-11-04,,2023-11-04,2.2
002586,NONE-12-22,NONE-12-22,,NONE-12-22,4.4
002590,2023-10-27,2023-10-27,,2023-10-27,5.1
002594,2022-08-05,2022-08-05,,2022-08-05,4.2
002596,2022-10-22,2022-10-22,,2022-10-22,5.5
002598,2021-12-NONE,2021-12-NONE,,2021-12-NONE,3.8
002599,2021-12-NONE,2021-12-NONE,,2021-12-NONE,3.2
002600,NONE,2020-10-21,m,2020-10-21,1.7
002601,NONE,2020-10-21,m,2020-10-21,1.9
002602,2022-07-07,2022-07-07,,2022-07-07,4.0
002606,2022-04-02,2022-04-02,,2022-04-02,2.8
002611,2021-12-01,2021-12-01,,2021-12-01,1.9
002612,2021-12-01,2021-12-01,,2021-12-01,2.0
002613,2023-04-NONE,2023-04-NONE,,2023-04-NONE,2.6
002616,2022-12-21,2022-12-21,,2022-12-21,1.5
002617,2022-05-04,2020-02-20,,2020-02-20,6.3
002618,2022-05-04,2022-05-04,,2022-05-04,8.1
002619,2022-03-31,2022-03-31,,2022-03-31,1.7
002620,2022-03-31,2022-03-31,,2022-03-31,1.8
002621,2023-12-21,2023-12-21,,2023-12-21,1.3
002622,2023-12-21,2023-12-21,,2023-12-21,1.3
002623,2022-12-19,2022-12-19,,2022-12-19,1.4
002624,2022-12-19,2022-12-19,b,2022-12-19,1.3
002625,2021-06-22,2021-06-22,,2021-06-22,1.8
002626,2021-06-22,2021-06-22,,2021-06-22,1.9
002627,2021-12-08,2021-12-08,,2021-12-08,1.3
002628,2021-12-08,2021-12-08,,2021-12-08,1.4
002631,2022-01-20,2022-01-20,,2022-01-20,3.8
002632,2022-01-20,2022-01-20,,2022-01-20,2.4
002633,2022-02-03,2022-02-03,,2022-02-03,4.9
002634,2022-02-03,2022-02-03,,2022-02-03,4.3
002635,2022-10-09,2022-10-09,,2022-10-09,3.3
002636,2022-10-09,2022-10-09,,2022-10-09,2.9
002637,2022-11-01,2022-11-01,,2022-11-01,3.2
002638,2022-11-01,2022-11-01,,2022-11-01,4.8
002639,2021-12-04,2021-12-04,,2021-12-04,2.3
002640,2021-12-04,2021-12-04,,2021-12-04,2.2
002641,2021-10-31,2021-10-31,,2021-10-31,4.4
002644,2022-11-NONE,NONE,,NONE,16.0
002647,2022-01-24,2022-01-24,,2022-01-24,1.9
002648,2022-01-24,2022-01-24,,2022-01-24,1.7
002649,2021-07-01,2021-07-01,,2021-07-01,1.9
002650,2021-07-01,NONE,,NONE,7.1
002652,2021-08-18,2021-08-18,,2021-08-18,1.6
002655,2021-03-25,2021-03-20,,2021-03-25,1.1
002656,2021-03-25,2021-03-25,,2021-03-25,1.4
002657,2021-07-01,2021-07-01,,2021-07-01,3.8
002658,2021-07-01,2021-07-01,,2021-07-01,3.6
002659,2022-06-11,2022-06-11,,2022-06-11,4.0
002660,2022-06-11,2022-06-11,,2022-06-11,3.1
002667,2021-09-09,2021-09-09,,2021-09-09,1.6
002668,2021-09-09,2021-09-09,,2021-09-09,2.1
002669,2022-04-18,2022-04-18,,2022-04-18,2.3
002670,2023-04-30,2023-04-30,,2023-04-30,1.7
002671,2021-04-05,2021-04-05,,2021-04-05,3.2
002673,2021-04-25,2021-04-25,,2021-04-25,1.6
002674,2021-04-25,2021-04-25,,2021-04-25,1.2
002675,2021-03-23,2021-03-23,,2021-03-23,2.8
002676,2021-03-23,2021-03-23,,2021-03-23,2.1
002677,2021-08-04,2021-08-04,,2021-08-04,1.6
002678,2021-08-04,2021-08-04,,2021-08-04,1.8
002679,2021-07-17,2021-07-17,,2021-07-17,1.8
002680,2021-10-29,2021-10-29,,2021-10-29,2.4
002681,2021-09-10,2021-09-10,,2021-09-10,4.0
002682,2021-09-10,2021-09-10,,2021-09-10,3.2
002683,2021-12-03,2021-12-03,,2021-12-03,2.3
002685,2021-07-28,2021-07-28,,2021-07-28,4.4
002686,2021-11-05,2021-11-05,,2021-11-05,3.3
002687,NONE,2021-02-02,,2021-02-02,1.7
002688,2021-06-11,2021-06-11,,2021-06-11,3.8
002689,2021-03-15,2021-03-15,,2021-03-15,1.5
002690,NONE-03-11,NONE-03-11,,NONE-03-11,1.7
002691,2021-03-10,2021-03-10,,2021-03-10,4.0
002693,2021-04-19,2021-04-19,,2021-04-19,11.7
002694,2021-04-19,NONE,,NONE,11.0
002695,2022-01-14,2022-01-14,,2022-01-14,12.4
002696,2021-07-23,2021-07-23,,2021-07-23,2.8
002697,2021-06-06,2021-06-06,,2021-06-06,4.0
002698,2021-11-29,2021-11-29,,2021-11-29,2.9
002701,2022-12-16,2022-12-16,,2022-12-16,5.0
002702,2022-12-16,2022-12-16,,2022-12-16,2.4
002704,2022-10-29,2022-10-02,,2022-10-02,4.2
002705,2021-12-07,2021-12-07,,2021-12-07,2.2
002706,2021-12-07,2021-12-07,,2021-12-07,1.9
002707,2022-01-20,NONE,d,NONE,20.2
002708,2020-01-22,2021-08-06,,2021-08-06,2.4
002709,2021-10-28,2021-10-28,,2021-10-28,2.9
002710,2021-10-28,2021-10-28,,2021-10-28,2.6
002711,2022-01-11,2022-01-11,,2022-01-11,1.6
002712,2022-01-11,2022-01-11,,2022-01-11,1.6
002715,2021-12-15,2021-12-15,,2021-12-15,3.6
002716,2021-12-15,2021-12-15,,2021-12-15,2.5
002718,2022-02-23,2022-02-23,,2022-02-23,2.3
002719,2026-01-09,2026-01-09,,2026-01-09,3.3
002720,2026-01-09,2026-01-09,,2026-01-09,3.1
002721,2022-12-30,2022-12-30,,2022-12-30,3.2
002722,2022-12-30,2022-12-30,,2022-12-30,3.2
002724,2019-12-20,NONE,,NONE,9.0
002725,2021-10-28,2021-10-28,,2021-10-28,2.7
002726,2017-03-22,2017-03-22,,2017-03-22,2.7
002727,NONE,2017-03-22,,2017-03-22,2.0
002728,2021-11-04,2021-11-04,,2021-11-04,4.5
002729,2021-11-04,2021-11-04,,2021-11-04,4.9
002730,2021-06-25,2021-06-25,,2021-06-25,3.7
002731,2021-04-18,2021-04-18,,2021-04-18,4.1
002732,2021-12-25,2021-12-25,,2021-12-25,4.8
002733,2021-12-25,2021-12-25,,2021-12-25,3.7
002734,2022-02-04,2022-02-04,,2022-02-04,2.3
002735,2022-02-04,2022-02-04,,2022-02-04,2.2
002736,2021-04-28,2021-04-28,,2021-04-28,5.3
002737,2021-06-12,NONE-12-06,,NONE-12-06,9.8
002740,2021-12-18,2021-12-18,,2021-12-18,6.1
002741,2021-12-18,2021-12-18,,2021-12-18,2.1
002743,2021-08-13,2021-08-13,,2021-08-13,3.9
002746,2022-01-08,2022-01-08,,2022-01-08,3.9
002748,2022-11-12,2022-11-12,,2022-11-12,3.9
002749,2020-12-NONE,2020-12-17,,2020-12-17,2.2
002750,2022-06-15,2022-06-15,,2022-06-15,2.2
002752,2022-01-NONE,2022-01-NONE,,2022-01-NONE,1.9
002753,2022-01-NONE,2022-01-NONE,,2022-01-NONE,2.2
002754,2021-05-29,2021-05-29,,2021-05-29,5.9
002755,2021-05-16,2022-12-01,,2022-12-01,8.7
002756,2021-05-16,2021-05-16,,2021-05-16,3.8
002757,2022-09-10,2022-09-10,,2022-09-10,3.3
002758,2022-09-10,2022-09-10,,2022-09-10,3.6
002759,2021-05-12,2021-05-12,,2021-05-12,1.8
002760,2021-05-12,2021-05-12,,2021-05-12,2.0
002763,2021-11-06,2021-11-06,,2021-11-06,3.7
002764,2021-11-06,2021-11-06,,2021-11-06,3.2
002766,2021-03-16,NONE,,NONE,9.6
002767,2021-12-01,2021-12-01,,2021-12-01,2.9
002768,2021-12-01,2021-12-01,,2021-12-01,2.6
002769,2021-12-08,2021-12-08,,2021-12-08,1.6
002770,2021-10-11,2021-10-11,,2021-10-11,3.3
002771,2021-10-10,2021-10-11,,2021-10-11,15.5
002772,2024-05-NONE,2024-05-NONE,,2024-05-NONE,3.2
002773,2024-05-NONE,2024-05-20,,2024-05-20,2.9
002774,2021-10-08,2021-10-08,t,2021-10-08,3.3
002775,2021-10-08,NONE,,NONE,12.3
002776,2021-09-15,2021-09-15,,2021-09-15,2.3
002777,2021-09-15,NONE-09-15,,NONE-09-15,1.9
002778,2021-10-02,2021-10-02,,2021-10-02,4.7
002779,2021-10-02,2021-10-02,,2021-10-02,2.7
002780,2021-04-06,2021-04-06,,2021-04-06,4.4
002782,2021-04-22,2021-04-22,,2021-04-22,11.3
002784,2021-04-18,NONE-11-01,,NONE-11-01,6.2
002785,2021-04-18,2021-08-18,,2021-08-18,3.3
002789,2021-04-03,2021-04-03,,2021-04-03,4.3
002790,2021-12-06,2021-12-06,,2021-12-06,2.0
002791,2021-12-06,2021-12-06,,2021-12-06,2.6
002792,2023-04-28,2023-04-28,,2023-04-28,2.7
002793,2022-10-05,2022-10-05,,2022-10-05,1.7
002794,2022-10-05,2022-10-05,,2022-10-05,1.4
002795,2021-03-18,2021-03-18,,2021-03-18,2.6
002796,2021-03-18,2021-03-18,,2021-03-18,2.1
002797,2021-04-28,2021-04-29,,2021-04-29,3.1
002798,2021-04-28,NONE,,NONE,9.3
002801,2021-09-29,2021-09-29,,2021-09-29,3.9
002803,2021-04-19,2021-04-19,,2021-04-19,2.3
002804,2021-04-19,2021-04-19,,2021-04-19,2.2
002806,2023-01-13,2023-01-13,,2023-01-13,8.5
002807,2021-12-29,2021-12-29,,2021-12-29,2.1
002808,2021-12-29,2021-12-22,,2021-12-22,2.4
002809,2023-01-20,2023-01-20,,2023-01-20,2.8
002810,2023-01-20,2023-01-20,,2023-01-20,3.2
002811,2023-01-13,2023-01-13,,2023-01-13,4.6
002812,2023-01-13,2023-01-13,,2023-01-13,4.5
002817,2022-01-04,2022-01-04,,2022-01-04,6.1
002818,2022-12-01,2022-12-01,,2022-12-01,2.0
002819,2022-12-01,2022-12-01,,2022-12-01,2.5
002820,2021-11-19,2021-11-19,,2021-11-19,4.1
002821,2021-11-19,2021-11-19,,2021-11-19,2.9
002822,2021-10-07,2021-10-07,,2021-10-07,3.7
002823,2021-10-07,2021-10-07,,2021-10-07,2.7
002824,2022-11-08,2022-11-08,,2022-11-08,2.2
002827,2021-07-03,NONE,,NONE,9.5
002828,2022-01-02,2022-01-02,,2022-01-02,3.3
002829,2022-01-02,2022-01-02,,2022-01-02,3.3
002830,2022-05-21,2022-05-21,,2022-05-21,5.6
002831,2022-05-21,NONE-05-21,,NONE-05-21,11.2
002832,2021-08-30,2021-08-30,,2021-08-30,4.8
002833,2021-08-30,2021-08-30,,2021-08-30,2.0
002835,2021-06-30,2021-06-30,,2021-06-30,1.7
002837,2022-08-02,2022-08-02,,2022-08-02,2.1
002839,2021-05-24,2021-05-24,,2021-05-24,2.4
002841,2023-09-22,2023-09-22,,2023-09-22,2.1
002842,2023-09-22,2023-09-22,,2023-09-22,2.0
002843,2023-06-NONE,2023-06-NONE,,2023-06-NONE,2.3
002844,2023-06-NONE,2023-06-NONE,,2023-06-NONE,2.1
002845,2020-03-09,2020-03-09,,2020-03-09,5.0
002846,2020-03-09,2020-03-09,,2020-03-09,4.5
002848,2021-12-30,NONE,,NONE,15.2
002849,2021-08-15,2021-08-15,,2021-08-15,4.6
002850,2021-08-15,2021-08-15,,2021-08-15,3.7
002851,2021-08-02,2021-08-02,,2021-08-02,4.4
002852,2021-08-02,2021-08-02,,2021-08-02,5.3
002853,2021-08-11,2021-08-11,,2021-08-11,5.2
002854,2021-08-11,2021-08-11,,2021-08-11,9.1
002855,2022-09-13,2022-09-13,,2022-09-13,4.2
002856,2022-09-13,2022-09-13,,2022-09-13,3.5
002857,2023-06-02,2023-06-02,,2023-06-02,6.5
002859,2022-06-15,2022-06-15,,2022-06-15,1.7
002860,2022-06-15,2022-06-15,,2022-06-15,1.6
002862,2021-08-30,2021-08-30,,2021-08-30,3.9
002863,2021-08-30,NONE,,NONE,13.0
002864,2023-03-02,2023-03-02,,2023-03-02,1.9
002868,2021-08-04,2021-08-04,,2021-08-04,14.9
002869,2021-08-04,2021-08-04,,2021-08-04,6.0
002870,2021-02-25,2021-02-25,,2021-02-25,2.4
002871,2021-02-25,2021-02-25,,2021-02-25,2.3
002872,2021-04-07,2021-04-07,,2021-04-07,2.6
002874,2021-04-11,2021-04-11,,2021-04-11,3.6
002876,2022-12-04,2022-12-04,,2022-12-04,3.4
002877,2022-12-04,2022-12-04,,2022-12-04,3.3
002879,2021-06-21,2021-06-21,,2021-06-21,1.9
002882,2023-12-08,2023-12-08,,2023-12-08,2.2
002883,2023-12-08,2023-12-08,,2023-12-08,2.4
002884,2022-07-20,2022-07-20,,2022-07-20,2.1
002885,2022-07-20,2022-07-20,b,2022-07-20,3.4
002886,2022-01-04,2022-01-04,,2022-01-04,1.4
002888,2021-07-15,2021-07-15,,2021-07-15,1.9
002889,2021-07-15,2021-07-15,,2021-07-15,3.0
002890,2021-11-11,2021-11-11,,2021-11-11,4.6
002891,2021-11-11,2021-11-11,,2021-11-11,2.6
002892,2021-03-31,2021-03-31,,2021-03-31,3.2
002894,2024-02-13,2024-02-13,,2024-02-13,1.9
002895,2024-02-13,2024-02-13,,2024-02-13,1.9
002896,2021-07-20,2021-07-20,,2021-07-20,1.8
002897,2021-07-20,2021-07-20,,2021-07-20,2.2
002898,2021-11-09,2021-11-09,,2021-11-09,2.2
002899,2021-11-09,2021-11-09,,2021-11-09,2.3
002900,2022-08-03,2022-08-03,,2022-08-03,1.3
002901,2022-08-03,2022-08-03,,2022-08-03,1.4
002902,2020-07-22,2020-07-22,,2020-07-22,3.0
002903,2020-07-22,2020-07-02,,2020-07-02,2.4
002904,2023-03-NONE,NONE,,NONE,18.5
002905,2021-05-19,2021-05-19,,2021-05-19,1.9
002906,2021-05-19,2021-05-19,,2021-05-19,2.2
002909,2021-07-21,2021-07-21,,2021-07-21,1.0
002910,2021-07-21,2021-07-21,,2021-07-21,1.5
002912,2021-06-30,2021-06-30,d,2021-06-30,1.9
002913,2020-11-18,2020-11-18,,2020-11-18,3.0
002914,2020-11-18,2020-11-18,,2020-11-18,3.1
002915,2022-09-15,2022-09-15,,2022-09-15,3.0
002917,2021-04-30,2021-04-30,,2021-04-30,5.6
002919,2021-09-11,2021-09-11,,2021-09-11,2.3
002920,2021-09-11,2021-09-11,,2021-09-11,2.3
002921,2021-09-12,2021-09-12,,2021-09-12,2.4
002923,2021-06-13,2021-06-13,,2021-06-13,3.4
002924,2021-06-13,2021-06-13,,2021-06-13,3.1
002925,2021-11-06,2021-11-06,,2021-11-06,4.9
002929,2022-09-27,2022-09-27,,2022-09-27,2.3
002933,2022-02-01,2022-02-01,,2022-02-01,2.7
002935,2022-02-02,2022-02-02,,2022-02-02,5.1
002936,2021-11-11,2021-11-11,,2021-11-11,2.8
002937,2021-11-11,2021-11-11,,2021-11-11,5.5
002938,2021-10-NONE,2021-10-NONE,,2021-10-NONE,2.6
002939,2022-07-29,2022-07-29,,2022-07-29,3.6
002941,2021-07-05,2021-07-05,,2021-07-05,16.7
002942,2021-07-05,2021-07-05,,2021-07-05,9.5
002943,2020-06-23,2020-06-23,,2020-06-23,1.4
002944,2020-06-23,2020-06-23,,2020-06-23,1.5
002945,2023-08-27,2023-08-27,,2023-08-27,2.0
002946,2021-09-25,2021-09-25,,2021-09-25,2.8
002948,2021-08-12,2021-08-12,,2021-08-12,2.2
002949,2021-08-12,2021-08-12,,2021-08-12,2.0
002950,2021-04-30,2021-04-30,,2021-04-30,3.0
002951,2021-04-30,2021-04-30,,2021-04-30,2.8
002952,2021-11-03,2021-11-03,,2021-11-03,4.7
002953,2020-05-28,2020-05-28,,2020-05-28,3.3
002956,NONE,2021-01-02,m,2021-01-02,3.9
002957,NONE,2021-01-02,m,2021-01-02,3.9
002958,2022-07-27,2022-07-27,,2022-07-27,2.5
002959,2022-07-27,2022-07-27,,2022-07-27,1.9
002960,2021-10-08,2021-10-08,,2021-10-08,12.5
002961,2021-11-21,2021-11-21,,2021-11-21,6.9
002962,NONE,2020-03-13,,2020-03-13,3.0
002963,2020-11-06,2020-11-06,,2020-11-06,1.8
002965,2022-09-03,2022-09-03,,2022-09-03,3.2
002966,2021-09-03,2021-09-03,,2021-09-03,5.8
002967,2021-09-03,2021-09-03,,2021-09-03,2.0
002968,2021-05-28,2021-05-28,,2021-05-28,2.2
002969,2021-07-07,2021-07-07,,2021-07-07,2.2
002971,2022-11-14,2022-11-14,,2022-11-14,2.2
002972,2022-03-20,2022-03-20,,2022-03-20,4.8
002973,2022-03-20,2022-03-20,,2022-03-20,2.1
002976,2020-05-12,2020-05-12,,2020-05-12,2.4
002978,2020-07-20,2020-07-20,,2020-07-20,5.6
002979,2020-07-20,2020-07-20,,2020-07-20,6.6
002980,2021-12-17,2021-12-17,,2021-12-17,3.9
002981,2021-12-17,2021-12-17,,2021-12-17,2.7
002982,2021-09-14,2021-09-14,,2021-09-14,2.0
002983,2021-09-14,2021-09-14,,2021-09-14,2.4
002984,2021-05-01,2021-05-01,,2021-05-01,2.2
002985,2021-05-01,2021-05-01,,2021-05-01,1.7
002986,2022-04-01,2022-04-01,,2022-04-01,1.8
002987,2022-04-01,2022-04-01,,2022-04-01,2.7
002988,2021-07-20,2021-07-20,,2021-07-20,8.1
002992,2021-02-21,2021-02-21,,2021-02-21,4.3
002993,2021-11-22,2021-11-22,,2021-11-22,1.5
002994,2022-07-13,2022-07-13,,2022-07-13,2.7
002995,2022-07-13,2022-07-13,,2022-07-13,3.6
002996,2022-10-15,2022-10-15,,2022-10-15,2.9
002998,2021-10-07,2021-10-07,,2021-10-07,1.8
002999,2021-10-07,2021-10-07,,2021-10-07,2.1
003000,2021-10-12,2021-10-12,,2021-10-12,2.6
003001,2021-12-05,2021-12-05,,2021-12-05,2.7
003002,2022-06-18,2022-06-18,,2022-06-18,2.5
003003,2022-11-26,2022-11-26,,2022-11-26,3.4
003004,2023-05-NONE,2023-05-NONE,,2023-05-NONE,28.1
003005,2023-05-NONE,2023-05-NONE,,2023-05-NONE,10.1
003006,2022-05-26,2022-05-26,,2022-05-26,2.1
003007,2021-11-30,2021-11-30,,2021-11-30,2.9
003008,2021-10-05,2021-10-05,,2021-10-05,3.5
003009,2021-10-05,2021-10-05,,2021-10-05,2.4
003010,2021-12-11,2021-01-12,,2021-01-12,14.5
003012,2024-01-29,2024-01-29,,2024-01-29,2.7
003014,2021-06-12,NONE,,NONE,14.1
003015,2022-07-01,2022-07-NONE,,2022-07-NONE,3.5
003016,2022-07-01,2022-07-NONE,,2022-07-NONE,3.3
003017,2022-02-23,2022-02-23,,2022-02-23,3.2
003018,2023-01-04,2023-01-04,,2023-01-04,1.6
003020,2021-03-23,2021-03-23,,2021-03-23,2.3
003021,2021-03-23,2021-03-02,,2021-03-02,2.9
003022,2021-11-01,2021-11-01,,2021-11-01,2.0
003024,2021-09-13,2021-09-13,,2021-09-13,1.9
003025,2021-09-13,2021-09-13,,2021-09-13,2.2
003026,2021-04-10,NONE,,2021-04-10,3.8
003027,2021-09-28,2021-09-28,,2021-09-28,2.2
003028,2021-09-28,2021-09-28,,2021-09-28,3.0
003029,2021-11-02,2021-11-02,,2021-11-02,4.5
003030,2021-11-02,2021-11-02,,2021-11-02,3.1
003031,2020-07-14,2020-07-14,,2020-07-14,1.9
003032,2021-04-12,2021-04-12,,2021-04-12,8.0
003033,2022-11-21,2022-11-21,,2022-11-21,2.2
003034,2022-11-21,2022-11-21,,2022-11-21,2.7
003036,2022-08-28,2022-03-28,,2022-03-28,2.2
003037,2021-02-18,2021-02-18,,2021-02-18,3.3
003038,2021-02-18,2021-02-18,,2021-02-18,2.9
003039,2021-03-01,2021-03-01,,2021-03-01,2.5
003040,2021-03-01,2021-03-01,,2021-03-01,2.1
003041,2022-01-17,2022-01-17,,2022-01-17,3.9
003043,2020-07-13,2020-07-13,,2020-07-13,6.9
003044,2022-05-02,2022-05-02,,2022-05-02,3.7
003045,2022-05-02,2022-05-02,,2022-05-02,2.7
003046,2021-10-20,2021-10-20,,2021-10-20,3.8
003047,2021-04-07,2021-04-07,,2021-04-07,2.1
003048,2021-04-07,2021-04-07,,2021-04-07,1.8
003049,2021-02-16,2021-02-16,,2021-02-16,1.8
003052,2020-12-19,2020-12-19,,2020-12-19,1.8
003053,2021-10-28,2021-10-28,,2021-10-28,7.6
003054,2021-10-28,2021-10-28,,2021-10-28,4.4
003055,2021-03-06,2021-03-06,,2021-03-06,6.8
003056,2021-03-06,2021-03-06,,2021-03-06,5.8
003057,2022-02-19,2022-02-19,,2022-02-19,1.6
003058,2022-02-19,2022-02-19,,2022-02-19,1.9
003059,2021-10-04,2021-10-04,,2021-10-04,2.0
003060,2021-10-04,NONE,,NONE,9.3
003063,2021-10-18,2021-10-18,,2021-10-18,3.3
003064,2021-10-18,2021-10-18,,2021-10-18,2.4
003065,NONE,2021-11-12,,2021-11-12,3.5
003067,2021-06-15,2021-06-15,,2021-06-15,1.6
003068,2021-06-15,2021-06-15,,2021-06-15,1.6
003071,2021-08-19,2021-08-19,,2021-08-19,5.4
003073,2021-08-25,2021-08-25,,2021-08-25,3.7
003074,2021-08-25,2021-08-25,,2021-08-25,4.7
003075,2021-01-16,2021-01-16,,2021-01-16,4.6
003076,2021-01-16,2021-01-16,,2021-01-16,3.9
003077,2021-12-13,2021-12-13,,2021-12-13,3.0
003078,2021-12-13,2021-12-13,,2021-12-13,2.8
003080,2021-11-01,2021-11-01,,2021-11-01,3.9
003083,2021-12-02,2021-12-02,,2021-12-02,3.4
003084,2021-12-02,2021-12-02,,2021-12-02,2.5
003085,2021-06-27,2021-06-27,,2021-06-27,2.2
003086,2021-06-27,2021-06-27,,2021-06-27,2.0
003087,2021-06-30,2021-06-30,,2021-06-30,2.3
003089,2021-09-15,2021-09-15,,2021-09-15,4.4
003090,2021-09-15,2021-09-15,,2021-09-15,4.0
003091,2021-09-17,2021-09-17,,2021-09-17,7.7
003093,2023-01-03,2023-01-03,,2023-01-03,2.8
003094,2023-01-03,2023-01-03,,2023-01-03,2.8
003095,2022-10-12,2022-10-12,,2022-10-12,2.3
003096,2022-10-12,2022-10-12,,2022-10-12,2.8
003097,2021-04-12,2021-04-12,,2021-04-12,1.8
003098,2021-04-12,2021-04-12,,2021-04-12,3.3
003099,2022-08-07,2022-08-07,,2022-08-07,4.7
003102,2022-03-29,2022-03-29,,2022-03-29,9.1
003103,2022-03-29,2022-03-29,,2022-03-29,3.0
003104,2023-12-06,2023-12-06,,2023-12-06,4.5
003105,2023-12-06,2023-12-06,,2023-12-06,2.7
003106,2021-01-11,2021-01-11,,2021-01-11,2.5
003107,2021-01-11,2021-01-11,,2021-01-11,2.3
003108,2022-07-16,2022-07-16,,2022-07-16,4.0
003109,2022-07-16,2022-07-16,,2022-07-16,5.4
003110,2021-06-09,2021-06-09,,2021-06-09,3.1
003111,2021-06-09,NONE,,NONE,10.8
003112,2021-03-28,2021-03-28,,2021-03-28,1.8
003113,2021-03-28,2022-10-28,,2022-10-28,4.0
003117,2021-12-29,2021-12-29,,2021-12-29,3.7
003118,2021-07-10,2021-07-10,,2021-07-10,2.4
003119,2021-07-10,2021-07-10,,2021-07-10,8.5
003120,2021-09-30,2021-09-30,,2021-09-30,4.7
003121,2021-09-30,2021-09-30,,2021-09-30,2.6
003124,2021-03-07,2021-03-07,,2021-03-07,1.8
003125,2021-03-07,2021-03-07,,2021-03-07,2.2
003127,2021-02-16,2021-02-16,,2021-02-16,3.7
003128,2022-08-25,2022-08-25,,2022-08-25,2.5
003129,2022-08-25,2022-08-25,,2022-08-25,2.6
003130,2022-03-30,2022-03-30,,2022-03-30,6.5
003131,2022-03-30,2022-03-30,,2022-03-30,5.4
003132,2021-05-22,2021-05-22,,2021-05-22,2.4
003133,2021-05-22,2021-05-22,,2021-05-22,2.5
003134,2021-10-14,2021-10-14,,2021-10-14,5.6
003135,2021-10-14,2021-10-14,,2021-10-14,4.1
003136,2022-11-09,2022-11-09,,2022-11-09,2.6
003137,2022-11-09,2022-11-09,,2022-11-09,2.9
003139,2022-01-09,2022-01-09,,2022-01-09,2.9
003144,2022-01-11,2022-01-11,,2022-01-11,2.5
003145,2022-01-11,2022-01-11,,2022-01-11,2.2
003146,2021-04-22,2021-04-22,,2021-04-22,3.5
003147,2021-04-22,2021-04-22,,2021-04-22,2.7
003148,2022-01-14,2022-01-14,,2022-01-14,2.3
003149,2022-01-14,2022-01-14,,2022-01-14,2.3
003151,2021-12-10,2021-12-10,,2021-12-10,2.7
003152,2021-06-30,2021-06-30,,2021-06-30,4.1
003153,2021-06-30,2021-06-30,,2021-06-30,4.3
003154,2021-07-11,2021-07-11,,2021-07-11,2.3
003155,2021-07-11,2021-07-11,,2021-07-11,2.8
003156,2021-10-26,2021-10-26,,2021-10-26,3.1
003157,2021-10-26,2021-10-26,,2021-10-26,2.7
003158,2021-04-25,2021-04-25,,2021-04-25,2.4
003159,2020-04-23,2020-04-23,,2020-04-23,4.2
003160,2021-06-13,2021-06-13,,2021-06-13,3.2
003161,2021-10-NONE,NONE,,NONE,19.1
003162,2021-09-20,2021-09-20,,2021-09-20,2.9
003164,2021-02-09,2021-02-09,,2021-02-09,2.1
003165,2021-09-17,NONE,,NONE,34.3
003166,2021-07-NONE,2021-07-NONE,,2021-07-NONE,6.2
003167,2021-10-10,2021-10-10,,2021-10-10,3.1
003168,2021-09-18,2021-09-18,,2021-09-18,3.6
003169,2018-04-21,2018-04-21,,2018-04-21,6.4
003170,2021-04-20,2020-04-21,d,2020-04-21,7.0
003173,2022-05-NONE,2022-05-NONE,,2022-05-NONE,2.4
003175,2021-03-18,2021-03-18,,2021-03-18,3.5
003176,2021-04-30,2021-04-30,,2021-04-30,2.7
003177,2021-03-25,2021-03-25,,2021-03-25,2.6
003178,2021-03-25,2021-03-25,,2021-03-25,2.5
003179,2021-07-08,2021-07-08,,2021-07-08,3.1
003180,2021-07-08,2021-07-08,,2021-07-08,2.8
003181,2021-06-14,2021-06-14,,2021-06-14,4.8
003183,2021-03-26,2021-03-26,,2021-03-26,3.2
003185,2021-06-28,2020-06-28,,2020-06-28,1.9
003187,2022-01-17,2022-01-17,,2022-01-17,2.9
003188,2022-01-17,2022-01-17,,2022-01-17,2.2
003189,2022-08-16,2022-08-16,,2022-08-16,4.4
003193,2021-07-13,2021-02-10,,2021-07-13,3.7
003194,2021-07-13,2021-07-13,,2021-07-13,3.3
003195,2021-12-13,2021-12-13,,2021-12-13,2.4
003198,2025-10-12,2025-10-12,,2025-10-12,3.7
003199,2025-10-12,2025-10-12,,2025-10-12,4.0
003200,2022-09-21,2022-09-21,,2022-09-21,3.3
003201,2022-09-21,2022-09-21,,2022-09-21,3.5
003202,2021-10-NONE,2021-10-NONE,,2021-10-NONE,2.0
003203,2021-10-NONE,2021-10-NONE,,2021-10-NONE,2.2
003205,2023-06-26,2023-06-26,,2023-06-26,1.7
003206,2021-04-13,2021-04-13,,2021-04-13,2.3
003207,2021-07-20,2021-07-20,,2021-07-20,3.6
003208,2021-07-20,2021-07-20,,2021-07-20,2.9
003209,2022-12-02,NONE-12-02,,2022-12-02,19.3
003210,2022-12-02,2022-12-02,,2022-12-02,4.4
003211,2021-08-11,2021-08-11,,2021-08-11,3.2
003212,2022-08-25,2022-08-25,,2022-08-25,5.2
003213,2024-01-12,2024-01-12,,2024-01-12,7.3
003214,2024-01-12,NONE,,NONE,10.2
003215,2022-10-13,2022-10-13,,2022-10-13,3.3
003216,2022-01-15,2022-01-15,,2022-01-15,3.7
003217,2022-01-15,2022-01-15,,2022-01-15,3.3
003218,2021-03-16,2021-03-16,,2021-03-16,5.2
003219,2021-03-16,2021-03-16,,2021-03-16,5.2
003220,2021-09-13,2021-09-13,,2021-09-13,2.6
003222,2022-06-14,2022-06-14,,2022-06-14,2.7
003223,2022-06-14,2022-06-14,,2022-06-14,2.5
003227,2022-01-29,2022-01-29,,2022-01-29,2.4
003229,2022-07-NONE,2022-07-NONE,,2022-07-NONE,2.3
003230,2022-03-28,NONE,,NONE,18.0
003232,2021-09-21,2021-09-21,,2021-09-21,2.4
003233,2021-09-21,2021-09-21,,2021-09-21,2.3
003235,2022-11-NONE,2022-11-NONE,,2022-11-NONE,3.4
003236,2021-03-30,2021-03-30,,2021-03-30,2.7
003237,2021-03-30,2021-03-30,,2021-03-30,2.6
003243,2021-07-NONE,NONE-07-21,,NONE-07-21,7.9
003244,2021-07-NONE,NONE-07-21,,NONE-07-21,17.4
003247,2023-01-17,2023-01-17,,2023-01-17,15.9
003249,2023-02-01,2023-02-01,,2023-02-01,2.4
003250,2023-02-01,2023-02-01,,2023-02-01,2.5
003251,2023-04-NONE,2023-04-NONE,,2023-04-NONE,4.0
003252,2023-04-NONE,2023-04-NONE,,2023-04-NONE,3.6
003253,2020-10-20,2020-10-20,,2020-10-20,3.3
003254,2021-11-05,2021-11-05,,2021-11-05,2.3
003256,2022-04-01,2022-04-01,,2022-04-01,4.8
003257,2022-04-01,2022-04-01,,2022-04-01,3.8
003258,2021-07-28,2021-07-28,,2021-07-28,4.2
003259,2022-02-10,NONE,,NONE,23.6
003260,2022-07-29,2022-07-29,,2022-07-29,2.0
003261,2022-07-29,2022-07-29,,2022-07-29,2.3
003262,2021-06-10,2021-06-10,,2021-06-10,3.2
003263,2021-05-27,2021-05-27,,2021-05-27,4.0
003264,2021-09-13,2021-09-13,,2021-09-13,3.3
003265,2021-10-06,2021-10-06,,2021-10-06,3.2
003267,2022-05-05,2022-05-05,,2022-05-05,10.2
003268,2022-05-05,2022-05-05,,2022-05-05,5.5
003269,2022-01-28,2022-01-28,,2022-01-28,5.1
003270,2021-10-31,2021-10-31,,2021-10-31,3.2
003271,2021-07-07,2021-07-07,,2021-07-07,7.1
003272,2021-05-03,2021-05-03,,2021-05-03,4.1
003273,2021-05-03,2021-05-03,,2021-05-03,12.5
003274,2021-08-20,2021-08-20,,2021-08-20,4.3
003275,2021-10-10,2021-10-10,,2021-10-10,4.2
003276,NONE-04-10,NONE-04-10,,NONE-04-10,2.0
003277,NONE-04-05,NONE-04-05,,NONE-04-05,2.9
003278,2023-10-02,2023-10-02,,2023-10-02,3.8
003279,2023-10-02,2023-10-02,,2023-10-02,2.3
003280,2023-07-31,2023-07-31,,2023-07-31,4.8
003281,2021-10-15,2021-10-15,,2021-10-15,1.9
003282,2022-12-21,2022-12-21,,2022-12-21,2.1
003284,2021-09-10,2021-09-10,,2021-09-10,3.6
003290,2022-12-22,2022-12-22,,2022-12-22,2.4
003291,2022-12-22,2022-12-22,,2022-12-22,1.7
003294,2021-07-26,NONE,,NONE,24.1
003297,2021-10-21,2021-10-21,,2021-10-21,2.8
003298,2021-10-21,2021-10-21,,2021-10-21,2.2
003300,2023-06-11,2023-06-11,,2023-06-11,3.0
003301,2023-04-21,2023-04-21,,2023-04-21,2.0
003302,2023-02-06,2023-02-06,,2023-02-06,6.6
003303,NONE,NONE,,NONE,15.1
003306,2020-09-01,2020-09-01,,2020-09-01,7.6
003309,2020-08-29,2020-08-29,,2020-08-29,2.7
003314,2021-07-05,2021-07-05,,2021-07-05,11.3
003316,2022-02-07,2022-02-07,,2022-02-07,8.0
003317,2022-02-07,NONE,,NONE,8.7
003318,2021-10-20,NONE-10-20,,2021-10-20,2.3
003321,2021-09-01,2021-09-01,,2021-09-01,2.9
003322,2021-09-01,2021-01-09,,2021-01-09,3.2
003323,2021-05-24,2021-05-24,,2021-05-24,4.1
003325,2021-06-01,NONE,,NONE,19.3
003326,2024-06-05,NONE,,NONE,33.9
003327,2024-06-05,2026-02-08,,2026-02-08,13.1
003328,2021-12-26,2021-12-26,,2021-12-26,2.7
003329,2021-12-26,2021-12-26,,2021-12-26,2.3
003331,2021-11-03,2021-11-03,t,2021-11-03,3.5
003332,2021-04-29,2021-04-29,,2021-04-29,3.4
003334,2021-10-30,2021-10-30,,2021-10-30,2.2
003335,2021-07-02,2021-07-02,,2021-07-02,2.2
003336,2021-07-02,2021-07-02,,2021-07-02,2.2
003337,2021-06-01,NONE-06-01,,NONE-06-01,5.1
003338,2021-06-01,NONE-06-01,,NONE-06-01,12.9
003339,2022-01-24,2022-01-24,,2022-01-24,4.1
003340,2022-09-29,2022-09-29,,2022-09-29,12.9
003341,2022-09-29,2022-09-29,,2022-09-29,11.4
003342,2023-12-30,2023-12-30,,2023-12-30,1.7
003343,2023-12-30,2023-12-30,,2023-12-30,4.9
003344,2026-09-11,2026-09-11,,2026-09-11,2.2
003348,2027-07-13,NONE-07-27,d,NONE-07-27,18.6
003351,2025-12-10,2025-10-22,,2025-10-22,16.4
