image_id,label,old,base,keep,keep_sp,sec
000001,2027-06-26,2027-06-26,2027-06-26,2027-06-26,2027-06-26,4.4
000004,2022-02-14,2027-02-14,2027-02-14,2027-02-14,2027-02-14,15.7
000008,2027-06-29,2027-06-29,2027-06-29,2027-06-29,2027-06-29,1.3
000011,2026-02-05,2026-02-05,2026-02-05,2026-02-05,2026-02-05,2.3
000014,2026-01-31,2026-01-31,2026-01-31,2026-01-31,2026-01-31,8.9
000018,2026-04-24,2026-04-24,2026-04-24,2026-04-24,2026-04-24,11.6
000022,2025-10-14,NONE-01-20,NONE-01-20,NONE-01-20,NONE-01-20,12.5
000025,2026-06-11,2026-06-11,2026-06-11,2026-06-11,2026-06-11,2.1
000028,2026-02-10,2026-02-10,2026-02-10,2026-02-10,2026-02-10,5.9
000031,2026-02-14,2026-02-14,2026-02-14,2026-02-14,2026-02-14,2.1
000034,2026-06-30,2026-06-30,2026-06-30,2026-06-30,2026-06-30,2.3
000037,2026-07-17,2026-07-17,2026-07-17,2026-07-17,2026-07-17,1.5
000040,2025-10-11,2025-10-11,2025-10-11,2025-10-11,2025-10-11,1.7
000043,NONE-10-14,NONE-10-14,NONE-10-14,NONE-10-14,NONE-10-14,4.2
000046,2025-10-10,2025-10-10,2025-10-10,2025-10-10,2025-10-10,2.0
000049,2026-03-01,2026-03-01,2026-03-01,2026-03-01,2026-03-01,4.1
000052,2025-11-19,2025-11-19,2025-11-19,2025-11-19,2025-11-19,2.8
000055,2026-08-04,2026-08-04,2026-08-04,2026-08-04,2026-08-04,3.8
000059,2027-06-22,2022-06-22,2022-06-22,2027-06-22,2027-06-22,17.7
000062,2026-05-26,2026-05-26,2026-05-26,2026-05-26,2026-05-26,3.4
000066,2026-08-17,2026-08-17,2026-08-17,2026-08-17,2026-08-17,3.5
000069,2026-06-24,2026-06-24,2026-06-24,2026-06-24,2026-06-24,2.4
000073,2026-03-12,2026-03-12,2026-03-12,2026-03-12,2026-03-12,2.7
000076,2026-08-17,2026-08-17,2026-08-17,2026-08-17,2026-08-17,2.8
000079,2026-01-31,2026-01-31,2026-01-31,2026-01-31,2026-01-31,3.2
000085,2026-03-30,2026-09-30,2026-09-30,2026-09-30,2026-09-30,2.7
000091,2027-05-22,2027-05-22,2027-05-22,2027-05-22,2027-05-22,3.4
000094,2027-06-30,2027-06-30,2027-06-30,2027-06-30,2027-06-30,1.9
000097,2025-11-19,2025-11-19,2025-11-19,2025-11-19,2025-11-19,3.9
000100,2026-02-11,2026-02-11,2026-02-11,2026-02-11,2026-02-11,3.2
000103,2025-12-18,2025-12-18,2025-12-18,2025-12-18,2025-12-18,2.6
000106,NONE-10-20,NONE,NONE,NONE,NONE,30.4
000109,2025-12-12,2025-12-12,2025-12-12,2025-12-12,2025-12-12,5.7
000112,2025-10-17,2025-10-17,2025-10-17,2025-10-17,2025-10-17,2.1
000115,2025-12-08,2025-12-08,2025-12-08,2025-12-08,2025-12-08,17.0
000118,2026-03-23,2026-05-25,2026-05-25,2026-05-25,2026-05-25,1.9
000121,2027-04-13,2027-04-13,2027-04-13,2027-04-13,2027-04-13,1.8
000124,2026-01-02,2026-01-02,2026-01-02,2026-01-02,2026-01-02,1.6
000127,2026-04-27,2026-04-27,2026-04-27,2026-04-27,2026-04-27,2.5
000130,2027-02-05,2027-02-05,2027-02-05,2027-02-05,2027-02-05,1.9
000133,2025-11-25,2025-11-25,2025-11-25,2025-11-25,2025-11-25,12.4
000136,2025-12-02,2025-12-02,2025-12-02,2025-12-02,2025-12-02,1.3
000139,2026-07-26,2026-07-26,2026-07-26,2026-07-26,2026-07-26,1.6
000142,2026-05-14,2026-05-14,2026-05-14,2026-05-14,2026-05-14,1.4
000145,2027-03-24,2027-03-24,2027-03-24,2027-03-24,2027-03-24,10.2
000149,2026-04-28,2026-04-28,2026-04-28,2026-04-28,2026-04-28,9.2
000152,2026-07-31,2026-07-31,2026-07-31,2026-07-31,2026-07-31,2.4
000155,2026-06-22,2026-06-22,2026-06-22,2026-06-22,2026-06-22,1.2
000158,2028-07-20,2028-07-20,2028-07-20,2028-07-20,2028-07-20,6.4
000162,2027-06-12,2027-06-12,2027-06-12,2027-06-12,2027-06-12,4.2
000165,2027-01-13,2027-01-13,2027-01-13,2027-01-13,2027-01-13,1.9
000168,2026-02-16,2026-02-16,2026-02-16,2026-02-16,2026-02-16,1.7
000173,2026-09-17,2026-09-17,2026-09-17,2026-09-17,2026-09-17,2.0
000182,2026-10-01,2026-10-01,2026-10-01,2026-10-01,2026-10-01,3.5
000186,2028-04-14,2028-04-14,2028-04-14,2028-04-14,2028-04-14,1.8
000189,2026-08-25,2026-08-25,2026-08-25,2026-08-25,2026-08-25,3.2
000192,2026-06-24,2024-06-01,2024-06-01,2024-06-01,2024-06-01,2.9
000195,2027-07-01,2027-07-01,2027-07-01,2027-07-01,2027-07-01,2.3
000198,2026-05-08,2022-12-15,2022-12-15,2022-12-15,2022-12-15,4.1
000201,2027-03-30,2027-03-30,2027-03-30,2027-03-30,2027-03-30,4.1
000204,2026-06-18,2026-06-18,2026-06-18,2026-06-18,2026-06-18,4.7
000207,2026-09-24,2026-09-24,2026-09-24,2026-09-24,2026-09-24,2.7
000210,2027-05-20,2031-05-07,2031-05-07,2031-05-07,2031-05-07,2.4
000213,2026-03-20,2026-03-20,2026-03-20,2026-03-20,2026-03-20,2.6
000216,2026-03-16,2026-03-01,2026-03-01,2026-03-01,2026-03-01,2.8
000219,2026-09-07,2026-09-07,2026-09-07,2026-09-07,2026-09-07,1.9
000222,2026-03-25,2026-03-25,2026-03-25,2026-03-25,2026-03-25,2.6
000225,2026-04-06,2026-04-06,2026-04-06,2026-04-06,2026-04-06,5.1
000228,2025-10-20,2025-10-20,2025-10-20,2025-10-20,2025-10-20,2.1
000231,2028-05-27,2025-01-01,2025-01-01,2025-01-01,2025-01-01,7.6
000235,2026-03-08,2026-03-08,2026-03-08,2026-03-08,2026-03-08,3.8
000239,2026-07-10,2026-07-10,2026-07-10,2026-07-10,2026-07-10,6.9
000243,2026-08-17,2026-08-17,2026-08-17,2026-08-17,2026-08-17,2.7
000249,2026-02-16,2026-02-16,2026-02-16,2026-02-16,2026-02-16,4.5
000255,2026-08-20,NONE-08-20,NONE-08-20,NONE-08-20,NONE-08-20,14.5
000258,2026-05-30,2026-05-30,2026-05-30,2026-05-30,2026-05-30,8.2
000262,2027-01-10,2027-01-10,2027-01-10,2027-01-10,2027-01-10,4.6
000265,2026-11-26,2026-11-26,2026-11-26,2026-11-26,2026-11-26,1.6
000268,2026-07-14,2026-07-14,2026-07-14,2026-07-14,2026-07-14,5.1
000271,2026-03-24,2026-03-22,2026-03-22,2026-03-22,2026-03-22,2.8
000275,2026-04-23,2026-04-23,2026-04-23,2026-04-23,2026-04-23,7.2
000281,2026-07-15,2026-07-15,2026-07-15,2026-07-15,2026-07-15,4.1
000284,2026-08-20,2026-08-20,2026-08-20,2026-08-20,2026-08-20,6.2
000287,2027-02-18,2027-02-18,2027-02-18,2027-02-18,2027-02-18,7.1
000290,2027-03-02,2027-03-02,2027-03-02,2027-03-02,2027-03-02,7.6
000293,2025-10-24,2025-10-24,2025-10-24,2025-10-24,2025-10-24,2.8
000297,2026-04-08,2026-04-08,2026-04-08,2026-04-08,2026-04-08,1.1
000300,2026-05-21,2026-05-21,2026-05-21,2026-05-21,2026-05-21,2.3
000303,2026-07-31,2026-07-31,2026-07-31,2026-07-31,2026-07-31,3.1
000306,2026-09-16,2026-09-16,2026-09-16,2026-09-16,2026-09-16,2.3
000309,2027-04-01,2027-04-01,2027-04-01,2027-04-01,2027-04-01,2.2
000312,2026-08-26,2026-08-26,2026-08-26,2026-08-26,2026-08-26,1.9
000315,2026-07-19,2026-07-19,2026-07-19,2026-07-19,2026-07-19,1.4
000318,2025-11-09,2025-11-09,2025-11-09,2025-11-09,2025-11-09,1.4
000322,2025-10-29,2025-10-29,2025-10-29,2025-10-29,2025-10-29,1.9
000326,2025-10-18,2025-10-18,2025-10-18,2025-10-18,2025-10-18,3.4
000329,2025-12-25,2025-12-25,2025-12-25,2025-12-25,2025-12-25,3.3
000333,2025-11-07,2025-11-07,2025-11-07,2025-11-07,2025-11-07,2.0
000336,2025-11-20,2025-11-20,2025-11-20,2025-11-20,2025-11-20,14.7
000339,2026-08-18,2026-08-18,2026-08-18,2026-08-18,2026-08-18,1.2
000342,2026-06-22,2026-06-22,2026-06-22,2026-06-22,2026-06-22,1.8
000345,2026-04-09,2026-04-09,2026-04-09,2026-04-09,2026-04-09,2.8
000348,2026-04-02,2026-04-02,2026-04-02,2026-04-02,2026-04-02,2.9
000351,2026-05-03,2026-05-03,2026-05-03,2026-05-03,2026-05-03,3.0
000354,2027-07-06,2027-07-06,2027-07-06,2027-07-06,2027-07-06,3.1
000357,2027-08-11,2027-08-11,2027-08-11,2027-08-11,2027-08-11,2.0
000361,2026-12-19,2026-12-12,2026-12-12,2026-12-12,2026-12-12,11.8
000364,2026-06-04,2026-06-04,2026-06-04,2026-06-04,2026-06-04,8.9
000367,2026-05-18,2026-05-18,2026-05-18,2026-05-18,2026-05-18,4.7
000370,2026-09-02,2025-09-02,2025-09-02,2025-09-02,2025-09-02,11.0
000373,2026-09-18,NONE,NONE,NONE,NONE,28.4
000376,2025-10-07,2025-10-07,2025-10-07,2025-10-07,2025-10-07,6.5
000380,2026-09-02,2026-09-02,2026-09-02,2026-09-02,2026-09-02,2.5
000383,2026-04-03,2026-04-03,2026-04-03,2026-04-03,2026-04-03,3.7
000389,2026-02-27,2026-02-27,2026-02-27,2026-02-27,2026-02-27,3.5
000393,2027-08-02,2027-08-02,2027-08-02,2027-08-02,2027-08-02,2.7
000396,2026-02-27,2026-02-27,2026-02-27,2026-02-27,2026-02-27,3.3
000399,2027-01-31,2027-01-31,2027-01-31,2027-01-31,2027-01-31,3.1
000403,2027-04-01,2027-04-01,2027-04-01,2027-04-01,2027-04-01,6.7
000409,2027-03-26,2027-03-26,2027-03-26,2027-03-26,2027-03-26,2.7
000413,2027-04-23,2027-04-23,2027-04-23,2027-04-23,2027-04-23,2.8
000416,2026-04-07,2026-07-01,2026-07-01,2026-07-01,2026-07-01,3.7
000419,2026-08-05,2026-08-05,2026-08-05,2026-08-05,2026-08-05,3.7
000423,2026-06-04,2026-06-02,2026-06-02,2026-06-02,2026-06-02,6.9
000426,2026-12-26,2026-12-26,2026-12-26,2026-12-26,2026-12-26,3.4
000429,2026-01-04,2025-01-04,2025-01-04,2026-01-04,2026-01-04,6.1
000432,2027-04-28,2027-04-28,2027-04-28,2027-04-28,2027-04-28,5.2
000435,2026-07-14,2026-07-14,2026-07-14,2026-07-14,2026-07-14,2.8
000438,2026-02-19,NONE,NONE,NONE,NONE,19.2
000442,2025-11-30,2025-11-30,2025-11-30,2025-11-30,2025-11-30,2.6
000445,2026-07-17,2026-07-17,2026-07-17,2026-07-17,2026-07-17,14.5
000448,2026-08-20,2026-08-20,2026-08-20,2026-08-20,2026-08-20,2.2
000458,2026-07-01,2026-07-01,2026-07-01,2026-07-01,2026-07-01,3.4
000461,2026-11-28,2026-11-28,2026-11-28,2026-11-28,2026-11-28,2.7
000464,2026-03-19,2026-05-19,2026-05-19,2026-05-19,2026-05-19,10.0
000467,2025-12-26,2025-12-26,2025-12-26,2025-12-26,2025-12-26,6.8
000470,2026-08-06,2026-08-06,2026-08-06,2026-08-06,2026-08-06,2.0
000473,2026-05-21,NONE,NONE,NONE,NONE,19.8
000476,2026-07-06,2026-07-06,2026-07-06,2026-07-06,2026-07-06,1.6
000479,2026-05-22,2026-05-22,2026-05-22,2026-05-22,2026-05-22,2.4
000482,2026-11-14,2025-01-02,2025-01-02,2025-01-02,2025-01-02,10.8
000485,2027-09-17,NONE,NONE,NONE,NONE,16.6
000488,2026-02-27,2026-02-27,2026-02-27,2026-02-27,2026-02-27,3.7
000491,2026-09-19,2026-09-19,2026-09-19,2026-09-19,2026-09-19,4.8
000496,2027-03-05,2027-03-05,2027-03-05,2027-03-05,2027-03-05,3.0
000499,2026-05-13,2026-05-13,2026-05-13,2026-05-13,2026-05-13,1.8
000503,2026-02-18,2026-02-10,2026-02-10,2026-02-10,2026-02-10,12.8
000508,2026-08-25,2026-08-25,2026-08-25,2026-08-25,2026-08-25,1.1
000511,2026-03-24,2026-03-24,2026-03-24,2026-03-24,2026-03-24,1.0
000514,2026-07-13,2026-07-13,2026-07-13,2026-07-13,2026-07-13,1.4
000518,2026-09-14,2026-09-14,2026-09-14,2026-09-14,2026-09-14,1.2
000525,2027-09-08,2027-09-08,2027-09-08,2027-09-08,2027-09-08,1.8
000528,2026-03-11,2026-03-11,2026-03-11,2026-03-11,2026-03-11,1.2
000531,2026-02-28,2026-02-28,2026-02-28,2026-02-28,2026-02-28,1.7
000534,2027-01-29,2027-01-29,2027-01-29,2027-01-29,2027-01-29,7.2
000537,2026-05-08,2020-02-11,2020-02-11,2020-02-11,2020-02-11,9.8
000540,2026-03-24,2026-03-24,2026-03-24,2026-03-24,2026-03-24,1.7
000543,2026-06-23,2026-06-02,2026-06-02,2026-06-02,2026-06-02,2.8
000547,2026-05-28,2026-05-28,2026-05-28,2026-05-28,2026-05-28,2.4
000550,2026-05-29,2026-05-29,2026-05-29,2026-05-29,2026-05-29,2.5
000553,2028-10-24,2022-10-24,2022-10-24,2022-10-24,2022-10-24,7.0
000556,2026-08-07,2026-08-07,2026-08-07,2026-08-07,2026-08-07,3.4
000559,2027-04-21,2027-04-21,2027-04-21,2027-04-21,2027-04-21,2.3
000562,2025-12-30,2025-12-30,2025-12-30,2025-12-30,2025-12-30,4.2
000565,2025-12-05,2025-12-05,2025-12-05,2025-12-05,2025-12-05,2.9
000568,2026-02-23,2026-02-23,2026-02-23,2026-02-23,2026-02-23,5.1
000571,NONE-10-18,2024-11-18,2024-11-18,2024-11-18,2024-11-18,3.0
000574,2026-02-24,NONE-02-24,NONE-02-24,NONE-02-24,NONE-02-24,2.1
000578,2026-03-04,2026-03-04,2026-03-04,2026-03-04,2026-03-04,1.6
000581,2026-02-25,2026-02-25,2026-02-25,2026-02-25,2026-02-25,2.2
000585,2026-05-16,2020-02-02,2020-02-02,2020-02-02,2020-02-02,7.9
000588,2025-11-28,2025-11-28,2025-11-28,2025-11-28,2025-11-28,2.2
000591,2026-07-27,2026-07-27,2026-07-27,2026-07-27,2026-07-27,1.6
000596,2026-08-13,2025-08-14,2025-08-14,2025-08-14,2025-08-14,4.0
000601,2026-01-27,2026-01-27,2026-01-27,2026-01-27,2026-01-27,2.2
000605,2028-07-01,2028-07-01,2028-07-01,2028-07-01,2028-07-01,1.1
000608,2026-08-13,2026-08-13,2026-08-13,2026-08-13,2026-08-13,1.5
000611,2026-07-20,2026-07-20,2026-07-20,2026-07-20,2026-07-20,2.8
000614,2026-03-07,2026-03-07,2026-03-07,2026-03-07,2026-03-07,1.6
000617,2026-07-11,2026-07-11,2026-07-11,2026-07-11,2026-07-11,1.8
000620,2026-07-06,2026-07-06,2026-07-06,2026-07-06,2026-07-06,1.1
000623,2027-03-10,2027-03-10,2027-03-10,2027-03-10,2027-03-10,2.1
000628,2025-02-03,2025-12-NONE,2025-12-NONE,2025-02-03,2025-02-03,1.0
000631,2025-11-15,2025-11-15,2025-11-15,2025-11-15,2025-11-15,1.8
000634,2026-02-05,2026-02-05,2026-02-05,2026-02-05,2026-02-05,2.1
000637,2026-06-17,2026-06-17,2026-06-17,2026-06-17,2026-06-17,1.5
000640,2026-02-08,2026-02-08,2026-02-08,2026-02-08,2026-02-08,1.4
000643,2026-01-21,NONE,NONE,NONE,NONE,19.9
000646,2027-01-15,2027-01-15,2027-01-15,2027-01-15,2027-01-15,1.1
000649,2027-04-07,2021-01-21,2021-01-21,2021-01-21,2021-01-21,10.1
000652,2027-03-31,2027-03-31,2027-03-31,2027-03-31,2027-03-31,2.5
000655,2026-08-27,2026-08-27,2026-08-27,2026-08-27,2026-08-27,3.1
000658,2026-01-16,2026-01-16,2026-01-16,2026-01-16,2026-01-16,1.3
000661,2026-04-17,2026-04-17,2026-04-17,2026-04-17,2026-04-17,2.2
000665,2026-03-25,2026-03-25,2026-03-25,2026-03-25,2026-03-25,2.2
000671,2026-03-31,2025-10-01,2025-10-01,2026-03-31,2026-03-31,3.8
000674,2026-06-02,2026-06-02,2026-06-02,2026-06-02,2026-06-02,1.1
000677,2027-08-17,2027-08-17,2027-08-17,2027-08-17,2027-08-17,1.4
000680,2025-10-15,2025-10-15,2025-10-15,2025-10-15,2025-10-15,0.9
000683,2026-03-11,2026-03-11,2026-03-11,2026-03-11,2026-03-11,1.5
000687,2025-10-17,2025-10-17,2025-10-17,2025-10-17,2025-10-17,2.4
000692,2026-08-21,2026-08-21,2026-08-21,2026-08-21,2026-08-21,1.2
000696,2025-10-28,2025-10-28,2025-10-28,2025-10-28,2025-10-28,1.0
000699,2025-10-27,NONE,NONE,NONE,NONE,12.8
000702,2025-10-09,2025-10-09,2025-10-09,2025-10-09,2025-10-09,0.8
000705,2026-06-29,2026-06-29,2026-06-29,2026-06-29,2026-06-29,2.2
000708,2025-09-18,2025-09-18,2025-09-18,2025-09-18,2025-09-18,1.0
000711,2025-10-09,2025-10-09,2025-10-09,2025-10-09,2025-10-09,2.1
000714,2026-03-12,2026-03-12,2026-03-12,2026-03-12,2026-03-12,1.5
000717,2025-10-12,2025-10-12,2025-10-12,2025-10-12,2025-10-12,6.3
000720,2026-02-28,2026-02-28,2026-02-28,2026-02-28,2026-02-28,2.1
000723,2026-05-10,NONE,NONE,NONE,NONE,17.0
000726,2026-09-16,2026-09-16,2026-09-16,2026-09-16,2026-09-16,2.1
000729,2026-01-07,2026-01-07,2026-01-07,2026-01-07,2026-01-07,2.1
000732,2026-03-16,2026-03-15,2026-03-15,2026-03-15,2026-03-15,2.4
000735,2027-01-12,2027-01-12,2027-01-12,2027-01-12,2027-01-12,3.5
000738,2026-02-12,2026-02-12,2026-02-12,2026-02-12,2026-02-12,2.2
000743,2026-11-16,2026-11-16,2026-11-16,2026-11-16,2026-11-16,2.5
000746,2026-06-23,2026-06-23,2026-06-23,2026-06-23,2026-06-23,2.0
000749,2026-01-21,2026-01-21,2026-01-21,2026-01-21,2026-01-21,10.7
000752,2026-07-09,2026-07-09,2026-07-09,2026-07-09,2026-07-09,1.8
000755,2026-04-30,2026-04-30,2026-04-30,2026-04-30,2026-04-30,2.2
000758,2026-03-11,2026-03-11,2026-03-11,2026-03-11,2026-03-11,2.0
000761,NONE-11-11,NONE-11-11,NONE-11-11,NONE-11-11,NONE-11-11,2.2
000764,2026-03-12,NONE,NONE,NONE,NONE,13.8
000767,2026-03-12,2026-03-NONE,2026-03-NONE,2026-03-NONE,2026-03-NONE,6.7
000770,2030-04-NONE,NONE,NONE,NONE,NONE,14.1
000774,2026-02-08,2026-02-08,2026-02-08,2026-02-08,2026-02-08,4.6
000777,2026-03-NONE,2026-03-NONE,2026-03-NONE,2026-03-NONE,2026-03-NONE,18.1
000780,2026-04-27,NONE-04-27,NONE-04-27,NONE-04-27,NONE-04-27,2.6
000783,2025-12-21,2025-12-21,2025-12-21,2025-12-21,2025-12-21,2.5
000787,2026-04-09,2026-04-09,2026-04-09,2026-04-09,2026-04-09,2.1
000790,2027-07-NONE,2027-07-NONE,2027-07-NONE,2027-07-NONE,2027-07-NONE,10.9
000793,2026-05-06,2026-05-06,2026-05-06,2026-05-06,2026-05-06,2.0
000799,NONE-12-20,NONE-12-20,NONE-12-20,NONE-12-20,NONE-12-20,1.7
000802,2026-07-03,2026-07-03,2026-07-03,2026-07-03,2026-07-03,3.9
000805,2027-07-NONE,2027-07-NONE,2027-07-NONE,2027-07-NONE,2027-07-NONE,3.2
000808,2026-06-12,2026-06-12,2026-06-12,2026-06-12,2026-06-12,1.3
000811,2026-03-31,2026-03-31,2026-03-31,2026-03-31,2026-03-31,1.6
000814,2026-06-22,2026-06-22,2026-06-22,2026-06-22,2026-06-22,2.0
000817,2026-12-NONE,NONE,NONE,NONE,NONE,18.7
000820,2026-05-18,2026-05-18,2026-05-18,2026-05-18,2026-05-18,3.2
000823,2027-02-23,2027-02-23,2027-02-23,2027-02-23,2027-02-23,2.1
000827,2026-08-09,2026-08-09,2026-08-09,2026-08-09,2026-08-09,8.5
000830,2025-12-20,2025-12-20,2025-12-20,2025-12-20,2025-12-20,1.4
000834,2026-02-02,2026-02-02,2026-02-02,2026-02-02,2026-02-02,1.7
000837,2026-02-21,2026-02-21,2026-02-21,2026-02-21,2026-02-21,15.4
000841,2025-12-22,2025-12-22,2025-12-22,2025-12-22,2025-12-22,3.5
000844,2026-07-03,2026-07-03,2026-07-03,2026-07-03,2026-07-03,1.5
000847,2026-05-28,2026-05-28,2026-05-28,2026-05-28,2026-05-28,2.2
000851,2026-06-30,2026-06-30,2026-06-30,2026-06-30,2026-06-30,2.1
000854,2026-09-04,2026-09-04,2026-09-04,2026-09-04,2026-09-04,3.5
000858,2021-10-28,2021-10-28,2021-10-28,2021-10-28,2021-10-28,4.2
000861,2022-07-23,2022-07-23,2022-07-23,2022-07-23,2022-07-23,2.7
000865,2021-09-25,2021-09-25,2021-09-25,2021-09-25,2021-09-25,2.3
000869,2021-09-15,2021-09-15,2021-09-15,2021-09-15,2021-09-15,3.9
000872,2021-02-26,2021-02-26,2021-02-26,2021-02-26,2021-02-26,2.9
000875,2021-03-22,2021-03-22,2021-03-22,2021-03-22,2021-03-22,3.4
000878,2023-04-03,NONE,NONE,NONE,NONE,7.5
000882,2021-06-08,2021-06-08,2021-06-08,2021-06-08,2021-06-08,1.7
000886,2021-07-09,2020-01-10,2020-01-10,2020-01-10,2020-01-10,1.7
000889,2021-05-27,2021-05-27,2021-05-27,2021-05-27,2021-05-27,2.2
000892,2022-02-07,2022-02-07,2022-02-07,2022-02-07,2022-02-07,2.2
000895,2021-06-02,2021-06-02,2021-06-02,2021-06-02,2021-06-02,2.0
000898,2025-05-19,2025-05-19,2025-05-19,2025-05-19,2025-05-19,23.9
000901,2021-11-01,2021-11-01,2021-11-01,2021-11-01,2021-11-01,14.4
000904,2021-08-31,2021-08-22,2021-08-22,2021-08-22,2021-08-22,4.5
000907,2022-01-NONE,2022-01-NONE,2022-01-NONE,2022-01-NONE,2022-01-NONE,4.7
000910,2021-09-20,2021-09-20,2021-09-20,2021-09-20,2021-09-20,2.7
000913,2021-10-19,2021-10-19,2021-10-19,2021-10-19,2021-10-19,3.6
000916,2022-06-06,NONE,NONE,NONE,NONE,41.6
000919,2022-03-11,2022-03-11,2022-03-11,2022-03-11,2022-03-11,3.4
000922,2022-02-26,2022-02-26,2022-02-26,2022-02-26,2022-02-26,1.9
000925,NONE-02-02,NONE-02-02,NONE-02-02,NONE-02-02,NONE-02-02,3.8
000928,2022-03-13,2022-03-13,2022-03-13,2022-03-13,2022-03-13,3.9
000931,2021-07-29,2021-07-29,2021-07-29,2021-07-29,2021-07-29,3.9
000937,2022-06-11,2022-06-11,2022-06-11,2022-06-11,2022-06-11,3.2
000940,2021-10-28,NONE,NONE,NONE,NONE,10.7
000945,2021-07-03,NONE,NONE,NONE,NONE,12.2
000950,2022-09-16,2022-09-16,2022-09-16,2022-09-16,2022-09-16,2.5
000955,2022-01-25,2022-01-03,2022-01-03,2022-01-03,2022-01-03,2.0
000960,2022-07-19,2022-07-19,2022-07-19,2022-07-19,2022-07-19,1.9
000963,2023-11-14,2023-11-14,2023-11-14,2023-11-14,2023-11-14,2.9
000967,2022-10-17,2022-10-17,2022-10-17,2022-10-17,2022-10-17,3.4
000970,2022-06-30,2022-06-30,2022-06-30,2022-06-30,2022-06-30,3.9
000973,2022-12-02,NONE,NONE,NONE,NONE,14.8
000976,2023-08-03,2023-08-03,2023-08-03,2023-08-03,2023-08-03,3.1
000981,2021-08-08,2021-08-08,2021-08-08,2021-08-08,2021-08-08,3.5
000984,2021-08-20,2021-08-20,2021-08-20,2021-08-20,2021-08-20,4.5
000987,2021-12-28,2021-12-28,2021-12-28,2021-12-28,2021-12-28,2.4
000990,2020-07-21,NONE,NONE,NONE,NONE,13.3
000993,NONE-02-18,NONE,NONE,NONE,NONE,18.9
000996,NONE-02-19,NONE,NONE,NONE,NONE,18.3
001001,2021-09-07,NONE,NONE,NONE,NONE,14.4
001004,2020-08-10,NONE,NONE,NONE,NONE,26.2
001009,2022-11-24,2022-11-24,2022-11-24,2022-11-24,2022-11-24,1.9
001014,2022-01-11,2022-01-11,2022-01-11,2022-01-11,2022-01-11,3.0
001017,2021-02-21,2021-02-21,2021-02-21,2021-02-21,2021-02-21,6.1
001020,2020-02-27,2020-02-27,2020-02-27,2020-02-27,2020-02-27,2.9
001023,2021-07-13,2021-07-13,2021-07-13,2021-07-13,2021-07-13,1.5
001026,2020-12-09,2020-12-09,2020-12-09,2020-12-09,2020-12-09,2.5
001031,2022-10-NONE,2022-10-01,2022-10-01,2022-10-01,2022-10-01,4.5
001034,2021-06-28,2021-06-28,2021-06-28,2021-06-28,2021-06-28,3.5
001039,2021-12-28,2021-12-28,2021-12-28,2021-12-28,2021-12-28,1.1
001042,2021-09-13,2021-09-13,2021-09-13,2021-09-13,2021-09-13,1.9
001045,2021-04-30,2021-04-30,2021-04-30,2021-04-30,2021-04-30,2.6
001048,2021-05-12,2021-05-12,2021-05-12,2021-05-12,2021-05-12,2.5
001051,2022-12-20,2022-12-20,2022-12-20,2022-12-20,2022-12-20,3.7
001054,2022-09-01,2022-09-01,2022-09-01,2022-09-01,2022-09-01,6.7
001057,2022-05-27,2022-05-27,2022-05-27,2022-05-27,2022-05-27,4.0
001060,2022-06-23,2022-06-23,2022-06-23,2022-06-23,2022-06-23,2.1
001066,2022-05-04,2022-05-04,2022-05-04,2022-05-04,2022-05-04,7.7
001069,2021-03-15,2021-03-10,2021-03-10,2021-03-10,2021-03-10,1.2
001072,2023-09-18,2023-09-18,2023-09-18,2023-09-18,2023-09-18,2.4
001075,2021-09-30,2021-09-30,2021-09-30,2021-09-30,2021-09-30,4.2
001078,2023-09-24,2023-09-24,2023-09-24,2023-09-24,2023-09-24,3.1
001081,2021-06-17,2021-06-17,2021-06-17,2021-06-17,2021-06-17,2.4
001084,2021-07-09,2021-07-01,2021-07-01,2021-07-01,2021-07-01,2.7
001087,2022-06-14,2022-06-14,2022-06-14,2022-06-14,2022-06-14,1.3
001091,2021-04-16,2021-04-12,2021-04-12,2021-04-12,2021-04-12,4.1
001103,2021-03-14,NONE-03-14,NONE-03-14,NONE-03-14,NONE-03-14,6.4
001108,2021-02-28,2021-02-28,2021-02-28,2021-02-28,2021-02-28,2.0
001111,2022-07-12,2022-07-12,2022-07-12,2022-07-12,2022-07-12,4.7
001114,2023-11-15,2023-11-15,2023-11-15,2023-11-15,2023-11-15,3.1
001117,2022-01-20,2022-01-20,2022-01-20,2022-01-20,2022-01-20,1.4
001120,2021-12-16,2021-12-01,2021-12-01,2021-12-01,2021-12-01,1.7
001123,2021-10-09,2021-10-09,2021-10-09,2021-10-09,2021-10-09,7.1
001129,NONE-02-07,NONE,NONE,NONE,NONE,26.5
001134,2021-03-03,2021-03-03,2021-03-03,2021-03-03,2021-03-03,5.5
001137,2021-07-17,2021-07-17,2021-07-17,2021-07-17,2021-07-17,4.9
001140,2021-02-28,2021-02-28,2021-02-28,2021-02-28,2021-02-28,4.2
001144,2021-05-25,2021-05-25,2021-05-25,2021-05-25,2021-05-25,3.2
001149,2022-07-31,2022-07-31,2022-07-31,2022-07-31,2022-07-31,2.3
001152,2021-10-31,2021-10-31,2021-10-31,2021-10-31,2021-10-31,6.8
001155,2021-09-21,2021-09-21,2021-09-21,2021-09-21,2021-09-21,17.2
001158,2021-08-10,2021-08-10,2021-08-10,2021-08-10,2021-08-10,3.0
001161,2021-04-23,2021-04-23,2021-04-23,2021-04-23,2021-04-23,2.4
001164,2021-03-01,2021-03-01,2021-03-01,2021-03-01,2021-03-01,5.6
001167,2022-01-20,2022-08-02,2022-08-02,2022-08-02,2022-08-02,26.0
001170,2022-01-18,2022-01-18,2022-01-18,2022-01-18,2022-01-18,4.3
001173,2021-09-NONE,2021-09-NONE,2021-09-NONE,2021-09-NONE,2021-09-NONE,4.7
001176,2021-09-07,2021-09-07,2021-09-07,2021-09-07,2021-09-07,7.5
001179,2023-09-01,2023-09-01,2023-09-01,2023-09-01,2023-09-01,11.0
001182,2022-04-14,2022-04-14,2022-04-14,2022-04-14,2022-04-14,2.3
001187,2020-04-23,2020-04-23,2020-04-23,2020-04-23,2020-04-23,2.9
001192,2020-12-08,2020-12-08,2020-12-08,2020-12-08,2020-12-08,14.1
001197,2021-10-10,2021-10-10,2021-10-10,2021-10-10,2021-10-10,2.0
001202,2022-07-16,2022-07-16,2022-07-16,2022-07-16,2022-07-16,3.1
001205,NONE-05-21,NONE-05-21,NONE-05-21,NONE-05-21,NONE-05-21,3.6
001208,2020-08-18,2020-08-18,2020-08-18,2020-08-18,2020-08-18,2.3
001211,2021-07-03,2021-07-03,2021-07-03,2021-07-03,2021-07-03,4.6
001214,2021-05-15,2021-05-15,2021-05-15,2021-05-15,2021-05-15,5.2
001217,2022-05-30,2022-05-30,2022-05-30,2022-05-30,2022-05-30,2.0
001220,2021-01-14,2021-01-14,2021-01-14,2021-01-14,2021-01-14,2.2
001223,2021-04-11,2021-04-11,2021-04-11,2021-04-11,2021-04-11,4.5
001230,2021-10-28,2021-10-28,2021-10-28,2021-10-28,2021-10-28,2.7
001233,2021-03-09,2021-03-09,2021-03-09,2021-03-09,2021-03-09,2.4
001237,NONE-01-28,NONE-01-28,NONE-01-28,NONE-01-28,NONE-01-28,3.1
001240,2020-12-19,2020-12-19,2020-12-19,2020-12-19,2020-12-19,2.5
001243,2023-12-31,2023-12-31,2023-12-31,2023-12-31,2023-12-31,1.9
001248,2021-07-15,2021-07-15,2021-07-15,2021-07-15,2021-07-15,15.2
001253,2021-08-19,2021-06-19,2021-06-19,2021-08-11,2021-08-11,2.8
001256,2023-07-03,2023-07-03,2023-07-03,2023-07-03,2023-07-03,1.3
001259,2021-08-30,2021-08-30,2021-08-30,2021-08-30,2021-08-30,12.8
001262,2021-03-25,NONE,NONE,NONE,NONE,12.1
001265,2022-06-NONE,2022-06-NONE,2022-06-NONE,2022-06-NONE,2022-06-NONE,3.8
001268,2022-09-05,2022-09-05,2022-09-05,2022-09-05,2022-09-05,4.4
001272,2023-07-08,2023-07-08,2023-07-08,2023-07-08,2023-07-08,2.5
001275,2021-11-07,2021-11-07,2021-11-07,2021-11-07,2021-11-07,4.1
001279,2022-10-09,2022-10-09,2022-10-09,2022-10-09,2022-10-09,3.9
001282,2025-04-01,2025-04-01,2025-04-01,2025-04-01,2025-04-01,6.3
001285,2022-11-21,2022-11-21,2022-11-21,2022-11-21,2022-11-21,5.7
001288,2023-05-22,2023-05-22,2023-05-22,2023-05-22,2023-05-22,3.9
001291,2022-11-05,2022-11-05,2022-11-05,2022-11-05,2022-11-05,5.7
001295,2021-11-NONE,2021-12-11,2021-12-11,2021-12-11,2021-12-11,4.6
001298,2021-06-24,2021-06-24,2021-06-24,2021-06-24,2021-06-24,3.5
001302,2021-11-29,2029-11-21,2029-11-21,2029-11-21,2029-11-21,4.2
001306,2021-07-19,2021-07-19,2021-07-19,2021-07-19,2021-07-19,5.9
001309,2021-04-30,2021-04-30,2021-04-30,2021-04-30,2021-04-30,5.0
001312,2022-10-20,2022-10-20,2022-10-20,2022-10-20,2022-10-20,3.4
001315,2021-12-09,2021-12-09,2021-12-09,2021-12-09,2021-12-09,3.0
001320,2021-11-22,2028-12-07,2028-12-07,2028-12-07,2028-12-07,5.1
001325,2021-07-22,2021-07-22,2021-07-22,2021-07-22,2021-07-22,3.7
001328,2021-06-26,2021-06-26,2021-06-26,2021-06-26,2021-06-26,4.2
001331,2021-04-19,2021-04-19,2021-04-19,2021-04-19,2021-04-19,3.1
001334,2021-10-26,2021-10-26,2021-10-26,2021-10-26,2021-10-26,10.4
001337,2021-07-04,2021-07-04,2021-07-04,2021-07-04,2021-07-04,8.5
001342,2021-09-10,2021-09-10,2021-09-10,2021-09-10,2021-09-10,9.7
001345,2021-08-27,2021-08-27,2021-08-27,2021-08-27,2021-08-27,11.2
001348,2021-10-31,2021-01-10,2021-01-10,2021-01-10,2021-01-10,5.5
001351,2021-06-09,2021-06-09,2021-06-09,2021-06-09,2021-06-09,5.1
001354,2022-07-06,2022-07-06,2022-07-06,2022-07-06,2022-07-06,4.9
001358,2020-12-NONE,2020-12-NONE,2020-12-NONE,2020-12-NONE,2020-12-NONE,18.6
001361,2021-09-02,NONE-09-21,NONE-09-21,NONE-09-21,NONE-09-21,27.2
001364,2021-02-NONE,2018-02-02,2018-02-02,2018-02-02,2018-02-02,18.0
001369,2025-09-21,2025-09-21,2025-09-21,2025-09-21,2025-09-21,16.3
001372,2022-03-07,2022-03-07,2022-03-07,2022-03-07,2022-03-07,2.9
001375,2022-05-NONE,2022-05-NONE,2022-05-NONE,2022-05-NONE,2022-05-NONE,6.6
001378,NONE,2021-01-22,2021-01-22,2021-01-22,2021-01-22,4.7
001381,2021-04-09,2021-01-04,2021-01-04,2021-04-09,2021-04-09,6.1
001384,2018-09-NONE,2018-09-NONE,2018-09-NONE,2018-09-NONE,2018-09-NONE,10.6
001387,2021-07-17,2021-07-07,2021-07-07,2021-07-07,2021-07-07,9.8
001390,2021-06-20,2021-06-20,2021-06-20,2021-06-20,2021-06-20,4.7
001393,2022-07-14,2022-07-14,2022-07-14,2022-07-14,2022-07-14,5.0
001396,2022-11-01,2022-11-01,2022-11-01,2022-11-01,2022-11-01,3.0
001399,2021-07-23,2021-07-23,2021-07-23,2021-07-23,2021-07-23,7.6
001402,2020-09-29,2020-09-29,2020-09-29,2020-09-29,2020-09-29,5.8
001405,2021-01-27,2021-01-27,2021-01-27,2021-01-27,2021-01-27,5.9
001408,2021-12-16,2021-12-16,2021-12-16,2021-12-16,2021-12-16,10.6
001411,2022-09-06,2022-09-06,2022-09-06,2022-09-06,2022-09-06,10.7
001415,2022-04-20,2022-04-20,2022-04-20,2022-04-20,2022-04-20,4.6
001418,2021-07-18,2021-07-18,2021-07-18,2021-07-18,2021-07-18,4.0
001421,2021-07-01,2021-07-01,2021-07-01,2021-07-01,2021-07-01,6.1
001426,2020-04-17,2020-04-17,2020-04-17,2020-04-17,2020-04-17,11.4
001429,2021-01-23,2021-01-23,2021-01-23,2021-01-23,2021-01-23,3.5
001432,2021-09-29,2021-09-29,2021-09-29,2021-09-29,2021-09-29,3.9
001435,2021-10-04,2021-02-18,2021-02-18,2021-02-18,2021-02-18,23.3
001438,2021-08-29,2021-08-29,2021-08-29,2021-08-29,2021-08-29,3.0
001441,2021-06-24,2021-06-24,2021-06-24,2021-06-24,2021-06-24,5.9
001444,2021-09-06,2021-09-06,2021-09-06,2021-09-06,2021-09-06,4.1
001447,2022-07-22,2022-07-22,2022-07-22,2022-07-22,2022-07-22,7.4
001450,2022-04-26,2022-04-26,2022-04-26,2022-04-26,2022-04-26,7.3
001453,2022-09-13,2022-09-13,2022-09-13,2022-09-13,2022-09-13,8.0
001456,2022-06-28,2022-06-28,2022-06-28,2022-06-28,2022-06-28,12.2
001459,2022-10-29,2022-10-29,2022-10-29,2022-10-29,2022-10-29,2.4
001462,2021-11-17,2021-11-17,2021-11-17,2021-11-17,2021-11-17,4.0
001465,2022-11-18,NONE-11-18,NONE-11-18,NONE-11-18,NONE-11-18,7.0
001468,2022-12-03,2022-12-03,2022-12-03,2022-12-03,2022-12-03,5.6
001471,2021-12-29,2021-12-29,2021-12-29,2021-12-29,2021-12-29,7.4
001474,2022-07-10,2022-07-10,2022-07-10,2022-07-10,2022-07-10,2.7
001479,2022-08-27,2022-08-27,2022-08-27,2022-08-27,2022-08-27,7.7
001482,NONE-01-31,NONE,NONE,NONE,NONE,15.7
001485,2022-09-28,2022-09-28,2022-09-28,2022-09-28,2022-09-28,7.3
001488,2021-07-12,2021-07-12,2021-07-12,2021-07-12,2021-07-12,4.5
001492,2023-07-08,2023-07-08,2023-07-08,2023-07-08,2023-07-08,4.6
001495,2021-11-22,2021-11-22,2021-11-22,2021-11-22,2021-11-22,4.2
001498,2021-06-30,2021-06-30,2021-06-30,2021-06-30,2021-06-30,16.6
001501,2021-09-23,2021-09-23,2021-09-23,2021-09-23,2021-09-23,3.8
001504,2021-01-27,2021-01-27,2021-01-27,2021-01-27,2021-01-27,5.7
001507,2021-02-19,2021-02-19,2021-02-19,2021-02-19,2021-02-19,5.9
001510,2023-12-01,2023-12-01,2023-12-01,2023-12-01,2023-12-01,6.6
001513,2018-05-16,2018-05-16,2018-05-16,2018-05-16,2018-05-16,4.6
001516,2021-11-19,2021-11-19,2021-11-19,2021-11-19,2021-11-19,3.6
001519,2022-12-07,2022-12-07,2022-12-07,2022-12-07,2022-12-07,5.0
001524,2021-06-25,2021-06-25,2021-06-25,2021-06-25,2021-06-25,7.6
001527,2021-01-21,2021-01-21,2021-01-21,2021-01-21,2021-01-21,14.5
001530,2021-02-11,2021-02-11,2021-02-11,2021-02-11,2021-02-11,4.2
001533,2022-06-21,2022-06-21,2022-06-21,2022-06-21,2022-06-21,5.8
001536,2021-02-19,2021-02-19,2021-02-19,2021-02-19,2021-02-19,9.9
001542,2022-01-22,2022-01-22,2022-01-22,2022-01-22,2022-01-22,2.8
001545,2021-08-02,2021-08-02,2021-08-02,2021-08-02,2021-08-02,4.3
001549,2022-09-28,NONE,NONE,NONE,NONE,15.0
001552,NONE-02-19,NONE-02-19,NONE-02-19,NONE-02-19,NONE-02-19,5.8
001555,2020-06-03,2020-05-03,2020-05-03,2020-06-03,2020-06-03,3.4
001560,2020-11-25,2020-11-25,2020-11-25,2020-11-25,2020-11-25,8.0
001565,2022-01-17,2022-01-17,2022-01-17,2022-01-17,2022-01-17,8.7
001568,2021-03-09,2021-03-09,2021-03-09,2021-03-09,2021-03-09,3.1
001571,2021-06-11,2021-06-11,2021-06-11,2021-06-11,2021-06-11,4.2
001574,2022-01-06,2022-01-06,2022-01-06,2022-01-06,2022-01-06,8.4
001577,2022-11-05,2022-11-05,2022-11-05,2022-11-05,2022-11-05,7.7
001580,2022-11-02,2022-11-02,2022-11-02,2022-11-02,2022-11-02,3.0
001583,2021-12-15,2021-12-15,2021-12-15,2021-12-15,2021-12-15,2.3
001586,2021-04-20,2021-04-20,2021-04-20,2021-04-20,2021-04-20,2.0
001589,2023-01-09,2023-01-09,2023-01-09,2023-01-09,2023-01-09,3.5
001592,2022-01-05,2022-01-05,2022-01-05,2022-01-05,2022-01-05,5.3
001595,2021-12-13,2021-12-13,2021-12-13,2021-12-13,2021-12-13,2.5
001601,2021-02-11,2021-02-11,2021-02-11,2021-02-11,2021-02-11,3.2
001604,2021-02-24,NONE,NONE,NONE,NONE,18.0
001607,2021-04-03,2021-04-03,2021-04-03,2021-04-03,2021-04-03,4.0
001610,2021-02-12,2021-02-12,2021-02-12,2021-02-12,2021-02-12,7.7
001613,2022-02-25,2022-02-25,2022-02-25,2022-02-25,2022-02-25,2.7
001616,2021-12-15,2021-12-15,2021-12-15,2021-12-15,2021-12-15,2.6
001619,2023-10-06,2023-10-06,2023-10-06,2023-10-06,2023-10-06,2.9
001622,2022-01-14,2022-01-14,2022-01-14,2022-01-14,2022-01-14,3.9
001625,2022-04-26,2022-04-26,2022-04-26,2022-04-26,2022-04-26,2.3
001628,2021-07-23,2021-07-23,2021-07-23,2021-07-23,2021-07-23,3.1
001631,2022-10-21,2022-10-21,2022-10-21,2022-10-21,2022-10-21,4.2
001634,2021-05-12,2021-05-12,2021-05-12,2021-05-12,2021-05-12,5.3
001638,2021-04-12,2021-04-12,2021-04-12,2021-04-12,2021-04-12,2.8
001641,2023-01-24,2023-01-24,2023-01-24,2023-01-24,2023-01-24,4.8
001644,2021-10-16,2021-10-15,2021-10-15,2021-10-15,2021-10-15,2.6
001647,2021-12-14,2021-12-14,2021-12-14,2021-12-14,2021-12-14,2.8
001650,2019-08-18,2019-08-18,2019-08-18,2019-08-18,2019-08-18,2.8
001653,2019-08-19,2019-08-19,2019-08-19,2019-08-19,2019-08-19,3.2
001656,2021-01-16,2021-01-16,2021-01-16,2021-01-16,2021-01-16,4.8
001659,2022-10-05,2022-10-05,2022-10-05,2022-10-05,2022-10-05,5.0
001662,2022-04-26,2022-04-26,2022-04-26,2022-04-26,2022-04-26,3.6
001665,2021-01-28,2021-01-28,2021-01-28,2021-01-28,2021-01-28,2.3
001668,2021-09-14,2021-09-14,2021-09-14,2021-09-14,2021-09-14,4.0
001673,2021-05-19,2021-05-19,2021-05-19,2021-05-19,2021-05-19,11.4
001676,2021-03-15,2021-03-15,2021-03-15,2021-03-15,2021-03-15,3.0
001681,2022-10-22,2022-10-22,2022-10-22,2022-10-22,2022-10-22,2.0
001684,2021-11-14,2021-11-14,2021-11-14,2021-11-14,2021-11-14,2.4
001688,2021-06-22,2021-06-22,2021-06-22,2021-06-22,2021-06-22,3.0
001691,2020-08-16,2020-08-16,2020-08-16,2020-08-16,2020-08-16,3.9
001694,2022-07-01,2022-07-01,2022-07-01,2022-07-01,2022-07-01,4.2
001697,2022-06-23,2022-06-23,2022-06-23,2022-06-23,2022-06-23,2.7
001700,2021-10-27,2021-10-27,2021-10-27,2021-10-27,2021-10-27,13.9
001703,2021-07-16,2021-07-16,2021-07-16,2021-07-16,2021-07-16,3.2
001706,2021-06-04,2021-06-04,2021-06-04,2021-06-04,2021-06-04,3.0
001709,2021-04-12,2021-04-12,2021-04-12,2021-04-12,2021-04-12,2.3
001715,2021-02-07,2021-02-07,2021-02-07,2021-02-07,2021-02-07,1.8
001718,2021-02-08,2021-02-08,2021-02-08,2021-02-08,2021-02-08,2.0
001723,2021-05-13,2021-05-13,2021-05-13,2021-05-13,2021-05-13,3.2
001726,2021-02-16,2021-02-06,2021-02-06,2021-02-06,2021-02-06,3.3
001729,2021-03-13,2021-03-13,2021-03-13,2021-03-13,2021-03-13,1.9
001732,2022-11-18,2022-11-18,2022-11-18,2022-11-18,2022-11-18,2.5
001735,2022-01-20,2022-01-20,2022-01-20,2022-01-20,2022-01-20,3.2
001738,2022-01-05,2022-01-05,2022-01-05,2022-01-05,2022-01-05,2.0
001741,2022-11-01,2022-11-01,2022-11-01,2022-11-01,2022-11-01,2.3
001749,2019-07-03,NONE,NONE,NONE,NONE,14.8
001752,2022-01-10,2022-01-10,2022-01-10,2022-01-10,2022-01-10,2.6
001755,2021-12-05,NONE,NONE,NONE,NONE,15.3
001759,2021-04-24,2021-04-24,2021-04-24,2021-04-24,2021-04-24,7.8
001762,2021-11-22,2021-11-22,2021-11-22,2021-11-22,2021-11-22,3.7
001765,2021-09-10,2021-09-21,2021-09-21,2021-09-21,2021-09-21,4.4
001772,2020-08-07,2020-08-07,2020-08-07,2020-08-07,2020-08-07,3.7
001775,2021-04-02,2021-04-02,2021-04-02,2021-04-02,2021-04-02,1.7
001778,2021-04-09,2021-04-09,2021-04-09,2021-04-09,2021-04-09,1.6
001783,2021-06-13,2021-06-13,2021-06-13,2021-06-13,2021-06-13,1.4
001786,2021-09-19,2021-09-19,2021-09-19,2021-09-19,2021-09-19,1.2
001789,2021-01-16,2021-01-16,2021-01-16,2021-01-16,2021-01-16,1.5
001792,2020-08-13,2020-08-13,2020-08-13,2020-08-13,2020-08-13,5.3
001795,2021-01-27,2021-01-27,2021-01-27,2021-01-27,2021-01-27,1.7
001799,2021-10-14,2021-10-14,2021-10-14,2021-10-14,2021-10-14,3.3
001802,2021-05-03,2021-08-05,2021-08-05,2021-08-05,2021-08-05,3.1
001807,2021-02-25,2021-02-25,2021-02-25,2021-02-25,2021-02-25,4.1
001814,2022-06-07,2022-06-07,2022-06-07,2022-06-07,2022-06-07,4.7
001818,2022-01-18,2021-01-19,2021-01-19,2022-01-18,2022-01-18,10.9
001822,2021-06-09,2021-06-09,2021-06-09,2021-06-09,2021-06-09,3.3
001825,2021-09-07,2021-09-07,2021-09-07,2021-09-07,2021-09-07,10.3
001828,2021-11-28,2021-11-28,2021-11-28,2021-11-28,2021-11-28,4.3
001831,2020-12-NONE,2020-12-NONE,2020-12-NONE,2020-12-NONE,2020-12-NONE,3.8
001835,2022-07-12,NONE,NONE,NONE,NONE,7.8
001838,2021-10-15,2021-10-15,2021-10-15,2021-10-15,2021-10-15,3.8
001841,2021-09-30,2021-09-30,2021-09-30,2021-09-30,2021-09-30,2.3
001844,2021-11-23,2021-11-23,2021-11-23,2021-11-23,2021-11-23,2.3
001847,2021-09-23,2021-09-23,2021-09-23,2021-09-23,2021-09-23,2.0
001850,2021-12-16,2021-12-16,2021-12-16,2021-12-16,2021-12-16,3.2
001853,2022-08-13,NONE,NONE,NONE,NONE,8.5
001856,2023-10-28,2023-10-28,2023-10-28,2023-10-28,2023-10-28,2.9
001859,2022-07-08,2022-07-08,2022-07-08,2022-07-08,2022-07-08,2.3
001862,2023-06-18,2023-06-18,2023-06-18,2023-06-18,2023-06-18,3.9
001865,2021-09-17,2021-09-17,2021-09-17,2021-09-17,2021-09-17,1.0
001868,2022-07-NONE,NONE,NONE,NONE,NONE,7.8
001874,2021-10-22,2022-10-21,2022-10-21,2022-10-21,2022-10-21,3.0
001877,2021-11-03,2021-11-03,2021-11-03,2021-11-03,2021-11-03,4.0
001880,2024-09-01,NONE,NONE,NONE,NONE,9.3
001883,2021-09-09,2021-09-09,2021-09-09,2021-09-09,2021-09-09,3.5
001888,2023-08-22,2023-08-22,2023-08-22,2023-08-22,2023-08-22,2.2
001891,2022-05-22,2022-05-22,2022-05-22,2022-05-22,2022-05-22,2.7
001894,2021-03-19,2021-03-19,2021-03-19,2021-03-19,2021-03-19,1.9
001897,2021-05-29,2021-05-29,2021-05-29,2021-05-29,2021-05-29,2.1
001900,2021-11-29,NONE,NONE,NONE,NONE,11.7
001904,2022-01-15,2022-01-15,2022-01-15,2022-01-15,2022-01-15,2.5
001908,2021-08-16,2021-08-16,2021-08-16,2021-08-16,2021-08-16,1.9
001912,2021-05-21,2021-05-21,2021-05-21,2021-05-21,2021-05-21,3.4
001915,2021-06-24,2021-06-24,2021-06-24,2021-06-24,2021-06-24,3.5
001918,2021-05-25,2021-05-25,2021-05-25,2021-05-25,2021-05-25,2.8
001922,2022-06-14,2022-06-14,2022-06-14,2022-06-14,2022-06-14,3.9
001925,2022-01-21,NONE,NONE,NONE,NONE,9.0
001928,2022-01-14,2022-01-14,2022-01-14,2022-01-14,2022-01-14,1.8
001931,2022-01-01,2022-01-01,2022-01-01,2022-01-01,2022-01-01,2.2
001934,2022-03-29,2022-03-29,2022-03-29,2022-03-29,2022-03-29,3.8
001937,2021-12-21,2021-12-21,2021-12-21,2021-12-21,2021-12-21,6.5
001940,2021-03-14,2021-03-14,2021-03-14,2021-03-14,2021-03-14,6.3
001943,2023-09-29,2023-09-29,2023-09-29,2023-09-29,2023-09-29,3.0
001946,2021-08-NONE,2021-02-08,2021-02-08,2021-02-08,2021-02-08,7.0
001951,2022-09-16,2022-09-16,2022-09-16,2022-09-16,2022-09-16,4.9
001954,2021-10-NONE,2027-10-NONE,2027-10-NONE,2021-07-04,2021-07-04,7.3
001957,2021-10-NONE,2021-10-NONE,2021-10-NONE,2021-10-NONE,2021-10-NONE,10.0
001960,2022-06-15,2022-06-15,2022-06-15,2022-06-15,2022-06-15,4.0
001965,2023-10-12,2023-10-12,2023-10-12,2023-10-12,2023-10-12,1.7
001968,2022-08-24,2022-08-24,2022-08-24,2022-08-24,2022-08-24,1.6
001971,2021-06-18,2021-06-18,2021-06-18,2021-06-18,2021-06-18,2.3
001974,2021-09-NONE,2021-09-NONE,2021-09-NONE,2021-09-NONE,2021-09-NONE,5.7
001977,2021-01-14,2021-01-14,2021-01-14,2021-01-14,2021-01-14,11.3
001980,2022-10-15,2022-10-15,2022-10-15,2022-10-15,2022-10-15,6.6
001983,2021-10-20,2021-10-20,2021-10-20,2021-10-20,2021-10-20,2.7
001986,2023-01-04,2023-01-04,2023-01-04,2023-01-04,2023-01-04,3.5
001989,2022-11-23,2022-11-23,2022-11-23,2022-11-23,2022-11-23,4.8
001992,2021-12-28,2021-12-28,2021-12-28,2021-12-28,2021-12-28,3.4
001995,2021-12-18,2021-12-18,2021-12-18,2021-12-18,2021-12-18,1.7
001998,2021-12-27,2021-12-27,2021-12-27,2021-12-27,2021-12-27,2.0
002001,2022-01-27,2022-02-01,2022-02-01,2022-02-01,2022-02-01,2.5
002004,2022-05-15,2022-05-15,2022-05-15,2022-05-15,2022-05-15,2.0
002007,2022-01-14,2022-01-14,2022-01-14,2022-01-14,2022-01-14,7.8
002010,2021-12-02,2021-12-02,2021-12-02,2021-12-02,2021-12-02,2.1
002013,2022-10-01,2022-10-01,2022-10-01,2022-10-01,2022-10-01,2.9
002016,2022-10-19,2022-10-19,2022-10-19,2022-10-19,2022-10-19,1.5
002019,2022-03-09,2022-03-09,2022-03-09,2022-03-09,2022-03-09,9.1
002022,2022-04-09,2022-04-09,2022-04-09,2022-04-09,2022-04-09,2.6
002025,2020-01-03,2020-01-03,2020-01-03,2020-01-03,2020-01-03,4.8
002028,2020-11-26,2020-11-26,2020-11-26,2020-11-26,2020-11-26,3.3
002031,2019-11-18,2019-11-18,2019-11-18,2019-11-18,2019-11-18,2.4
002034,2017-12-20,2017-12-20,2017-12-20,2017-12-20,2017-12-20,2.1
002037,2020-08-22,2020-08-22,2020-08-22,2020-08-22,2020-08-22,1.4
002040,2021-12-03,2021-12-03,2021-12-03,2021-12-03,2021-12-03,2.3
002043,2019-12-20,2019-12-20,2019-12-20,2019-12-20,2019-12-20,1.8
002046,2021-12-10,2021-12-10,2021-12-10,2021-12-10,2021-12-10,2.2
002049,2021-03-25,2021-03-25,2021-03-25,2021-03-25,2021-03-25,6.7
002052,NONE-04-14,NONE,NONE,NONE,NONE,13.7
002055,2021-12-NONE,NONE,NONE,NONE,NONE,23.0
002058,2022-06-22,2022-06-22,2022-06-22,2022-06-22,2022-06-22,5.6
002061,NONE-04-17,NONE,NONE,NONE,NONE,10.4
002064,2021-09-03,2021-09-03,2021-09-03,2021-09-03,2021-09-03,2.7
002069,2022-12-11,2022-12-11,2022-12-11,2022-12-11,2022-12-11,1.9
002072,2024-12-21,2024-12-21,2024-12-21,2024-12-21,2024-12-21,3.1
002075,2020-05-28,2020-05-28,2020-05-28,2020-05-28,2020-05-28,2.2
002078,2020-10-21,2020-10-21,2020-10-21,2020-10-21,2020-10-21,3.2
002082,2019-07-09,2019-07-09,2019-07-09,2019-07-09,2019-07-09,1.8
002086,2021-11-22,2021-11-22,2021-11-22,2021-11-22,2021-11-22,5.9
002089,2021-11-09,2021-11-09,2021-11-09,2021-11-09,2021-11-09,5.2
002092,2021-09-21,2021-09-21,2021-09-21,2021-09-21,2021-09-21,2.4
002095,2021-04-28,2021-04-28,2021-04-28,2021-04-28,2021-04-28,1.9
002098,2021-05-25,2021-05-25,2021-05-25,2021-05-25,2021-05-25,1.7
002101,2021-09-17,2021-09-17,2021-09-17,2021-09-17,2021-09-17,1.7
002104,2021-01-28,2021-01-28,2021-01-28,2021-01-28,2021-01-28,2.2
002107,2020-09-01,2020-09-01,2020-09-01,2020-09-01,2020-09-01,4.6
002110,2022-02-24,2022-02-24,2022-02-24,2022-02-24,2022-02-24,3.6
002113,2022-03-12,2022-03-12,2022-03-12,2022-03-12,2022-03-12,1.6
002116,2020-07-05,2020-07-05,2020-07-05,2020-07-05,2020-07-05,5.0
002119,2021-01-03,2021-01-03,2021-01-03,2021-01-03,2021-01-03,3.7
002122,2021-10-09,2021-10-09,2021-10-09,2021-10-09,2021-10-09,3.1
002125,2021-04-21,2021-04-24,2021-04-24,2021-04-24,2021-04-24,3.8
002128,2021-08-12,2021-08-12,2021-08-12,2021-08-12,2021-08-12,2.6
002131,2021-11-01,2021-11-01,2021-11-01,2021-11-01,2021-11-01,2.0
002134,2022-11-02,2022-11-02,2022-11-02,2022-11-02,2022-11-02,4.4
002137,2021-10-11,2021-10-11,2021-10-11,2021-10-11,2021-10-11,4.8
002140,2021-05-05,2021-05-05,2021-05-05,2021-05-05,2021-05-05,1.7
002143,2021-02-08,2021-02-08,2021-02-08,2021-02-08,2021-02-08,1.8
002146,2022-07-26,2022-07-26,2022-07-26,2022-07-26,2022-07-26,6.3
002149,2021-03-31,2021-03-31,2021-03-31,2021-03-31,2021-03-31,4.2
002154,2021-05-21,2021-05-21,2021-05-21,2021-05-21,2021-05-21,1.7
002157,2021-12-25,NONE,NONE,NONE,NONE,9.7
002160,2021-04-08,2021-04-08,2021-04-08,2021-04-08,2021-04-08,4.4
002163,2023-06-18,NONE,NONE,NONE,NONE,12.5
002168,2021-05-28,2021-05-28,2021-05-28,2021-05-28,2021-05-28,1.9
002171,2020-06-24,2020-06-24,2020-06-24,2020-06-24,2020-06-24,4.4
002174,2021-09-05,2021-09-05,2021-09-05,2021-09-05,2021-09-05,3.7
002177,2021-02-11,2021-02-11,2021-02-11,2021-02-11,2021-02-11,1.6
002180,2022-01-19,2022-01-19,2022-01-19,2022-01-19,2022-01-19,5.2
002183,2019-02-20,NONE,NONE,NONE,NONE,16.7
002186,2020-06-10,2020-06-10,2020-06-10,2020-06-10,2020-06-10,4.5
002189,2022-02-04,2022-02-04,2022-02-04,2022-02-04,2022-02-04,4.0
002192,2020-10-20,2026-10-20,2026-10-20,2026-10-20,2026-10-20,4.4
002195,2021-10-28,2021-10-28,2021-10-28,2021-10-28,2021-10-28,1.8
002198,2021-01-13,2021-01-13,2021-01-13,2021-01-13,2021-01-13,1.9
002201,2020-10-08,2020-10-08,2020-10-08,2020-10-08,2020-10-08,2.3
002206,2021-03-05,2021-03-05,2021-03-05,2021-03-05,2021-03-05,1.8
002209,2022-05-31,2022-05-31,2022-05-31,2022-05-31,2022-05-31,3.4
002213,2020-10-30,2020-10-30,2020-10-30,2020-10-30,2020-10-30,18.9
002216,2023-06-NONE,2023-06-NONE,2023-06-NONE,2023-06-NONE,2023-06-NONE,6.0
002219,2022-02-01,2022-02-01,2022-02-01,2022-02-01,2022-02-01,4.7
002222,2021-02-07,2021-02-07,2021-02-07,2021-02-07,2021-02-07,3.4
002225,2022-09-14,2022-09-14,2022-09-14,2022-09-14,2022-09-14,2.4
002228,2023-03-28,2023-03-28,2023-03-28,2023-03-28,2023-03-28,2.5
002231,2022-07-21,2022-07-21,2022-07-21,2022-07-21,2022-07-21,1.5
002234,2023-01-21,2023-01-21,2023-01-21,2023-01-21,2023-01-21,1.9
002237,2021-06-08,2021-06-08,2021-06-08,2021-06-08,2021-06-08,2.1
002240,2021-05-26,2021-05-26,2021-05-26,2021-05-26,2021-05-26,1.8
002243,2022-03-13,2022-03-13,2022-03-13,2022-03-13,2022-03-13,4.5
002248,2021-09-07,2021-09-07,2021-09-07,2021-09-07,2021-09-07,2.6
002251,2021-05-09,2021-05-09,2021-05-09,2021-05-09,2021-05-09,3.5
002256,2021-04-30,2021-04-30,2021-04-30,2021-04-30,2021-04-30,3.7
002259,2022-12-15,2022-12-15,2022-12-15,2022-12-15,2022-12-15,2.8
002262,2022-01-11,2022-01-11,2022-01-11,2022-01-11,2022-01-11,3.2
002265,NONE-03-05,NONE-03-05,NONE-03-05,NONE-03-05,NONE-03-05,2.2
002268,2022-09-NONE,2022-09-NONE,2022-09-NONE,2022-09-NONE,2022-09-NONE,2.5
002271,2021-08-02,2021-08-02,2021-08-02,2021-08-02,2021-08-02,2.3
002274,2021-08-09,2021-08-09,2021-08-09,2021-08-09,2021-08-09,2.8
002279,2021-01-03,2021-01-03,2021-01-03,2021-01-03,2021-01-03,3.0
002282,2022-07-NONE,2022-07-NONE,2022-07-NONE,2022-07-NONE,2022-07-NONE,3.4
002287,2021-12-31,2021-12-31,2021-12-31,2021-12-31,2021-12-31,2.9
002290,2021-09-10,2021-09-10,2021-09-10,2021-09-10,2021-09-10,1.8
002293,2021-07-03,2021-07-03,2021-07-03,2021-07-03,2021-07-03,6.7
002296,2022-06-06,2022-06-06,2022-06-06,2022-06-06,2022-06-06,1.8
002299,2021-10-15,2021-10-15,2021-10-15,2021-10-15,2021-10-15,1.8
002302,2022-02-03,2022-02-03,2022-02-03,2022-02-03,2022-02-03,2.0
002305,2022-07-31,2022-07-31,2022-07-31,2022-07-31,2022-07-31,2.1
002308,2021-11-15,2021-11-15,2021-11-15,2021-11-15,2021-11-15,11.7
002314,2021-10-17,2021-10-17,2021-10-17,2021-10-17,2021-10-17,2.8
002317,2020-12-03,2020-12-03,2020-12-03,2020-12-03,2020-12-03,3.3
002320,2020-10-29,2020-10-29,2020-10-29,2020-10-29,2020-10-29,1.8
002323,NONE-04-15,NONE-04-15,NONE-04-15,NONE-04-15,NONE-04-15,5.5
002326,2022-10-23,2022-10-23,2022-10-23,2022-10-23,2022-10-23,2.4
002330,2020-11-30,2020-11-30,2020-11-30,2020-11-30,2020-11-30,2.9
002333,2021-10-04,2021-10-04,2021-10-04,2021-10-04,2021-10-04,1.0
002336,2021-11-19,NONE-11-19,NONE-11-19,NONE-11-19,NONE-11-19,2.3
002339,2021-12-28,2021-12-28,2021-12-28,2021-12-28,2021-12-28,3.7
002344,2022-04-09,2022-04-09,2022-04-09,2022-04-09,2022-04-09,1.9
002347,2021-10-04,2021-10-04,2021-10-04,2021-10-04,2021-10-04,1.9
002352,2021-09-13,2021-09-13,2021-09-13,2021-09-13,2021-09-13,2.5
002355,2021-02-12,2021-02-12,2021-02-12,2021-02-12,2021-02-12,2.3
002358,2021-10-10,2021-10-10,2021-10-10,2021-10-10,2021-10-10,1.9
002361,2019-12-10,2019-12-10,2019-12-10,2019-12-10,2019-12-10,2.8
002364,2021-08-04,2021-08-04,2021-08-04,2021-08-04,2021-08-04,2.8
002367,2020-10-01,2020-10-01,2020-10-01,2020-10-01,2020-10-01,1.6
002370,2022-05-12,2022-05-12,2022-05-12,2022-05-12,2022-05-12,2.4
002373,2021-12-27,2028-10-NONE,2028-10-NONE,2028-10-NONE,2028-10-NONE,1.9
002376,2019-10-28,2019-10-28,2019-10-28,2019-10-28,2019-10-28,2.3
002379,2022-10-20,2022-10-20,2022-10-20,2022-10-20,2022-10-20,3.6
002382,2021-08-17,2021-08-17,2021-08-17,2021-08-17,2021-08-17,4.7
002387,2021-01-14,2021-01-14,2021-01-14,2021-01-14,2021-01-14,1.4
002390,2021-03-18,2021-08-NONE,2021-08-NONE,2021-08-NONE,2021-08-NONE,1.2
002393,2020-07-01,2020-07-01,2020-07-01,2020-07-01,2020-07-01,5.1
002396,2022-01-25,2022-01-25,2022-01-25,2022-01-25,2022-01-25,1.9
002399,2021-09-18,2021-09-18,2021-09-18,2021-09-18,2021-09-18,2.3
002402,2022-11-04,NONE,NONE,NONE,NONE,14.7
002405,2021-11-01,2021-11-01,2021-11-01,2021-11-01,2021-11-01,2.1
002410,2022-04-NONE,2022-04-NONE,2022-04-NONE,2022-04-NONE,2022-04-NONE,1.4
002413,2022-07-20,2022-07-20,2022-07-20,2022-07-20,2022-07-20,3.0
002416,2021-12-25,2021-12-25,2021-12-25,2021-12-25,2021-12-25,1.8
002419,2023-05-10,2023-05-10,2023-05-10,2023-05-10,2023-05-10,2.5
002422,2023-02-07,2023-02-07,2023-02-07,2023-02-07,2023-02-07,2.6
002425,2022-06-09,2022-06-09,2022-06-09,2022-06-09,2022-06-09,1.8
002428,2020-12-23,2020-12-23,2020-12-23,2020-12-23,2020-12-23,2.0
002431,2021-06-11,2021-06-11,2021-06-11,2021-06-11,2021-06-11,4.6
002434,2023-01-07,2023-01-07,2023-01-07,2023-01-07,2023-01-07,2.7
002437,2020-09-13,2020-09-13,2020-09-13,2020-09-13,2020-09-13,4.3
002440,2022-01-26,NONE,NONE,NONE,NONE,20.0
002443,2021-11-11,NONE-11-11,NONE-11-11,NONE-11-11,NONE-11-11,2.9
002446,2021-01-16,2021-01-16,2021-01-16,2021-01-16,2021-01-16,1.9
002451,2021-08-14,2021-08-14,2021-08-14,2021-08-14,2021-08-14,1.5
002454,2023-02-NONE,2023-02-NONE,2023-02-NONE,2023-02-NONE,2023-02-NONE,4.1
002457,2024-09-15,2024-09-15,2024-09-15,2024-09-15,2024-09-15,3.2
002460,2021-11-30,2021-01-30,2021-01-30,2021-11-30,2021-11-30,3.5
002463,NONE,2020-12-02,2020-12-02,2020-12-02,2020-12-02,2.7
002466,2022-01-20,2022-01-20,2022-01-20,2022-01-20,2022-01-20,3.2
002470,2023-06-22,2023-06-22,2023-06-22,2023-06-22,2023-06-22,1.9
002477,2023-03-15,2023-03-15,2023-03-15,2023-03-15,2023-03-15,3.4
002480,2022-07-NONE,2022-07-NONE,2022-07-NONE,2022-07-NONE,2022-07-NONE,2.3
002483,2021-05-05,2021-05-05,2021-05-05,2021-05-05,2021-05-05,15.8
002486,2022-08-03,2022-08-03,2022-08-03,2022-08-03,2022-08-03,2.6
002489,2021-04-18,2021-04-18,2021-04-18,2021-04-18,2021-04-18,1.8
002492,2022-09-08,2020-01-01,2020-01-01,2020-01-01,2020-01-01,7.0
002496,2021-01-27,2021-01-27,2021-01-27,2021-01-27,2021-01-27,2.6
002499,2021-05-07,2021-05-07,2021-05-07,2021-05-07,2021-05-07,4.0
002502,2022-01-24,2022-01-24,2022-01-24,2022-01-24,2022-01-24,3.9
002505,2022-01-06,2022-01-06,2022-01-06,2022-01-06,2022-01-06,2.0
002508,2021-11-09,2021-11-09,2021-11-09,2021-11-09,2021-11-09,3.2
002511,2022-03-09,2022-03-09,2022-03-09,2022-03-09,2022-03-09,9.6
002514,2022-02-16,2022-02-16,2022-02-16,2022-02-16,2022-02-16,2.9
002517,2022-07-20,2022-07-20,2022-07-20,2022-07-20,2022-07-20,1.9
002520,2023-10-02,2023-10-02,2023-10-02,2023-10-02,2023-10-02,1.9
002523,2022-09-14,2022-09-14,2022-09-14,2022-09-14,2022-09-14,2.2
002526,2023-02-15,2023-02-15,2023-02-15,2023-02-15,2023-02-15,2.5
002529,2021-10-19,2021-10-19,2021-10-19,2021-10-19,2021-10-19,13.8
002532,2022-06-30,2022-06-30,2022-06-30,2022-06-30,2022-06-30,2.4
002535,2021-12-04,2021-12-04,2021-12-04,2021-12-04,2021-12-04,2.8
002538,2021-08-05,2021-08-05,2021-08-05,2021-08-05,2021-08-05,5.0
002541,2021-12-19,2021-12-19,2021-12-19,2021-12-19,2021-12-19,3.1
002544,2021-03-21,2021-03-21,2021-03-21,2021-03-21,2021-03-21,16.1
002547,2022-04-NONE,2022-04-NONE,2022-04-NONE,2022-04-NONE,2022-04-NONE,3.2
002550,2021-09-30,2021-09-30,2021-09-30,2021-09-30,2021-09-30,2.5
002553,2021-02-22,2022-01-21,2022-01-21,2022-01-21,2022-01-21,1.7
002556,2021-11-17,2021-11-17,2021-11-17,2021-11-17,2021-11-17,1.4
002559,2022-04-01,2022-04-07,2022-04-07,2022-04-07,2022-04-07,6.6
002562,2021-08-29,2021-08-29,2021-08-29,2021-08-29,2021-08-29,2.1
002565,2021-09-25,2021-09-25,2021-09-25,2021-09-25,2021-09-25,1.9
002568,2022-04-04,2022-04-04,2022-04-04,2022-04-04,2022-04-04,1.9
002573,2021-12-29,2021-12-29,2021-12-29,2021-12-29,2021-12-29,3.2
002576,2020-02-18,2020-02-18,2020-02-18,2020-02-18,2020-02-18,7.9
002579,2024-01-14,2024-01-14,2024-01-14,2024-01-14,2024-01-14,5.4
002582,2021-01-07,2021-01-07,2021-01-07,2021-01-07,2021-01-07,2.0
002585,2023-11-04,2023-11-04,2023-11-04,2023-11-04,2023-11-04,2.3
002590,2023-10-27,2023-10-27,2023-10-27,2023-10-27,2023-10-27,3.5
002593,2023-08-11,2023-08-11,2023-08-11,2023-08-11,2023-08-11,3.5
002596,2022-10-22,2022-10-22,2022-10-22,2022-10-22,2022-10-22,3.3
002599,2021-12-NONE,2021-12-NONE,2021-12-NONE,2021-12-NONE,2021-12-NONE,2.4
002602,2022-07-07,2022-07-07,2022-07-07,2022-07-07,2022-07-07,3.7
002605,2023-11-17,NONE,NONE,NONE,NONE,11.7
002608,2022-01-17,2022-01-17,2022-01-17,2022-01-17,2022-01-17,2.6
002612,2021-12-01,2021-12-01,2021-12-01,2021-12-01,2021-12-01,3.4
002615,2022-12-21,2022-12-21,2022-12-21,2022-12-21,2022-12-21,2.5
002618,2022-05-04,2022-05-04,2022-05-04,2022-05-04,2022-05-04,10.3
002621,2023-12-21,2023-12-21,2023-12-21,2023-12-21,2023-12-21,1.8
002624,2022-12-19,2022-12-19,2022-12-19,2022-12-19,2022-12-19,2.0
002627,2021-12-08,2021-12-08,2021-12-08,2021-12-08,2021-12-08,1.5
002630,2023-05-NONE,2023-05-NONE,2023-05-NONE,2023-05-NONE,2023-05-NONE,2.8
002633,2022-02-03,2022-02-03,2022-02-03,2022-02-03,2022-02-03,4.4
002636,2022-10-09,2022-10-09,2022-10-09,2022-10-09,2022-10-09,2.3
002639,2021-12-04,2021-12-04,2021-12-04,2021-12-04,2021-12-04,2.0
002642,2021-10-31,2021-10-31,2021-10-31,2021-10-31,2021-10-31,5.0
002645,2021-12-14,2021-12-14,2021-12-14,2021-12-14,2021-12-14,5.9
002648,2022-01-24,2022-01-24,2022-01-24,2022-01-24,2022-01-24,2.1
002651,2021-08-18,2021-08-18,2021-08-18,2021-08-18,2021-08-18,2.0
002654,2025-11-30,2025-11-30,2025-11-30,2025-11-30,2025-11-30,4.7
002657,2021-07-01,2021-07-01,2021-07-01,2021-07-01,2021-07-01,2.9
002660,2022-06-11,2022-06-11,2022-06-11,2022-06-11,2022-06-11,2.3
002667,2021-09-09,2021-09-09,2021-09-09,2021-09-09,2021-09-09,1.2
002670,2023-04-30,2023-04-30,2023-04-30,2023-04-30,2023-04-30,1.9
002673,2021-04-25,2021-04-25,2021-04-25,2021-04-25,2021-04-25,1.7
002676,2021-03-23,2021-03-23,2021-03-23,2021-03-23,2021-03-23,1.6
002679,2021-07-17,2021-07-17,2021-07-17,2021-07-17,2021-07-17,1.5
002682,2021-09-10,2021-09-10,2021-09-10,2021-09-10,2021-09-10,3.2
002685,2021-07-28,2021-07-28,2021-07-28,2021-07-28,2021-07-28,4.3
002688,2021-06-11,2021-06-11,2021-06-11,2021-06-11,2021-06-11,3.3
002691,2021-03-10,2021-03-10,2021-03-10,2021-03-10,2021-03-10,2.7
002694,2021-04-19,NONE,NONE,NONE,NONE,9.9
002697,2021-06-06,2021-06-06,2021-06-06,2021-06-06,2021-06-06,3.3
002700,2021-08-23,2020-04-23,2020-04-23,2021-08-23,2021-08-23,2.9
002703,2022-10-29,2022-10-29,2022-10-29,2022-10-29,2022-10-29,5.7
002706,2021-12-07,2021-12-07,2021-12-07,2021-12-07,2021-12-07,2.4
002709,2021-10-28,2021-10-28,2021-10-28,2021-10-28,2021-10-28,2.2
002712,2022-01-11,2022-01-11,2022-01-11,2022-01-11,2022-01-11,3.8
002715,2021-12-15,2021-12-15,2021-12-15,2021-12-15,2021-12-15,3.1
002718,2022-02-23,2022-02-23,2022-02-23,2022-02-23,2022-02-23,2.0
002721,2022-12-30,2022-12-30,2022-12-30,2022-12-30,2022-12-30,3.8
002724,2019-12-20,NONE,NONE,NONE,NONE,9.0
002727,NONE,2017-03-22,2017-03-22,2017-03-22,2017-03-22,2.8
002730,2021-06-25,2021-06-25,2021-06-25,2021-06-25,2021-06-25,4.9
002733,2021-12-25,2021-12-25,2021-12-25,2021-12-25,2021-12-25,3.1
002736,2021-04-28,2021-04-28,2021-04-28,2021-04-28,2021-04-28,3.7
002740,2021-12-18,2021-12-18,2021-12-18,2021-12-18,2021-12-18,6.8
002743,2021-08-13,2021-08-13,2021-08-13,2021-08-13,2021-08-13,2.6
002747,2022-01-08,2022-01-08,2022-01-08,2022-01-08,2022-01-08,2.3
002750,2022-06-15,2022-06-15,2022-06-15,2022-06-15,2022-06-15,1.6
002754,2021-05-29,2021-05-29,2021-05-29,2021-05-29,2021-05-29,3.5
002757,2022-09-10,2022-09-10,2022-09-10,2022-09-10,2022-09-10,2.2
002760,2021-05-12,2021-05-12,2021-05-12,2021-05-12,2021-05-12,1.8
002765,2021-03-16,2021-02-03,2021-02-03,2021-03-16,2021-03-16,1.7
002768,2021-12-01,2021-12-01,2021-12-01,2021-12-01,2021-12-01,2.0
002771,2021-10-10,2021-10-11,2021-10-11,2021-10-11,2021-10-11,13.5
002774,2021-10-08,2021-10-08,2021-10-08,2021-10-08,2021-10-08,3.1
002777,2021-09-15,NONE-09-15,NONE-09-15,NONE-09-15,NONE-09-15,2.8
002780,2021-04-06,2021-04-06,2021-04-06,2021-04-06,2021-04-06,5.5
002783,2021-04-22,2021-04-22,2021-04-22,2021-04-22,2021-04-22,4.3
002788,2021-04-03,2021-04-03,2021-04-03,2021-04-03,2021-04-03,4.1
002791,2021-12-06,2021-12-06,2021-12-06,2021-12-06,2021-12-06,2.6
002794,2022-10-05,2022-10-05,2022-10-05,2022-10-05,2022-10-05,1.4
002797,2021-04-28,2021-04-29,2021-04-29,2021-04-29,2021-04-29,2.6
002802,2021-09-29,2021-09-29,2021-09-29,2021-09-29,2021-09-29,2.1
002805,2023-01-13,2023-01-19,2023-01-19,2023-01-19,2023-01-19,4.7
002808,2021-12-29,2021-12-22,2021-12-22,2021-12-22,2021-12-22,2.8
002811,2023-01-13,2023-01-13,2023-01-13,2023-01-13,2023-01-13,4.1
002814,2021-04-02,NONE-04-08,NONE-04-08,NONE-04-08,NONE-04-08,7.9
002819,2022-12-01,2022-12-01,2022-12-01,2022-12-01,2022-12-01,2.3
002822,2021-10-07,2021-10-07,2021-10-07,2021-10-07,2021-10-07,2.9
002825,2022-11-08,2022-11-08,2022-11-08,2022-11-08,2022-11-08,1.7
002828,2022-01-02,2022-01-02,2022-01-02,2022-01-02,2022-01-02,4.4
002831,2022-05-21,NONE-05-21,NONE-05-21,NONE-05-21,NONE-05-21,8.9
002834,2021-06-30,2021-06-30,2021-06-30,2021-06-30,2021-06-30,1.9
002837,2022-08-02,2022-08-02,2022-08-02,2022-08-02,2022-08-02,1.3
002840,2021-05-24,2021-09-11,2021-09-11,2021-09-11,2021-09-11,1.8
002843,2023-06-NONE,2023-06-NONE,2023-06-NONE,2023-06-NONE,2023-06-NONE,2.4
002846,2020-03-09,2020-03-09,2020-03-09,2020-03-09,2020-03-09,3.9
002849,2021-08-15,2021-08-15,2021-08-15,2021-08-15,2021-08-15,4.8
002852,2021-08-02,2021-08-02,2021-08-02,2021-08-02,2021-08-02,4.6
002855,2022-09-13,2022-09-13,2022-09-13,2022-09-13,2022-09-13,4.2
002858,2023-06-02,2023-06-02,2023-06-02,2023-06-02,2023-06-02,3.3
002861,2021-03-25,2021-03-25,2021-03-25,2021-03-25,2021-03-25,3.3
002864,2023-03-02,2023-03-02,2023-03-02,2023-03-02,2023-03-02,2.9
002867,2022-02-28,NONE,NONE,NONE,NONE,10.2
002870,2021-02-25,2021-02-25,2021-02-25,2021-02-25,2021-02-25,2.1
002873,2021-04-07,2021-04-07,2021-04-07,2021-04-07,2021-04-07,3.0
002876,2022-12-04,2022-12-04,2022-12-04,2022-12-04,2022-12-04,2.5
002879,2021-06-21,2021-06-21,2021-06-21,2021-06-21,2021-06-21,1.5
002884,2022-07-20,2022-07-20,2022-07-20,2022-07-20,2022-07-20,2.3
002887,2022-01-04,2022-01-04,2022-01-04,2022-01-04,2022-01-04,1.4
002890,2021-11-11,2021-11-11,2021-11-11,2021-11-11,2021-11-11,4.9
002893,2021-03-31,2021-03-31,2021-03-31,2021-03-31,2021-03-31,2.2
002896,2021-07-20,2021-07-20,2021-07-20,2021-07-20,2021-07-20,1.1
002899,2021-11-09,2021-11-09,2021-11-09,2021-11-09,2021-11-09,1.5
002902,2020-07-22,2020-07-22,2020-07-22,2020-07-22,2020-07-22,2.2
002905,2021-05-19,2021-05-19,2021-05-19,2021-05-19,2021-05-19,1.4
002909,2021-07-21,2021-07-21,2021-07-21,2021-07-21,2021-07-21,0.9
002912,2021-06-30,2021-06-30,2021-06-30,2021-06-30,2021-06-30,1.1
002915,2022-09-15,2022-09-15,2022-09-15,2022-09-15,2022-09-15,2.7
002918,2021-04-30,2030-04-02,2030-04-02,2030-04-02,2030-04-02,1.9
002921,2021-09-12,2021-09-12,2021-09-12,2021-09-12,2021-09-12,1.6
002924,2021-06-13,2021-06-13,2021-06-13,2021-06-13,2021-06-13,2.4
002927,NONE-04-08,NONE-04-05,NONE-04-05,NONE-04-05,NONE-04-05,3.9
002930,2022-09-27,2022-09-27,2022-09-27,2022-09-27,2022-09-27,1.5
002933,2022-02-01,2022-02-01,2022-02-01,2022-02-01,2022-02-01,2.4
002936,2021-11-11,2021-11-11,2021-11-11,2021-11-11,2021-11-11,2.4
002939,2022-07-29,2022-07-29,2022-07-29,2022-07-29,2022-07-29,3.0
002942,2021-07-05,2021-07-05,2021-07-05,2021-07-05,2021-07-05,9.9
002945,2023-08-27,2023-08-27,2023-08-27,2023-08-27,2023-08-27,1.4
002948,2021-08-12,2021-08-12,2021-08-12,2021-08-12,2021-08-12,1.8
002951,2021-04-30,2021-04-30,2021-04-30,2021-04-30,2021-04-30,3.0
002954,2021-02-28,2021-02-28,2021-02-28,2021-02-28,2021-02-28,2.5
002957,NONE,2021-01-02,2021-01-02,2021-01-02,2021-01-02,2.3
002960,2021-10-08,2021-10-08,2021-10-08,2021-10-08,2021-10-08,12.7
002963,2020-11-06,2020-11-06,2020-11-06,2020-11-06,2020-11-06,2.1
002966,2021-09-03,2021-09-03,2021-09-03,2021-09-03,2021-09-03,7.7
002969,2021-07-07,2021-07-07,2021-07-07,2021-07-07,2021-07-07,2.7
002972,2022-03-20,2022-03-20,2022-03-20,2022-03-20,2022-03-20,4.3
002977,2020-05-12,2020-12-05,2020-12-05,2020-12-05,2020-12-05,3.1
002980,2021-12-17,2021-12-17,2021-12-17,2021-12-17,2021-12-17,2.7
002983,2021-09-14,2021-09-14,2021-09-14,2021-09-14,2021-09-14,2.0
002986,2022-04-01,2022-04-01,2022-04-01,2022-04-01,2022-04-01,0.9
002989,2021-07-20,2024-07-20,2024-07-20,2024-07-20,2024-07-20,3.1
002992,2021-02-21,2021-02-21,2021-02-21,2021-02-21,2021-02-21,3.0
002995,2022-07-13,2022-07-13,2022-07-13,2022-07-13,2022-07-13,2.2
002998,2021-10-07,2021-10-07,2021-10-07,2021-10-07,2021-10-07,1.4
003001,2021-12-05,2021-12-05,2021-12-05,2021-12-05,2021-12-05,2.3
003004,2023-05-NONE,2023-05-NONE,2023-05-NONE,2023-05-NONE,2023-05-NONE,26.0
003007,2021-11-30,2021-11-30,2021-11-30,2021-11-30,2021-11-30,2.7
003010,2021-12-11,2021-01-12,2021-01-12,2021-01-12,2021-01-12,16.8
003013,2024-01-29,2029-05-21,2029-05-21,2024-01-29,2024-01-29,2.7
003016,2022-07-01,2022-07-NONE,2022-07-NONE,2022-07-NONE,2022-07-NONE,3.3
003019,2021-11-13,2021-11-13,2021-11-13,2021-11-13,2021-11-13,2.4
003022,2021-11-01,2021-11-01,2021-11-01,2021-11-01,2021-11-01,2.1
003025,2021-09-13,2021-09-13,2021-09-13,2021-09-13,2021-09-13,2.4
003028,2021-09-28,2021-09-28,2021-09-28,2021-09-28,2021-09-28,3.2
003031,2020-07-14,2020-07-14,2020-07-14,2020-07-14,2020-07-14,1.4
003034,2022-11-21,2022-11-21,2022-11-21,2022-11-21,2022-11-21,1.5
003037,2021-02-18,2021-02-18,2021-02-18,2021-02-18,2021-02-18,1.9
003040,2021-03-01,2021-03-01,2021-03-01,2021-03-01,2021-03-01,1.8
003043,2020-07-13,2020-07-13,2020-07-13,2020-07-13,2020-07-13,6.2
003046,2021-10-20,2021-10-20,2021-10-20,2021-10-20,2021-10-20,2.6
003049,2021-02-16,2021-02-16,2021-02-16,2021-02-16,2021-02-16,1.6
003052,2020-12-19,2020-12-19,2020-12-19,2020-12-19,2020-12-19,2.2
003055,2021-03-06,2021-03-06,2021-03-06,2021-03-06,2021-03-06,4.6
003058,2022-02-19,2022-02-19,2022-02-19,2022-02-19,2022-02-19,1.8
003063,2021-10-18,2021-10-18,2021-10-18,2021-10-18,2021-10-18,2.6
003066,2021-11-12,2021-01-11,2021-01-11,2021-11-12,2021-11-12,2.2
003071,2021-08-19,2021-08-19,2021-08-19,2021-08-19,2021-08-19,3.6
003074,2021-08-25,2021-08-25,2021-08-25,2021-08-25,2021-08-25,3.3
003077,2021-12-13,2021-12-13,2021-12-13,2021-12-13,2021-12-13,2.3
003080,2021-11-01,2021-11-01,2021-11-01,2021-11-01,2021-11-01,2.3
003085,2021-06-27,2021-06-27,2021-06-27,2021-06-27,2021-06-27,1.7
003088,2021-06-30,2021-06-30,2021-06-30,2021-06-30,2021-06-30,1.8
003091,2021-09-17,2021-09-17,2021-09-17,2021-09-17,2021-09-17,5.6
003094,2023-01-03,2023-01-03,2023-01-03,2023-01-03,2023-01-03,2.3
003097,2021-04-12,2021-04-12,2021-04-12,2021-04-12,2021-04-12,1.6
003100,2022-11-21,2022-11-21,2022-11-21,2022-11-21,2022-11-21,5.5
003103,2022-03-29,2022-03-29,2022-03-29,2022-03-29,2022-03-29,1.9
003106,2021-01-11,2021-01-11,2021-01-11,2021-01-11,2021-01-11,1.2
003109,2022-07-16,2022-07-16,2022-07-16,2022-07-16,2022-07-16,3.2
003112,2021-03-28,2021-03-28,2021-03-28,2021-03-28,2021-03-28,1.2
003116,2021-12-29,2021-12-29,2021-12-29,2021-12-29,2021-12-29,3.2
003119,2021-07-10,2021-07-10,2021-07-10,2021-07-10,2021-07-10,6.4
003122,2021-09-15,2021-05-15,2021-05-15,2021-09-15,2021-09-15,6.3
003126,2021-02-16,2021-02-16,2021-02-16,2021-02-16,2021-02-16,2.1
003129,2022-08-25,2022-08-25,2022-08-25,2022-08-25,2022-08-25,2.1
003132,2021-05-22,2021-05-22,2021-05-22,2021-05-22,2021-05-22,1.4
003135,2021-10-14,2021-10-14,2021-10-14,2021-10-14,2021-10-14,3.7
003138,2022-01-09,2022-01-09,2022-01-09,2022-01-09,2022-01-09,2.5
003145,2022-01-11,2022-01-11,2022-01-11,2022-01-11,2022-01-11,1.6
003148,2022-01-14,2022-01-14,2022-01-14,2022-01-14,2022-01-14,2.1
003151,2021-12-10,2021-12-10,2021-12-10,2021-12-10,2021-12-10,2.4
003154,2021-07-11,2021-07-11,2021-07-11,2021-07-11,2021-07-11,1.8
003157,2021-10-26,2021-10-26,2021-10-26,2021-10-26,2021-10-26,2.0
003160,2021-06-13,2021-06-13,2021-06-13,2021-06-13,2021-06-13,2.7
003163,2021-02-16,2020-11-17,2020-11-17,2020-11-17,2020-11-17,4.6
003166,2021-07-NONE,2021-07-NONE,2021-07-NONE,2021-07-NONE,2021-07-NONE,4.0
003169,2018-04-21,2018-04-21,2018-04-21,2018-04-21,2018-04-21,4.6
003173,2022-05-NONE,2022-05-NONE,2022-05-NONE,2022-05-NONE,2022-05-NONE,2.4
003176,2021-04-30,2021-04-30,2021-04-30,2021-04-30,2021-04-30,2.1
003179,2021-07-08,2021-07-08,2021-07-08,2021-07-08,2021-07-08,2.2
003182,2021-06-14,2021-06-14,2021-06-14,2021-06-14,2021-06-14,1.9
003185,2021-06-28,2020-06-28,2020-06-28,2020-06-28,2020-06-28,1.3
003189,2022-08-16,2022-08-16,2022-08-16,2022-08-16,2022-08-16,2.9
003194,2021-07-13,2021-07-13,2021-07-13,2021-07-13,2021-07-13,2.9
003197,2022-11-05,2022-11-05,2022-11-05,2022-11-05,2022-11-05,2.7
003200,2022-09-21,2022-09-21,2022-09-21,2022-09-21,2022-09-21,2.7
003203,2021-10-NONE,2021-10-NONE,2021-10-NONE,2021-10-NONE,2021-10-NONE,2.5
003206,2021-04-13,2021-04-13,2021-04-13,2021-04-13,2021-04-13,1.2
003209,2022-12-02,NONE-12-02,NONE-12-02,NONE-12-02,NONE-12-02,12.2
003212,2022-08-25,2022-08-25,2022-08-25,2022-08-25,2022-08-25,8.2
003215,2022-10-13,2022-10-13,2022-10-13,2022-10-13,2022-10-13,2.7
003218,2021-03-16,2021-03-16,2021-03-16,2021-03-16,2021-03-16,3.3
003222,2022-06-14,2022-06-14,2022-06-14,2022-06-14,2022-06-14,1.9
003226,2022-01-29,2022-01-29,2022-01-29,2022-01-29,2022-01-29,2.6
003230,2022-03-28,NONE,NONE,NONE,NONE,16.2
003233,2021-09-21,2021-09-21,2021-09-21,2021-09-21,2021-09-21,2.0
003236,2021-03-30,2021-03-30,2021-03-30,2021-03-30,2021-03-30,2.5
003241,2022-01-28,2022-01-28,2022-01-28,2022-01-28,2022-01-28,5.7
003246,2021-08-15,2021-08-15,2021-08-15,2021-08-15,2021-08-15,4.8
003249,2023-02-01,2023-02-01,2023-02-01,2023-02-01,2023-02-01,2.3
003252,2023-04-NONE,2023-04-NONE,2023-04-NONE,2023-04-NONE,2023-04-NONE,3.7
003255,2021-11-05,2021-11-05,2021-11-05,2021-11-05,2021-11-05,1.4
003258,2021-07-28,2021-07-28,2021-07-28,2021-07-28,2021-07-28,2.9
003261,2022-07-29,2022-07-29,2022-07-29,2022-07-29,2022-07-29,1.4
003264,2021-09-13,2021-09-13,2021-09-13,2021-09-13,2021-09-13,1.7
003268,2022-05-05,2022-05-05,2022-05-05,2022-05-05,2022-05-05,4.1
003271,2021-07-07,2021-07-07,2021-07-07,2021-07-07,2021-07-07,4.8
003274,2021-08-20,2021-08-20,2021-08-20,2021-08-20,2021-08-20,3.1
003277,NONE-04-05,NONE-04-05,NONE-04-05,NONE-04-05,NONE-04-05,2.8
003280,2023-07-31,2023-07-31,2023-07-31,2023-07-31,2023-07-31,4.1
003283,2021-09-10,2021-09-10,2021-09-10,2021-09-10,2021-09-10,28.3
003290,2022-12-22,2022-12-22,2022-12-22,2022-12-22,2022-12-22,2.7
003293,2022-12-02,2022-12-02,2022-12-02,2022-12-02,2022-12-02,3.1
003298,2021-10-21,2021-10-21,2021-10-21,2021-10-21,2021-10-21,1.9
003301,2023-04-21,2023-04-21,2023-04-21,2023-04-21,2023-04-21,1.7
003304,2025-03-NONE,2025-03-02,2025-03-02,2025-03-02,2025-03-02,3.2
003307,2020-09-01,2020-09-01,2020-09-01,2028-09-01,2028-09-01,3.0
003313,2021-07-05,2021-07-05,2021-07-05,2021-07-05,2021-07-05,10.5
003316,2022-02-07,2022-02-07,2022-02-07,2022-02-07,2022-02-07,3.8
003319,2021-10-20,NONE,NONE,NONE,NONE,6.8
003322,2021-09-01,2021-01-09,2021-01-09,2021-01-09,2021-01-09,1.9
003325,2021-06-01,NONE,NONE,NONE,NONE,13.9
003328,2021-12-26,2021-12-26,2021-12-26,2021-12-26,2021-12-26,1.7
003331,2021-11-03,2021-11-03,2021-11-03,2021-11-03,2021-11-03,2.9
003334,2021-10-30,2021-10-30,2021-10-30,2021-10-30,2021-10-30,1.2
003337,2021-06-01,NONE-06-01,NONE-06-01,NONE-06-01,NONE-06-01,4.8
003340,2022-09-29,2022-09-29,2022-09-29,2022-09-29,2022-09-29,10.8
003343,2023-12-30,2023-12-30,2023-12-30,2023-12-30,2023-12-30,5.9
003346,2026-09-10,2026-09-10,2026-09-10,2026-09-10,2026-09-10,2.6
000002,2025-12-11,2025-12-11,2025-12-11,2025-12-11,2025-12-11,3.5
000005,2026-07-02,2026-07-02,2026-07-02,2026-07-02,2026-07-02,1.7
000009,2026-10-29,2026-10-29,2026-10-29,2026-10-29,2026-10-29,3.5
000012,2026-03-23,2026-03-23,2026-03-23,2026-03-23,2026-03-23,2.5
000016,2026-01-22,2026-01-22,2026-01-22,2026-01-22,2026-01-22,2.4
000020,2025-10-09,2025-10-09,2025-10-09,2025-10-09,2025-10-09,2.4
000023,2025-10-10,2025-10-10,2025-10-10,2025-10-10,2025-10-10,1.7
000026,2025-11-13,2025-11-13,2025-11-13,2025-11-13,2025-11-13,2.1
000029,2026-08-02,2026-08-02,2026-08-02,2026-08-02,2026-08-02,2.1
000032,2026-03-22,2026-03-21,2026-03-21,2026-03-21,2026-03-21,2.4
000035,2026-08-17,2026-08-17,2026-08-17,2026-08-17,2026-08-17,2.2
000038,2027-02-12,2027-02-12,2027-02-12,2027-02-12,2027-02-12,2.3
000041,2025-10-11,2025-10-11,2025-10-11,2025-10-11,2025-10-11,4.1
000044,2026-02-07,2026-02-07,2026-02-07,2026-02-07,2026-02-07,6.7
000047,2027-04-14,2027-04-04,2027-04-04,2027-04-04,2027-04-04,2.1
000050,2025-09-30,2025-09-30,2025-09-30,2025-09-30,2025-09-30,10.4
000053,2025-12-20,2025-12-20,2025-12-20,2025-12-20,2025-12-20,3.8
000057,2026-06-24,2026-06-24,2026-06-24,2026-06-24,2026-06-24,2.7
000060,2026-04-30,2026-04-30,2026-04-30,2026-04-30,2026-04-30,4.5
000064,2026-08-03,2025-08-03,2025-08-03,2025-08-03,2025-08-03,1.6
000067,2025-12-19,NONE,NONE,NONE,NONE,19.8
000070,2026-10-08,2026-10-08,2026-10-08,2026-10-08,2026-10-08,2.4
000074,2026-08-28,2026-08-28,2026-08-28,2026-08-28,2026-08-28,2.3
000077,2026-03-07,2026-03-07,2026-03-07,2026-03-07,2026-03-07,2.5
000082,2026-08-24,2026-08-24,2026-08-24,2026-08-24,2026-08-24,2.0
000089,2026-09-11,2026-09-11,2026-09-11,2026-09-11,2026-09-11,2.5
000092,2026-12-05,2026-12-05,2026-12-05,2026-12-05,2026-12-05,2.1
000095,2026-07-29,2026-07-29,2026-07-29,2026-07-29,2026-07-29,7.3
000098,2026-03-11,2026-03-11,2026-03-11,2026-03-11,2026-03-11,4.1
000101,2026-04-08,2026-04-08,2026-04-08,2026-04-08,2026-04-08,3.2
000104,2026-04-01,2026-04-01,2026-04-01,2026-04-01,2026-04-01,1.5
000107,2025-12-25,2025-12-25,2025-12-25,2025-12-25,2025-12-25,2.5
000110,2025-10-29,NONE,NONE,NONE,NONE,25.5
000113,2026-01-16,2026-01-16,2026-01-16,2026-01-16,2026-01-16,1.8
000116,2026-03-27,2026-03-27,2026-03-27,2026-03-27,2026-03-27,3.7
000119,2026-08-24,2026-08-24,2026-08-24,2026-08-24,2026-08-24,2.7
000122,2027-04-28,2027-04-NONE,2027-04-NONE,2027-04-NONE,2027-04-NONE,4.6
000125,2026-04-07,2026-04-07,2026-04-07,2026-04-07,2026-04-07,2.5
000128,2026-05-28,2026-05-28,2026-05-28,2026-05-28,2026-05-28,3.2
000131,2026-08-05,2026-08-05,2026-08-05,2026-08-05,2026-08-05,1.7
000134,2026-09-23,2026-09-23,2026-09-23,2026-09-23,2026-09-23,3.1
000137,2026-03-26,2026-03-26,2026-03-26,2026-03-26,2026-03-26,3.2
000140,2026-07-14,2026-07-14,2026-07-14,2026-07-14,2026-07-14,4.2
000143,2027-03-06,2027-03-06,2027-03-06,2027-03-06,2027-03-06,4.8
000146,2026-04-03,2026-04-03,2026-04-03,2026-04-03,2026-04-03,6.9
000150,2026-08-12,2026-08-12,2026-08-12,2026-08-12,2026-08-12,3.1
000153,2026-10-12,2026-10-12,2026-10-12,2026-10-12,2026-10-12,2.6
000156,2026-07-29,2026-07-29,2026-07-29,2026-07-29,2026-07-29,2.8
000159,2027-01-08,2027-01-01,2027-01-01,2027-01-01,2027-01-01,6.3
000163,2026-11-20,2026-11-20,2026-11-20,2026-11-20,2026-11-20,1.8
000166,2027-08-18,2027-08-NONE,2027-08-NONE,2027-08-NONE,2027-08-NONE,7.4
000169,2026-03-18,2026-03-18,2026-03-18,2026-03-18,2026-03-18,1.6
000177,2026-08-18,2026-08-18,2026-08-18,2026-08-18,2026-08-18,3.8
000184,2027-11-19,2027-11-01,2027-11-01,2027-11-01,2027-11-01,2.6
000187,2028-02-05,2028-02-05,2028-02-05,2028-02-05,2028-02-05,2.9
000190,2022-11-26,2022-11-26,2022-11-26,2022-11-26,2022-11-26,30.3
000193,2026-03-06,2026-03-08,2026-03-08,2026-03-08,2026-03-08,15.7
000196,2027-02-27,2027-02-27,2027-02-27,2027-02-27,2027-02-27,1.8
000199,2027-09-07,2027-09-07,2027-09-07,2027-09-07,2027-09-07,2.0
000202,2027-02-06,2027-02-06,2027-02-06,2027-02-06,2027-02-06,2.5
000205,2027-05-18,2027-05-18,2027-05-18,2027-05-18,2027-05-18,2.3
000208,2026-04-13,NONE,NONE,NONE,NONE,28.7
000211,2026-02-12,2026-06-02,2026-06-02,2026-06-02,2026-06-02,11.6
000214,2026-08-13,2026-08-13,2026-08-13,2026-08-13,2026-08-13,6.4
000217,2027-03-08,2027-03-08,2027-03-08,2027-03-08,2027-03-08,7.3
000220,2026-02-23,2026-02-23,2026-02-23,2026-02-23,2026-02-23,3.4
000223,2026-08-13,2026-08-13,2026-08-13,2026-08-13,2026-08-13,2.2
000226,2027-03-15,2027-03-15,2027-03-15,2027-03-15,2027-03-15,8.7
000229,2025-10-28,2022-10-11,2022-10-11,2022-10-11,2022-10-11,10.3
000232,2027-11-26,NONE,NONE,NONE,NONE,23.7
000236,2026-04-08,2026-04-08,2026-04-08,2026-04-08,2026-04-08,4.1
000240,2027-05-20,2027-05-20,2027-05-20,2027-05-20,2027-05-20,3.4
000247,2026-05-20,2026-05-20,2026-05-20,2026-05-20,2026-05-20,2.3
000252,2026-07-09,2026-07-09,2026-07-09,2026-07-09,2026-07-09,3.4
000256,2027-01-02,2027-01-02,2027-01-02,2027-01-02,2027-01-02,2.4
000259,2025-11-09,2025-11-09,2025-11-09,2025-11-09,2025-11-09,4.9
000263,2028-01-22,NONE,NONE,NONE,NONE,18.0
000266,2025-12-04,NONE,NONE,NONE,NONE,19.2
000269,2026-05-15,2026-05-15,2026-05-15,2026-05-15,2026-05-15,3.9
000272,2026-05-10,2026-05-10,2026-05-10,2026-05-10,2026-05-10,1.8
000277,2026-07-15,2026-07-15,2026-07-15,2026-07-15,2026-07-15,4.9
000282,2026-09-10,2026-09-10,2026-09-10,2026-09-10,2026-09-10,3.1
000285,2027-07-02,2027-07-02,2027-07-02,2027-07-02,2027-07-02,2.1
000288,2028-07-25,2028-07-25,2028-07-25,2028-07-25,2028-07-25,3.8
000291,2027-07-21,2027-07-21,2027-07-21,2027-07-21,2027-07-21,3.4
000295,2025-11-08,2025-11-08,2025-11-08,2025-11-08,2025-11-08,2.2
000298,2026-09-11,2026-09-11,2026-09-11,2026-09-11,2026-09-11,5.6
000301,2027-04-09,2027-04-09,2027-04-09,2027-04-09,2027-04-09,2.0
000304,2026-06-01,2026-06-01,2026-06-01,2026-06-01,2026-06-01,1.7
000307,2025-11-14,2025-11-14,2025-11-14,2025-11-14,2025-11-14,2.4
000310,2026-09-28,2026-09-28,2026-09-28,2026-09-28,2026-09-28,7.9
000313,2026-03-17,2026-03-17,2026-03-17,2026-03-17,2026-03-17,3.6
000316,2027-03-01,2027-03-01,2027-03-01,2027-03-01,2027-03-01,2.4
000319,2026-02-14,2026-02-14,2026-02-14,2026-02-14,2026-02-14,2.3
000324,2027-05-15,2027-05-15,2027-05-15,2027-05-15,2027-05-15,5.1
000327,2025-10-21,2025-10-21,2025-10-21,2025-10-21,2025-10-21,4.1
000331,2025-10-31,2025-10-31,2025-10-31,2025-10-31,2025-10-31,2.8
000334,2026-03-15,2026-03-15,2026-03-15,2026-03-15,2026-03-15,2.3
000337,2025-12-09,2025-12-09,2025-12-09,2025-12-09,2025-12-09,2.4
000340,2026-08-11,2026-08-11,2026-08-11,2026-08-11,2026-08-11,1.7
000343,2025-12-30,2025-12-30,2025-12-30,2025-12-30,2025-12-30,2.9
000346,2026-05-15,2026-05-15,2026-05-15,2026-05-15,2026-05-15,1.2
000349,2025-12-07,2025-12-07,2025-12-07,2025-12-07,2025-12-07,1.5
000352,2026-08-27,2026-08-27,2026-08-27,2026-08-27,2026-08-27,2.1
000355,2028-06-17,2028-05-17,2028-05-17,2028-06-17,2028-06-17,2.7
000358,2027-09-16,2027-09-16,2027-09-16,2027-09-16,2027-09-16,1.7
000362,2026-08-11,2026-08-11,2026-08-11,2026-08-11,2026-08-11,3.8
000365,2026-03-11,2026-03-11,2026-03-11,2026-03-11,2026-03-11,2.9
000368,2026-09-22,2026-09-22,2026-09-22,2026-09-22,2026-09-22,14.0
000371,2026-02-15,2026-02-15,2026-02-15,2026-02-15,2026-02-15,2.1
000374,2026-08-28,2026-08-28,2026-08-28,2026-08-28,2026-08-28,11.5
000377,2026-07-01,2026-07-01,2026-07-01,2026-07-01,2026-07-01,33.6
000381,2027-01-20,2027-01-20,2027-01-20,2027-01-20,2027-01-20,1.8
000387,2027-01-21,2027-01-21,2027-01-21,2027-01-21,2027-01-21,5.4
000390,2026-05-19,2021-03-23,2021-03-23,2021-03-23,2021-03-23,15.6
000394,2026-04-14,2026-04-14,2026-04-14,2026-04-14,2026-04-14,7.8
000397,2026-02-19,2026-02-19,2026-02-19,2026-02-19,2026-02-19,3.5
000401,2027-04-12,2027-04-12,2027-04-12,2027-04-12,2027-04-12,3.0
000404,2026-06-10,2026-06-10,2026-06-10,2026-06-10,2026-06-10,2.5
000410,2027-04-13,2027-04-13,2027-04-13,2027-04-13,2027-04-13,2.5
000414,2026-04-07,2026-04-07,2026-04-07,2026-04-07,2026-04-07,1.9
000417,2026-03-15,2026-03-15,2026-03-15,2026-03-15,2026-03-15,3.3
000420,2025-12-04,2025-12-04,2025-12-04,2025-12-04,2025-12-04,3.8
000424,2026-03-28,2026-03-28,2026-03-28,2026-03-28,2026-03-28,5.4
000427,2027-04-01,2027-04-01,2027-04-01,2027-04-01,2027-04-01,1.3
000430,2028-02-01,2028-02-01,2028-02-01,2028-02-01,2028-02-01,3.4
000433,2026-08-05,2026-08-05,2026-08-05,2026-08-05,2026-08-05,7.5
000436,2026-02-12,2026-02-12,2026-02-12,2026-02-12,2026-02-12,2.2
000439,2026-03-18,2026-03-18,2026-03-18,2026-03-18,2026-03-18,1.8
000443,2026-04-06,2026-04-06,2026-04-06,2026-04-06,2026-04-06,5.3
000446,2026-04-11,2026-04-11,2026-04-11,2026-04-11,2026-04-11,2.1
000449,2026-01-28,2026-01-28,2026-01-28,2026-01-28,2026-01-28,4.4
000459,2026-01-19,NONE-01-19,NONE-01-19,NONE-01-19,NONE-01-19,32.7
000462,2027-05-27,2027-05-27,2027-05-27,2027-05-27,2027-05-27,1.6
000465,2027-07-30,2027-07-30,2027-07-30,2027-07-30,2027-07-30,2.8
000468,2026-04-06,NONE,NONE,NONE,NONE,13.2
000471,2027-01-08,2027-01-08,2027-01-08,2027-01-08,2027-01-08,4.1
000474,2026-06-26,2026-06-06,2026-06-06,2026-06-06,2026-06-06,3.2
000477,2026-07-21,2026-07-21,2026-07-21,2026-07-21,2026-07-21,1.7
000480,2026-06-04,2026-07-21,2026-07-21,2026-07-21,2026-07-21,2.0
000483,2027-04-15,2027-04-15,2027-04-15,2027-04-15,2027-04-15,1.2
000486,2027-07-15,NONE,NONE,NONE,NONE,13.1
000489,2026-05-08,2026-05-08,2026-05-08,2026-05-08,2026-05-08,10.5
000492,2026-03-12,2026-03-12,2026-03-12,2026-03-12,2026-03-12,1.3
000497,2026-08-31,NONE,NONE,NONE,NONE,14.9
000501,2026-02-24,2026-02-24,2026-02-24,2026-02-24,2026-02-24,14.2
000504,2026-02-28,2026-02-28,2026-02-28,2026-02-28,2026-02-28,3.2
000509,2026-09-01,2025-09-02,2025-09-02,2026-09-01,2026-09-01,4.1
000512,2026-02-17,2026-02-17,2026-02-17,2026-02-17,2026-02-17,3.8
000516,2026-07-16,2026-07-16,2026-07-16,2026-07-16,2026-07-16,4.2
000520,2026-09-15,2026-09-15,2026-09-15,2026-09-15,2026-09-15,3.1
000526,2026-07-04,2026-07-04,2026-07-04,2026-07-04,2026-07-04,2.4
000529,2026-01-12,2026-01-12,2026-01-12,2026-01-12,2026-01-12,1.4
000532,2026-02-28,2026-02-28,2026-02-28,2026-02-28,2026-02-28,1.9
000535,2026-02-04,2026-02-04,2026-02-04,2026-02-04,2026-02-04,1.1
000538,2026-02-06,2026-02-06,2026-02-06,2026-02-06,2026-02-06,3.5
000541,2026-03-22,2026-03-22,2026-03-22,2026-03-22,2026-03-22,1.7
000544,2029-06-25,NONE,NONE,NONE,NONE,14.3
000548,2026-05-26,2026-05-26,2026-05-26,2026-05-26,2026-05-26,3.1
000551,2026-12-19,2026-12-19,2026-12-19,2026-12-19,2026-12-19,2.8
000554,2027-09-17,2027-09-17,2027-09-17,2027-09-17,2027-09-17,1.7
000557,2026-08-12,2026-08-12,2026-08-12,2026-08-12,2026-08-12,2.8
000560,2027-07-13,2027-07-13,2027-07-13,2027-07-13,2027-07-13,3.3
000563,2026-01-10,NONE,NONE,NONE,NONE,16.4
000566,2026-09-17,2026-09-17,2026-09-17,2026-09-17,2026-09-17,1.7
000569,2025-11-02,2025-11-02,2025-11-02,2025-11-02,2025-11-02,2.4
000572,NONE-10-15,NONE-10-15,NONE-10-15,NONE-10-15,NONE-10-15,10.4
000575,NONE-10-14,NONE,NONE,NONE,NONE,17.2
000579,2026-07-10,2026-07-10,2026-07-10,2026-07-10,2026-07-10,1.6
000582,2025-11-21,2025-01-21,2025-01-21,2025-01-21,2025-01-21,3.7
000586,2026-03-14,2026-03-14,2026-03-14,2026-03-14,2026-03-14,1.5
000589,2026-04-02,2026-04-02,2026-04-02,2026-04-02,2026-04-02,2.5
000593,2026-07-22,2026-07-22,2026-07-22,2026-07-22,2026-07-22,3.5
000599,2026-09-04,2026-09-04,2026-09-04,2026-09-04,2026-09-04,1.7
000603,2026-09-24,NONE,NONE,NONE,NONE,19.2
000606,2026-10-01,2026-10-01,2026-10-01,2026-10-01,2026-10-01,8.3
000609,2027-06-11,2027-06-11,2027-06-11,2027-06-11,2027-06-11,3.7
000612,2026-05-07,2026-05-07,2026-05-07,2026-05-07,2026-05-07,2.1
000615,2026-03-24,2026-03-24,2026-03-24,2026-03-24,2026-03-24,2.2
000618,2026-08-26,2026-08-26,2026-08-26,2026-08-26,2026-08-26,4.5
000621,2026-08-25,2026-08-25,2026-08-25,2026-08-25,2026-08-25,1.4
000625,2027-04-01,2027-04-01,2027-04-01,2027-04-01,2027-04-01,2.2
000629,2025-09-22,2021-12-09,2021-12-09,2021-12-09,2021-12-09,11.1
000632,2025-12-28,2025-12-28,2025-12-28,2025-12-28,2025-12-28,2.7
000635,2026-02-21,2025-08-02,2025-08-02,2026-02-22,2026-02-22,4.1
000638,2026-06-16,2026-06-16,2026-06-16,2026-06-16,2026-06-16,2.1
000641,2026-09-02,2026-09-02,2026-09-02,2026-09-02,2026-09-02,2.8
000644,2027-03-11,2027-03-11,2027-03-11,2027-03-11,2027-03-11,1.9
000647,2026-08-19,2026-08-19,2026-08-19,2026-08-19,2026-08-19,2.1
000650,2026-08-05,2026-08-05,2026-08-05,2026-08-05,2026-08-05,1.7
000653,2027-01-19,2027-01-19,2027-01-19,2027-01-19,2027-01-19,2.0
000656,2026-09-04,2026-09-04,2026-09-04,2026-09-04,2026-09-04,1.8
000659,2026-08-24,2026-08-24,2026-08-24,2026-08-24,2026-08-24,1.9
000662,2026-03-11,2026-03-11,2026-03-11,2026-03-11,2026-03-11,1.7
000666,2026-09-01,NONE,NONE,NONE,NONE,12.9
000672,2026-02-08,2026-02-08,2026-02-08,2026-02-08,2026-02-08,2.2
000675,NONE,2028-06-03,2028-06-03,2028-06-03,2028-06-03,1.7
000678,2026-07-24,2026-07-24,2026-07-24,2026-07-24,2026-07-24,1.3
000681,2026-01-09,2026-01-09,2026-01-09,2026-01-09,2026-01-09,2.3
000684,2026-03-23,2026-03-23,2026-03-23,2026-03-23,2026-03-23,2.4
000688,2025-11-10,2025-11-10,2025-11-10,2025-11-10,2025-11-10,2.1
000694,2026-09-01,2026-09-01,2026-09-01,2026-09-01,2026-09-01,1.5
000697,2025-10-07,2025-10-07,2025-10-07,2025-10-07,2025-10-07,1.9
000700,2025-10-24,2025-10-24,2025-10-24,2025-10-24,2025-10-24,1.8
000703,2026-01-25,2026-01-25,2026-01-25,2026-01-25,2026-01-25,2.0
000706,2026-03-11,2026-03-11,2026-03-11,2026-03-11,2026-03-11,1.5
000709,2025-10-14,2025-10-14,2025-10-14,2025-10-14,2025-10-14,2.6
000712,2025-11-20,2025-11-20,2025-11-20,2025-11-20,2025-11-20,2.1
000715,2026-06-26,2026-06-26,2026-06-26,2026-06-26,2026-06-26,2.1
000718,2026-01-17,2026-01-17,2026-01-17,2026-01-17,2026-01-17,1.6
000721,2026-12-17,2026-12-17,2026-12-17,2026-12-17,2026-12-17,1.9
000724,2026-05-20,2026-05-20,2026-05-20,2026-05-20,2026-05-20,2.8
000727,2026-06-22,2026-06-22,2026-06-22,2026-06-22,2026-06-22,2.3
000730,2026-02-26,2026-02-26,2026-02-26,2026-02-26,2026-02-26,1.7
000733,2026-03-24,2026-03-NONE,2026-03-NONE,2026-03-NONE,2026-03-NONE,3.1
000736,2026-12-17,2026-12-17,2026-12-17,2026-12-17,2026-12-17,2.3
000740,2026-07-23,2026-07-23,2026-07-23,2026-07-23,2026-07-23,2.9
000744,2027-08-18,2027-08-18,2027-08-18,2027-08-18,2027-08-18,2.4
000747,2026-06-22,2026-06-22,2026-06-22,2026-06-22,2026-06-22,1.8
000750,2026-01-06,2026-01-06,2026-01-06,2026-01-06,2026-01-06,2.8
000753,2026-03-18,2023-01-21,2023-01-21,2023-01-21,2023-01-21,5.8
000756,2027-02-24,2027-02-24,2027-02-24,2027-02-24,2027-02-24,2.4
000759,2026-05-14,2026-05-14,2026-05-14,2026-05-14,2026-05-14,2.2
000762,2026-08-02,2026-08-02,2026-08-02,2026-08-02,2026-08-02,1.5
000765,2025-11-21,NONE,NONE,NONE,NONE,12.4
000768,2026-06-26,2026-06-26,2026-06-26,2026-06-26,2026-06-26,4.0
000771,2019-11-26,NONE-12-31,NONE-12-31,NONE-12-31,NONE-12-31,4.7
000775,2025-12-17,2025-12-17,2025-12-17,2025-12-17,2025-12-17,2.2
000778,2026-06-22,2026-06-22,2026-06-22,2026-06-22,2026-06-22,3.3
000781,2026-10-02,2026-10-02,2026-10-02,2026-10-02,2026-10-02,1.6
000784,2027-05-22,NONE,NONE,NONE,NONE,13.2
000788,NONE-12-21,NONE-12-21,NONE-12-21,NONE-12-21,NONE-12-21,5.9
000791,2026-06-30,2026-06-30,2026-06-30,2026-06-30,2026-06-30,4.3
000794,2026-10-27,2026-10-27,2026-10-27,2026-10-27,2026-10-27,1.7
000800,2026-08-12,2026-08-12,2026-08-12,2026-08-12,2026-08-12,2.7
000803,2026-09-13,2026-09-13,2026-09-13,2026-09-13,2026-09-13,1.9
000806,2026-10-02,2026-10-02,2026-10-02,2026-10-02,2026-10-02,2.0
000809,2026-08-30,2026-08-30,2026-08-30,2026-08-30,2026-08-30,1.7
000812,2026-05-29,2026-05-29,2026-05-29,2026-05-29,2026-05-29,1.9
000815,2026-06-22,2026-06-22,2026-06-22,2026-06-22,2026-06-22,1.2
000818,2026-05-12,NONE,NONE,NONE,NONE,14.8
000821,2026-02-02,2026-02-02,2026-02-02,2026-02-02,2026-02-02,2.1
000825,2026-06-22,2026-06-22,2026-06-22,2026-06-22,2026-06-22,3.9
000828,NONE-12-21,NONE-12-21,NONE-12-21,NONE-12-21,NONE-12-21,2.9
000832,2026-07-16,2025-07-15,2025-07-15,2025-07-15,2025-07-15,3.9
000835,2026-02-02,2026-02-02,2026-02-02,2026-02-02,2026-02-02,1.9
000838,2026-02-21,2026-02-21,2026-02-21,2026-02-21,2026-02-21,2.3
000842,2026-07-03,2026-07-03,2026-07-03,2026-07-03,2026-07-03,3.1
000845,2026-06-17,2026-06-17,2026-06-17,2026-06-17,2026-06-17,2.4
000848,2026-05-21,2021-05-20,2021-05-20,2021-05-20,2021-05-20,13.9
000852,2026-08-14,2025-08-14,2025-08-14,2026-08-14,2026-08-14,6.4
000856,2026-06-03,2026-06-03,2026-06-03,2026-06-03,2026-06-03,7.7
000859,2021-10-28,NONE,NONE,NONE,NONE,20.0
000862,2021-10-22,NONE,NONE,NONE,NONE,28.9
000866,2021-09-25,2021-09-25,2021-09-25,2021-09-25,2021-09-25,3.1
000870,2021-10-15,2021-10-15,2021-10-15,2021-10-15,2021-10-15,3.6
000873,2021-02-26,2021-02-26,2021-02-26,2021-02-26,2021-02-26,3.5
000876,2021-07-01,2021-07-01,2021-07-01,2021-07-01,2021-07-01,1.7
000879,2021-05-11,2021-05-11,2021-05-11,2021-05-11,2021-05-11,10.4
000883,2021-07-03,2021-01-04,2021-01-04,2021-01-04,2021-01-04,3.1
000887,2021-12-04,2021-01-02,2021-01-02,2021-12-04,2021-12-04,10.5
000890,2021-04-05,2021-04-05,2021-04-05,2021-04-05,2021-04-05,2.3
000893,2022-02-07,2022-02-07,2022-02-07,2022-02-07,2022-02-07,5.3
000896,2023-02-15,2023-02-15,2023-02-15,2023-02-15,2023-02-15,4.7
000899,2022-09-02,2022-09-02,2022-09-02,2022-09-02,2022-09-02,10.3
000902,2021-11-01,2021-11-01,2021-11-01,2021-11-01,2021-11-01,4.3
000905,2022-01-NONE,2022-01-NONE,2022-01-NONE,2022-01-NONE,2022-01-NONE,5.5
000908,2022-01-NONE,2022-01-NONE,2022-01-NONE,2022-01-NONE,2022-01-NONE,2.7
000911,2022-05-05,2022-05-05,2022-05-05,2022-05-05,2022-05-05,3.4
000914,2021-07-21,2021-07-21,2021-07-21,2021-07-21,2021-07-21,2.8
000917,2022-06-06,2022-06-06,2022-06-06,2022-06-06,2022-06-06,3.9
000920,2022-03-11,2022-03-11,2022-03-11,2022-03-11,2022-03-11,3.5
000923,NONE-02-01,2020-01-02,2020-01-02,2020-01-02,2020-01-02,2.6
000926,2021-06-10,2021-06-10,2021-06-10,2021-06-10,2021-06-10,1.4
000929,2022-03-13,2022-03-13,2022-03-13,2022-03-13,2022-03-13,2.6
000932,2021-05-26,2021-05-26,2021-05-26,2021-05-26,2021-05-26,2.0
000938,2022-06-11,2022-06-11,2022-06-11,2022-06-11,2022-06-11,2.6
000941,2021-07-02,2021-07-02,2021-07-02,2021-07-02,2021-07-02,2.1
000946,2021-09-30,2021-09-30,2021-09-30,2021-09-30,2021-09-30,1.6
000951,2021-04-05,2021-04-05,2021-04-05,2021-04-05,2021-04-05,1.4
000956,2022-01-25,2022-01-25,2022-01-25,2022-01-25,2022-01-25,1.9
000961,2023-10-21,2023-10-21,2023-10-21,2023-10-21,2023-10-21,3.2
000964,2023-11-14,2023-11-14,2023-11-14,2023-11-14,2023-11-14,3.5
000968,2022-10-17,2022-10-NONE,2022-10-NONE,2022-10-NONE,2022-10-NONE,3.0
000971,2021-11-11,2021-11-11,2021-11-11,2021-11-11,2021-11-11,4.4
000974,2022-12-02,NONE,NONE,NONE,NONE,7.8
000977,2021-11-03,2020-11-03,2020-11-03,2020-11-03,2020-11-03,6.1
000982,2022-02-15,NONE,NONE,NONE,NONE,16.2
000985,2021-12-28,2021-12-28,2021-12-28,2021-12-28,2021-12-28,2.1
000988,2021-12-28,2021-12-28,2021-12-28,2021-12-28,2021-12-28,2.2
000991,2021-03-04,NONE,NONE,NONE,NONE,36.1
000994,NONE-02-18,NONE,NONE,NONE,NONE,18.1
000997,NONE-02-19,NONE,NONE,NONE,NONE,7.9
001002,2022-08-24,2022-08-NONE,2022-08-NONE,2022-08-NONE,2022-08-NONE,5.4
001005,2020-08-10,2020-08-10,2020-08-10,2020-08-10,2020-08-10,9.2
001010,2021-08-09,2021-08-09,2021-08-09,2021-08-09,2021-08-09,3.1
001015,2022-01-11,2022-01-11,2022-01-11,2022-01-11,2022-01-11,3.0
001018,2021-05-15,NONE,NONE,NONE,NONE,16.0
001021,2021-06-28,2021-06-28,2021-06-28,2021-06-28,2021-06-28,3.4
001024,2021-07-13,2021-07-13,2021-07-13,2021-07-13,2021-07-13,3.2
001027,2020-09-08,2020-09-08,2020-09-08,2020-09-08,2020-09-08,1.8
001032,2019-07-16,2019-07-16,2019-07-16,2019-07-16,2019-07-16,2.1
001037,2021-03-18,2021-03-18,2021-03-18,2021-03-18,2021-03-18,3.8
001040,2022-04-15,2022-04-15,2022-04-15,2022-04-15,2022-04-15,2.6
001043,2021-09-13,2021-09-13,2021-09-13,2021-09-13,2021-09-13,1.6
001046,2021-10-07,2021-10-07,2021-10-07,2021-10-07,2021-10-07,3.2
001049,2022-01-06,2022-01-06,2022-01-06,2022-01-06,2022-01-06,2.1
001052,2022-12-20,2022-12-20,2022-12-20,2022-12-20,2022-12-20,3.5
001055,2022-08-10,2022-08-10,2022-08-10,2022-08-10,2022-08-10,2.1
001058,2021-10-14,2021-10-14,2021-10-14,2021-10-14,2021-10-14,1.1
001064,2022-01-04,2022-01-04,2022-01-04,2022-01-04,2022-01-04,3.6
001067,2021-12-06,2021-01-12,2021-01-12,2021-12-06,2021-12-06,2.0
001070,NONE-01-24,NONE-01-24,NONE-01-24,NONE-01-24,NONE-01-24,2.6
001073,2023-09-18,2023-09-18,2023-09-18,2023-09-18,2023-09-18,2.9
001076,2021-07-31,2031-07-21,2031-07-21,2031-07-21,2031-07-21,2.0
001079,2023-09-24,2023-09-24,2023-09-24,2023-09-24,2023-09-24,1.4
001082,2021-06-17,2021-06-17,2021-06-17,2021-06-17,2021-06-17,3.1
001085,2023-10-09,2023-10-09,2023-10-09,2023-10-09,2023-10-09,4.3
001088,2022-06-14,2022-06-14,2022-06-14,2022-06-14,2022-06-14,1.7
001093,2021-05-25,2021-05-25,2021-05-25,2021-05-25,2021-05-25,3.6
001106,2021-03-27,2021-03-27,2021-03-27,2021-03-27,2021-03-27,3.9
001109,2021-03-22,2021-03-22,2021-03-22,2021-03-22,2021-03-22,3.6
001112,2022-07-12,2022-07-12,2022-07-12,2022-07-12,2022-07-12,3.7
001115,2022-01-12,2022-01-12,2022-01-12,2022-01-12,2022-01-12,4.7
001118,2022-01-20,2022-01-20,2022-01-20,2022-01-20,2022-01-20,3.8
001121,2023-01-10,2023-01-10,2023-01-10,2023-01-10,2023-01-10,10.2
001124,2021-10-09,2021-10-09,2021-10-09,2021-10-09,2021-10-09,6.1
001130,NONE-02-12,2020-08-07,2020-08-07,2020-08-07,2020-08-07,33.9
001135,2022-09-24,2022-09-24,2022-09-24,2022-09-24,2022-09-24,2.8
001138,2021-10-23,2021-10-23,2021-10-23,2021-10-23,2021-10-23,1.7
001142,2021-06-28,2021-06-28,2021-06-28,2021-06-28,2021-06-28,3.7
001145,2021-05-25,2021-05-25,2021-05-25,2021-05-25,2021-05-25,2.9
001150,2021-09-18,2021-09-18,2021-09-18,2021-09-18,2021-09-18,3.3
001153,2021-10-31,2021-10-31,2021-10-31,2021-10-31,2021-10-31,5.4
001156,2021-02-07,2021-02-07,2021-02-07,2021-02-07,2021-02-07,4.2
001159,2021-08-10,2021-08-10,2021-08-10,2021-08-10,2021-08-10,3.0
001162,2021-12-06,2021-12-06,2021-12-06,2021-12-06,2021-12-06,3.2
001165,2021-03-01,2021-03-01,2021-03-01,2021-03-01,2021-03-01,4.3
001168,2021-08-31,2021-08-31,2021-08-31,2021-08-31,2021-08-31,3.5
001171,2022-01-18,2022-01-18,2022-01-18,2022-01-18,2022-01-18,2.8
001174,2021-03-14,2021-03-14,2021-03-14,2021-03-14,2021-03-14,5.7
001177,2021-12-01,NONE,NONE,NONE,NONE,18.1
001180,2023-09-01,NONE,NONE,NONE,NONE,8.4
001183,2021-10-08,2021-10-08,2021-10-08,2021-10-08,2021-10-08,1.6
001188,2020-04-23,2020-04-23,2020-04-23,2020-04-23,2020-04-23,8.9
001195,2021-10-18,2021-10-18,2021-10-18,2021-10-18,2021-10-18,6.2
001198,2021-10-10,2021-10-10,2021-10-10,2021-10-10,2021-10-10,2.8
001203,2023-02-28,2023-02-28,2023-02-28,2023-02-28,2023-02-28,3.4
001206,2021-05-NONE,NONE-05-21,NONE-05-21,NONE-05-21,NONE-05-21,3.3
001209,2021-08-03,2021-08-03,2021-08-03,2021-08-03,2021-08-03,1.3
001212,2021-07-03,2021-07-03,2021-07-03,2021-07-03,2021-07-03,3.1
001215,2021-06-13,2021-06-13,2021-06-13,2021-06-13,2021-06-13,11.3
001218,2022-05-30,2022-05-30,2022-05-30,2022-05-30,2022-05-30,2.6
001221,2021-11-10,2021-11-10,2021-11-10,2021-11-10,2021-11-10,3.6
001224,2021-04-11,2021-04-11,2021-04-11,2021-04-11,2021-04-11,2.8
001231,2021-05-05,2021-05-05,2021-05-05,2021-05-05,2021-05-05,2.1
001234,2021-03-09,2021-03-09,2021-03-09,2021-03-09,2021-03-09,2.3
001238,NONE-01-31,NONE-01-31,NONE-01-31,NONE-01-31,NONE-01-31,17.8
001241,2022-06-13,2022-06-01,2022-06-01,2022-06-01,2022-06-01,1.9
001244,2023-12-31,2023-12-31,2023-12-31,2023-12-31,2023-12-31,3.1
001249,2021-07-15,2021-07-15,2021-07-15,2021-07-15,2021-07-15,8.1
001254,2019-09-13,2019-09-13,2019-09-13,2019-09-13,2019-09-13,2.5
001257,2023-07-03,NONE,NONE,NONE,NONE,8.5
001260,2021-08-30,2021-08-30,2021-08-30,2021-08-30,2021-08-30,11.1
001263,2022-12-03,2022-12-03,2022-12-03,2022-12-03,2022-12-03,4.0
001266,2022-06-NONE,2022-06-NONE,2022-06-NONE,2022-06-NONE,2022-06-NONE,2.8
001270,2021-10-11,2021-10-11,2021-10-11,2021-10-11,2021-10-11,2.4
001273,2022-06-17,2022-06-17,2022-06-17,2022-06-17,2022-06-17,5.5
001276,2021-11-04,2021-11-04,2021-11-04,2021-11-04,2021-11-04,3.0
001280,2022-10-09,2022-10-09,2022-10-09,2022-10-09,2022-10-09,2.5
001283,2022-04-23,2022-04-23,2022-04-23,2022-04-23,2022-04-23,1.9
001286,2022-11-21,2022-11-21,2022-11-21,2022-11-21,2022-11-21,5.5
001289,2024-11-21,2024-11-21,2024-11-21,2024-11-21,2024-11-21,2.3
001293,2020-09-21,2020-09-NONE,2020-09-NONE,2020-09-NONE,2020-09-NONE,6.0
001296,2023-11-NONE,2023-11-NONE,2023-11-NONE,2023-11-NONE,2023-11-NONE,13.2
001299,2021-07-28,2021-07-28,2021-07-28,2021-07-28,2021-07-28,5.4
001304,2021-04-12,2021-04-12,2021-04-12,2021-04-12,2021-04-12,2.1
001307,2022-11-06,2022-11-06,2022-11-06,2022-11-06,2022-11-06,3.1
001310,2021-04-20,2021-04-30,2021-04-30,2021-04-30,2021-04-30,4.7
001313,2022-01-15,NONE,NONE,NONE,NONE,57.9
001316,2021-12-09,2021-12-09,2021-12-09,2021-12-09,2021-12-09,4.2
001321,2022-02-15,2022-02-15,2022-02-15,2022-02-15,2022-02-15,26.3
001326,2021-07-19,2021-07-19,2021-07-19,2021-07-19,2021-07-19,14.7
001329,2021-06-26,2021-06-26,2021-06-26,2021-06-26,2021-06-26,5.5
001332,2021-12-NONE,2021-12-NONE,2021-12-NONE,2021-12-NONE,2021-12-NONE,3.0
001335,2021-10-26,2021-10-26,2021-10-26,2021-10-26,2021-10-26,10.0
001338,2021-06-08,2021-06-08,2021-06-08,2021-06-08,2021-06-08,11.3
001343,2021-09-10,2021-09-10,2021-09-10,2021-09-10,2021-09-10,9.2
001346,2021-08-27,2021-08-27,2021-08-27,2021-08-27,2021-08-27,10.7
001349,2021-08-21,2021-08-21,2021-08-21,2021-08-21,2021-08-21,3.0
001352,2022-06-27,2022-06-27,2022-06-27,2022-06-27,2022-06-27,5.0
001355,2021-07-22,2021-07-22,2021-07-22,2021-07-22,2021-07-22,6.4
001359,2020-12-NONE,2020-12-NONE,2020-12-NONE,2020-12-NONE,2020-12-NONE,7.6
001362,2021-04-NONE,2021-10-13,2021-10-13,2021-10-13,2021-10-13,10.0
001365,2022-11-01,2022-11-01,2022-11-01,2022-11-01,2022-11-01,7.5
001370,2021-12-03,2021-12-03,2021-12-03,2021-12-03,2021-12-03,3.0
001373,2022-03-07,2022-03-07,2022-03-07,2022-03-07,2022-03-07,4.3
001376,2021-12-02,2021-12-02,2021-12-02,2021-12-02,2021-12-02,3.8
001379,NONE,2021-01-22,2021-01-22,2021-01-22,2021-01-22,3.4
001382,2023-01-05,2023-01-05,2023-01-05,2023-01-05,2023-01-05,7.5
001385,2018-09-NONE,NONE,NONE,NONE,NONE,20.8
001388,2021-07-17,2021-07-NONE,2021-07-NONE,2021-07-NONE,2021-07-NONE,15.1
001391,2021-02-25,2021-12-01,2021-12-01,2021-12-01,2021-12-01,5.2
001394,2021-09-01,NONE-11-08,NONE-11-08,NONE-11-08,NONE-11-08,17.2
001397,2022-11-01,2022-11-01,2022-11-01,2022-11-01,2022-11-01,3.6
001400,2022-01-29,NONE,NONE,NONE,NONE,64.9
001403,2020-09-29,2020-07-04,2020-07-04,2020-07-04,2020-07-04,8.7
001406,2021-07-31,2031-07-21,2031-07-21,2031-07-21,2031-07-21,2.3
001409,2021-12-16,2021-12-16,2021-12-16,2021-12-16,2021-12-16,7.5
001412,2022-09-06,2022-09-06,2022-09-06,2022-09-06,2022-09-06,16.7
001416,2021-11-05,2021-11-05,2021-11-05,2021-11-05,2021-11-05,3.2
001419,2021-07-18,2021-07-18,2021-07-18,2021-07-18,2021-07-18,3.7
001422,2021-11-NONE,2021-11-NONE,2021-11-NONE,2021-11-NONE,2021-11-NONE,6.2
001427,2020-08-12,2020-08-12,2020-08-12,2020-08-12,2020-08-12,4.7
001430,2021-01-23,2021-01-01,2021-01-01,2021-01-01,2021-01-01,4.1
001433,2021-09-29,2021-09-29,2021-09-29,2021-09-29,2021-09-29,2.4
001436,2021-09-20,2021-09-20,2021-09-20,2021-09-20,2021-09-20,3.2
001439,2021-09-03,2021-09-03,2021-09-03,2021-09-03,2021-09-03,4.7
001442,2021-06-24,2021-06-24,2021-06-24,2021-06-24,2021-06-24,9.6
001445,2021-10-28,2021-10-28,2021-10-28,2021-10-28,2021-10-28,3.1
001448,2022-07-22,2022-07-22,2022-07-22,2022-07-22,2022-07-22,9.7
001451,2022-04-26,2022-04-26,2022-04-26,2022-04-26,2022-04-26,5.9
001454,2022-04-02,2022-04-02,2022-04-02,2022-04-02,2022-04-02,7.7
001457,2022-06-28,2022-06-28,2022-06-28,2022-06-28,2022-06-28,7.2
001460,2022-11-18,2022-11-18,2022-11-18,2022-11-18,2022-11-18,4.7
001463,2021-11-17,2021-11-17,2021-11-17,2021-11-17,2021-11-17,5.5
001466,2020-11-03,2020-01-03,2020-01-03,2020-01-03,2020-01-03,26.9
001469,2022-12-03,2022-12-03,2022-12-03,2022-12-03,2022-12-03,8.1
001472,2022-02-17,2022-02-17,2022-02-17,2022-02-17,2022-02-17,4.9
001475,2022-07-10,2022-07-10,2022-07-10,2022-07-10,2022-07-10,2.0
001480,NONE,2020-12-18,2020-12-18,2020-12-18,2020-12-18,6.8
001483,2021-02-06,2021-02-06,2021-02-06,2021-02-06,2021-02-06,4.9
001486,2022-12-08,2022-12-08,2022-12-08,2022-12-08,2022-12-08,4.5
001489,2021-07-12,2021-07-12,2021-07-12,2021-07-12,2021-07-12,2.2
001493,2023-08-17,2023-08-17,2023-08-17,2023-08-17,2023-08-17,38.5
001496,2022-09-18,2022-09-18,2022-09-18,2022-09-18,2022-09-18,6.7
001499,2021-06-30,2021-06-30,2021-06-30,2021-06-30,2021-06-30,7.4
001502,2021-06-24,2021-06-24,2021-06-24,2021-06-24,2021-06-24,3.2
001505,2021-01-27,2021-01-27,2021-01-27,2021-01-27,2021-01-27,8.5
001508,2021-10-19,2021-10-19,2021-10-19,2021-10-19,2021-10-19,3.8
001511,2023-12-01,NONE-03-22,NONE-03-22,NONE-03-22,NONE-03-22,15.8
001514,2022-08-16,2022-08-16,2022-08-16,2022-08-16,2022-08-16,2.9
001517,2021-11-19,2021-11-19,2021-11-19,2021-11-19,2021-11-19,6.3
001520,2021-07-08,2021-07-10,2021-07-10,2021-07-10,2021-07-10,16.3
001525,2021-06-25,2021-06-25,2021-06-25,2021-06-25,2021-06-25,6.9
001528,2021-06-25,2021-06-25,2021-06-25,2021-06-25,2021-06-25,3.5
001531,2022-06-06,2022-06-06,2022-06-06,2022-06-06,2022-06-06,3.7
001534,2022-07-11,2022-07-11,2022-07-11,2022-07-11,2022-07-11,3.7
001538,2022-01-18,2022-01-18,2022-01-18,2022-01-18,2022-01-18,5.1
001543,2022-01-22,2022-01-22,2022-01-22,2022-01-22,2022-01-22,3.5
001546,2021-07-04,2021-07-04,2021-07-04,2021-07-04,2021-07-04,4.8
001550,2021-08-25,NONE,NONE,NONE,NONE,26.4
001553,NONE-02-19,NONE-02-19,NONE-02-19,NONE-02-19,NONE-02-19,8.8
001558,2021-12-24,2024-12-21,2024-12-21,2024-12-21,2024-12-21,2.9
001561,2022-06-11,2022-06-11,2022-06-11,2022-06-11,2022-06-11,2.0
001566,2020-04-23,2020-04-23,2020-04-23,2020-04-23,2020-04-23,4.1
001569,2021-11-30,2021-11-30,2021-11-30,2021-11-30,2021-11-30,3.6
001572,2021-06-11,2021-06-11,2021-06-11,2021-06-11,2021-06-11,2.1
001575,2022-03-27,2022-03-22,2022-03-22,2022-03-22,2022-03-22,1.9
001578,2022-11-05,2022-11-05,2022-11-05,2022-11-05,2022-11-05,4.3
001581,2021-11-05,2021-11-05,2021-11-05,2021-11-05,2021-11-05,2.3
001584,2021-12-15,2021-12-15,2021-12-15,2021-12-15,2021-12-15,6.6
001587,2021-04-20,2021-04-27,2021-04-27,2021-04-27,2021-04-27,1.7
001590,2021-02-18,2021-02-18,2021-02-18,2021-02-18,2021-02-18,7.2
001593,2022-01-05,2022-01-05,2022-01-05,2022-01-05,2022-01-05,2.4
001599,2021-02-15,2021-02-15,2021-02-15,2021-02-15,2021-02-15,2.3
001602,2021-02-11,2021-02-11,2021-02-11,2021-02-11,2021-02-11,1.8
001605,2021-03-06,2021-03-06,2021-03-06,2021-03-06,2021-03-06,5.3
001608,2021-06-29,2021-06-29,2021-06-29,2021-06-29,2021-06-29,1.6
001611,2021-02-12,2021-02-12,2021-02-12,2021-02-12,2021-02-12,3.0
001614,2020-09-03,2020-09-03,2020-09-03,2020-09-03,2020-09-03,4.1
001617,2021-12-15,2021-12-15,2021-12-15,2021-12-15,2021-12-15,2.9
001620,2022-07-19,2022-07-19,2022-07-19,2022-07-19,2022-07-19,2.3
001623,2022-01-14,2022-01-14,2022-01-14,2022-01-14,2022-01-14,1.5
001626,2021-07-03,2021-07-03,2021-07-03,2021-07-03,2021-07-03,1.8
001629,2021-07-23,2021-07-23,2021-07-23,2021-07-23,2021-07-23,3.1
001632,2021-11-27,2021-11-27,2021-11-27,2021-11-27,2021-11-27,5.3
001635,2021-12-22,2021-12-22,2021-12-22,2021-12-22,2021-12-22,2.8
001639,2021-02-28,2021-02-28,2021-02-28,2021-02-28,2021-02-28,3.1
001642,2022-03-19,2022-03-19,2022-03-19,2022-03-19,2022-03-19,2.2
001645,2021-10-12,2021-10-12,2021-10-12,2021-10-12,2021-10-12,2.2
001648,2021-12-14,2021-12-14,2021-12-14,2021-12-14,2021-12-14,2.8
001651,2021-03-09,2021-03-09,2021-03-09,2021-03-09,2021-03-09,3.6
001654,2019-08-19,2019-08-19,2019-08-19,2019-08-19,2019-08-19,3.3
001657,2021-01-16,2021-01-16,2021-01-16,2021-01-16,2021-01-16,2.7
001660,2022-10-05,2022-10-05,2022-10-05,2022-10-05,2022-10-05,5.9
001663,2020-08-29,2020-08-29,2020-08-29,2020-08-29,2020-08-29,4.2
001666,2021-01-28,2021-01-28,2021-01-28,2021-01-28,2021-01-28,2.2
001669,2021-02-08,2021-02-08,2021-02-08,2021-02-08,2021-02-08,2.9
001674,2021-07-18,2021-07-18,2021-07-18,2021-07-18,2021-07-18,4.0
001677,2021-11-28,2021-11-28,2021-11-28,2021-11-28,2021-11-28,3.9
001682,2022-10-22,2022-10-22,2022-10-22,2022-10-22,2022-10-22,4.3
001686,2020-11-27,2020-11-27,2020-11-27,2020-11-27,2020-11-27,4.5
001689,2021-06-22,NONE,NONE,NONE,NONE,9.4
001692,2021-07-03,2021-07-03,2021-07-03,2021-07-03,2021-07-03,2.0
001695,2022-07-01,2022-07-01,2022-07-01,2022-07-01,2022-07-01,1.7
001698,2021-12-22,2021-12-22,2021-12-22,2021-12-22,2021-12-22,2.6
001701,2021-10-27,2021-10-27,2021-10-27,2021-10-27,2021-10-27,3.5
001704,2021-07-16,2021-07-16,2021-07-16,2021-07-16,2021-07-16,2.9
001707,2021-05-02,2021-05-02,2021-05-02,2021-05-02,2021-05-02,2.9
001713,2021-09-08,2021-09-08,2021-09-08,2021-09-08,2021-09-08,12.4
001716,2021-02-07,2021-02-07,2021-02-07,2021-02-07,2021-02-07,2.4
001719,2021-03-11,2021-03-11,2021-03-11,2021-03-11,2021-03-11,4.8
001724,2021-05-13,2021-05-13,2021-05-13,2021-05-13,2021-05-13,3.4
001727,2021-02-08,2021-02-08,2021-02-08,2021-02-08,2021-02-08,6.2
001730,2021-10-02,2021-10-02,2021-10-02,2021-10-02,2021-10-02,1.8
001733,2022-11-18,2022-11-18,2022-11-18,2022-11-18,2022-11-18,2.5
001736,2021-02-08,2021-02-08,2021-02-08,2021-02-08,2021-02-08,1.5
001739,2022-01-05,2022-01-05,2022-01-05,2022-01-05,2022-01-05,1.9
001742,2021-10-26,2021-10-26,2021-10-26,2021-10-26,2021-10-26,3.2
001750,2021-06-28,2021-06-28,2021-06-28,2021-06-28,2021-06-28,7.2
001753,2022-01-10,2022-01-10,2022-01-10,2022-01-10,2022-01-10,2.0
001757,2023-03-09,2023-03-09,2023-03-09,2023-03-09,2023-03-09,3.6
001760,2021-04-24,2021-04-24,2021-04-24,2021-04-24,2021-04-24,6.7
001763,2021-12-23,2021-12-23,2021-12-23,2021-12-23,2021-12-23,2.5
001766,2021-09-10,2021-09-10,2021-09-10,2021-09-10,2021-09-10,4.2
001773,2020-08-07,2020-08-07,2020-08-07,2020-08-07,2020-08-07,3.1
001776,2021-04-05,2021-04-02,2021-04-02,2021-04-02,2021-04-02,3.7
001779,2021-04-09,2021-04-09,2021-04-09,2021-04-09,2021-04-09,2.2
001784,2021-06-13,2021-06-13,2021-06-13,2021-06-13,2021-06-13,1.7
001787,2020-12-NONE,NONE-12-20,NONE-12-20,NONE-12-20,NONE-12-20,2.6
001790,2021-01-16,2021-01-16,2021-01-16,2021-01-16,2021-01-16,1.6
001793,2021-11-07,2021-11-07,2021-11-07,2021-11-07,2021-11-07,2.6
001796,2021-01-27,2021-01-27,2021-01-27,2021-01-27,2021-01-27,1.7
001800,2021-01-14,2021-01-14,2021-01-14,2021-01-14,2021-01-14,3.4
001803,2021-01-15,2021-01-15,2021-01-15,2021-01-15,2021-01-15,2.1
001810,2023-10-22,2023-10-22,2023-10-22,2023-10-22,2023-10-22,1.3
001815,2022-06-07,2020-02-06,2020-02-06,2022-06-07,2022-06-07,9.7
001820,2020-09-01,2020-09-01,2020-09-01,2020-09-01,2020-09-01,4.0
001823,2021-06-09,2021-06-09,2021-06-09,2021-06-09,2021-06-09,2.8
001826,2021-09-19,2021-09-19,2021-09-19,2021-09-19,2021-09-19,2.4
001829,2021-03-07,2021-03-07,2021-03-07,2021-03-07,2021-03-07,6.4
001833,2022-09-02,NONE,NONE,NONE,NONE,8.4
001836,2021-10-02,2021-10-02,2021-10-02,2021-10-02,2021-10-02,2.8
001839,2021-10-15,2021-10-15,2021-10-15,2021-10-15,2021-10-15,1.7
001842,2021-05-NONE,2021-05-NONE,2021-05-NONE,2021-05-NONE,2021-05-NONE,2.2
001845,2021-11-23,2021-11-23,2021-11-23,2021-11-23,2021-11-23,2.4
001848,2021-11-18,2021-11-18,2021-11-18,2021-11-18,2021-11-18,2.4
001851,2021-12-16,2021-12-16,2021-12-16,2021-12-16,2021-12-16,2.3
001854,2022-01-18,2022-12-10,2022-12-10,2022-12-10,2022-12-10,6.2
001857,2022-07-17,2022-07-17,2022-07-17,2022-07-17,2022-07-17,4.6
001860,2022-07-06,2030-10-05,2030-10-05,2030-10-05,2030-10-05,7.5
001863,2023-08-04,2023-08-04,2023-08-04,2023-08-04,2023-08-04,2.6
001866,2021-09-17,2021-09-17,2021-09-17,2021-09-17,2021-09-17,1.6
001872,2022-10-14,2022-10-14,2022-10-14,2022-10-14,2022-10-14,2.5
001875,2022-10-21,2021-12-01,2021-12-01,2022-10-21,2022-10-21,2.6
001878,2021-11-03,2021-01-03,2021-01-03,2021-01-03,2021-01-03,2.3
001881,2021-06-20,2021-06-20,2021-06-20,2021-06-20,2021-06-20,1.8
001884,2021-09-09,2021-09-11,2021-09-11,2021-09-11,2021-09-11,3.3
001889,2021-08-31,2021-08-31,2021-08-31,2021-08-31,2021-08-31,4.0
001892,2022-05-22,2022-05-22,2022-05-22,2022-05-22,2022-05-22,2.4
001895,2021-03-17,2021-03-17,2021-03-17,2021-03-17,2021-03-17,2.8
001898,2021-05-29,2021-05-29,2021-05-29,2021-05-29,2021-05-29,2.0
001901,2021-10-28,2021-10-28,2021-10-28,2021-10-28,2021-10-28,1.9
001905,2022-01-15,2022-01-15,2022-01-15,2022-01-15,2022-01-15,3.2
001909,2021-12-29,2021-12-29,2021-12-29,2021-12-29,2021-12-29,10.0
001913,2021-09-14,2021-09-14,2021-09-14,2021-09-14,2021-09-14,4.0
001916,2021-06-24,2021-06-24,2021-06-24,2021-06-24,2021-06-24,3.0
001919,2023-12-20,2023-12-20,2023-12-20,2023-12-20,2023-12-20,4.8
001923,2022-06-14,2022-06-14,2022-06-14,2022-06-14,2022-06-14,3.9
001926,2021-04-27,2021-04-27,2021-04-27,2021-04-27,2021-04-27,1.9
001929,2022-01-14,2022-01-14,2022-01-14,2022-01-14,2022-01-14,1.6
001932,2022-01-22,2022-01-22,2022-01-22,2022-01-22,2022-01-22,1.9
001935,2022-03-29,2022-03-29,2022-03-29,2022-03-29,2022-03-29,2.7
001938,2021-03-NONE,2021-03-NONE,2021-03-NONE,2021-03-NONE,2021-03-NONE,3.5
001941,2022-05-27,2022-05-27,2022-05-27,2022-05-27,2022-05-27,2.6
001944,2023-09-29,NONE,NONE,NONE,NONE,14.3
001949,2023-07-16,2023-07-16,2023-07-16,2023-07-16,2023-07-16,3.0
001952,2022-09-16,2022-09-16,2022-09-16,2022-09-16,2022-09-16,3.1
001955,2021-10-NONE,2021-10-NONE,2021-10-NONE,2021-10-NONE,2021-10-NONE,5.9
001958,2020-11-13,2020-11-13,2020-11-13,2020-11-13,2020-11-13,3.9
001961,2027-03-21,2027-03-21,2027-03-21,2027-03-21,2027-03-21,2.2
001966,2023-10-12,2023-10-12,2023-10-12,2023-10-12,2023-10-12,1.8
001969,2021-08-NONE,2030-02-02,2030-02-02,2030-02-02,2030-02-02,11.3
001972,2023-03-15,2023-03-15,2023-03-15,2023-03-15,2023-03-15,2.7
001975,2021-02-26,2026-02-21,2026-02-21,2026-02-21,2026-02-21,3.5
001978,2020-11-04,2020-11-04,2020-11-04,2020-11-04,2020-11-04,1.6
001981,2022-10-15,2019-01-11,2019-01-11,2019-01-11,2019-01-11,2.6
001984,2022-01-19,2022-01-19,2022-01-19,2022-01-19,2022-01-19,2.9
001987,2021-12-28,NONE,NONE,NONE,NONE,25.9
001990,2022-11-23,2022-11-23,2022-11-23,2022-11-23,2022-11-23,3.9
001993,2021-10-29,2021-10-29,2021-10-29,2021-10-29,2021-10-29,4.5
001996,2021-12-18,2021-12-18,2021-12-18,2021-12-18,2021-12-18,2.1
001999,2021-04-24,2021-04-24,2021-04-24,2021-04-24,2021-04-24,4.6
002002,2022-01-27,2022-01-27,2022-01-27,2022-01-27,2022-01-27,1.9
002005,2022-07-27,2022-07-27,2022-07-27,2022-07-27,2022-07-27,1.8
002008,2022-01-14,2029-12-NONE,2029-12-NONE,2029-12-NONE,2029-12-NONE,3.9
002011,2020-06-30,NONE,NONE,NONE,NONE,17.4
002014,2023-06-28,2023-06-28,2023-06-28,2023-06-28,2023-06-28,4.1
002017,2021-10-23,2021-10-23,2021-10-23,2021-10-23,2021-10-23,2.0
002020,2023-05-01,2023-05-01,2023-05-01,2023-05-01,2023-05-01,2.6
002023,2020-11-10,2020-11-10,2020-11-10,2020-11-10,2020-11-10,2.0
002026,NONE,2020-01-03,2020-01-03,2020-01-03,2020-01-03,3.6
002029,2020-11-22,2020-11-22,2020-11-22,2020-11-22,2020-11-22,2.5
002032,2022-03-22,2022-03-22,2022-03-22,2022-03-22,2022-03-22,3.8
002035,2017-12-20,2017-12-20,2017-12-20,2017-12-20,2017-12-20,1.8
002038,2020-11-26,2020-11-26,2020-11-26,2020-11-26,2020-11-26,4.1
002041,2020-08-27,2020-08-27,2020-08-27,2020-08-27,2020-08-27,5.3
002044,2019-12-20,2019-12-20,2019-12-20,2019-12-20,2019-12-20,2.3
002047,2021-07-31,2021-07-31,2021-07-31,2021-07-31,2021-07-31,2.5
002050,2021-03-25,2021-03-25,2021-03-25,2021-03-25,2021-03-25,7.9
002053,2020-08-11,2020-08-11,2020-08-11,2020-08-11,2020-08-11,4.2
002056,2021-12-17,2021-12-17,2021-12-17,2021-12-17,2021-12-17,1.5
002059,2022-06-22,2022-06-22,2022-06-22,2022-06-22,2022-06-22,3.9
002062,2023-02-NONE,2020-02-NONE,2020-02-NONE,2023-02-NONE,2023-02-NONE,2.9
002065,2021-09-03,2021-09-03,2021-09-03,2021-09-03,2021-09-03,3.9
002070,2022-03-24,2022-03-24,2022-03-24,2022-03-24,2022-03-24,2.8
002073,2024-12-21,2024-12-21,2024-12-21,2024-12-21,2024-12-21,2.5
002076,2022-03-04,2022-03-04,2022-03-04,2022-03-04,2022-03-04,3.5
002079,2021-01-03,2021-01-03,2021-01-03,2021-01-03,2021-01-03,1.5
002084,2020-11-06,2020-03-13,2020-03-13,2020-11-06,2020-11-06,3.8
002087,2021-09-03,2021-09-03,2021-09-03,2021-09-03,2021-09-03,1.5
002090,2021-11-09,2021-11-09,2021-11-09,2021-11-09,2021-11-09,2.9
002093,2021-11-17,2021-11-17,2021-11-17,2021-11-17,2021-11-17,3.1
002096,2022-06-16,2022-06-16,2022-06-16,2022-06-16,2022-06-16,1.4
002099,2021-05-25,2021-05-25,2021-05-25,2021-05-25,2021-05-25,2.2
002102,2021-12-25,2021-02-11,2021-02-11,2021-12-19,2021-12-19,2.7
002105,2021-01-28,2021-01-28,2021-01-28,2021-01-28,2021-01-28,2.5
002108,2020-09-01,2020-09-01,2020-09-01,2020-09-01,2020-09-01,3.7
002111,2022-08-25,2022-08-25,2022-08-25,2022-08-25,2022-08-25,1.0
002114,2020-12-01,2020-12-01,2020-12-01,2020-12-01,2020-12-01,1.6
002117,2020-07-05,2020-07-05,2020-07-05,2020-07-05,2020-07-05,4.1
002120,2020-07-20,2020-07-20,2020-07-20,2020-07-20,2020-07-20,1.6
002123,2020-11-02,2020-11-02,2020-11-02,2020-11-02,2020-11-02,2.9
002126,2021-04-21,2021-04-02,2021-04-02,2021-04-02,2021-04-02,2.0
002129,2021-08-12,2021-08-12,2021-08-12,2021-08-12,2021-08-12,1.7
002132,2021-10-04,2021-10-04,2021-10-04,2021-10-04,2021-10-04,1.3
002135,2022-11-02,2022-11-02,2022-11-02,2022-11-02,2022-11-02,4.0
002138,2021-06-29,2021-06-29,2021-06-29,2021-06-29,2021-06-29,2.8
002141,2021-04-11,2021-04-11,2021-04-11,2021-04-11,2021-04-11,1.3
002144,2021-07-13,2021-07-13,2021-07-13,2021-07-13,2021-07-13,3.4
002147,2022-07-26,2022-07-02,2022-07-02,2022-07-02,2022-07-02,2.1
002150,2021-03-31,2021-03-31,2021-03-31,2021-03-31,2021-03-31,2.6
002155,2021-05-21,2021-05-21,2021-05-21,2021-05-21,2021-05-21,2.7
002158,NONE-04-13,NONE-04-13,NONE-04-13,NONE-04-13,NONE-04-13,3.9
002161,2021-04-08,2021-04-08,2021-04-08,2021-04-08,2021-04-08,20.1
002166,2021-04-12,2021-04-12,2021-04-12,2021-04-12,2021-04-12,2.0
002169,2020-01-15,2020-01-15,2020-01-15,2020-01-15,2020-01-15,2.9
002172,2020-06-24,2020-06-24,2020-06-24,2020-06-24,2020-06-24,3.9
002175,2021-09-05,2021-09-05,2021-09-05,2021-09-05,2021-09-05,1.7
002178,2022-05-19,2022-05-19,2022-05-19,2022-05-19,2022-05-19,2.5
002181,2018-12-04,2018-12-04,2018-12-04,2018-12-04,2018-12-04,5.0
002184,2020-09-25,2020-09-25,2020-09-25,2020-09-25,2020-09-25,3.4
002187,2020-06-10,2020-06-10,2020-06-10,2020-06-10,2020-06-10,2.0
002190,2022-02-04,NONE,NONE,NONE,NONE,7.1
002193,2020-06-10,2020-06-10,2020-06-10,2020-06-10,2020-06-10,1.5
002196,2021-10-28,2021-10-28,2021-10-28,2021-10-28,2021-10-28,2.3
002199,2021-08-05,2021-08-05,2021-08-05,2021-08-05,2021-08-05,1.6
002202,2020-10-08,2020-05-02,2020-05-02,2020-05-02,2020-05-02,5.5
002207,2020-06-11,2020-06-11,2020-06-11,2020-06-11,2020-06-11,10.2
002211,2020-09-22,2020-09-22,2020-09-22,2020-09-22,2020-09-22,6.5
002214,2020-10-16,2020-10-16,2020-10-16,2020-10-16,2020-10-16,7.1
002217,2023-05-NONE,2023-05-NONE,2023-05-NONE,2023-05-NONE,2023-05-NONE,3.0
002220,2019-09-30,2019-09-30,2019-09-30,2019-09-30,2019-09-30,3.5
002223,2021-02-07,2021-02-07,2021-02-07,2021-02-07,2021-02-07,7.6
002226,2023-03-03,2023-03-03,2023-03-03,2023-03-03,2023-03-03,25.1
002229,2023-03-28,2023-03-28,2023-03-28,2023-03-28,2023-03-28,2.0
002232,2022-12-20,2022-12-20,2022-12-20,2022-12-20,2022-12-20,1.8
002235,2022-02-22,2022-02-22,2022-02-22,2022-02-22,2022-02-22,2.7
002238,2022-06-30,2022-06-30,2022-06-30,2022-06-30,2022-06-30,3.2
002241,2021-05-26,NONE,NONE,NONE,NONE,11.2
002246,2021-07-22,2021-07-22,2021-07-22,2021-07-22,2021-07-22,1.9
002249,2021-10-20,2021-10-20,2021-10-20,2021-10-20,2021-10-20,3.9
002252,2022-01-04,2022-01-04,2022-01-04,2022-01-04,2022-01-04,5.6
002257,2021-04-30,2021-04-30,2021-04-30,2021-04-30,2021-04-30,1.9
002260,2022-12-15,2022-12-15,2022-12-15,2022-12-15,2022-12-15,2.1
002263,2021-12-01,2021-12-NONE,2021-12-NONE,2021-12-NONE,2021-12-NONE,2.3
002266,NONE-03-05,NONE-03-05,NONE-03-05,NONE-03-05,NONE-03-05,2.9
002269,2021-03-16,2021-03-16,2021-03-16,2021-03-16,2021-03-16,2.3
002272,2021-08-02,2021-08-02,2021-08-02,2021-08-02,2021-08-02,2.6
002277,2023-07-NONE,2025-07-NONE,2025-07-NONE,2025-07-NONE,2025-07-NONE,13.5
002280,2021-01-03,2021-01-03,2021-01-03,2021-01-03,2021-01-03,2.9
002285,2022-01-06,2021-01-07,2021-01-07,2021-01-07,2021-01-07,3.5
002288,2024-12-18,2021-12-18,2021-12-18,2021-12-18,2021-12-18,1.7
002291,2021-09-10,2021-09-10,2021-09-10,2021-09-10,2021-09-10,1.7
002294,2022-09-22,2022-09-22,2022-09-22,2022-09-22,2022-09-22,2.7
002297,2022-06-06,2022-06-06,2022-06-06,2022-06-06,2022-06-06,2.1
002300,2022-01-31,2022-01-31,2022-01-31,2022-01-31,2022-01-31,1.8
002303,2022-02-03,2022-02-03,2022-02-03,2022-02-03,2022-02-03,2.7
002306,2021-11-23,2021-11-23,2021-11-23,2021-11-23,2021-11-23,1.3
002311,2020-08-17,2020-08-17,2020-08-17,2020-08-17,2020-08-17,2.5
002315,2022-06-15,2022-06-15,2022-06-15,2022-06-15,2022-06-15,11.6
002318,2020-12-03,2020-12-03,2020-12-03,2020-12-03,2020-12-03,1.6
002321,2022-11-04,2022-11-04,2022-11-04,2022-11-04,2022-11-04,1.8
002324,2020-09-06,2020-09-06,2020-09-06,2020-09-06,2020-09-06,1.4
002327,2022-10-23,2022-10-23,2022-10-23,2022-10-23,2022-10-23,2.3
002331,2021-12-16,2021-12-16,2021-12-16,2021-12-16,2021-12-16,1.9
002334,2021-10-04,2021-10-04,2021-10-04,2021-10-04,2021-10-04,2.0
002337,2023-01-05,2023-01-05,2023-01-05,2023-01-05,2023-01-05,1.5
002340,2021-12-28,2021-12-28,2021-12-28,2021-12-28,2021-12-28,3.4
002345,NONE-02-12,2020-05-12,2020-05-12,2020-05-12,2020-05-12,2.4
002348,2021-10-04,2021-10-04,2021-10-04,2021-10-04,2021-10-04,1.7
002353,2021-10-22,2021-10-22,2021-10-22,2021-10-22,2021-10-22,2.4
002356,2021-02-12,2021-02-12,2021-02-12,2021-02-12,2021-02-12,1.4
002359,2021-06-10,2021-06-10,2021-06-10,2021-06-10,2021-06-10,2.3
002362,NONE,2019-12-10,2019-12-10,2019-12-10,2019-12-10,3.8
002365,2021-12-22,2021-12-22,2021-12-22,2021-12-22,2021-12-22,1.8
002368,2022-01-16,2022-01-16,2022-01-16,2022-01-16,2022-01-16,2.5
002371,2022-11-12,2022-11-12,2022-11-12,2022-11-12,2022-11-12,2.1
002374,2021-12-27,2028-10-NONE,2028-10-NONE,2028-10-NONE,2028-10-NONE,1.8
002377,2022-12-21,2022-12-21,2022-12-21,2022-12-21,2022-12-21,2.4
002380,2022-10-20,2022-10-20,2022-10-20,2022-10-20,2022-10-20,3.8
002383,2020-10-08,2020-10-08,2020-10-08,2020-10-08,2020-10-08,4.6
002388,2021-01-14,2021-01-14,2021-01-14,2021-01-14,2021-01-14,2.0
002391,2021-03-18,2021-03-NONE,2021-03-NONE,2021-03-NONE,2021-03-NONE,2.9
002394,2020-07-01,NONE,NONE,NONE,NONE,10.1
002397,2022-01-25,2022-01-25,2022-01-25,2022-01-25,2022-01-25,7.0
002400,2023-01-05,2023-01-05,2023-01-05,2023-01-05,2023-01-05,2.6
002403,2022-10-02,NONE,NONE,NONE,NONE,20.8
002406,2021-11-01,2021-11-01,2021-11-01,2021-11-01,2021-11-01,1.9
002411,2023-01-12,2023-01-12,2023-01-12,2023-01-12,2023-01-12,1.6
002414,2021-11-01,2021-11-01,2021-11-01,2021-11-01,2021-11-01,2.7
002417,2021-12-25,2021-12-25,2021-12-25,2021-12-25,2021-12-25,2.1
002420,2020-10-23,2020-10-23,2020-10-23,2020-10-23,2020-10-23,1.1
002423,2023-02-07,2023-02-07,2023-02-07,2023-02-07,2023-02-07,3.2
002426,2021-01-18,2021-01-18,2021-01-18,2021-01-18,2021-01-18,2.1
002429,2022-07-03,2022-07-03,2022-07-03,2022-07-03,2022-07-03,3.1
002432,NONE,2020-07-16,2020-07-16,2020-07-16,2020-07-16,12.1
002435,2021-06-03,2021-06-03,2021-06-03,2021-06-03,2021-06-03,3.4
002438,2020-09-13,2020-09-13,2020-09-13,2020-09-13,2020-09-13,6.2
002441,2021-08-03,2021-08-03,2021-08-03,2021-08-03,2021-08-03,2.6
002444,2021-11-11,NONE,NONE,NONE,NONE,9.1
002447,2021-02-04,2021-02-04,2021-02-04,2021-02-04,2021-02-04,2.4
002452,2021-12-22,NONE,NONE,NONE,NONE,30.2
002455,2023-02-NONE,2023-02-NONE,2023-02-NONE,2023-02-NONE,2023-02-NONE,6.1
002458,2022-04-NONE,2022-04-NONE,2022-04-NONE,2022-04-NONE,2022-04-NONE,25.1
002461,2021-10-31,2021-10-31,2021-10-31,2021-10-31,2021-10-31,2.8
002464,2022-05-NONE,2022-05-NONE,2022-05-NONE,2022-05-NONE,2022-05-NONE,2.4
002468,2021-05-18,2021-05-18,2021-05-18,2021-05-18,2021-05-18,2.1
002475,2021-03-13,2021-03-13,2021-03-13,2021-03-13,2021-03-13,3.5
002478,2023-03-15,2023-03-15,2023-03-15,2023-03-15,2023-03-15,1.8
002481,2021-03-28,2021-03-28,2021-03-28,2021-03-28,2021-03-28,4.4
002484,2021-05-05,NONE,NONE,NONE,NONE,8.1
002487,NONE,2021-02-06,2021-02-06,2021-02-06,2021-02-06,1.2
002490,2021-04-18,2021-04-18,2021-04-18,2021-04-18,2021-04-18,2.5
002494,2022-02-10,2022-02-10,2022-02-10,2022-02-10,2022-02-10,2.2
002497,2023-01-24,2024-09-NONE,2024-09-NONE,2024-09-NONE,2024-09-NONE,2.4
002500,2021-08-21,2021-08-21,2021-08-21,2021-08-21,2021-08-21,6.4
002503,2022-01-24,2022-01-24,2022-01-24,2022-01-24,2022-01-24,2.6
002506,2021-08-08,2021-08-08,2021-08-08,2021-08-08,2021-08-08,4.5
002509,2021-11-09,2021-11-09,2021-11-09,2021-11-09,2021-11-09,2.2
002512,2021-11-04,2021-11-04,2021-11-04,2021-11-04,2021-11-04,3.0
002515,2022-02-16,2022-02-16,2022-02-16,2022-02-16,2022-02-16,1.9
002518,2023-01-25,2023-01-25,2023-01-25,2023-01-25,2023-01-25,2.3
002521,2023-10-02,2023-10-02,2023-10-02,2023-10-02,2023-10-02,1.8
002524,2023-01-25,2023-01-25,2023-01-25,2023-01-25,2023-01-25,1.6
002527,2023-02-15,2023-02-15,2023-02-15,2023-02-15,2023-02-15,1.5
002530,2022-01-19,2022-01-19,2022-01-19,2022-01-19,2022-01-19,2.9
002533,2022-06-30,2022-06-30,2022-06-30,2022-06-30,2022-06-30,1.9
002536,2021-09-22,2021-09-22,2021-09-22,2021-09-22,2021-09-22,12.1
002539,2021-08-05,2021-08-NONE,2021-08-NONE,2021-08-NONE,2021-08-NONE,12.3
002542,2021-10-17,2021-10-17,2021-10-17,2021-10-17,2021-10-17,2.2
002545,2021-03-21,2021-03-NONE,2021-03-NONE,2021-03-NONE,2021-03-NONE,10.0
002548,2021-04-02,NONE,NONE,NONE,NONE,27.3
002551,2021-09-30,2021-09-30,2021-09-30,2021-09-30,2021-09-30,2.5
002554,2021-11-18,2021-11-18,2021-11-18,2021-11-18,2021-11-18,3.0
002557,2021-11-17,2021-11-17,2021-11-17,2021-11-17,2021-11-17,2.1
002560,2022-10-21,2022-10-21,2022-10-21,2022-10-21,2022-10-21,2.6
002563,2021-08-29,2021-08-29,2021-08-29,2021-08-29,2021-08-29,2.2
002566,2021-10-15,2021-10-15,2021-10-15,2021-10-15,2021-10-15,2.9
002569,2022-04-04,2022-04-04,2022-04-04,2022-04-04,2022-04-04,1.1
002574,2021-12-16,2021-12-16,2021-12-16,2021-12-16,2021-12-16,2.1
002577,2020-02-18,2020-02-18,2020-02-18,2020-02-18,2020-02-18,3.0
002580,2021-11-17,2021-11-17,2021-11-17,2021-11-17,2021-11-17,3.8
002583,2021-01-07,2021-01-07,2021-01-07,2021-01-07,2021-01-07,1.7
002586,NONE-12-22,NONE-12-22,NONE-12-22,NONE-12-22,NONE-12-22,5.1
002591,2023-10-27,2023-10-27,2023-10-27,2023-10-27,2023-10-27,2.2
002594,2022-08-05,2022-08-05,2022-08-05,2022-08-05,2022-08-05,2.7
002597,2022-10-22,2022-10-22,2022-10-22,2022-10-22,2022-10-22,1.9
002600,NONE,2020-10-21,2020-10-21,2020-10-21,2020-10-21,1.5
002603,2022-07-07,2022-07-07,2022-07-07,2022-07-07,2022-07-07,1.8
002606,2022-04-02,2022-04-02,2022-04-02,2022-04-02,2022-04-02,2.5
002609,2022-01-17,2022-01-17,2022-01-17,2022-01-17,2022-01-17,1.3
002613,2023-04-NONE,2023-04-NONE,2023-04-NONE,2023-04-NONE,2023-04-NONE,3.2
002616,2022-12-21,2022-12-21,2022-12-21,2022-12-21,2022-12-21,2.7
002619,2022-03-31,2022-03-31,2022-03-31,2022-03-31,2022-03-31,2.5
002622,2023-12-21,2023-12-21,2023-12-21,2023-12-21,2023-12-21,3.6
002625,2021-06-22,2021-06-22,2021-06-22,2021-06-22,2021-06-22,2.8
002628,2021-12-08,2021-12-08,2021-12-08,2021-12-08,2021-12-08,1.6
002631,2022-01-20,2022-01-20,2022-01-20,2022-01-20,2022-01-20,6.3
002634,2022-02-03,2022-02-03,2022-02-03,2022-02-03,2022-02-03,4.5
002637,2022-11-01,2022-11-01,2022-11-01,2022-11-01,2022-11-01,3.3
002640,2021-12-04,2021-12-04,2021-12-04,2021-12-04,2021-12-04,2.7
002643,2022-11-NONE,2022-11-NONE,2022-11-NONE,2022-11-NONE,2022-11-NONE,12.5
002646,2021-12-14,2021-12-14,2021-12-14,2021-12-14,2021-12-14,3.8
002649,2021-07-01,2021-07-01,2021-07-01,2021-07-01,2021-07-01,2.5
002652,2021-08-18,2021-08-18,2021-08-18,2021-08-18,2021-08-18,1.6
002655,2021-03-25,2021-03-20,2021-03-20,2021-03-20,2021-03-20,2.0
002658,2021-07-01,2021-07-01,2021-07-01,2021-07-01,2021-07-01,3.6
002665,2021-03-26,2021-03-26,2021-03-26,2021-03-26,2021-03-26,1.7
002668,2021-09-09,2021-09-09,2021-09-09,2021-09-09,2021-09-09,1.4
002671,2021-04-05,2021-04-05,2021-04-05,2021-04-05,2021-04-05,3.0
002674,2021-04-25,2021-04-25,2021-04-25,2021-04-25,2021-04-25,1.2
002677,2021-08-04,2021-08-04,2021-08-04,2021-08-04,2021-08-04,1.2
002680,2021-10-29,2021-10-29,2021-10-29,2021-10-29,2021-10-29,3.1
002683,2021-12-03,2021-12-03,2021-12-03,2021-12-03,2021-12-03,1.8
002686,2021-11-05,2021-11-05,2021-11-05,2021-11-05,2021-11-05,2.6
002689,2021-03-15,2021-03-15,2021-03-15,2021-03-15,2021-03-15,1.2
002692,2021-03-10,2021-03-10,2021-03-10,2021-03-10,2021-03-10,1.8
002695,2022-01-14,2022-01-14,2022-01-14,2022-01-14,2022-01-14,10.2
002698,2021-11-29,2021-11-29,2021-11-29,2021-11-29,2021-11-29,2.0
002701,2022-12-16,2022-12-16,2022-12-16,2022-12-16,2022-12-16,4.2
002704,2022-10-29,2022-10-02,2022-10-02,2022-10-02,2022-10-02,4.6
002707,2022-01-20,NONE,NONE,NONE,NONE,23.8
002710,2021-10-28,2021-10-28,2021-10-28,2021-10-28,2021-10-28,3.9
002713,2021-10-22,2021-12-12,2021-12-12,2021-12-12,2021-12-12,3.1
002716,2021-12-15,2021-12-15,2021-12-15,2021-12-15,2021-12-15,2.0
002719,2026-01-09,2026-01-09,2026-01-09,2026-01-09,2026-01-09,2.2
002722,2022-12-30,2022-12-30,2022-12-30,2022-12-30,2022-12-30,2.2
002725,2021-10-28,2021-10-28,2021-10-28,2021-10-28,2021-10-28,2.3
002728,2021-11-04,2021-11-04,2021-11-04,2021-11-04,2021-11-04,3.1
002731,2021-04-18,2021-04-18,2021-04-18,2021-04-18,2021-04-18,2.8
002734,2022-02-04,2022-02-04,2022-02-04,2022-02-04,2022-02-04,2.1
002737,2021-06-12,NONE-12-06,NONE-12-06,NONE-12-06,NONE-12-06,6.1
002741,2021-12-18,2021-12-18,2021-12-18,2021-12-18,2021-12-18,1.8
002745,2024-04-06,2024-04-06,2024-04-06,2024-04-06,2024-04-06,2.0
002748,2022-11-12,2022-11-12,2022-11-12,2022-11-12,2022-11-12,3.1
002752,2022-01-NONE,2022-01-NONE,2022-01-NONE,2022-01-NONE,2022-01-NONE,2.4
002755,2021-05-16,2022-12-01,2022-12-01,2022-12-01,2022-12-01,7.6
002758,2022-09-10,2022-09-10,2022-09-10,2022-09-10,2022-09-10,3.2
002763,2021-11-06,2021-11-06,2021-11-06,2021-11-06,2021-11-06,4.8
002766,2021-03-16,NONE,NONE,NONE,NONE,10.3
002769,2021-12-08,2021-12-08,2021-12-08,2021-12-08,2021-12-08,1.6
002772,2024-05-NONE,2024-05-NONE,2024-05-NONE,2024-05-NONE,2024-05-NONE,3.0
002775,2021-10-08,NONE,NONE,NONE,NONE,13.0
002778,2021-10-02,2021-10-02,2021-10-02,2021-10-02,2021-10-02,3.8
002781,2021-04-06,2021-04-06,2021-04-06,2021-04-06,2021-04-06,3.0
002784,2021-04-18,NONE-11-01,NONE-11-01,NONE-11-01,NONE-11-01,5.7
002789,2021-04-03,2021-04-03,2021-04-03,2021-04-03,2021-04-03,3.7
002792,2023-04-28,2023-04-28,2023-04-28,2023-04-28,2023-04-28,1.6
002795,2021-03-18,2021-03-18,2021-03-18,2021-03-18,2021-03-18,1.3
002798,2021-04-28,NONE,NONE,NONE,NONE,7.1
002803,2021-04-19,2021-04-19,2021-04-19,2021-04-19,2021-04-19,1.5
002806,2023-01-13,2023-01-13,2023-01-13,2023-01-13,2023-01-13,8.0
002809,2023-01-20,2023-01-20,2023-01-20,2023-01-20,2023-01-20,3.0
002812,2023-01-13,2023-01-13,2023-01-13,2023-01-13,2023-01-13,3.8
002817,2022-01-04,2022-01-04,2022-01-04,2022-01-04,2022-01-04,5.5
002820,2021-11-19,2021-11-19,2021-11-19,2021-11-19,2021-11-19,3.6
002823,2021-10-07,2021-10-07,2021-10-07,2021-10-07,2021-10-07,2.3
002826,2021-07-03,2021-06-12,2021-06-12,2021-06-12,2021-06-12,4.2
002829,2022-01-02,2022-01-02,2022-01-02,2022-01-02,2022-01-02,2.5
002832,2021-08-30,2021-08-30,2021-08-30,2021-08-30,2021-08-30,5.6
002835,2021-06-30,2021-06-30,2021-06-30,2021-06-30,2021-06-30,2.1
002838,2022-08-02,2022-08-02,2022-08-02,2022-08-02,2022-08-02,2.2
002841,2023-09-22,2023-09-22,2023-09-22,2023-09-22,2023-09-22,1.9
002844,2023-06-NONE,2023-06-NONE,2023-06-NONE,2023-06-NONE,2023-06-NONE,1.9
002847,2021-12-30,2021-12-30,2021-12-30,2021-12-30,2021-12-30,4.4
002850,2021-08-15,2021-08-15,2021-08-15,2021-08-15,2021-08-15,3.8
002853,2021-08-11,2021-08-11,2021-08-11,2021-08-11,2021-08-11,4.5
002856,2022-09-13,2022-09-13,2022-09-13,2022-09-13,2022-09-13,6.5
002859,2022-06-15,2022-06-15,2022-06-15,2022-06-15,2022-06-15,1.9
002862,2021-08-30,2021-08-30,2021-08-30,2021-08-30,2021-08-30,5.2
002865,2023-02-03,NONE,NONE,NONE,NONE,7.6
002868,2021-08-04,2021-08-04,2021-08-04,2021-08-04,2021-08-04,13.0
002871,2021-02-25,2021-02-25,2021-02-25,2021-02-25,2021-02-25,1.8
002874,2021-04-11,2021-04-11,2021-04-11,2021-04-11,2021-04-11,2.5
002877,2022-12-04,2022-12-04,2022-12-04,2022-12-04,2022-12-04,2.6
002882,2023-12-08,2023-12-08,2023-12-08,2023-12-08,2023-12-08,1.8
002885,2022-07-20,2022-07-20,2022-07-20,2022-07-20,2022-07-20,2.9
002888,2021-07-15,2021-07-15,2021-07-15,2021-07-15,2021-07-15,2.0
002891,2021-11-11,2021-11-11,2021-11-11,2021-11-11,2021-11-11,2.3
002894,2024-02-13,2024-02-13,2024-02-13,2024-02-13,2024-02-13,2.1
002897,2021-07-20,2021-07-20,2021-07-20,2021-07-20,2021-07-20,2.6
002900,2022-08-03,2022-08-03,2022-08-03,2022-08-03,2022-08-03,1.4
002903,2020-07-22,2020-07-02,2020-07-02,2020-07-02,2020-07-02,2.1
002906,2021-05-19,2021-05-19,2021-05-19,2021-05-19,2021-05-19,2.4
002910,2021-07-21,2021-07-21,2021-07-21,2021-07-21,2021-07-21,1.4
002913,2020-11-18,2020-11-18,2020-11-18,2020-11-18,2020-11-18,2.8
002916,2022-09-15,2022-09-15,2022-09-15,2022-09-15,2022-09-15,3.0
002919,2021-09-11,2021-09-11,2021-09-11,2021-09-11,2021-09-11,1.8
002922,2021-09-12,NONE-12-09,NONE-12-09,NONE-12-09,NONE-12-09,8.3
002925,2021-11-06,2021-11-06,2021-11-06,2021-11-06,2021-11-06,3.2
002928,NONE-04-08,2024-08-20,2024-08-20,2024-08-20,2024-08-20,11.0
002931,2022-06-30,2022-06-30,2022-06-30,2022-06-30,2022-06-30,2.0
002934,2022-02-02,2022-02-02,2022-02-02,2022-02-02,2022-02-02,3.1
002937,2021-11-11,2021-11-11,2021-11-11,2021-11-11,2021-11-11,4.5
002940,2022-07-29,2029-07-02,2029-07-02,2029-07-02,2029-07-02,3.3
002943,2020-06-23,2020-06-23,2020-06-23,2020-06-23,2020-06-23,1.0
002946,2021-09-25,2021-09-25,2021-09-25,2021-09-25,2021-09-25,2.4
002949,2021-08-12,2021-08-12,2021-08-12,2021-08-12,2021-08-12,2.0
002952,2021-11-03,2021-11-03,2021-11-03,2021-11-03,2021-11-03,5.9
002955,2022-11-04,2022-11-04,2022-11-04,2022-11-04,2022-11-04,3.0
002958,2022-07-27,2022-07-27,2022-07-27,2022-07-27,2022-07-27,1.9
002961,2021-11-21,2021-11-21,2021-11-21,2021-11-21,2021-11-21,6.5
002964,2022-09-03,2022-09-03,2022-09-03,2022-09-03,2022-09-03,3.5
002967,2021-09-03,2021-09-03,2021-09-03,2021-09-03,2021-09-03,2.2
002970,2022-11-14,2022-11-14,2022-11-14,2022-11-14,2022-11-14,2.6
002973,2022-03-20,2022-03-20,2022-03-20,2022-03-20,2022-03-20,1.6
002978,2020-07-20,2020-07-20,2020-07-20,2020-07-20,2020-07-20,4.4
002981,2021-12-17,2021-12-17,2021-12-17,2021-12-17,2021-12-17,2.6
002984,2021-05-01,2021-05-01,2021-05-01,2021-05-01,2021-05-01,2.4
002987,2022-04-01,2022-04-01,2022-04-01,2022-04-01,2022-04-01,2.0
002990,2021-03-20,2021-09-05,2021-09-05,2021-09-05,2021-09-05,2.1
002993,2021-11-22,2021-11-22,2021-11-22,2021-11-22,2021-11-22,1.2
002996,2022-10-15,2022-10-15,2022-10-15,2022-10-15,2022-10-15,2.5
002999,2021-10-07,2021-10-07,2021-10-07,2021-10-07,2021-10-07,1.3
003002,2022-06-18,2022-06-18,2022-06-18,2022-06-18,2022-06-18,1.4
003005,2023-05-NONE,2023-05-NONE,2023-05-NONE,2023-05-NONE,2023-05-NONE,8.8
003008,2021-10-05,2021-10-05,2021-10-05,2021-10-05,2021-10-05,1.9
003011,2021-12-11,2021-12-11,2021-12-11,2021-12-11,2021-12-11,12.2
003014,2021-06-12,NONE,NONE,NONE,NONE,12.3
003017,2022-02-23,2022-02-23,2022-02-23,2022-02-23,2022-02-23,3.1
003020,2021-03-23,2021-03-23,2021-03-23,2021-03-23,2021-03-23,1.9
003023,2021-11-01,2021-11-01,2021-11-01,2021-11-01,2021-11-01,1.7
003026,2021-04-10,NONE,NONE,NONE,NONE,30.5
003029,2021-11-02,2021-11-02,2021-11-02,2021-11-02,2021-11-02,1.9
003032,2021-04-12,2021-04-12,2021-04-12,2021-04-12,2021-04-12,7.4
003035,2022-08-28,2022-08-28,2022-08-28,2022-08-28,2022-08-28,1.6
003038,2021-02-18,2021-02-18,2021-02-18,2021-02-18,2021-02-18,2.4
003041,2022-01-17,2022-01-17,2022-01-17,2022-01-17,2022-01-17,2.2
003044,2022-05-02,2022-05-02,2022-05-02,2022-05-02,2022-05-02,2.5
003047,2021-04-07,2021-04-07,2021-04-07,2021-04-07,2021-04-07,1.5
003050,2021-02-16,2021-02-16,2021-02-16,2021-02-16,2021-02-16,1.7
003053,2021-10-28,2021-10-28,2021-10-28,2021-10-28,2021-10-28,9.8
003056,2021-03-06,2021-03-06,2021-03-06,2021-03-06,2021-03-06,3.3
003059,2021-10-04,2021-10-04,2021-10-04,2021-10-04,2021-10-04,2.2
003064,2021-10-18,2021-10-18,2021-10-18,2021-10-18,2021-10-18,2.0
003067,2021-06-15,2021-06-15,2021-06-15,2021-06-15,2021-06-15,2.1
003072,2021-08-19,2021-08-19,2021-08-19,2021-08-19,2021-08-19,3.0
003075,2021-01-16,2021-01-16,2021-01-16,2021-01-16,2021-01-16,3.2
003078,2021-12-13,2021-12-13,2021-12-13,2021-12-13,2021-12-13,2.0
003083,2021-12-02,2021-12-02,2021-12-02,2021-12-02,2021-12-02,2.6
003086,2021-06-27,2021-06-27,2021-06-27,2021-06-27,2021-06-27,1.6
003089,2021-09-15,2021-09-15,2021-09-15,2021-09-15,2021-09-15,4.2
003092,2021-09-17,2021-09-17,2021-09-17,2021-09-17,2021-09-17,10.4
003095,2022-10-12,2022-10-12,2022-10-12,2022-10-12,2022-10-12,2.4
003098,2021-04-12,2021-04-12,2021-04-12,2021-04-12,2021-04-12,2.7
003101,2022-11-21,2022-11-21,2022-11-21,2022-11-21,2022-11-21,2.9
003104,2023-12-06,2023-12-06,2023-12-06,2023-12-06,2023-12-06,2.9
003107,2021-01-11,2021-01-11,2021-01-11,2021-01-11,2021-01-11,1.5
003110,2021-06-09,2021-06-09,2021-06-09,2021-06-09,2021-06-09,2.9
003113,2021-03-28,2022-10-28,2022-10-28,2022-10-28,2022-10-28,2.6
003117,2021-12-29,2021-12-29,2021-12-29,2021-12-29,2021-12-29,2.8
003120,2021-09-30,2021-09-30,2021-09-30,2021-09-30,2021-09-30,3.6
003124,2021-03-07,2021-03-07,2021-03-07,2021-03-07,2021-03-07,1.3
003127,2021-02-16,2021-02-16,2021-02-16,2021-02-16,2021-02-16,3.1
003130,2022-03-30,2022-03-30,2022-03-30,2022-03-30,2022-03-30,3.7
003133,2021-05-22,2021-05-22,2021-05-22,2021-05-22,2021-05-22,1.6
003136,2022-11-09,2022-11-09,2022-11-09,2022-11-09,2022-11-09,2.0
003139,2022-01-09,2022-01-09,2022-01-09,2022-01-09,2022-01-09,2.3
003146,2021-04-22,2021-04-22,2021-04-22,2021-04-22,2021-04-22,2.1
003149,2022-01-14,2022-01-14,2022-01-14,2022-01-14,2022-01-14,2.1
003152,2021-06-30,2021-06-30,2021-06-30,2021-06-30,2021-06-30,3.4
003155,2021-07-11,2021-07-11,2021-07-11,2021-07-11,2021-07-11,2.1
003158,2021-04-25,2021-04-25,2021-04-25,2021-04-25,2021-04-25,2.9
003161,2021-10-NONE,NONE,NONE,NONE,NONE,23.9
003164,2021-02-09,2021-02-09,2021-02-09,2021-02-09,2021-02-09,2.0
003167,2021-10-10,2021-10-10,2021-10-10,2021-10-10,2021-10-10,1.6
003170,2021-04-20,2020-04-21,2020-04-21,2020-04-21,2020-04-21,4.3
003174,2022-08-13,2022-08-13,2022-08-13,2022-08-13,2022-08-13,2.2
003177,2021-03-25,2021-03-25,2021-03-25,2021-03-25,2021-03-25,2.2
003180,2021-07-08,2021-07-08,2021-07-08,2021-07-08,2021-07-08,1.8
003183,2021-03-26,2021-03-26,2021-03-26,2021-03-26,2021-03-26,1.6
003187,2022-01-17,2022-01-17,2022-01-17,2022-01-17,2022-01-17,2.9
003190,2022-08-16,2022-08-16,2022-08-16,2022-08-16,2022-08-16,3.8
003195,2021-12-13,2021-12-13,2021-12-13,2021-12-13,2021-12-13,1.0
003198,2025-10-12,2025-10-12,2025-10-12,2025-10-12,2025-10-12,2.4
003201,2022-09-21,2022-09-21,2022-09-21,2022-09-21,2022-09-21,2.0
003204,2023-06-26,2023-06-26,2023-06-26,2023-06-26,2023-06-26,1.3
003207,2021-07-20,2021-07-20,2021-07-20,2021-07-20,2021-07-20,2.1
003210,2022-12-02,2022-12-02,2022-12-02,2022-12-02,2022-12-02,4.2
003213,2024-01-12,2024-01-12,2024-01-12,2024-01-12,2024-01-12,6.3
003216,2022-01-15,2022-01-15,2022-01-15,2022-01-15,2022-01-15,2.9
003219,2021-03-16,2021-03-16,2021-03-16,2021-03-16,2021-03-16,3.7
003223,2022-06-14,2022-06-14,2022-06-14,2022-06-14,2022-06-14,1.9
003227,2022-01-29,2022-01-29,2022-01-29,2022-01-29,2022-01-29,2.4
003231,2021-04-04,2021-04-04,2021-04-04,2021-04-04,2021-04-04,2.1
003234,2022-11-NONE,2022-11-NONE,2022-11-NONE,2022-11-NONE,2022-11-NONE,4.2
003237,2021-03-30,2021-03-30,2021-03-30,2021-03-30,2021-03-30,1.7
003243,2021-07-NONE,NONE-07-21,NONE-07-21,NONE-07-21,NONE-07-21,6.8
003247,2023-01-17,2023-01-17,2023-01-17,2023-01-17,2023-01-17,11.9
003250,2023-02-01,2023-02-01,2023-02-01,2023-02-01,2023-02-01,2.3
003253,2020-10-20,2020-10-20,2020-10-20,2020-10-20,2020-10-20,1.6
003256,2022-04-01,2022-04-01,2022-04-01,2022-04-01,2022-04-01,3.7
003259,2022-02-10,NONE,NONE,NONE,NONE,13.6
003262,2021-06-10,2021-06-10,2021-06-10,2021-06-10,2021-06-10,1.5
003265,2021-10-06,2021-10-06,2021-10-06,2021-10-06,2021-10-06,1.2
003269,2022-01-28,2022-01-28,2022-01-28,2022-01-28,2022-01-28,2.0
003272,2021-05-03,2021-05-03,2021-05-03,2021-05-03,2021-05-03,1.4
003275,2021-10-10,2021-10-10,2021-10-10,2021-10-10,2021-10-10,2.1
003278,2023-10-02,2023-10-02,2023-10-02,2023-10-02,2023-10-02,2.3
003281,2021-10-15,2021-10-15,2021-10-15,2021-10-15,2021-10-15,1.0
003284,2021-09-10,2021-09-10,2021-09-10,2021-09-10,2021-09-10,1.9
003291,2022-12-22,2022-12-22,2022-12-22,2022-12-22,2022-12-22,1.1
003294,2021-07-26,NONE,NONE,NONE,NONE,13.6
003299,2022-10-NONE,2022-10-NONE,2022-10-NONE,2022-10-NONE,2022-10-NONE,6.3
003302,2023-02-06,2023-02-06,2023-02-06,2023-02-06,2023-02-06,5.0
003305,2025-03-NONE,2025-03-NONE,2025-03-NONE,2025-03-NONE,2025-03-NONE,2.1
003309,2020-08-29,2020-08-29,2020-08-29,2020-08-29,2020-08-29,1.9
003314,2021-07-05,2021-07-05,2021-07-05,2021-07-05,2021-07-05,7.2
003317,2022-02-07,NONE,NONE,NONE,NONE,7.6
003320,2021-09-02,2021-03-20,2021-03-20,2021-03-20,2021-03-20,4.0
003323,2021-05-24,2021-05-24,2021-05-24,2021-05-24,2021-05-24,2.7
003326,2024-06-05,NONE,NONE,NONE,NONE,22.2
003329,2021-12-26,2021-12-26,2021-12-26,2021-12-26,2021-12-26,1.2
003332,2021-04-29,2021-04-29,2021-04-29,2021-04-29,2021-04-29,2.1
003335,2021-07-02,2021-07-02,2021-07-02,2021-07-02,2021-07-02,1.1
003338,2021-06-01,NONE-06-01,NONE-06-01,NONE-06-01,NONE-06-01,6.5
003341,2022-09-29,2022-09-29,2022-09-29,2022-09-29,2022-09-29,6.6
003344,2026-09-11,2026-09-11,2026-09-11,2026-09-11,2026-09-11,1.3
003348,2027-07-13,NONE-07-27,NONE-07-27,NONE-07-27,NONE-07-27,11.3
000003,2026-05-12,2026-05-12,2026-05-12,2026-05-12,2026-05-12,2.1
000006,2026-02-17,2026-02-17,2026-02-17,2026-02-17,2026-02-17,1.9
000010,2026-06-08,2026-06-08,2026-06-08,2026-06-08,2026-06-08,2.1
000013,2026-03-20,2026-03-20,2026-03-20,2026-03-20,2026-03-20,2.7
000017,2026-11-25,2026-11-25,2026-11-25,2026-11-25,2026-11-25,2.6
000021,2025-10-10,2025-10-10,2025-10-10,2025-10-10,2025-10-10,4.1
000024,2025-10-11,NONE,NONE,NONE,NONE,23.9
000027,2026-04-27,2026-04-27,2026-04-27,2026-04-27,2026-04-27,4.9
000030,2017-08-28,2017-08-28,2017-08-28,2017-08-28,2017-08-28,7.1
000033,2026-06-17,2026-06-17,2026-06-17,2026-06-17,2026-06-17,2.8
000036,2026-08-26,2026-08-26,2026-08-26,2026-08-26,2026-08-26,2.6
000039,2026-05-26,2026-05-26,2026-05-26,2026-05-26,2026-05-26,3.0
000042,2025-10-12,2025-10-02,2025-10-02,2025-10-02,2025-10-02,3.6
000045,2027-04-21,2027-04-21,2027-04-21,2027-04-21,2027-04-21,1.9
000048,2026-06-12,2026-06-12,2026-06-12,2026-06-12,2026-06-12,8.6
000051,2026-01-12,2026-01-12,2026-01-12,2026-01-12,2026-01-12,2.5
000054,2025-10-08,NONE,NONE,NONE,NONE,23.1
000058,2027-03-27,2027-03-27,2027-03-27,2027-03-27,2027-03-27,4.2
000061,2026-06-04,2026-06-04,2026-06-04,2026-06-04,2026-06-04,2.1
000065,2026-01-12,2026-01-12,2026-01-12,2026-01-12,2026-01-12,3.6
000068,2026-06-17,2026-06-17,2026-06-17,2026-06-17,2026-06-17,9.3
000072,2026-04-25,2026-04-25,2026-04-25,2026-04-25,2026-04-25,6.4
000075,2026-01-06,2026-01-06,2026-01-06,2026-01-06,2026-01-06,3.2
000078,2025-06-19,2025-06-19,2025-06-19,2025-06-19,2025-06-19,3.7
000083,2026-07-01,2026-07-01,2026-07-01,2026-07-01,2026-07-01,2.0
000090,2026-09-01,2026-09-01,2026-09-01,2026-09-01,2026-09-01,16.6
000093,2026-04-23,2026-04-23,2026-04-23,2026-04-23,2026-04-23,2.0
000096,2026-05-26,2026-05-26,2026-05-26,2026-05-26,2026-05-26,1.5
000099,2026-03-07,2026-03-07,2026-03-07,2026-03-07,2026-03-07,3.1
000102,2025-11-13,2025-11-13,2025-11-13,2025-11-13,2025-11-13,2.5
000105,2025-11-09,2025-11-09,2025-11-09,2025-11-09,2025-11-09,2.5
000108,2025-10-24,2025-10-24,2025-10-24,2025-10-24,2025-10-24,3.1
000111,2025-10-25,2025-10-25,2025-10-25,2025-10-25,2025-10-25,6.2
000114,2026-02-28,2026-02-28,2026-02-28,2026-02-28,2026-02-28,4.9
000117,2025-11-28,2025-11-28,2025-11-28,2025-11-28,2025-11-28,2.1
000120,2026-08-25,2026-08-25,2026-08-25,2026-08-25,2026-08-25,2.5
000123,2026-06-04,2026-06-04,2026-06-04,2026-06-04,2026-06-04,4.0
000126,2026-06-12,2026-06-12,2026-06-12,2026-06-12,2026-06-12,2.4
000129,2026-01-09,2026-01-09,2026-01-09,2026-01-09,2026-01-09,2.2
000132,2026-08-21,2026-08-21,2026-08-21,2026-08-21,2026-08-21,1.9
000135,2026-04-18,2026-04-18,2026-04-18,2026-04-18,2026-04-18,4.4
000138,2026-05-14,2026-05-14,2026-05-14,2026-05-14,2026-05-14,3.8
000141,2026-09-17,2026-09-17,2026-09-17,2026-09-17,2026-09-17,2.7
000144,2027-03-25,2027-03-25,2027-03-25,2027-03-25,2027-03-25,3.8
000147,2026-03-21,2026-03-21,2026-03-21,2026-03-21,2026-03-21,1.7
000151,2026-09-07,2026-09-07,2026-09-07,2026-09-07,2026-09-07,1.9
000154,2027-08-13,2027-08-13,2027-08-13,2027-08-13,2027-08-13,2.6
000157,2027-07-08,NONE,NONE,NONE,NONE,12.7
000161,2027-05-10,2027-05-10,2027-05-10,2027-05-10,2027-05-10,9.7
000164,2026-04-27,2026-04-27,2026-04-27,2026-04-27,2026-04-27,2.2
000167,2026-08-07,2026-08-07,2026-08-07,2026-08-07,2026-08-07,9.6
000170,2026-09-07,2026-09-07,2026-09-07,2026-09-07,2026-09-07,1.3
000178,2026-06-25,2026-06-25,2026-06-25,2026-06-25,2026-06-25,2.3
000185,2028-03-15,2028-03-15,2028-03-15,2028-03-15,2028-03-15,4.8
000188,2027-09-30,2027-09-30,2027-09-30,2027-09-30,2027-09-30,3.2
000191,2026-06-15,NONE,NONE,NONE,NONE,22.6
000194,2027-04-23,2027-04-23,2027-04-23,2027-04-23,2027-04-23,3.0
000197,2026-07-30,2026-07-30,2026-07-30,2026-07-30,2026-07-30,2.2
000200,2027-07-14,2021-07-NONE,2021-07-NONE,2021-07-NONE,2021-07-NONE,16.0
000203,2026-07-01,2026-07-08,2026-07-08,2026-07-08,2026-07-08,20.0
000206,2026-05-08,2026-05-08,2026-05-08,2026-05-08,2026-05-08,4.0
000209,2027-06-11,2027-06-10,2027-06-10,2027-06-10,2027-06-10,7.4
000212,2026-12-16,2026-12-16,2026-12-16,2026-12-16,2026-12-16,15.5
000215,2026-10-14,2026-10-14,2026-10-14,2026-10-14,2026-10-14,7.4
000218,2026-05-03,2026-05-03,2026-05-03,2026-05-03,2026-05-03,2.4
000221,2026-07-15,2026-07-15,2026-07-15,2026-07-15,2026-07-15,2.4
000224,2026-06-15,2026-06-15,2026-06-15,2026-06-15,2026-06-15,2.1
000227,2028-09-17,2028-09-17,2028-09-17,2028-09-17,2028-09-17,7.9
000230,2026-03-28,2026-03-28,2026-03-28,2026-03-28,2026-03-28,3.2
000233,2028-01-13,2021-01-22,2021-01-22,2021-01-22,2021-01-22,11.9
000237,2026-06-05,2026-06-05,2026-06-05,2026-06-05,2026-06-05,4.2
000241,2027-08-10,2027-08-10,2027-08-10,2027-08-10,2027-08-10,3.1
000248,2026-04-21,2026-04-21,2026-04-21,2026-04-21,2026-04-21,4.7
000253,2026-06-20,2026-06-20,2026-06-20,2026-06-20,2026-06-20,2.4
000257,2025-12-10,2025-12-10,2025-12-10,2025-12-10,2025-12-10,1.5
000260,2027-04-01,2027-04-01,2027-04-01,2027-04-01,2027-04-01,1.7
000264,2026-06-06,NONE,NONE,NONE,NONE,13.5
000267,2026-06-02,2026-06-02,2026-06-02,2026-06-02,2026-06-02,3.1
000270,2026-09-03,2026-09-03,2026-09-03,2026-09-03,2026-09-03,2.2
000273,2026-03-13,2026-03-13,2026-03-13,2026-03-13,2026-03-13,5.0
000280,2026-03-23,2026-03-23,2026-03-23,2026-03-23,2026-03-23,1.6
000283,2027-09-17,2027-09-17,2027-09-17,2027-09-17,2027-09-17,1.7
000286,2027-03-11,2027-03-11,2027-03-11,2027-03-11,2027-03-11,14.9
000289,2030-07-23,2030-07-23,2030-07-23,2030-07-23,2030-07-23,2.2
000292,2026-02-13,2026-02-13,2026-02-13,2026-02-13,2026-02-13,1.3
000296,2026-07-28,2026-07-28,2026-07-28,2026-07-28,2026-07-28,1.5
000299,2026-05-13,2026-05-13,2026-05-13,2026-05-13,2026-05-13,3.1
000302,2026-03-15,2026-03-15,2026-03-15,2026-03-15,2026-03-15,1.5
000305,2026-02-24,2026-02-24,2026-02-24,2026-02-24,2026-02-24,17.2
000308,2025-12-04,2025-12-04,2025-12-04,2025-12-04,2025-12-04,1.7
000311,2026-08-09,2026-08-09,2026-08-09,2026-08-09,2026-08-09,12.6
000314,2026-09-01,2026-09-01,2026-09-01,2026-09-01,2026-09-01,2.9
000317,2025-11-15,2025-11-15,2025-11-15,2025-11-15,2025-11-15,5.0
000321,2025-10-29,2025-10-29,2025-10-29,2025-10-29,2025-10-29,1.6
000325,2025-11-03,2025-11-03,2025-11-03,2025-11-03,2025-11-03,3.5
000328,2025-12-25,2025-12-25,2025-12-25,2025-12-25,2025-12-25,5.0
000332,2025-10-22,2025-10-22,2025-10-22,2025-10-22,2025-10-22,1.6
000335,2025-11-28,2025-11-28,2025-11-28,2025-11-28,2025-11-28,2.7
000338,2026-05-28,2026-05-28,2026-05-28,2026-05-28,2026-05-28,1.7
000341,2026-04-29,2026-04-29,2026-04-29,2026-04-29,2026-04-29,2.0
000344,2026-08-04,2026-08-04,2026-08-04,2026-08-04,2026-08-04,1.4
000347,2027-05-26,2027-05-26,2027-05-26,2027-05-26,2027-05-26,1.6
000350,2027-05-15,2027-05-15,2027-05-15,2027-05-15,2027-05-15,3.4
000353,2026-03-08,2026-03-08,2026-03-08,2026-03-08,2026-03-08,3.5
000356,2027-03-17,2027-03-17,2027-03-17,2027-03-17,2027-03-17,2.4
000359,2026-06-16,2026-06-16,2026-06-16,2026-06-16,2026-06-16,4.5
000363,2026-04-21,2026-04-21,2026-04-21,2026-04-21,2026-04-21,2.4
000366,2026-09-05,2026-09-05,2026-09-05,2026-09-05,2026-09-05,3.8
000369,2027-06-25,2027-06-25,2027-06-25,2027-06-25,2027-06-25,2.8
000372,2026-09-15,2026-09-15,2026-09-15,2026-09-15,2026-09-15,2.2
000375,2026-05-31,2026-05-31,2026-05-31,2026-05-31,2026-05-31,5.2
000379,2026-09-05,2026-09-05,2026-09-05,2026-09-05,2026-09-05,3.6
000382,2026-08-18,2026-08-18,2026-08-18,2026-08-18,2026-08-18,3.0
000388,2026-01-15,2026-01-15,2026-01-15,2026-01-15,2026-01-15,2.5
000391,2026-12-10,2026-12-10,2026-12-10,2026-12-10,2026-12-10,3.2
000395,2026-03-15,2026-03-15,2026-03-15,2026-03-15,2026-03-15,8.1
000398,2027-07-30,2027-07-30,2027-07-30,2027-07-30,2027-07-30,3.0
000402,2019-04-28,2019-04-28,2019-04-28,2019-04-28,2019-04-28,6.2
000405,2027-10-15,2020-07-01,2020-07-01,2020-07-01,2020-07-01,52.2
000412,2026-01-19,2026-01-19,2026-01-19,2026-01-19,2026-01-19,3.5
000415,2026-05-27,NONE,NONE,NONE,NONE,19.6
000418,2026-09-08,2026-09-08,2026-09-08,2026-09-08,2026-09-08,5.4
000421,2026-07-17,2026-07-17,2026-07-17,2026-07-17,2026-07-17,1.8
000425,2025-11-05,2025-11-05,2025-11-05,2025-11-05,2025-11-05,3.2
000428,2026-04-23,2026-04-03,2026-04-03,2026-04-03,2026-04-03,16.9
000431,2026-03-17,2026-03-17,2026-03-17,2026-03-17,2026-03-17,4.0
000434,2026-10-28,2026-10-28,2026-10-28,2026-10-28,2026-10-28,2.6
000437,2025-11-19,NONE,NONE,NONE,NONE,16.5
000441,2025-12-15,2025-12-NONE,2025-12-NONE,2025-12-NONE,2025-12-NONE,10.3
000444,2026-07-01,2026-07-01,2026-07-01,2026-07-01,2026-07-01,2.3
000447,2025-11-22,2025-11-22,2025-11-22,2025-11-22,2025-11-22,2.5
000457,2026-06-18,2026-06-18,2026-06-18,2026-06-18,2026-06-18,3.1
000460,2025-12-03,2025-12-03,2025-12-03,2025-12-03,2025-12-03,2.8
000463,2027-02-14,2027-02-NONE,2027-02-NONE,2027-02-NONE,2027-02-NONE,3.9
000466,2027-06-07,2027-06-17,2027-06-17,2027-06-17,2027-06-17,1.6
000469,2026-07-21,2026-07-21,2026-07-21,2026-07-21,2026-07-21,1.7
000472,2025-01-17,2026-01-17,2026-01-17,2026-01-17,2026-01-17,1.8
000475,2026-07-30,2026-07-30,2026-07-30,2026-07-30,2026-07-30,2.8
000478,2026-06-11,NONE,NONE,NONE,NONE,12.5
000481,2026-03-09,2026-03-09,2026-03-09,2026-03-09,2026-03-09,1.4
000484,2027-11-14,2027-11-14,2027-11-14,2027-11-14,2027-11-14,3.4
000487,2027-12-11,2027-12-11,2027-12-11,2027-12-11,2027-12-11,6.0
000490,2025-11-27,2025-11-27,2025-11-27,2025-11-27,2025-11-27,1.3
000493,2026-06-17,2026-06-17,2026-06-17,2026-06-17,2026-06-17,3.1
000498,2026-03-07,2026-03-07,2026-03-07,2026-03-07,2026-03-07,1.7
000502,2026-06-20,2026-06-20,2026-06-20,2026-06-20,2026-06-20,4.1
000505,2026-03-02,NONE,NONE,NONE,NONE,25.4
000510,2026-09-03,2026-09-03,2026-09-03,2026-09-03,2026-09-03,8.7
000513,2026-09-03,2026-09-03,2026-09-03,2026-09-03,2026-09-03,1.7
000517,2026-09-25,2026-09-25,2026-09-25,2026-09-25,2026-09-25,2.5
000524,2026-06-18,2026-06-18,2026-06-18,2026-06-18,2026-06-18,1.5
000527,2025-10-12,NONE,NONE,NONE,NONE,20.4
000530,2026-06-24,2030-12-14,2030-12-14,2030-12-14,2030-12-14,5.6
000533,2026-03-26,2026-03-26,2026-03-26,2026-03-26,2026-03-26,3.5
000536,2026-01-01,2026-01-01,2026-01-01,2026-01-01,2026-01-01,2.2
000539,2027-08-11,NONE,NONE,NONE,NONE,28.0
000542,2027-07-22,2027-07-22,2027-07-22,2027-07-22,2027-07-22,2.1
000545,2027-07-09,2027-07-09,2027-07-09,2027-07-09,2027-07-09,2.7
000549,2027-01-16,2027-01-16,2027-01-16,2027-01-16,2027-01-16,3.6
000552,2026-09-07,2026-09-07,2026-09-07,2026-09-07,2026-09-07,1.3
000555,2027-04-16,2027-04-16,2027-04-16,2027-04-16,2027-04-16,1.5
000558,2025-05-16,2025-05-16,2025-05-16,2025-05-16,2025-05-16,2.3
000561,2028-08-07,2028-08-07,2028-08-07,2028-08-07,2028-08-07,12.9
000564,2026-06-25,2026-06-25,2026-06-25,2026-06-25,2026-06-25,1.7
000567,2025-10-29,2025-10-29,2025-10-29,2025-10-29,2025-10-29,2.2
000570,2026-05-20,2026-05-20,2026-05-20,2026-05-20,2026-05-20,1.1
000573,NONE-10-22,NONE-10-22,NONE-10-22,NONE-10-22,NONE-10-22,3.2
000577,2026-04-20,2026-04-20,2026-04-20,2026-04-20,2026-04-20,2.1
000580,2026-02-28,2026-02-28,2026-02-28,2026-02-28,2026-02-28,1.3
000583,2025-11-23,2025-11-NONE,2025-11-NONE,2025-11-NONE,2025-11-NONE,10.0
000587,2026-02-07,2026-02-17,2026-02-17,2026-02-17,2026-02-17,6.0
000590,2025-12-05,2025-12-05,2025-12-05,2025-12-05,2025-12-05,2.1
000595,2026-05-01,2026-05-01,2026-05-01,2026-05-01,2026-05-01,2.4
000600,2026-08-31,2025-09-01,2025-09-01,2026-08-31,2026-08-31,4.0
000604,2026-09-15,NONE,NONE,NONE,NONE,24.4
000607,2028-06-23,2028-06-23,2028-06-23,2028-06-23,2028-06-23,3.1
000610,2026-06-04,2026-06-04,2026-06-04,2026-06-04,2026-06-04,2.5
000613,2026-05-28,2026-05-28,2026-05-28,2026-05-28,2026-05-28,1.4
000616,2026-09-10,2026-09-10,2026-09-10,2026-09-10,2026-09-10,1.8
000619,2026-09-15,2026-09-15,2026-09-15,2026-09-15,2026-09-15,2.4
000622,2027-01-22,2027-01-22,2027-01-22,2027-01-22,2027-01-22,2.1
000626,2026-07-01,2026-07-01,2026-07-01,2026-07-01,2026-07-01,1.9
000630,2026-03-31,2026-03-31,2026-03-31,2026-03-31,2026-03-31,7.4
000633,2025-12-24,2025-12-24,2025-12-24,2025-12-24,2025-12-24,1.9
000636,2026-03-09,2026-03-09,2026-03-09,2026-03-09,2026-03-09,1.3
000639,2026-02-02,2026-02-02,2026-02-02,2026-02-02,2026-02-02,1.6
000642,2026-09-01,2025-03-01,2025-03-01,2025-03-01,2025-03-01,1.2
000645,2026-05-13,2026-05-13,2026-05-13,2026-05-13,2026-05-13,2.2
000648,2028-08-25,NONE,NONE,NONE,NONE,18.2
000651,2026-06-25,2026-06-25,2026-06-25,2026-06-25,2026-06-25,1.5
000654,2028-07-02,2028-07-02,2028-07-02,2028-07-02,2028-07-02,1.6
000657,2026-07-27,2026-07-27,2026-07-27,2026-07-27,2026-07-27,1.3
000660,2026-02-28,2026-02-28,2026-02-28,2026-02-28,2026-02-28,2.9
000664,2026-02-20,2026-02-20,2026-02-20,2026-02-20,2026-02-20,2.0
000668,2026-04-30,2026-04-30,2026-04-30,2026-04-30,2026-04-30,1.3
000673,2026-06-02,NONE,NONE,NONE,NONE,22.1
000676,2026-06-10,2026-06-10,2026-06-10,2026-06-10,2026-06-10,1.0
000679,2027-09-17,2027-09-17,2027-09-17,2027-09-17,2027-09-17,3.4
000682,2026-01-25,2026-01-25,2026-01-25,2026-01-25,2026-01-25,1.7
000685,2026-05-28,2026-05-28,2026-05-28,2026-05-28,2026-05-28,1.9
000689,2025-10-27,2025-10-27,2025-10-27,2025-10-27,2025-10-27,4.7
000695,2027-09-09,2027-09-09,2027-09-09,2027-09-09,2027-09-09,1.8
000698,NONE-10-12,NONE-10-12,NONE-10-12,NONE-10-12,NONE-10-12,1.7
000701,2025-10-05,2025-10-05,2025-10-05,2025-10-05,2025-10-05,5.0
000704,2026-07-29,2026-07-29,2026-07-29,2026-07-29,2026-07-29,2.4
000707,2026-08-19,2026-08-19,2026-08-19,2026-08-19,2026-08-19,1.7
000710,2025-10-14,2025-10-14,2025-10-14,2025-10-14,2025-10-14,2.6
000713,2025-10-23,2025-10-23,2025-10-23,2025-10-23,2025-10-23,1.9
000716,2025-11-07,2025-11-07,2025-11-07,2025-11-07,2025-11-07,1.4
000719,2026-04-04,2026-04-04,2026-04-04,2026-04-04,2026-04-04,1.4
000722,2026-08-04,2026-10-19,2026-10-19,2026-10-19,2026-10-19,2.0
000725,2026-04-16,2026-04-16,2026-04-16,2026-04-16,2026-04-16,2.7
000728,2026-06-24,2026-06-24,2026-06-24,2026-06-24,2026-06-24,0.9
000731,2026-03-08,2026-03-08,2026-03-08,2026-03-08,2026-03-08,1.3
000734,2025-10-28,2025-10-28,2025-10-28,2025-10-28,2025-10-28,1.4
000737,2026-03-04,2026-03-04,2026-03-04,2026-03-04,2026-03-04,1.5
000742,2026-05-01,2026-05-01,2026-05-01,2026-05-01,2026-05-01,3.3
000745,2026-01-10,2026-01-10,2026-01-10,2026-01-10,2026-01-10,3.1
000748,2027-01-22,2027-01-22,2027-01-22,2027-01-22,2027-01-22,3.7
000751,2025-05-08,2025-05-08,2025-05-08,2025-05-08,2025-05-08,4.4
000754,2026-05-24,2026-05-24,2026-05-24,2026-05-24,2026-05-24,2.2
000757,NONE-10-22,NONE-10-22,NONE-10-22,NONE-10-22,NONE-10-22,2.4
000760,NONE-11-20,NONE-11-20,NONE-11-20,NONE-11-20,NONE-11-20,2.2
000763,NONE-11-12,NONE-11-12,NONE-11-12,NONE-11-12,NONE-11-12,13.9
000766,2026-09-24,2026-09-24,2026-09-24,2026-09-24,2026-09-24,1.5
000769,2026-12-10,2026-12-10,2026-12-10,2026-12-10,2026-12-10,3.4
000772,NONE-12-20,NONE,NONE,NONE,NONE,28.5
000776,2026-01-09,2026-01-09,2026-01-09,2026-01-09,2026-01-09,1.5
000779,2026-06-03,2026-06-03,2026-06-03,2026-06-03,2026-06-03,4.6
000782,NONE-12-19,NONE-12-19,NONE-12-19,NONE-12-19,NONE-12-19,2.5
000785,2026-10-15,2026-10-15,2026-10-15,2026-10-15,2026-10-15,6.7
000789,NONE-12-19,NONE-12-19,NONE-12-19,NONE-12-19,NONE-12-19,1.6
000792,2026-04-05,2026-04-05,2026-04-05,2026-04-05,2026-04-05,1.2
000798,NONE-12-20,2024-02-24,2024-02-24,2024-02-24,2024-02-24,2.1
000801,2026-03-25,2026-03-25,2026-03-25,2026-03-25,2026-03-25,1.6
000804,2027-09-01,2027-09-01,2027-09-01,2027-09-01,2027-09-01,1.6
000807,2026-05-29,2026-05-29,2026-05-29,2026-05-29,2026-05-29,1.6
000810,2026-03-31,2026-03-31,2026-03-31,2026-03-31,2026-03-31,2.0
000813,2026-08-24,2026-08-24,2026-08-24,2026-08-24,2026-08-24,3.2
000816,2026-10-09,2026-10-09,2026-10-09,2026-10-09,2026-10-09,12.7
000819,2026-05-18,2026-05-18,2026-05-18,2026-05-18,2026-05-18,7.0
000822,2026-02-02,2026-02-02,2026-02-02,2026-02-02,2026-02-02,8.2
000826,2026-06-22,2026-06-22,2026-06-22,2026-06-22,2026-06-22,12.3
000829,2026-03-20,2026-03-20,2026-03-20,2026-03-20,2026-03-20,4.0
000833,2026-04-27,2026-04-27,2026-04-27,2026-04-27,2026-04-27,2.5
000836,2026-05-18,2026-05-18,2026-05-18,2026-05-18,2026-05-18,5.2
000840,2026-01-01,NONE-01-31,NONE-01-31,NONE-12-12,NONE-12-12,7.4
000843,2026-06-17,2026-06-17,2026-06-17,2026-06-17,2026-06-17,4.8
000846,2026-05-28,2026-05-28,2026-05-28,2026-05-28,2026-05-28,3.7
000849,2026-05-21,2026-05-21,2026-05-21,2026-05-21,2026-05-21,3.2
000853,2026-09-24,2026-09-24,2026-09-24,2026-09-24,2026-09-24,3.0
000857,2025-01-28,2025-01-28,2025-01-28,2025-01-28,2025-01-28,4.6
000860,2022-07-23,2022-07-23,2022-07-23,2022-07-23,2022-07-23,6.5
000864,2023-03-04,2023-03-04,2023-03-04,2023-03-04,2023-03-04,6.3
000868,2021-10-23,NONE,NONE,NONE,NONE,10.1
000871,2021-10-15,2021-10-15,2021-10-15,2021-10-15,2021-10-15,3.1
000874,2021-03-22,2021-03-22,2021-03-22,2021-03-22,2021-03-22,19.4
000877,2023-04-03,NONE,NONE,NONE,NONE,22.4
000881,2021-06-08,2021-06-08,2021-06-08,2021-06-08,2021-06-08,2.9
000885,2021-07-09,2020-01-10,2020-01-10,2020-01-10,2020-01-10,2.5
000888,2021-12-04,2021-12-04,2021-12-04,2021-12-04,2021-12-04,2.8
000891,2021-04-05,2021-04-05,2021-04-05,2021-04-05,2021-04-05,7.0
000894,2021-06-02,2021-06-02,2021-06-02,2021-06-02,2021-06-02,1.9
000897,2025-05-19,2025-05-19,2025-05-19,2025-05-19,2025-05-19,14.7
000900,2022-09-02,2022-09-02,2022-09-02,2022-09-02,2022-09-02,4.6
000903,2021-08-31,2021-08-31,2021-08-31,2021-08-31,2021-08-31,2.2
000906,2022-01-NONE,2022-10-15,2022-10-15,2022-10-15,2022-10-15,2.8
000909,2021-09-20,2021-09-20,2021-09-20,2021-09-20,2021-09-20,1.5
000912,2022-05-05,2022-05-05,2022-05-05,2022-05-05,2022-05-05,3.5
000915,2021-07-21,2021-07-21,2021-07-21,2021-07-21,2021-07-21,4.5
000918,2021-09-17,2020-04-20,2020-04-20,2020-04-20,2020-04-20,7.7
000921,2022-02-26,2022-02-26,2022-02-26,2022-02-26,2022-02-26,2.9
000924,NONE-02-02,2018-02-02,2018-02-02,2018-02-02,2018-02-02,2.1
000927,2021-08-23,2021-01-08,2021-01-08,2021-08-23,2021-08-23,3.2
000930,2021-07-29,2021-07-29,2021-07-29,2021-07-29,2021-07-29,2.2
000933,2021-05-26,NONE,NONE,NONE,NONE,7.7
000939,2021-10-28,2021-10-28,2021-10-28,2021-10-28,2021-10-28,2.1
000944,2021-07-03,2021-07-03,2021-07-03,2021-07-03,2021-07-03,5.4
000947,2021-09-30,2021-09-30,2021-09-30,2021-09-30,2021-09-30,2.4
000952,2021-04-05,2021-04-05,2021-04-05,2021-04-05,2021-04-05,2.7
000959,2022-07-19,2022-07-19,2022-07-19,2022-07-19,2022-07-19,11.4
000962,2023-10-21,2023-10-21,2023-10-21,2023-10-21,2023-10-21,2.8
000966,2021-08-10,2021-08-10,2021-08-10,2021-08-10,2021-08-10,4.9
000969,2022-06-30,2022-06-30,2022-06-30,2022-06-30,2022-06-30,6.7
000972,2021-06-25,2021-06-25,2021-06-25,2021-06-25,2021-06-25,3.0
000975,2023-08-03,2023-08-03,2023-08-03,2023-08-03,2023-08-03,3.2
000978,2021-03-11,2022-02-29,2022-02-29,2022-02-29,2022-02-29,14.9
000983,2021-08-20,2021-08-20,2021-08-20,2021-08-20,2021-08-20,6.6
000986,2021-12-28,2021-12-28,2021-12-28,2021-12-28,2021-12-28,1.7
000989,2020-07-21,NONE,NONE,NONE,NONE,32.8
000992,2021-03-04,2021-03-04,2021-03-04,2021-03-04,2021-03-04,7.3
000995,NONE-02-18,NONE,NONE,NONE,NONE,9.2
001000,2021-09-07,2021-09-07,2021-09-07,2021-09-07,2021-09-07,4.5
001003,2022-08-24,NONE,NONE,NONE,NONE,7.6
001008,2022-11-24,2022-11-24,2022-11-24,2022-11-24,2022-11-24,2.8
001011,2021-08-09,2021-08-09,2021-08-09,2021-08-09,2021-08-09,2.2
001016,2021-02-21,2021-02-21,2021-02-21,2021-02-21,2021-02-21,2.6
001019,2021-05-15,NONE,NONE,NONE,NONE,7.9
001022,2021-06-28,NONE,NONE,NONE,NONE,13.3
001025,2020-12-09,2020-12-09,2020-12-09,2020-12-09,2020-12-09,40.1
001030,2022-10-NONE,2022-10-01,2022-10-01,2022-10-01,2022-10-01,4.3
001033,2019-07-16,2019-07-16,2019-07-16,2019-07-16,2019-07-16,2.4
001038,2021-12-28,2021-12-28,2021-12-28,2021-12-28,2021-12-28,2.2
001041,2022-04-15,2022-04-15,2022-04-15,2022-04-15,2022-04-15,4.5
001044,2021-04-30,2021-04-30,2021-04-30,2021-04-30,2021-04-30,2.8
001047,2021-05-12,2021-05-12,2021-05-12,2021-05-12,2021-05-12,2.3
001050,2022-01-06,2022-01-06,2022-01-06,2022-01-06,2022-01-06,4.5
001053,2022-09-01,2022-09-01,2022-09-01,2022-09-01,2022-09-01,10.8
001056,2022-05-27,2022-05-27,2022-05-27,2022-05-27,2022-05-27,4.1
001059,2021-10-14,2021-10-14,2021-10-14,2021-10-14,2021-10-14,3.1
001065,2022-05-04,2022-05-04,2022-05-04,2022-05-04,2022-05-04,7.8
001068,2021-03-15,2021-03-15,2021-03-15,2021-03-15,2021-03-15,2.1
001071,NONE-01-24,NONE-01-24,NONE-01-24,NONE-01-24,NONE-01-24,3.0
001074,2021-09-30,2021-09-30,2021-09-30,2021-09-30,2021-09-30,17.7
001077,2021-07-31,2021-07-31,2021-07-31,2021-07-31,2021-07-31,2.1
001080,2021-10-13,2021-10-13,2021-10-13,2021-10-13,2021-10-13,5.7
001083,2021-07-09,2021-07-09,2021-07-09,2021-07-09,2021-07-09,3.2
001086,2023-10-09,2023-10-09,2023-10-09,2023-10-09,2023-10-09,2.1
001089,2023-08-05,2023-08-05,2023-08-05,2023-08-05,2023-08-05,4.2
001102,2021-03-14,2021-03-14,2021-03-14,2021-03-14,2021-03-14,4.1
001107,2021-02-28,2021-02-28,2021-02-28,2021-02-28,2021-02-28,2.5
001110,2021-03-22,2021-03-02,2021-03-02,2021-03-02,2021-03-02,2.5
001113,2023-11-15,2023-11-15,2023-11-15,2023-11-15,2023-11-15,2.6
001116,2022-01-12,2022-01-12,2022-01-12,2028-12-01,2028-12-01,2.3
001119,2021-12-26,2021-12-16,2021-12-16,2021-12-16,2021-12-16,1.9
001122,2023-01-10,2023-01-10,2023-01-10,2023-01-10,2023-01-10,5.4
001126,2021-12-28,2021-12-28,2021-12-28,2021-12-28,2021-12-28,2.9
001131,NONE-02-12,NONE-02-12,NONE-02-12,NONE-02-12,NONE-02-12,6.1
001136,2022-09-24,NONE,NONE,NONE,NONE,9.3
001139,2021-02-28,2021-02-28,2021-02-28,2021-02-28,2021-02-28,2.3
001143,2021-06-26,2021-06-28,2021-06-28,2021-06-28,2021-06-28,3.1
001148,2022-07-31,2022-07-31,2022-07-31,2022-07-31,2022-07-31,3.4
001151,2021-09-18,2021-09-18,2021-09-18,2021-09-18,2021-09-18,2.4
001154,2021-09-21,2021-09-21,2021-09-21,2021-09-21,2021-09-21,19.8
001157,2021-02-07,2021-02-07,2021-02-07,2021-02-07,2021-02-07,2.8
001160,2021-04-23,2021-04-23,2021-04-23,2021-04-23,2021-04-23,1.9
001163,2021-12-06,2021-12-06,2021-12-06,2021-12-06,2021-12-06,2.9
001166,2022-01-20,NONE,NONE,NONE,NONE,41.8
001169,2021-08-31,2021-08-31,2021-08-31,2021-08-31,2021-08-31,3.1
001172,2021-09-NONE,2021-09-NONE,2021-09-NONE,2021-09-NONE,2021-09-NONE,5.6
001175,2021-09-07,2021-09-07,2021-09-07,2021-09-07,2021-09-07,3.7
001178,2021-12-01,NONE,NONE,NONE,NONE,10.3
001181,2022-04-14,2022-04-14,2022-04-14,2022-04-14,2022-04-14,3.0
001184,2021-10-08,2021-10-08,2021-10-08,2021-10-08,2021-10-08,1.9
001191,2020-12-08,2020-12-08,2020-12-08,2020-12-08,2020-12-08,3.7
001196,2021-10-18,2021-10-18,2021-10-18,2021-10-18,2021-10-18,7.8
001201,2022-07-16,2022-07-16,2022-07-16,2022-07-16,2022-07-16,3.6
001204,2023-02-28,2023-02-28,2023-02-28,2023-02-28,2023-02-28,2.9
001207,2020-08-18,2020-08-18,2020-08-18,2020-08-18,2020-08-18,4.8
001210,2021-08-03,2021-08-03,2021-08-03,2021-08-03,2021-08-03,1.9
001213,2021-05-15,2021-05-15,2021-05-15,2021-05-15,2021-05-15,6.9
001216,2021-06-13,2021-06-13,2021-06-13,2021-06-13,2021-06-13,2.8
001219,2021-01-14,2021-01-14,2021-01-14,2021-01-14,2021-01-14,1.9
001222,2021-11-10,2021-11-10,2021-11-10,2021-11-10,2021-11-10,4.6
001229,2021-10-28,2021-10-28,2021-10-28,2021-10-28,2021-10-28,4.4
001232,2021-05-05,2021-05-05,2021-05-05,2021-05-05,2021-05-05,7.0
001236,NONE-01-28,NONE-01-28,NONE-01-28,NONE-01-28,NONE-01-28,4.7
001239,2020-12-19,2020-12-19,2020-12-19,2020-12-19,2020-12-19,5.3
001242,2022-06-13,2022-06-13,2022-06-13,2022-06-13,2022-06-13,5.0
001245,2021-11-01,2021-11-01,2021-11-01,2021-11-01,2021-11-01,4.0
001252,2021-08-19,2021-08-19,2021-08-19,2021-08-19,2021-08-19,4.7
001255,2019-09-13,2019-09-13,2019-09-13,2019-09-13,2019-09-13,4.3
001258,2022-03-15,2022-03-15,2022-03-15,2022-03-15,2022-03-15,20.9
001261,2021-03-25,NONE,NONE,NONE,NONE,49.9
001264,2022-12-03,2022-12-03,2022-12-03,2022-12-03,2022-12-03,8.0
001267,2022-09-05,2022-09-05,2022-09-05,2022-09-05,2022-09-05,9.4
001271,2023-07-08,2023-07-08,2023-07-08,2023-07-08,2023-07-08,5.9
001274,2022-06-17,2022-06-17,2022-06-17,2022-06-17,2022-06-17,10.1
001277,2021-11-04,2021-11-04,2021-11-04,2021-11-04,2021-11-04,3.7
001281,2025-08-05,2025-08-05,2025-08-05,2025-08-05,2025-08-05,6.3
001284,2022-04-23,2022-04-23,2022-04-23,2022-04-23,2022-04-23,4.7
001287,2023-10-01,2023-10-01,2023-10-01,2023-10-01,2023-10-01,6.3
001290,2024-11-21,2024-01-21,2024-01-21,2024-11-21,2024-11-21,4.0
001294,2021-11-NONE,2021-11-NONE,2021-11-NONE,2021-11-NONE,2021-11-NONE,6.9
001297,2023-11-NONE,2023-11-NONE,2023-11-NONE,2023-11-NONE,2023-11-NONE,11.5
001300,2021-07-28,2021-07-28,2021-07-28,2021-07-28,2021-07-28,4.6
001305,2021-04-12,2021-04-01,2021-04-01,2021-04-01,2021-04-01,6.8
001308,2022-11-06,NONE,NONE,NONE,NONE,16.3
001311,2022-10-20,2022-10-20,2022-10-20,2022-10-20,2022-10-20,3.3
001314,2022-01-15,2022-01-15,2022-01-15,2022-01-15,2022-01-15,6.4
001319,2021-11-22,2021-11-22,2021-11-22,2021-11-22,2021-11-22,15.0
001322,2022-02-15,2022-02-15,2022-02-15,2022-02-15,2022-02-15,7.1
001327,2021-07-19,2021-07-19,2021-07-19,2021-07-19,2021-07-19,7.8
001330,2021-03-05,2022-03-05,2022-03-05,2022-03-05,2022-03-05,6.7
001333,2021-12-NONE,2021-12-NONE,2021-12-NONE,2021-12-NONE,2021-12-NONE,6.2
001336,2021-07-04,2021-07-04,2021-07-04,2021-07-04,2021-07-04,8.7
001339,2021-06-08,2021-06-08,2021-06-08,2021-06-08,2021-06-08,7.9
001344,2021-08-10,2022-11-02,2022-11-02,2022-11-02,2022-11-02,12.8
001347,2021-10-31,2021-10-31,2021-10-31,2021-10-31,2021-10-31,3.4
001350,2021-08-21,2021-08-21,2021-08-21,2021-08-21,2021-08-21,5.0
001353,2022-06-27,2022-06-27,2022-06-27,2022-06-27,2022-06-27,3.2
001357,NONE-08-20,2022-08-NONE,2022-08-NONE,2022-08-NONE,2022-08-NONE,8.0
001360,2021-09-02,NONE-09-21,NONE-09-21,NONE-09-21,NONE-09-21,9.1
001363,2021-04-NONE,2021-10-13,2021-10-13,2021-10-13,2021-10-13,27.0
001368,2021-08-19,NONE,NONE,NONE,NONE,28.7
001371,2022-04-27,2022-04-27,2022-04-27,2022-04-27,2022-04-27,5.9
001374,2022-05-NONE,2022-05-NONE,2022-05-NONE,2022-05-NONE,2022-05-NONE,6.6
001377,2021-12-02,NONE,NONE,NONE,NONE,16.8
001380,2021-04-09,2021-04-09,2021-04-09,2021-04-09,2021-04-09,6.7
001383,2023-01-05,NONE,NONE,NONE,NONE,29.8
001386,2022-04-25,2022-04-25,2022-04-25,2022-04-25,2022-04-25,4.0
001389,2021-06-20,2021-06-20,2021-06-20,2021-06-20,2021-06-20,5.1
001392,2021-02-25,2021-02-25,2021-02-25,2021-02-25,2021-02-25,4.8
001395,2021-09-01,NONE,NONE,NONE,NONE,24.3
001398,2021-07-23,2021-07-23,2021-07-23,2021-07-23,2021-07-23,9.3
001401,2022-01-29,2022-08-NONE,2022-08-NONE,2022-08-NONE,2022-08-NONE,27.1
001404,2021-01-27,2021-01-27,2021-01-27,2021-01-27,2021-01-27,16.4
001407,2021-07-31,2031-07-21,2031-07-21,2031-07-21,2031-07-21,2.5
001410,2021-05-25,2021-05-05,2021-05-05,2021-05-05,2021-05-05,29.4
001413,2021-07-23,2021-07-23,2021-07-23,2021-07-23,2021-07-23,11.9
001417,2021-11-05,2021-11-05,2021-11-05,2021-11-05,2021-11-05,4.1
001420,2021-07-01,2021-07-01,2021-07-01,2021-07-01,2021-07-01,2.7
001423,2021-11-NONE,2021-11-17,2021-11-17,2021-11-17,2021-11-17,5.2
001428,2020-08-12,2020-08-12,2020-08-12,2020-08-12,2020-08-12,6.7
001431,2021-08-19,2021-08-01,2021-08-01,2021-08-01,2021-08-01,12.8
001434,2021-10-04,2021-10-04,2021-10-04,2021-10-04,2021-10-04,3.1
001437,2021-08-29,2021-08-29,2021-08-29,2021-08-29,2021-08-29,3.2
001440,2021-09-03,2021-09-03,2021-09-03,2021-09-03,2021-09-03,3.7
001443,2021-09-06,2021-09-06,2021-09-06,2021-09-06,2021-09-06,3.1
001446,2021-10-28,2021-10-NONE,2021-10-NONE,2021-10-NONE,2021-10-NONE,5.5
001449,2022-10-28,2022-10-28,2022-10-28,2022-10-28,2022-10-28,2.3
001452,2022-09-13,2021-08-07,2021-08-07,2021-08-07,2021-08-07,5.0
001455,2022-04-02,2022-01-02,2022-01-02,2022-04-02,2022-04-02,7.2
001458,2022-10-29,2022-10-29,2022-10-29,2022-10-29,2022-10-29,1.8
001461,2022-01-20,2022-01-20,2022-01-20,2022-01-20,2022-01-20,5.3
001464,2022-11-18,2022-11-18,2022-11-18,2022-11-18,2022-11-18,4.1
001467,2020-11-03,2031-01-16,2031-01-16,2031-01-16,2031-01-16,22.7
001470,2021-12-29,2021-12-29,2021-12-29,2021-12-29,2021-12-29,4.6
001473,2022-02-17,2022-02-17,2022-02-17,2022-02-17,2022-02-17,3.2
001478,2022-08-27,2022-08-27,2022-08-27,2022-08-27,2022-08-27,4.7
001481,NONE-01-31,NONE,NONE,NONE,NONE,25.5
001484,2022-09-28,2022-09-28,2022-09-28,2022-09-28,2022-09-28,2.8
001487,2022-12-08,2022-01-08,2022-01-08,2022-01-08,2022-01-08,2.4
001491,2023-07-08,2023-07-08,2023-07-08,2023-07-08,2023-07-08,7.6
001494,2023-08-17,NONE,NONE,NONE,NONE,16.9
001497,2022-09-18,2022-09-18,2022-09-18,2022-09-18,2022-09-18,4.2
001500,2021-09-23,2021-09-23,2021-09-23,2021-09-23,2021-09-23,1.7
001503,2021-06-24,2021-06-24,2021-06-24,2021-06-24,2021-06-24,2.0
001506,2021-02-19,2021-02-19,2021-02-19,2021-02-19,2021-02-19,5.6
001509,2021-10-19,2021-10-19,2021-10-19,2021-10-19,2021-10-19,6.4
001512,2018-05-16,2018-05-16,2018-05-16,2018-05-16,2018-05-16,1.9
001515,2022-08-16,2022-08-18,2022-08-18,2022-08-18,2022-08-18,3.3
001518,2022-12-07,2022-12-07,2022-12-07,2022-12-07,2022-12-07,2.5
001521,2021-07-08,NONE,NONE,NONE,NONE,19.4
001526,2021-01-21,2021-01-21,2021-01-21,2021-01-21,2021-01-21,5.8
001529,2021-02-11,2021-02-11,2021-02-11,2021-02-11,2021-02-11,2.7
001532,2022-06-21,2022-06-21,2022-06-21,2022-06-21,2022-06-21,4.6
001535,2022-07-11,2022-07-11,2022-07-11,2022-07-11,2022-07-11,3.6
001539,2022-01-18,2022-01-18,2022-01-18,2022-01-18,2022-01-18,5.5
001544,2021-08-02,2021-08-02,2021-08-02,2021-08-02,2021-08-02,3.2
001547,2021-07-04,2021-07-04,2021-07-04,2021-07-04,2021-07-04,5.8
001551,2021-10-09,2021-10-09,2021-10-09,2021-10-09,2021-10-09,2.5
001554,2020-06-03,2020-06-03,2020-06-03,2020-06-03,2020-06-03,1.9
001559,2024-12-21,2024-12-21,2024-12-21,2024-12-21,2024-12-21,5.1
001562,2022-06-11,2022-06-01,2022-06-01,2022-06-01,2022-06-01,2.0
001567,2020-04-23,2020-01-15,2020-01-15,2020-01-15,2020-01-15,7.8
001570,2021-11-30,2021-11-30,2021-11-30,2021-11-30,2021-11-30,3.1
001573,2022-01-06,2022-01-06,2022-01-06,2022-01-06,2022-01-06,3.5
001576,2022-03-27,2022-03-27,2022-03-27,2022-03-27,2022-03-27,5.2
001579,2022-11-02,2022-11-02,2022-11-02,2022-11-02,2022-11-02,1.9
001582,2021-11-05,2021-11-05,2021-11-05,2021-11-05,2021-11-05,2.1
001585,2021-10-28,2021-10-28,2021-10-28,2021-10-28,2021-10-28,4.2
001588,2023-01-09,2023-01-09,2023-01-09,2023-01-09,2023-01-09,2.7
001591,2021-02-18,NONE,NONE,NONE,NONE,9.3
001594,2021-12-13,2021-12-13,2021-12-13,2021-12-13,2021-12-13,2.9
001600,2021-02-08,2021-02-08,2021-02-08,2021-02-08,2021-02-08,2.7
001603,2021-02-24,2021-02-24,2021-02-24,2021-02-24,2021-02-24,3.5
001606,2021-04-03,2021-04-03,2021-04-03,2021-04-03,2021-04-03,3.6
001609,2021-06-29,2021-06-29,2021-06-29,2021-06-29,2021-06-29,2.3
001612,2022-02-25,2022-02-25,2022-02-25,2022-02-25,2022-02-25,1.4
001615,2020-09-03,2020-09-03,2020-09-03,2020-09-03,2020-09-03,3.0
001618,2023-10-06,2023-10-06,2023-10-06,2023-10-06,2023-10-06,1.8
001621,2022-07-19,2022-07-19,2022-07-19,2022-07-19,2022-07-19,2.3
001624,2022-04-26,2022-04-26,2022-04-26,2022-04-26,2022-04-26,1.5
001627,2021-07-03,2022-07-05,2022-07-05,2022-07-05,2022-07-05,3.3
001630,2022-10-21,2022-10-21,2022-10-21,2022-10-21,2022-10-21,2.3
001633,2021-05-12,2021-05-12,2021-05-12,2021-05-12,2021-05-12,4.1
001637,2021-04-12,2021-04-12,2021-04-12,2021-04-12,2021-04-12,1.8
001640,2021-02-28,2021-02-28,2021-02-28,2021-02-28,2021-02-28,9.3
001643,2021-10-16,2021-10-16,2021-10-16,2021-10-16,2021-10-16,4.0
001646,2021-10-12,NONE,NONE,NONE,NONE,7.2
001649,2019-08-18,2021-01-21,2021-01-21,2021-01-21,2021-01-21,2.1
001652,2021-03-09,2021-03-09,2021-03-09,2021-03-09,2021-03-09,2.1
001655,2019-09-12,2019-09-12,2019-09-12,2019-09-12,2019-09-12,5.4
001658,2021-10-20,2021-10-20,2021-10-20,2021-10-20,2021-10-20,3.9
001661,2022-04-26,2022-04-26,2022-04-26,2022-04-26,2022-04-26,2.2
001664,2020-08-29,2020-08-29,2020-08-29,2020-08-29,2020-08-29,3.5
001667,2021-09-14,2021-09-14,2021-09-14,2021-09-14,2021-09-14,4.2
001672,2021-05-19,2021-05-19,2021-05-19,2021-05-19,2021-05-19,2.2
001675,2021-03-15,2021-03-15,2021-03-15,2021-03-15,2021-03-15,3.1
001678,2021-11-28,2021-11-28,2021-11-28,2021-11-28,2021-11-28,1.9
001683,2021-11-14,2021-11-14,2021-11-14,2021-11-14,2021-11-14,2.4
001687,2020-11-27,2020-11-27,2020-11-27,2020-11-27,2020-11-27,2.0
001690,2020-08-16,2020-08-16,2020-08-16,2020-08-16,2020-08-16,4.8
001693,2021-07-03,2021-07-03,2021-07-03,2021-07-03,2021-07-03,1.9
001696,2022-06-23,2022-06-23,2022-06-23,2022-06-23,2022-06-23,1.5
001699,2021-12-22,2021-12-22,2021-12-22,2021-12-22,2021-12-22,3.2
001702,2021-05-17,2021-05-17,2021-05-17,2021-05-17,2021-05-17,3.1
001705,2021-06-04,2021-06-04,2021-06-04,2021-06-04,2021-06-04,3.5
001708,2021-05-02,2021-05-02,2021-05-02,2021-05-02,2021-05-02,2.8
001714,2021-09-08,2021-09-08,2021-09-08,2021-09-08,2021-09-08,5.8
001717,2021-02-08,2021-02-08,2021-02-08,2021-02-08,2021-02-08,6.6
001720,2021-03-11,2021-03-11,2021-03-11,2021-03-11,2021-03-11,2.8
001725,2021-02-16,2021-02-16,2021-02-16,2021-02-16,2021-02-16,2.3
001728,2021-02-08,2021-02-08,2021-02-08,2021-02-08,2021-02-08,1.9
001731,2021-10-02,2021-10-02,2021-10-02,2021-10-02,2021-10-02,1.7
001734,2022-01-20,2022-01-20,2022-01-20,2022-01-20,2022-01-20,2.2
001737,2021-02-08,2021-02-08,2021-02-08,2021-02-08,2021-02-08,1.7
001740,2022-11-01,2022-11-01,2022-11-01,2022-11-01,2022-11-01,2.4
001743,2021-10-26,2021-10-26,2021-10-26,2021-10-26,2021-10-26,3.1
001751,2021-06-28,2021-06-28,2021-06-28,2021-06-28,2021-06-28,3.0
001754,2021-12-05,2021-12-05,2021-12-05,2021-12-05,2021-12-05,1.6
001758,2023-03-09,2023-03-09,2023-03-09,2023-03-09,2023-03-09,4.2
001761,2021-11-22,2021-11-22,2021-11-22,2021-11-22,2021-11-22,2.6
001764,2021-12-23,2021-12-23,2021-12-23,2021-12-23,2021-12-23,3.4
001769,2021-12-22,2021-12-02,2021-12-02,2021-12-02,2021-12-02,3.2
001774,2021-04-02,2021-04-02,2021-04-02,2021-04-02,2021-04-02,2.1
001777,2021-04-05,2021-04-05,2021-04-05,2021-04-05,2021-04-05,3.8
001782,2022-10-01,2022-10-01,2022-10-01,2022-10-01,2022-10-01,4.7
001785,2021-09-19,2021-09-19,2021-09-19,2021-09-19,2021-09-19,2.0
001788,2020-12-NONE,NONE-12-20,NONE-12-20,NONE-12-20,NONE-12-20,3.9
001791,2020-08-13,2020-08-01,2020-08-01,2020-08-01,2020-08-01,4.9
001794,2021-11-07,2021-11-07,2021-11-07,2021-11-07,2021-11-07,3.2
001798,2021-10-10,2021-10-14,2021-10-14,2021-10-14,2021-10-14,1.8
001801,2021-03-05,2021-03-05,2021-03-05,2021-03-05,2021-03-05,4.0
001804,2021-01-15,2021-01-15,2021-01-15,2021-01-15,2021-01-15,2.2
001811,2023-10-22,2023-10-02,2023-10-02,2023-10-02,2023-10-02,4.3
001816,2021-04-14,2021-04-14,2021-04-14,2021-04-14,2021-04-14,15.1
001821,2020-09-01,2020-09-01,2020-09-01,2020-09-01,2020-09-01,7.1
001824,2021-09-07,2021-09-07,2021-09-07,2021-09-07,2021-09-07,5.1
001827,2021-11-28,2021-11-28,2021-11-28,2021-11-28,2021-11-28,2.8
001830,2020-12-NONE,2020-12-NONE,2020-12-NONE,2020-12-NONE,2020-12-NONE,2.8
001834,2022-07-12,2022-07-12,2022-07-12,2022-07-12,2022-07-12,4.6
001837,2021-10-02,2021-10-02,2021-10-02,2021-10-02,2021-10-02,3.0
001840,2021-09-30,2021-09-30,2021-09-30,2021-09-30,2021-09-30,2.6
001843,2021-05-NONE,2021-05-NONE,2021-05-NONE,2021-05-NONE,2021-05-NONE,3.7
001846,2021-09-23,2023-12-09,2023-12-09,2023-12-09,2023-12-09,1.8
001849,2021-11-18,2021-11-18,2021-11-18,2021-11-18,2021-11-18,6.3
001852,2022-08-13,NONE,NONE,NONE,NONE,17.6
001855,2023-10-28,2023-10-28,2023-10-28,2023-10-28,2023-10-28,10.1
001858,2022-07-17,2022-07-17,2022-07-17,2022-07-17,2022-07-17,2.3
001861,2023-06-18,2023-06-18,2023-06-18,2023-06-18,2023-06-18,7.1
001864,2023-08-04,NONE,NONE,NONE,NONE,15.1
001867,2022-07-NONE,2022-07-NONE,2022-07-NONE,2022-07-NONE,2022-07-NONE,2.6
001873,2022-10-14,2022-10-14,2022-10-14,2022-10-14,2022-10-14,2.9
001876,2021-09-30,2021-09-30,2021-09-30,2021-09-30,2021-09-30,4.3
001879,2021-09-01,2021-09-01,2021-09-01,2021-09-01,2021-09-01,7.5
001882,2021-06-20,2021-06-20,2021-06-20,2021-06-20,2021-06-20,1.8
001887,2023-08-22,2023-08-22,2023-08-22,2023-08-22,2023-08-22,2.5
001890,2021-08-31,2021-08-31,2021-08-31,2021-08-31,2021-08-31,2.5
001893,2021-03-19,2021-03-19,2021-03-19,2021-03-19,2021-03-19,3.2
001896,2021-03-17,2021-03-17,2021-03-17,2021-03-17,2021-03-17,1.9
001899,2021-11-29,NONE-12-17,NONE-12-17,NONE-12-17,NONE-12-17,10.1
001902,2021-10-28,2021-10-28,2021-10-28,2021-10-28,2021-10-28,1.9
001907,2021-08-16,2021-08-16,2021-08-16,2021-08-16,2021-08-16,3.5
001911,2021-05-21,2021-05-21,2021-05-21,2021-05-21,2021-05-21,3.5
001914,2021-09-14,2021-09-14,2021-09-14,2021-09-14,2021-09-14,3.1
001917,2021-05-25,2021-05-25,2021-05-25,2021-05-25,2021-05-25,1.6
001920,2022-10-15,2022-10-15,2022-10-15,2022-10-15,2022-10-15,12.2
001924,2022-01-21,NONE,NONE,NONE,NONE,19.3
001927,2021-04-27,2021-04-27,2021-04-27,2021-04-27,2021-04-27,2.5
001930,2022-01-01,2022-01-01,2022-01-01,2022-01-01,2022-01-01,2.7
001933,2022-01-22,2022-01-22,2022-01-22,2022-01-22,2022-01-22,1.6
001936,2021-12-21,2021-12-21,2021-12-21,2021-12-21,2021-12-21,3.0
001939,2021-03-14,2021-03-14,2021-03-14,2021-03-14,2021-03-14,2.1
001942,2022-05-27,2021-12-20,2021-12-20,2021-12-20,2021-12-20,2.2
001945,2021-08-NONE,NONE,NONE,NONE,NONE,23.6
001950,2023-07-16,2023-07-16,2023-07-16,2023-07-16,2023-07-16,5.1
001953,2021-10-NONE,2021-10-NONE,2021-10-NONE,2021-01-04,2021-01-04,33.7
001956,2021-10-NONE,2021-10-NONE,2021-10-NONE,2021-10-NONE,2021-10-NONE,3.9
001959,2020-11-13,2020-11-13,2020-11-13,2020-11-13,2020-11-13,3.5
001962,2027-03-21,2022-10-12,2022-10-12,2027-03-21,2027-03-21,2.3
001967,2022-08-24,2022-08-24,2022-08-24,2022-08-24,2022-08-24,2.3
001970,2021-06-18,2021-06-18,2021-06-18,2021-06-18,2021-06-18,2.3
001973,2023-03-15,2023-03-15,2023-03-15,2023-03-15,2023-03-15,2.8
001976,2026-02-21,NONE,NONE,NONE,NONE,19.0
001979,2020-11-04,NONE,NONE,NONE,NONE,5.5
001982,2021-10-20,2021-10-20,2021-10-20,2021-10-20,2021-10-20,1.9
001985,2022-01-19,2022-01-19,2022-01-19,2022-01-19,2022-01-19,2.2
001988,2021-12-28,NONE,NONE,NONE,NONE,14.8
001991,2021-12-28,2021-12-28,2021-12-28,2021-12-28,2021-12-28,7.1
001994,2021-10-29,2021-10-29,2021-10-29,2021-10-29,2021-10-29,5.3
001997,2021-12-27,2021-12-27,2021-12-27,2021-12-27,2021-12-27,6.2
002000,2021-04-24,2021-04-24,2021-04-24,2021-04-24,2021-04-24,4.6
002003,2022-05-15,2022-05-15,2022-05-15,2022-05-15,2022-05-15,2.4
002006,2022-07-27,2022-07-27,2022-07-27,2022-07-27,2022-07-27,2.3
002009,2021-12-02,2021-12-02,2021-12-02,2021-12-02,2021-12-02,2.5
002012,2020-06-30,NONE,NONE,NONE,NONE,7.0
002015,2023-06-28,2023-08-28,2023-08-28,2023-08-28,2023-08-28,3.5
002018,2021-10-23,2021-10-23,2021-10-23,2021-10-23,2021-10-23,2.2
002021,2022-04-09,2022-04-09,2022-04-09,2022-04-09,2022-04-09,7.1
002024,2020-11-10,2020-11-10,2020-11-10,2020-11-10,2020-11-10,2.8
002027,2020-11-26,2020-11-26,2020-11-26,2020-11-26,2020-11-26,4.6
002030,2019-11-18,2019-11-18,2019-11-18,2019-11-18,2019-11-18,2.2
002033,2022-03-22,2022-03-22,2022-03-22,2022-03-22,2022-03-22,2.8
002036,2020-08-22,2020-08-22,2020-08-22,2020-08-22,2020-08-22,1.7
002039,2021-12-03,2021-12-03,2021-12-03,2021-12-03,2021-12-03,1.7
002042,2020-08-27,2020-08-27,2020-08-27,2020-08-27,2020-08-27,5.1
002045,2021-12-10,2021-12-10,2021-12-10,2021-12-10,2021-12-10,2.6
002048,2021-07-31,2021-07-31,2021-07-31,2021-07-31,2021-07-31,2.1
002051,NONE-04-14,NONE-04-14,NONE-04-14,NONE-04-14,NONE-04-14,2.7
002054,2021-12-NONE,NONE,NONE,NONE,NONE,43.2
002057,2021-12-17,2021-12-17,2021-12-17,2021-12-17,2021-12-17,2.0
002060,NONE-04-17,NONE-04-17,NONE-04-17,NONE-04-17,NONE-04-17,6.9
002063,2023-02-NONE,2023-02-NONE,2023-02-NONE,2023-02-NONE,2023-02-NONE,3.1
002068,2022-11-09,2022-11-09,2022-11-09,2022-11-09,2022-11-09,1.5
002071,2022-03-24,2022-03-24,2022-03-24,2022-03-24,2022-03-24,2.4
002074,2020-05-28,2020-05-28,2020-05-28,2020-05-28,2020-05-28,1.5
002077,2020-10-21,2020-10-21,2020-10-21,2020-10-21,2020-10-21,1.9
002080,2021-01-03,2021-01-03,2021-01-03,2021-01-03,2021-01-03,1.7
002085,2021-11-22,2021-11-22,2021-11-22,2021-11-22,2021-11-22,2.0
002088,2021-09-03,2021-09-03,2021-09-03,2021-09-03,2021-09-03,1.9
002091,2021-09-21,2021-09-21,2021-09-21,2021-09-21,2021-09-21,2.4
002094,2021-04-28,2021-04-28,2021-04-28,2021-04-28,2021-04-28,1.6
002097,2022-06-16,2022-06-16,2022-06-16,2022-06-16,2022-06-16,2.5
002100,2021-09-17,2021-09-17,2021-09-17,2021-09-17,2021-09-17,2.1
002103,2021-12-25,2021-12-19,2021-12-19,2021-12-19,2021-12-19,2.1
002106,2022-01-03,2022-01-03,2022-01-03,2022-01-03,2022-01-03,2.9
002109,2022-02-24,2022-02-24,2022-02-24,2022-02-24,2022-02-24,3.4
002112,2022-08-25,2022-08-25,2022-08-25,2022-08-25,2022-08-25,1.7
002115,2020-12-01,2020-12-01,2020-12-01,2020-12-01,2020-12-01,3.6
002118,2021-01-03,2021-01-03,2021-01-03,2021-01-03,2021-01-03,3.5
002121,2020-07-20,2020-07-20,2020-07-20,2020-07-20,2020-07-20,1.8
002124,2020-11-02,2020-11-02,2020-11-02,2020-11-02,2020-11-02,2.8
002127,2021-11-04,2021-11-04,2021-11-04,2021-11-04,2021-11-04,3.1
002130,2021-11-01,2021-11-01,2021-11-01,2021-11-01,2021-11-01,1.9
002133,2021-10-04,NONE-10-21,NONE-10-21,NONE-10-21,NONE-10-21,2.6
002136,2021-10-11,2021-10-11,2021-10-11,2021-10-11,2021-10-11,3.3
002139,2021-06-29,2021-06-29,2021-06-29,2021-06-29,2021-06-29,2.7
002142,2021-04-11,2021-04-11,2021-04-11,2021-04-11,2021-04-11,1.3
002145,2021-07-13,2021-07-13,2021-07-13,2021-07-13,2021-07-13,2.8
002148,2022-01-03,2022-01-01,2022-01-01,2022-01-01,2022-01-01,8.3
002151,2022-11-09,2022-11-09,2022-11-09,2022-11-09,2022-11-09,1.4
002156,2021-12-25,2021-12-25,2021-12-25,2021-12-25,2021-12-25,1.8
002159,NONE-04-13,NONE-04-13,NONE-04-13,NONE-04-13,NONE-04-13,3.0
002162,2023-06-18,2023-01-06,2023-01-06,2023-01-06,2023-01-06,6.6
002167,2021-05-28,2021-05-02,2021-05-02,2021-05-02,2021-05-02,1.5
002170,2020-01-15,2020-01-15,2020-01-15,2020-01-15,2020-01-15,3.1
002173,NONE-07-01,NONE-07-01,NONE-07-01,NONE-07-01,NONE-07-01,2.3
002176,2021-02-11,2021-02-11,2021-02-11,2021-02-11,2021-02-11,3.0
002179,2022-01-19,2022-01-19,2022-01-19,2022-01-19,2022-01-19,3.1
002182,2019-02-20,2019-02-20,2019-02-20,2019-02-20,2019-02-20,3.5
002185,2020-09-25,2020-09-25,2020-09-25,2020-09-25,2020-09-25,3.3
002188,2020-08-07,2020-08-07,2020-08-07,2020-08-07,2020-08-07,3.3
002191,2020-10-20,2020-10-20,2020-10-20,2020-10-20,2020-10-20,1.1
002194,2020-06-10,2020-06-01,2020-06-01,2020-06-01,2020-06-01,2.1
002197,2021-01-13,2021-01-13,2021-01-13,2021-01-13,2021-01-13,2.2
002200,2021-08-05,2021-08-05,2021-08-05,2021-08-05,2021-08-05,2.0
002205,2021-03-05,2021-03-05,2021-03-05,2021-03-05,2021-03-05,1.3
002208,2022-05-31,2022-05-31,2022-05-31,2022-05-31,2022-05-31,2.8
002212,2020-10-30,2020-10-30,2020-10-30,2020-10-30,2020-10-30,13.7
002215,2020-10-06,2020-10-16,2020-10-16,2020-10-16,2020-10-16,1.6
002218,2023-05-NONE,2023-05-NONE,2023-05-NONE,2023-05-NONE,2023-05-NONE,3.3
002221,2022-06-03,2022-06-03,2022-06-03,2022-06-03,2022-06-03,1.7
002224,2022-09-14,2022-09-14,2022-09-14,2022-09-14,2022-09-14,1.8
002227,2023-03-03,2023-03-03,2023-03-03,2023-03-03,2023-03-03,9.3
002230,2022-07-21,2022-07-21,2022-07-21,2022-07-21,2022-07-21,2.4
002233,2023-01-21,2023-01-21,2023-01-21,2023-01-21,2023-01-21,2.6
002236,2021-06-08,2021-06-08,2021-06-08,2021-06-08,2021-06-08,6.0
002239,2022-06-30,2022-06-30,2022-06-30,2022-06-30,2022-06-30,3.4
002242,2022-03-13,2022-03-13,2022-03-13,2022-03-13,2022-03-13,4.8
002247,2021-09-07,2021-09-07,2021-09-07,2021-09-07,2021-09-07,2.4
002250,2021-05-09,2021-05-09,2021-05-09,2021-05-09,2021-05-09,12.5
002253,2022-01-04,2022-01-04,2022-01-04,2022-01-04,2022-01-04,2.4
002258,2022-01-24,2022-01-24,2022-01-24,2022-01-24,2022-01-24,4.2
002261,2022-01-11,2022-01-11,2022-01-11,2022-01-11,2022-01-11,2.2
002264,2021-12-01,2021-12-NONE,2021-12-NONE,2021-12-NONE,2021-12-NONE,1.9
002267,2022-09-NONE,2022-09-NONE,2022-09-NONE,2022-09-NONE,2022-09-NONE,2.4
002270,2021-03-16,2021-03-16,2021-03-16,2021-03-16,2021-03-16,2.1
002273,2021-08-09,2021-08-09,2021-08-09,2021-08-09,2021-08-09,3.6
002278,2023-07-NONE,2023-07-NONE,2023-07-NONE,2023-07-NONE,2023-07-NONE,5.4
002281,2022-07-NONE,2022-07-NONE,2022-07-NONE,2022-07-NONE,2022-07-NONE,2.6
002286,2021-12-31,2021-12-31,2021-12-31,2021-12-31,2021-12-31,4.0
002289,2021-12-18,2021-12-18,2021-12-18,2021-12-18,2021-12-18,2.0
002292,2021-07-03,2021-07-03,2021-07-03,2021-07-03,2021-07-03,4.4
002295,2022-09-22,2022-09-22,2022-09-22,2022-09-22,2022-09-22,2.3
002298,2021-10-15,2021-10-15,2021-10-15,2021-10-15,2021-10-15,1.7
002301,2022-01-31,2022-01-31,2022-01-31,2022-01-31,2022-01-31,1.6
002304,2022-07-31,2022-07-31,2022-07-31,2022-07-31,2022-07-31,1.4
002307,2021-11-15,2020-02-02,2020-02-02,2020-02-02,2020-02-02,10.2
002312,2020-08-17,2020-08-17,2020-08-17,2020-08-17,2020-08-17,1.9
002316,2022-06-15,2022-06-15,2022-06-15,2022-06-15,2022-06-15,7.2
002319,2020-10-29,2020-10-29,2020-10-29,2020-10-29,2020-10-29,1.2
002322,NONE-04-15,NONE-04-15,NONE-04-15,NONE-04-15,NONE-04-15,9.1
002325,2020-09-06,2020-09-06,2020-09-06,2020-09-06,2020-09-06,2.2
002329,2020-11-30,2020-11-30,2020-11-30,2020-11-30,2020-11-30,1.5
002332,2021-12-16,2021-12-16,2021-12-16,2021-12-16,2021-12-16,1.6
002335,2021-11-19,2021-11-19,2021-11-19,2021-11-19,2021-11-19,2.5
002338,2023-01-05,2023-01-05,2023-01-05,2023-01-05,2023-01-05,2.4
002343,2022-04-09,2022-04-09,2022-04-09,2022-04-09,2022-04-09,6.4
002346,NONE-02-12,NONE,NONE,NONE,NONE,10.1
002351,2021-09-13,2021-09-13,2021-09-13,2021-09-13,2021-09-13,11.1
002354,2021-10-22,2021-10-22,2021-10-22,2021-10-22,2021-10-22,1.7
002357,2021-10-10,2021-10-10,2021-10-10,2021-10-10,2021-10-10,1.7
002360,2021-06-10,2021-06-10,2021-06-10,2021-06-10,2021-06-10,1.9
002363,2021-08-04,2021-08-04,2021-08-04,2021-08-04,2021-08-04,2.2
002366,2020-10-01,2020-10-01,2020-10-01,2020-10-01,2020-10-01,1.1
002369,2022-01-16,2022-01-16,2022-01-16,2022-01-16,2022-01-16,2.1
002372,2022-11-12,2022-11-12,2022-11-12,2022-11-12,2022-11-12,1.9
002375,2019-10-28,2019-10-28,2019-10-28,2019-10-28,2019-10-28,1.8
002378,2022-12-21,2022-12-21,2022-12-21,2022-12-21,2022-12-21,3.2
002381,2021-08-17,2021-08-17,2021-08-17,2021-08-17,2021-08-17,6.6
002384,2020-10-08,2020-10-08,2020-10-08,2020-10-08,2020-10-08,3.0
002389,2021-08-04,2021-08-04,2021-08-04,2021-08-04,2021-08-04,1.1
002392,2021-07-21,2021-07-21,2021-07-21,2021-07-21,2021-07-21,3.7
002395,2023-11-11,2023-11-11,2023-11-11,2023-11-11,2023-11-11,1.8
002398,2021-09-18,2021-09-18,2021-09-18,2021-09-18,2021-09-18,1.8
002401,2022-11-04,2022-12-04,2022-12-04,2022-12-04,2022-12-04,9.1
002404,2022-10-02,NONE,NONE,NONE,NONE,10.1
002407,2022-03-08,2022-03-08,2022-03-08,2022-03-08,2022-03-08,5.0
002412,2023-01-18,2023-01-18,2023-01-18,2023-01-18,2023-01-18,2.7
002415,2021-11-01,2021-11-01,2021-11-01,2021-11-01,2021-11-01,2.0
002418,2023-05-10,2023-05-10,2023-05-10,2023-05-10,2023-05-10,2.5
002421,2020-10-23,2020-10-23,2020-10-23,2020-10-23,2020-10-23,1.1
002424,2022-06-09,2022-06-09,2022-06-09,2022-06-09,2022-06-09,1.5
002427,2021-01-18,2021-01-18,2021-01-18,2021-01-18,2021-01-18,2.5
002430,2021-06-11,2021-06-11,2021-06-11,2021-06-11,2021-06-11,5.1
002433,2020-07-16,2020-07-16,2020-07-16,2020-07-16,2020-07-16,3.1
002436,2021-06-03,2020-02-02,2020-02-02,2020-02-02,2020-02-02,13.2
002439,2022-01-26,2022-01-26,2022-01-26,2022-01-26,2022-01-26,2.1
002442,2021-08-03,2021-08-03,2021-08-03,2021-08-03,2021-08-03,1.6
002445,2021-01-16,2021-01-16,2021-01-16,2021-01-16,2021-01-16,2.0
002448,2021-02-04,2021-02-04,2021-02-04,2021-02-04,2021-02-04,1.7
002453,2021-12-22,NONE,NONE,NONE,NONE,9.4
002456,2024-09-15,2024-09-15,2024-09-15,2024-09-15,2024-09-15,6.2
002459,2021-11-30,2021-11-30,2021-11-30,2021-11-30,2021-11-30,6.1
002462,2020-12-21,2020-12-02,2020-12-02,2020-12-02,2020-12-02,2.1
002465,2022-01-20,2022-01-20,2022-01-20,2022-01-20,2022-01-20,5.3
002469,2023-06-22,2023-06-22,2023-06-22,2023-06-22,2023-06-22,2.1
002476,2021-03-13,2021-03-13,2021-03-13,2021-03-13,2021-03-13,3.0
002479,2022-07-NONE,2022-07-NONE,2022-07-NONE,2022-07-NONE,2022-07-NONE,2.9
002482,2021-03-28,2021-05-28,2021-05-28,2021-05-28,2021-05-28,1.9
002485,2022-08-03,2022-08-03,2022-08-03,2022-08-03,2022-08-03,1.9
002488,NONE,2021-02-06,2021-02-06,2021-02-06,2021-02-06,1.7
002491,2022-09-08,NONE-08-09,NONE-08-09,NONE-08-09,NONE-08-09,12.5
002495,2021-01-27,2021-01-27,2021-01-27,2021-01-27,2021-01-27,1.9
002498,2021-05-07,2021-05-07,2021-05-07,2021-05-07,2021-05-07,2.2
002501,2021-08-21,2021-08-21,2021-08-21,2021-08-21,2021-08-21,3.8
002504,2022-01-06,2022-01-06,2022-01-06,2022-01-06,2022-01-06,1.7
002507,2021-08-08,2021-08-08,2021-08-08,2021-08-08,2021-08-08,2.7
002510,2022-03-09,2022-03-09,2022-03-09,2022-03-09,2022-03-09,1.5
002513,2021-11-04,2021-11-04,2021-11-04,2021-11-04,2021-11-04,1.2
002516,2022-07-20,2022-07-20,2022-07-20,2022-07-20,2022-07-20,2.0
002519,2023-01-25,2023-01-25,2023-01-25,2023-01-25,2023-01-25,1.9
002522,2022-09-14,2022-09-14,2022-09-14,2022-09-14,2022-09-14,1.4
002525,2023-01-25,2023-01-25,2023-01-25,2023-01-25,2023-01-25,1.6
002528,2021-10-19,2021-10-19,2021-10-19,2021-10-19,2021-10-19,2.2
002531,2022-01-19,2022-01-19,2022-01-19,2022-01-19,2022-01-19,2.6
002534,2021-12-04,2021-12-04,2021-12-04,2021-12-04,2021-12-04,1.4
002537,2021-09-22,2021-09-22,2021-09-22,2021-09-22,2021-09-22,8.2
002540,2021-12-19,2021-12-19,2021-12-19,2021-12-19,2021-12-19,3.7
002543,2021-10-17,NONE-10-17,NONE-10-17,NONE-10-17,NONE-10-17,5.0
002546,2022-04-NONE,2022-04-NONE,2022-04-NONE,2022-04-NONE,2022-04-NONE,4.8
002549,2021-04-02,2021-04-02,2021-04-02,2021-04-02,2021-04-02,11.6
002552,2021-01-22,2021-01-22,2021-01-22,2021-01-22,2021-01-22,11.7
002555,2021-11-18,2021-11-18,2021-11-18,2021-11-18,2021-11-18,3.1
002558,2022-04-01,2022-04-01,2022-04-01,2022-04-01,2022-04-01,3.1
002561,2022-10-21,NONE-10-21,NONE-10-21,NONE-10-21,NONE-10-21,3.9
002564,2021-09-25,2021-09-25,2021-09-25,2021-09-25,2021-09-25,3.4
002567,2021-10-15,2021-10-15,2021-10-15,2021-10-15,2021-10-15,1.8
002572,2021-12-29,2021-12-29,2021-12-29,2021-12-29,2021-12-29,2.9
002575,2021-12-16,2021-12-16,2021-12-16,2021-12-16,2021-12-16,2.8
002578,2024-01-14,2024-01-14,2024-01-14,2024-01-14,2024-01-14,3.1
002581,2021-11-17,2021-01-17,2021-01-17,2021-01-17,2021-01-17,4.1
002584,2023-11-04,2023-11-04,2023-11-04,2023-11-04,2023-11-04,3.5
002587,NONE-12-22,NONE-12-22,NONE-12-22,NONE-12-22,NONE-12-22,3.2
002592,2023-08-11,2023-08-11,2023-08-11,2023-08-11,2023-08-11,2.3
002595,2022-08-05,2022-08-05,2022-08-05,2022-08-05,2022-08-05,2.1
002598,2021-12-NONE,2021-12-NONE,2021-12-NONE,2021-12-NONE,2021-12-NONE,2.8
002601,NONE,2020-10-21,2020-10-21,2020-10-21,2020-10-21,1.4
002604,2023-11-17,2023-11-17,2023-11-17,2023-11-17,2023-11-17,3.1
002607,2022-04-02,2022-04-02,2022-04-02,2022-04-02,2022-04-02,3.6
002611,2021-12-01,2021-12-01,2021-12-01,2021-12-01,2021-12-01,2.3
002614,2023-04-NONE,2023-04-NONE,2023-04-NONE,2023-04-NONE,2023-04-NONE,3.5
002617,2022-05-04,2020-02-20,2020-02-20,2020-02-20,2020-02-20,7.8
002620,2022-03-31,2022-03-31,2022-03-31,2022-03-31,2022-03-31,1.9
002623,2022-12-19,2022-12-19,2022-12-19,2022-12-19,2022-12-19,1.6
002626,2021-06-22,2021-06-22,2021-06-22,2021-06-22,2021-06-22,2.3
002629,2023-05-NONE,2023-05-20,2023-05-20,2023-05-20,2023-05-20,8.2
002632,2022-01-20,2022-01-20,2022-01-20,2022-01-20,2022-01-20,2.8
002635,2022-10-09,2022-10-09,2022-10-09,2022-10-09,2022-10-09,3.0
002638,2022-11-01,2022-11-01,2022-11-01,2022-11-01,2022-11-01,4.6
002641,2021-10-31,2021-10-31,2021-10-31,2021-10-31,2021-10-31,4.1
002644,2022-11-NONE,NONE,NONE,NONE,NONE,15.7
002647,2022-01-24,2022-01-24,2022-01-24,2022-01-24,2022-01-24,1.5
002650,2021-07-01,NONE,NONE,NONE,NONE,6.9
002653,2020-12-08,2020-12-08,2020-12-08,2020-12-08,2020-12-08,2.7
002656,2021-03-25,2021-03-25,2021-03-25,2021-03-25,2021-03-25,2.0
002659,2022-06-11,2022-06-11,2022-06-11,2022-06-11,2022-06-11,3.6
002666,2021-03-26,2021-03-NONE,2021-03-NONE,2021-03-NONE,2021-03-NONE,8.4
002669,2022-04-18,2022-04-18,2022-04-18,2022-04-18,2022-04-18,3.5
002672,2021-04-05,2021-04-05,2021-04-05,2021-04-05,2021-04-05,2.9
002675,2021-03-23,2021-03-23,2021-03-23,2021-03-23,2021-03-23,2.8
002678,2021-08-04,2021-08-04,2021-08-04,2021-08-04,2021-08-04,1.8
002681,2021-09-10,2021-09-10,2021-09-10,2021-09-10,2021-09-10,6.1
002684,2021-12-03,2027-12-03,2027-12-03,2027-12-03,2027-12-03,1.8
002687,NONE,2021-02-02,2021-02-02,2021-02-02,2021-02-02,1.9
002690,NONE-03-11,NONE-03-11,NONE-03-11,NONE-03-11,NONE-03-11,2.0
002693,2021-04-19,2021-04-19,2021-04-19,2021-04-19,2021-04-19,13.1
002696,2021-07-23,2021-07-23,2021-07-23,2021-07-23,2021-07-23,3.6
002699,2021-08-23,2021-08-23,2021-08-23,2021-08-23,2021-08-23,6.2
002702,2022-12-16,2022-12-16,2022-12-16,2022-12-16,2022-12-16,2.6
002705,2021-12-07,2021-12-07,2021-12-07,2021-12-07,2021-12-07,2.1
002708,2020-01-22,2021-08-06,2021-08-06,2021-08-06,2021-08-06,2.7
002711,2022-01-11,2022-01-11,2022-01-11,2022-01-11,2022-01-11,2.5
002714,2021-10-22,2021-12-12,2021-12-12,2021-12-12,2021-12-12,2.0
002717,2022-03-01,NONE,NONE,NONE,NONE,19.0
002720,2026-01-09,2026-01-09,2026-01-09,2026-01-09,2026-01-09,2.8
002723,2020-12-19,2020-12-19,2020-12-19,2020-12-19,2020-12-19,2.0
002726,2017-03-22,2017-03-22,2017-03-22,2017-03-22,2017-03-22,2.6
002729,2021-11-04,2021-11-04,2021-11-04,2021-11-04,2021-11-04,3.2
002732,2021-12-25,2021-12-25,2021-12-25,2021-12-25,2021-12-25,3.8
002735,2022-02-04,2022-02-04,2022-02-04,2022-02-04,2022-02-04,2.1
002738,2021-06-05,2021-06-05,2021-06-05,2021-06-05,2021-06-05,7.2
002742,2021-08-13,2021-08-13,2021-08-13,2021-08-13,2021-08-13,5.2
002746,2022-01-08,2022-01-08,2022-01-08,2022-01-08,2022-01-08,3.3
002749,2020-12-NONE,2020-12-17,2020-12-17,2020-12-17,2020-12-17,2.3
002753,2022-01-NONE,2022-01-NONE,2022-01-NONE,2022-01-NONE,2022-01-NONE,4.2
002756,2021-05-16,2021-05-16,2021-05-16,2021-05-16,2021-05-16,3.9
002759,2021-05-12,2021-05-12,2021-05-12,2021-05-12,2021-05-12,1.2
002764,2021-11-06,2021-11-06,2021-11-06,2021-11-06,2021-11-06,3.6
002767,2021-12-01,2021-12-01,2021-12-01,2021-12-01,2021-12-01,3.1
002770,2021-10-11,2021-10-11,2021-10-11,2021-10-11,2021-10-11,3.1
002773,2024-05-NONE,2024-05-20,2024-05-20,2024-05-20,2024-05-20,3.3
002776,2021-09-15,2021-09-15,2021-09-15,2021-09-15,2021-09-15,1.7
002779,2021-10-02,2021-10-02,2021-10-02,2021-10-02,2021-10-02,1.6
002782,2021-04-22,2021-04-22,2021-04-22,2021-04-22,2021-04-22,8.7
002785,2021-04-18,2021-08-18,2021-08-18,2021-08-18,2021-08-18,5.0
002790,2021-12-06,2021-12-06,2021-12-06,2021-12-06,2021-12-06,1.8
002793,2022-10-05,2022-10-05,2022-10-05,2022-10-05,2022-10-05,2.9
002796,2021-03-18,2021-03-18,2021-03-18,2021-03-18,2021-03-18,1.6
002801,2021-09-29,2021-09-29,2021-09-29,2021-09-29,2021-09-29,2.6
002804,2021-04-19,2021-04-19,2021-04-19,2021-04-19,2021-04-19,1.5
002807,2021-12-29,2021-12-29,2021-12-29,2021-12-29,2021-12-29,1.5
002810,2023-01-20,2023-01-20,2023-01-20,2023-01-20,2023-01-20,2.7
002813,2021-04-02,NONE-04-02,NONE-04-02,NONE-04-02,NONE-04-02,2.1
002818,2022-12-01,2022-12-01,2022-12-01,2022-12-01,2022-12-01,2.2
002821,2021-11-19,2021-11-19,2021-11-19,2021-11-19,2021-11-19,3.2
002824,2022-11-08,2022-11-08,2022-11-08,2022-11-08,2022-11-08,2.7
002827,2021-07-03,NONE,NONE,NONE,NONE,8.6
002830,2022-05-21,2022-05-21,2022-05-21,2022-05-21,2022-05-21,4.5
002833,2021-08-30,2021-08-30,2021-08-30,2021-08-30,2021-08-30,2.0
002836,2021-08-01,2021-08-01,2021-08-01,2021-08-01,2021-08-01,3.5
002839,2021-05-24,2021-05-24,2021-05-24,2021-05-24,2021-05-24,1.6
002842,2023-09-22,2023-09-22,2023-09-22,2023-09-22,2023-09-22,1.3
002845,2020-03-09,2020-03-09,2020-03-09,2020-03-09,2020-03-09,2.9
002848,2021-12-30,NONE,NONE,NONE,NONE,10.6
002851,2021-08-02,2021-08-02,2021-08-02,2021-08-02,2021-08-02,3.3
002854,2021-08-11,2021-08-11,2021-08-11,2021-08-11,2021-08-11,8.0
002857,2023-06-02,2023-06-02,2023-06-02,2023-06-02,2023-06-02,6.7
002860,2022-06-15,2022-06-15,2022-06-15,2022-06-15,2022-06-15,1.7
002863,2021-08-30,NONE,NONE,NONE,NONE,13.3
002866,2022-02-28,2022-02-28,2022-02-28,2028-02-02,2028-02-02,10.2
002869,2021-08-04,2021-08-04,2021-08-04,2021-08-04,2021-08-04,6.4
002872,2021-04-07,2021-04-07,2021-04-07,2021-04-07,2021-04-07,1.8
002875,2021-04-11,2021-04-11,2021-04-11,2021-04-11,2021-04-11,1.7
002878,2021-06-21,2021-06-21,2021-06-21,2021-06-21,2021-06-21,1.3
002883,2023-12-08,2023-12-08,2023-12-08,2023-12-08,2023-12-08,2.2
002886,2022-01-04,2022-01-04,2022-01-04,2022-01-04,2022-01-04,1.4
002889,2021-07-15,2021-07-15,2021-07-15,2021-07-15,2021-07-15,1.4
002892,2021-03-31,2021-03-31,2021-03-31,2021-03-31,2021-03-31,2.4
002895,2024-02-13,2024-02-13,2024-02-13,2024-02-13,2024-02-13,2.2
002898,2021-11-09,2021-11-09,2021-11-09,2021-11-09,2021-11-09,2.6
002901,2022-08-03,2022-08-03,2022-08-03,2022-08-03,2022-08-03,1.6
002904,2023-03-NONE,NONE,NONE,NONE,NONE,14.1
002908,2021-10-30,2021-10-30,2021-10-30,2021-10-30,2021-10-30,7.3
002911,2021-06-30,2021-06-30,2021-06-30,2021-06-30,2021-06-30,3.1
002914,2020-11-18,2020-11-18,2020-11-18,2020-11-18,2020-11-18,3.1
002917,2021-04-30,2021-04-30,2021-04-30,2021-04-30,2021-04-30,4.3
002920,2021-09-11,2021-09-11,2021-09-11,2021-09-11,2021-09-11,1.7
002923,2021-06-13,2021-06-13,2021-06-13,2021-06-13,2021-06-13,3.1
002926,2021-11-06,2021-11-06,2021-11-06,2021-11-06,2021-11-06,3.0
002929,2022-09-27,2022-09-27,2022-09-27,2022-09-27,2022-09-27,2.1
002932,2022-02-01,2022-02-01,2022-02-01,2022-02-01,2022-02-01,5.7
002935,2022-02-02,2022-02-02,2022-02-02,2022-02-02,2022-02-02,5.2
002938,2021-10-NONE,2021-10-NONE,2021-10-NONE,2021-10-NONE,2021-10-NONE,5.3
002941,2021-07-05,2021-07-05,2021-07-05,2021-07-05,2021-07-05,15.2
002944,2020-06-23,2020-06-23,2020-06-23,2020-06-23,2020-06-23,1.1
002947,2021-09-25,2021-09-25,2021-09-25,2021-09-25,2021-09-25,1.5
002950,2021-04-30,2021-04-30,2021-04-30,2021-04-30,2021-04-30,1.8
002953,2020-05-28,2020-05-28,2020-05-28,2020-05-28,2020-05-28,2.8
002956,NONE,2021-01-02,2021-01-02,2021-01-02,2021-01-02,3.1
002959,2022-07-27,2022-07-27,2022-07-27,2022-07-27,2022-07-27,1.6
002962,NONE,2020-03-13,2020-03-13,2020-03-13,2020-03-13,2.1
002965,2022-09-03,2022-09-03,2022-09-03,2022-09-03,2022-09-03,3.1
002968,2021-05-28,2021-05-28,2021-05-28,2021-05-28,2021-05-28,1.4
002971,2022-11-14,2022-11-14,2022-11-14,2022-11-14,2022-11-14,2.3
002976,2020-05-12,2020-05-12,2020-05-12,2020-05-12,2020-05-12,2.0
002979,2020-07-20,2020-07-20,2020-07-20,2020-07-20,2020-07-20,5.4
002982,2021-09-14,2021-09-14,2021-09-14,2021-09-14,2021-09-14,2.2
002985,2021-05-01,2021-05-01,2021-05-01,2021-05-01,2021-05-01,2.1
002988,2021-07-20,2021-07-20,2021-07-20,2021-07-20,2021-07-20,15.2
002991,2021-03-20,2021-03-20,2021-03-20,2021-03-20,2021-03-20,2.6
002994,2022-07-13,2022-07-13,2022-07-13,2022-07-13,2022-07-13,2.9
002997,2022-10-15,2022-10-15,2022-10-15,2022-10-15,2022-10-15,2.8
003000,2021-10-12,2021-10-12,2021-10-12,2021-10-12,2021-10-12,2.0
003003,2022-11-26,2022-11-26,2022-11-26,2022-11-26,2022-11-26,3.0
003006,2022-05-26,2022-05-26,2022-05-26,2022-05-26,2022-05-26,1.8
003009,2021-10-05,2021-10-05,2021-10-05,2021-10-05,2021-10-05,2.5
003012,2024-01-29,2024-01-29,2024-01-29,2024-01-29,2024-01-29,2.2
003015,2022-07-01,2022-07-NONE,2022-07-NONE,2022-07-NONE,2022-07-NONE,2.7
003018,2023-01-04,2023-01-04,2023-01-04,2023-01-04,2023-01-04,1.3
003021,2021-03-23,2021-03-02,2021-03-02,2021-03-02,2021-03-02,2.7
003024,2021-09-13,2021-09-13,2021-09-13,2021-09-13,2021-09-13,1.8
003027,2021-09-28,2021-09-28,2021-09-28,2021-09-28,2021-09-28,1.9
003030,2021-11-02,2021-11-02,2021-11-02,2021-11-02,2021-11-02,2.1
003033,2022-11-21,2022-11-21,2022-11-21,2022-11-21,2022-11-21,1.6
003036,2022-08-28,2022-03-28,2022-03-28,2022-03-28,2022-03-28,1.3
003039,2021-03-01,2021-03-01,2021-03-01,2021-03-01,2021-03-01,1.8
003042,2022-01-17,2022-01-17,2022-01-17,2022-01-17,2022-01-17,2.3
003045,2022-05-02,2022-05-02,2022-05-02,2022-05-02,2022-05-02,1.5
003048,2021-04-07,2021-04-07,2021-04-07,2021-04-07,2021-04-07,1.3
003051,2020-12-19,2020-12-19,2020-12-19,2020-12-19,2020-12-19,3.2
003054,2021-10-28,2021-10-28,2021-10-28,2021-10-28,2021-10-28,3.9
003057,2022-02-19,2022-02-19,2022-02-19,2022-02-19,2022-02-19,1.3
003060,2021-10-04,NONE,NONE,NONE,NONE,7.4
003065,NONE,2021-11-12,2021-11-12,2021-11-12,2021-11-12,2.2
003068,2021-06-15,2021-06-15,2021-06-15,2021-06-15,2021-06-15,1.4
003073,2021-08-25,2021-08-25,2021-08-25,2021-08-25,2021-08-25,2.9
003076,2021-01-16,2021-01-16,2021-01-16,2021-01-16,2021-01-16,3.4
003079,2021-11-01,2021-11-01,2021-11-01,2021-11-01,2021-11-01,17.9
003084,2021-12-02,2021-12-02,2021-12-02,2021-12-02,2021-12-02,2.5
003087,2021-06-30,2021-06-30,2021-06-30,2021-06-30,2021-06-30,1.7
003090,2021-09-15,2021-09-15,2021-09-15,2021-09-15,2021-09-15,2.9
003093,2023-01-03,2023-01-03,2023-01-03,2023-01-03,2023-01-03,1.7
003096,2022-10-12,2022-10-12,2022-10-12,2022-10-12,2022-10-12,1.8
003099,2022-08-07,2022-08-07,2022-08-07,2022-08-07,2022-08-07,2.4
003102,2022-03-29,2022-03-29,2022-03-29,2022-03-29,2022-03-29,5.1
003105,2023-12-06,2023-12-06,2023-12-06,2023-12-06,2023-12-06,1.1
003108,2022-07-16,2022-07-16,2022-07-16,2022-07-16,2022-07-16,1.5
003111,2021-06-09,NONE,NONE,NONE,NONE,5.3
003114,2021-09-25,2021-09-25,2021-09-25,2021-09-25,2021-09-25,2.3
003118,2021-07-10,2021-07-10,2021-07-10,2021-07-10,2021-07-10,1.3
003121,2021-09-30,2021-09-30,2021-09-30,2021-09-30,2021-09-30,1.2
003125,2021-03-07,2021-03-07,2021-03-07,2021-03-07,2021-03-07,0.9
003128,2022-08-25,2022-08-25,2022-08-25,2022-08-25,2022-08-25,0.9
003131,2022-03-30,2022-03-30,2022-03-30,2022-03-30,2022-03-30,3.1
003134,2021-10-14,2021-10-14,2021-10-14,2021-10-14,2021-10-14,2.2
003137,2022-11-09,2022-11-09,2022-11-09,2022-11-09,2022-11-09,1.7
003144,2022-01-11,2022-01-11,2022-01-11,2022-01-11,2022-01-11,1.4
003147,2021-04-22,2021-04-22,2021-04-22,2021-04-22,2021-04-22,1.7
003150,2021-12-10,2021-12-10,2021-12-10,2021-12-10,2021-12-10,1.2
003153,2021-06-30,2021-06-30,2021-06-30,2021-06-30,2021-06-30,2.2
003156,2021-10-26,2021-10-26,2021-10-26,2021-10-26,2021-10-26,1.3
003159,2020-04-23,2020-04-23,2020-04-23,2020-04-23,2020-04-23,1.6
003162,2021-09-20,2021-09-20,2021-09-20,2021-09-20,2021-09-20,1.1
003165,2021-09-17,NONE,NONE,NONE,NONE,21.4
003168,2021-09-18,2021-09-18,2021-09-18,2021-09-18,2021-09-18,2.7
003172,2021-06-20,2020-06-21,2020-06-21,2020-06-21,2020-06-21,9.0
003175,2021-03-18,2021-03-18,2021-03-18,2021-03-18,2021-03-18,2.5
003178,2021-03-25,2021-03-25,2021-03-25,2021-03-25,2021-03-25,1.8
003181,2021-06-14,2021-06-14,2021-06-14,2021-06-14,2021-06-14,3.4
003184,2021-06-28,2020-06-28,2020-06-28,2021-06-28,2021-06-28,2.0
003188,2022-01-17,2022-01-17,2022-01-17,2022-01-17,2022-01-17,2.0
003193,2021-07-13,2021-02-10,2021-02-10,2021-02-10,2021-02-10,9.4
003196,2022-11-05,2022-11-05,2022-11-05,2022-11-05,2022-11-05,1.9
003199,2025-10-12,2025-10-12,2025-10-12,2025-10-12,2025-10-12,2.4
003202,2021-10-NONE,2021-10-NONE,2021-10-NONE,2021-10-NONE,2021-10-NONE,1.7
003205,2023-06-26,2023-06-26,2023-06-26,2023-06-26,2023-06-26,1.2
003208,2021-07-20,2021-07-20,2021-07-20,2021-07-20,2021-07-20,1.7
003211,2021-08-11,2021-08-11,2021-08-11,2021-08-11,2021-08-11,2.4
003214,2024-01-12,NONE,NONE,NONE,NONE,6.1
003217,2022-01-15,2022-01-15,2022-01-15,2022-01-15,2022-01-15,1.8
003220,2021-09-13,2021-09-13,2021-09-13,2021-09-13,2021-09-13,1.4
003224,2021-08-21,2021-09-01,2021-09-01,2021-09-01,2021-09-01,1.9
003229,2022-07-NONE,2022-07-NONE,2022-07-NONE,2022-07-NONE,2022-07-NONE,1.4
003232,2021-09-21,2021-09-21,2021-09-21,2021-09-21,2021-09-21,1.2
003235,2022-11-NONE,2022-11-NONE,2022-11-NONE,2022-11-NONE,2022-11-NONE,1.7
003238,2021-10-16,2021-10-16,2021-10-16,2021-10-16,2021-10-16,1.5
003244,2021-07-NONE,NONE-07-21,NONE-07-21,NONE-07-21,NONE-07-21,9.1
003248,2023-01-17,2023-01-17,2023-01-17,2023-01-17,2023-01-17,2.3
003251,2023-04-NONE,2023-04-NONE,2023-04-NONE,2023-04-NONE,2023-04-NONE,2.1
003254,2021-11-05,2021-11-05,2021-11-05,2021-11-05,2021-11-05,1.5
003257,2022-04-01,2022-04-01,2022-04-01,2022-04-01,2022-04-01,1.8
003260,2022-07-29,2022-07-29,2022-07-29,2022-07-29,2022-07-29,1.3
003263,2021-05-27,2021-05-27,2021-05-27,2021-05-27,2021-05-27,1.6
003267,2022-05-05,2022-05-05,2022-05-05,2022-05-05,2022-05-05,7.7
003270,2021-10-31,2021-10-31,2021-10-31,2021-10-31,2021-10-31,1.6
003273,2021-05-03,2021-05-03,2021-05-03,2021-05-03,2021-05-03,6.8
003276,NONE-04-10,NONE-04-10,NONE-04-10,NONE-04-10,NONE-04-10,1.1
003279,2023-10-02,2023-10-02,2023-10-02,2023-10-02,2023-10-02,1.1
003282,2022-12-21,2022-12-21,2022-12-21,2022-12-21,2022-12-21,0.9
003285,2021-08-06,2021-08-06,2021-08-06,2021-08-06,2021-08-06,3.8
003292,2022-12-02,2022-12-02,2022-12-02,2022-12-02,2022-12-02,2.2
003297,2021-10-21,2021-10-21,2021-10-21,2021-10-21,2021-10-21,1.3
003300,2023-06-11,2023-06-11,2023-06-11,2023-06-11,2023-06-11,1.2
003303,NONE,NONE,NONE,NONE,NONE,7.1
003306,2020-09-01,2020-09-01,2020-09-01,2020-09-01,2020-09-01,3.0
003310,2020-08-29,2020-10-04,2020-10-04,2020-10-04,2020-10-04,1.3
003315,2021-08-03,2021-08-03,2021-08-03,2021-08-03,2021-08-03,1.6
003318,2021-10-20,NONE-10-20,NONE-10-20,NONE-10-20,NONE-10-20,1.3
003321,2021-09-01,2021-09-01,2021-09-01,2021-09-01,2021-09-01,1.5
003324,2021-06-01,2021-06-02,2021-06-02,2021-06-02,2021-06-02,5.5
003327,2024-06-05,2026-02-08,2026-02-08,2026-02-08,2026-02-08,5.3
003330,2021-11-03,2021-01-03,2021-01-03,2021-11-03,2021-11-03,1.8
003333,2021-10-30,2021-10-30,2021-10-30,2021-10-30,2021-10-30,1.4
003336,2021-07-02,2021-07-02,2021-07-02,2021-07-02,2021-07-02,0.9
003339,2022-01-24,2022-01-24,2022-01-24,2022-01-24,2022-01-24,2.2
003342,2023-12-30,2023-12-30,2023-12-30,2023-12-30,2023-12-30,0.9
003345,2026-08-19,2026-08-19,2026-08-19,2026-08-19,2026-08-19,1.9
003351,2025-12-10,2025-10-22,2025-10-22,2025-10-22,2025-10-22,7.7
