image_id,label,tags,fin,v3,src,kind,ft_full,ft_mid,ko_full,ko_mid,ft_dates,ko_dates,sec,sec_vote
000032,2026-03-22,,2026-03-28,2026-03-28,p2,YYYY,2026.03 03. 2,2026.03 03.22 2,202515. 1 ,2051. 1 ,2026-03-03,,1.98,0.596
000063,2026-06-16,2,2026-06-16,2026-06-16,p2,YMD_GLUED,2026.06.16,2026.06.16,2026.06.16,2026.06.16,2026-06-16,2026-06-16,1.56,0.135
000066,2026-08-17,,2026-08-17,2026-08-01,p2,YYYY,2026.08.1 17-08.310,2026.08.1 17-08.310,2026.08.1 170,2026.0.17 17 03인AP,2026-08-01,2026-08-01,1.74,0.451
000184,2027-11-19,,2027-11-01,2027-11-19,p2,DMY4,19 11 2027 119MZR2 01210101 7-9,19 11 2027 19MZ2 01210101 7-9,19 11 2027 I9MZR2 이달리아에서 스파게티트 4드9분,19 11 2027 I9MZR2 이달리아에서 스파지티 주드9분,2027-11-19,2027-11-19,1.53,0.65
000216,2026-03-16,,2026-06-03,2026-06-03,p2,YYYY,3 2026.0 6.03.16,3 2026.0 6.03.16, 2026. 0 6.03 16,E 2026. 0 6.03 16,,,1.48,0.528
000221,2026-07-15,,2026-07-15,2026-07-15,p2,YYYY,2026.07.115.,2026.07.115.,"202607,15. F2","2026.07,15. F2",2026-07-11,,1.47,0.113
000226,2027-03-15,,2027-03-15,2027-03-15,p2,YYMM_DAYLA,27.02.15 19/23,27.02.15 1923,27.03 15 19:23 ,27.03 15 1923,2027-02-15,2027-03-15,3.67,0.118
000238,2026-09-10,2,2026-09-10,2026-09-10,p1@640,YYYY,2026.09.023,2026.09.03,2026.010B,2026.01,2026-09-02;2026-09-03,2026-01-08,1.06,0.113
000287,2027-02-18,,2027-02-18,2027-02-18,p2,YY,5 27.02.18111  080-19-,5 27.02.18111  080-19--, 7....18 111 080-019-9, 127.02. 18 111 080-019-9,2027-02-18,,3.91,0.675
000294,2026-09-08,2,2026-09-08,2026-09-08,p2,YYYY, 2 2  0   0221  00 002 0109  0 4584 2025.09.09 2026.09.08 0854 0 2 .196890. 8010, 2 2  2002  6 1 00 00 002 0109  0 4584 2025.09.09 2026.09.080854 0 22 .189880.6 ,제조일자: 소H기한  ·영       보이는입지는원료두밀의일부분이므로 안심하고드서도 됩니다. 부정량시품신는국번이139-제품은소   9-보1 20,제조일자: 소H기한  영       보이는입지는원료두밀의일부분이미로 안심하고드서도 됩니다. 부정시품신는국번이139- 제품은   - 2025.09,2025-09-09;2026-09-08,2025-09-09;2026-09-08,4.55,3.2
000361,2026-12-19,,2026-12-12,2026-12-12,p2,CMP,   2026.12.1 026.162,,속쑥짝짝밥도둑! 각짝할새에밥한공기 해치우게하는 2021 E,,2026-12-01,,6.29,0.352
000398,2027-07-30,,2027-07-30,2027-07-30,p1@640,YYYY,2027.07.20 2,2027.07.20 2,2027.0730 까지2,2027.0730 까지2,2027-07-20,2027-07-30,1.02,0.43
000423,2026-06-04,b,2026-06-02,2026-06-02,p2,YYYY,  2025.06.05 2026.06.0,  2025.06.05 2026.06.0, 소보로 2025.06.05 2026.06.04지, 소보로 2025.06.05 2026.06.0지,2025-06-05,2025-06-05;2026-06-04,1.58,0.63
000426,2026-12-26,,2026-12-26,2026-12-26,p2,YYYY,2026.12.6,2026.12.2,2026.2.26 F3,2026.1226 F3,2026-12-02;2026-12-06,2026-02-26;2026-12-26,1.44,0.179
000429,2026-01-04,,2026-01-04,2026-01-04,p1keep/p1@640,YYYY,OTHER  41593657 2026 01 01 006.59,OTHER 7 41573657 2026 01 0 006.59,OTHER  —뉴구들로흐르트    ,OTHER  —뉴구능로르르트—    남드,2026-01-01,,2.47,0.811
000459,2026-01-19,,NONE-01-19,NONE-01-19,blur1/p1@1024,MMDD,0 128 1 GL1c   210 21 82214.179 5U8401 8  26.01.19  21281880 3.9128202.0 18/0187,,0o 산곡물 루 습니다. % 조리예 An기을소 부장-C 또는 보성받을수있습니 EP4B 이 225019 영농협 |조리방법2기 어주세요 3역2후 내,,2026-01-19,,22.97,1.965
000464,2026-03-19,,2026-05-19,2026-05-19,p2,YYYY,2026.09.59282,,2.01 23,,,,5.42,0.077
000466,2027-06-07,t,2027-06-17,2027-06-17,p2,YYYY,2027.06.07,2027.06.007,202707,202706177,2027-06-07,,0.95,0.119
000474,2026-06-26,,2026-06-06,2026-06-06,p2,EXTEND,26.06,26.06,11,6.0,,,1.55,0.12
000483,2027-04-15,,2027-04-15,2027-04-15,p2,YYYY,2027.04.13,2027.04.,2027.04.16,2027.04.46개1,2027-04-13,2027-04-16,0.53,0.12
000506,2026-06-18,2,2026-06-11,2026-06-01,p2,YYYY,202    2026.06.1  0  05,2    2026.06.1    05,    2026.06.10 부터 까지 과재유처리제 151,    2026.06.1 부터 마지 과자유처리제 151,2026-06-01,2026-06-01;2026-06-10,1.7,0.897
000586,2026-03-14,,2026-03-14,2026-03-14,p2,YYYY,2026.03.14 2026.03.2151,2026.03.14 2026.03.2151,3:육크관진 우르음영추글라광소',:육추관진 우르음영추글락광소',2026-03-14;2026-03-21,,0.8,0.39
000587,2026-02-07,,2026-02-17,2026-02-17,p2,YYYY,2026.02 777 130,2026.02 0727 130,2026.02.1 17까지 13,2026.02.1 17까지 13,2026-02-07,2026-02-01,4.3,0.589
000593,2026-07-22,,2026-07-22,2026-07-22,p2,YY,26.07.220 20013 ,,2.07.20 2 00:13 F2 까지,,2026-07-22,,2.68,0.263
000732,2026-03-16,,2026-03-15,2026-03-15,p2,YYYY,2026.03.16,2026.03.16,22.오3:1광진,2·운를:1후광질,2026-03-16,,1.33,0.179
000883,2021-07-03,,2021-01-04,2021-01-04,p2,YYYY,A  2021.01.03, 7 2021.01.03,생산일자 유통기한 22,생산일자 유통기한 222,2021-01-03,,1.06,0.554
000887,2021-12-04,,2021-12-04,2021-12-04,p1keep/erode2/p1@640,YYYY,m3  BEFORE  SCoerd 52 2021 12 01,,thie R EEFORE KR e    52 2021 12 ,,2021-12-01,,6.2,0.533
000904,2021-08-31,,2021-08-22,2021-08-22,p2,DMY4,Merba 32-08-23-234 31-08-2021,,merba 글물니르2344 큰글-,,2021-08-31,,1.36,0.295
000955,2022-01-25,,2022-01-03,2022-01-03,p2,YY,22.01.222151 ,22.01.222151 ,2.0.325 까지,2.01.025 까지,,,1.12,0.42
000968,2022-10-17,,2022-10-NONE,2022-10-NONE,p2,YYYYMM,  2022.10.1,,유용기한 기OKCNOCOR 2022. 10.17,,2022-10-01,2022-10-17,1.64,0.265
001039,2021-12-28,,2021-12-28,2021-12-28,p1@640,YYYY,2021.12.2,,eP:2021.1.28 D 29,,2021-12-02,2021-01-28,0.69,0.068
001069,2021-03-15,,2021-03-10,2021-03-10,p2,YYYY,2021.03.15,,2021.03.1,,2021-03-15,2021-03-01,0.84,0.065
001084,2021-07-09,,2021-07-01,2021-07-01,p2,YYYY,2021.07 11.07 ,,202  까지,,2021-07-11,,1.44,0.261
001101,2021-03-14,2,2021-01-14,2021-01-14,p1@640,YYYY,2021.02.1 2021.03.141,,2021.0  2021.03,,2021-02-01;2021-03-14,,1.38,0.187
001108,2021-02-28,,2025-02-28,2025-02-28,koline,YY,21.02.28,,21:92.28까지,,2021-02-28,,1.13,0.059
001114,2023-11-15,,2023-11-15,2023-11-15,p2,YYYY,23.11.   2023.11.1 41  40  02-20   ,,202311 Ul  2023.11.15B        ,,2023-11-01,2023-11-15,1.39,0.559
001125,2021-12-28,2,2021-12-21,2021-12-28,p2,YY_LEAD0,2021.12.28,2021.12.28,2021.12.2817:22,2021.12.2817:22,2021-12-28,2021-12-28,0.77,0.122
001128,2021-06-10,2,2021-12-10,2021-12-10,p2,YY,4-6060 .2.21 20.12.11 21.06.10 ,,24-6080 인공기 20.12.1123:04 24.12.1023 가지,,2020-12-11;2021-06-10,2020-12-11;2024-12-10,2.36,0.336
001155,2021-09-21,,2021-09-02,2021-09-02,p1@640,YY_TAIL,          2109-202118.285             ,,          21-9-021789 025             ,,,,1.77,0.944
001185,2021-09-28,2,2021-09-26,2021-09-26,p2,YY,20.12.29 21.09.28 1438    080-024-6060 0,20.12.29 21.09.28 1438    080-024-6060 0,0.12.29 21.19.2 143 부터 까지 고객지원센터 080-024-6060 e,20.12.29 21.69.28 14:38 부터 까지 고객지원센터 080-024-6060 e,2020-12-29;2021-09-28,2020-12-29,1.97,0.87
001190,2019-06-28,2,2019-06-28,2019-06-28,p2,YYYY,2019.06.228,,201.0.23TFe,,2019-06-22,,2.02,0.072
001196,2021-10-18,,2021-10-18,2021-10-18,p2,YY,0 155 62691 80 4152 05 5 A 4 1206.34  0 2 203  A 27123 A0 22 20A 2E22  2 158 208,,영양정보 15mng5%단69화자  5 659  드 가량    습니다 지는고운마용이 같은으나인체에 내포장재질을 원재료명    식품유형 소분업소  ,,2021-10-08,,2.26,1.424
001200,2021-10-20,2,2021-10-20,2021-10-20,p2,YY_LEAD0,2021.10.20,,2021.10.20,,2021-10-20,2021-10-20,2.06,0.072
001247,2022-01-19,2,2022-01-19,2022-01-19,p1@640,YY, 19870415031 84.2642 AA    2 12 A 1 21.01.206 22.01.1 801117-109202    ,," 1987050  y NN 입    치츠분말,유제연하이드로 오합제기한 성향,카라색)  지고기함유 21.01.2006) 22.01 8 801117",,2022-01-01,,2.29,0.887
001251,2021-04-11,2,2021-04-11,2021-04-11,p1keep/p1@640,YY,  21.01.12 21.04.1,,E  21.01.12 21.04.11,,2021-01-12;2021-04-01,2021-01-12;2021-04-11,1.21,0.334
001253,2021-08-19,,2021-08-11,2021-08-11,p1keep/p1@640,YYYY,2021.08.19,,201.8.11-5,,2021-08-19,,0.68,0.071
001274,2022-06-17,,2022-06-17,2022-06-17,p2,DMY4,BESt BEFOR 17/06/2027 10t No 117,,BEST BEFORE 17/06/2022 17tN0:117,,2027-06-17,2022-06-17,2.51,0.314
001305,2021-04-12,,2021-04-12,2021-04-12,p2,EXTEND_R,2021.041,,2021-04-1,,,2021-04-01,2.23,0.068
001318,2022-12-07,2,2020-12-07,2020-12-07,p1keep/p1@640,DMY4,   07/12/2022,,DEML  I 87/1/83,,2022-12-07,,1.75,0.325
001367,2021-09-29,2,2021-09-22,2021-09-22,p2,DMY4,212  2378 .2..06.202 29.09.20021 37  0  20 008 206 28,,"S 12cal 1  PROD, 23,06200 ERP23.09221 E37B 0 0    20 2",,,,1.74,0.61
001410,2021-05-25,,2021-05-05,2021-05-05,p2,DMY4,2505 05.2021,,클 믕5.2021,,,,8.86,0.287
001431,2021-08-19,,2021-08-01,2021-08-01,erode2/p1@640,SP_DMY,19 08 21 13 0232,,190821 L960232,,2021-08-19,2019-08-21,6.3,0.273
001466,2020-11-03,,2020-01-03,2020-01-03,erode2/p1@1024,YYYY, 1 4  020.11.03 26 90t3 2 30,,보이차를맛있게  2보이자심각티을 진에널고은수다어 B간우린을전저어니다 .03  9ot   ①,,2020-11-03,,12.98,0.624
001520,2021-07-08,,2021-07-10,2021-07-10,erode2/p1@640,YYYY,2021.07. 21.09 .08 ,,2021:07.0 1:85 .08 까지,,2021-07-21,,6.1,0.348
001523,2021-06-14,2,2021-01-15,2021-01-15,p1@640,CMP6_YMD,2021.02.15,,838338,,2021-02-15,,1.11,0.082
001537,2021-02-19,2,2021-01-25,2021-01-25,p2,YY,21.01.26,,31:2.5,,2021-01-26,,2.8,0.062
001575,2022-03-27,,2022-03-22,2022-03-27,p2,YYYY,2022.03.27,,2022.03.27,,2022-03-27,2022-03-27,1.0,0.064
001644,2021-10-16,,2021-10-15,2021-10-15,p1@640,DMY4,0106/1.10 1.16.10.2021,,01061010. 10110.2021,,2021-10-16,,1.04,0.236
001722,2021-07-06,2,2021-07-06,2021-07-06,p2,YYYY, 2 4 5  0/24 2021.07.06 8 2021.01.07 0 08 A  2y 202yo1 20 21  AM9 25  .,,A      2021.07.06  2021.01.07     어 기   이   부터 ,,2021-01-07;2021-07-06,2021-01-07;2021-07-06,2.03,0.84
001766,2021-09-10,,2021-09-10,2021-09-10,p2,D_MON_Y,10/SEP/211 2136  ,,10SP21I213  ,,,,1.39,0.275
001791,2020-08-13,,2020-08-01,2020-08-01,p2,YY,20.08.13,,"20.08, 13 F1",,2020-08-13,,3.41,0.077
001802,2021-05-03,,2021-08-05,2021-08-05,p2,DMY4,05.03.2021,,05.0.202,,2021-03-05,,1.69,0.071
001830,2020-12-NONE,,2020-12-NONE,2020-12-NONE,p2,MMYYYY,004CG4CB19  12/2020,004CG4CB19  12/2020,004CG4CB19 BB 12/2020,004CG4CB19 BB12/2020,2020-12-19,2020-12-NONE,1.18,0.401
001831,2020-12-NONE,,2020-12-NONE,2020-12-NONE,p2,MMYYYY,004CG4CB19 12/2020,,004CG4CB19 BB 12/2020,,2020-12-19,2020-12-NONE,1.0,0.076
001884,2021-09-09,,2021-09-11,2021-09-11,p2,DMY4,2 203.L.0913 11 09/09/2021 20301.091 80g,, 2020-013131 091/09/2021 2009221 80ge,,2021-09-09,,1.74,0.402
001896,2021-03-17,,2021-03-17,2021-03-17,p2,YYYY,2021.03.7 0g20 00,,2021.03.17 90 2개입유 이미지사진,,2021-03-07,2021-03-17,1.31,0.296
001938,2021-03-NONE,,2021-03-NONE,2021-03-NONE,p2,MMYYYY,016CM4CB19  03/2021,016CM4CB19 03/2021,016CM4CB19 BB 03/2021,016CM4CB19 BB 03/2021,2021-03-19,2021-03-NONE,1.88,0.52
002152,2019-07-11,2,2019-07-18,2019-07-18,p2,YY,19.07.11,19.07.11,19.07.1B,19.07.17B,2019-07-11,2019-07-17;2019-07-18,2.07,0.199
002153,2019-07-11,2,2019-07-18,2019-07-18,p2,YY,19.07.1 19.06.12,,19.89:1FB 19.86.12,,2019-06-12;2019-07-01,,1.63,0.261
002192,2020-10-20,,2026-10-20,2026-10-20,p2,YYMM_GLUE,2028.0.29,,.20,,,,4.21,0.084
002276,2023-12-22,2,2023-12-02,2023-12-02,p2,YYYY,2023.122 202m.12.23,,23. 12.2 2-12-23,,,2023-12-02,1.26,0.254
002310,NONE-03-13,2,NONE-03-01,NONE-03-01,p2,MMDD,03.13.13.47 03.03.1347,,3.1313F5 13134?A,,,,2.27,0.269
002391,2021-03-18,,2021-03-NONE,2021-03-NONE,p1@640,YYYYMM, A  00246   801062.2 2021.03.19 3 1821,,씨이트 AE 롯데제과 022-2060 ipl ontcot 교시운신터 02 2021:  1B:21,,2021-03-19,,1.94,0.669
002443,2021-11-11,,NONE-11-11,2021-11-11,p2,MMDD,EST BEFORE 11/11/21,EST BEFORE 11/11/21,BEST.BEFOREI 11111,BEST.BEFORE1 111121,2021-11-11,2021-11-11,2.56,0.58
002455,2023-02-NONE,,2023-02-NONE,2023-02-NONE,p2,MMYYYY,3    02.2023 303189 1802 0745 409077.0728 nhal 48882 72925 .C.50 3   .20 2002 20,,as   us   02.2023 L30319 18023745 400020725 Inhalt:    CSORC         영양정보 영양정보  ,,2023-02-03,2023-02-NONE,2.91,1.506
002463,NONE,,2020-12-26,2020-12-26,p2,EXTEND_R,23.26 2020.12.21,,23:26 e020.12,,2020-12-21,,2.05,0.288
002470,2023-06-22,,2023-06-22,2023-06-22,p2,DMY4,2.06.2023,,22.06.2023,,2023-06-02,2023-06-22,1.19,0.097
002481,2021-03-28,,2021-03-28,2021-05-28,p1@1024,YYYY,2021.05.28,2021.05.28,2021.0.28A박비영A,202105.28지AA,2021-05-28,2021-05-28,3.58,0.179
002490,2021-04-18,,2021-04-18,2021-04-18,p2,YYYY,9 2  2021.04.1 ZZARELLA Che ,,kg 슐렸들 슐랫들라 2021.04.8 0 TIARELLAC Che 서울,,2021-04-01,2021-04-08,1.61,0.553
002497,2023-01-24,,2024-09-NONE,2024-09-NONE,p1@640,YYMM,24 09 06,2409 06,24 09:06,24 09:06,2024-09-06,,1.57,0.179
002511,2022-03-09,,2022-03-09,2022-03-09,dilate2/p1@640,YYYY,2022.08.09,,202.108.08  DU1,,2022-08-09,,7.2,0.087
002559,2022-04-01,,2022-04-07,2022-04-01,p2,YYYY,2022.04.01,,2022.04.01,,2022-04-01,2022-04-01,5.32,0.081
002561,2022-10-21,,NONE-10-21,NONE-10-21,p1@640,MMDD,0432-2V04 2022-10-21 200ge,,2  200ge,,2022-10-21,,3.15,0.482
002626,2021-06-22,,2021-06-22,2021-06-22,p2,YYYY,picana 00 2021.06.2 15.50  0 6010615,,opca pui anes 2021.06.22 15:50 FT w  ,,2021-06-02,2021-06-22,1.78,0.498
002629,2023-05-NONE,,2023-05-20,2023-05-20,p2,DMY4, 05.2023  25 8  8  205  0       8   0d    , 05.2023  25 8    20  0       8   0    , 05.2023       만   D         ㅇ유    , 05.2023                   o유    ,,,4.36,2.66
002684,2021-12-03,,2027-12-03,2027-12-03,p2,DMY4,CAL141/160 ET1V.03/12/2021,,CAL: 141/163/1 BEST -03/27,,2021-12-03,,1.76,0.275
002735,2022-02-04,,2022-02-04,2022-02-04,p2,YYYY, 22   2  2022.02.04,,      2022.02.04,,2022-02-04,2022-02-04,1.64,0.551
002749,2020-12-NONE,,2020-12-17,2020-12-17,p2,DMY4,17 SK.T 12.2020,17 SK.T 12.2020,(17) S.K.T. :12.2020,(17) S.K.T. :12.2020,,,2.51,0.555
002773,2024-05-NONE,,2024-05-20,2024-05-20,p2,DMY4,NEPOGEVIGH PE5OOUI0O NET EIG POGS ET 1209 05.2024 1303 GEU20 5.0 EAINES0 PEOSEGO,,"MESOGWGA PESOLEWIGOT NESTWEGIT IEPOUGENET 120 05,2024 L130J O RACO RAN UPCEDEOUT",,,,2.07,0.752
002797,2021-04-28,,2021-04-29,2021-04-28,p2,YYYY,  SHREDPIZZACHEES 2021.04.2819.09 ,  SHRED PIZZACHEES 2021.04.219.09 ,슈레드 피자지즈 SHRED PIZZA CHEESE 유기한:2021.04.28까지 19:09 년마,슈레든 피자시즈 SHRED PIZZA CHEESE 유통기한:2021.04.28까지 19:09 난마,2021-04-21;2021-04-28,2021-04-28,2.13,1.004
002806,2023-01-13,,2023-01-13,2023-01-13,erode2/p1@640,YY, 222803202142 2 2404.1 20.0 2A1 500012214  2290 14/417 1.85 025.01.13 1  100 ,,"원 의 성이의       1  장 연근우영차 141 sempl Losus rot  Bur toa 023,01.130 우리방에 국내산 100%",,2025-01-13,,6.38,1.158
002808,2021-12-29,,2021-12-22,2021-12-22,p2,YYYY,2021.12.29 2021.16.2,,2021.12 2P 2021.12,,2021-12-29,2021-12-02,2.23,0.276
002856,2022-09-13,,2022-09-13,2022-09-13,p1@640,YYYY,2022.09.1   MA   0. 22.0 40.2 480 00  0141  212.0120   2220 2309/201 2014034/201,,기한 2022.9.15      반             20  ,,2022-09-01,2022-09-15,3.06,1.22
002903,2020-07-22,,2020-07-02,2020-07-02,p2,YYYY,2102020.07 22,,30a0e,,,,2.11,0.195
002989,2021-07-20,,2024-07-20,2024-07-20,p2,YYYY,2021.07.20/,,12024.07.205,,2021-07-20,,4.21,0.235
003021,2021-03-23,,2021-03-02,2021-03-02,p2,YYYY,0  200020 2020.2. 62    0058.2 2021.03.22 14158,,"         221,03.23 1425",,2021-03-22,,2.67,0.725
003066,2021-11-12,,2021-11-12,2021-11-12,p1keep/p1@640,YYYY,2021.11.219.2 11,,2021.11.1219.22 11커피믹스,,2021-11-21,2021-11-12,2.39,0.272
003092,2021-09-17,,2021-09-17,2021-09-17,p2,DMY4, 0 hoc 10098 0  259 .03 .209 3A.12 4  2 240m 10268.465 17-09-2021 12  17.  50  5,,바 영양정보  100g 남수화 콘콜넛 25       240mg 1 17-09-2021 12 1% 50% 56% 127%        No Br,,2021-09-17,2021-09-17,5.68,1.525
003143,2021-12-11,2,2021-12-11,2021-12-11,p1keep/p1@640,YYYY,2020.12.12 2021.12.11,,2020.12.12 2020.12.11까지,,2020-12-12;2021-12-11,2020-12-11;2020-12-12,1.93,0.304
003224,2021-08-21,,2021-08-22,2021-08-21,p2,YYYY,2002 2021.0821,20016 2021.0821,09. 2021.0821,0. 20210821,2021-08-21,2021-08-21,2.17,0.417
003225,2021-08-21,2,2021-08-21,2021-08-21,p1keep/p1@640,YYYY,2021.08.2 2020.08.2,,202102 202022,,2020-08-02;2021-08-02,,1.09,0.216
003228,2022-04-26,2,2022-04-24,2022-04-24,p1@640,DMY4,0002 26/04/2022,,5828404 /28,,2022-04-26,,0.94,0.209
003287,2021-09-25,2,2021-09-21,2021-09-21,p2,EXTEND_R,801117 104603 2021.09.25 ,801117 104603 2021.09.25 ,8801117904603 2021.09.2 까지,J88011171046031 2021.09.2' 까지,2021-09-25,2021-09-02,2.81,0.627
003322,2021-09-01,,2021-01-09,2021-01-09,p1@640,YYYY,2021 01 109 01  A,,2021. i nog 01지 A A,,2021-01-10,,1.63,0.367
000002,2025-12-11,,2025-12-11,2025-12-11,p2,YYYY,NCE1963   2A122106 2025.12.11  ,NCE1963   2A12106 2025.12.11  ,INCE 1963   원주운선희2106 2025.12.11  ,INCE 1963   원주N운선학 2106 2025.12.11  ,2025-12-11,2025-12-11,1.3,0.803
000003,2026-05-12,t,2026-05-12,2026-05-12,p2,YYYY,2026.05.12,2026.05.12,2026.05.12,2026.05.12,2026-05-12,2026-05-12,0.91,0.142
000004,2022-02-14,b,2027-02-14,2022-02-14,erode3/p1@1024,YYYY,2022.02.14 1007683508 416.01,,2022.02.14 16 H007-68350 416:01,,2022-02-14,2022-02-14,9.48,0.309
000009,2026-10-29,,2026-10-29,2026-10-29,p2,YYYY,2026.10.29 09,2026.10.29 09,2026.10.29 091,2026.10.29 091,2026-10-29,2026-10-29,2.55,0.14
000010,2026-06-08,,2026-06-08,2026-06-08,p2,YYYY,2026.06.08,2026.06.08,2026.06.08 E,2026.06.08 E,2026-06-08,2026-06-08,1.62,0.138
000012,2026-03-23,,2026-03-23,2026-03-23,p2,YYYY,2026-03-23 ,2026-03-23 ,2026-03-23 까지,2026-03-23 까지,2026-03-23,2026-03-23,1.54,0.406
000014,2026-01-31,,2026-01-31,2026-01-31,p2,YY,    3  30 2002 22 360kcal 1009 . 44m29 0988927   0m0  079 y19 1100 0 090  0  0 2,    0 0 300 02 32 360kcal 1009  44m2 827  O0m0  079 y19 110 .09 090  0  20 26.01,       영양정보총내용량당 총내용량 360kc 100g 신생소 참제소 청제일까 량나트를4mg 29 09탄수회물 88927% mn 당류79 단,       영양정보총내용량당 총내용량 360kca 1009 신생소 참식색 청제일 량나트름4mg 2 09탄수화물8927% Omg0% 당류79 단,2026-01-31,2026-01-31,3.27,2.761
000015,2026-03-01,2,2026-03-01,2026-03-01,p2,YYYY,  7 2026.03.01 2025.09.02/2135  ,  7 2026.03.01 2025.09.02/21135  ,"E 소비 기한 2026,03,01/A 2025, 09.02/21:35 부터 까지","E 소비 기한 2026,03,01/A 2025.09, 02/21835 부터 까지",2025-09-02;2026-03-01,,2.41,0.761
000016,2026-01-22,,2026-01-22,2026-01-22,p2,YYYY,2026.01.22,2026.01.22,2026.01.22까지,2026.01.22까지,2026-01-22,2026-01-22,2.21,0.134
000017,2026-11-25,,2026-11-25,2026-11-25,p2,YYYY,2026.11.25,2026.11.25,2026.11.25,2026.11.25,2026-11-25,2026-11-25,1.72,0.12
000018,2026-04-24,,2026-04-24,2026-04-24,p1keep/p1@640,YY_TAIL,26.04.24 E0,26.04.24 0,26.04.24B ,26.04.24B 쿠키,2026-04-24,2026-04-24,1.95,0.47
000021,2025-10-10,,2025-10-10,2025-10-10,p2,YY,   25.10.10,   25.10.10A,   다25.10.10까지A신재명,   다25.10.10까지A신재명,2025-10-10,2025-10-10,1.07,0.731
000022,2025-10-14,,2025-10-04,2025-10-04,p2,YY, 770 25.10.14,2 77 25.10.44, 고구 2510.14722, 고구 2510.147022,2025-10-14,,1.21,0.568
000023,2025-10-10,,2025-10-10,2025-10-10,p2,YY_TAIL,25.10.10,25.10.10,25.1010,25.10-10F2,2025-10-10,,1.63,0.141
000024,2025-10-11,,2025-10-11,2025-10-11,p2,YY_TAIL,00 25.10.11 ,00 25.10.11 ,표공법 25.. ,표공법 25.0.11 ,2025-10-11,,2.8,0.563
000026,2025-11-13,,2025-11-13,2025-11-13,p2,YYYY,2025.11.13,2025.11.13,2025.11.13,2025.11.13,2025-11-13,2025-11-13,1.33,0.132
000027,2026-04-27,,2026-04-27,2026-04-27,p1@640,DMY4,ED 27.04.2026,ED 27.04.2026,ED D27.04-2926,ED D27.04-2926,2026-04-27,,2.44,0.472
000028,2026-02-10,,2026-02-10,2026-02-10,p2,YY,26.02.10,26.02.10,26.02.10 ,26.02.10 ,2026-02-10,2026-02-10,2.92,0.131
000030,2017-08-28,,2017-08-28,2017-08-28,p2,DDMMYY,00   28.08.17,001 0  28.08.17,맛이깔끔한 낮었게 기브방 28.08.17,맛이깔끔한 낮었게 부방 28.08.17,2017-08-28,2017-08-28,3.63,0.656
000031,2026-02-14,,2026-02-14,2026-02-14,p2,YYYY,2026.02.14 0839A18,2026.02.14 0839A18,2025+8214 683SA181A,202582.14 6839A182,2026-02-14,,1.4,0.387
000033,2026-06-17,,2026-06-17,2026-06-17,p2,YY,26.06.17 09 29 ,26.06.17 09129 ,26.06.17 1929 F2 까지,26.06.17 09:29 F2 까지,2026-06-17,2026-06-17,1.08,0.42
000034,2026-06-30,,2026-06-30,2026-06-30,p2,YY,26.06.3006.18 ,26.06.3006.18 ,2.6.3 5 18 F 까지,26.06.3 5:18 F2 까지,2026-06-30,2026-06-03,1.21,0.375
000035,2026-08-17,,2026-08-17,2026-08-17,p2,YYYY,248 1043 2026.08.17,248 1043 2026.08.17,"248 10431 2026,38.17","248 10431 2026,08.171",2026-08-17,,0.86,0.478
000037,2026-07-17,,2026-07-17,2026-07-17,p2,YYYY,2026.07.17,2026.07.17,2026.07.17까,2026.07.17까지,2026-07-17,2026-07-17,1.04,0.135
000038,2027-02-12,,2027-02-12,2027-02-12,p2,YYYY,2027.02.12,2027.02.12,2027.02.12/K,2027.02.12/K,2027-02-12,2027-02-12,0.82,0.153
000039,2026-05-26,,2026-05-26,2026-05-26,p2,YYYY,2026 2026.05.26 26,2026 2026.05.26 28, 26-05.25 AE , 026-05.26 E ,2026-05-26,2026-05-26,1.09,0.578
000040,2025-10-11,,2025-10-11,2025-10-11,p2,YYYY,2025.10.11,2025.10.11,2025.10.11,2025.10.11,2025-10-11,2025-10-11,1.32,0.173
000041,2025-10-11,,2025-10-11,2025-10-11,p2,YYYY,2025.10.11 10520WE5 ,2025.10.11 10 520WE25 ,2025.10.11 10:520WEHB25 o,2025.10.11 10:52DWEHB25 o,2025-10-11,2025-10-11,1.02,0.577
000042,2025-10-12,,2025-10-02,2025-10-02,p2,YYYY,2025.10.2,2025.10.2,2025.10.2,2025.1012,2025-10-02,2025-10-02;2025-10-12,0.88,0.136
000044,2026-02-07,,2026-02-07,2026-02-07,p1@640,YY_TAIL,26.02.02 23.53,26.02.07 23.53,26.02.02 23.53,26.02.02 23:53,2026-02-02;2026-02-07,2026-02-02,1.16,0.441
000045,2027-04-21,,2027-04-21,2027-04-21,p2,YYYY,2027/04/21 16,2027/04/21  6,2027/04/21 KS,2027/04/21 KS,2027-04-21,2027-04-21,1.09,0.493
000046,2025-10-10,,2025-10-10,2025-10-10,p2,YYYY,2025.10.10,2025.10.10,42025.10.10지-D,42025.10.10지-D,2025-10-10,,1.77,0.17
000047,2027-04-14,,2027-04-04,2027-04-04,p2,YYYY,2027.04.4,2027.04.44,2027.0441653,2027.0441656,2027-04-04,,0.94,0.211
000048,2026-06-12,,2026-06-12,2026-06-12,p2,YY,26.06.1211140133,26.06.1211140133,26.06.12까지F11401:336B,26.06.12까지F111401:336B,,2026-06-12,1.22,0.391
000049,2026-03-01,,2026-03-01,2026-03-01,p2,YYYY,7 2026.03.01 ,7 2026.03.01 ,"기한 2026.03,01/A 까지","기한 2026.03,01/A 까지",2026-03-01,,3.38,0.587
000050,2025-09-30,,2025-09-30,2025-09-30,p2,EXTEND,09.30,09.30,.09.30,.09.30,,,5.57,0.145
000051,2026-01-12,,2026-01-12,2026-01-12,p2,YYYY,2026.01.12,2026.01.12,2026.01.12,2026.01.12,2026-01-12,2026-01-12,1.71,0.15
000052,2025-11-19,,2025-11-19,2025-11-19,p2,YYYY,NaC 2025.11.19,NAC 2025.11.19,SNac 2025.11.19,SNaC 2025.11.19,2025-11-19,2025-11-19,2.3,0.433
000053,2025-12-20,,2025-12-20,2025-12-20,p1@640,YYYY,202512.20,202512.20,20251220m1→,202512.20m1-→,2025-12-20,2025-12-20,0.48,0.135
000054,2025-10-08,,2025-10-08,2025-10-08,koline,YY,25.10.08,25.10.08,가25.10.08까지 E 이영자,가25.10.08까지 E 이영자,2025-10-08,2025-10-08,10.83,0.327
000056,2026-07-11,2,2026-07-11,2026-07-11,p2,YYYY,200 2    0    8010524380 A4 0  0 2025.07.12 2026.07.11 090703064 202682 08-0991 ,0   2 22     8801052438 4 A0O  10 2025.07.12 2026.07.11 30750.64 20721282 0-1-91,        에은하보 8801052 380 영      장상.·소ㅂ기한 대두 밀 평용함유F2 2025.07.12 2026.07.11 7  니다,        은 8801052 3806 영  영 장상.·소ㅂ기한 대동밀 망콩함유F2 2025.07.12 2026.07.11   니다고객상담실 ,2025-07-12;2026-07-11,2025-07-12;2026-07-11,3.56,1.717
000058,2027-03-27,,2027-03-27,2027-03-27,p2,YMD_GLUED,2027.03.27,2027.03.27,2027.03.27,2027.03.27,2027-03-27,2027-03-27,2.53,0.124
000059,2027-06-22,,2027-06-22,2027-06-22,p1keep/erode2/p1@1024,YYYY, S  2027.06.22 ,,H or 1 e2027.06.22 ,,2027-06-22,2027-06-22,10.53,0.358
000060,2026-04-30,,2026-04-30,2026-04-30,p2,YYYY,20226.04/30 2026.04.30,20226.04.50 2026.04.30,안지 P2025.0430TN1A,안 P2926.0430TA,2026-04-30,2025-04-30,1.07,0.456
000062,2026-05-26,,2026-05-26,2026-05-26,p1@640,YY,ZEC 36 26.05.26 085,ZEC 36 26.05.2606 ,ZEG  26.05.26 68 EE,ZEC  26.05.260486A EE,2026-05-26,2026-05-26,1.19,0.648
000065,2026-01-12,,2026-01-12,2026-01-12,p2,YYYY,0 2026.01.12 04.5 520,0 2026.01.1204.5 230,D떼 226.01.1204:52 핫초코마일드,Di떼 2026.1.12 4:52 핫초코마일드,2026-01-12,2026-01-12,1.01,0.556
000067,2025-12-19,,NONE,NONE,,,,,,,,,17.54,0.0
000068,2026-06-17,,2026-06-17,2026-06-17,p2,YYYY,00 2026.06.17 2.508,,0) 2026.06.17지 중량50g,,2026-06-17,2026-06-17,3.76,0.279
000071,2027-07-20,2,2027-07-20,2027-07-20,p2,YYYY,2025.07.21 2027.07.20  ,2025.07.21 2027.07.20  6,포장2025.07.21 소2027.07.20까지 7K ,포장2025.07.21 소2027.07.20까지 7K ,2025-07-21;2027-07-20,2025-07-21;2027-07-20,1.43,0.599
000072,2026-04-25,,2026-04-25,2026-04-25,p2,YYYY,2 202. 28 20  0 OTHEE OTHER   2026.04.25 09.24 650g 3  2691925  074693 20 010451, 2028-02 128 0  0 OTHEE OTHER   2026.04.25 09.24 63 7 292919 25 5 054.9  20 0104,   대소면 대중신단로 128 스면제2 주식회사 오뚜기 0보  TEE OTHER 소비기한 제 대두계관함유 2026.04.25 09:24 유나트 ,  은 다소면 대풍신단로 128E 식면제20 주식회사 오뚜기 보고   주 THREE OTHER 소비기한 제 대두계관함유 2026.04.25 09,2026-04-25;2028-02-12,2026-04-25,2.59,1.615
000074,2026-08-28,,2026-08-28,2026-08-28,p2,YYYY,2026.08.28,2026.08.28,2026.08.28/C,2026.08.28/C,2026-08-28,2026-08-28,0.73,0.131
000075,2026-01-06,,2026-01-06,2026-01-06,p2,YYYY, 2026.01.06,20 2026.01.06, 2026.01.06, 2026.01.06,2026-01-06,2026-01-06,1.83,0.442
000076,2026-08-17,,2026-08-17,2026-08-17,p2,YYYY,2026.08.17 ,2026.08.17 ,2026.0.17/  ,2026.8.17/  ,2026-08-17,2026-08-17,0.98,0.394
000077,2026-03-07,,2026-03-07,2026-03-07,p2,YYYY,2026.0307 ,2026.03.07 ,2026.03.07 ,2026.03.07 까,2026-03-07,2026-03-07,1.29,0.395
000078,2025-06-19,,2025-06-19,2025-06-19,p2,YYYY,2025.06 19,2025.06 19,2025.0619제조,2025.0619제조,2025-06-19,2025-06-19,3.11,0.15
000079,2026-01-31,,2026-01-31,2026-01-31,p2,YYYY,2026.01.31,2026.01.31,2026.01.31,2026.01.31,2026-01-31,2026-01-31,1.44,0.136
000080,2026-09-16,2,2026-09-16,2026-09-16,p2,YY,152 21  25.08.17 26.09.16  ,1   25.09.17 26.09.16  ,"전문),전립 소금 산되 지방산에스 517 20.1 까지 부터","전문),전립 소금 산되 지방산에스 25.09.17 2:09.16 까지 부터",2025-08-17;2025-09-17;2026-09-16,2025-09-17,2.31,0.792
000081,2026-05-18,2,2026-05-18,2026-05-18,p2,YYYY,12 2026.05.18 ,12 2026.05.18 ,마크란? 2026.05.18 까지,마크란? 2026.05.18 까지,2026-05-18,2026-05-18,2.18,0.582
000083,2026-07-01,,2026-07-01,2026-07-01,p2,YY,26.07.01,26.07.01,26.u7.01 A,26.07.01 A,2026-07-01,2026-07-01,0.98,0.149
000084,2026-03-31,2,2026-03-31,2026-03-31,p2,YYYY, 2026.03.31 , 2026.03.31 ,기한 2026.03.31/A 까지,기한 2026.03.31/A 까지,2026-03-31,2026-03-31,2.53,0.566
000085,2026-03-30,,2026-09-30,2026-09-30,p2,YYYY,2026.09.30,2026.09.30,205.30,2025.13.30,2026-09-30,,1.6,0.132
000091,2027-05-22,,2027-05-22,2027-05-22,p2,YYYY,2027.05.2210.3502,2027.05.2210.352,2027.05.22 10:35진천 F,2027.05.22 10:35진천 F,2027-05-22,2027-05-22,1.85,0.355
000093,2026-04-23,,2026-04-23,2026-04-23,p1@640,YYYY,2026.04.23,2026.04.23,2026.4.2?,2026.4.2,2026-04-23,2026-04-02,0.71,0.152
000094,2027-06-30,,2027-06-30,2027-06-30,p2,YYYY,2027.06.30,2027.06.30,2027 06 30,2027.06 30,2027-06-30,2027-06-30,1.51,0.133
000095,2026-07-29,,2026-07-29,2026-07-29,p2,YY,26.07.29,26.07.29,P526.07.29,P526.07.29,2026-07-29,,3.38,0.134
000098,2026-03-11,,2026-03-11,2026-03-11,p2,YYYY,20 22101 2026.03.11 Wtecoco  2 0,0 2301 2026.03.11 Wtcoco  0 010,E 요거젤리화이트코코 2026.03.11 Whitecco   , 요거젤리 화이트코코 2026.03.11 Whtecco   ,2026-03-11,2026-03-11,1.97,0.808
000100,2026-02-11,,2026-02-11,2026-02-11,p2,YYYY, 0 0 2026.02.11 07 53.58 1,2089 0 2 2026.02.11 07 53.58 ,   2026.02.11까 07:53:58 1까지(A),  영 2026.02.11까 07:53:58 1까지(A),2026-02-11,2026-02-11,1.33,0.732
000101,2026-04-08,,2026-04-08,2026-04-08,p2,YYYY,2026.04.081224112961,2026.04.081224112961,12026.04.08131 K18122:41 12961 ,12026.04.08131 K181 22:41 12961 ,,,1.53,0.425
000102,2025-11-13,,2025-11-13,2025-11-13,p2,YYYY, 2025.11.13, 2025.11.13, 2025.11.13까지, 2025.11.13까지,2025-11-13,2025-11-13,0.99,0.418
000103,2025-12-18,,2025-12-18,2025-12-18,p2,YYYY,EXP.2025/12/18,EXP.2025/12/18,NEHP: 2025/12/184,N EXP: 2025/12/184,2025-12-18,2025-12-18,1.26,0.261
000106,NONE-10-20,,NONE-10-20,NONE-10-20,ft/p2,MMDD,,,,,,,20.88,0.0
000107,2025-12-25,,2025-12-25,2025-12-25,p2,YYYY,2025.12.25 202529,2025.12.25 202529,20251225 20529,20251225 20529,2025-12-25,2025-12-25,1.01,0.413
000109,2025-12-12,b,2025-12-12,2025-12-12,p2,YYYY,2025.12.12 04143,2025.12.12 04143,2023:12. 127 04:43232,2024:12. 12 04:43D.32,2025-12-12,,2.7,0.392
000110,2025-10-29,,2025-10-29,2025-10-29,p2,YY_TAIL,25.10.29,25.10.29,25.10.29까지,25.10.29까지,2025-10-29,2025-10-29,0.78,0.18
000111,2025-10-25,,2025-10-25,2025-10-25,p2,YYMM_DAYLA,Tasy 4 IGE 25.10.25.1.202.1 2  and,Tasy 4 IGE 25.10.2512021 2  and,Tasty N GE 512512  나.소비자다 and,Taslty N IGE 25.1251:021  나.소비자다 and,2025-10-25,,2.29,0.822
000112,2025-10-17,,2025-10-17,2025-10-17,p2,YY,25.10.17,25.10.17,25.10.17110,25.10.17110,2025-10-17,2025-10-17,0.74,0.142
000113,2026-01-16,,2026-01-16,2026-01-16,p2,YYYY,2026.01.16,2026.01.16,2026.01.16,2026.01.16,2026-01-16,2026-01-16,0.82,0.145
000114,2026-02-28,,2026-02-28,2026-02-28,p2,YYYY,8  2026.02.28          ,8  2026.02.28          ,  2026.22.28          ,  2026.2.28          ,2026-02-28,2026-02-28,1.74,1.227
000115,2025-12-08,,2025-12-08,2025-12-08,erode3/p1@1024,YYYY,202512.8  ,,205208  ,,,,7.7,0.273
000116,2026-03-27,,2026-03-27,2026-03-27,p2,YYYY,014 0 20220  PicledRadise  2026.03.27,014 0 2020 7 PickledRadise  2026.03.27,제품명아작한 쌍무 아식한쌈무  부고기#야 Pickled Radishes 드스마트런슈머 #새공한무 2026.03.27,제품명/아식한 쌍무 아식한쌈무 무 부고기#야 ickled Radishes' 드스마트천슈머 #새공한 무 2026.03.27,2026-03-27,2026-03-27,1.27,0.77
000117,2025-11-28,,2025-11-28,2025-11-28,p2,YYYY,2025.11.28,2025.11.28,2025.11.28,2025.11.28,2025-11-28,2025-11-28,0.8,0.142
000118,2026-03-23,,2026-05-25,2026-05-25,p2,YYYY,2026.03.2,2026.03.2,2026.03.23,2026.03.23,2026-03-02,2026-03-23,1.21,0.139
000119,2026-08-24,,2026-08-24,2026-08-24,p2,YYYY,2026.08.24,2026.08.24,2026:08-24,2026:08.24,2026-08-24,2026-08-24,0.85,0.139
000120,2026-08-25,,2026-08-25,2026-08-25,p1@640,YYYY,2026.0082,2026.08.25,EEHB,E0260G25,2026-08-25,,0.76,0.138
000121,2027-04-13,,2027-04-13,2027-04-13,p2,YYYY,2027.04.13,2027.04.13,2027.04.13,2027.04.13,2027-04-13,2027-04-13,0.87,0.135
000125,2026-04-07,,2026-04-07,2026-04-07,p2,YYYY,25 2026.04.07,25 2026.04.07,DT 2026.04.0771xi,DET 2026.04.0771x,2026-04-07,2026-04-07,0.94,0.448
000126,2026-06-12,,2026-06-12,2026-06-12,p2,YYYY,2026.06.12 NoBrand,2026.06.12 NoBrand,"2026.06.1 No Brand""","2026.06.1 No Brand""",2026-06-12,2026-06-01,1.09,0.402
000127,2026-04-27,,2026-04-27,2026-04-27,p2,YYYY,2026.04.27,2026.04.27,2026.0427,2026.0427,2026-04-27,2026-04-27,1.11,0.152
000128,2026-05-28,,2026-05-28,2026-05-28,p2,YY,26.05.28,26.05.28,26.05.28 B 까지,26.05.28 B 까지,2026-05-28,2026-05-28,2.24,0.131
000129,2026-01-09,,2026-01-09,2026-01-09,p2,YMD_GLUED,2026.01.09,2026.01.09,2026.0109,2026.0109,2026-01-09,2026-01-09,1.16,0.139
000130,2027-02-05,,2027-02-05,2027-02-05,p2,YY,27.02.05,27.02.05,27.02.05,27.02.05,2027-02-05,2027-02-05,1.14,0.135
000131,2026-08-05,,2026-08-05,2026-08-05,p2,YYYY,2026.08.05,2026.08.05,2026.08.05,2026.08.05,2026-08-05,2026-08-05,0.96,0.144
000132,2026-08-21,,2026-08-21,2026-08-21,p2,YYYY,2026.08.21,2026.08.21,2026.08.21,"2026,08.21",2026-08-21,2026-08-21,0.99,0.142
000134,2026-09-23,,2026-09-23,2026-09-23,p2,YYYY,2026.09.23,2026.09.23,2026.09.23 A,2026.09.23 A,2026-09-23,2026-09-23,1.57,0.149
000135,2026-04-18,,2026-04-18,2026-04-18,p2,YYYY,E2026.04.18 010 48,2026.04.18 010 488,EXP 2026.04.18 영양정보 내용,EXP 2026.04.18 영양정보 내,2026-04-18,2026-04-18,2.28,0.586
000136,2025-12-02,,2025-12-02,2025-12-02,p2,YYYY,2025.12.02,2025.12.02,2025.12.02,2025.12.02,2025-12-02,2025-12-02,1.62,0.135
000137,2026-03-26,,2026-03-26,2026-03-26,p1@640,YYYY,139 14g 14   .13.36 2026.03.26,13 14g 14   .13.36 2026.03.26,포화지방 13g8 %당류14g 14% 소비기한 136 026.326,포화지방13g8 % 당류14g 14% 소비기한 -3:3 026.3.26,2026-03-26,2026-03-26,1.4,0.683
000138,2026-05-14,,2026-05-14,2026-05-14,p2,YYYY,mg 2026/05/14,mg 2026/05/14,mg 2026/05/14,mg 2026/05/14,2026-05-14,2026-05-14,3.03,0.44
000139,2026-07-26,,2026-07-26,2026-07-26,p2,YYYY,  EXP2026/07/26,  EXP2026/07/26,<  EXP:2026/07/26,-  EP:2026/07/25,2026-07-26,2026-07-25;2026-07-26,1.26,0.597
000140,2026-07-14,,2026-07-14,2026-07-14,p2,YYYY,2026/07/14,E2026/07/14,EP:2026/07/14,EXP:2026/07/14,2026-07-14,2026-07-14,2.76,0.147
000141,2026-09-17,,2026-09-17,2026-09-17,p2,YYYY,ISPY NACK 2026.09.17 CRIS SNAC,ISPY NACK 2026.09.17 CRIS SNAC,RISPY NACK 2026.09.17 CRISP SNACK,RISPY NACK 2026.09.17 CRISP SNACK,2026-09-17,2026-09-17,1.65,0.7
000143,2027-03-06,,2027-03-06,2027-03-06,p2,DMY4,06/03/20271154 20000 80675,06/03/2027154 20000/2078,05/03/2027 L15448 20010791,05/03/2027 L15448 20018791,,2027-03-05,2.96,0.424
000144,2027-03-25,,2027-03-25,2027-03-25,p2,YYYY,80 140  Stauberry NOBrand   2027.03.25 580 Sm,80 140.  Strauberry NOBran   2027.03.25 580 S,80g |당절임(딸기40%)70 시원하게 Straubery NoBrd 원드가 아니다.소비자다다 버스트 가되는 2027.03.25 D 580g  ,80g |당절임(딸기40%)70 시원게기 Straubery NoBrd 드니다소비자다다 버스트 가되는길 2027.03.25 D 580g  ,2027-03-25,2027-03-25,1.99,0.997
000145,2027-03-24,,2027-03-24,2027-03-24,p2,YYYY,2 21  808   weet  Gnger N1195 2027.03.24 22 006  20  0 . 201042 8080 08 08 E  Fr,2 201  808  0 dweet  Gnger N1195 2027.03.24 229 936  0   . 0104 80 05  E  Frui T,"GF 라오웨원업 품물제로 9   uet  Ginger N1195 2027.03.24C 의    푸드 주의사항 -특이체질,일 에따라리 생강    ",Ga 라오웨원업 품물째공 9   uet  Ginger N1195 2027.03.24C 원료의 울크   V푸드 주의사항 ·특이체실일 에따라코 생강,2027-03-24,2027-03-24,2.64,2.326
000147,2026-03-21,,2026-03-21,2026-03-21,p2,YYYY,2026.03.21,2026.03.21,2026.03.21까지B,2026.03.21까지B,2026-03-21,2026-03-21,1.3,0.159
000148,2026-02-26,2,2026-02-26,2026-02-26,p2,YY,EXP26.02.26 NoBrand,EXP26.02.26 NoBrand,EXP26.02.26 NoBrand,EXP26.02.26 NoBrand,2026-02-26,2026-02-26,1.8,0.438
000149,2026-04-28,,2026-04-28,2026-04-28,p2,YYYY,284  NE         17/041-956-   2005047171  02/380-567 4 1 1219 100.   2026.04.28 ,20284  E       1 2045 117/041-956-14   200504711731  2/380-5678 4 1 1219 100.   , 유형고 겨용명 원재료명 소버기 프 포장 방 재질  농업사법인 한()  /041-956-434 유동전문판매원(주)이마투7길3 대로7길 37 20, 식유청고 겨동명 원재료명 소버기 프하 포장  재질  농업회사법인 한생()  28/041-956-434 유동전문판매원(이만투7길3 시구세총대로7,2026-04-28,2026-04-28,2.22,2.231
000150,2026-08-12,,2026-08-12,2026-08-12,p2,YYYY,2026.08.12,2026.08.12,Me 2026.08.12,MEF 2026.08.12,2026-08-12,2026-08-12,2.24,0.132
000151,2026-09-07,,2026-09-07,2026-09-07,p2,YYYY,nd 2026.09.07,nd 2026.09.07,nd -2026.09.07.8,nd -2026.09.07.8,2026-09-07,2026-09-07,1.45,0.426
000152,2026-07-31,,2026-07-31,2026-07-31,p1@640,YYYY,2026.07.31,2026.07.31,"""2026.07.31.A","""2026.07.31.A",2026-07-31,2026-07-31,0.7,0.146
000155,2026-06-22,,2026-06-22,2026-06-22,p2,YYYY,2026.06.2082640,2026.06.22082640,2026.6.208:26:40 L,2026.06.208:26:40L,2026-06-20;2026-06-22,2026-06-20,0.55,0.141
000156,2026-07-29,,2026-07-29,2026-07-29,p2,YYYY,2026.07.29  ,2026.07.29  ,2026.07.29 7 까지E B,2026.07.29 7 까지E B,2026-07-29,2026-07-29,1.49,0.58
000157,2027-07-08,t,NONE,NONE,,,,,,,,,15.15,0.0
000159,2027-01-08,,2027-01-08,2027-01-08,koline,YYYY,2027.01.08.21,2027.01.08.21,2027.01.08.21 ,2027.01.08.21 m,2021-08-01;2027-01-08,2021-08-01;2027-01-08,3.29,0.142
000160,2026-10-27,2,2025-04-02,2025-04-02,p2,YYYY,2026/10 R0 2025/04/2,2026/10 R0/2025/04/2,EP:20512 EED:2025/04/2,KEP:22 EPD:2025/042,2025-04-02,2025-04-02,0.86,0.423
000161,2027-05-10,,2027-05-10,2027-05-10,p2,YYYY,U 212    271 30139 2027.05.10 165 12428 /0280-567 0084 ,UP 212    21 0139 2027.05.1 165 2428 02-80-5678 08.84 ,JP 리그    트  이 1 2027.05.106855 2 (/0-30-358 군W ,JP 옮리그    트 신 이  2027.05.1016855  (/02-30-58 시W ,2027-05-01;2027-05-10,2027-05-10,1.89,1.1
000162,2027-06-12,,2027-06-12,2027-06-12,p2,YYYY,2027.06.12 N 12,2027.06.12 N 12,2027.06.12 NI 12,2027.06.12 까지 NI 12,2027-06-12,2027-06-12,2.03,0.546
000163,2026-11-20,,2026-11-20,2026-11-20,p2,YYYY,2026.11.20,2026.11.20,-2026.11.20까진,-2026.11.20빠진,2026-11-20,2026-11-20,0.78,0.141
000164,2026-04-27,,2026-04-27,2026-04-27,p2,YYYY,2026.04.27,2026.04.27,2026.04.27까지,2026.04.27까지,2026-04-27,2026-04-27,0.83,0.135
000165,2027-01-13,,2027-01-13,2027-01-13,p1@640,YMD_GLUED,2022.2.2,2027.02.2,203.2,202.012,2022-02-02;2027-02-02,,0.63,0.135
000166,2027-08-18,,2027-08-NONE,2027-08-NONE,erode2/p1@640,YYYYMM,2027.2.1,,2027.0,,2027-02-01,,3.42,0.066
000167,2026-08-07,,2026-08-07,2026-08-07,p2,YYYY, 2026.08.07, 2026.08.07,까지B 2026.08.077,까지B 2026.08.077,2026-08-07,2026-08-07,2.95,0.437
000169,2026-03-18,,2026-03-18,2026-03-18,p2,YYYY,2026.03.18,2026.03.18,2026.03.18,2026.03.18,2026-03-18,2026-03-18,1.05,0.179
000170,2026-09-07,,2026-09-07,2026-09-07,p2,YYYY,2026.09.07,2026.09.07,-202.09.07,-202.09.07,2026-09-07,,0.78,0.137
000171,2026-05-27,2,2026-05-27,2026-05-27,p2,YYYY,2026.05.27,2026.05.27,2026.05.27 까지,2026.05.27까지,2026-05-27,2026-05-27,2.45,0.148
000172,2026-06-10,2,2026-06-10,2026-06-10,p2,YYYY,2025.09.1 2026.06.10 2-15 33,2025.09.1 2026.06.10 -15 33,"2025,.09.1 2026.06.10까지 F2-B15:33",2025.091 2026.06.10까지 F2-B 15:33,2025-09-01;2026-06-10,2026-06-10,1.14,0.66
000173,2026-09-17,,2026-09-17,2026-09-17,p2,YYYY,2026.09.17,2026.09.17,2026.09.17A1,2026.09.17A1,2026-09-17,2026-09-17,0.96,0.136
000174,2026-09-05,2,2026-09-05,2026-09-05,p2,YYYY, 2025.09.05 2026.09.05, 2026.09.05 2026.09.05, 2025.09.06 받2026.09.05A2, 2025.09.06 받2026.09.05A2,2025-09-05;2026-09-05,2025-09-06;2026-09-05,1.29,0.554
000175,2026-06-28,2,2026-06-28,2026-06-28,p2,YMD_GLUED, 2026.06.28  0, 2026.06.28  01, 2026.06.28 까지 맛있는약속,A 2026.06.28 까지 맛있는약속,2026-06-28,2026-06-28,1.5,0.621
000176,2026-09-22,2,2026-09-22,2026-09-22,p2,YYYY,2026.09.22 2025.09.23 001 ,2026.09.22 2025.09.23 90.1 ,"2026.09.22 2025.09.23 ""맛있는 약속 ","2026.09.22 2025.09.23 ""맛있는 약속 ",2025-09-23;2026-09-22,2025-09-23;2026-09-22,2.16,0.617
000177,2026-08-18,,2026-08-18,2026-08-18,p2,YYYY, 2026.08.18 2025.08.19  , 2026.08.18 2025.08.19  , 2026.08.18A 2025.08.19 부터 까지, 2026.08.18A 2025.08.19 부터 까지,2025-08-19;2026-08-18,2025-08-19;2026-08-18,1.49,0.654
000178,2026-06-25,,2026-06-25,2026-06-25,p2,YYYY,2026.06.25,2026.06.25,2026.06.25,2026.06.25,2026-06-25,2026-06-25,1.42,0.147
000179,2026-06-29,2,2026-06-29,2026-06-29,p2,YYYY,2025.09.30 2026.06.29 4 ,2025.09.30 2026.06.29 4 ,2025.0930B 20260629 0B4 맞짓있는약,"2025.09,30B 20260629 0B4 맞짓있는약속",2025-09-30;2026-06-29,2026-06-29,1.83,0.62
000180,2026-06-25,2,2026-06-25,2026-06-25,p2,YYYY,2026.06.25,2026.06.25,2026.06.2,2026.06.2,2026-06-25,2026-06-02,1.5,0.142
000181,2026-09-08,2,2026-09-08,2026-09-08,p2,YYYY,2026.09.08,2026.09.08,2026.09.08,2026.09.08,2026-09-08,2026-09-08,1.27,0.135
000182,2026-10-01,,2026-10-01,2026-10-01,p2,DMY4,01 10 2026 01.57 14464504,01 10 2026 01.57 114464504,01 10 2026 (E) 01:57 114464504,01 10 2026 (E) 01:57 114464504,2026-10-01,2026-10-01,1.73,0.621
000185,2028-03-15,,2028-03-15,2028-03-15,p2,DMY4,100  0120    2 01 .28.9 02 EDAT15/03/2028 135m221.18 28 ,100  02   4  01 811 02 EDAT15/03/2028 135m22118 28 ,"4100% 중수인니 주의하기 수신한기 사  이 았제과각제 투십시 원지 이달리는 기(일는법:일,월,연도순 밀함유 E.DATE: 15/0/208 L","4100% 중수용니 추의하기 수신한 사용  이 사았제과감제제 투십시오 원지 이달리아산 (일는법:일,월,연도순 밀함유 E.DATE: 15/0/20",2028-03-15,,2.05,1.101
000186,2028-04-14,,2028-04-14,2028-04-14,p2,YYYY,2028/04/14,2028/04/14,2028/04/14,2028/04/14,2028-04-14,2028-04-14,0.88,0.158
000187,2028-02-05,,2028-02-05,2028-02-05,p2,YYYY,   LO6T 2028.02/05  N2  ,   LO6T 2028.02/05  N2  ,   LO6T 2028/02/05  N2  ,   LO6T 2028/02/05  N2  ,2028-02-05,2028-02-05,1.39,0.94
000189,2026-08-25,,2026-08-25,2026-08-25,p2,YYYY,2026.08.25,2026.08.25,2026.08.25,2026.08.25,2026-08-25,2026-08-25,2.39,0.138
000190,2022-11-26,,2022-11-26,2022-11-26,dilate2/p1@1024,YYMM_GLUE,22111.26,,2120,,,,14.96,0.16
000191,2026-06-15,,NONE,NONE,,,,,,,,,32.77,0.0
000192,2026-06-24,,2024-06-01,2024-06-01,p1@640,SP_DMY,01- 21 .024 ,01- 1 .024 ,01  624까지D ,01  6.O24까D ,,,2.72,0.898
000194,2027-04-23,,2027-04-23,2027-04-23,p2,YYYY,2027.04.23 m,2027.04.23 ,2027.04.23 까지,2027.04.23 까지,2027-04-23,2027-04-23,2.55,0.593
000195,2027-07-01,,2027-07-01,2027-07-01,p2,YYYY,2027.07.01 ,2027.07.01 ,2027.07.01 까지,2027.07.01 까지,2027-07-01,2027-07-01,2.45,0.588
000196,2027-02-27,,2027-02-27,2027-02-27,p2,YYYY,2027.02.27,2027.02.27,2027.02.27까지-1,2027.02.27까지-1,2027-02-27,2027-02-27,1.44,0.364
000198,2026-05-08,,2022-12-15,2022-12-15,p1@640,SP_DMY,45mg 15 129 22 ,45m 15 129 22,스테 45mg 15%단백 12g 22%,스테45mg 15%단백질 12g 22%,,,4.83,0.55
000200,2027-07-14,,2021-07-NONE,2021-07-NONE,fullres/p1@1024,YYMM,022 3 240  212.2.3233.4020 10330 0900222570  27 12/ ,022 03 2220 2 212..06.33.402070 10330 10960.2270 833304 2I7 12/O ,"원료명 윤형 카레라이스 레품목보고번호2 리방법 1.가 잘 (인분기  2다 리방법 10(,70 을 고가을 적지어오기식 읽손비기한둘 강황(인도산),","원료명 유형 카레라이스 레품목보고번호2 리방법 1.가  에잘 (4인분기기( 27 리방법,0 2을고가을적지어오누기 읽솜비기한 강황(인도산)코리안더",,,11.88,2.079
000201,2027-03-30,,2027-03-30,2027-03-30,p2,YYYY,2027.03.30 13 58 3011,2027.03.30 13 58 3011,2027:03301 13:58311,20270330 13:583110,2027-03-30,2027-03-30,3.92,0.62
000202,2027-02-06,,2027-02-06,2027-02-06,p2,YYYY, 2027.02.06 051443.1, 2027.02.06 051443.1,천짜장 S12027.02.06 ,천짜장 S12027.02.06 ,2027-02-06,2027-02-06,1.92,0.859
000203,2026-07-01,,2026-07-08,2026-07-08,erode3/p1@640,YYYY, 2012  HACC  7 21808  OTHER 01 705  0194. 14 150a 03.1501.1 78022  012. 14-38.3 ,,"감미료) 산도조절제) HACCP 돼지고기 976898 OTHER 건전자고에워의니 축이를표 795%  부대 wg 150kcal 부영용 고들어,게 ",,,,15.68,1.652
000204,2026-06-18,,2026-06-18,2026-06-18,p2,YYYY,  57120. 0 0.10 OTHER 18.4421 801052 2026.06.18, 2 120 0 010 OTHER 18.4421 801052 2026.06.18,  2   OTHER 18:44:06.1 BIo 2026-96.18, A 20   OTHER 18:44:86.1 BI 202696.18,2026-06-18,,2.95,1.37
000205,2027-05-18,,2027-05-18,2027-05-18,p2,DMY4,LDENCURR AUE ItF 18.5.2027,LENCURRY ACE h FE 18.5.2027,LDENCURRY AUCE Wi VECETABES 18.5.2027,LDENCURRY AUCE Wit VECETABES 18.5.2027,2027-05-18,2027-05-18,1.4,0.79
000206,2026-05-08,,2026-05-08,2026-05-08,p2,YYYY,2026.05.08 816 38,2026.05.08 8 16 38,2026.05.081 ).816:38,2026.05.081 ).816:38,2026-05-08,2026-05-08,2.6,0.668
000208,2026-04-13,,2026-04-13,2026-04-13,p2,MDY4,4.13.2026/ HOT,4.13.2026/ HOT,4.13.2026/B-V HOT,4.13.2026/B-V HOT,2026-04-13,2026-04-13,1.72,0.638
000211,2026-02-12,,2026-06-02,2026-06-02,p2,YYYY,2026 6.02.12,,2026 6.02-212,,2026-06-02,2026-06-02,8.51,0.291
000212,2026-12-16,,2026-12-16,2026-12-16,p2,YYYY,16.16 2026.12.16 5F17,,18:161 Z02512:15까지 그1한,,2026-12-16,,12.8,0.45
000213,2026-03-20,,2026-03-20,2026-03-20,p2,YYYY,2026.03.20,2026.03.20,2026.03.20/L,2026.03.20/L,2026-03-20,2026-03-20,2.4,0.293
000217,2027-03-08,,2027-03-08,2027-03-08,p1@640,YY,   /93 20.51  140  E.0 08 2197901902 27.03.081406 2879 24 0080 25-17  .80 402  ., M  /93 20.51  140  PE.09 0 2197901902 27.03.081406 2879 246 0080 251  .80 40  0,  %외국산 을라과이동 제일제당(수)는 제나 14099 플목보고번 가-PE 마개-PE 구입처는영업 1979019022 27.03.08 14:06,  %외국산 을라과이동 제일제당(수) 나 140길99 플목보고번 가-PE 마개-PE 구입는영업소 1979019022 27.03.08 14:06 ,,2027-03-08,3.65,3.287
000218,2026-05-03,,2026-05-03,2026-05-03,p2,YYYY,2026.05.03,2026.05.03,2026.05:03,2026.05:03,2026-05-03,,2.16,0.22
000219,2026-09-07,,2026-09-07,2026-09-07,p2,YYYY,2026.09.07,2026.09.07,2026.09.07 까지,3026.09.07 까지,2026-09-07,2026-09-07,1.29,0.244
000220,2026-02-23,,2026-02-23,2026-02-23,p2,YYYY,2026.02.23,2026.02.23,2026.02.23,2026.02.23,2026-02-23,2026-02-23,3.03,0.207
000222,2026-03-25,,2026-03-25,2026-03-25,p2,YYYY,2026.03.25,2026.03.25,:2026.03.25CF2,:2026.03.25CF2,2026-03-25,2026-03-25,2.49,0.222
000223,2026-08-13,,2026-08-13,2026-08-13,p2,YYYY,2026.08.13,2026.08.13,2026.08.138,2026.08.138,2026-08-13,2026-08-13,1.78,0.245
000225,2026-04-06,,2026-04-06,2026-04-06,p2,YYYY,203ca O  00 80305 4000  2026.04.06 2120.6  14.09 8090 3957 2.29 1009285  91 40,p3cal   200 20305 0  2026.04.06 120.6  14.09 092 35 225 100925 2 9 2,1call 이미지진 제즈부 영양보  스 n  2026.04.06 2 안장하난 홀아서시용면 14:09  단박303 총내용장 2 1009 클래식 톤,Icall 0p지진  영양보  ng  2026.04.0 2 불안참음난 홀아사용지면 14:09  단박303 총나82 1009  클래실 톤카츠스스 ,2026-04-06,2026-04-06,2.85,2.154
000227,2028-09-17,,2028-09-17,2028-09-17,p2,YYYY,020  6 2624 020   20 5  01 0141 2028.09.17 2  12 14.45 VOA  ,000  08 24 0 0  20 6 0 02 20441 2028.09.17 2  0012 14.45 VDA 8 ,N       영정보     2028.09-17   3-812kca -14545 VDA  ,N       영양정보    e 2028.09-17:   30=812kca ·14545 VDA  ,2028-09-17,2028-09-17,5.83,2.447
000228,2025-10-20,,2025-10-20,2025-10-20,p2,YYYY,2025.10.20,2025.10.20,2025:19.20,2025:19.20,2025-10-20,,1.78,0.237
000229,2025-10-28,,2022-10-11,2022-10-11,erode2/p1@640,CMP6_YMD,1256 2210,,1256 조리예,,,,7.61,0.311
000230,2026-03-28,,2026-03-28,2026-03-28,p2,YYYY, E2026-03-28 02112241 1905, 2026-03-28 021410641 1901,드시기바랍니다다. EXP 2026-03-28  영입성수 있습니다내 9,"드시기바랍니다다. EXP 2026-03-28 1 영양성있습니다내 ""90",2026-03-28,2026-03-28,2.88,0.93
000232,2027-11-26,e,NONE,NONE,,,,,,,,,33.36,0.0
000233,2028-01-13,,2021-01-22,2021-01-22,erode2/p1@1024,CMP6_YMD, 2011 2028011 P2 5 PERIO,, 라야의 N2028011 P2 B5D PERIOE,,,,8.23,0.53
000235,2026-03-08,,2026-03-08,2026-03-08,p2,YYYY,2026.03.08,2026.03.08,-2026.03.08L1,2026.03.08L1,2026-03-08,2026-03-08,3.41,0.232
000236,2026-04-08,,2026-04-08,2026-04-08,p2,YYYY,2026.04.08 15.45.09,2026.04.08 15.45.09,"2026.04,080지1(B) 15:45:09",2026.04.08지(B) 15:45:09,2026-04-08,2026-04-08,4.11,0.703
000237,2026-06-05,,2026-06-05,2026-06-05,p2,YYYY,2026.06.05,2026.06.05,2026.06.05까지 (R) .,2026.06.05까지 (A?.,2026-06-05,2026-06-05,4.73,0.535
000239,2026-07-10,,2026-07-10,2026-07-10,p2,YYYY,0 .70. 6.7 01   4401139 2026.07.10  , ..70.0 76.7 0   4019 2026.07.10  ,밀게새우지기아신닭기고기오어 ·하고 건조한곳에보훈냉장보일유.명 포함성분입가는 및교장소:고상담 우입 본제품은 소자기법에 의거교환 또는보상 ·소비기한,밀게새우기기고기어조 하고 건조한곳에보관기후냉장보일유 표함성분가능 품 및 교장소: 상실 빛우입본제품는은소비자기본법에 의거환 또는보상 ·소비기한 /,2026-07-10,2026-07-10,4.4,1.991
000240,2027-05-20,,2027-05-20,2027-05-20,p2,YYYY,2027.05.20 ,2027.05.20 ,2027.05.20 F1 까지,2027.05.20 F1 까지,2027-05-20,2027-05-20,3.32,0.606
000241,2027-08-10,,2027-08-10,2027-08-10,p2,YYYY,2027.08.10.1605,2027.08.10.105,2027.08.10.F2 16:05,2027.08.10.F2 16:05,2027-08-10,2027-08-10,3.6,0.24
000242,2026-05-21,2,2025-09-22,2025-09-22,p2,YYYY,/206 a  3.52 2.00 Ka  1960 48 7  6.11.96   2026.05.21 2025.09.2215.10 HAC  HACP ,/206 a  3.52 2.00 Ka  190 48 7  68.11.6   2026.05.21 2025.09.2215.10 HACC  HACCP,1용량 46g/206kcal 캡스지방이8 지방3523% () 2.00! 라을 2.KC 1일 영양성분기지입 487% 68 11% 대한비 소비기한 ,용량 468/206 kcal 스지방이8 화지방35823% () 2.00ll 라을구있 1일 영양성분기지인 487% 68 11% 대한비 소비기한 2,2025-09-22;2026-05-21,2025-09-22,2.89,2.184
000243,2026-08-17,,2026-08-17,2026-08-17,p2,YYYY,2026.08.17.0,2026.08.17 ,2026-18.17 3,2026-08.17 3,2026-08-17,2026-08-17,1.44,0.204
000244,2026-06-21,2,2026-06-21,2026-06-21,p2,YYYY,12 1 2026.06.21 2025.08.22/02 ,12 1 2026.06.21 2025.08.2/02 ,기한 소비 2026.06.21 2025.08.20532 부터,기한 소비 2026.06.211 2025.08.220532 부터,2025-08-02;2025-08-22;2026-06-21,2025-08-20;2025-08-22;2026-06-21,2.16,1.04
000245,2026-02-24,2,2026-02-24,2026-02-24,p2,YY,26.02.24,26.02.24,26.02.24A,/26.02.24A,2026-02-24,2026-02-24,3.77,0.21
000246,2026-02-04,2,2026-02-04,2026-02-04,p1keep/p1@640,YYMM_GLUE,05401 26.09.05 25.09.05  ,05401 26.09.05 25.09.05  ,05:40A04 26.02.0 25.09.05 까지 부터,05:40A04 26.02.0 25.09.05 까지 부터,2025-09-05;2026-09-05,2025-09-05,2.86,0.99
000247,2026-05-20,,2026-05-20,2026-05-20,p1@640,DMY4,80205/2026 A 19125,82052026  19125,BBD:z0-052a2 WT U5 BU19:25,BBD:z0-052025 YT 5 AB1925,,2025-05-20,1.29,0.56
000249,2026-02-16,,2026-02-16,2026-02-16,p2,YYYY, 07 36A01 2026.02.16 2025.09.17 , 07 36A01 2026.02.16 2025.09.17 ,기한 07:36A01 2026.02.16 2025-09.17 까지,기한 07:36A01 2026.02.16 2025-09.17 까지,2025-09-17;2026-02-16,2025-09-17;2026-02-16,3.19,1.011
000250,2026-03-04,2,2026-03-04,2026-03-04,p2,YY,26.03.04,26.03.04,26.03.04B6,26.03.04 B6,2026-03-04,2026-03-04,3.9,0.253
000251,2026-02-24,2,2026-02-24,2026-02-24,p1@640,YY,26.02.24,26.02.24,26.02.24 A2,26.02.24 A2,2026-02-24,2026-02-24,2.28,0.223
000252,2026-07-09,,2026-07-09,2026-07-09,p2,YYYY,2026.07.09,2026.07.09,2026.07.09,2026.07.09,2026-07-09,2026-07-09,1.99,0.242
000253,2026-06-20,,2026-06-20,2026-06-20,p2,YYYY,2026.06.20,2026.06.20,2025.0620,2026.06.20,2026-06-20,2025-06-20;2026-06-20,1.93,0.242
000254,2026-08-12,2,2026-08-12,2026-08-12,p2,YY,72 26.08.12.2 25.08.13/14  ,7 26.08.12.2 25.08.13/14  ,기한 26.08.12.2(F2) 25.08.13/14:45 까지 부터,기한 26.08.12.2(2) 25.08.13/14:45 까지 부터,2025-08-13;2026-08-12,2025-08-13;2026-08-12,2.73,0.906
000256,2027-01-02,,2027-01-02,2027-01-02,p2,YY,0c 27.01.02,0c 27.01.02,icl 27.01.02 B,Icll 27.01.02 B,2027-01-02,2027-01-02,1.69,0.608
000257,2025-12-10,,2025-12-10,2025-12-10,p2,YYYY,2025.12.10,2025.12.10,2025.12.101,2025.12.101,2025-12-10,2025-12-10,0.95,0.207
000258,2026-05-30,,2026-05-30,2026-05-30,p2,YYYY,2esan.o  020  50     0200  2026.05.30 1123 HACC,a.  2012090  50     200002  2026.05.30 1123 HACCP,"desi 다.    ,     20 소비기한 2026.05.30 11:23 HACCP",wesngde 다.         소비기한 2026.05.30 11:23 HACCP,2026-05-30,2026-05-30,6.42,2.066
000259,2025-11-09,,2025-11-09,2025-11-09,p1@640,YYYY,2 02 0 0  2025.1.09  005 008,28 02 0 0  2025.1.09  005 008,     225.11.09   ,     2025.11.09   ,2025-01-09,2025-11-09,2.39,1.414
000260,2027-04-01,,2027-04-01,2027-04-01,p2,YY,27.04.01,27.04.01,27.04.01,27.04.01,2027-04-01,2027-04-01,1.97,0.244
000261,2026-03-07,2,2026-03-07,2026-03-07,p2,YY_TAIL,26.03.07 ,26.03.07 ,26.03.07 A1 까지,26.03.07 A1 까지,2026-03-07,2026-03-07,3.47,0.642
000262,2027-01-10,b,2027-01-10,2027-01-10,p2,YYYY,809948228 2027.01.10,880994852850 2027.01.10,8B09940 2027.01.10,"804 2027,01.10",2027-01-10,2027-01-10,4.24,0.589
000263,2028-01-22,,NONE,NONE,,,,,,,,,34.42,0.0
000264,2026-06-06,,2026-06-06,2026-06-06,p1@640,YY_TAIL,26.06.061937,26.06.061937,26.06.06까T119:37F2B,26.06.06까T119:37 F2B,,2026-06-06,1.06,0.236
000265,2026-11-26,,2026-11-26,2026-11-26,p2,YYYY,2026.11.26,2026.11.26,2026.11.26,2026.11.26,2026-11-26,2026-11-26,1.35,0.226
000266,2025-12-04,b,2025-12-04,2025-12-04,ft/p2,YYYY,,,,,,,25.24,0.0
000267,2026-06-02,,2026-06-02,2026-06-02,p2,YY,26.06.02,26.06.02,26.06.02,26.06.02,2026-06-02,2026-06-02,2.59,0.233
000269,2026-05-15,,2026-05-15,2026-05-15,p2,YYYY, 78  OTHER HACCP 2026.05.15 02 41,c 78  OTHER HACCP 2026.05.15 02 41,치에대한비를 78% OTHER HACCP 2026.05.15 김지완02:41B1,치에대한비를 78% OTHER HACCP 2026.05.15 김지완02:41B1,2026-05-15,2026-05-15,4.67,1.128
000270,2026-09-03,,2026-09-03,2026-09-03,p1@640,YYYY,2026.02.03,2026.09.03,202609.03,202609.03,2026-02-03;2026-09-03,2026-09-03,2.45,0.215
000271,2026-03-24,,2026-03-24,2026-03-24,koline,YYYY,2026.03.2,2026.03.2,2026.03.24까지-2,2026.03.24까지-2,2026-03-02,2026-03-24,3.14,0.24
000272,2026-05-10,,2026-05-10,2026-05-10,p2,YYYY,2026.05.10,2026.05.10,2026.05.10C,2026.05.10c,2026-05-10,2026-05-10,1.71,0.214
000275,2026-04-23,,2026-04-23,2026-04-23,p2,YYYY,2026.04.23,2026.04.23,2026.04.23까지,2026.04-23까지,2026-04-23,2026-04-23,5.67,0.267
000276,2026-03-25,2,2026-03-25,2026-03-25,p2,YY,212226.03.250,212226.03.250,26.03.2 파지,26.03.2마지,,2026-03-02,4.44,0.551
000280,2026-03-23,,2026-03-23,2026-03-23,p2,YYYY,2026.03.23,2026.03.23,2026.03.23,2026.03.23,2026-03-23,2026-03-23,1.63,0.213
000281,2026-07-15,,2026-07-15,2026-07-15,p2,YY,26.07.15,26.07.15,26.07.15,26.07.15,2026-07-15,2026-07-15,4.73,0.28
000282,2026-09-10,,2026-09-10,2026-09-10,p2,YYYY,2026.09.10,2026.09.10,2026.09.10,2026.09.10,2026-09-10,2026-09-10,3.12,0.222
000283,2027-09-17,,2027-09-17,2027-09-17,p2,YY_TAIL,2.09.1714.07,27.09.1714.07,27.09.714.07,27.09.714.07,2027-09-17,,2.88,0.214
000284,2026-08-20,,2026-08-20,2026-08-20,p2,YYYY,2026.08.20,2026.08.20,2026.08.20 A,2026.08.20 A,2026-08-20,2026-08-20,6.78,0.448
000285,2027-07-02,,2027-07-02,2027-07-02,p2,YYYY,2027.07.02 ,2027.07.02 ,2027.07.02 까지,2027.07.02 까지,2027-07-02,2027-07-02,2.12,0.55
000286,2027-03-11,,2027-03-11,2027-03-11,p2,YYYY,2027.03.1112,,2027.03.11 112B,,2027-03-11,2027-03-11,14.28,0.144
000288,2028-07-25,b,2028-07-25,2028-07-25,p2,YYYY,08/53 81212 2028.07.25,08.55 81212 2028.07.25, I2028 0 25러,I하] I 2028 9 257,2028-07-25,2028-09-25,3.55,0.609
000289,2030-07-23,,2030-07-23,2030-07-23,p2,YYYY,030.07.205 4.04 37205,030.07.205 4.04 37205,02 n04a205,0 n:84a205,,,1.2,0.531
000290,2027-03-02,,2027-03-02,2027-03-02,p1@1024,YYYY, 2021/03.021, 2021.03.021, 20703.027, 207V3.027,2021-03-02,,4.22,0.537
000291,2027-07-21,,2027-07-21,2027-07-21,p2,YYYY,2027.07.21,2027.07.21,2027.07.21,2027.07.21,2027-07-21,2027-07-21,3.4,0.359
000292,2026-02-13,,2026-02-13,2026-02-13,p2,DMY4,13/02/2026,13/02/2026,13/02/2026,13/02/2026,2026-02-13,2026-02-13,1.69,0.215
000295,2025-11-08,,2025-11-08,2025-11-08,p2,YYYY,2025.11.08,2025.11.08,2025.11.08 A2,2025.11.08 A2,2025-11-08,2025-11-08,2.44,0.224
000296,2026-07-28,,2026-07-28,2026-07-28,p2,YYYY,2026.07.28,2026.07.28,2026.07.28,2026.07.28,2026-07-28,2026-07-28,1.7,0.24
000299,2026-05-13,,2026-05-13,2026-05-13,p2,YYYY,2026.05.13,2026.05.13,2026.05.13 까지,2026.05.13 까지,2026-05-13,2026-05-13,4.37,0.234
000300,2026-05-21,,2026-05-21,2026-05-21,p2,YYYY,2026.05.21,2026.05.21,2026.05.21,2026.05.21,2026-05-21,2026-05-21,2.58,0.234
000301,2027-04-09,,2027-04-09,2027-04-09,p2,YYYY, 2027.04.09,7 2027.04.09,소비기한 2027.04.09,소비기한 2027.04.09,2027-04-09,2027-04-09,1.56,0.792
000302,2026-03-15,,2026-03-15,2026-03-15,p2,YYYY,2026.03.15,2026.03.15,2026.03.15까지,2026.03.15까지,2026-03-15,2026-03-15,1.7,0.255
000303,2026-07-31,,2026-07-31,2026-07-31,p2,YY,2   26.07.31 080-19-9191 14,2   26.07.31 080-19-9194 4,2%  26.07.31 080-019-91(수금부 8고객상담실,2%  26.07.31 080-019-119수요금부 8고객상담실,2026-07-31,2026-07-31,2.94,0.978
000304,2026-06-01,,2026-06-01,2026-06-01,p2,YYYY,2026.06.01 ,2026.06.01 ,"2026,06.01 까지","2026,06.01 까지",2026-06-01,,2.43,0.674
000305,2026-02-24,,2026-02-24,2026-02-24,p2,YY,26.02.24,,26.02.24,,2026-02-24,2026-02-24,15.05,0.144
000306,2026-09-16,,2026-09-16,2026-09-16,p2,YYYY,2 okgal 12 41 2026.09.16,42 okgal 1241 2026.09.16,떡갈비 okgalbi 12:41 2026.09.16,떡갈비 okgalbi 12:41 2026.09.16,2026-09-16,2026-09-16,2.76,0.935
000307,2025-11-14,,2025-11-14,2025-11-14,p2,YY, 25.11.14 09 51 115, 25.11.14 09 51 115,소비 125.11.14-까지2 09:51 H15,소비 125.11.14-까지2 09:51 H15,2025-11-14,,2.29,0.909
000308,2025-12-04,,2025-12-04,2025-12-04,p2,YYYY,2025.12.04,2025.12.04,2025.12.04B2,2025.12.04B2,2025-12-04,2025-12-04,1.77,0.218
000310,2026-09-28,,2026-09-28,2026-09-28,p2,YYYY, 2026.09.28 ,7 2026.09.28 ,소비기한 2026.07.28 까지,소비기한 2026.07.28 까지,2026-09-28,2026-07-28,8.53,0.939
000312,2026-08-26,,2026-08-26,2026-08-26,p2,YYYY,2026.08.26,2026.08.26,2026.08.26까지,2026.08.26까지,2026-08-26,2026-08-26,2.34,0.26
000313,2026-03-17,,2026-03-17,2026-03-17,p2,YYYY,2026.03.17 170,2026.03.17 1701,스D스E-03-17 -17지,스0스6-03-17 -17까지,2026-03-17,,3.9,0.873
000315,2026-07-19,,2026-07-19,2026-07-19,p1keep/p1@640,YYYY,20260.199,20260.199,2060719,226019,,,0.95,0.224
000316,2027-03-01,,2027-03-01,2027-03-01,p2,YYYY, 2027.03.01, 2027.03.01,소비기한 2027.03.01,소비기한 2027.03.01,2027-03-01,2027-03-01,2.51,0.57
000317,2025-11-15,,2025-11-15,2025-11-15,p2,YYYY,2025.11.15 15,2025.11.15 15,-2025.11-15 15,2025.11-15 15,2025-11-15,2025-11-15,3.42,0.621
000319,2026-02-14,,2026-02-14,2026-02-14,p2,YYYY,2026.02.14,2026.02.14,2026.02.14까지,2026.02.14까지,2026-02-14,2026-02-14,2.68,0.268
000320,2025-11-12,2,2025-11-12,2025-11-12,p2,YY_LEAD0,0g 010 2025.11.12,0g 0 10 2025.11.12,09 0~10c 2025.11.12까지,09 0~10c 2025.11.12까지,2025-11-12,2025-11-12,3.6,0.724
000322,2025-10-29,,2025-10-29,2025-10-29,p2,YYYY,2025.10.29,2025.10.29,2025. 10.29 0,2025. 10.29 0,2025-10-29,2025-10-29,1.1,0.23
000323,2025-12-21,2,2025-12-21,2025-12-21,p2,YYYY,0   2025.12.21,0   2025.12.21,이께 디핑소스 소비기한 2025.12.21까지,마께 디핑소스 소비기한 2025.12.21까지,2025-12-21,2025-12-21,2.94,0.981
000324,2027-05-15,,2027-05-15,2027-05-15,p2,YMD_GLUED, 20 23 2242 .1  . 210 00 21.52057660 08326  040 2027.05.1522 200a 02  809 205cal, 20 23 2322 .1  0 210 010L 211.52095760 083206 010 2027.05.1522 200   809 205cal,"영물(시골 스림일크프리퍼레이션(네 수면크푸리우산서 들을호주산),시 말에.참유 한육 부문말 가루 쇠고기,우유대두,밀함유9 역시 사하구 다대로210","영물(골 스컴글크프리퍼레이션(네 수립크푸리우산사 들물.호추산)실 을에요참유 한육부문말 가루 쇠고기,우유대두밀함유9 역시 사하구 다대로210 질수",2027-05-15,2027-05-15,3.14,2.324
000325,2025-11-03,,2025-11-03,2025-11-03,p2,YY,25.11.03,25.11.03,25.11.03,25.11.03,2025-11-03,2025-11-03,2.98,0.225
000326,2025-10-18,,2025-10-18,2025-10-18,p2,YYYY,2025.10.18,2025.10.18,2025.10.18 까지,2025.10.18 까지,2025-10-18,2025-10-18,3.52,0.262
000328,2025-12-25,,2025-12-25,2025-12-25,p2,YYYY,edRadihAnd Burdoc 2025.12.25 5,cedRadishAnd Burdoc 2025.12.25 5,Pickled RadishAid Burdock 2025.12.25까지 5,Pickled Radish Ard Burdock 2025.12.25까지 5,2025-12-25,2025-12-25,4.96,1.005
000329,2025-12-25,,2025-12-25,2025-12-25,p2,YYYY,WasabiRadis 2025.12.25 00 ,WasabiRadi 2025.12.25 0410 ,d Wasabi Radish '2025.12.25까지 연출된예 산,d Wasabi Radish 2025.12.25까지 연출된예 산,2025-12-25,2025-12-25,4.04,0.94
000330,2025-11-02,2,2025-11-02,2025-11-02,p2,YY,6  25.10.04 25.11.02  ,A  25.10.04 25.11.02  ,루로선당한빛깔 드대상 대통령상 수상 25.10.04 25.11.02 제 소비사중심,루로선당한빛깔 드대상 대통령상수상 25.10.04 25.11.02 제 소비자중심,2025-10-04;2025-11-02,2025-10-04;2025-11-02,5.14,0.797
000331,2025-10-31,,2025-10-31,2025-10-31,p2,YYYY,2025.10.31,2025.10.31,2025.10.31까지,2025.10.31까지,2025-10-31,2025-10-31,1.18,0.162
000332,2025-10-22,,2025-10-22,2025-10-22,p2,YYYY,2025.10.22,2025.10.22,2025-10.225337,2025.10.22 337,2025-10-22,2025-10-22,1.65,0.211
000333,2025-11-07,,2025-11-07,2025-11-07,p2,YYYY,0 2025.11.07,0 2025.11.07,장충동왕족발 2025.11.07,장충동왕족발 2025.11.07까,2025-11-07,2025-11-07,1.09,0.477
000334,2026-03-15,,2026-03-15,2026-03-15,p2,YYYY,2026.03.15,2026.03.15,2026.03.15까지,2026.03.15까지,2026-03-15,2026-03-15,1.17,0.155
000335,2025-11-28,,2025-11-28,2025-11-28,p2,YYYY,2025.11.28,2025.11.28,2025.11.28 까지,2025.11.28 까지,2025-11-28,2025-11-28,1.74,0.167
000336,2025-11-20,,2025-11-20,2025-11-20,p2,YY, 25.11.20 16.00,,기한 25.11.20까 16:00,,2025-11-20,2025-11-20,9.26,0.319
000337,2025-12-09,,2025-12-09,2025-12-09,p2,YYYY,2025.12.09,2025.12.09,2025.12.09 까지,2025.12.09 까지,2025-12-09,2025-12-09,0.73,0.157
000338,2026-05-28,,2026-05-28,2026-05-28,p2,YYYY,2026.05.28,2026.05.28,2026.05.28,2026.05.28,2026-05-28,2026-05-28,1.06,0.156
000340,2026-08-11,,2026-08-11,2026-08-11,p2,YY,26.08.11,26.08.1,26.08.11까지,26.08.11까지,2026-08-01;2026-08-11,2026-08-11,0.92,0.157
000341,2026-04-29,,2026-04-29,2026-04-29,p2,YYYY,2026.04.29,2026.04.29,2026.04.29,2026.04.29,2026-04-29,2026-04-29,0.81,0.156
000342,2026-06-22,,2026-06-22,2026-06-22,p2,YYYY,2026.06.22,2026.06.22,2026.06.22,2026.06.22,2026-06-22,2026-06-22,0.57,0.158
000344,2026-08-04,,2026-08-04,2026-08-04,p2,YYYY,2026.08.04/1918,2026.08.04/1918,2026.08.04/1918B,2026.08.04/1918B,2026-08-04,2026-08-04,1.24,0.15
000345,2026-04-09,,2026-04-09,2026-04-09,p2,YYYY, 2026.04.09, 2026.04.09,소비기한 2026.04.09까지,소비기한 2026.04.09지,2026-04-09,2026-04-09,2.28,0.46
000346,2026-05-15,,2026-05-15,2026-05-15,p2,YYYY,2026.05.15,2026.05.15,2026.05.15까지,2026.05.15까지,2026-05-15,2026-05-15,1.21,0.167
000347,2027-05-26,,2027-05-26,2027-05-26,p2,YYYY,2027.05.26,2027.05.26,2027.05.26,2027.05.26,2027-05-26,2027-05-26,1.25,0.161
000348,2026-04-02,,2026-04-02,2026-04-02,p2,YYYY,2026.04.02,2026.04.02,2026.04.02 ,2026.04.02 ,2026-04-02,2026-04-02,2.22,0.185
000349,2025-12-07,,2025-12-07,2025-12-07,p2,YYYY,2025.12.07,2025.12.07,2025.12.07까지,2025.12.07까지,2025-12-07,2025-12-07,1.21,0.148
000350,2027-05-15,,2027-05-15,2027-05-15,p2,YYYY,2027/05/15,2027/05/15,2027/05/15,2027/05/15,2027-05-15,2027-05-15,3.07,0.143
000352,2026-08-27,,2026-08-27,2026-08-27,p2,YYYY,2026.08.27,2026.08.27,2026-08.278,2026:98-278,2026-08-27,2026-08-27,1.97,0.257
000353,2026-03-08,,2026-03-08,2026-03-08,p2,YYYY,   8 2026.03.08,   288 2026.03.08,운크럼모 A합을동시에 까스 보나타 파스타소스   206.03.08 L11,운크림모 합들동시어 까스 보나타 파스타소스    2026.03.08 L11,2026-03-08,2026-03-08,2.22,0.725
000354,2027-07-06,,2027-07-06,2027-07-06,p2,YYYY,2027.07.06,2027.07.06,2027.07.06,2027.07.06,2027-07-06,2027-07-06,3.42,0.179
000355,2028-06-17,,2028-06-17,2028-06-17,p1keep/p1@1024,YYYY,2028.06.17,2028.06.17,2815.172,02a105.172,2028-06-17,,2.27,0.158
000356,2027-03-17,,2027-03-17,2027-03-17,p2,YYYY,2027.03.17,2027.03.17,2027.03.17 A,2027.03.17A,2027-03-17,2027-03-17,2.15,0.168
000357,2027-08-11,,2027-08-11,2027-08-11,p2,YYYY,2027.08.11,2027.08.11,2027.08.11 조민수,2027.08.11 조민수,2027-08-11,2027-08-11,1.49,0.155
000359,2026-06-16,,2026-06-16,2026-06-16,p2,YYYY,2026.06.160,2026.06.16.,202.0E16 I H,2026.051 I A,2026-06-16,,2.34,0.383
000360,2026-02-18,2,2026-08-19,2026-08-19,ft/p1keep/p1@640,YY,,,,,,,18.05,0.0
000363,2026-04-21,,2026-04-21,2026-04-21,p2,YYYY, 2026.04.21012.38, 2026.04.21012.38,지국밥 2025.0421C12:38,지국밥 2026.04.21C12:38,2026-04-21,2025-04-21;2026-04-21,1.1,0.495
000364,2026-06-04,,2026-06-04,2026-06-04,p2,YYYY,.com 2026.06.04,.com 2026.06.04,.com) 22·0·041지|,p.com) 2인0일04까지|,2026-06-04,,6.11,0.461
000365,2026-03-11,,2026-03-11,2026-03-11,p2,YYYY,2026.03.11,2026.03.11,2026.03.11/,2026.03.11/,2026-03-11,2026-03-11,2.43,0.168
000366,2026-09-05,,2026-09-05,2026-09-05,p2,YYYY, 2026.09.05 , 2026.09.05 ,소비기한 '2026.09.05L2 까지,소비기한 '2026.09.05L2 까지,2026-09-05,2026-09-05,1.92,0.577
000367,2026-05-18,,2026-05-18,2026-05-18,p2,YYYY,2  2026.05.18,2  2026.05.18,과함께 상을 2026.05.18,과함께 상을 2026.05.18,2026-05-18,2026-05-18,3.31,0.558
000368,2026-09-22,,2026-09-22,2026-09-22,p2,YYYY,2026.09.22.06119 ,,00206197 까지,,2026-09-22,,8.36,0.269
000369,2027-06-25,,2027-06-25,2027-06-25,p2,YYYY,1 12027.06.25, 12027.06.25,짜장 512027. 06.25,짜장 512027.06.25,,2027-06-25,1.05,0.418
000370,2026-09-02,,2025-09-02,2025-09-02,p2,YYYY,0109 . . .02 1399 I 11 2.018220 04.2 0330 0 2102 02 1501.1. 3210 01220 202n 1214,0691  . .0 1399 I7 121 2.01820 001.2 030 0 2102 02 01501.1 2242 022 2026n 14 09.,"019-913(수신자요금부담) 화합시다.소중한자원깨끗한 환경 F12 고활장,불량신용모 고환장소고객상담실및 이i399 고객시 모바자법에의거 교 아","019-913(수신자요금부담) 화합시다.소중한 자원깨끗한 환경F12 교환장,불량시로 고환장소고객상담실및 이i399 2고객시 모자법에의거 환 아능",,,4.8,2.561
000371,2026-02-15,,2026-02-15,2026-02-15,p2,YYYY,2026.02.1507.3657,2026.02.1507.3657,2026.02.15 지 07:36:57 11,2026.02.15 지 07:36:57 11,2026-02-15,2026-02-15,0.99,0.393
000372,2026-09-15,,2026-09-15,2026-09-15,p1@640,YYYY,2026.09.154.15215,2026.09.154.1521,2026.09.15.F4.15:21.5,소비2026.09.15.F4.15:21.5,2026-09-15,2026-09-15,1.35,0.149
000373,2026-09-18,,2024-05-01,2024-05-01,ft/dilate2/p1@640,YY,,,,,,,31.93,0.0
000374,2026-08-28,,2026-08-28,2026-08-28,p2,YYYY,2026.08.28,2026.08.28,226.08.28,226.08.28,2026-08-28,,5.28,0.163
000375,2026-05-31,,2026-05-31,2026-05-31,p2,YY,0A 26.05.31 2236 ,0A 26.05.31 2236 ,0A2 26.05-31 22:36 까지,0A2 26.05-31 22:36 까지,2026-05-31,,2.28,0.658
000376,2025-10-07,,2025-10-07,2025-10-07,p2,YYYY,2 2051 10142 67240 . 00 2025.10.07 508.65 0 e521 4201.21.69 2 26009090  24 500 A,20 2051 010142 00.  00 2025.10.07 508. .0 e521 4201.216 2 23009090  2 500 AM-01 ," 김채 영양 총내용당 202    및 실 은 공  고시 소 기조( 2025.10.07까지 508,G남터 (동) ·영업보부시시시 -주의사항,비냉장"," 김채 영양 총 내용당 3   입치 및고실 은 공 고시 조 기 2025.10.07까지 508,G강남터 1동) ·영업보부시울시서 -주사항,비냉 보",2025-10-07,2025-10-07,2.64,1.963
000377,2026-07-01,,2026-07-01,2026-07-01,p2,YYYY, 6    24 001  06 1 2026.07.01 02,,6 0        무 2026.07/01까지 ,,2026-07-01,2026-07-01,15.25,0.589
000378,2026-05-29,2,2026-05-29,2026-05-29,p2,DMY4,0 5 29 05 2026   ,0 5 29 05 2026   ,  29 05 2026 B1  ,  29 05 2026 B1  ,2026-05-29,2026-05-29,1.47,0.744
000379,2026-09-05,d,2026-09-05,2026-09-05,p2,CMP6_DMY,050926 2.13 8049733069,050926 2.13 80497330691,050926 213 8804973130694,050926 213 8804973306914,2026-09-05,2026-09-05,1.97,0.578
000380,2026-09-02,,2026-09-02,2026-09-02,p2,YYYY,   2026.09.02  2,   2026.09.02  ,   2026.09.02까지A  ,   2026.09.02까지A  ,2026-09-02,2026-09-02,1.23,0.748
000381,2027-01-20,,2027-01-20,2027-01-20,p2,DMY4,0020/01/2027,D0M20/01/2027,""":20/01/2027","""0: 20/01/2027""",2027-01-20,2027-01-20,1.16,0.169
000382,2026-08-18,,2026-08-18,2026-08-18,p2,YYYY,2026.08.18 08.40,2026.08.18 08.40,소비기한 : 2026.08. 18 08:40,소비기한 : 2026.08 18 08:40,2026-08-18,2026-08-18,1.18,0.441
000383,2026-04-03,,2026-04-03,2026-04-03,p2,YYYY,2026.04.03,2026.04.03,"""2026.04.03 E",2026.04.03 E,2026-04-03,2026-04-03,1.89,0.15
000384,2026-09-08,2,2026-07-08,2026-07-08,p2,YYYY,RONOIR  2026.07.08 ,RONOIR  2026.07.08 ,"BRONOIR"" 소비기한 :: 까지",BRONOIR T 소비기한 282:07: 까지,2026-07-08,,1.1,0.652
000385,2026-09-14,2,2026-09-14,2026-09-14,p2,YYYY,2026.09.14  501.,2026.09.14  001.,2026.09.14 까지 맛있는약속,2026.09.14 까지 맛있는약속,2026-09-14,2026-09-14,1.88,0.573
000386,2026-06-10,2,2026-06-10,2026-06-10,p1keep/p1@640,YYYY,880117 2025.06.11 2026.06.10 01.36A02,880117 2025.06.10 2026.06.10 01 36A02,8180177 2025·06·11 202506.1 01:36 A02,8 80117 2025.06·11 202506.1 01:36A02,2025-06-10;2025-06-11;2026-06-10,,1.77,0.616
000387,2027-01-21,,2027-01-21,2027-01-21,p2,YYYY,2027.01.21 ,2027.01.21 ,소비기한:2027.01.21 까지,소비기한:2027.01.21 까지,2027-01-21,2027-01-21,2.06,0.575
000390,2026-05-19,,2026-05-19,2026-05-19,erode2/p1@640,YYYY,2026.05.19,,2026.051.,,2026-05-19,,6.25,0.09
000391,2026-12-10,,2026-12-10,2026-12-10,p2,YYYY,2026.12.10,2026.12.10,"소.202612,10",소.202612.10,2026-12-10,,1.73,0.159
000392,2026-08-28,2,2026-08-28,2026-08-28,p2,YY,  26.08.28 25.08.291 14 52, 2 26.08.28 25.08.291 1452,"깔끔한더자일리를 간편하게즐기는 26.08.20 25,08,29 1 14:52","깔끔한더자일리를 간편하게즐기는 26.08.25 25,08,291 14:52",2025-08-29;2026-08-28,2026-08-20;2026-08-25,2.44,0.711
000393,2027-08-02,,2027-08-02,2027-08-02,p2,YYYY,2027.08.02,2027.08.02,2027.08.02까지,2027.08.02까,2027-08-02,2027-08-02,1.39,0.148
000394,2026-04-14,,2026-04-14,2026-04-14,p2,YYYY,2026.04.14 3 315.5,2026.04.14 3 3.15155,2026.04.14 F  3155,2026.04.14 F F3 315:53,2026-04-14,2026-04-14,4.65,0.571
000396,2026-02-27,,2026-02-27,2026-02-27,p2,YYYY,2026.02.27 ,2026.02.27 6,2026.02:27까지1 ,2026.02:27까지 ,2026-02-27,,1.53,0.449
000397,2026-02-19,,2026-02-19,2026-02-19,p2,YYYY,2026.02.19 161 SH7,2026.02.19 161 SH7,2026.02.19 16:16 SH?,2026.02.19 16:16 SH7,2026-02-19,2026-02-19,1.79,0.432
000399,2027-01-31,,2027-01-31,2027-01-31,p2,YYYY,2027.01.3103. VEB,2027.01.3103. VEB,2027.01.31 03:52 VE VEB,2027.01.31 03:52 VE8 VEB,2027-01-31,2027-01-31,2.13,0.691
000401,2027-04-12,,2027-04-12,2027-04-12,p2,YY_TAIL,27.04.122W1935,27.04.122W1935,27.04.12까지2w19:35,27.04.12까지2W19:35,2027-04-12,2027-04-12,1.83,0.53
000402,2019-04-28,,2019-04-28,2019-04-28,p1@640,DDMMYY,72  28.04.19258 SA4,2  28.04.19 1258 SA4,클래식 팸 28.04.19 12:58 까지 SA4,클래식 팬 28.04.19 12:58 까지 SA4,2019-04-28;2028-04-19,2019-04-28,4.7,0.878
000403,2027-04-01,,2027-04-01,2027-04-01,p2,YYYY,2027.04.01 1932,,(4022.09-011 1영국만,,2027-04-01,,5.18,0.219
000404,2026-06-10,,2026-06-10,2026-06-10,p2,YYYY,2026.06.10.164,2026.06.10.164,2026.06-1016:42,2026.06.10-16:42,2026-06-10,2026-06-10,0.96,0.173
000405,2027-10-15,,2020-07-01,2020-07-01,dilate2/p1@1024,SP_DMY,28 2,,로 일가미국산주산)스트합식용말을레인레이시아,,,,28.8,0.416
000406,2026-08-27,2,2021-12-NONE,2021-12-NONE,ft/p1@1024,YYMM,,,,,,,13.98,0.0
000407,2025-12-01,2,2025-12-01,2025-12-01,p2,YYYY,2025.10.03 2025.12.01 6500,2025.10.03 2025.12.01 6500,2025.10.03 2025.12.01 6500,"2025.10.03 2025,12.01 6500",2025-10-03;2025-12-01,2025-10-03;2025-12-01,3.08,0.628
000408,2025-10-09,2,2025-10-09,2025-10-09,p2,YYYY,N 2025.1205 02101 2025.10.09 180l,NH 2025.1205 6210120 2025.10.09 1801,N 2-302519052 0당아니로마트 52925.109 1801,NH 2.30251.052 2051당아나로마트 5.2925.10.09 1801,2025-10-09;2025-12-05,,1.91,0.718
000410,2027-04-13,,2027-04-13,2027-04-13,p2,YYYY, 2027.04.13, 2027.04.13,스비기한 2027.04.13,소비기한 2027.04.13,2027-04-13,2027-04-13,0.93,0.471
000411,2026-09-09,2,2026-09-09,2026-09-09,p2,YYYY,2026.09.09,2026.09.09,26.909,2026.0909,2026-09-09,2026-09-09,3.08,0.164
000412,2026-01-19,,2026-01-19,2026-01-19,p2,YYYY,2026.1.19 ,2026.1.19 ,2026.1.19 까지,"2026,1.19 까지",2026-01-19,2026-01-19,2.62,0.46
000414,2026-04-07,,2026-04-07,2026-04-07,p2,YYYY,2026.04.07,2026.04.07,2026.04.07까지,2026.04.07까지,2026-04-07,2026-04-07,0.71,0.149
000416,2026-04-07,,2026-07-01,2026-07-01,p1@640,DMY4,  GO 0  2026., 0 GO 0  2026, 더맛있게 GO! 그럼말아보자 소비기한 , 더맛있게 GOl 그럼 말아보자 소비기한 ,,,1.17,0.794
000417,2026-03-15,,2026-03-15,2026-03-15,p2,YYYY,2 1 0  GO 2026.03.15 ,2  0 0 GO 2026.03.15 ,RE 너nn? 그말아보까 더맞있게 GOla 2026.03.15 소비기한,RE 넓고다고? 그말아보까 더맞있게 GO!~ 2026.03.15 소비기한,2026-03-15,2026-03-15,1.17,0.81
000418,2026-09-08,,2026-09-08,2026-09-08,p2,YYYY,2026.09.08,2026.09.08,2026.09:98.,2026.09:08.,2026-09-08,,3.33,0.169
000419,2026-08-05,,2026-08-05,2026-08-05,p2,YYYY, YCAP  2026.08.05, SYCAP  2026.08.05, EAY CAPCO 소비기한 2026.08.05, EAY CAP  소비기한 2026.08.05,2026-08-05,2026-08-05,1.61,0.66
000420,2025-12-04,,2025-12-04,2025-12-04,p2,YYYY,2025.12.04,2025.12.04,2025.12.01,2025.12.01,2025-12-04,2025-12-01,2.35,0.127
000421,2026-07-17,,2026-07-17,2026-07-17,p2,YY,26.07.17 1643,26.07.17 1643,25.07.17 16:35 A,26.07.17 16:35 A,2026-07-17,2025-07-17;2026-07-17,0.72,0.146
000422,2026-06-09,2,2026-06-09,2026-06-09,p2,YYYY,2026.06.09,2026.06.09,2026.06.09',2026.06.09,2026-06-09,2026-06-09,1.68,0.15
000424,2026-03-28,,2026-03-28,2026-03-28,p2,YMD_GLUED,2026.03.28,2026.03.28,202603.지,202603.지,2026-03-28,,3.84,0.138
000425,2025-11-05,,2025-11-05,2025-11-05,p2,YYYY,2025.11.051125 ,2025.11.0511125 ,로5-11.05 11:25 까지,2-11.05 11:25 까지,2025-11-05,,1.18,0.465
000427,2027-04-01,,2027-04-01,2027-04-01,p2,YYYY,2027.04.01,2027.04.01,2627.04.01 ,2027.04.01 ,2027-04-01,2027-04-01,0.98,0.161
000430,2028-02-01,,2028-02-01,2028-02-01,p2,YYYY,2028.02.01,2028.02.01,2028.02.01 CB,2028.02.01 CB,2028-02-01,2028-02-01,2.42,0.133
000431,2026-03-17,,2026-03-17,2026-03-17,p2,YYYY,801055780266 2026.03.17 23.33 ,801055780266 2026.03.17 23.33 ,88010551780266 2026.03.17 23:33 ,88010551780266 2026.03.17 23:33 ,2026-03-17,2026-03-17,2.31,0.643
000433,2026-08-05,,2026-08-05,2026-08-05,p2,YYYY, 2  u     14 1 150g 00    2  2623072106 2026.08.05 03 12 5  , 2 M u2    28 2 1  50g 00   2  62307206 2026.08.05 03 1e  A50 1 ,  제품명 내용량 원재료명 제조원 소비기한 품장재질 몸못보번호2 유기농가루녹차 50g 명유기농녹차100%(국내산) 실온보관 (주)젠 공장 내포장,  제품명 내응량 원대료명 제조원 기 품장재질 으보그보호22 유기농 가루녹차 50g 명유기농녹차100(국내산) 실온보관 (주)티젠 공장 내포장:,2026-08-05,2026-03-05,3.78,1.848
000434,2026-10-28,,2026-10-28,2026-10-28,p2,YYYY,2026.10.28,2026.10.28,2026.10.28,2026.10.28,2026-10-28,2026-10-28,2.18,0.15
000435,2026-07-14,,2026-07-14,2026-07-14,p2,YYYY,2026/07/14,2026/07/14,2026 /07/14,2026 /07/14,2026-07-14,2026-07-14,1.05,0.149
000436,2026-02-12,,2026-02-12,2026-02-12,p2,YYYY,2026.02.12 16.5 2,2026.02.12 16.5 21,1226.12.12  뚜껑회전시내부,12026.02.12  뚜껑회전시내부,2026-02-12,,1.52,0.583
000437,2025-11-19,,NONE,NONE,,,,,,,,,18.04,0.0
000438,2026-02-19,t,2026-02-19,2026-02-19,ft/p2,YYYY,,,,,,,16.21,0.0
000439,2026-03-18,,2026-03-18,2026-03-18,p2,YYYY,2026.03.18,2026.03.18,2026.03.18,2026.03.18,2026-03-18,2026-03-18,2.44,0.328
000440,2026-08-13,2,2020-02-20,2020-02-20,ft/dilate2/p1@1024,DMY4,,,,,,,22.15,0.0
000442,2025-11-30,,2025-11-30,2025-11-30,p2,YYYY,0126130 2025.11.53,0126130 2025.11.53,01263 2025:11.,01226303A 2025.130,,,1.84,0.467
000443,2026-04-06,,2026-04-06,2026-04-06,p2,YYYY,   2026.04.061609,   2026.04.0616.09,자 °손가각으로 과자했는자 소비기한 2026.4.0 16:1, °손가각으로과자했는자 소비기한 2026.04.0E 16:1A,2026-04-06,,3.24,0.636
000444,2026-07-01,,2026-07-01,2026-07-01,p2,YYYY,2026.07.01,2026.07.01,2026.07.01,2026.07.01,2026-07-01,2026-07-01,1.5,0.163
000445,2026-07-17,,2026-07-17,2026-07-17,p2,YYYY,2 2026.07.171540 ,, 2026.07.17 / 15:40 ,,2026-07-17,2026-07-17,8.11,0.398
000447,2025-11-22,,2025-11-22,2025-11-22,p2,YYYY,2025.11 22,2025.11 22,2025.1122,2025. 11.22,2025-11-22,2025-11-22,1.89,0.167
000448,2026-08-20,,2026-08-20,2026-08-20,p2,YYYY,2026.08.20,2026.08.20,2026.08.20,2026.08.20,2026-08-20,2026-08-20,1.2,0.144
000449,2026-01-28,,2026-01-28,2026-01-28,p2,DMY4,  28.01.2026 L02806.13.08,  28.01.2026 02806.1113.08, BB 28 1P1:2026 BB LO28K06--13108, BB 28 101.2026 BB L028K06--13:08,2026-01-28,,2.58,0.668
000450,2026-03-11,2,2026-03-11,2026-03-11,p1keep/p1@640,YYYY,712  2026.03.11 2025.09.12/13  ,712  2026.03.11 2025.09.12/13  ,기한 소비 2026.0.1A 2025.09.12/13:18 부터 까지,기한 소비 2026.03.11A 2025.09.12/13:18 부터 까지,2025-09-12;2026-03-11,2025-09-12;2026-03-11,1.96,0.766
000451,2026-02-27,2,2026-02-27,2026-02-27,p1keep/p1@640,YY, 0 4 21 25.08.28 25.08.28 2 , 0  21 25.08.28 25.0.28 2 , 영보  의부입니시합니다 25.08.2 1 26.08.2  매콤달, 영보  위부이나합니다 35.08.26  21 26.08.2   매콤달,2025-08-28,2025-08-02;2026-08-02,1.83,0.885
000452,2026-03-25,2,2025-02-24,2025-02-24,ft/p1@640,YYYY,,,,,,,12.94,0.0
000453,2026-01-26,2,2028-01-26,2028-01-26,p1keep/p1@1024,YY_TAIL, 25.08.26 25.08.27 28.381.205 301176030,2 25.08.26 25.08.27 28.381.205 801176030,기한 6.08. 25.08.27 08:3828 880111004,기한 6.0. 25.08.27 08:3828 8801170044,2025-08-26;2025-08-27,2025-08-27,4.09,0.719
000454,2025-07-15,2,2025-07-15,2025-07-15,p2,YYYY,2025.07.15,2025.07.15,2025.07.15,2025.07.15,2025-07-15,2025-07-15,1.88,0.15
000455,2026-02-10,2,2026-02-10,2026-02-10,p2,YYYY,2026.02.10,2026.02.10,2026.02.10 까,2026.02.10 까,2026-02-10,2026-02-10,1.44,0.17
000456,2025-12-26,2,2025-12-26,2025-12-26,p2,YYYY,CHE NO  2018-20 2025.12.26,CHE NO  20120 2025.12.26,대한민국 NO. 양반김  조H2025.12.26,대한민국 NO. 양반김  소H12025.12.26A,2025-12-26,2025-12-26,1.71,0.679
000461,2026-11-28,,2026-11-28,2026-11-28,p2,YYYY, 2026.11.28 , 2026.11.28 1,품질유지기한 2026.11.28 T페트,품질유지기한 2026.11.28 T제트,2026-11-28,2026-11-28,1.11,0.577
000462,2027-05-27,,2027-05-27,2027-05-27,p2,YYYY,2027.05.27,2027.05.27,2027.05.27H42,2027.05.27H,2027-05-27,2027-05-27,1.04,0.167
000465,2027-07-30,t,2027-07-30,2027-07-30,p2,YYYY,   L31S 2027/07/30 N2 56050 01,   L31 2027/07/30 N2 56650 0lE2,   L31S 2027/07/30 N2 56인분50 이탈리,   L31S 2027/07/30 N2 56인분50 이탈러,2027-07-30,2027-07-30,1.07,0.887
000467,2025-12-26,,2025-12-26,2025-12-26,p2,YY,25.12.26,25.12.26,25.12.26 A2,25.12.26 A2,2025-12-26,2025-12-26,2.46,0.159
000468,2026-04-06,?,2026-04-06,2026-04-06,reread,DMY4,06 04 2026,06 04 2026,E06 04 -2026,E06 04-2026,2026-04-06,2026-04-06,8.63,0.15
000469,2026-07-21,,2026-07-21,2026-07-21,p2,YYYY,2026.07.21,2026.07.21,2026.07.21,2026.07.21,2026-07-21,2026-07-21,1.41,0.151
000470,2026-08-06,,2026-08-06,2026-08-06,p2,YY,26.08.06,26.08.06,26.08.06D,26.08.06D,2026-08-06,2026-08-06,2.22,0.233
000471,2027-01-08,,2027-01-08,2027-01-08,p2,YYYY,2027.01.083.05,2027.01.083.05,202701.00F3.05,027.01.004F3.05 ,2027-01-08,,2.63,0.405
000473,2026-05-21,,2022-02-03,2022-02-03,ft/erode2/p1@1024,SP_DMY,,,,,,,18.97,0.0
000476,2026-07-06,,2026-07-06,2026-07-06,p2,YYYY,2026.07.06,2026.07.06,2026.07.067,2026.07.067,2026-07-06,2026-07-06,1.01,0.167
000477,2026-07-21,,2026-07-21,2026-07-21,p2,YYYY,2026.07.21,2026.07.21,2026.07.21,2026.07.21,2026-07-21,2026-07-21,1.27,0.149
000478,2026-06-11,,2026-06-01,2026-06-01,ft/p2,YY,,,,,,,9.15,0.0
000479,2026-05-22,,2026-05-22,2026-05-22,p2,YYYY,REMIUM COOKIES EUROPEAN 2026.05.22 ,REMIUM COOKIES EUROPEAN 2026.05.22 ,REMIUM COOKIES EUROPEAN 2026.05.22 까지,REMIUM COOKIES EUROPEAN 2026.05.22 까지,2026-05-22,2026-05-22,1.59,0.661
000480,2026-06-04,,2026-07-21,2026-07-21,p1@640,YY_LEAD0,26.07.21,26.07.21,026.07.21,026.07.21,2026-07-21,2026-07-21,1.63,0.135
000481,2026-03-09,,2026-03-09,2026-03-09,p2,YY_LEAD0,026.03.097,026.03.09,oua.Gg,Eo13.09,2026-03-09,,0.53,0.156
000482,2026-11-14,b,2025-01-02,2025-01-02,p2,YYYY,2025 z 22 5.8  1401  .154-94244 9340kca 2097 7 AN20230 2/0 2 010F  .93.50340 4E0,2026 z 02 5.8  140  15-9424 9340kca 2097 27 202290230 2/0 2 010  8.9.59340 4E0K ,"202 V프 . 주H5.80  1파 …! :154-493수세?) g/340kcal) 제: 업인제/성시209 국산)전문(밀전분호주신),혼합 성전문","2026- V O은 그주H5.8  14판권  :154-403수시구) g/340kcal) : 업인제/성시7 국산)문(밀전분주신)성전분,스트피오 2",2026-02-05,,6.76,2.247
000484,2027-11-14,,2027-11-14,2027-11-14,p2,YYYY,2027.11.14,2027.11.14,이한EXP:2027.1.14,"이한EXP:2027,11.14",2027-11-14,2027-01-14,2.13,0.168
000485,2027-09-17,,NONE,NONE,,,,,,,,,17.45,0.0
000487,2027-12-11,,2027-12-11,2027-12-11,p2,YYYY,2027.12.11 417.2902,,(2027.12 1100 417:29 대만,,2027-12-11,2027-12-11,3.01,0.213
000489,2026-05-08,,2026-05-08,2026-05-08,erode2/p1@640,YYYY,22026.05.08.15,,2026.05.0.115 3.7,,,,7.19,0.089
000490,2025-11-27,,2025-11-27,2025-11-27,p2,YY,25.11.27,25.11.27,25.11.27 까지,2511.27 까지,2025-11-27,2025-11-27,0.55,0.159
000493,2026-06-17,,2026-06-17,2026-06-17,p2,YYYY,2026.06.17,2026.06.17,2026.06.17,2026.06.17,2026-06-17,2026-06-17,2.37,0.15
000494,2025-12-12,2,2025-12-12,2025-12-12,p2,YYYY,71 COORIB.CRE  I 2025.06.12 2025.12.12,2 COORB.CRe   2025.06.12 2025.12.12,쿠키앤크림 COORIE CRBAm 제조일 소비기한 3025.96. 13 2825  12A2,쿠키앤크림 COORUE CRBAm 제조일 소비기한 3025.95. 13 2825  12A2,2025-06-12;2025-12-12,,3.49,0.758
000495,2026-02-19,2,2028-08-09,2028-08-09,koline,YYYY,,,,,,,28.27,0.208
000496,2027-03-05,,2027-03-05,2027-03-05,p2,EXTEND, 03.05, .03.05,소비기한: .03.05,소비기한: .03.05,,,2.15,0.469
000497,2026-08-31,,2026-08-31,2026-08-31,p2,YY_TAIL,26.08.319,26.08.317,26.08.31파지B,26.08.31파지8,2026-08-31,2026-08-31,1.98,0.152
000498,2026-03-07,,2026-03-07,2026-03-07,p2,YYYY,2026.03.07,2026.03.07,2026.03.078,2026.03.07,2026-03-07,2026-03-07,1.1,0.141
000499,2026-05-13,,2026-05-13,2026-05-13,p2,YYYY,2026.05.13,2026.05.13,2026.05.13까징,2026.05.13까징,2026-05-13,2026-05-13,1.47,0.176
000500,2026-12-17,2,2026-12-17,2026-12-17,p2,YYYY,KOR   2025.06.180916 2026.12.17  G,KOR   2025.06.18 0916 2026.12.17  G,KOREA R조일지: 소비기한 2025.06.18 09:16 2026.12.17   BG4,KOREA H조일A: 소비기한 2025.06.18 09:16 2026.12.17 Ⅲ  BG4,2025-06-18;2026-12-17,2025-06-18;2026-12-17,3.32,0.793
000502,2026-06-20,,2026-06-20,2026-06-20,p2,YYYY,2026.06.20   173 .d   2 772 / ,2026.06.20   173 .d   2 77 / ,20260620' 보  g(39(173 kca  유당처리제 가루(밀:호주산 이 올레인을  일제과/대구광 면시일까,202606120' 봉  g(3g(173kea  |유랑처리제 가루(:호주산  올레인유을  일과/대 면시일까,2026-06-20,2026-06-20,2.02,1.042
000503,2026-02-18,,2026-02-18,2026-02-18,p2,YY_TAIL,21E 0 0  O 23 30 801128 5034 /1109 495a 26.02.18 AX 2 FE,21C 0 0  O 23 30 801128 50348 /1109 495a 26.02.18 A 2 FE,왕 페도만나고  유 O 끓는물3분 왕 8/80112850348888 3분유당면/10 (495kcc' 26.02.18까지VF FAUER L뚜껑 L,왕 페만나고  유 O 표논물3분 왕 8/801128 503488 3분유당면/10 (495kcc' 26.02.18까지VF FANER L뚜껑 LRN,2026-02-18,2026-02-18,1.87,1.184
000504,2026-02-28,,2026-02-28,2026-02-28,p1@640,YY, 223  2/036 202.28  KING FLGNO, 23  22495 2028  KING FEgEN,  7용 . 260231 IF1 FAKER KINGOFLEGEND,  7용 . 26023F1 FAKER KING FLEGEND,,,1.41,0.789
000505,2026-03-02,,2026-03-02,2026-03-02,p2,YY_TAIL, 0 0 2 Q 26.03.02  AX NGE, 0 0 2 Q 26.03.02  AMER GE,왕뚜껑 O  H토만나고 왕 26.03.02까지90 F1 뚜경 FAVER NANGOFLEO,왕뚜껑 페O  토만나고 왕 26.03.02까지90 F1 뚜경 FAKER RINGOFLEO,2026-03-02,2026-03-02,2.02,0.924
000507,2026-05-19,2,2026-05-19,2026-05-19,p1keep/p1@640,YY,   .7  10 01 1399  24 080-024-6060 26.05.194 25.08.20 16 53 2203   1, 4  N0  10600 01 139 6 24 080-024-606 26.05.194 25.08.20 16 53 203   1,"   이    이) 이대 공 가 ,구이( 세 ( 유혼합제제(지자적색소데, 치자정색소)(국내산),우유,정제소금팽장제제(제일인산실 당,말로스트린),"," 스이지)   스 이) 인두 공지스) 가에,고구이()  스(감 유혼합제제(지자적색소 치자청색소)별술(내산)우유정제소금팽장제제제일인산이 당말로스트",2025-08-20;2026-05-19,2025-08-20;2026-08-19,5.86,3.767
000510,2026-09-03,,2026-09-03,2026-09-03,p2,YYYY,080-19-019  /02  47/ . 101.1399    E0E     47.87 2026.09.03  ADS 0 20.05 382 0 0,80-019-91  /02 .0 47/ . 40139    E0E    0 47.87. 2026.09.03  ADS  20.05 36 0 82.,"고객상담실 08091위(수신자요금   그객상담 구입 습미국신 새우,아산오징어,되지고기,조합 치킨억기DS장 오 ·부정, 불량식품 신고는 국번없이 ","고객상당담실080-99(수시자요금  소 고객상당실 구입 습미국신 게우,아오어되지고기 조홍합 치킨역기DS 오으가 ·부정, 불량식품 신고는 국번없이",2026-09-03,2026-09-03,3.55,3.314
000511,2026-03-24,,2026-03-24,2026-03-24,p2,YY,26.03.24,26.03.24,26.03.24 까지2,26.03.24 까지2,2026-03-24,2026-03-24,1.47,0.161
000512,2026-02-17,,2026-02-17,2026-02-17,p2,YYYY,2026.02.17,2026.02.17,2026.02.17 까지,2026.02.17 까지,2026-02-17,2026-02-17,2.84,0.132
000513,2026-09-03,,2026-09-03,2026-09-03,p2,YYYY,2026.09.03,2026.09.03,2026:08:03까지,2026:08:03까지,2026-09-03,,1.4,0.165
000514,2026-07-13,,2026-07-13,2026-07-13,p2,YYYY, 2026.07.13, 2026.07.13,소비기한 2026.07:13,소비기한 2026.07:13,2026-07-13,,1.61,0.488
000516,2026-07-16,,2026-07-16,2026-07-16,p1@640,DMY4,16/07/2026,16/07/2026,EXP:16/07/2026,EXP:16/07/2026,2026-07-16,2026-07-16,2.27,0.169
000517,2026-09-25,,2026-09-25,2026-09-25,p2,YY,26.09.25,26.09.25,26.09.25 R,26.09.25 R,2026-09-25,2026-09-25,1.49,0.137
000518,2026-09-14,,2026-09-14,2026-09-14,p2,YY,26.09.14,26.09.14,26.08.14지F2,26.09.14지F2,2026-09-14,2026-08-14;2026-09-14,1.02,0.144
000519,2026-08-10,2,2026-08-10,2026-08-10,p2,YY,71 26.08.10 ,7 26.08.10 ,기한 26:08.10 까지,기한 26:08.10 까지,2026-08-10,2026-08-10,2.12,0.559
000520,2026-09-15,,2026-09-15,2026-09-15,p2,YYYY,2026.09.15  0100,2026.09.15  01.0,2026.09.15 1 까지 802,2026.09.15 1 까지 8O2,2026-09-15,2026-09-15,1.4,0.55
000521,2026-03-10,2,2026-03-10,2026-03-10,p2,YYYY,2026.03.10,2026.03.10,2026.03101,2026:03101,2026-03-10,,1.49,0.142
000522,2026-02-21,2,2025-09-22,2025-09-22,ft/p2,YY_TAIL,,,,,,,18.22,0.0
000523,2026-03-23,2,2026-03-23,2026-03-23,p2,YYYY,2026.03.23,2026.03.23,2026.03.23까지,2026.03.23까지,2026-03-23,2026-03-23,1.82,0.165
000524,2026-06-18,,2026-06-18,2026-06-18,p2,DMY4,18/06/2026,18/06/2026,18/06/2026,18/06/2026,2026-06-18,2026-06-18,1.37,0.151
000525,2027-09-08,,2027-09-08,2027-09-08,p2,YYYY,2027.09.08,2027.09.08,2027.09.08,2027.09.08,2027-09-08,2027-09-08,2.13,0.158
000527,2025-10-12,,2025-10-12,2025-10-12,erode2/p1@640,YY_TAIL,2025.10.121.8,,"25,10.124.8C.J",,2025-10-12,,4.87,0.076
000529,2026-01-12,,2026-01-12,2026-01-12,p2,YYYY,02026/01/12,02026/01/12,BED 2026/01/12,BED 2026/01/12,,2026-01-12,1.01,0.149
000530,2026-06-24,,2030-12-14,2030-12-14,erode2/p1@640,CMP6_YMD,E 02 096 20 202021069,,EEE  19 함유 을주베21939,,,,3.64,0.388
000531,2026-02-28,,2026-02-28,2026-02-28,p2,YYYY,2026.02.28,2026.02.28,2026.0.28까지탁백,2026.0.28까지탁,2026-02-28,,0.92,0.149
000532,2026-02-28,,2026-02-28,2026-02-28,p2,YYYY,2026.02.28 0,2026.02.28 0,2026.02.28 까지A박테영B 함유,2026.02.28 까지A박테영B 함유,2026-02-28,2026-02-28,1.01,0.488
000533,2026-03-26,,2026-03-26,2026-03-26,p2,YYYY,2026.03.26,2026.03.26,2026.03.26 까지,2026.03.26까지,2026-03-26,2026-03-26,2.82,0.142
000534,2027-01-29,,2027-01-29,2027-01-29,p2,YYYY,2027.01.29,2027.01.29,F2070129,F202701.29,2027-01-29,2027-01-29,1.64,0.15
000535,2026-02-04,,2026-02-04,2026-02-04,p2,YYYY,2026.02.04,2026.02.04,"""2026.02.04","""2026.02.04",2026-02-04,2026-02-04,0.75,0.146
000536,2026-01-01,,2026-01-01,2026-01-01,p2,YYYY,2026.01.0151,2026.01.0151,—2026.01.01 까지(밀양5B1)(3),2026.01.01 까지(밀양 5B1)(3),2026-01-01,2026-01-01,1.27,0.412
000538,2026-02-06,,2026-02-06,2026-02-06,p2,YYYY,2026.02.06  ,2026.02.06 T1 ,2026.02.06 7 T지 E E,2026.02.06 7 까지 E E,2026-02-06,2026-02-06,2.76,0.603
000539,2027-08-11,,2022-10-12,2022-10-12,ft/fullres/p1@1024,CMP6_YMD,,,,,,,24.93,0.0
000540,2026-03-24,,2026-03-24,2026-03-24,p2,YYYY,2026.03.24 2025.03.0000,2026.03.24 2025.0340000,2 ,2장 ,2026-03-24,,1.0,0.442
000541,2026-03-22,,2026-03-22,2026-03-22,p2,YYYY,2026.03.22,2026.03.22,2026.03.22,2026.03.22지,2026-03-22,2026-03-22,1.0,0.168
000542,2027-07-22,,2027-07-22,2027-07-22,p2,YYYY,2027.07.22,2027.07.22,2027.07.22,2027.07.22,2027-07-22,2027-07-22,2.42,0.149
000543,2026-06-23,,2026-06-23,2026-06-23,p2,EXTEND_R,2026.06.23,2026.06.23,2026.15.2,2026.5.,2026-06-23,,2.5,0.144
000545,2027-07-09,,2027-07-09,2027-07-09,p2,YYYY,2027.07.09,2027.07.09,2027.07.09,2027.07.09,2027-07-09,2027-07-09,2.09,0.138
000546,2026-08-10,2,2026-08-10,2026-08-10,p2,YYYY, 2026.08.10 , 2026.08.10 ,소비기한 2026.08.10 까지,소비기한 2026.08.10 까지,2026-08-10,2026-08-10,3.01,0.598
000547,2026-05-28,,2026-05-28,2026-05-28,p2,YYYY,2026.05.28,2026.05.28,2026.05.281,2026.05.28',2026-05-28,2026-05-28,1.53,0.151
000548,2026-05-26,,2026-05-26,2026-05-26,p2,YYYY,4 2026.05.26 11.29 NB,4 2026.05.26 11.29 NB4,소 2026.05.261 11:29  NB4,소 2026.05.261 11:29 NB4,2026-05-26,2026-05-26,2.11,0.656
000549,2027-01-16,,2027-01-16,2027-01-16,p2,YYYY,4 2027.01.16/.09142 ,4 2027.01.16/.09142 ,소비기한 12027.01. 16/A 09:42  1,소비기한 2027.01. 16/A 09:42 1,2027-01-16,2027-01-16,3.21,0.741
000550,2026-05-29,,2026-05-29,2026-05-29,p2,YYYY,2026.05.29,2026.05.29,2026.05.29(B),2026.05.29(B),2026-05-29,2026-05-29,2.08,0.187
000551,2026-12-19,,2026-12-19,2026-12-19,p2,YYYY,2026.12.19d 1916.00,2026.12.19 19 16.00,2026.12.19 1 19 16:00,226.12.191 19 16:00,2026-12-19,2026-12-19,2.17,0.618
000552,2026-09-07,,2026-09-07,2026-09-07,p2,YYYY,2026.09.07,2026.09.07,2026.09.07 까지,2026.09.07 까지,2026-09-07,2026-09-07,2.03,0.215
000553,2028-10-24,,2022-10-24,2022-10-24,p2,YY,2.10.24  OTHER,202.10.24  OTHER,22.1.24 P지 OTHER,22.1.24 P지 OTHER,,2022-01-24,6.38,0.801
000554,2027-09-17,,2027-09-17,2027-09-17,p2,YYYY,2027.09.17,2027.09.17,2027.09.178,2027.09.17B,2027-09-17,2027-09-17,1.17,0.222
000555,2027-04-16,,2027-04-16,2027-04-16,p2,YYYY,2027.04.16,2027.04.16,2027.04.16,2027.04.16,2027-04-16,2027-04-16,1.75,0.194
000556,2026-08-07,e,2026-08-07,2026-08-07,p2,YYYY,2026.08.07,2026.08.07,12026.08071,12026.08071,2026-08-07,,3.02,0.2
000557,2026-08-12,,2026-08-12,2026-08-12,p2,YYYY,28279 2026.08.12 11.46,02507 2026.08.12 11.46,279 2026.08-12 F1 11:46,3279 2026-08-12 F1 11:46,2026-08-12,2026-08-12,2.96,0.746
000558,2025-05-16,,2025-05-16,2025-05-16,p2,YYYY,2025.05.16,2025.05.16,2025.05.16,2025.05.16,2025-05-16,2025-05-16,2.24,0.205
000559,2027-04-21,,2027-04-21,2027-04-21,p2,YYYY,2027.04.21,2027.04.21,E027:04-E1,12027104-21,2027-04-21,,1.58,0.594
000560,2027-07-13,,2027-07-13,2027-07-13,p2,YYYY,2027.07.13 15 26,2027.07.13 15 26,2027.07.13 15:26,2027.07.13 15:26,2027-07-13,2027-07-13,4.47,0.581
000561,2028-08-07,,2028-08-07,2028-08-07,erode2/p1@1024,YYYY,1  100 0    1. 0109.080-0231 A 200  22848 28.08.0711  ,,  0   . 소비자기본법에 따른소지분해결기준에 상드니다부 10002- MAM은 온리인E널그의 표이며 라이션스하해사용됩니다. 스충전 소비기한 병,,2028-08-07,,14.47,1.303
000562,2025-12-30,,2025-12-30,2025-12-30,p2,YYYY,71  2025.12.30 13.36 ,71  2025.12.30 13.36 ,기한 속빌 2025.12.30 13:36 까지,기한 속빌 2025.12.30 13:36 까지,2025-12-30,2025-12-30,3.54,1.031
000563,2026-01-10,,2026-01-10,2026-01-10,p2,YY_TAIL,26.01.10,26.01.10,26.01.10까지,26.01.10까지,2026-01-10,2026-01-10,1.85,0.288
000564,2026-06-25,,2026-06-25,2026-06-25,p2,YYYY,2026.06.25,2026.06.25,2026.06.25  F01,2026.06.25  F01,2026-06-25,2026-06-25,1.77,0.232
000565,2025-12-05,,2025-12-05,2025-12-05,p2,YYYY,2025.12.05 22460608,2025.12.05 25246.0608,2025.12.05 2323610608,2025.12.05 152350608,2025-12-05,2025-12-05,1.64,0.563
000566,2026-09-17,,2026-09-17,2026-09-17,p2,YYYY,2026.09.17,2026.09.17,2026.09.17,20286.09.17,2026-09-17,2026-09-17,1.87,0.234
000567,2025-10-29,,2025-10-29,2025-10-29,p2,YY, 0 25.10.29 , 0 25.10.29 ,건강 릴비엔나 25.10.29 까지,건강 릴비엔나 25.10.29 까지,2025-10-29,2025-10-29,1.94,0.951
000568,2026-02-23,,2026-02-23,2026-02-23,p2,YYYY,   anma 002 0 2026.02.23 21116100   102 ,   .71.4 00 0 2026.02.23 21216100   02 ,  에서조고있니세 법두지고기고기를사용제품과 에이  에의해제 2026-02:23 2121610030 어드시기바 지(공 기는니다 변,  에서조고있습니다. 두고기기를사용한품과  에의해제 2026-02:23 2121:100230 어드시기바 지( 기는니다 변,2026-02-23,,2.9,1.872
000569,2025-11-02,,2025-11-02,2025-11-02,p2,YYYY,2025.11.02 07,2025.11.02 0,12025. 11. 02 파21,12025. 11.02 까지,2025-11-02,,3.17,0.606
000570,2026-05-20,,2026-05-20,2026-05-20,p2,YYYY,2026.05.20,2026.05.20,2026.0.0A,2026.0.0A,2026-05-20,,1.63,0.257
000571,NONE-10-18,,2024-11-18,2024-11-18,p2,SP_DMY, 10.18 11.24 12, 10.18 11.24 12,까지 10.18 511:24 L2,까지 10.18 511:24 L2,,,3.65,0.97
000572,NONE-10-15,,NONE-10-15,NONE-10-15,erode3/p1@640,MMDD,10.151356,,10.1513:56,,,,10.94,0.26
000573,NONE-10-22,,NONE-10-22,NONE-10-22,p2,MMDD,H  10.22,  10.22,오늘하루 요거트 한스푼가 소 10.2,오늘하루요거트 한스푼기 소분 10.2,NONE-10-22,,3.77,0.923
000574,2026-02-24,,2026-02-24,2026-02-24,p1@640,YYYY,2026.0224,2026.024,2026.02.24,2026:02.24,2026-02-24,2026-02-24,2.08,0.219
000575,NONE-10-14,,NONE,NONE,,,,,,,,,35.38,0.0
000576,2026-05-21,2,2026-05-21,2026-05-21,p1keep/p1@640,YYYY,2026.05.21,2026.05.21,,..,2026-05-21,,1.52,0.245
000577,2026-04-20,,2026-04-20,2026-04-20,p2,YYYY,2 2026.04.20,2 2026.04.20,"ZH식 2026,04.20k","Z식 2026,04.20k",2026-04-20,,1.38,0.542
000578,2026-03-04,,2026-03-04,2026-03-04,p2,YYYY,2026.03.04 150/00,2026.03.04 150/00,2026.03.04까지 450/al-,2026.03.04까지 45a/anl-,2026-03-04,2026-03-04,2.77,0.605
000579,2026-07-10,,2026-07-10,2026-07-10,p2,YYYY,E2026/07/10,E2026/07/10,EXP:2026/07/10,EXP:2026/07/10,2026-07-10,2026-07-10,1.89,0.226
000581,2026-02-25,,2026-02-25,2026-02-25,p1@640,YYYY,715 2026.02.25,715 2026.02.25,기한 수206.02.25 까지B,기한 수발206.02.25 까지B,2026-02-25,,1.84,0.543
000582,2025-11-21,,2025-01-21,2025-01-21,p2,YYYY,2025.11.21.,2025.01.21.,20251.21지 F1,20251.21지 F1,2025-01-21;2025-11-21,,4.55,0.227
000583,2025-11-23,,2025-11-NONE,2025-11-NONE,erode2/p1@1024,YYMM,15 511 17,, 57112 ,,,,11.9,0.387
000584,2026-07-15,2,2026-07-15,2026-07-15,p1@640,YYYY,2026.07.15 ,2026.07.15 ,2026.07.15 까지,2026.07.15 까지,2026-07-15,2026-07-15,3.34,0.676
000585,2026-05-16,,2020-02-02,2020-02-02,p2,SP_DMY,                    8       ,                    8       ,                           ,                           ,,,6.11,3.144
000588,2025-11-28,,2025-11-28,2025-11-28,p2,YYYY,2025.11.28 JR2,2025.11.28 JR2,2025.11.28까지 JR2,2025-11.28까지 JR2,2025-11-28,2025-11-28,2.46,0.609
000589,2026-04-02,,2026-04-02,2026-04-02,p2,YYYY,2026.04.02 M10-28,2026.04.02 M10-28,2026.04.02 M10-28 LEO,2026.04.02 M10-28 LEO,2026-04-02,2026-04-02,2.68,0.259
000590,2025-12-05,,2025-12-05,2025-12-05,p2,YYYY,2025.12.0516.01.0,2025.12.0516 01.2,2025.12.05지16:01:02,2025.12.05지16:01:2,2025-12-05,2025-12-05,1.4,0.498
000591,2026-07-27,,2026-07-27,2026-07-27,p2,YY, 26.07.27, 26.07.27,(지널 26.07.27,(지널 26.07.27,2026-07-27,2026-07-27,2.34,0.752
000592,2025-03-25,2,2023-03-26,2023-03-26,p1@640,DMY4,OADE AEE /AEDE. MATION NUMERODELO AA/NUMERO 2204401030 25/03.2025 26.03.2023 WEG,OADE AHADEE /AEDE. MATION NMERODELO A/NUMERO 22044010308 25/03.2025 26/03.2023 M,KOEXWDAE DEMBALAGE ATE ECA DEPRACION /DATE DE LIMITE DE MATION /NUMERO DE LOTE A,KOEKWDAE DEMBALAGE ATE ECA DEPRACION /DATE DE LIMITE DE MATION /NUMERO DE LOTE A,2023-03-26;2025-03-25,,4.28,1.679
000594,2026-08-25,2,2026-08-25,2026-08-25,p1keep/p1@640,YYYY,212 From 7 2026.08.25 2025.0 25.08.26,1 From  2026.08.25 2025.0 25.08.26, from 기운내 2026.08.5 2025.0 25.08.26부터2,아 from 기운내 2026.08.5까지 2025.0 25.08.26부터2,2025-08-26;2026-08-25,2025-08-26;2026-08-05,2.17,1.171
000595,2026-05-01,,2026-05-01,2026-05-01,p2,YYYY,2026.05.01/15.35  5e,2026.05.01/1535  58,2026.05.01715:35m  영,3026.05.01/15:35  영,2026-05-01,2026-05-01,2.02,0.874
000596,2026-08-13,,2025-08-14,2025-08-14,p2,YYYY,2026.08.13. 2026.08.13 ,2026.08.13. 2026.08.13 ,226:HE:13.E1 205-14 부터,2826:1E:13.81 2025-8-14 부터,2026-08-13,2025-08-14,4.45,0.872
000597,2026-09-02,2,2026-09-02,2026-09-02,p2,YYYY, 2  2026.09.03/17 2026.09.02  ,   2025.09.03/7 2026.09.02  ,통전용 기한 소비 2025.09.03/17:42 2026.09.02 부터 까지,통전용 기한 소비 2025.09.03/17:42 2026.09.02 부터 까지,2025-09-03;2026-09-02;2026-09-03,2025-09-03;2026-09-02,1.85,1.191
000598,2026-03-09,2,2026-03-09,2026-03-09,p1@640,YY,0 080-023-5700 OF 1 26.03.09 ,07 080-023-5700 O0F 1 26.03.09 ,"의한 피해보상·직사광선을 피해기 전화) 080-023-5700(문자) 밀, 달갈,우유,대두 함유 수법 기한26.03:09(A)F4' 까지","의한 피해보상·직사광선을 피해기 전화) 080-023-5700(문자)* 밀, 달갈,우유,대두 함유 수법 기한26.03:09(A) F4' 까지",2026-03-09,,5.03,1.509
000599,2026-09-04,,2026-09-04,2026-09-04,p2,YYYY,7 2026.09.04 ,7 2026.09.04 ,기한 2026.09.04A3. 까지,기한 2026.09.04A3. 까지,2026-09-04,2026-09-04,1.82,0.868
000600,2026-08-31,,2026-08-31,2026-08-31,p1keep/p1@640,YYYY,2025.09.31 2026.08.31,2026.09.01 2026.08.1,2025.09.01 202603FA,2025.09.01 0203 2A,2025-09-31;2026-08-01;2026-08-31;2026-09-01,2025-09-01,1.5,0.67
000601,2026-01-27,,2026-01-27,2026-01-27,p2,YYYY,2026.01.27  201.0,2026.01.27  2101.0,2026.01.27 까지 맛있는약속,2026.01.27 까지 맛있는약속,2026-01-27,2026-01-27,3.3,0.561
000602,2026-09-22,2,2025-09-20,2025-09-02,p2,YYYY,2025.09.2 2026.09 .23 22   0 20,2025.09.2 2026.09 .23 22   0 20,2025.09.2 2026.09.2 ).23A .22 ME 까지 AET 맛있는약,2025.09.2 2026.09.2 ).23A .22 ME 까지 AET 맛있는약,2025-09-02;2026-09-23,2025-09-02;2026-09-02,1.0,0.887
000603,2026-09-24,,2026-09-24,2026-09-24,p2,YY_TAIL,434  26.09.24 OTHER,434  26.09.24 OTHER,서 보과해주시고 26.09.24B OTHER,서 보과해주시로 26.09.24B OTHER,2026-09-24,2026-09-24,1.81,0.657
000604,2026-09-15,,2026-09-05,2026-09-05,ft/p1@1024,YYYY,,,,,,,13.78,0.0
000605,2028-07-01,,2028-07-01,2028-07-01,p2,YYYY,2028.07.01,2028.07.01,2028.07.01까지,2028.07.01까지,2028-07-01,2028-07-01,0.78,0.15
000606,2026-10-01,,2026-10-01,2026-10-01,p2,CMP,2 600 2026.10. 01,2 600 2026 10.01,프레스행(멸균제품) H용량:6009 2026년 10월 01일,프레스햄(멸균제품) H용량:6009 2026년 10월 01일,2026-10-01,,4.12,0.589
000607,2028-06-23,,2028-06-23,2028-06-23,p2,YYYY, 2028.06.23,5 2028.06.23,본가공품( 2028.06.23,분가공품( 2028.06.23,2028-06-23,2028-06-23,1.93,0.464
000608,2026-08-13,,2026-08-13,2026-08-13,p2,YYYY,2026.08.1307,2026.08.1307,1그u코트 . u트. 13파지,그0코트 . 0은. 13파지,2026-08-13,,1.62,0.38
000609,2027-06-11,,2027-06-11,2027-06-11,p2,YYYY,10 02-02 2027.06.11 ,10 0202 2027.06.11 ,10:02-02 2027.06.11까지 ,10:02-02 2027.06.11까지 ,2027-06-11,2027-06-11,0.94,0.601
000610,2026-06-04,,2026-06-04,2026-06-04,p2,YYYY, 2026.06.04, 2026.06.04,는 2026.06.04 까지,는 2026.06.04 까지,2026-06-04,2026-06-04,0.88,0.45
000611,2026-07-20,,2026-07-20,2026-07-20,p2,YYYY,16 2026.07.20,16 2026.07.20,한: 2026.07.20 B,한 2026.07.20 B,2026-07-20,2026-07-20,2.5,0.431
000612,2026-05-07,,2026-05-07,2026-05-07,p2,YYYY,2026.05.07,2026.05.07,2026.05.07/ A,2026.05.07/ A,2026-05-07,2026-05-07,1.31,0.144
000613,2026-05-28,,2026-05-28,2026-05-28,p2,YYYY,2026.05.28,2026.05.28,2026.05.28 까지,2026.05.28 까지,2026-05-28,2026-05-28,1.21,0.13
000614,2026-03-07,,2026-03-07,2026-03-07,p2,YYYY,2026.03.07,2026.03.07,2026.03.07A,2026.03.07A,2026-03-07,2026-03-07,0.91,0.148
000616,2026-09-10,,2026-09-10,2026-09-10,p2,YYYY,2026.09.10,2026.09.10,20209.10,20209.10,2026-09-10,,0.61,0.148
000617,2026-07-11,,2026-07-11,2026-07-11,p2,YYYY, 2026.07.11, 2026.07.11,소비기한 2026.07.11.B,소비기한 2026.07.11.B,2026-07-11,2026-07-11,1.25,0.417
000619,2026-09-15,,2026-09-15,2026-09-15,p1@640,YYYY,2026.09.15 ,2026.09.15 ,2026.09.15 까지,2026.09.15 까지,2026-09-15,2026-09-15,0.87,0.469
000621,2026-08-25,,2026-08-25,2026-08-25,p2,YYYY,2026.08.25A,2026.08.25A,2026.08.25AF2,2026.08.25AF2m,2026-08-25,2026-08-25,0.58,0.15
000622,2027-01-22,,2027-01-22,2027-01-22,p2,YYYY, 2027.01.22/07, 2027.01.22/07,소비기한 2027.01.22/0 07:51,소비기한 2027.01.22/0 07:51,2027-01-22,2027-01-22,1.38,0.457
000623,2027-03-10,,2027-03-10,2027-03-10,p2,YYYY,2027.03.10 m,2027.03.10 m,-2027.03 .10 까지,-2027.03.10 까지,2027-03-10,2027-03-10,1.48,0.46
000624,2027-06-15,2,2027-06-15,2027-06-15,p2,YY_LEAD0,2 2027.06.15, 2027.06.15,레시피가 2027.06.15 F2,레시피가 2027.06.15 F2,2027-06-15,2027-06-15,2.02,0.502
000625,2027-04-01,,2027-04-01,2027-04-01,p2,YYYY,2027.04.01,2027.04.01,2027.04.01,2027.04.01,2027-04-01,2027-04-01,1.37,0.177
000626,2026-07-01,,2026-07-01,2026-07-01,p2,YY,26.07.01,26.07.01,26.07.01,26.07.01,2026-07-01,2026-07-01,0.85,0.154
000627,2026-10-06,2,2028-03-02,2028-03-02,ft/p2,YYYY,,,,,,,11.78,0.0
000628,2025-02-03,,2025-02-03,2025-02-03,p1keep/p1@640,YY,2.2.28,2.202.0810,,25.0e.03-1,,,0.64,0.146
000631,2025-11-15,,2025-11-15,2025-11-15,p2,YY,25.11.15,25.11.15,25.11.15,25.11.15,2025-11-15,2025-11-15,0.65,0.143
000632,2025-12-28,,2025-12-28,2025-12-28,p2,YYYY,2025.12.28,2025.12.28,2025.12.8,2025.12.28,2025-12-28,2025-12-08;2025-12-28,1.26,0.145
000633,2025-12-24,,2025-12-24,2025-12-24,p2,YYYY,2025.12.24,2025.12.24,2025 12.24,2025 12.24,2025-12-24,2025-12-24,1.24,0.149
000634,2026-02-05,,2026-02-05,2026-02-05,p2,YYYY,3 2026.02.05 2,3 2026.02.05 2,"B3 2026.02.05 ""김유나","B3 2026.02.05 ""김유나",2026-02-05,2026-02-05,0.86,0.592
000636,2026-03-09,,2026-03-09,2026-03-09,p1@640,YYYY,2026.03.09,2026.03.09,2026 03.09까지,2026.03.09 까지,2026-03-09,2026-03-09,0.63,0.148
000638,2026-06-16,,2026-06-16,2026-06-16,p2,YYYY,2026.06.166.36,2026.06.16636,2026.06.16 06:36:45 11,2026.06.16 06:36:45L,2026-06-16,2026-06-16,1.05,0.178
000640,2026-02-08,,2026-02-08,2026-02-08,p2,YYYY,2026.02.08,2026.02.08,2026.02.08,2026.02.08,2026-02-08,2026-02-08,0.46,0.144
000641,2026-09-02,,2026-09-02,2026-09-02,p2,YMD_GLUED,2026.09.02,2026.09.02,2026.09.02,2026.09.02,2026-09-02,2026-09-02,1.44,0.148
000642,2026-09-01,,2025-03-01,2025-03-01,p1@640,YYYY,2026.02.2,2026.08.,5,25.,2026-02-02,,1.0,0.155
000646,2027-01-15,,2027-01-15,2027-01-15,p2,DMY4,15/01/2027,15/01/2027,15/01/2027,15/01/2027,2027-01-15,2027-01-15,0.45,0.119
000648,2028-08-25,,2026-04-10,2026-04-10,ft/blur1/p1@1024,YYYY,,,,,,,22.11,0.0
000649,2027-04-07,,2021-01-21,2021-01-21,erode2/p1@1024,CMP6_YMD, SECURRY MIL 021.2 2 01,,"아레스 KSE CURRY MILD 로즈마리월계수잎 등을 오뚜기백세카레는강홍 ""더 맛있고 잘",,,,6.68,0.33
000650,2026-08-05,,2026-08-05,2026-08-05,p2,YYYY,2026.08.05,2026.08.05,2026:06.05,2026:06.05,2026-08-05,2026-06-05,1.69,0.396
000651,2026-06-25,,2026-06-25,2026-06-25,p2,YYYY,2026.06.25,2026.06.25,12026.06.25까지,2026.06.25판지,2026-06-25,2026-06-25,1.58,0.189
000652,2027-03-31,,2027-03-31,2027-03-31,p2,YYYY,2027.03.31,2027.03.31,2027-03.31-A,2027-03.31-A,2027-03-31,2027-03-31,2.01,0.16
000653,2027-01-19,,2027-01-19,2027-01-19,p2,YYYY,8 2027.01.19 08474,87 2027.01.19 08474,사용기한 2027101.19 08474B,사용기한 2027101.19 08474B,2027-01-19,,0.96,0.603
000654,2028-07-02,,2028-07-02,2028-07-02,p2,YYYY,250703 2028.07.02 .02 05298,250703 2028.07.02 02 05298,250703Gb 22028.07.02 7.02까지 3b05298,250703Gb 2028.07.02 7.02까지 3b05298,2028-07-02,2028-07-02,1.28,0.713
000655,2026-08-27,,2026-08-27,2026-08-27,p2,YYYY,2026.08.27 252,2026.08.27 252,20268.27 'B252F2,20268.27 'B252F2,2026-08-27,,2.89,0.426
000656,2026-09-04,,2026-09-04,2026-09-04,p2,YYYY,2026.09.04,2026.09.04,2026.09.04 HJC,2026.09.04 HJC,2026-09-04,2026-09-04,0.64,0.15
000657,2026-07-27,,2026-07-27,2026-07-27,p2,YYYY,2026.07.27,2026.07.27,2026.07.27까지,2026.07.27까지,2026-07-27,2026-07-27,0.93,0.152
000658,2026-01-16,,2026-01-16,2026-01-16,p2,YYYY,2026.01.16,2026.01.16,2026.01.16까지 617,2026.01.16까지 617,2026-01-16,2026-01-16,0.48,0.154
000659,2026-08-24,,2026-08-24,2026-08-24,p2,YYYY,2026.08.24,2026.08.24,2026.08.24,2026.08.24,2026-08-24,2026-08-24,0.99,0.152
000660,2026-02-28,,2026-02-28,2026-02-28,p2,YYYY, 2026.02.2803, 2026.02.2803,속비 2026.02.28까지B20:35,속비 2026.02.28까지B20:35,2026-02-28,2026-02-28,2.07,0.46
000661,2026-04-17,,2026-04-17,2026-04-17,p2,YYYY, 2026.04.17, 2026.04.17,손비 2026.04.17까지A10.04,손비 2026.04.17까지A10.04,2026-04-17,2026-04-17,1.68,0.433
000662,2026-03-11,,2026-03-11,2026-03-11,p2,YYYY,2026.03.11,2026.03.11,2026.03.11,2026.03.11,2026-03-11,2026-03-11,1.53,0.174
000664,2026-02-20,,2026-02-20,2026-02-20,p2,YYYY,2026.02.20,2026.02.20,2026.02.20,2026.02.20,2026-02-20,2026-02-20,1.61,0.157
000667,2026-06-22,2,2026-06-22,2026-06-22,p2,YYYY,2026.06.22,2026.06.22,2026.06.22,2026.06.22,2026-06-22,2026-06-22,1.46,0.158
000668,2026-04-30,,2026-04-30,2026-04-30,p2,YYYY,2026.4.30,2026.4.30,2026.4.30,2026.4.30,2026-04-30,2026-04-30,0.71,0.156
000669,2026-09-02,2,2026-09-02,2026-09-02,p2,YYYY,2026.09.02 ,2026.09.02 ,2026.09.02까 까지,2026.09.02까 까지,2026-09-02,2026-09-02,1.83,0.437
000670,2026-06-24,2,2026-06-24,2026-06-24,erode2/p1@640,YY,26.06.24,,26:08:24P,,2026-06-24,,2.58,0.069
000671,2026-03-31,,2026-03-31,2026-03-31,p1keep/p1@640,YYYY,  2026.03.31 2025.10.01/17.15  ,  2026.03.31 2025.10.01/17.15  ,소비 기한 2026.03.31/A7 2025.10.01/1715 까지 부터,소비 기한 2026.03.31/A7 2025.10.01/17:15 까지 부터,2025-10-01;2026-03-31,2025-10-01;2026-03-31,1.4,0.774
000672,2026-02-08,,2026-02-08,2026-02-08,p2,YY,26.02.08 m,26.02.08 m,26.02.08 F4C3 까지,26.02.08 F4C3 까지,2026-02-08,2026-02-08,2.09,0.42
000674,2026-06-02,,2026-06-02,2026-06-02,p2,YY,26.06.02,26.06.02,26.06.02,26.06.02,2026-06-02,2026-06-02,0.89,0.174
000675,NONE,?,2028-06-03,2028-06-03,p2,DMY4,03-06-2028,03-06-2028,03-16-2028,03-16-2028,2028-06-03,,1.18,0.147
000676,2026-06-10,,2026-06-10,2026-06-10,p2,YYYY,2026.06.104.131,2026.06.10044131,2026.06.10 04:131,2026.06.10 04:46:13 1,2026-06-10,2026-06-10,0.47,0.148
000677,2027-08-17,,2027-08-17,2027-08-17,p2,YYYY,2027.08.17 3,2027.08.17 3,2027.08.17 ,2027.08.17 ,2027-08-17,2027-08-17,1.2,0.418
000678,2026-07-24,,2026-07-24,2026-07-24,p2,YYYY,2026.7.24,2026.7.24,/2026.7.24,/2026.7.24,2026-07-24,2026-07-24,1.02,0.155
000679,2027-09-17,,2027-09-17,2027-09-17,p2,YYYY,2027.09.17 ,2027.09.17 ,2027.09.17 까지,2027.09.17 까지,2027-09-17,2027-09-17,3.39,0.453
000680,2025-10-15,,2025-10-15,2025-10-15,p2,YYYY,2025.10.15,2025.10.15,2025.10.15,2025.10.15,2025-10-15,2025-10-15,1.21,0.17
000682,2026-01-25,,2026-01-25,2026-01-25,p2,YYYY,2026.01.25124,2026.01.2512 42,2026.01.2512:42HU1,2026.01.2512:42U1,2026-01-25,2026-01-25,1.02,0.194
000683,2026-03-11,,2026-03-11,2026-03-11,p2,YYYY,2026.03.11,2026.03.11,2026.03.11A,2026.03.11A,2026-03-11,2026-03-11,1.32,0.161
000684,2026-03-23,,2026-03-23,2026-03-23,p2,YYYY,2026.03.23 038151 5193648 ,2026.03.23 038151d 5193648 ,2026.03.23 03815 19 5 193648 까지,2026.03.23 03815 19 5 193648 까지,2026-03-23,2026-03-23,1.16,0.682
000685,2026-05-28,,2026-05-28,2026-05-28,p2,YYYY,2026.05.28 00126 1322,2026.05.28 00126 1322,2026.05.28B 2양012813282,2026.05.28B 2양12813282,2026-05-28,2026-05-28,1.35,0.471
000686,2026-10-12,2,2025-10-12,2025-10-12,p2,YYYY,2025.10.032025.10.12,2025.10.032025.10.12,2025.10.03 2025.10.12 까지,2025.10.03 2025.10.12까지,2025-10-03;2025-10-12,2025-10-03;2025-10-12,2.44,0.385
000689,2025-10-27,,2025-10-27,2025-10-27,p2,YY_TAIL,25.10.27,25.10.27,25.10.27 까지B, 25.10.27 까지B,2025-10-27,2025-10-27,0.68,0.174
000690,2025-10-11,2,2025-10-11,2025-10-11,p2,YYYY,2025.10.11.22,2025.10.11.22,2025.10.11.22까지,2025.10.11.22까,2022-11-10;2025-10-11,2022-11-10;2025-10-11,2.23,0.186
000691,2026-09-22,2,2026-09-22,2026-09-22,p2,YY,25.09.23/0731 26.09.22  ,25.09.23/0731 26.09.22  ,25.09.23/07:31 26.09.22/F3 까지 부터,25.09.23/07:31 26.09.22/F3 까지 부터,2025-09-23;2026-09-22,2025-09-23;2026-09-22,1.37,0.655
000692,2026-08-21,,2026-08-21,2026-08-21,p2,YY,26.08.21,26.08.21,26.08.21E,26.08.21E,2026-08-21,2026-08-21,0.66,0.153
000693,2026-09-01,2,2026-09-01,2026-09-01,p2,YY_TAIL,25.09.02/0433 26.09.01 ,25.09.02/0433 26.09.01 ,25.09.02/04:33 26.09.01/3 까지,25.09.02/04:33 26.09.01/3 까지,2025-09-02;2026-09-01,2025-09-02;2026-09-01,1.47,0.605
000694,2026-09-01,,2026-09-01,2026-09-01,p2,YY,26.09.01,26.09.01,26.09.01,26.09.01,2026-09-01,2026-09-01,0.79,0.172
000697,2025-10-07,,2025-10-07,2025-10-07,p2,YYYY,L 2025.10.07 1,2 2025.10.07 1,OEM 2025.10.071 11마지B3S,TOEM 2025.10.0711 1까지B3S,2025-10-07,2025-10-07,0.76,0.542
000699,2025-10-27,b,NONE-12-08,NONE-12-08,ft/blur1/p1@1024,MMDD,,,,,,,15.31,0.0
000700,2025-10-24,,2025-10-24,2025-10-24,p2,YYYY,2025.10.24  1 ,2025.10.24  1 ,2025.10.24까지.F3  ] 0,2025.10.24까지.F3  ] 0,2025-10-24,2025-10-24,0.95,0.649
000703,2026-01-25,,2026-01-25,2026-01-25,p2,YYYY,2026.01.25 516.46,2026.01.25 516.46,2026.01.251 5 16:468,2026.01.251 5 16:468,2026-01-25,2026-01-25,1.55,0.45
000704,2026-07-29,,2026-07-29,2026-07-29,p2,YYYY,2026.07.29 9,2026.07.29 9,2026.07.29 9까지,2026.07.29 9까지,2026-07-29,2026-07-29,1.57,0.399
000705,2026-06-29,,2026-06-29,2026-06-29,p2,YYYY,2026.06.29,2026.06.29,2026.06.29까지,2026.06.29 까지,2026-06-29,2026-06-29,1.64,0.175
000706,2026-03-11,,2026-03-11,2026-03-11,p2,YYYY,2026.03.11,2026.03.11,2026.03.11까지,2026.03.11까지,2026-03-11,2026-03-11,1.29,0.155
000708,2025-09-18,,2025-09-18,2025-09-18,p2,YYYY,2025.09.18,2025.09.18,2025.09.18 까지,2025.09.18 까지,2025-09-18,2025-09-18,1.03,0.156
000709,2025-10-14,,2025-10-14,2025-10-14,p2,YY,25.10.14 MR1,25.10.14 MR1,25.10.14 MR1C,25.10.14 MR1C,2025-10-14,2025-10-14,0.84,0.407
000710,2025-10-14,,2025-10-14,2025-10-14,p2,YYYY,    2025.10.14 14  ,    2025.10.14 14  ,    2025.10.14 .4까지.F3  ,    2025.10.14 .14까지.F3  ,2025-10-14,2025-10-14,0.93,0.891
000711,2025-10-09,,2025-10-09,2025-10-09,p2,YYYY,2025.10.09,2025.10.09,2025.10.09,2025.10.09,2025-10-09,2025-10-09,1.43,0.153
000714,2026-03-12,d,2026-03-12,2026-03-12,p2,DMY4,12.3.2026,12.3.2026,12.3.2026,12.3.2026,2026-03-12,2026-03-12,0.91,0.155
000715,2026-06-26,,2026-06-26,2026-06-26,p2,DMY4,E26/061/2026,EP26/06.2026,EP:26/06 2026,EP:26/06-2026,2026-06-26,2026-06-26,0.95,0.15
000716,2025-11-07,,2025-11-07,2025-11-07,p1@640,YYYY,2025/11/07,2025/11/.07,20211/07,2021/07,2025-11-07,,0.8,0.158
000717,2025-10-12,,2025-10-12,2025-10-12,p2,YYYY,2025.10.12,,2025.10.12M,,2025-10-12,2025-10-12,2.73,0.078
000718,2026-01-17,,2026-01-17,2026-01-17,p2,YYYY,2026.01.17,2026.01.17,2026.01.17,2026.01.17,2026-01-17,2026-01-17,1.04,0.17
000719,2026-04-04,,2026-04-04,2026-04-04,p2,YYYY,2026.04.04,2026.04.04,"2026,04.04","2026,04.04",2026-04-04,,1.15,0.151
000720,2026-02-28,,2026-02-28,2026-02-28,p2,YYYY,2026.02.28,2026.02.28,2026.02.28,2026.02.28,2026-02-28,2026-02-28,1.0,0.144
000721,2026-12-17,,2026-12-17,2026-12-17,p2,YYYY,2026.12.17,2026.12.17,2026.12.17,2026.12.17,2026-12-17,2026-12-17,1.2,0.153
000722,2026-08-04,,2026-10-19,2026-10-19,p1@1024,YY,20.08.109,20.08.,,,2020-08-10,,1.09,0.154
000723,2026-05-10,,NONE,NONE,,,,,,,,,13.67,0.0
000724,2026-05-20,,2026-05-20,2026-05-20,p2,YY,26.05.2014,26.05.2014,26.05.20 까지13:49,26.05.20 까지13:49,,2026-05-20,0.9,0.197
000725,2026-04-16,,2026-04-16,2026-04-16,p2,YY,26.04.16 09.20,26.04.16 09.20,26.04.16까지0 09:20,26.04.16까지0 09:20,2026-04-16,2026-04-16,1.09,0.42
000726,2026-09-16,,2026-09-16,2026-09-16,p2,YYYY,2026.09.16,2026.09.160,2026.09. 161자,2026.09. 16까지,2026-09-16,2026-09-16,1.45,0.248
000727,2026-06-22,,2026-06-22,2026-06-22,p2,YYYY,2026.06.22.03.50 ,2026.06.22.03.50 ,21026.16.220:0 F.8 까지,12.6.2.010F.8 까지,2026-06-22,,1.7,0.468
000728,2026-06-24,,2026-06-24,2026-06-24,p2,YYYY,2026.06.24,2026.06.24,2026.06.24,2026.06.24,2026-06-24,2026-06-24,0.58,0.16
000730,2026-02-26,,2026-02-26,2026-02-26,p2,YYYY,2026.02.26,2026.02.26,2026.0E.26 1,2026.02.26 1,2026-02-26,2026-02-26,1.07,0.151
000731,2026-03-08,,2026-03-08,2026-03-08,p2,YYYY,A 030336 2026.03.08,2A520336 2026.03.08,15 2026.03.081,1 2026.03.081,2026-03-08,2026-03-08,0.68,0.451
000733,2026-03-24,,2026-03-24,2026-03-24,p1keep/p1@640,YYYY,2026.03.240244604,2026.03.240244804,2026.03.24까지0244 804,2026.03.24까지0244 804,,2026-03-24,1.96,0.443
000734,2025-10-28,,2025-10-28,2025-10-28,p2,YYYY,2025.10.28,2025.10.28,2025.10.28까지!,2025.10.28까지!,2025-10-28,2025-10-28,0.97,0.185
000735,2027-01-12,,2027-01-12,2027-01-12,p2,YYYY,2027.01.12,2027.01.12,2027.01-12.H,2027.01-12.H,2027-01-12,2027-01-12,2.13,0.156
000737,2026-03-04,,2026-03-04,2026-03-04,p2,YY,2026.03.04,2026.03.0,소4기한2026.03.04,소비기한2026.03.04,2026-03-04,2026-03-04,1.21,0.208
000738,2026-02-12,,2026-02-12,2026-02-12,p2,YYYY,2026.02.12,2026.02.12,2026.02.12(B),2026.02.12지(B),2026-02-12,2026-02-12,1.56,0.16
000741,2025-12-03,2,2025-12-03,2025-12-03,p2,YY,Pmuon 25.08.04 25.12.03  ,Pumuon 25.08.04 25.12.03  ,Pimuone 25.08.04제조 e 25.12.03 제 ,Puimuone 25.08.04제조 e 25.12.03 지 ,2025-08-04;2025-12-03,2025-08-04;2025-12-03,1.79,0.761
000742,2026-05-01,,2026-05-01,2026-05-01,p2,YYYY,2026.05.01.001087 202.345.22R0.18,2026.05.01001087 202.34.2220.18,2028:95일1참280억1987 282으5감R8198%,2028951참80억1987 282영요5찰R80198,2026-05-01,,1.13,0.586
000743,2026-11-16,,2026-11-16,2026-11-16,p2,YYYY,2026.11.16,2026.11.16,2026.11.161,2026.11.161,2026-11-16,2026-11-16,1.0,0.173
000744,2027-08-18,,2027-08-18,2027-08-18,p2,YYYY,2027.08.18,2027.08.18,2027.08.18,2027.08.18,2027-08-18,2027-08-18,2.19,0.144
000745,2026-01-10,,2026-01-10,2026-01-10,p2,YY,7 26.01.10,7 26.01.10,기한 26.01.10T1,기한 26.01.10T1,2026-01-10,2026-01-10,1.92,0.409
000746,2026-06-23,,2026-06-23,2026-06-23,p2,YYYY,2026.06.23,2026.06.23,2026.06.23까지,2026.06.23까지,2026-06-23,2026-06-23,0.59,0.164
000747,2026-06-22,,2026-06-22,2026-06-22,p2,YYYY,2026.06.22,2026.06.22,"""2026.06.22","""2026.06.22",2026-06-22,2026-06-22,1.74,0.148
000748,2027-01-22,,2027-01-22,2027-01-22,p2,YYYY, 100  2027.01.22 214 25 021 7 88, 100  2027.01.22 214 25 021 7 88,소비기한 100% 태양초육 1한2027.01.2214: 214:25 까 욱릿싸 고추장 878,소기한 100% 태양초육 기한2027.01.22 14: 214:25 까지 욱릿싸 고부장 818,2027-01-22,2027-01-22,0.99,0.812
000751,2025-05-08,,2025-05-08,2025-05-08,p2,YYYY,2025.05.08 11.05 ,2025.05.08 11.05 ,2025.05.08 11:05 까지,2025.05.08 11:05 까지,2025-05-08,2025-05-08,2.03,0.591
000752,2026-07-09,,2026-07-09,2026-07-09,p2,YY,20060/26.07.09,2060/26.07.09,2060/26.07.99,20660/26.07.09,2026-07-09,2026-07-09,1.25,0.172
000754,2026-05-24,,2026-05-24,2026-05-24,p2,YYYY,2026.05.24,2026.05.24,2026.05.24,2026.05.24,2026-05-24,2026-05-24,1.61,0.133
000756,2027-02-24,,2027-02-24,2027-02-24,p2,YYYY,2027.02.24 ,2027.02.24 ,2027.02.24 까지,2027.02.24 까지,2027-02-24,2027-02-24,1.67,0.446
000757,NONE-10-22,,NONE-10-22,NONE-10-22,p2,MMDD,71 10.221V3J ,71 10.221V3J ,소비기한 비기한 10.22 F1 U3JB1 까지 까지,소비기한 비기한 10.22 F1 U3JB1 까지 까지,,NONE-10-22,1.82,0.647
000758,2026-03-11,,2026-03-11,2026-03-11,p2,YYYY,2026.03.11 ,2026.03.11 ,2026.03:11 T지,2026-03:11 T지,2026-03-11,,1.42,0.463
000759,2026-05-14,,2026-05-14,2026-05-14,p2,YYYY,2026/05/14,2026/05/14,2026/05/14,2026/05/14,2026-05-14,2026-05-14,1.59,0.158
000760,NONE-11-20,,NONE-11-20,NONE-11-20,p2,MMDD,11.20R1353,11.20R133,1.2 RI5,1.2 RI,NONE-11-20,,1.15,0.147
000761,NONE-11-11,,NONE-11-11,NONE-11-11,p2,MMDD,11.11 07,11.11 07,1,1A O7F,NONE-11-11,,1.16,0.147
000762,2026-08-02,,2026-08-02,2026-08-02,p2,CMP,20260802,20260802,20260802,20260802,2026-08-02,2026-08-02,1.09,0.148
000763,NONE-11-12,,NONE-11-12,NONE-11-12,blur1/p1@1024,MMDD,11.12.05  EAF2,,11.1p동시R  E시F2,,,,8.28,0.301
000764,2026-03-12,,2026-03-12,2026-03-12,ft/p2,YYYY,,,,,,,11.45,0.0
000765,2025-11-21,,2025-11-21,2025-11-21,erode3/p1@640,YYYY,2025.11.21,,2025011-21,,2025-11-21,,4.61,0.076
000766,2026-09-24,,2026-09-24,2026-09-24,p2,SP_DMY,24 09 26 D2 18,24 09 26 D2 18,24 09 25 02 18-5,24 09 26 02 18:5,2026-09-24,2025-09-24;2026-09-24,1.15,0.195
000767,2026-03-12,b,2026-03-NONE,2026-03-NONE,p2,YYYYMM,2026.03,,2026.03,,2026-03-NONE,2026-03-NONE,3.92,0.075
000768,2026-06-26,,2026-06-26,2026-06-26,p2,CMP,20260626 8006,20260626 8006,2026026 B E,2026626 B E0,2026-06-26,,1.81,0.449
000769,2026-12-10,,2026-12-10,2026-12-10,p2,YYYY,XP 2026.12.10 D,EX 2026.12.10D,MEXP:2026.12.18 DFI 1I1],MEXP:2026.12.18 DFI 1INI,2026-12-10,2026-12-18,1.24,0.405
000770,2030-04-NONE,,NONE,NONE,,,,,,,,,16.4,0.0
000771,2019-11-26,,NONE-12-31,NONE-12-31,p2,MMDD,0 800 2  MEAPP 121-12.31 1A,0 800 2  MEAP 121-12.31 1A," ,800 2+7 MEAPP 12.1-12.31 딸기스다"," ,800 2+1 MAPPI 12.-12.31 딸기스다",NONE-12-31,NONE-12-31,1.34,0.811
000772,NONE-12-20,,2024-02-02,2024-02-02,ft/p1@1024,SP_DMY,,,,,,,21.24,0.0
000773,NONE-12-10,2,NONE-12-10,NONE-12-10,p2,MMDD,    12.10 11.28 14130  14.30 ,    12.10 11.28 14130  14 30 ,까  성존 실축 12.10. 11.28 1430 02 14:30-5 까,까  제 실축 12.10. 11.28. 14:30 02 14:30 F5 까,NONE-11-28;NONE-12-10,NONE-11-28;NONE-12-10,2.92,0.925
000774,2026-02-08,,2026-02-08,2026-02-08,p2,YY, 08134 26.02.08, 08134 26.02.08, 34.B 26-02.05, 08:34.B 26-02.08,2026-02-08,,1.85,0.615
000775,2025-12-17,,2025-12-17,2025-12-17,p2,YY,25.12.17,25.12.17,25.12.17,25.12.17,2025-12-17,2025-12-17,0.71,0.175
000776,2026-01-09,,2026-01-09,2026-01-09,p2,YYYY,2026.01.09,2026.01.09,2026.01.09,2026.01.09,2026-01-09,2026-01-09,1.16,0.166
000777,2026-03-NONE,,2026-03-NONE,2026-03-NONE,erode3/p1@1024,YYYYMM, 2026.03,,소비기한: 2026 03,,2026-03-NONE,,12.2,0.303
000778,2026-06-22,,2026-06-22,2026-06-22,p2,YYYY,Biscoff lotus 2026 06 22,Biscoff lotus 2026 06 22 ,Biscoff Lotis 2026 06 22 0,Biscoff Lotius 2026 06 22 0,2026-06-22,2026-06-22,1.03,0.578
000779,2026-06-03,,2026-06-03,2026-06-03,p2,DMY4,125 6 33.5 10  03 06 2026,125 6 33.5 10  03 06 2026,나트륨 125mg 6%탄수화물 33.5g 10% 03 06 2026,나트륨125mg 6%탄수화물 33.5g 10% 03 06 2026,2026-06-03,2026-06-03,3.95,0.668
000780,2026-04-27,,2026-04-27,2026-04-27,p1@640,YYYY,HS 2026.04.27 19 06,HS 2026.04.27 19 06,HS 2026:04.27 19:06,HS 2026:04.28 19:06,2026-04-27,2026-04-27;2026-04-28,1.24,0.585
000781,2026-10-02,,2026-10-02,2026-10-02,p2,YYYY,2026.10.02,2026.10.02,2026.10.02,2026.10.02,2026-10-02,2026-10-02,1.04,0.168
000783,2025-12-21,,2025-12-21,2025-12-21,p2,YY,25.12.211520   ,25.12.211520   8,25.12.21 15u20   ,25.12.21 15u20   ,,2025-12-21,0.95,0.644
000786,NONE-12-17,2,NONE-12-17,NONE-12-17,p2,MMDD, 12.17 12.05 13.07 1307  01  , 12.17 12.05 13.07 1307  01  , 1.21.7. 1.2 1.3:7 1.3  1 깬 , 12.1.7. 12. 1.3:17 1.3:  1 깬 ,NONE-12-05;NONE-12-17,2021-07-01,2.32,0.984
000788,NONE-12-21,,NONE-12-21,NONE-12-21,p2,MMDD,12.21 09111,,1 F,,NONE-12-21,,3.31,0.208
000789,NONE-12-19,,NONE-12-19,NONE-12-19,p2,MMDD,12.19 01758,12.19 D175,12.19 D1758,12.19 D1758,NONE-12-19,NONE-12-19,1.02,0.169
000790,2027-07-NONE,,2027-07-NONE,2027-07-NONE,p2,YYYYMM,283 2027.7/ T2641,,8 120277/WR/+1 T2641C,,2027-07-NONE,,7.14,0.302
000793,2026-05-06,,2026-05-06,2026-05-06,p2,YYYY,2026.05.06,2026.05.06,2026.05.06,2026.05.06,2026-05-06,2026-05-06,1.46,0.17
000794,2026-10-27,,2026-10-27,2026-10-27,p2,YYYY,2026.10.27,2026.10.27,2026.10.27,2026.10.27,2026-10-27,2026-10-27,1.14,0.152
000795,2026-07-14,2,NONE,NONE,,,,,,,,,18.67,0.0
000796,2026-07-14,2,NONE,NONE,,,,,,,,,17.61,0.0
000798,NONE-12-20,,2024-02-24,2024-02-24,p1@640,SP_DMY,244,2424,,,,,0.95,0.179
000800,2026-08-12,,2026-08-12,2026-08-12,p2,YYYY,2026.08.12,2026.08.12,2026.08.12,2026.08.12,2026-08-12,2026-08-12,2.06,0.14
000801,2026-03-25,,2026-03-25,2026-03-25,p2,YYYY,2026.03.25,2026.03.25,2026.03.25,202603.25,2026-03-25,2026-03-25,1.51,0.151
000802,2026-07-03,,2026-07-03,2026-07-03,p2,YYYY,OTE  2026.07.03 09.15 ,OTER 2 2026.07.03 09.15 , 푸라벨-PEPE 2026.07.03 09:15 까지,E 누:-PPE 2026.07.03 09:15 까지,2026-07-03,2026-07-03,2.72,0.702
000804,2027-09-01,d,2027-09-01,2027-09-01,p2,CMP6_DMY,EX 010927,EX 010927,EX 10927,EXP 0027,2027-09-01,,1.41,0.143
000806,2026-10-02,,2026-10-02,2026-10-02,p2,YYYY,2026 10 02 1630 2041255,2026 10 02 1630 2041255,—2026 10 02 16:30 2041255,—2026 1002 16:30 2041255,2026-10-02,2026-10-02,1.42,0.407
000807,2026-05-29,,2026-05-29,2026-05-29,p2,DMY4,29/05/2026,29/05/2026,EXP29/05/2026,EXP 29/05/2026,2026-05-29,2026-05-29,1.38,0.158
000808,2026-06-12,,2026-06-12,2026-06-12,p2,YYYY,2026.06.12,2026.06.12,2026.06 12,2026.06.12,2026-06-12,2026-06-12,1.55,0.151
000809,2026-08-30,,2026-08-30,2026-08-30,p2,YYYY,2026.08.30,2026.08.30,2026.0830,2026.083,2026-08-30,2026-08-30,1.26,0.153
000810,2026-03-31,,2026-03-31,2026-03-31,p2,YY,26.03.31,26.03.31,26.03.31,26.03.31,2026-03-31,2026-03-31,1.1,0.148
000811,2026-03-31,,2026-03-31,2026-03-31,p2,YY,26.03.31,26.03.31,26.03.31,26.03.31,2026-03-31,2026-03-31,1.26,0.159
000812,2026-05-29,,2026-05-29,2026-05-29,p2,DMY4,29/05/2026,29/05/2026,EXP 29/05/2026,EXP 29/05/2026,2026-05-29,2026-05-29,1.49,0.155
000815,2026-06-22,,2026-06-22,2026-06-22,p2,YYYY,2026 06 22,2026 06 22, 202 1 22, 2026 1 22,2026-06-22,2026-01-22,0.67,0.158
000817,2026-12-NONE,,NONE,NONE,,,,,,,,,18.71,0.0
000818,2026-05-12,,NONE,NONE,,,,,,,,,18.64,0.0
000819,2026-05-18,,2026-05-18,2026-05-18,p2,DMY4,EFORE 18.05.2026 1321231141231,FR 18.05.2026 1382123 141231,BESIBFORE: 18.05. 2026 S142,BESTBFRE: 18.05 2026 F121,2026-05-18,2026-05-18,2.0,0.549
000821,2026-02-02,,2026-02-02,2026-02-02,p2,YY_TAIL,26/02/0 21,26/02/02 2I,P2A2AF 지,P 2A2AF 지,2026-02-02,,1.61,0.472
000823,2027-02-23,,2027-02-23,2027-02-23,p2,YYYY,2027/02/23,2027/02/23,2027/02/23,2027/02/23,2027-02-23,2027-02-23,2.04,0.145
000824,NONE-12-18,2,NONE-12-18,NONE-12-18,p2,MMDD, 12.18.10141 12.06.10 41 5 01 1 1 , 12.18.10 41 12.06.10 41 5 01   , 12.18.10:41 F5 12.06. 10:41 D1 F5 31 πi 까 , 12.18. 10:41 F5 12.06. 10:41 D1 F5 1 πi 까 ,,NONE-12-06;NONE-12-18,2.79,0.955
000825,2026-06-22,,2026-06-22,2026-06-22,p2,YYYY,2026.06.2217/34.0,2026.06.2217/34.,2026.z72,2026.0.24 702,2026-06-22,,2.25,0.372
000826,2026-06-22,,2026-06-22,2026-06-22,p2,YYYY,2026.06.22.17/34,2026.06.2217.34,621,2260610,2026-06-22,,2.3,0.373
000828,NONE-12-21,,NONE-12-21,NONE-12-21,p2,MMDD,12.21  ,12.2  ,122  ,12.2N  …,NONE-12-21,,1.11,0.61
000829,2026-03-20,,2026-03-20,2026-03-20,p2,YYYY,2026.03.20,2026.03.20,2026.03.20,2026.03.20,2026-03-20,2026-03-20,1.81,0.179
000830,2025-12-20,,2025-12-20,2025-12-20,p2,YY,25.12.2002,25.12.2000,25.12.207 0m42,25.12.20N 02,,2025-12-20,0.95,0.165
000831,2026-07-16,2,2026-07-16,2026-07-16,p1@640,DMY4,EX.16.07.2026 0110/07/2,EX.16.07.2026 0110/07/2, ...,E. 333,2026-07-16,,5.04,0.621
000832,2026-07-16,b,2025-07-15,2025-07-15,p2,DMY4,PRO0.16.07.2025 EX2.16.07.2026 0110.072 4114.12,PRO0.16.07.2025 E.16.07.2026 0110.072 4114.12,DD22   ,2   4,2025-07-16;2026-07-16,,2.47,0.76
000833,2026-04-27,,2026-04-27,2026-04-27,p2,YYYY,2026.04.27,2026.04.27,2026:04.27,2026:04.27,2026-04-27,2026-04-27,1.59,0.188
000835,2026-02-02,,2026-02-02,2026-02-02,p2,YY,26/02/02,26/02/02,1P202424,1202427,2026-02-02,,1.48,0.175
000838,2026-02-21,,2026-02-21,2026-02-21,p1@640,MON_DY,EXP EB 21 26 ,EX E 21 26 ,EXFEB2126T 8,EXP FEB 2126I ,,,0.92,0.488
000840,2026-01-01,,2026-01-01,2026-01-01,reread,YY,26.01.01,26.01.01,|26.01.01,|26.01.01,2026-01-01,,2.33,0.168
000842,2026-07-03,,2026-07-03,2026-07-03,p2,DMY4,03 07 2026,03 07 2026,03 07-2026,03 07-2026,2026-07-03,2026-07-03,3.27,0.24
000845,2026-06-17,,2026-06-17,2026-06-17,p2,DMY4,17.06.2026,17.06.2026,17.06.2026,17.06.2026,2026-06-17,2026-06-17,2.23,0.155
000846,2026-05-28,,2026-05-28,2026-05-28,p2,DMY4,165328.05.2026,165328.05.2026,1653 28.05.2026,1653 28.052026,,2026-05-28,1.72,0.167
000847,2026-05-28,,2026-05-28,2026-05-28,p2,DMY4,165328.05.2026,165328.05.2026,1653 28.05.2026,1653 28.05.2026,,2026-05-28,1.86,0.188
000848,2026-05-21,,2026-05-21,2026-05-21,reread,DMY4,,,,,,,9.16,0.259
000849,2026-05-21,,2026-05-21,2026-05-21,p2,DMY4,2105 2026 2B ,21.05.2026 28B ,1052025 PABKBNH ,218526 APARKBNHX ,2026-05-21,,1.03,0.628
000851,2026-06-30,,2026-06-30,2026-06-30,p2,DMY4,30 06 2026,30 06 2026,E30 06 2026,E3006 2026,2026-06-30,2026-06-30,1.63,0.467
000853,2026-09-24,,2026-09-24,2026-09-24,p1keep/p1@640,YY,26.09.24,26.09.24, 26 09 24,26.09.24,2026-09-24,2026-09-24,1.08,0.17
000854,2026-09-04,,2026-09-04,2026-09-04,p2,YYYY,2026.09.04,2026.09.04,2026.09.04; A-1,2026.09.04/ A-1,2026-09-04,2026-09-04,2.84,0.186
000855,2026-08-25,2,2026-08-25,2026-08-25,p2,DMY4,25 08 2026,25 08 2026,25 08 2026 A1,25 08 2026 A1,2026-08-25,2026-08-25,2.06,0.166
000856,2026-06-03,,2026-06-03,2026-06-03,p2,DMY4, . 2. . 22   529267 ca 33.5 10  4.7  158159  7 2 0   2  03 06 2026 1234K0731537 , . 2. .2 .2   529267 ca 33.5g 10  4.7  1588-159  7 221 0 0  2  03 06 2026 234K07,유. 대두함유 (밀가를니코럽 비타BR 수타말 ).보리(글루텐) 사용한제품과 하고 있습니다. 59 267 kcal 수화물3.59 10% 포화지방 ,유. 대두함유 (밀가륨니코립 바타BBR 추타말 )보리(글루텐) 를사용한제품과 하고 있습니다 529 267 kcal 수화물 33.59 10% 포화,2026-06-03,,2.5,2.025
000857,2025-01-28,,2025-01-28,2025-01-28,p2,YYYY,2025/01/28,,2025/01/28,,2025-01-28,2025-01-28,3.04,0.096
000858,2021-10-28,,2021-10-28,2021-10-28,p2,YYYY,2021/10/28,2021/10/28,2022120/28,2022120/28,2021-10-28,,2.54,0.41
000859,2021-10-28,,NONE,NONE,,,,,,,,,9.85,0.0
000860,2022-07-23,,2022-07-23,2022-07-23,p2,DMY4, r/a HOMep8 Soor N/2 5629 eayR1-00122 2 m63/Pes0.Ne aap6 Ba NETOTEZINA.Gr 2000 7,, r/Na HoMep H BM Soort nummer  O e/R 05629 lte Kay No R41K-0128 2kg eao fobsPoso,,2022-07-23,2022-07-02,2.93,1.193
000861,2022-07-23,,2022-07-23,2022-07-23,p2,DMY4,23.07.2022,,"23,072022",,2022-07-23,,2.09,0.115
000863,2021-10-22,2,2020-10-NONE,2020-10-NONE,p1@640,MMYYYY,08262.108.0,, 2.1.,,,,1.0,0.087
000865,2021-09-25,,2021-09-25,2021-09-25,p1@640,DMY4,25.09.2021,25.09.2021,,,2021-09-25,,1.43,0.404
000866,2021-09-25,,2021-09-25,2021-09-25,p2,DMY4,25.09.2021,,"25,09.2021",,2021-09-25,,1.06,0.081
000867,2021-10-23,2,2021-08-22,2021-08-22,ft/erode3/p1@1024,MDY4,,,,,,,21.01,0.0
000868,2021-10-23,,2020-03-06,2020-03-06,ft/p2,DMY4,,,,,,,6.92,0.0
000870,2021-10-15,,2021-10-15,2021-10-15,p1@640,DMY4,21011 30 956  15.10.2021,,나트룸210 mg11% 지방30g 9 56% 15.10.2021_6B,,2021-10-15,2021-10-15,1.97,0.321
000871,2021-10-15,,2021-10-15,2021-10-15,p2,DMY4,018 59 00g 18 /20 118 830g6 16 8055 25 g.29 48    225 EP AME44A13 28 15.10.2021,,보mg8 159 00g당 내용량 E2Omg 3g  1 5g 16% 방08 5 25%9g  5ng 252g 21   u  23 EXP AME44A,,2021-10-15,2027-10-15,1.46,0.722
000872,2021-02-26,,2021-02-26,2021-02-26,p2,MON_DY,  estByFEB/26/21   2110 48 NOL2  X  ,,  Best By FEB/26/211   21 10:48 NDL2A  유자지즈  ,,,,1.31,0.514
000874,2021-03-22,,2021-03-22,2021-03-22,p2,MON_DY,MaR 22 21 06157 293h0,,MAR 22 21 06:57293H0 ,,2021-03-22,2021-03-22,14.48,0.241
000875,2021-03-22,,2021-03-22,2021-03-22,p1@640,MON_DY, 22 21 0657 293,,BESMAR 22 21 06:57 2930,,,,3.3,0.093
000876,2021-07-01,,2021-07-01,2021-07-01,p2,YYYY,2021.07.01,2021.07.01,2021.07:01,2021.07:01,2021-07-01,,1.36,0.16
000877,2023-04-03,d,NONE,NONE,,,,,,,,,22.09,0.0
000878,2023-04-03,t,NONE,NONE,,,,,,,,,10.87,0.0
000879,2021-05-11,,2021-05-11,2021-05-11,p2,DMY4,0 EXP. 07200 157 DATE11/05/2021,007 EXP. 07200 15 DATE.11/05/2021,화고서소자 분생해결 기준에의거 교환또는 보상받을수있습 EXP. 0720u1572u .DATE:11/05/2021,화고서소비자분생해결기준에의거 교환또는 보상받을 수 있습 EXP. 07201157 .DATE:11/05/2021,2021-05-11,2021-05-11,4.15,0.842
000880,2021-05-11,2,2021-05-11,2021-05-11,p1keep/p1@640,DMY4,0202485.0 R0.DA15/07/2020 DE-11/05/2021 LOT 0720 W 177 5202175019831,, PRD.DRTE: 5-07/2020 ER. 12 Lor0r20 W eo 52021751019831,,2020-07-15;2021-05-11,2020-07-05,3.42,0.367
000881,2021-06-08,,2021-06-08,2021-06-08,p2,YYYY,07 153110 2021.06.080,07 153110 2021.06.080,유통기한 한천행호15:31 A10 42021.06.08까지,유통기한 한천행호15:31 A10 42021.06.08까지,2021-06-08,,2.37,0.667
000882,2021-06-08,,2021-06-08,2021-06-08,p2,YYYY,08 2.15.31 2021.06.08,,유통기한 한원호15:1까지 한6.0까지,,2021-06-08,,1.65,0.305
000884,2021-07-03,2,2021-04-04,2021-04-04,ft/p1@640,YYYY,,,,,,,6.17,0.0
000885,2021-07-09,,2020-01-10,2020-01-10,p1@640,CMP6_DMY,804433 100120 2021.07.09,804433 100120 2021.07.09,880443100120 07.09,880443100120 07.09,2021-07-09,,1.9,0.472
000886,2021-07-09,,2020-01-10,2020-01-10,p2,CMP6_DMY,804433100120 2021.07.09 ,,804433100120 7.0 까지,,2021-07-09,,1.55,0.296
000888,2021-12-04,,2021-12-04,2021-12-04,p2,YYYY,0   BEFORE2   52 2021 12 04,,ehio ® FKR A1 EEFORE 2 g   52 2021 12 04,,2021-12-04,2021-12-04,1.57,0.479
000889,2021-05-27,,2021-05-27,2021-05-27,p2,MON_DY,BEST T BY MAY 27 2021,,EESTE ST B4 MAY 2P 2021 ,,2021-05-27,,1.22,0.314
000890,2021-04-05,,2021-04-05,2021-04-05,p2,YYYY,2021.04.05,2021.04.05,2021.0405,2021.04.05,2021-04-05,2021-04-05,1.56,0.149
000891,2021-04-05,,2021-04-05,2021-04-05,blur1/p1@640,YYYY,2021.04.05,,2021.,,2021-04-05,,4.38,0.077
000892,2022-02-07,,2022-02-07,2022-02-07,p1@640,D_MON_Y,07FEB2022V 07 17,07FeB2022V 07 17,07FEB2022 PV 07:17 2 ,07FEB2022 PV 07:17 2,2022-02-07,2022-02-07,1.31,0.406
000893,2022-02-07,,2022-02-07,2022-02-07,p2,D_MON_Y,07F 2022 0717,,o7FEB22 0 0717 2,,,2022-02-07,2.74,0.076
000894,2021-06-02,,2021-06-02,2021-06-02,p1@640,YYYY,2021.06.02 23.45,2021.06.02 23.45,2021.02.02 24,2021.06:82 2345,2021-06-02,2021-02-02,1.05,0.449
000895,2021-06-02,,2021-06-02,2021-06-02,p2,YYYY,2021.06.02 23145,,"2021,06.02 2345",,2021-06-02,,0.96,0.206
000897,2025-05-19,,2025-05-19,2025-05-19,p2,YYYY,2025/05/19,,225/05/,,2025-05-19,,8.99,0.093
000898,2025-05-19,,2025-05-19,2025-05-19,dilate2/p1@640,YYYY,    ol623  8 408 9624.08 208.9 28         Betee 6  25Om BEST 2OST/05 007150  EFO,,Ya  nb unlabb   B  무수아원산 유        unl unl   Bes be 산도:6% 25oml BEST CT/BEFOR 810,,,,9.0,1.189
000899,2022-09-02,,2022-09-02,2022-09-02,p2,YYYY,228 EXPDATE2022.09.02,A22150 XPDATE2022.09.02,미하고 건조하고사늘한곳에보관 EXP.DATE:2022.09.02,고건하고에보 EXP.DATE:2022.09.02,2022-09-02,2022-09-02,5.58,0.624
000900,2022-09-02,,2022-09-02,2022-09-02,p2,YYYY,EPDATE2022.09.02,,EXP:DATE:2022.09.02,,2022-09-02,2022-09-02,2.76,0.196
000902,2021-11-01,,2021-11-01,2021-11-01,p2,DMY4,01/11/2021,,0/1/224,,2021-11-01,,2.15,0.086
000903,2021-08-31,,2021-08-31,2021-08-31,p2,DMY4,31-08-2021,31-08-2021,2-08-202,2-08-2022,2021-08-31,2022-08-02,1.78,0.148
000905,2022-01-NONE,,2022-01-NONE,2022-01-NONE,p2,MMYYYY,Uey  .1.510 E01.2022  2 2008 2    020208  20.420   ,UeM  .1.510 01.2022   008 2    0200   2.4.00  8 282,UEM  BP.1.5102 EXP:01.2022   부 원재료령  비스 인도시아 시 포장재질 수입민대원 인  유4두    ,UEN  BP.1.5102 EXP:01.2022 에   부 원재료령 스  인도시이 시 포장재질 수입민대원 인 의 다두    무,2022-01-NONE;2022-02-20,2022-01-NONE,1.72,1.476
000906,2022-01-NONE,,2022-10-15,2022-10-15,p2,CMP6_DMY,.1.5.02 P201.202        6.3  .8,,BP.151 ERP-01222       ab   ,,,,1.58,0.597
000907,2022-01-NONE,,2022-01-NONE,2022-01-NONE,p2,MMYYYY,EXP 01.2022,EXP01.2022,ExP:01.2022,EXP:01.2022,2022-01-NONE,2022-01-NONE,2.59,0.202
000909,2021-09-20,,2021-09-20,2021-09-20,p2,DMY4,20-09-2021,,20-09-2021,,2021-09-20,2021-09-20,0.68,0.076
000910,2021-09-20,,2021-09-20,2021-09-20,p2,DMY4,20-09-2021,,20-0-2021,,2021-09-20,,0.84,0.074
000911,2022-05-05,,2022-05-05,2022-05-05,p2,YYYY,2022.05.05,,프0르로  ㅇ트 ㅇ트,,2022-05-05,,2.84,0.178
000912,2022-05-05,,2022-05-05,2022-05-05,p2,YYYY,  38  030036570 2022.05.05 242.8 .0 07.54 0  44,,    03003650 2000505  ap Oop  07154   ,,2022-05-05,,1.93,0.585
000913,2021-10-19,,2021-10-19,2021-10-19,p1@640,YYYY,72 2021.10.19 ,,'요구르트 까지 까지,,2021-10-19,,2.25,0.321
000914,2021-07-21,,2021-07-21,2021-07-21,p2,YYYY,2 2021.07.21,,일분터 2021-07.21,,2021-07-21,2021-07-21,2.52,0.298
000915,2021-07-21,,2021-07-21,2021-07-21,p2,YYYY,4E 2021.07.21,,PE1 2021-07:21,,2021-07-21,,2.71,0.311
000916,2022-06-06,,NONE,NONE,,,,,,,,,36.81,0.0
000918,2021-09-17,,2021-09-17,2021-09-17,p2,YYYY,2021.09.17,,2021.0.1T,,2021-09-17,,2.66,0.087
000919,2022-03-11,,2022-03-11,2022-03-11,p2,YYYY,2022.03.11,,2022.03.11,,2022-03-11,2022-03-11,2.38,0.075
000920,2022-03-11,,2022-03-11,2022-03-11,p2,YYYY,2022.03.11,,2022.03.11,,2022-03-11,2022-03-11,3.13,0.089
000921,2022-02-26,,2022-02-26,2022-02-26,p2,YYYY,PAPR RIGE 3140  EXP.2022/02/26AU,,PAIE RUCE 쌀가루40% EXP:2022-0226 A0,,2022-02-26,2022-02-26,1.24,0.398
000923,NONE-02-01,,2020-01-02,2020-01-02,p2,DDMMYY,02.01.20 49.N0,,02.01. 20:49.N0,,2020-01-02,2020-01-02,1.87,0.186
000924,NONE-02-02,,2018-02-02,2018-02-02,p2,DDMMYY,02.02.1817.,,02.02-18:17.M0,,,,1.8,0.181
000925,NONE-02-02,,NONE-02-02,NONE-02-02,p2,MMDD,98718 02.02 20 1817.M ,,유통기한 02.02. 천안 처18=17.M0 까지,,NONE-02-02,NONE-02-02,2.17,0.411
000926,2021-06-10,,2021-06-10,2021-06-10,p2,YYYY,2021.06.10,,2021.06.10 H,,2021-06-10,2021-06-10,0.93,0.097
000927,2021-08-23,,2021-08-23,2021-08-23,p1keep/p1@640,YYYY, 2021. 1.08.23,, 2021. 1.08.23,,2021-01-08,2021-01-08,2.33,0.311
000928,2022-03-13,,2022-03-13,2022-03-13,p2,DDMMYY,13/03/2219520,,13403/22 L19520,,,,3.72,0.229
000929,2022-03-13,,2022-03-13,2022-03-13,p1@640,DDMMYY,13/03/22119520 022.11.95,,13/03/221419520 2222111952,,,,2.28,0.247
000930,2021-07-29,,2021-07-29,2021-07-29,p2,YYYY,2021.07.290,,2031:07.29까지,,2021-07-29,2031-07-29,1.37,0.125
000931,2021-07-29,,2021-07-29,2021-07-29,p2,YYYY,2021.07.297 1719 B122,,로까지 129,,2021-07-29,,2.16,0.279
000932,2021-05-26,,2021-05-26,2021-05-26,p2,YYYY,2021.05.26,,291856,,2021-05-26,,1.72,0.082
000933,2021-05-26,,2025-05-01,2025-05-01,ft/p1@640,DDMMYY,,,,,,,4.5,0.0
000934,2021-02-10,2,2021-02-10,2021-02-10,p2,YY_TAIL, 00 21.01.25 21.02.10, 0 21.01.25 21.02.10,  21·91·25제종 21:02:10까, N 21·01·25제존 21:02:10까지,2021-01-25;2021-02-10,,2.21,0.663
000936,2021-10-19,2,2021-10-19,2021-10-19,p2,YYYY,2021.10.19,2021.10.19,2021:10:19,2021:10:19,2021-10-19,,1.25,0.152
000937,2022-06-11,,2022-06-11,2022-06-11,p2,YYYY,2022.06.11.0949,2022.06.11.0949,2022.06.11.09:49,2022.06.11.09:49,2022-06-11,2022-06-11,1.75,0.313
000938,2022-06-11,,2022-06-11,2022-06-11,p2,YYYY,2022.06.11.0949,,2022.06.11.09:49,,2022-06-11,2022-06-11,2.21,0.192
000940,2021-10-28,,NONE,NONE,,,,,,,,,10.53,0.0
000941,2021-07-02,,2021-07-02,2021-07-02,p2,CMP,2021 07 02,2021 07.02,20210702,20210702,2021-07-02,2021-07-02,1.69,0.171
000942,2021-05-29,2,2021-05-29,2021-05-29,p2,DMY4,29 05 2021,29 05 2021,EXP 29 05 2021,EXP 29 05 2021,2021-05-29,2021-05-29,3.41,0.152
000944,2021-07-03,,2021-07-03,2021-07-03,p2,DMY4,EXP03/07 2021,EXP03/07 2021,EXP:03/077 /2021,EXP:03/677 /2021,2021-07-03,,2.77,0.476
000946,2021-09-30,,2021-09-30,2021-09-30,p2,YYYY,2021.09.30,,2021.09.30,,2021-09-30,2021-09-30,0.94,0.077
000947,2021-09-30,,2021-09-30,2021-09-30,p2,YYYY,2021.09.30,,2021.09.30.,,2021-09-30,2021-09-30,1.4,0.096
000948,2021-10-24,2,2021-10-24,2021-10-24,p1@640,DMY4,0989 830 6.6 01282.000 1  BefOreDat24/10/2021,01989 0830 66 012820 1  eBeforeDat24/10/2021, O 질69 성분 기준에 대한비을은 20 1% Best Before Date: 24/10/2021, O 669 분기준치에 대 비은 200 1% Best Before Date: 24/10/2021,2021-10-24,2021-10-24,3.28,0.912
000949,2021-10-24,2,2021-10-24,2021-10-24,blur1/p1@640,DMY4,at.24/102021 107/2020,,Dae 24102021 0r/2020,,2021-10-24,,4.44,0.254
000950,2022-09-16,,2022-09-16,2022-09-16,p2,YYYY,2022.09.16.1427,,- 2022.09.16.14:27 진천 F -,,2022-09-16,2022-09-16,2.39,0.251
000951,2021-04-05,,2021-04-05,2021-04-05,p2,YYYY,2021.04.05,,2021.04.05,,2021-04-05,2021-04-05,1.41,0.097
000952,2021-04-05,,2021-04-05,2021-04-05,p2,YYYY,2021.04.05,,2021.04.05,,2021-04-05,2021-04-05,1.33,0.074
000953,2021-02-05,2,2021-02-07,2021-02-07,p1@640,YY,21.01.02  2,21.01.07  2,21.82.8B  ,21.82.8  ,2021-01-02;2021-01-07,,1.01,0.601
000954,2021-02-05,2,2021-02-05,2021-02-05,p1@640,YY,21.01.02 ,,31.828 ,,2021-01-02,,0.95,0.191
000957,2021-02-22,2,2021-02-22,2021-02-22,p2,YY_TAIL, 21.02.22 21.01.29, 21.02.22 21.01.29, 1:02: 81.01.29제, 21:02: 81.01.29,2021-01-29;2021-02-22,,2.17,0.561
000958,2021-02-22,2,2021-02-22,2021-02-22,p1@640,YY,21.01.27,,1.82.2,,2021-01-27,,0.81,0.08
000959,2022-07-19,,2022-07-19,2022-07-19,p2,YYYY,   1405   0  20 O484. 20139 09090 0 / 80091 19  71 2022.07.19 38 /w.Jungones5hop,   1406 5 8 0r 87 20 21476088 00/139 090mg03 06 7/21 28-01919   7 2022.07.19 2/4," ·사늘하고건조한 곳에보관개봉 후에는 냉장보관 소지 널자서트시구 대정 장 복음참개 국신,  영양정보 170ng8 8 573 영성 기이 한은 2으"," ·사늘하고 건조한 곳에보관개봉 후에는 냉장보관 소지 산서시동문구정 주장 복음장개 국, 소 영양정보 170n 848 573  빈용기는깨곳이 분리",2022-07-19,2022-07-19,3.97,3.781
000960,2022-07-19,,2022-07-19,2022-07-19,p2,YYYY,2022.07.19,,2022.07.19,,2022-07-19,2022-07-19,1.47,0.119
000961,2023-10-21,,2023-10-21,2023-10-21,p2,YYYY,2023/10/21 L02956.001 ,2023/10/21 L02956.001 ,2023/10/21 L02956.001A ,2023/10/21 L02956.001A ,2023-10-21,2023-10-21,1.42,0.573
000963,2023-11-14,,2023-11-14,2023-11-14,p2,YYYY,2023/11/14,2023/11/14,2023/11/14,2023/11/14,2023-11-14,2023-11-14,1.6,0.154
000964,2023-11-14,,2023-11-14,2023-11-14,p2,YYYY,2023/11/14,,2023/1/14,,2023-11-14,2023-01-14,1.61,0.073
000965,2020-07-24,2,2023-07-20,2023-07-20,p1keep/blur1/p1@1024,YY,23.07.2020 ,,287:2833 ,,2020-07-23,,20.06,0.258
000966,2021-08-10,,2021-08-10,2021-08-10,p2,DMY4,10/08/2021 ZUMO DEUVAMOSCATL,10/08/2021 ZUMO DEUVAMOSCATL,10/08/2021 ZUMO DE UVAMOSCATEL,10/08/2021 ZUMO DE UVAMOSCATEL.,2021-08-10,2021-08-10,2.86,0.436
000967,2022-10-17,,2022-10-17,2022-10-17,p2,YYYY,7 2022.10.17,7 2022.10.17,유통기한 2022.10.17,유통기한 2022.10.17,2022-10-17,2022-10-17,2.03,0.435
000969,2022-06-30,,2022-06-30,2022-06-30,p2,YYYY,ntentoi 23247851641250 2022/06/30 Pride-,ntento f 225164125 2022/06/30 Pride,Dapro fine C 2 2022/06/30 Pri,Daiiee ine: C 216125 2022/06/30 Pride,2022-06-30,2022-06-30,3.06,0.956
000970,2022-06-30,,2022-06-30,2022-06-30,p2,YYYY,2022/06/30,,2022/06/30,,2022-06-30,2022-06-30,3.03,0.08
000972,2021-06-25,,2021-06-25,2021-06-25,p2,YYYY,2021.06.2520,2021.06.2520,—2021.06.25 2,—2021.06.25 2,2021-06-25,2021-06-25,1.08,0.172
000973,2022-12-02,,NONE,NONE,,,,,,,,,18.28,0.0
000975,2023-08-03,,2023-08-03,2023-08-03,p2,YYYY,2023/08/03,2023/08/03,2023/08/03,2023/08/03,2023-08-03,2023-08-03,2.09,0.147
000976,2023-08-03,,2023-08-03,2023-08-03,p2,YYYY,2023/08/03,,2023/08/03,,2023-08-03,2023-08-03,1.93,0.154
000977,2021-11-03,,2020-11-03,2020-11-03,p1@640,SP_DMY,03 11 20 20,03 11 20 20,03112020,03112020,2020-11-03,,4.34,0.229
000978,2021-03-11,,2022-02-29,2022-02-29,dilate2/p1@640,SP_DMY,0311/2029 2 22,, 일볼 볼일일시글,,2029-02-22,,9.0,0.312
000979,2021-06-14,2,2021-06-14,2021-06-14,p1@640,YYYY,712 2021.06.14/2 ,712 2021.06.14/2 ,기한  까지,기한 22114 까지,2021-06-14,,2.77,0.684
000981,2021-08-08,,2021-08-08,2021-08-08,p1@640,YYYY,2021 08  08,2021 08  08,2021 080 08,2021 080 08,2021-08-08,,1.6,0.483
000982,2022-02-15,t,2022-02-15,2022-02-15,ft/p2,D_MON_Y,,,,,,,9.38,0.0
000983,2021-08-20,,2021-08-20,2021-08-20,p2,YYYY,2021.08.20,2021.08.20,유통기한2021.08.20 까지,유통기한2021.08.20 까지,2021-08-20,2021-08-20,5.73,0.317
000984,2021-08-20,,2021-08-20,2021-08-20,p2,YYYY,2100 2021.08.20 20 2 13537 .013965 01 2/94 20 01 21 0  03 o 167-350 032/672-37 a,,  유통기한 2021.08.0까지     반품및교한 수입/조분원 원료및활형 식의유형 관법 판매원 제품명 0-9 시위생법에의한하전 아3800-7 ,,2021-08-20,,2.67,1.07
000985,2021-12-28,,2021-12-28,2021-12-28,p2,MON_DY,EDEC-28-2021,EXDEC-28-2021,EXP:DEC-28-2021,EXP:DEC-28-2021,,2021-12-28,1.55,0.257
000988,2021-12-28,,2021-12-28,2021-12-28,p2,MON_DY,EXP.DEC-28-2021,,EXP :DEC-28-2021,,2021-12-28,2021-12-28,1.41,0.198
000989,2020-07-21,,2020-07-21,2020-07-21,ft/p2,YY,,,,,,,20.96,0.0
000990,2020-07-21,,NONE,NONE,,,,,,,,,14.53,0.0
000991,2021-03-04,,2018-08-08,2018-08-08,ft/erode2/p1@640,CMP6_DMY,,,,,,,21.84,0.0
000992,2021-03-04,,2021-03-04,2021-03-04,erode2/p1@640,MON_DY,EST Y AR 4 2021 09,,BSTON 'MAR AR 04 2021 05134,,,,3.78,0.307
000993,NONE-02-18,,NONE-02-18,NONE-02-18,ft/p2,MMDD,,,,,,,12.39,0.0
000994,NONE-02-18,,NONE-02-18,NONE-02-18,ft/p2,MMDD,,,,,,,9.49,0.0
000995,NONE-02-18,,NONE-02-19,NONE-02-19,ft/p1@640,MMDD,,,,,,,5.17,0.0
000996,NONE-02-19,,NONE-03-18,NONE-03-18,ft/erode3/p1@640,MMDD,,,,,,,14.26,0.0
000997,NONE-02-19,,NONE-03-19,NONE-03-19,ft/erode2/p1@640,MMDD,,,,,,,7.35,0.0
000998,2021-11-11,2,2021-11-11,2021-11-11,p2,DMY4,246  eSt Before Date11/11/2021,246  eSt Before Date11/11/2021,2 Best Before D ore Date: 11/11/2021,2 Best Before D ore Date: 11/11/2021,2021-11-11,2021-11-11,3.43,0.625
000999,2021-11-11,2b,2021-11-11,2021-11-11,p2,DMY4,eforDat11/11/2021,,stBetoreDate:11/11/20212/,,2021-11-11,,2.6,0.181
001000,2021-09-07,,2021-09-07,2021-09-07,p2,D_MON_Y,07 SEP 21,07 SEP 21,PO7SEP21,PO7SEP21,2021-09-07,2021-09-07,2.68,0.381
001002,2022-08-24,b,2022-08-NONE,2022-08-NONE,erode2/p1@640,YYYYMM,2022.08,,2022.08,,2022-08-NONE,2022-08-NONE,3.54,0.101
001004,2020-08-10,,2022-12-NONE,2022-12-NONE,ft/p2,YYMM,,,,,,,17.7,0.0
001005,2020-08-10,,2020-08-10,2020-08-10,blur1/p1@640,YMD_GLUED,202.08.10,,하용:,,,,5.73,0.08
001006,2022-06-29,2,2022-06-29,2022-06-29,koline,YYYY,2022.06.29,,2022.06.29m,,2022-06-29,2022-06-29,2.16,0.098
001007,2022-06-29,2,2022-06-29,2022-06-29,p2,YYYY,2022.06.29 ,,2022.06.29 2,,2022-06-29,2022-06-29,2.41,0.233
001008,2022-11-24,,2022-11-24,2022-11-24,p2,YYYY,2022.11.24,,2022.11.24,,2022-11-24,2022-11-24,1.41,0.076
001010,2021-08-09,,2021-08-09,2021-08-09,p2,DMY4,7 DMM/Y Best befor 09.08.2021 084        3 ,,유통기한:별도표시일까지1 DD/MM/YYY (일/월/년)  Best before: 09.08.202108:43       |  ,,2021-08-09,,1.52,0.796
001012,2021-11-10,2,2021-11-10,2021-11-10,p2,YYYY, 2021.11.10 ,,·유통기한: 2021.11:10 까지,,2021-11-10,,2.09,0.306
001013,2021-11-10,2,2021-11-10,2021-11-10,p2,YY,20105273694 08 2021.11.10,,201052756025 · 2021.11.10,,2021-11-10,2021-11-10,2.27,0.291
001014,2022-01-11,,2022-01-11,2022-01-11,p2,YYYY,2022.01.11,,2022.01.11.A,,2022-01-11,2022-01-11,1.53,0.107
001015,2022-01-11,,2022-01-11,2022-01-11,p2,YYYY,2022.01.11.,,2022.01.11.A,,2022-01-11,2022-01-11,2.13,0.104
001016,2021-02-21,,2021-02-21,2021-02-21,p1@640,MON_DY, estyEB/21/21      19 18 NO 3  ,, Best By FEB/21/211      19:18NDL4C   ,,,,1.53,0.573
001017,2021-02-21,b,2021-02-21,2021-02-21,erode3/p1@640,MON_DY,esBye/2121     ,,BestBy FEB2121 10     ,,,,3.87,0.374
001018,2021-05-15,,2020-11-05,2020-11-05,ft/erode2/p1@640,CMP6_YMD,,,,,,,10.21,0.0
001019,2021-05-15,b,2021-05-15,2021-05-15,ft/erode2/p1@640,YMD_GLUED,,,,,,,5.72,0.0
001020,2020-02-27,,2020-02-27,2020-02-27,p2,YYYY,Post 13 012 E7 2020.02.27 09.062  0/83  020.018 01,,Post 고소화현미 현미로든든한이침을 만들면 유통기한 2020.02.27 #2 까지 지혜정담당이폼끔히살습니다 갑 여러분의좋은아침을위하여 담당이안,,2020-02-27,2020-02-27,1.7,0.634
001022,2021-06-28,,2021-01-10,2021-01-10,ft/p2,YYYY,,,,,,,11.86,0.0
001023,2021-07-13,,2021-07-13,2021-07-13,p2,DMY4,Bestbefore 13.07.2021,,Best before:13.07.2021,,2021-07-13,2021-07-13,1.22,0.251
001024,2021-07-13,,2021-07-13,2021-07-13,p2,DMY4,estbef0re 13.07.2021,,Best before:13.07.2021,,2021-07-13,2021-07-13,1.26,0.184
001025,2020-12-09,,2020-12-09,2020-12-09,p2,YYYY,28 15 8 4  280  9  028   0322562.291 2425/65 2022.2002.2012 269272628027 A8.8 52,,"안저서 양민숙 1등비법 맥합숙은  니다  는   니 그 ""읽이금그개지지 않은 국내산참과업장      N   J 2020.12.09171 14:2",,2020-12-09,2020-12-09,12.56,1.421
001026,2020-12-09,,2020-12-09,2020-12-09,p2,YYYY, 2020.12.09 14.262,,오시서 2020412609 0214:26-2,,2020-12-09,,2.45,0.292
001027,2020-09-08,,2020-09-08,2020-09-08,p2,YYYY,2020.09.08,,2020.09.08,,2020-09-08,2020-09-08,1.57,0.194
001028,2021-07-07,2,2021-07-07,2021-07-07,p2,YYYY, 5718 2021.01.08 2021.07.07 10 5001,,제조일 유통기한 202101.08 B 2021.07.07까지 1 맛있는약속,,2021-01-08;2021-07-07,2021-01-08;2021-07-07,1.4,0.458
001029,2021-07-07,2,2021-07-07,2021-07-07,p2,YYYY,2021.07.07,,2021.07.07까지,,2021-07-07,2021-07-07,1.79,0.094
001031,2022-10-NONE,,2022-10-01,2022-10-01,p2,DMY4,ERSHEYSKitch 980BKA1 10 2022,,HERSHEYS Kitchens 98DEK61 102022,,2022-10-01,,3.31,0.313
001032,2019-07-16,,2019-07-16,2019-07-16,p2,YYYY,2019.07.16,2019.07.16,2019.07.16까지,2019.07.16까지,2019-07-16,2019-07-16,1.68,0.142
001034,2021-06-28,,2021-06-28,2021-06-28,p2,YYYY,2021.06.28,,2021.06.28까지,,2021-06-28,2021-06-28,1.9,0.084
001035,2021-10-07,2,2020-07-07,2020-07-07,p2,DMY4,PROD.07.07.2020 1223,,PROD. 07.07.2020 ,,2020-07-07,2020-07-07,9.62,0.281
001036,2021-10-07,2,2021-10-07,2021-10-07,p2,DMY4,2224  RO PROD.07.07.2020 .07.10.2021 R38  2   2  90m 02. 9,," 복용 을편  PROD.07.07-2020 EXP.07.10-2021 ""DR3BE   2    o n   eg",,2020-07-07;2021-10-07,2020-07-07;2021-10-07,8.16,0.682
001037,2021-03-18,,2021-03-18,2021-03-18,p2,YYYY,05  2021.03.18,,8형 2021.03.18까지,,2021-03-18,2021-03-18,1.73,0.288
001038,2021-12-28,,2021-12-28,2021-12-28,p2,YYYY,E2021.12.28 D0FLT29,,EXP:2021.12.28 DDFL TF29 ,,2021-12-28,2021-12-28,1.05,0.23
001040,2022-04-15,,2022-04-15,2022-04-15,p2,YYYY,2022.04.15DDER,,|EXP :2022.04.15 DDER TJ16,,2022-04-15,2022-04-15,0.99,0.197
001041,2022-04-15,,2022-04-15,2022-04-15,p2,YMD_GLUED,20204.15.06,,EXP:20220415 DRT6,,,2022-04-15,0.93,0.091
001042,2021-09-13,d,2021-09-13,2021-09-13,p2,DDMMYY,13.09.21 ,13.09.21 ,13.09.21 ,13.09.21 ,2021-09-13,2021-09-13,1.11,0.472
001043,2021-09-13,,2021-09-13,2021-09-13,p2,DDMMYY,13.09.21 09.2137,,13.09.21 -090-210,,2021-09-13,2021-09-13,1.0,0.199
001044,2021-04-30,,2021-04-30,2021-04-30,p2,DMY4,30-04-2021,,30-04-2021,,2021-04-30,2021-04-30,1.29,0.076
001045,2021-04-30,,2021-04-30,2021-04-30,p2,DMY4,30-04-2021,,30-04-2021,,2021-04-30,2021-04-30,1.24,0.074
001046,2021-10-07,,2021-10-07,2021-10-07,p2,DMY4,07/10/2021,,07/10/2021,,2021-10-07,2021-10-07,2.08,0.084
001047,2021-05-12,,2021-05-12,2021-05-12,p2,YYYY,2021.05.12,,2021.05.12B5,,2021-05-12,2021-05-12,0.85,0.079
001049,2022-01-06,,2022-01-06,2022-01-06,p2,YYYY, ReagS 2 2022.01.06 N29,,스하게티 조시202 ima Ros spghet sce 혼수타일로제 2022.01.06 까지C N12,,2022-01-06,2022-01-06,1.17,0.369
001050,2022-01-06,,2022-01-06,2022-01-06,p2,YYYY, 210   2022.01.06 N129 ,,스파게티도 수타일롯제  티 소스2 2022.01.06 N129 까지C,,2022-01-06,2022-01-06,1.66,0.429
001051,2022-12-20,,2022-12-20,2022-12-20,p2,YYYY,0 2022.12.20,,유통기한 2022.12.20,,2022-12-20,2022-12-20,2.85,0.241
001052,2022-12-20,,2022-12-20,2022-12-20,p2,YYYY,888 488 89 08 89.76 8  .24 257 42/64124 426421  981 200020  A 26/061-833-8757 50,,  원재료명 유전문  두정 하시오고 소   에1 에원 명자차    /06-833-8757   기까지 10050518017-45 2022.12.2,,2022-12-20,2022-12-20,2.28,1.028
001053,2022-09-01,,2022-09-01,2022-09-01,p1@1024,YYYY,51 2022.09.01 3262 20003 AS  7   5  20 5 25    .  23.2 204322.2  208.2  2.28/ 28,,파손 등에주의하십시되지 유통기한 :2022. 09. 01 보존하고 유통중층되지 않소록 한에 제조번호:20003 본관방법: 지사광선을 피하여 서늘,,2022-09-01,2022-09-01,4.53,1.232
001054,2022-09-01,,2022-09-01,2022-09-01,p2,YYYY,2022.09.01 57980 20003 27  243   A20 582 2282 02422 202     22   8    82/28 2 5.,,유통기한:2022 09.01 파손등에의하되지 제조번호:20003   완산담하고사생시      1            내클량  잘 0,,2022-09-01,2022-09-01,2.24,1.106
001055,2022-08-10,,2022-08-10,2022-08-10,p2,YYYY,2022.08.10 36.2072.5,,2022.08.10 36 g(18 g×20개입)| 히비스커스 62.5%,,2022-08-10,2022-08-10,1.55,0.317
001056,2022-05-27,,2022-05-27,2022-05-27,p2,YYYY,20 2022.05.27,,감잎차의 제조공정 2022.05.27,,2022-05-27,2022-05-27,2.24,0.237
001058,2021-10-14,,2021-10-14,2021-10-14,p2,YYYY,2021.10.1400 10.28,,2021.10.14D5 10:28,,2021-10-14,2021-10-14,1.05,0.223
001060,2022-06-23,,2022-06-23,2022-06-23,p2,YYYY,SUNGN   GlutinousRicePower 4 2022.06.23,,SUNGIN  참쌀가루 Glutinous Rice Powder  2022.06.23까지,,2022-06-23,2022-06-23,1.37,0.391
001061,2022-07-04,2,2022-07-04,2022-07-04,p1@640,YYYY,     05     2022.07.04 20 282 20 00r  810816 ,,·의고영 영    유기한:     2022.07.04 이 1일영양청분기준에대한(은2 00 기 나트25m 18% 수 4%3g 23%  지방2g4 ,,2022-07-04,2022-07-04,2.12,1.001
001063,2022-01-04,2,2022-01-04,2022-01-04,p2,YYYY, 0 2021.01.0518 26 2022.01.0418 26,,제조일자: 유통기한 2021.01.05 18:26 CA2  2022.01.04 18:26 까지,,2021-01-05;2022-01-04,2021-01-05;2022-01-04,2.06,0.375
001064,2022-01-04,,2022-01-04,2022-01-04,p2,YYYY,060 6 0578 A   00 2022.01.04.18.26 2021.031.05182,,  유통기   제조일자 2 2022.01.05 8.26 202.1.05 18:26 CA,,2018-04-01;2022-01-04,2022-01-05,1.92,0.516
001065,2022-05-04,,2022-05-04,2022-05-04,p2,YYYY,012 2022.05.04 ama  22 1150 13   080-003 0  0 047 0   A 94   2014033023  0958   ,,"유통기한 2022.05.04까지1 유통전문관매원(주 포장재질 보관방법 ·제품을은 조개, 전포항와게 고등어를 사용한 제품과 · 부정 량 신고는 번",,2022-05-04,2022-05-04,2.63,1.67
001066,2022-05-04,,2022-05-04,2022-05-04,p2,YYYY,2022.05.04 81 3872182435 3002508 223080-00-3386. 2470A 9/ 28 5.2258 08228 224858,,2022.05.0471 유통기한 은 거 소비거 시O 상(수신자요): 080-900-633 d.sala.c0ak  보관량방법 · 8  정재질 18,,2022-05-04,2022-05-04,3.13,2.232
001067,2021-12-06,,2021-12-06,2021-12-06,p1keep/p1@640,YYYY,2021. 1.12.06,,2021 112.06,,2021-01-12,,1.78,0.253
001068,2021-03-15,,2021-03-15,2021-03-15,p2,YYYY,2021.03.15,,2021.03.154,,2021-03-15,2021-03-15,0.85,0.086
001070,NONE-01-24,,NONE-01-24,NONE-01-24,p2,MMDD, 01.24,,남양 01.24A,,NONE-01-24,NONE-01-24,1.68,0.221
001071,NONE-01-24,,NONE-01-24,NONE-01-24,p2,MMDD,01.24,,01.24 A,,NONE-01-24,NONE-01-24,0.97,0.077
001073,2023-09-18,,2023-09-18,2023-09-18,p2,YYYY, 5  2023/09/18 138M M1 88    5-65 01,,   2023/09/18 L38M M1    iy 5-6인 이,,2023-09-18,2023-09-18,1.33,0.565
001074,2021-09-30,,2021-09-30,2021-09-30,p2,DMY4,30/09/2021 4620,,30/09/2021 L4620,,2021-09-30,2021-09-30,7.61,0.204
001075,2021-09-30,,2021-09-30,2021-09-30,p2,DMY4,30/09/2021 14620,,30/09/2021 L4 L4620,,2021-09-30,2021-09-30,3.49,0.249
001076,2021-07-31,,2031-07-21,2031-07-21,p2,DDMMYY,2021.07.31,2021.07.31,2021.07.31,2021.07.31,2021-07-31,2021-07-31,1.87,0.161
001078,2023-09-24,,2023-09-24,2023-09-24,p2,YYYY,Y 2023 09 24 R,Y 2023 09 24 GR,SEL BV 2023 09 24 GRLRU.,SEL BY 2023 09 24 GRLRU.,2023-09-24,2023-09-24,2.12,0.158
001079,2023-09-24,,2023-09-24,2023-09-24,p2,YYYY,Y 2023 0924,,EL BV 2023 0 4 CRU,,,,0.81,0.078
001080,2021-10-13,,2021-10-13,2021-10-13,p2,YY,262 21.10.13 ,262 21.10.13 ,"당, 합성향료2종,효소제,효모지문 21.10.13D 롯데제과","당,합성향료2총,요소제,효모지는 21.10.13D 롯데제과",2021-10-13,2021-10-13,4.28,0.587
001081,2021-06-17,,2021-06-17,2021-06-17,p2,YYYY,2021.06.17,,2021.06:17까지,,2021-06-17,,2.61,0.106
001082,2021-06-17,,2021-06-17,2021-06-17,p2,YYYY,2021.06.11536 2021.06.17,,"2022.06171536 2021,06:17까지",,2021-06-11;2021-06-17,,2.32,0.221
001083,2021-07-09,,2021-07-09,2021-07-09,p1@640,YYYY,2021.07.09 16.4 ,2021.07.09 16.4 ,2021.7.09  까지,"2021.7.09 "" 까지",2021-07-09,2021-07-09,1.99,0.611
001085,2023-10-09,,2023-10-09,2023-10-09,p2,YYYY,2023.10.09 9 20 38,2023.10.09 9 20 38,2023.10.09 9 20:38,2023.10.09 9 20:38,2023-10-09,2023-10-09,2.86,0.465
001086,2023-10-09,,2023-10-09,2023-10-09,p2,YYYY,2023.10.09 0284365 3 2038,,2023.10.09 028436520 36520:38,,2023-10-09,2023-10-09,1.52,0.285
001087,2022-06-14,,2022-06-14,2022-06-14,p2,YYYY,2022.06.14,,2022. 06. 14,,2022-06-14,2022-06-14,0.67,0.087
001088,2022-06-14,,2022-06-14,2022-06-14,p2,YYYY,2022.06.14,,2022.08 14,,2022-06-14,2022-08-14,0.71,0.076
001089,2023-08-05,,2023-08-05,2023-08-05,p2,DMY4,05/08/2023 L03232970  0/0009,,05/08/2023 L03232970  ,,2023-08-05,2023-08-05,3.02,0.348
001090,2021-04-16,2,2021-04-16,2021-04-16,p2,YYYY,27 JONGGA 2021.04.16 2020.07.17,27 JONGG 2021.04.16 2020.07.17,'종가집 IONGGA 2021.04:16 2020.07.17 제조,'종가집 IONGGA 2021:04:16 2020.07.17 제초,2020-07-17;2021-04-16,2020-07-17,2.72,0.657
001092,2021-03-19,2,2021-03-19,2021-03-19,p2,YYYY, 0-10  2 880 1114 103890 2021.01.20 2021.03.19, 0-10 / 202 880 1114 103890 2021.01.20 2021.03.19,"첨가 가빙초산,시키린나트륨감미0~10 소브산킬륨(보존로 냉장보관 8801114103890 2021.01.20제조 |2021.03.19까지",첨가 가빙초산 시린나트륨감이로0~10c 소브산칼륨(보존로 냉징보관 8801114103890 2021.01.20제조 |2021.03.19까지,2021-01-20;2021-03-19,2021-01-20,3.03,0.874
001093,2021-05-25,,2021-05-25,2021-05-25,p2,YYYY,2021.05.25 1836,2021.05.25 18136,E051:05-25 ,2051:85-25 ,2021-05-25,,1.92,0.485
001094,2022-01-12,2,2021-01-13,2021-01-13,p1keep/p1@640,YY,21.01.13.11 0,21.01.13.11 08,(21.01.1(1:08),(21:01.1311:08),2021-01-13,2021-01-01,1.65,0.162
001095,2022-01-12,2,2021-01-13,2021-01-13,p1keep/p1@640,YY,1.01.132110 2.01.12,,21.01.1308 2011,,,2021-01-13,1.02,0.211
001096,2021-06-11,2,2021-06-11,2021-06-11,p2,YYYY,0 2021.06.11 2021.01.12 80-023.27 2  8   8 E M   650 m 99 229 619 169 5mg0 69 .1,,유통 2021:06:11 2021.01.12 ·8-처:본사 및 구입한곳  지방 일영 화방 수화물 충개용량당 나트름 트랜스지방 당류 98 650 ,,2021-01-12;2021-06-11,2021-01-12,2.54,1.03
001097,2021-06-11,2,2021-06-11,2021-06-11,p1keep/p1@640,YYYY,05 08 15A04 2021.06.11 2021.01.11 1 01139 02624.970  2101.24 21   2.00 02.280 65,,유통 08:15A04F5 2021:06:17 3021:01:17  1399 구 까진   지방 트랜스지방 2016  650mg 229 5 mg 미,,2021-01-11;2021-01-24;2021-06-11,,2.32,0.886
001098,2021-03-18,2,2021-03-18,2021-03-18,p2,YYYY,2021.01.18 2021.03.18 ,2021.01.18 2021.03.18 ,2021.01.18제조 2021.03.18까지 발시,2021.01.18제조 2021.03.18까지 발으시,2021-01-18;2021-03-18,2021-01-18;2021-03-18,2.64,0.618
001100,2021-03-14,2,2021-03-14,2021-03-14,p2,YYYY,2021.03.14,2021.03.14,2021.03.14,2021.03.14,2021-03-14,2021-03-14,3.01,0.162
001102,2021-03-14,,2021-03-14,2021-03-14,p1@1024,YYYY,2021.03.14 18.23,2021.03.14 18.33,2021:14 19:,2021:14 19:3,2021-03-14,,2.65,0.466
001103,2021-03-14,,2021-03-14,2021-03-14,blur1/p1@640,YYYY,2021.02.14,,2011,,2021-02-14,,4.02,0.081
001104,2021-08-26,2,2021-08-26,2021-08-26,p2,YYYY,2021.08.26,2021.08.26,2021.08.26,2021.08.26,2021-08-26,2021-08-26,1.69,0.16
001105,2021-08-26,2,2021-08-26,2021-08-26,p2,YYYY,2020.11.27 2021.08.26,,3038·11·27 2020.08:27,,2020-11-27;2021-08-26,,1.51,0.213
001106,2021-03-27,,2021-03-27,2021-03-27,p2,YYYY,2021.03.27 1A2,2021.03.27 1A2,2021.03 2 F1422,2021.03.27 F142,2021-03-27,2021-03-02;2021-03-27,1.8,0.372
001107,2021-02-28,,2021-02-28,2021-02-28,p2,YY,21.02.28,21.02.28,21.02.28 까지,21.02.28 까지,2021-02-28,2021-02-28,1.29,0.15
001109,2021-03-22,,2021-03-22,2021-03-22,p2,YY, 21.03.22,36 21.03.22,유통 21.03.22까지,유통 21.03.22까지,2021-03-22,2021-03-22,1.38,0.426
001110,2021-03-22,,2021-03-22,2021-03-22,p2,EXTEND_R,21.03.22 14.53 94.18 3123,,21.032 14:53  3223,,2021-03-22,,1.71,0.351
001111,2022-07-12,,2022-07-12,2022-07-12,p2,YYYY,002  2o 20  2 9. 2 2022.07.12 12 2322 012009  ,02  23 250 2 228 9. 20 2022.07.12 12 23 A22 02009  ,) A     안하고사용하서도  도보 트 드 그에 2022.07.12까지 12:23A22 01209  ,무     안고사용하서도 육거고는보상 티드 클리에트 2022.07.12까지 12:23 A22 D12009  ,2022-07-12,2022-07-12,2.08,1.195
001112,2022-07-12,,2022-07-12,2022-07-12,p2,YYYY,2022.07.12,,2022.07.12까지,,2022-07-12,2022-07-12,1.24,0.092
001113,2023-11-15,,2023-11-15,2023-11-15,p2,YYYY,2023.11.15,2023.11.15,2023.11.15B,2023.11.15B,2023-11-15,2023-11-15,1.38,0.157
001115,2022-01-12,,2022-01-12,2022-01-12,p2,YYYY,  2022.01.12,  2022.01.12, 한병하B 2022.01.12까지, 한병하B 2022.01.12까지,2022-01-12,2022-01-12,0.89,0.568
001116,2022-01-12,,2022-01-12,2022-01-12,p2,YYYY,2022.01.12 2022,,"2022.01,.12 까지 2평하",,2022-01-12,,0.84,0.222
001117,2022-01-20,,2022-01-20,2022-01-20,p2,YYYY,2022.01.20,2022.01.20,2022.01.20 B,2022.01.20 B,2022-01-20,2022-01-20,0.89,0.151
001119,2021-12-26,,2021-12-16,2021-12-16,p2,YYYY,2021.12.16,2021.12.16,2021.12.16,2021.12.16,2021-12-16,2021-12-16,0.84,0.152
001120,2021-12-16,,2021-12-01,2021-12-01,p2,YYYY,2021.12 1,,2020 12 1 16,,2021-12-01,2020-12-01,1.18,0.228
001121,2023-01-10,,2023-01-10,2023-01-10,p2,YYYY,2023.01.10 .20 0 20 1201200 0139    2019,2023.01.10 .20  20 20100 1399    ,품질유지기한: 2023. 01.10 '영습니다.정을 따뜻한둘에상당 결정이생길수있으나 품질에는이상이 로두시면 결정이없어집니다에ㅎ ·만12개월미만의,품질유지기한: 2023. 01.10 '영습니다.정을 따뜻한들에상당 !결정이생길수있으나 품질에는이상이 로두시면 결정이없어집니다에중 ·만12개월미만,2023-01-10,2023-01-10,2.94,1.163
001122,2023-01-10,,2023-01-10,2023-01-10,p2,YYYY,2023.01.10,,2023.01.10,,2023-01-10,2023-01-10,3.41,0.185
001123,2021-10-09,,2021-10-09,2021-10-09,p2,DMY4,09-10-2021/02L0283,09-10-2021/02L0283,-09-10-2021 02 L0283,09-10-2021 702 L0283,2021-10-09,2021-10-09,3.66,0.26
001124,2021-10-09,,2021-10-09,2021-10-09,p2,DMY4,09-10-2021/02L023,,09-10-2021 02 L0283,,2021-10-09,2021-10-09,2.63,0.09
001126,2021-12-28,,2021-12-28,2021-12-28,p1@640,YYYY, 2021.12.28 ,, 2021.12:2817:22 해,,2021-12-28,,0.99,0.3
001127,2021-06-10,2,2021-06-10,2021-06-10,p2,YY,21.06.10 ,21.06.10 ,21.06.10#1 까지,21.06.10#1 까지,2021-06-10,2021-06-10,3.22,0.48
001129,NONE-02-07,,2022-04-NONE,2022-04-NONE,ft/p2,YYMM,,,,,,,8.83,0.0
001130,NONE-02-12,,2020-08-07,2020-08-07,blur1/p1@1024,SP_DMY,71 0 ,,유통기한 천안신 까지→,,,,12.62,0.314
001131,NONE-02-12,,NONE-02-12,NONE-02-12,p2,MMDD,71 02.12.12153.  1,,유통기한 02.1212:53.HH  까지,,,,2.78,0.349
001132,2021-02-19,2,2021-02-19,2021-02-19,p2,YYYY,2021.02.19,2021.02.19,8기2021.02.19 A,8기2021.02.19 A,2021-02-19,2021-02-19,2.4,0.389
001133,2021-02-19,2,2021-02-19,2021-02-19,p2,YYYY,2021.02.19,,*2021.02.19A,,2021-02-19,2021-02-19,2.22,0.181
001134,2021-03-03,,2021-03-03,2021-03-03,p2,DDMMYY,SELL BY 03/03/21 LOT 65 EST ,SELL BY 03/03/21 LOT 651 ET ,ESELL ET 03-32I LOT S51 EST 54 ,ESELL B 0-OS21 LOT 851 EST 54,2021-03-03,,2.36,0.479
001135,2022-09-24,,2022-09-24,2022-09-24,p2,DMY4,GAN EFORE24/09/2022,GAN EFORE24/09/2022,GAN PEFORE-2409/20122,GAN PEFORE-24-09/2022,2022-09-24,2022-09-24,1.15,0.465
001136,2022-09-24,,NONE,NONE,,,,,,,,,9.85,0.0
001137,2021-07-17,,2021-07-17,2021-07-17,p2,D_MON_Y,EST REFORE 17 JL21,EST BEFORE 17 JUL 21,BEST BEFORE I7 JUL 2i,BEST BEFORE 17 JUL 21,2021-07-17,2021-07-17,2.21,0.157
001138,2021-10-23,,2021-10-23,2021-10-23,p2,YYYY,X.2021.10.23,X.2021.10.23,E.2081.10.2,EXP.2031- 10.23,2021-10-23,2031-10-23,0.98,0.153
001139,2021-02-28,,2021-02-28,2021-02-28,p2,YYYY,2021.02.28,2021.02.28,2021.02.28,2021:02:28,2021-02-28,2021-02-28,1.51,0.157
001140,2021-02-28,,2021-02-28,2021-02-28,p2,YYYY, 2021.02.28  20.07 1,," 2021,02,28 은 20:07 ",,2021-02-28,,1.53,0.361
001141,2022-03-14,2,2022-03-14,2022-03-14,p2,DMY4,EDA14.03.2022,DA14.03.2022,EXPDATE: 14.03.2022,EXP.DATE: 14.03.2022,2022-03-14,2022-03-14,3.73,0.182
001143,2021-06-26,t,2021-06-28,2021-06-28,p1@640,D_MON_Y,EST BEFRE 2682 C275. 06.5,,EST FORE6N 21 BESTHZTN6:5,,,,1.69,0.226
001144,2021-05-25,,2021-05-25,2021-05-25,p2,YYYY,2000000 866048 2021.05.25K,,2100000066048 2021.05.25 KB,,2021-05-25,2021-05-25,1.42,0.314
001145,2021-05-25,,2021-05-25,2021-05-25,p2,YYYY,2000000866048 2021.05.25,,2000000866048 2021.05.25 KB,,2021-05-25,2021-05-25,1.27,0.218
001146,2021-12-13,2,2021-12-13,2021-12-13,p2,YY, 0 2021.12.13 2021.12.13,,제조일: ·유통기한 2021:12.13 2020.12.14,,2021-12-13,2020-12-14;2021-12-13,1.92,0.346
001147,2021-12-13,2,2021-12-13,2021-12-13,p2,YY,2  A1 200  2152.0630 1 811.1 216.2 2 41 48 2021.12.13 2021.12.13 80 0,,           영 2020.12.14 2021.12.13 H ,,2021-12-13,2020-12-14;2021-12-13,2.19,0.729
001148,2022-07-31,,2022-07-31,2022-07-31,p2,YYYY, 2    2022.07.31 1,,     2022.07.31 유통기한(미개봉):,,2022-07-31,2022-07-31,1.22,0.41
001149,2022-07-31,,2022-07-31,2022-07-31,p2,YYYY,   1 2022.07.31 2,,    2022.07.31 ():,,2022-07-31,2022-07-31,1.13,0.385
001150,2021-09-18,,2021-09-18,2021-09-18,p2,DMY4,18/09/2021 hees,,"18/09/2021 I ChEse Mik, S  Ch",,2021-09-18,2021-09-18,2.3,0.32
001151,2021-09-18,,2021-09-18,2021-09-18,p1@640,DMY4,E00 18/09/2021  INEE,,TEE 18/09/2021   NCRDERS Po,,2021-09-18,2021-09-18,1.39,0.333
001152,2021-10-31,,2021-10-31,2021-10-31,p2,YYYY,131   barley   38  1          mporterSingapore 47uroh09-01ngapore619 Storein a c,,"s: 31 % bariey               |Importer: DKSH Singapore Pte Ltd, 7an ro9-01, ngpo",,2021-10-31,2021-10-31,2.75,2.022
001154,2021-09-21,,2021-09-21,2021-09-21,erode3/p1@1024,DMY4,21-09-2021/18 L0265,,21-09-2021 /18 L0265,,2021-09-21,2021-09-21,9.8,0.181
001156,2021-02-07,,2021-02-07,2021-02-07,p2,YY,00 0E715 2000.04 21.02.07  0647  02 240g1300,,서울우유 유통기한 짜요4요 21.02.07 짜떻는 06:47 까지 a구aE 240 g[300,,2021-02-07,2021-02-07,1.27,0.487
001157,2021-02-07,,2021-02-07,2021-02-07,p2,YY, 2024 21.02.07 0 06 47  22 24.02300,,유통기한 Nen 21.02.07 짜는 06:47 까지 구3E 240 900,,2021-02-07,2021-02-07,1.15,0.509
001158,2021-08-10,,2021-08-10,2021-08-10,p2,YYYY,2021 08 10,2021 08 10,20210810_,202108 10_,2021-08-10,2021-08-10,1.48,0.156
001159,2021-08-10,,2021-08-10,2021-08-10,p1@640,YYYY,2021 08 10,,202108 10,,2021-08-10,,1.35,0.08
001160,2021-04-23,,2021-04-23,2021-04-23,p2,YY,21.04.23.0947,21.04.23.0947,21.04.23.09:47,21.04.23.09:47,2021-04-23,2021-04-23,0.83,0.156
001161,2021-04-23,,2021-04-23,2021-04-23,p2,YY,21.04.230947 Binch,,21.04.230347 Binch,,,,0.95,0.228
001162,2021-12-06,,2021-12-06,2021-12-06,p2,YYYY,01 OW SUGAR   2021.12.06 ,0I OW SUGAR   2021.12.06 ,아이비 OW SUGAR 기한  하 2021.12.06A. 까지,아이비 OW SUGAR 기한 통 하2021.12.06A. 까지,2021-12-06,2021-12-06,1.07,0.763
001163,2021-12-06,,2021-12-06,2021-12-06,p2,YYYY,01 OW SUGAR 71 2021.12.06 ,,아이비 OWSUGAR 기자 2021.12.06A. 까지,,2021-12-06,2021-12-06,0.91,0.36
001164,2021-03-01,,2021-03-01,2021-03-01,p2,YYYY,Post 2101 6401 7 2021.03.01 20.59  12  0210.01 21 018808 0,Post 2101 6401 7 2021.03.01 20.59   2  021011 21 018018 0,Post 콘푸라이트 VG라이트 유통기한 010.1 0:5   까지 여러분의좋은아침을위하여 박정원 정담당이몸끔히살습니다. 담당이안전하게 만들고,Post 콘푸라이트 Ve라이트 유통기한 E01.03.01 20:5  # 까지 여러분의좋은아침을위하여 박정원 혜정 담당이끔끔히살습니다. 담당이안전,2021-03-01,,2.57,1.659
001166,2022-01-20,,2026-02-02,2026-02-02,ft/p2,SP_DMY,,,,,,,29.28,0.0
001167,2022-01-20,,2022-08-02,2022-08-02,p2,YYYY,2 871 2 71 401 7  2022.8 522 cYanmantaYelo 628 18 210 2 23713. 48102 24001060.9 ,," 유통기한 장재 유기한 식품의 유형 품목보고번호 원재료명 2022-8 것행량  / 도기일지 내모정에        1  0  설탐,포도당덕스트을(",,,,11.62,1.437
001169,2021-08-31,,2021-08-31,2021-08-31,p1@640,YYYY,  42  1 20 10g 08  2021/083,,    1  C  T   20210,,,,1.59,0.514
001170,2022-01-18,,2022-01-18,2022-01-18,p2,YY,ERSHEYS T CREMEWAFERS MI 0 22.01.18 ,ERSHEYS ELNUT CREME WAFERS M 0 22.01.18 ,ERSHEY'S ATELNUT CREME WAFERS MINI 허쉬 헤이즐넷 웨하스 미니 22.01.18 까지,ERSHEY'S ATELANUT CREME WAFERS MINI 허쉬 헤이즐넷 웨하스 미니 22.01.18 까지,2022-01-18,2022-01-18,1.44,0.818
001171,2022-01-18,,2022-01-18,2022-01-18,p2,YY,RSHEYS NUGEE  22.01.18,,RSHEY'S RINUT RE WAEESMNI 이하스니 22.01.18,,2022-01-18,2022-01-18,1.11,0.34
001172,2021-09-NONE,,2021-09-NONE,2021-09-NONE,p2,YYYYMM,39054na Toacker G08144613 2021.09,1390S4ntenAa Toacker G081446133 2021.09,1-3905Unterin /ni Stt Toacker >LJG081446133 2021.09,1-90Unen /ni Stt Toacker >LJG081446133 2021.09,2021-09-NONE,2021-09-NONE,2.96,0.681
001173,2021-09-NONE,,2021-09-NONE,2021-09-NONE,p2,YYYYMM,Taker -0/ 2021.09,,Facker /u- 2021.09,,2021-09-NONE,2021-09-NONE,2.78,0.301
001174,2021-03-14,,2021-03-14,2021-03-14,p2,YYYY,0E 2021.03.14 1041 05 801155737733,0E7 2021.03.14 1041 05 801155737733,유통기한 2021-03-14까지| 천행호10:41B05 818011551737733,유통기한 2021-03-14까지| 천행호10:41B05 880115517377331,2021-03-14,2021-03-14,1.6,0.742
001175,2021-09-07,d,2021-09-07,2021-09-07,p2,SP_DMY,07 0921,,0709 21,,,,1.52,0.104
001176,2021-09-07,d,2021-09-07,2021-09-07,p2,CMP6_DMY,070921,,070921,,2021-09-07,2021-09-07,3.89,0.083
001177,2021-12-01,,NONE,NONE,,,,,,,,,16.58,0.0
001178,2021-12-01,,NONE,NONE,,,,,,,,,8.86,0.0
001179,2023-09-01,,2023-09-01,2023-09-01,erode3/p1@640,D_MON_Y,estBeforeDat012023,,Best Before Date: 01 sEP 2023,,,2023-09-01,6.51,0.195
001181,2022-04-14,,2022-04-14,2022-04-14,p2,MON_DY,BEST BY APR 14 2022,BEST BY APR 14 2022,2 BEST BY AFR 14 2E2,3 BEST BY AFR 14 2022 ,2022-04-14,,1.11,0.435
001182,2022-04-14,,2022-04-14,2022-04-14,p2,MON_DY,2003ce FRUIT BOWL  BESTBYAR 14 2022 Mango 01,,10Juice FRUIT BOWLS D BEST BY APR 14 2022 Mango 망고,,,2022-04-14,1.14,0.406
001183,2021-10-08,,2021-10-08,2021-10-08,p2,YMD_GLUED,2021.10.08,2021.10.08,2021.0.08,2021.10.08,2021-10-08,2021-10-08,0.96,0.164
001184,2021-10-08,,2021-10-08,2021-10-08,p2,YMD_GLUED,2021.10.08 03.29,,2021: 10-08 03.2,,2021-10-08,,0.84,0.241
001188,2020-04-23,,2020-04-23,2020-04-23,p2,YYYY,2 28 30270940006 2020.04.23  15/1 3,,  3032709405 200.0423 F1 생제 15개원산 국산,,2020-04-23,,4.67,0.434
001189,2019-06-28,2,2019-06-28,2019-06-28,p2,YYYY,2019.06.28,2019.06.28,2019.06.28까지Fe,2019.06.28까지Fe,2019-06-28,2019-06-28,2.26,0.154
001191,2020-12-08,,2020-12-08,2020-12-08,p1@640,SP_DMY,08 12 20,08 12 20,08 1220,08 1220,2020-12-08,,1.2,0.148
001192,2020-12-08,d,2020-12-08,2020-12-08,dilate2/p1@640,CMP6_DMY,ESTBEOR 0m 08120 280C 200.5,,BEST EFREEON E:DMM 0 20  0055,,,,6.35,0.371
001193,2021-02-11,2,2021-02-11,2021-02-11,p1@640,DMY4,210 2   dat13/02/2020 00440303 eser 110202,,내포장재질 폴리에 보관방법 실은보관 -제품의 보존성증진을 위해질소가스를 충전했습니다 Prod date:130200 L30440303F8 Best,,2020-02-13,,3.19,0.425
001195,2021-10-18,,2021-10-18,2021-10-18,p2,YY_TAIL,010 290 520kcal 21.10.18,,"영양정보 총내용량909 ""520 kcal 21.1.8!",,2021-10-18,2021-01-08,5.35,0.397
001197,2021-10-10,,2021-10-10,2021-10-10,p2,DMY4,e 10 10 2021 311 Garudafood,,erb :10 10 2021  Garudafood,,2021-10-10,2021-10-10,1.12,0.362
001198,2021-10-10,,2021-10-10,2021-10-10,p1@640,DMY4,e06 a C024 10.10 2021 31 audafod,,ery caca Co : 10 10 2021 CFJIN Gcanfood,,2021-10-10,2021-10-10,1.15,0.4
001199,2021-10-20,2,2021-10-20,2021-10-20,p2,YY_LEAD0, 2020.10.21 2021.10.20 ,,·제조일: 2020.10.21 2021.10.20 TC,,2020-10-21;2021-10-20,2020-10-21;2021-10-20,2.09,0.357
001201,2022-07-16,,2022-07-16,2022-07-16,p2,YYYY,5 E 2022.07.16  ,, C 2022.07.16  ,,2022-07-16,2022-07-16,1.43,0.39
001203,2023-02-28,,2023-02-28,2023-02-28,p2,DMY4,20123521 EP 28/02/2023,,20123521 EXP P28/02/2023,,2023-02-28,2023-02-28,1.58,0.318
001204,2023-02-28,,2023-02-28,2023-02-28,p2,DMY4,20123521 P 28/02/2023,,20123521 E) EXP 28/0/2023,,2023-02-28,,1.67,0.233
001205,NONE-05-21,,NONE-05-21,NONE-05-21,p2,MMDD,ViTAIS MULTI-FRUCHT nusper musli plus G Mndestens halbarsndMonata 05.21 L0952,,VITAIS MULTI-FRUCHT Knusper musi plus G Mindestens haltbar bis Ende: Monat/Jahr ,,NONE-05-21,NONE-05-21,1.5,0.714
001206,2021-05-NONE,,NONE-05-21,NONE-05-21,p2,MMDD,DrOete MULTIRUCHT ViAS nusper m si lus  05.21.095,,Droetkkerr MULTI-FRUCHT VTAUS Knusper müsli plus Mitete at e Monlr 05.21 L095 2,,,NONE-05-21,1.34,0.461
001207,2020-08-18,,2020-08-18,2020-08-18,p2,YYYY,0110. 00026 2020.08.18,0110. 002026 2020.08.18,독아 하야 반점이 생길 수 있으나.인체에 무해합니다. 습도가 낮브며 통동이 잘 되는 것에 보관하십시오을 2020.08.18 까지,독아 하야 반점이 생길 수 있으나.인체에 무해합니다. 로가 낮브며 통이 잘되는 곳에 보관하심시오구 2020.08.18 까지,2020-08-18,2020-08-18,2.87,0.737
001208,2020-08-18,,2020-08-18,2020-08-18,p2,YYYY,08 2020.08.18,, 있어시 일으 수 있습니다 2020.08.18 x,,2020-08-18,2020-08-18,2.34,0.294
001209,2021-08-03,,2021-08-03,2021-08-03,p2,DMY4,03.08.2021,,03.08.2021,,2021-08-03,2021-08-03,1.41,0.105
001210,2021-08-03,,2021-08-03,2021-08-03,p2,DMY4,03.08.2021,,03.08.2021,,2021-08-03,2021-08-03,1.36,0.085
001211,2021-07-03,,2021-07-03,2021-07-03,p2,YYYY,2021.07.03,,2021.07.03,,2021-07-03,2021-07-03,3.53,0.125
001212,2021-07-03,,2021-07-03,2021-07-03,p2,YYYY,2021.07.03,,2021. 07. 03,,2021-07-03,2021-07-03,3.26,0.097
001213,2021-05-15,,2021-05-15,2021-05-15,p2,YYYY,Chalesterol Fat Sodum SerVinger Calories Carbohydrat Quantity Proten SerVing Siz,,Cholesterol Fa Sodium Serving Per Calories Carbohydrat  Quantity PerV proteins S,,2021-05-15,2021-05-15,3.59,1.054
001214,2021-05-15,,2021-05-15,2021-05-15,p1@640,YYYY,Calme Saturaeh 2 Calories uanti Serviner Sein 5h NUT tWeight 640. dumcitrae 209 ,,Pas Saturat unl Calonis Quantite serPer servinge NUTRI Net eight. nsiow dum ciat,,,,2.26,0.995
001215,2021-06-13,,2021-06-13,2021-06-13,erode2/p1@640,DMY4,er Choco  EX 13 06 2021 229X60 Garudafood,,"Gers chocper oRers x F : 1=05 2021 ""CESxEon Garudafood",,2021-06-13,,4.9,0.428
001217,2022-05-30,,2022-05-30,2022-05-30,p2,YYYY,2022.05.301,,2022.05.30 L14 까,,2022-05-30,2022-05-30,0.94,0.098
001218,2022-05-30,,2022-05-30,2022-05-30,p1@640,YYYY,  2022.05.30.1,,  202.05. 00. 144,,2022-05-30,,1.11,0.299
001219,2021-01-14,,2021-01-14,2021-01-14,p2,YYYY,2021.01.14,,2021.01.14,,2021-01-14,2021-01-14,0.87,0.076
001220,2021-01-14,,2021-01-14,2021-01-14,p2,YYYY,2021.01.14,,2021.01.14,,2021-01-14,2021-01-14,1.12,0.075
001221,2021-11-10,,2021-11-10,2021-11-10,p2,YYYY, 5 2021.11.10 2 0v22    77 Ca 9 01 eVIt,, 6 2021.1.1..10 3빙그레 르 친구들  까지 칼습함유철분합유7가지 비타민 Ca 카카오 와 FeVit,,2021-11-10,2021-01-01,1.59,0.725
001222,2021-11-10,,2021-11-10,2021-11-10,p2,YYYY,22 2021.11.10 022   21 7   ,,3빙그레 2021.11.108  친구들가 카카오 와   FeVit ,,2021-11-10,2021-11-10,1.3,0.509
001223,2021-04-11,,2021-04-11,2021-04-11,p2,D_MON_Y,raft  11 APR 2021 F8 1756,raft  11 APR 2021 F8 1756,Kraft 발 11 APR-2021 F8 A17560,Kraft 발 11 APR-2021 F8 A17560,2021-04-11,2021-04-11,2.76,0.719
001224,2021-04-11,,2021-04-11,2021-04-11,p2,D_MON_Y,Kraft ES MEN USOY O 11APR 2021,,Kraft WUD DAESO 11APR2021,,2021-04-11,2021-04-11,1.67,0.327
001225,2022-06-27,2,2022-06-27,2022-06-27,p2,YY, 2.3 093 20 5   22  04     0 0/0  25.0   2022.06.27 2020.12.28 0  10 , 20.34 9 209 25     08   2   00  0   2022.06.27 2020.12.28 0  190 ,     국산   운로은  제조  후민 상난기일까지      n장 제조일자: 유기한 영보   5 5 4해 2 을 다다 수있습니다4 2022.06,        든은용 1g 제조  후민상기일까지     제조일자: 유통기한 영보  64    리들수4 2022.06.27 2020.12.28 정,2020-12-28;2022-06-27,2020-12-28;2022-06-27,3.75,2.305
001226,2022-06-27,2,2022-06-27,2022-06-27,p1keep/p1@640,YYYY,  2  1  9  .1   1   2022.06.27 2020.12.28 2  0 ,,            기  2022.06.27 2020.12.28 기로더욱맛  의시  전해위는 이다. ,,2020-12-28;2022-06-27,2020-12-28;2022-06-27,2.73,0.863
001227,2022-01-11,2,2022-01-11,2022-01-11,p2,YY, 22.01.11 , 22.01.11 ,기한 22.01.116 까지,기한 22.01.11(0) 까지,2022-01-11,2022-01-11,2.88,0.592
001228,2022-01-11,2,2022-01-11,2022-01-11,p1keep/p1@640,YY,801117 109004 13 .oroord.co 22.01.11 ,,880 11171000 기한 itp:/w.orowold.cmm 22.01.1() 까지,,2022-01-11,2022-01-01,2.23,0.387
001229,2021-10-28,,2021-10-28,2021-10-28,p2,YYYY,2021.10.28 201,2021.10.28 901.,2021.10.28까지 맛있는약속,2021.10.28까지 맛있는약속,2021-10-28,2021-10-28,2.22,0.439
001230,2021-10-28,,2021-10-28,2021-10-28,p2,YYYY,2021.10.28,,2021.10.8지,,2021-10-28,2021-10-08,1.85,0.101
001231,2021-05-05,,2021-05-05,2021-05-05,p2,YY,21.05.05 15 43,21.05.05 15 43,21.05.05 15:43 F1,21.05.05 15:43 F1,2021-05-05,2021-05-05,1.32,0.166
001232,2021-05-05,,2021-05-05,2021-05-05,erode2/p1@640,YY,21.05.05115,,2.1.5.51,,2021-05-05,,2.62,0.079
001233,2021-03-09,,2021-03-09,2021-03-09,p2,YYYY,2021.03.090,,12021.03.09까7,,2021-03-09,,1.53,0.186
001234,2021-03-09,,2021-03-09,2021-03-09,p2,YYYY,2021.03.09,,2021.03.09까지,,2021-03-09,2021-03-09,1.71,0.126
001236,NONE-01-28,,NONE-01-28,NONE-01-28,p2,MMDD,01.28.,,01.28. F2,,NONE-01-28,NONE-01-28,1.88,0.09
001238,NONE-01-31,,NONE-01-31,NONE-01-31,p2,MMDD,24 8 01.31 ,,군록 유기 01.31 까지,,2024-08-01,NONE-01-31,9.37,0.354
001239,2020-12-19,,2020-12-19,2020-12-19,p2,YYYY,2020.12.191 SLOW,2020.12.19 SLOw,2020.12.19 11 'slow,2020.12.19ㄴ1 'slow,2020-12-19,2020-12-19,1.58,0.604
001240,2020-12-19,,2020-12-19,2020-12-19,p2,YYYY,2020.12.19 Slow,,2020.12.19 L1 Slow,,2020-12-19,2020-12-19,1.35,0.235
001241,2022-06-13,,2022-06-13,2022-06-13,p2,EXTEND_R,572 2022.06.13,,유통기한 기2022.06.13,,2022-06-13,2022-06-13,1.1,0.252
001243,2023-12-31,,2023-12-31,2023-12-31,p2,DMY4,31/12/2023 6002.82.0,,3112/2023 PESSLGUID (2820z),,2023-12-31,,1.59,0.233
001244,2023-12-31,,2023-12-31,2023-12-31,p2,DMY4,31/12/2023 201474 250L1002.2  80GR,,"31/12/2023 201474 PeSo LOUD (2,82022)  80GR.",,2023-12-31,2023-12-31,1.12,0.387
001245,2021-11-01,,2021-11-01,2021-11-01,p2,YYYY,2021.11.01,2021.11.01,2021.11.01,2021.11.01,2021-11-01,2021-11-01,0.87,0.165
001246,2022-01-19,2,2022-01-19,2022-01-19,p2,YY,12.2  7 .  22.01.19 21.01.20 08 06  ,91222  7   22.01.19 21.01.20 08 06  ,"카오)합제(기 크째, 합성향,혼합제제(합성향유 성향료,카라멜색소)밀 밀,달걀  20190 21.01.2008:106 까지 부터","카오)온합제입기 크째, 합성향료, 혼합제제(합성향유 성향료,카라멜색소)밀 밀,달걀  20119A 2101.200806) 까지 부터",2021-01-20;2022-01-19,,3.45,1.038
001248,2021-07-15,,2021-07-15,2021-07-15,p2,CMP,12100 2021.07.15 2,,빛지는일가집의 한가족 입니다. 202107154 ,,2021-07-15,,8.76,0.327
001249,2021-07-15,,2021-07-15,2021-07-15,erode3/p1@640,CMP,202108153,,20205,,,,4.4,0.101
001250,2021-04-11,2,2021-04-11,2021-04-11,p1keep/p1@640,YY,A   18.22 21.01.12 21.04.11   ,A   18.022 21.01.12 21.04.11   ,"  크  이등).02국신),리 ""21.01.12 '21.04.11 부터 까지 "," 크  아)8.02국신) ""21.01.12 '21.04.11 부터 까지 ",2021-01-12;2021-04-11,2021-01-12;2021-04-11,2.18,1.16
001252,2021-08-19,,2021-08-19,2021-08-19,p2,YYYY,2021.08.1975,2021.08.19775,12021.08.19까지-5,12021.08.19 7까지-5,2021-08-19,,1.07,0.427
001254,2019-09-13,,2019-09-13,2019-09-13,p2,YYYY,2019.09.13,,-u1.U.13,,2019-09-13,,1.75,0.184
001255,2019-09-13,,2019-09-13,2019-09-13,p2,YYYY,2019.09.13,,2019.09.13,,2019-09-13,2019-09-13,1.66,0.099
001256,2023-07-03,,2023-07-03,2023-07-03,p1@640,YMD_GLUED,202/27/3.850,A202/2731850,ER DAE227  230,ER DATE227230,,,0.56,0.159
001257,2023-07-03,,NONE,NONE,,,,,,,,,8.76,0.0
001258,2022-03-15,,2022-03-15,2022-03-15,p2,YYYY,2022 03/15 203,,2022/ /03/15 203-,,2022-03-15,2022-03-15,6.27,0.305
001259,2021-08-30,,2021-08-30,2021-08-30,erode2/p1@1024,DMY4,ns.30/08/2021,,Consumi pref. ate de30/08/2021,,2021-08-30,2021-08-30,6.77,0.203
001261,2021-03-25,,NONE,NONE,,,,,,,,,30.5,0.0
001262,2021-03-25,,2021-03-25,2021-03-25,ft/p2,YMD_GLUED,,,,,,,10.38,0.0
001263,2022-12-03,,2022-12-03,2022-12-03,p2,YYYY,2022.12.03,2022.12.03,2022.12.03,2022.12.03,2022-12-03,2022-12-03,2.5,0.178
001264,2022-12-03,,2022-12-03,2022-12-03,p2,YYYY,2022.12.03,,2022.12.03,,2022-12-03,2022-12-03,2.37,0.099
001265,2022-06-NONE,,2022-06-NONE,2022-06-NONE,p2,MON_Y,WL0167 1121 BEST BY JUN 2022 ,WL0167 1121 EST BY JUN 2022 ,WL01671121 BEST BY JUN 2022 ,WL01671121 BEST BY JUN 2022 ,2022-06-NONE,2022-06-NONE,1.75,0.618
001266,2022-06-NONE,,2022-06-NONE,2022-06-NONE,p2,MON_Y,EST BYJUN 2022,,EST BYJUN2022,,,,1.37,0.081
001267,2022-09-05,,2022-09-05,2022-09-05,p2,YYYY,02 2022.09.05 ,02 2022.09.05 ,유통기한 2022.09.05 까지,유통기한 2022.09.05 까지,2022-09-05,2022-09-05,4.03,0.645
001268,2022-09-05,,2022-09-05,2022-09-05,p2,YYYY, 2022.09.05 ,,유통기한 2022.09.05 까지,,2022-09-05,2022-09-05,3.77,0.301
001270,2021-10-11,,2021-10-11,2021-10-11,p1@640,D_MON_Y,201931102 est before 23.33.0.3 11/Oct/2021,,20193102r Best_before 23 33:03 1s2021,,2021-10-11,,1.16,0.358
001271,2023-07-08,,2023-07-08,2023-07-08,p2,YYYY,2023/07/08,2023/07/08,EXP:2023/07/08,EXP:2023/07/08,2023-07-08,2023-07-08,1.49,0.152
001272,2023-07-08,,2023-07-08,2023-07-08,p1@640,YYYY,2023/0708 1OT.007091 207 8  22  ,,ER: 97108 LOT: 09     ,,2023-07-08,,1.58,0.562
001273,2022-06-17,,2022-06-17,2022-06-17,p2,DMY4,17/06/2022,17/06/2022,17/06/2022,17/06/2022,2022-06-17,2022-06-17,4.44,0.266
001276,2021-11-04,,2021-11-04,2021-11-04,p2,YYYY,E2021.11.04,EXP2021.11.04,EXP:2021.11.04,EXP:2021.11.04,2021-11-04,2021-11-04,2.04,0.224
001277,2021-11-04,,2021-11-04,2021-11-04,p2,YYYY,E2021.11.04,,EXP:2021.11.04,,2021-11-04,2021-11-04,2.27,0.119
001278,2022-01-03,2,2022-01-03,2022-01-03,p2,DMY4,03/01/2022 A.,03/01/2022 erA,03/01/2022 ePOAKGR,03/01/2022 eOAg,2022-01-03,2022-01-03,3.3,0.61
001279,2022-10-09,,2022-10-09,2022-10-09,p2,YYYY,  WA02830585XP2022/10/09 ,  WA02830585EXP2022/10/09 ,  WA02830585 EXP2022/10/09  ,  WA02830585 EXP2022/10/09  ,2022-10-09,2022-10-09,2.08,1.158
001280,2022-10-09,,2022-10-09,2022-10-09,p2,YYYY,A2830585EP2022/10/09,,WA02830585 EXP2022/10/09,,2022-10-09,2022-10-09,1.83,0.244
001281,2025-08-05,,2025-08-05,2025-08-05,p1@640,DDMMYY,05/08/25,05/08/25,05/08/25,05/08/25,2025-08-05,2025-08-05,3.92,0.263
001282,2025-04-01,,2025-04-01,2025-04-01,p2,DMY4,oea  01/04/2025 L0092 Proe 0209 Atc0 M1.deN PROUT ,iModea  01/04/2025 L0092 Poc 0269 Aeco M1.deN PROUT ,Aena :01/4/25 L0092 Frodu  Ace Mide gss RO ,iAena :01/4/225 L0092 Produ  Ace Mie gt R ,2025-04-01,2025-04-01,4.71,1.277
001283,2022-04-23,,2022-04-23,2022-04-23,p2,YYYY,2022/04/23,2022/04/23,BED:2022/04/23,BBD:2022/04/22,2022-04-23,2022-04-22;2022-04-23,2.22,0.241
001284,2022-04-23,,2022-04-23,2022-04-23,p2,YYYY,2022/04/23,,BBD:2022/0410,,2022-04-23,2022-04-10,2.56,0.112
001285,2022-11-21,,2022-11-21,2022-11-21,p2,DMY4,21/11/2022 1e,21/11/2022 1e,2111/2022 le,21/11/2022 le,2022-11-21,2022-11-21,4.98,0.646
001289,2024-11-21,,2024-11-21,2024-11-21,p2,YY,0 24/11/21,024/11/21,BED:24/1/21,BED:24/11/21,2024-11-21,2024-01-21;2024-11-21,1.03,0.18
001290,2024-11-21,,2024-11-21,2024-11-21,p1keep/p1@640,YY,0 24/11/21,,BED:24/11/21,,2024-11-21,2024-11-21,1.09,0.085
001292,2022-11-05,2,2022-11-05,2022-11-05,p2,YYYY,2022/11/05Y/M/0,,XP:2022/11/05(X/M-D),,2022-11-05,2022-11-05,13.33,0.294
001293,2020-09-21,,2020-09-NONE,2020-09-NONE,p2,YYYYMM, 2020/09  SAUT, 2020/09  SAUT, :2020/09/3  SAUT, :2020/09/3  SAUT,2020-09-NONE,2020-09-03,3.1,0.746
001294,2021-11-NONE,,2021-11-NONE,2021-11-NONE,p2,MON_Y,GET IN TOUCH 1-80n.280-6934 BEST NOV2021,GET IN TOUCH 1-802.200-6934 BEST NOV2021,CET INTOUCH 1-800-280-6934 BEST BY NOV2021,CET INTOUCH 1-800-280-6934 BEST BY NOV2021,2021-11-NONE,2021-11-NONE,2.91,0.727
001295,2021-11-NONE,,2021-12-11,2021-12-11,p2,YYYY,.MA/60 ET IN TOCH 18028-6834 02824 BESTBY NOV2021 12.11,, AETINTOUCA 14 0282 FTX 143 BEST BY NOV2021 12:11,,2021-12-11,,1.58,0.462
001296,2023-11-NONE,,2023-11-NONE,2023-11-NONE,p2,MMYYYY,11/2023L20204150-331,11/202320204150-331,11/2023L20204150-331,11/2023L20204150-331,2023-11-NONE,2023-11-NONE,8.41,0.445
001297,2023-11-NONE,,2023-11-NONE,2023-11-NONE,p2,MMYYYY,11/2023120204150-331,,11/2023 L20204150-331,,,2023-11-NONE,5.31,0.253
001298,2021-06-24,,2021-06-24,2021-06-24,p2,DMY4,2020 269 05.32 est before dat 24/06/2021 CHOCOMILTART,,L2020 26905:32 Best before date: 24/062021 CHOCOMIL TART,,2021-06-24,2021-06-24,1.18,0.33
001299,2021-07-28,,2021-07-28,2021-07-28,p2,YYYY,01 2021.07.28  ,0 2021.07.28  ,유기한 2021.07.28  까지,유기한 2021.07.28  까지,2021-07-28,2021-07-28,2.72,0.638
001301,2021-11-29,2,2021-11-29,2021-11-29,p2,DDMMYY,est before 29.11.21,est before 29.11.21,Best before: 29.11.21,Best before: 29.11.21,2021-11-29,2021-11-29,2.56,0.429
001302,2021-11-29,d,2029-11-21,2029-11-21,p2,YYMM_GLUE,Best before 29.11.21,,Best befre: 29.11.21,,2021-11-29,2021-11-29,2.34,0.209
001303,2021-09-14,2,2021-09-14,2021-09-14,p2,DMY4,.14/09/202151,.14/09/202151,B R,UB ,,,3.92,0.398
001304,2021-04-12,,2021-04-12,2021-04-12,p1@640,YYYY,2021.04.12,2021.04.12,2021-04.12,2021-04-12,2021-04-12,2021-04-12,1.23,0.24
001306,2021-07-19,,2021-07-19,2021-07-19,p2,YYYY,/28   2021.07.19,/280  9 2021.07.19,  e e ne ipe 2021.07.19,  e e nae rpe 2021.07.19,2021-07-19,2021-07-19,3.31,0.665
001307,2022-11-06,,2022-11-06,2022-11-06,p2,DMY4,FORE06/11/2022 1337 307 BEST,FORE 06/11/2022 1337 307 BEST,BEFDORE 06/1/2022 13:37 307 BEST,BEFDORE D/1E/2022 13:37 307 BEST,2022-11-06,2022-01-06,1.14,0.456
001308,2022-11-06,,2022-11-06,2022-11-06,up2/p1@1280,DMY4,037.06/11/2022 13137 307 E2,037.06/11/2022 13137 307 E02,BFRE B6 BES2022 13:37 307 PESTO2,BFRE B6 BES2022 13:37E 307 PESTO2,2022-11-06,,10.0,0.422
001309,2021-04-30,t,2021-04-30,2021-04-30,p2,D_MON_Y,EST  30APR21,EST  30APR21,PEST TV 30APR21,REST N 30APR21,2021-04-30,2021-04-30,3.28,0.532
001310,2021-04-20,bt,2021-04-30,2021-04-30,p2,D_MON_Y,REST   30APR21,,BEST T TN 30APR21,,2021-04-30,2021-04-30,2.13,0.25
001311,2022-10-20,,2022-10-20,2022-10-20,p2,YYYY,2022/10/20,2022/10/20,EXF:2022/10/20,EXF:2022/10/20,2022-10-20,2022-10-20,1.78,0.253
001312,2022-10-20,,2022-10-20,2022-10-20,p1@640,YYYY,2101/19120108 2022/1020,,01:1919010 ERF-122010200,,2022-10-20,,1.01,0.227
001313,2022-01-15,,2022-03-NONE,2022-03-NONE,ft/erode2/p1@1024,YYMM,,,,,,,34.36,0.0
001314,2022-01-15,,2022-01-15,2022-01-15,p2,YMD_GLUED,08 2022.01.15,,유동기한 2022.0.15B6,,2022-01-15,,1.69,0.234
001315,2021-12-09,,2021-12-09,2021-12-09,p2,YYYY,2021.12.09 ,2021.12.09 ,2021.12.09 까지,2021.12.09 까지,2021-12-09,2021-12-09,2.12,0.466
001316,2021-12-09,,2021-12-09,2021-12-09,p2,YYYY,2021.12.09 ,,2021.12.09 까지,,2021-12-09,2021-12-09,1.8,0.247
001317,2022-12-07,2,2022-12-07,2022-12-07,p2,DMY4,RYDATAPRAN POKTOAHOC AELMICONSOMMA AH NO/NUMERO DELO MAP/NUMERO E200340303342 07,PRY DATEHAXPRAN POKTOAHOC AELMICONSOMMAN AHNO/NUMERO DEL0 AP/NUMRO E200340303342,cPIY D E  PICIO CPOK TOAHOCT/A DT DMT D ONSOMMATION BATH NO/NUMERO DE LOT HOMEP ,caGPIY D  PII CPOK TOAHOCT/A DT DMT D ONSOMMATION BATENO/NUMERO DE LOT HOMEP APT,2020-12-07;2022-12-07,2020-12-07,4.96,1.072
001320,2021-11-22,,2028-12-07,2028-12-07,p2,YYYY,cC.8 22 0-8 A  22 0884 25 5 8.21 0 LES 10098 0 20mg 15 16  11973 8.09  589 11  2,,다.도 보파용으로했해   소 장구청   mg  당 나트 100당 영 20mg 53 19 E수요LC 19 73 094  58g11% 1009g  ,,,,2.41,1.28
001321,2022-02-15,,2022-02-15,2022-02-15,p2,YYYY,0  2022.02.15125,,안에서부드럽게녹아내리는 란쿠키 2022.02.1512:28,,2022-02-15,2022-02-15,6.94,0.3
001323,2023-07-09,2,2023-07-09,2023-07-09,p2,DMY4, 09/07/2023, 09/07/2023,비널로 FEKP:09/07/2023,비른로 EKP:09/07/2023,2023-07-09,2023-07-09,3.96,0.522
001324,2023-07-09,2,2023-07-09,2023-07-09,p2,DMY4,09/07/2023,,KP:08/07/2023,,2023-07-09,2023-07-08,3.08,0.143
001326,2021-07-19,,2021-07-19,2021-07-19,p2,YYYY,21 600m.01530 1.082 48 2 2021.07.19 1000 12A 824 3 1120m 34/5/6  61800 20 880107,21 600m1.010 1.082 8 2 2021.07.19 1000 12A 4242214 3 1120m9 34/5/6  6180 208 880,"그방법 600m에면을 넣고5분 30초더끝입니다 부담은 덜고,마음은 채우고 물을 약스정도 남기고 따라버린 후액상스프를 넣고 적당량(약2큰술정도)이","리방법 600m에면을 넣고5분30초더끊입니다. 부답은 덜고,마음은 채우고 을약요스정도남기고따라버린후액상스프를넣고 적당량(약2큰술정도)이되면 불을",2021-07-19,2021-07-19,4.9,4.177
001327,2021-07-19,,2021-07-19,2021-07-19,p2,YYYY,2 2002825 2092 0208 280882 1.08   12A1  2021.07.19   110 0m 817 3889 .09 280 1.1,,"그방 mie     람은넓고,마음은 체우고  원주 12A1 오2자 202.07     지179g 방0 80 스 20mn 88 79",,2021-07-19,,2.01,0.842
001328,2021-06-26,,2021-06-26,2021-06-26,p2,YYYY,2021.06.26,2021.06.26,2021.06.26까지,2021.06.26까지,2021-06-26,2021-06-26,2.11,0.147
001330,2021-03-05,,2022-03-05,2022-03-05,p1@640,YYYY,202/.03.05  889 1009889 24000 ,,2021.0305* 애플망고 유0일 100ga( 2400 ,,,2021-03-05,1.13,0.387
001332,2021-12-NONE,,2021-12-NONE,2021-12-NONE,p2,MMYYYY,12/2021,12/2021,12/2021,12/2021,2021-12-NONE,2021-12-NONE,1.28,0.136
001333,2021-12-NONE,,2021-12-NONE,2021-12-NONE,p2,MMYYYY,12/2021,,12/2021,,2021-12-NONE,2021-12-NONE,1.35,0.073
001334,2021-10-26,,2021-10-26,2021-10-26,p1@640,D_MON_Y,8  51 26 OCT 2021 BESTBEFORE ORES .patatastorres.co arclonaESP enedadelCongo 081,  51 26 OCT 2021 BESTBEFORE ORES .patatastores.co arcelonaESP enedadelCongo 0816,'  왜 26 0CT 2021 BEST BEFOREW RRES RE www.patatastorres.com  eee Cogost 08160 Mo,  왜 260CT 2021 BEST BEFOREW RRES RE www.patatastorres.com A eelogost 08160 Montm,2021-10-26,2021-10-26,2.77,1.507
001335,2021-10-26,,2021-10-26,2021-10-26,p2,D_MON_Y,eche    26 OCT 2021 BEST BEFORE    RRES a3a.50 celona 860M0 edaelCon P0l.Ind.ed ,,beoscherdedt  2 √ 26 00T 2021E BEST BEFOREW / CEREAS N A RRES as.Cm  ongo ngost4,,2021-10-26,,2.33,0.851
001336,2021-07-04,,2021-07-04,2021-07-04,p2,D_MON_Y,Use 04 JUL 21 ,Use 04 JUL 21 1,Use By: 04 JUL 21 U,Use By: 04 JUL 21 T,2021-07-04,2021-07-04,4.18,0.638
001338,2021-06-08,,2021-06-08,2021-06-08,p1@640,DMY4, r08.06.2021 entaler.IngredientSisscheese.water.butt 710900205820, r08.06.2021 enta.IngredientSisscheeseWatr.butt 10900205820,"B re: 08.06.2021 nentaler: Ingredients: Swiss cheese, water, butter, 71090005820","B re: 08.06.2021 mentaler: Ingredients: Swiss cheese, water, butter, 71090205820",2021-06-08,2021-06-08,6.55,1.301
001339,2021-06-08,,2021-06-08,2021-06-08,p2,DMY4, 2A7 0/ 2020    A 00   A0 202 2 200 0  6 2202.1 08.06.2021 220 E  02 0  022 6e 7,,      8  a           e: 08.06.2021 N          ,,2021-06-08,2021-06-08,2.54,1.547
001340,2021-11-25,2,2021-11-25,2021-11-25,p2,DMY4,25/11/2021,25/11/2021,EXP.25/11/2021,EXP.25/11/2021,2021-11-25,2021-11-25,4.67,0.232
001341,2021-11-25,2,2021-11-25,2021-11-25,p2,DMY4,25/11/2020 25/11/2021 233011,,/25/1/2020 P0. 2//2021 TN22 33032,,2020-11-25;2021-11-25,2020-01-25,2.01,0.35
001342,2021-09-10,,2021-09-10,2021-09-10,p2,MON_DY,Sodium 180m 22 cYanY Cholest.Om TransFat 0g 0  8  Proten 3g .A. Total Sugars 179,Sodium 180 2 canaY Cholest.Omg TransFat 0g 0  8  Protein 3g .A.A Total Sugars 17,Sodium 18omng o   Cholest Omg Trans Fat Og 0% 8% Protein 3g SUARDASATCEAMON ATUA,Sodium 18omng o  Cholest Oomg Trans Fat Og 0% 8% Protein 3g SUARDASAT CENAMON NA,2021-09-10,2021-09-10,3.59,2.52
001343,2021-09-10,,2021-09-10,2021-09-10,p2,MON_DY,Sodlum 8  Cholest.0 ED HEAM ransFa 0  8  0  A Protein 3g Total Sugars 179 ind.13,,5odum 8mng  Cholest omg DEES D Trans Far  ES 8% 0% T CN TU LORS Protein g Total ,,2021-09-10,2021-09-10,3.42,1.065
001344,2021-08-10,,2022-11-02,2022-11-02,p1@640,MON_DY,hachidhod dpoegaao oh oflemon and apnc 026   4.50/68238a 108 2164 C120 012  221 ,h achidhod adpomeganaro th of lemon and a pinc 0268   42.50/5238 108 1548 1220 0,ed with hcildod  g choflmon ana inch of  식생에의학시   1 %스방    AG SPROY 21 5 NVIDECT,ed with hcldod  g och oflemon anda pinch of  식에의  )  스방   NACSPO 2112 5 ANVIDECT,,,4.69,3.854
001345,2021-08-27,,2021-08-27,2021-08-27,p2,MON_DY,30 Cholest.Omg 0Sodium 220m g.0lc 10 - 0  Protein 79 ron 1mg 8 oas.231mg4 CANESU,30 Cholest.Omg 0Sodium 220m 9.0lc 10  0  Protein 79 ron 1mg 8 otas.231mg 4 CANES,30 Cholest. Omg 30Sodium 220mg 3VD nog0 Calumn Iron In 10% 0% Protein 7g %Iron 1,30 Cholest. Omg 30Sodium 220mg 3vD Dmog0% Calumang6% Iion in 10% 0% /Protein 7g ,2021-08-27,2021-08-27,4.87,3.73
001347,2021-10-31,,2021-10-31,2021-10-31,p2,YYYY,2021/10/31,2021/10/31,2021/10/31,2021/10/31,2021-10-31,2021-10-31,1.76,0.542
001348,2021-10-31,,2021-01-10,2021-01-10,p2,YYYY,2021 /10/31,,2021 1/10/31,,2021-10-31,2021-01-10,2.75,0.276
001349,2021-08-21,,2021-08-21,2021-08-21,p2,DMY4,21-08-2021,21-08-2021,24=8-222,21-8202,2021-08-21,,1.76,0.251
001350,2021-08-21,,2021-08-21,2021-08-21,p2,DMY4,21-08-2021 2023-03-073,,2=-20 22-273,,2021-08-21;2023-03-07,,1.54,0.227
001351,2021-06-09,,2021-06-09,2021-06-09,p2,DMY4,Merba 09-06-2021,Merba 09-06-2021,merba --202,merba -06-202,2021-06-09,,1.57,0.496
001352,2022-06-27,,2022-06-27,2022-06-27,p2,YYYY,72022-06-27,72022-06-27,유통기한:2022-06-27,유통기한:2022-06-27 ,,2022-06-27,2.06,0.589
001353,2022-06-27,,2022-06-27,2022-06-27,p2,YYYY,1 2022-06-27,,유통기한2 2022-06-27,,2022-06-27,2022-06-27,1.24,0.206
001354,2022-07-06,,2022-07-06,2022-07-06,p2,D_MON_Y,06 J 2022,06 JUL 2022,B816 ML 2022,BB. 06 ML 2022,2022-07-06,,1.9,0.24
001355,2021-07-22,,2021-07-22,2021-07-22,p2,YMD_GLUED,1509 2021.07.22011 21 16,1509 2021.07.22011 21 16,50g 202107.22L911 : ,5og 202107.222911 1: ,2021-07-22,2021-07-22,4.79,0.803
001357,NONE-08-20,,2022-08-NONE,2022-08-NONE,p2,MM_YY,EXP.08/22 MD.08/20 23.16,,EXP:08/22M MFD:08/20 23:16,,,2020-08-NONE;2022-08-NONE,2.85,0.343
001358,2020-12-NONE,,2020-12-NONE,2020-12-NONE,p2,MMYYYY,   iaKodekineuyg meKaytN35K-0088 ea tes.eyapiniz  12.2020-13.28/1819011 a..68356,   idaKodekineuygnd meaytN35-K-00088 a tes.eyani2 2 12.2020-13.28/1819011 aa..68,"   TrGIa Leks'n uund eme KayIt No: TR-35-K-0084 ,vklayz epsin   12.2020-13:28/18","   TrGI Keks'in ugund. eme KayIt No:TR-35-K-000884 n,vky. end  12.2020-13:28/181",2020-12-02;2020-12-NONE,2020-12-NONE,5.33,8.21
001360,2021-09-02,,NONE-09-21,NONE-09-21,p2,MMDD,2ge TETT 02.09.21 2V2 5930,2ge- TETT 02.09.21 2V2 5930,2ge TETT:02.09.21 2v2 5930 ,2ge TETT:02.09.21 2U2 5930 ,2021-09-02,2021-09-02,3.98,0.855
001361,2021-09-02,,NONE-09-21,NONE-09-21,erode3/p1@640,MMDD,2g0 5  21 0.80 0.66 012 ETT.02.0.21 2 1100 020  20 00 148 1.06 0  2  E2  5930 10,,"ge    0.59 03G a1s TETr,  . 212 i Paor a  TEOL 0.29  20 05 140 16 425 51 2v     ",,,,7.9,1.512
001362,2021-04-NONE,,2021-10-13,2021-10-13,p2,YYYY,a 04.2021.10.13/1906064 Menei T 1438 8/69d,a 04.2021.10.13/1906064 Mensei  1438 8/69d, 04.2021-10:13/1906064 Mensei:Tirkive 4 8690, 04.2021-10:13/1906064 Mensei: Tirkive 4 8690,2021-10-13,,5.28,1.057
001363,2021-04-NONE,,2021-10-13,2021-10-13,p2,YYYY,a 04.2021-10 13/1906064 Mensel Ne,,Tayeedlen ketimtarhPartino Me 04 2021-10:13/1906064 Mengetrda Nee,,2021-10-13,,12.01,0.504
001364,2021-02-NONE,,2018-02-02,2018-02-02,p1@1024,DMY4,0n Mf 02 02 20187 2021, M 02 02 2018 2021,nun Mfd 02 B를 2018 2o,nihueny Mfd  B률 018 ,2018-02-02,,7.3,0.92
001366,2021-09-29,2,2021-09-29,2021-09-29,p2,DMY4,.50g 212kca50 KabapoBapocNetWeigh 7 ap0pEpoaapay/a EXP.29.09.2021 PROD.29.06.202,.50g 212kca50 KabapoBapocNetWeig 1 Erapoppoaapay/a EXP.29.09.2021 PROD.29.06.202,중량50g(212kcal)e50g Kabapo Bapoc/Net Weight: T  oo. nlpadmm) EXP.29.09.2021 PR0D.,중량:50g(212kcal)e50g Kabapo Bpoc/Net Weight: T ia ooonc. Hnlay /mm/y)ao EXP.29.09,2020-06-29;2021-09-29,2020-06-29;2021-09-29,6.15,4.88
001368,2021-08-19,,2020-12-15,2020-12-15,ft/erode3/p1@640,CMP6_YMD,,,,,,,14.7,0.0
001369,2025-09-21,,2025-09-21,2025-09-21,p2,YY, o. r0HO9E AZ 27637115.48 22 78 48503 011 872/875/ TAGOP.TadeUS Gotebews Ciemne., / 0O9 A 27637115.48 22 78 48503 011872/875/ TAGO.TadeUS Gotebiews Ciemne.l.Woto,"G es etoeeia / Gali           tel.(+482)7637115,fax(+4822)7867166 tel.(+48ble(+4"," Bs toeVeca /L Gal          t1.(+482)7637115, fax(+4822)7867166 tel.(+48ble(+48)",2025-09-21,2025-09-21,4.77,5.266
001370,2021-12-03,,2021-12-03,2021-12-03,p2,YYYY,2021.12.03,2021.12.03,2021.12.03,2021.12.03,2021-12-03,2021-12-03,1.67,0.195
001371,2022-04-27,,2022-04-27,2022-04-27,p2,YYYY,2022 04 27,2022 04 27,2022 04 27A,2022 04 27A,2022-04-27,2022-04-27,2.87,0.191
001372,2022-03-07,,2022-03-07,2022-03-07,p2,DMY4,07-03-2022,E07-03-2022,EXP:07-03-2022,EXP:07-03-2022,2022-03-07,2022-03-07,2.08,0.297
001373,2022-03-07,,2022-03-07,2022-03-07,p2,DMY4,2031TN.1070805  07.03-2022,,2031TN07830588 031:07-03-2022,,2022-03-07,2022-03-07,1.8,0.251
001374,2022-05-NONE,,2022-05-NONE,2022-05-NONE,p2,YYYYMM,2022.05 ftheAp,2022.05 oftheAp,2022.05 of the Alps,2022.05 of the Alps,2022-05-NONE,2022-05-NONE,4.74,0.607
001375,2022-05-NONE,,2022-05-NONE,2022-05-NONE,p2,YYYYMM,2022.05 re goodmes fo ftheAps,,2022.05 Pur goe r  of te App,,2022-05-NONE,2022-05-NONE,3.29,0.33
001376,2021-12-02,,2021-12-02,2021-12-02,p2,YYYY,ESTY 2021 1202KOREA.JAP,BESTY 2021 12 02KOREA.JA,"BEST BY 2021 12 02 (KDREA, JAPAH","BEST BY 2021 12 02 (KDREA,JAPA)",2021-12-02,2021-12-02,1.82,0.463
001377,2021-12-02,,2021-12-02,2021-12-02,ft/erode3/p1@640,YMD_GLUED,,,,,,,7.11,0.0
001378,NONE,,2021-01-22,2021-01-22,p2,YYYY,DGFARM  2021.01.22,DGFARM  2021.01.22,DGFARm' 포장일자 2021.01.22,DGFARm' 포장일자 2021.01.22,2021-01-22,2021-01-22,1.81,0.686
001379,NONE,,2021-01-22,2021-01-22,p1@640,YYYY, 2021.01.22,,포장일자 2024.01.222,,2021-01-22,2024-01-22,1.91,0.289
001380,2021-04-09,,2021-04-09,2021-04-09,p2,YYYY,2021.04.09,2021.04.09,201040,2021.04.05,2021-04-09,2021-04-05,2.9,0.221
001381,2021-04-09,,2021-04-09,2021-04-09,p1keep/p1@640,YYYY,2021 1.04.0 09,,"2021 1.04,0 ·ㅇ일",,2021-01-04,2021-01-04,3.34,0.371
001382,2023-01-05,,2023-01-05,2023-01-05,p2,YYYY,2023.01.05,2023.01.05,사용기한:2023.01.0992,사용기한:2023.01.0992,2023-01-05,2023-01-09,3.33,0.28
001383,2023-01-05,,2022-01-09,2022-01-09,ft/blur1/p1@640,YMD_GLUED,,,,,,,15.08,0.0
001384,2018-09-NONE,,2018-09-NONE,2018-09-NONE,p2,MMYYYY,09-2018,09-2018,09-2018,09-2018,2018-09-NONE,2018-09-NONE,3.39,0.186
001385,2018-09-NONE,,2018-02-NONE,2018-02-NONE,ft/blur1/p1@640,MMYYYY,,,,,,,11.3,0.0
001387,2021-07-17,,2021-07-07,2021-07-07,p1@640,DMY4,0720 aals-ationa.001119 .125.0.1975  21102106 N .0120  0139  742.027 62531 6.30 ,,21 w.latalisintatoal 819   .STNO9 공  에  드시 냉장 보하시고 개이  로의사항 바니다을 사용 제품과 은 제설에서 제,,,,2.86,1.072
001388,2021-07-17,,2021-07-NONE,2021-07-NONE,p1@640,MMYYYY,17/C7/2021 NTWeig.1250.1975 aaisintemationa.c08111919 5022 38183N.20172.5 01.401,,e21 e ei  ET N.1 ww.latals-intenational.com 8111919          PRESIDENT      McnA,,2021-07-NONE,,3.64,2.505
001389,2021-06-20,,2021-06-20,2021-06-20,p2,YYYY,2021.06.20,2021.06.20,2021.06.20,2021.06.20,2021-06-20,2021-06-20,2.61,0.19
001390,2021-06-20,,2021-06-20,2021-06-20,p2,YYYY,2021.06.20,,2021.06.20,,2021-06-20,2021-06-20,2.14,0.089
001391,2021-02-25,,2021-12-01,2021-12-01,p1@640,DMY4,281131.129 28.9.21  64906 201.0025 Super Soft,, 통플레이 28.9% 통밀레이ㅋ 21% 2  Super Soft,,2021-09-28,,1.88,0.533
001392,2021-02-25,,2021-02-25,2021-02-25,p2,YYYY,1.02 2021.02.25,,TO2MR2 2021.02.25N,,2021-02-25,2021-02-25,2.08,0.273
001393,2022-07-14,,2022-07-14,2022-07-14,p2,D_MON_Y,14.JUL.2022,,14L2022,,2022-07-14,,3.27,0.193
001394,2021-09-01,,NONE-11-08,NONE-11-08,p1@640,MMDD,   2    202 860 5219 kca 0 1E 87 1   24g 5 109g 11  0g 01g 0  142000 0g 00 5 035, 0      2020 982 5219 kca 0 E 87 1   24g 5 109g 11  0g 01g 0  214200007 0g 009 5,  다기이 신00           소   2n 07  5219 ka 열량 L트륨 B7Zmg 1% 나트를 수를류를 지  포장단질 24g 찬 10,·  다기오이  0 e         20  5219 kca 열량 L트륨 87Zmg 1% 나를 수를  지 포 24g 찬 tig 11% 0g at,,,5.16,6.187
001395,2021-09-01,,NONE,NONE,,,,,,,,,17.79,0.0
001396,2022-11-01,,2022-11-01,2022-11-01,p2,YYYY,1020 21100  2022.11.01,,108X20T) 보리100%침출차 2022.n.01,,2022-11-01,,1.96,0.396
001397,2022-11-01,,2022-11-01,2022-11-01,p2,YYYY,20T 2022.11.01,,(20T) 2022.n01,,2022-11-01,,2.13,0.246
001398,2021-07-23,,2021-07-23,2021-07-23,p2,D_MON_Y,UseB 23 JUL 21 018388.2482 100,,"Use By: 23 JUL21 ·이 제품은 글루텐,땅콩견과류를사용한 제품과 ·반품및교한장소:구입처또는 수입업소",,2021-07-23,2021-07-23,4.64,0.527
001399,2021-07-23,,2021-07-23,2021-07-23,p2,D_MON_Y, Ue 160001193 pictAh .0102.51  0  A EM E  5.0 US 066 23 JL 21 06-56  222.2 26 25,,가의 Use By: 9 3161000193 Apict mnd chese         SCSCAS O  23 JUL 21 OC-SC       ,,,2021-07-23,2.85,1.602
001400,2022-01-29,,2022-09-10,2022-09-10,ft/p2,YYYY,,,,,,,29.79,0.0
001401,2022-01-29,,2022-08-NONE,2022-08-NONE,dilate2/p1@640,YYYYMM,2022.88628,,=022.8,,,,9.81,0.122
001402,2020-09-29,,2020-09-29,2020-09-29,p2,YYYY,2020.09.29,,"로므르모, 모로르로",,2020-09-29,,3.89,0.223
001403,2020-09-29,,2020-07-04,2020-07-04,p1@640,DMY4,00 712 2020.0 1541 09 . 2140041802101 2471.24 3141802015 2048986444.51484 1490.1,,호백을 통기한 로드르요드 1남4i   2 에어프라이어에서 180 10-5분구주수 완성  3에어프이에서 성  1 발죽에먹스를 넘어동그게 만들어주세,,,,3.55,1.367
001404,2021-01-27,,2021-01-27,2021-01-27,p2,YYYY,A 2021.01.27,, 2021.01.27F1,,2021-01-27,2021-01-27,7.07,0.282
001405,2021-01-27,,2021-01-27,2021-01-27,p2,YYYY,288.28 241288 A2 2021.01.27,,  등의로만 2021.01.27 F1,,2021-01-27,2021-01-27,2.69,0.375
001406,2021-07-31,,2031-07-21,2031-07-21,p2,DDMMYY,21/07/31,,21/07/31|,,2031-07-21,2021-07-31,1.23,0.106
001407,2021-07-31,,2031-07-21,2031-07-21,p2,DDMMYY,21/07/31,,21/07/31,,2031-07-21,2031-07-21,1.22,0.092
001408,2021-12-16,,2021-12-16,2021-12-16,p2,YY,08 10 30 2.1 22  01399 y101 2 114g 38 HF 1 5 200 4260953 45 2 216 20920 010 21.1,,"5 제종을 (수상광식품 진전군 이원면 생거진로 192 목보 고변 카오를용  비타민E),설탕,혼합분유(외국산영 국산),코코아버터복분자딸기과나 말토",,2021-12-16,2021-12-16,4.08,3.572
001409,2021-12-16,,2021-12-16,2021-12-16,p2,YY_TAIL,2 82 28 201. . 22  1210 000 114938 3  2022 cYanma12.160506 2163 21.12.16 26 4222,,"제조원 내용량 (   상향,프로기그램들 상점 및 본사에서교환 반점이생길수 있으나. 만심아생기수 4g(3 gx3)  우유대두일휴   21.12. ",,2021-12-16,2021-12-16,3.6,1.998
001412,2022-09-06,,2022-09-06,2022-09-06,p2,YYYY,81 2022.09.06,,유통기한: :2022.09.06까지,,2022-09-06,2022-09-06,8.12,0.287
001413,2021-07-23,,2021-07-23,2021-07-23,p2,YY,21.07.23 21.02.24 ,21.07.23 21.02.24 ,21:07:23 21.02-24 부터,21:07:23 21.02-24 부터,2021-02-24;2021-07-23,,3.21,0.659
001414,2021-07-23,2,2021-07-24,2021-07-24,p1@640,YYMM_DAYLA,21.0.24,,,,,,1.51,0.104
001415,2022-04-20,,2022-04-20,2022-04-20,p2,YYYY,2022.04.20 1322,,2022-04-201 013: 228,,2022-04-20,2022-04-20,2.3,0.269
001416,2021-11-05,,2021-11-05,2021-11-05,p2,YYYY,2021.11.0504 55,,2021-11-05 04:55까지!*,,2021-11-05,2021-11-05,1.89,0.177
001418,2021-07-18,,2021-07-18,2021-07-18,p2,YYYY,EXPIRY DAT2021.07.18,,EXPIRY DATE2021.07.18,,2021-07-18,2021-07-18,2.56,0.227
001419,2021-07-18,,2021-07-18,2021-07-18,p2,YYYY,EXPIRYDATE2021.07.18,,EXPIRY DATE:202107.18→,,2021-07-18,2021-07-18,1.47,0.158
001421,2021-07-01,,2021-07-01,2021-07-01,p2,YYYY,255 2021/07/01 11.01,,255 2021/07/01 11:01,,2021-07-01,2021-07-01,1.44,0.345
001422,2021-11-NONE,,2021-11-NONE,2021-11-NONE,p2,MON_Y,NOV 2021,,Nov 2021,,2021-11-NONE,2021-11-NONE,2.24,0.136
001423,2021-11-NONE,,2021-11-17,2021-11-17,p1@640,D_MON_Y,06 17 NOV 2021 19309,,06:17 NOV 2021 NLOSOOF,,2021-11-17,2021-11-17,2.62,0.332
001425,2021-06-22,2,2021-06-22,2021-06-22,p1@640,DMY4,.22.06.2021,,RP.22.06.20210,,2021-06-22,,3.76,0.165
001426,2020-04-17,,2020-04-17,2020-04-17,p2,YYYY,10 2062 200/840 2 80 30A450452 204 1 E1 100g90kc 70-7  20408020  0 2N7N26A2U 202,,-10cC 장보관 물무원식품지충북 음성군 전등동통도위명및 조제하수영화마그네슴 04504524 충북음성군 대소면심로 두부 만든깐깐한 100g당 9,,2020-04-17,2020-04-17,2.62,1.65
001427,2020-08-12,,2020-08-12,2020-08-12,p2,YYYY,2020.08.12,,2020.08:12 까지,,2020-08-12,,2.62,0.117
001428,2020-08-12,,2020-08-12,2020-08-12,p2,YYYY,2020.08.12 202.28.1527,,2020.08:12까지 2026320121527,,2020-08-12,,2.7,0.264
001430,2021-01-23,,2021-01-01,2021-01-01,p2,YYYY,2021.01 1.23,,202103 1-23까지,,2021-01-01,,1.8,0.233
001432,2021-09-29,,2021-09-29,2021-09-29,p2,YYYY,2021.09.29,,2021.09.29,,2021-09-29,2021-09-29,1.24,0.102
001433,2021-09-29,,2021-09-29,2021-09-29,p2,YYYY,2021.09.29,,2021.09.29,,2021-09-29,2021-09-29,1.18,0.082
001435,2021-10-04,,2021-10-04,2021-10-04,p2,YYYY,14.12.833 2021.10.04,,1422200 202110-04,,2021-10-04,2021-10-04,1.34,0.253
001436,2021-09-20,,2021-09-20,2021-09-20,p2,YYYY, 201 11570 2021.09.20,,평지는 있어요 11:57황미숙 2021.09.20,,2021-09-20,2021-09-20,1.72,0.407
001437,2021-08-29,,2021-08-29,2021-08-29,p2,YYYY,5kcal 2021.08.29,,5kcal) 2021.08.297,,2021-08-29,2021-08-29,1.25,0.243
001439,2021-09-03,,2021-09-03,2021-09-03,p2,YYYY,2021.09.03,,2021.09.03까지,,2021-09-03,2021-09-03,2.23,0.147
001440,2021-09-03,,2021-09-03,2021-09-03,p2,YYYY,2021.09.03,,2021.09.03까지,,2021-09-03,2021-09-03,2.0,0.147
001441,2021-06-24,,2021-06-24,2021-06-24,p2,YYYY,2021.06.24,,2021.06.24,,2021-06-24,2021-06-24,3.32,0.117
001442,2021-06-24,,2021-06-24,2021-06-24,p2,YYYY,2021.06.24 254  245  20928  5 2023-5 20380-5678,,2021.06.24         380-5678,,2021-06-24;2023-05-20,2021-06-24,2.36,0.609
001443,2021-09-06,,2021-09-06,2021-09-06,p2,YYYY,2021.09.06,,2021.09. 06L4,,2021-09-06,2021-09-06,1.76,0.087
001444,2021-09-06,,2021-09-06,2021-09-06,p2,YYYY,2021.09.064 07.28,,202109. 06L4 07:28,,2021-09-06,,1.32,0.28
001445,2021-10-28,,2021-10-28,2021-10-28,p2,YYYY,2021.10.28 2,,221.10.28 장볼,,2021-10-28,,1.04,0.229
001446,2021-10-28,,2021-10-28,2021-10-28,p1keep/p1@640,YYYY,CORN NUTS  2021.10.282 2,,CORN NUTE BAR ORNIO.EE 을장재보,,2021-10-28,,1.06,0.327
001448,2022-07-22,,2022-07-22,2022-07-22,p2,YYYY,8 2022.07.22,,유통기한 2022.07.22,,2022-07-22,2022-07-22,4.25,0.344
001449,2022-10-28,,2022-10-28,2022-10-28,p2,YYYY,E2022.10.28,,:202.10.28,,2022-10-28,,1.17,0.164
001450,2022-04-26,,2022-04-26,2022-04-26,p2,YYYY, 25 20313 2022.04.26 806102877746,,  20313 2022.04.26 F 8806102118777461,,2022-04-26,2022-04-26,3.7,0.526
001451,2022-04-26,,2022-04-26,2022-04-26,p2,YYYY,8 45 20  22012   2022.04.26 20313,, 세      2022.04.26 20313,,2022-04-26,2022-04-26,2.17,0.56
001452,2022-09-13,,2022-09-13,2022-09-13,p1@640,YYYY,2848 2022.09.13,,식품의아인전지 2유통기한:2022.09. 13까지,,2022-09-13,2022-09-13,4.38,0.289
001453,2022-09-13,,2022-09-13,2022-09-13,p1@640,YYYY,2022.09.13,,유통기한:2022.09. 13까지,,2022-09-13,2022-09-13,3.21,0.123
001454,2022-04-02,,2022-04-02,2022-04-02,p2,YYYY, 2022.04.02,,유통기한 2022.04.02,,2022-04-02,2022-04-02,4.47,0.347
001455,2022-04-02,,2022-04-02,2022-04-02,p1keep/p1@640,YYYY,871 2022.04.02,,유통기한 2022.04.02,,2022-04-02,2022-04-02,5.29,0.345
001456,2022-06-28,,2022-06-28,2022-06-28,p2,YYYY,2022.06.28,,2022.06.28,,2022-06-28,2022-06-28,4.46,0.159
001457,2022-06-28,,2022-06-28,2022-06-28,p2,YYYY,08 8   81 18 6 14.  2022.06.28  1 20 208  2023 20602300 D0,,유통기한 제품명 식품유형  유동기 내용영 내로명  n 2022.06.28 공자몽차익스 고영차     C ,,2022-06-28,2022-06-28,2.63,0.986
001458,2022-10-29,,2022-10-29,2022-10-29,p2,YYYY,2022.10.29,,2022.10.29,,2022-10-29,2022-10-29,1.48,0.093
001459,2022-10-29,,2022-10-29,2022-10-29,p2,YYYY,2022.10.29,,2022.10.29,,2022-10-29,2022-10-29,1.29,0.071
001460,2022-11-18,,2022-11-18,2022-11-18,p2,YYYY,2022.11.18,,2022.11.18,,2022-11-18,2022-11-18,1.24,0.091
001461,2022-01-20,,2022-01-20,2022-01-20,p2,YYYY,50101 04 22  02 2100    2022.01.20 ,,이렇게 만들었어요! ①자연에 더욱 가깝게! 에 하학무었습니다. 0안심 건강 먹거리! 원의양에서 장게키운잘익은 울기에0%만들었습니다. 딸기 202,,2022-01-20,2022-01-20,2.77,0.665
001462,2021-11-17,,2021-11-17,2021-11-17,p1@640,YYYY,2021V11.1.09148,,202101.104,,,,1.94,0.116
001464,2022-11-18,,2022-11-18,2022-11-18,p2,YYYY,  13.57 2022.11.18           ,,  13:57 2022:11.18           ,,2022-11-18,2022-11-18,1.72,0.894
001465,2022-11-18,,NONE-11-18,NONE-11-18,p1@640,MMDD,    2022 13157   5 2   .11.18      ,,    2022 $21322$   3 2   .11.18      ,,,,2.26,0.999
001467,2020-11-03,,2031-01-16,2031-01-16,dilate2/p1@640,CMP6_DMY,A 88 18E852,, 13,,,,10.81,0.268
001468,2022-12-03,,2022-12-03,2022-12-03,p2,CMP, 2022.12.03,,저명 인장자식품유형 참을 20221203,,2022-12-03,2022-12-03,3.41,0.296
001469,2022-12-03,,2022-12-03,2022-12-03,p2,YYYY,088 2022.12.03,, 2022.12.03,,2022-12-03,2022-12-03,3.73,0.342
001470,2021-12-29,,2021-12-29,2021-12-29,p2,YYYY,2021.12.29 1026 ,,2021.12.29 F2 2010:26창진성A 백설,,2021-12-29,2021-12-29,2.43,0.356
001471,2021-12-29,,2021-12-29,2021-12-29,p2,YYYY,08/18 6243.842 01482 2021.12.29 10.268 2417.5 288 4  30 80 84105805 188240g 19/6,,유동기한:   2021.12-29F2 2021:26성A  E     240g  FK 까지 갖자 주제비가루 RE  백설 나반족이쉬운 는에달라지않아,,2021-12-29,2021-12-29,2.81,1.302
001472,2022-02-17,,2022-02-17,2022-02-17,p2,YYYY,2022.02.17,,2022 02.17,,2022-02-17,2022-02-17,2.33,0.146
001473,2022-02-17,,2022-02-17,2022-02-17,p2,YYYY,2022.02.17,,2022 02.17,,2022-02-17,2022-02-17,1.05,0.085
001474,2022-07-10,,2022-07-10,2022-07-10,p2,YYYY,2022.07.10,,2022.07.10.E.,,2022-07-10,2022-07-10,1.14,0.091
001475,2022-07-10,,2022-07-10,2022-07-10,p1@640,YYYY,2022.07.10.,,2022.0. 10.,,2022-07-10,,1.01,0.085
001476,2022-05-10,2,2020-11-01,2020-11-01,p2,YY, 22.05.1 20. 11 1.11 ,, IA 20. 11. 1 ,,2022-05-01,2020-11-01,6.61,0.612
001477,2022-05-10,2,2022-06-01,2022-06-01,ft/p2,YY,,,,,,,12.28,0.0
001478,2022-08-27,,2022-08-27,2022-08-27,p2,YYYY,2022.08.27,,2022.08.27 방혁,,2022-08-27,2022-08-27,2.4,0.111
001480,NONE,m,2020-12-18,2020-12-18,p2,YYYY,2020.12.18,,2020.12.18,,2020-12-18,2020-12-18,3.19,0.147
001481,NONE-01-31,,NONE,NONE,,,,,,,,,26.15,0.0
001483,2021-02-06,,2021-02-06,2021-02-06,p1@640,MON_DY,edas /06/21 0745,,smildea T BY FEB/06/2107:45FL6A,,,,1.48,0.292
001484,2022-09-28,,2022-09-28,2022-09-28,p2,DMY4,28/09/20221137,,28/09/2022 L113782,,,2022-09-28,1.39,0.108
001485,2022-09-28,,2022-09-28,2022-09-28,p2,DMY4,28/09/2022L1137 200000080685,,28/09/2022 L113782 200000-8o08,,2022-09-28,2022-09-28,3.07,0.237
001486,2022-12-08,,2022-12-08,2022-12-08,p2,DMY4,E08.12.2022,,ENP08.12.2022,,2022-12-08,2022-12-08,1.82,0.109
001487,2022-12-08,,2022-01-08,2022-01-08,p1@640,DMY4,E.08.702 20212.20,,EP-00 1230,,,,1.42,0.225
001488,2021-07-12,,2021-07-12,2021-07-12,p2,YYYY,2021.07.12,,2021.07.12,,2021-07-12,2021-07-12,0.95,0.083
001490,2021-08-06,2,2021-08-06,2021-08-06,p2,YYYY,2021.08.06 ,,2021.08.06A 제조 제주,,2021-08-06,2021-08-06,2.31,0.262
001491,2023-07-08,d,2023-07-08,2023-07-08,p2,SP_DMY,Ep080723,,Exp: 08 07 23,,2023-07-08,2023-07-08,6.12,0.178
001492,2023-07-08,,2023-07-08,2023-07-08,p2,SP_DMY,Ep08 07 3,,Exp: 08 07 23,,,2023-07-08,1.73,0.084
001493,2023-08-17,,2023-08-17,2023-08-17,p2,D_MON_Y,17/AUG/2023,,177AUG/202B L,,2023-08-17,,14.39,0.125
001494,2023-08-17,,NONE,NONE,,,,,,,,,19.25,0.0
001495,2021-11-22,,2021-11-22,2021-11-22,p2,YYYY,2021.11.22,,2021.11.22 까지,,2021-11-22,2021-11-22,2.79,0.114
001496,2022-09-18,,2022-09-18,2022-09-18,p2,YYYY,2022-09-18  80944502198,,2022-09-18  80944501982,,2022-09-18,2022-09-18,2.98,0.355
001498,2021-06-30,,2021-06-30,2021-06-30,p2,YYYY,  016  48 2   082 00 019 20  125  690  12 49.g15 5  1 NTPRUNG SCHE 47 947  21212,, 수입면원 유동기한  내용량  ^  080-2- 영 에니다 부-신고는 국번이 13 으 명스위스 센즈다크 125g (90 c 기한별도표시일까지(연,,2021-06-30,2021-06-30,6.66,2.324
001499,2021-06-30,,2021-06-30,2021-06-30,p2,YYYY,0 08   044.4 00 6   125g. 690.a  60  0 49.9.15 2.15 508 83  47.047 .0  23259.10.,,수업 88      스위스성즈디크  125 (690)   시 지연업일  수49 55 2153 식동유형 유초클릿 T SRNGL CWNEG 47 I,,2021-06-30,2021-06-30,2.7,1.335
001500,2021-09-23,,2021-09-23,2021-09-23,p2,YYYY,2021.09.23,,2021.09.23까지,,2021-09-23,2021-09-23,1.18,0.145
001502,2021-06-24,,2021-06-24,2021-06-24,p2,YYYY,2021.06.24,,2021.06.24,,2021-06-24,2021-06-24,1.35,0.081
001503,2021-06-24,,2021-06-24,2021-06-24,p2,YYYY,NoBrand 2021.06.24,,No Brand 2021.06.24,,2021-06-24,2021-06-24,1.2,0.235
001504,2021-01-27,,2021-01-27,2021-01-27,p2,YYYY,AE 2021.01.27,AE 2021.01.27,스위티오 2021.01.27C,스위티오 2021.01.27C,2021-01-27,2021-01-27,1.91,0.524
001505,2021-01-27,,2021-01-27,2021-01-27,p2,YYYY,AE 2021.01.27,,스위티오 2021.01.27C,,2021-01-27,2021-01-27,1.97,0.313
001506,2021-02-19,,2021-02-19,2021-02-19,p1@640,YYYY,A   32 4.90217 5 96927 907 T2021.02.19.08.27 10 0.3A 192 02 909 5 199032120 2001,,    4.9002  96925  BEST BY2021.02.19 08:27F 10 0.3  보  19 5%  EUE BDOnG S     60,,2021-02-19,2021-02-19,3.55,1.664
001507,2021-02-19,,2021-02-19,2021-02-19,p2,YYYY,EST 2021.02.19 08.27,,BEST BY 2021.02.19 08:27 FL,,2021-02-19,2021-02-19,3.42,0.251
001508,2021-10-19,,2021-10-19,2021-10-19,p1@640,MON_DY,OCT-19-2021,OCT-19-2021,BEST BY: OCT-19-2021,BESr BY: OCT-19-2021,2021-10-19,2021-10-19,1.65,0.187
001509,2021-10-19,,2021-10-19,2021-10-19,erode2/p1@640,MON_DY,5/ Y.0C19201 K0.906,, BKO-0,,,,3.19,0.255
001511,2023-12-01,,2023-12-01,2023-12-01,erode2/p1@640,YYYY, .0  32. 316.  2 A4 21.228 20.04  6602801 20632.01 0     L01020,,           022.0 .0  대 4)     UU,,,,5.04,1.187
001513,2018-05-16,,2018-05-16,2018-05-16,p2,YYYY,2018.05.16,,2018.05.16,,2018-05-16,2018-05-16,1.69,0.108
001514,2022-08-16,,2022-08-16,2022-08-16,p2,YYYY,2022.08.16,2022.08.16,2022.08.16,2022.08.16,2022-08-16,2022-08-16,1.17,0.174
001516,2021-11-19,,2021-11-19,2021-11-19,p2,YYYY,2021.11.19,,2021.11.19 F2,,2021-11-19,2021-11-19,2.3,0.104
001518,2022-12-07,,2022-12-07,2022-12-07,p2,YYYY,2022.12.07 1684,2022.12.07 164,2022.12.07 1684,2022.12.07 1684,2022-12-07,2022-12-07,1.95,0.188
001521,2021-07-08,,2021-05-NONE,2021-05-NONE,ft/p2,YYYYMM,,,,,,,13.56,0.0
001522,2021-06-14,2,2021-06-14,2021-06-14,p2,YY,  2021.06.14 2021.01.15 16 5701 0m 24 11 , 0 2021.06.14 2021.01.15 1657A01  24 11 ,기한 유통 2021:05:14 2021-01-15 16:57A01 Om8 지방248 화지방118 지스지방08,기한 유통 2021.05.14 2021-01-15 16:57 A01 0mg 지방248 화지방118 지스지방O8,2021-01-15;2021-06-14,2021-01-15;2021-05-14,2.88,1.15
001524,2021-06-25,,2021-06-25,2021-06-25,p2,YYYY,A231227 2021.06.25  h/ww.nong 4,A231227 2021.06.25  hww.nongs 4,아산A23지연희 1227 2021.06-25 까지 농심 htp://www.nongshim ·본사:서울특별,아산A23지연희1227 2021.06-25 까지 농심 htp://www.nongshim ·본사:서울특별,2021-06-25,2021-06-25,3.32,0.93
001525,2021-06-25,,2021-06-25,2021-06-25,p2,YYYY,188.0106 0A231227 2021.06.25 4128. 01 012 .130.m9 3098- 21A 0.9 438.19.9 18.89 E,,제의신선도 유지를 위해 질소충전포장을 하였습니다. 아산A23지연희122 2021.06-25까지  의전(.유)이| 수미침 ©주미감자 주요산지 13,,2021-06-25,2021-06-25,2.91,1.537
001526,2021-01-21,,2021-01-21,2021-01-21,p2,YYYY,2021.01.21.,2021.01.21.,2021.01.21.F2,2021.01.21.F2,2021-01-21,2021-01-21,3.65,0.197
001527,2021-01-21,,2021-01-21,2021-01-21,p2,YYYY,2021.01.21,,2021.01.21.F2,,2021-01-21,2021-01-21,3.83,0.095
001528,2021-06-25,,2021-06-25,2021-06-25,p2,YYYY,2021.06.25,2021.06.25,2021.06.25,2021.06.25,2021-06-25,2021-06-25,1.25,0.18
001529,2021-02-11,,2021-02-11,2021-02-11,p2,YYYY, 2021.02.11,,' 2021.02.11,,2021-02-11,2021-02-11,2.02,0.281
001530,2021-02-11,,2021-02-11,2021-02-11,p2,YYYY,2021.02.11 21,,2021.02.11 유기화1,,2021-02-11,2021-02-11,1.46,0.266
001531,2022-06-06,,2022-06-06,2022-06-06,p2,YYYY,2022.06.06.1430,2022.06.06.1430,2022.06.06.14:30,2022.06.06.14:30,2022-06-06,2022-06-06,2.08,0.462
001532,2022-06-21,,2022-06-21,2022-06-21,p2,YYYY,2022.06.2129,2022.06.21129,2022. 06.21 L29,2022.06. 21 129,2022-06-21,2022-06-21,3.86,0.227
001534,2022-07-11,,2022-07-11,2022-07-11,p2,YYYY,2022.07.11,2022.07.11 ,202207.11A12,202207.11A12,2022-07-11,2022-07-11,2.15,0.226
001535,2022-07-11,,2022-07-11,2022-07-11,p2,YYYY,2022 07.11,,2022 07.11 A12,,2022-07-11,2022-07-11,2.87,0.126
001536,2021-02-19,,2021-02-19,2021-02-19,p2,YY,0.18015  21.01.26 21.02.19  1 ,0.18015  21.01.26 21.02.19  11 ,10.1 앨소시지&베이컨 21.01.26A7 '21.02.19 까지 B1 부터,10.1 8앨소시지베이컨 21.01.26A '21.02.19 까지 B1 부터,2021-01-26;2021-02-19,2021-01-26;2021-02-19,3.06,1.096
001539,2022-01-18,,2022-01-18,2022-01-18,p1@640,YY,22.01.18,,22·01-18,,2022-01-18,,2.68,0.109
001540,2021-06-13,2,2021-06-13,2021-06-13,p2,YY,21.06.13 ,21.06.13 ,21.06.13 A1 까지,21.06.13 A1 까지,2021-06-13,2021-06-13,3.56,0.54
001541,2021-06-13,2,2021-06-13,2021-06-13,p1keep/p1@640,YY,21.06.13 20.12.142254  ,,21.06.13 2:4 21.12.1422.54 부터 롯데제,,2021-06-13,2021-06-13;2021-12-14,2.2,0.402
001542,2022-01-22,,2022-01-22,2022-01-22,p1@640,YY,22.01.22,22.01.22,22.01.22 F2,22.01.22 F2,2022-01-22,2022-01-22,0.86,0.208
001543,2022-01-22,,2022-01-22,2022-01-22,p2,YY,22.01.22,,22.01.22 F2,,2022-01-22,2022-01-22,0.96,0.087
001544,2021-08-02,,2021-08-02,2021-08-02,p2,YYYY,2021.08.02,2021.08.02,2021.08.02E,2021.08.02E,2021-08-02,2021-08-02,1.23,0.19
001545,2021-08-02,,2021-08-02,2021-08-02,p2,YYYY,2021.08.02,,2021.08.02E,,2021-08-02,2021-08-02,1.23,0.099
001546,2021-07-04,,2021-07-04,2021-07-04,p2,YY,21.07.04,21.07.04,217,21.07.0,2021-07-04,,3.14,0.211
001547,2021-07-04,,2021-07-04,2021-07-04,p2,YY,ma 917  20m6 809 21.07.04 .139.5  1.0200 3160 160a,, 9907 20m9)% DO 1-P 3   16o keal,,2021-07-04,,3.23,0.572
001548,2022-09-28,2,NONE,NONE,,,,,,,,,19.35,0.0
001549,2022-09-28,,2029-09-22,2029-09-22,reread,YY_TAIL,29/09/22,,R0: 29/09200,,2022-09-29,,4.65,0.164
001550,2021-08-25,,2021-08-02,2021-08-02,koline,YYYY,BEST EFURE 2U21/08/25,BEST EFURE 2U21/08/25,BES1 BEFURE 2U21/U8/25,BES1 BEFURE 20217U8/25,2021-08-25,,10.53,0.631
001551,2021-10-09,,2021-10-09,2021-10-09,p2,DMY4,EY.09/10/202121,EY.09/10/202121, BEST EY:I9/10/2UE1 21:R, BEST EY:I9/10/2UE1 21:R,,2019-10-02,1.28,0.379
001552,NONE-02-19,,NONE-02-19,NONE-02-19,p2,MMDD,02.19,02.19,82.19까지F1,82.19까지F1,NONE-02-19,,1.34,0.189
001555,2020-06-03,,2020-06-03,2020-06-03,p1keep/p1@640,YYYY,2020  06 03,,202  06 03,,2020-06-03,,1.09,0.28
001556,2022-03-16,2,2022-03-16,2022-03-16,p2,DMY4,  .u.112 00 901-260 20 0101209 1323 DAT16.03.2022, .u.2 0 1901-26020 0101209 13.23 EDAT16.03.2022,il iaui in ns Ionsuno nu. 1020 oasuommiaoin L901-260 20 010120913:23 EXPDATE: 16,il  imaui oin n Ionsnunonu. 10120 Tau naomiaoion L901-260 20 010120913:23 EXP.DA,2022-03-16,2022-03-16,3.46,1.055
001557,2022-03-16,2,2022-03-16,2022-03-16,p2,DMY4,00 .1020  . 21.322 901-280 20 01012091323 AT16.03.2022 RO.DA16.09.2020,,u n d aoi mu 20    k hoau oio  1901-260 20 0101209 13:28 ERPDATE: 16.03.2022 PRO,,2020-09-16;2022-03-16,2020-09-18;2022-03-16,1.99,0.562
001559,2024-12-21,,2024-12-21,2024-12-21,erode3/p1@640,YY,24/121,,34/12/21,,,,3.28,0.087
001560,2020-11-25,,2020-11-25,2020-11-25,p2,YYYY,2020.11. 2501 11.00,,12020.11.25까지 11:00,,2020-11-25,,4.94,0.303
001561,2022-06-11,,2022-06-11,2022-06-11,p2,EXTEND,2022.06,,"2022,06.",,,,1.24,0.107
001562,2022-06-11,,2022-06-11,2022-06-11,p2,EXTEND_R,2022.06.1 24.21,,"2022,06.1 42",,2022-06-01,,1.73,0.265
001563,2020-08-05,2,2028-08-05,2028-08-05,ft/p2,YY,,,,,,,12.0,0.0
001564,2020-08-05,2,2020-03-05,2020-03-05,ft/erode3/p1@640,YY,,,,,,,9.5,0.0
001565,2022-01-17,,2022-01-17,2022-01-17,p2,YY,22.01.17 ,22.01.17 ,2.01.17 까지,22.01.17 까지,2022-01-17,2022-01-17,2.72,0.551
001566,2020-04-23,,2020-04-23,2020-04-23,p2,D_MON_Y,23 AP 2020,,23 APR 2020,,,2020-04-23,2.07,0.249
001567,2020-04-23,,2020-01-15,2020-01-15,p2,YYYY,STRING 21 0.00 20000000 2 2000 20000 20  23 A 22112 w0w 0  2 0 2   2020 15.54 12,,STRING C   V     2PR 21   + EE 태E E   2020 25:54 ,,,,3.82,1.143
001570,2021-11-30,,2021-11-30,2021-11-30,p2,YY,       21.11.30,,       21.11.30A1,,2021-11-30,2021-11-30,1.31,0.583
001571,2021-06-11,,2021-06-11,2021-06-11,p2,YYYY, 013.0.6 2021.06.11 N829 101,,검정깨 아0.6% 2021.06.11 *N829 노브랜드의이가,,2021-06-11,2021-06-11,1.3,0.434
001572,2021-06-11,,2021-06-11,2021-06-11,p2,YYYY, 2021.06.11 10.6 12 N82,,EA 2021.06.11 AS0.6% 1-윤원자 1N82,,2021-06-11,2021-06-11,1.04,0.356
001573,2022-01-06,,2022-01-06,2022-01-06,p2,YYYY,2022.01.06,,2022.01.06까,,2022-01-06,2022-01-06,2.0,0.11
001576,2022-03-27,,2022-03-27,2022-03-27,p2,YYYY, 34 18.4009 40 2      24520    2  A  20 0 18.20602 2022.03.27,,·제명:지리내산 ·원산 내질:40g   스트위스       be         2022.03.27,,2022-03-27,2022-03-27,1.86,1.128
001577,2022-11-05,,2022-11-05,2022-11-05,p2,YYYY,E7 2022.11.05,,유통기한 2022.11.05,,2022-11-05,2022-11-05,4.95,0.276
001578,2022-11-05,,2022-11-05,2022-11-05,p2,YYYY,022  8    8 AVO 0.ON 1 262015.810  0 26040   CAN.O 2022.11.05 emim  198604670104,, 분의주장교환처 식품유형    유동기한 MIK FLNOROONGETEA 가우 을5      ACAMONCO 2022.11.05 remium 을토,,2022-11-05,2022-11-05,2.04,1.075
001579,2022-11-02,,2022-11-02,2022-11-02,p2,YYYY,2022.11.02,,2022.1.02,,2022-11-02,2022-01-02,1.2,0.099
001580,2022-11-02,,2022-11-02,2022-11-02,p2,YMD_GLUED,2022.1102,,202211.02,,2022-11-02,2022-11-02,0.97,0.078
001582,2021-11-05,,2021-11-05,2021-11-05,p2,YYYY,2021.11.053,,2021.11.05 K23,,2021-11-05,2021-11-05,1.13,0.092
001583,2021-12-15,,2021-12-15,2021-12-15,p2,YYYY,2021.12.15,,202112.15,,2021-12-15,2021-12-15,0.91,0.086
001585,2021-10-28,,2021-10-28,2021-10-28,p2,YYYY,2021.10.28,,2021.10.28 L15,,2021-10-28,2021-10-28,2.08,0.104
001586,2021-04-20,,2021-04-20,2021-04-20,p1@640,YYYY,2021.04.20,,221.042,,2021-04-20,,1.13,0.085
001589,2023-01-09,,2023-01-09,2023-01-09,p2,YYYY,2023.01.09,,2023.01.09,,2023-01-09,2023-01-09,1.88,0.108
001590,2021-02-18,,2021-02-18,2021-02-18,p2,YY_TAIL,21.02.18,21.02.18,21.02.18,21.02.18까지,2021-02-18,2021-02-18,0.95,0.168
001592,2022-01-05,,2022-01-05,2022-01-05,p2,YYMM_GLUE,22.01.05,22.01.05,22.01.05A2,22.01.05A2,2022-01-05,2022-01-05,1.26,0.183
001593,2022-01-05,,2022-01-05,2022-01-05,p2,YY,22.01.05,,22.01.05 A2,,2022-01-05,2022-01-05,1.39,0.086
001594,2021-12-13,,2021-12-13,2021-12-13,p2,YYYY,2021.12.13 13 34  0,2021.12.13 13 34  ,2021.12.13 13:34A 까지 ,2021.12.13 13:34A 까지 ,2021-12-13,2021-12-13,1.39,0.741
001595,2021-12-13,,2021-12-13,2021-12-13,p2,YY,2021.12.13  ,,2021.12.13 까지 ,,2021-12-13,2021-12-13,1.16,0.316
001596,2021-02-25,2,2021-02-25,2021-02-25,p2,YY,21.02.25 ,21.02.25 ,21.02.25 까지,21.02.25 까지,2021-02-25,2021-02-25,2.47,0.592
001597,2021-03-07,2,2021-03-07,2021-03-07,p2,YY,21.03.07 ,21.03.07 ,21.03.07 D까지,21.03.07 D 까지,2021-03-07,2021-03-07,2.71,0.496
001598,2021-03-07,2,2018-02-NONE,2018-02-NONE,p1@640,YYYYMM,205.29 N0.1 20200  /15,, No.1   합,,,,1.77,0.404
001599,2021-02-15,,2021-02-15,2021-02-15,p2,YYYY,2021.02.15,2021.02.15,2021.02.15A2,2021.02.15A2,2021-02-15,2021-02-15,1.2,0.178
001600,2021-02-08,,2021-02-08,2021-02-08,p2,YYYY,222 1422 2021.02.08,222 Ju22 2021.02.08,  2021.02.08B5, a 2021.02.08B5,2021-02-08,2021-02-08,1.63,0.648
001601,2021-02-11,,2021-02-11,2021-02-01,p2,YY,21.02.1,,21.02.1까지1,,2021-02-01,2021-02-01,1.07,0.082
001602,2021-02-11,,2021-02-11,2021-02-11,p2,YY,21.02.11,,21.02.11까지F1,,2021-02-11,2021-02-11,1.21,0.082
001603,2021-02-24,,2021-02-24,2021-02-24,p2,YYYY,2021.02.24 ,2021.02.24 ,2027.02-24까 생산자:정재만A7,2027.02.24까지 생산자:정재만A식,2021-02-24,2027-02-24,1.98,0.51
001605,2021-03-06,,2021-03-06,2021-03-06,p2,YYYY, 2021.03.06   8   DAI        2   24  20 13292 2 2   13292  ,, 2021.03.06      DAL            삼호  호앞심갖말다 남호 안심김발맛살   삼호 나호32정일자로 살호 안심김밥맛살 ,,2021-03-06,2021-03-06,2.24,1.477
001606,2021-04-03,,2021-04-03,2021-04-03,p2,YYYY,2021.04.03,2021.04.03,2021.04.03까지,2021.04.03까지,2021-04-03,2021-04-03,1.67,0.186
001607,2021-04-03,,2021-04-03,2021-04-03,p2,YYYY,2021.04.03,,2021.04.03까지,,2021-04-03,2021-04-03,1.32,0.087
001608,2021-06-29,,2021-06-29,2021-06-29,p2,YYYY,2021.06.29,2021.06.29,2021.06.29,2021.06.29,2021-06-29,2021-06-29,0.98,0.164
001609,2021-06-29,,2021-06-29,2021-06-29,p2,YYYY,2021.06.29 022348,,2021.0 링활.4,,2021-06-29,,0.85,0.201
001610,2021-02-12,,2021-02-12,2021-02-12,p2,YYYY,0   01 1l-101 2021.02.12 300 100 200504150202917 2008062303559 10 20 ORIGINA   2,0  6 0 1l-101 2021.02.12 2300 2100 200504150202917 2008062303559 0 2102 ORIGINA ,© 식품으 제품 0 떡볶이 2021.02.12까X 내용량3009g 내용량100g 보2005041502029 2008062303559 포장재질 폴,©N 식품으R 제품  떡부이 2021.02.12까지 내용량300g 내용량1009 보20050415020297 2008062303559 포장재질 ,2021-02-12,2021-02-12,2.58,1.765
001611,2021-02-12,,2021-02-12,2021-02-12,p2,YYYY,2214 2021.02.12 ORIGINA ,,국민간식주어맛그 2021.02.12까X1 ORIGINA ,,2021-02-12,2021-02-12,1.88,0.347
001612,2022-02-25,,2022-02-25,2022-02-25,p2,YYYY,2022.02.25,,2022.02.25,,2022-02-25,2022-02-25,1.24,0.106
001613,2022-02-25,,2022-02-25,2022-02-25,p2,YYYY,2022.02.25,,2022.02.25,,2022-02-25,2022-02-25,1.05,0.075
001614,2020-09-03,,2020-09-03,2020-09-03,p2,YYYY,28    2020.09.03 09 50 ,2   8 2020.09.03 09 50 ,  A 한환경 2020.09.03 09:50 제조,  A  2020.09.03 09:50 제조,2020-09-03,2020-09-03,1.99,0.942
001615,2020-09-03,,2020-09-03,2020-09-03,p2,YYYY, 88 2 22022 2020.09.03 09 50 AESAM  ,,    2020.09.03 09:50 A DAESANG GUM 제,,2020-09-03,2020-09-03,1.52,0.583
001616,2021-12-15,,2021-12-15,2021-12-15,p2,YYYY,2021.12.15,,2021.12.15까,,2021-12-15,2021-12-15,1.61,0.093
001617,2021-12-15,,2021-12-15,2021-12-15,p2,YYYY,2021.12.15,,2021.12.15”,,2021-12-15,2021-12-15,1.38,0.089
001618,2023-10-06,,2023-10-06,2023-10-06,p2,YYYY,2023.10.06,,2023.10.06B,,2023-10-06,2023-10-06,1.23,0.099
001619,2023-10-06,,2023-10-06,2023-10-06,p2,YYYY,2023.10.06,,2023.10.06,,2023-10-06,2023-10-06,1.12,0.091
001620,2022-07-19,,2022-07-19,2022-07-19,p2,YYYY,2022.07.19,2022.07.19,2022.07.192,2022.07.19T2,2022-07-19,2022-07-19,1.42,0.209
001621,2022-07-19,,2022-07-19,2022-07-19,p2,YYYY,2022.07.19,,2022.07.192,,2022-07-19,2022-07-19,1.05,0.087
001624,2022-04-26,,2022-04-26,2022-04-26,p2,YYYY,2022.04.26,2022.04.26,2022.04.26.A,2022.04.26.A,2022-04-26,2022-04-26,0.7,0.157
001626,2021-07-03,,2021-07-03,2021-07-03,p2,YYYY,2021.07.03,2021.07.03,2021.07.03,2021.07.03,2021-07-03,2021-07-03,1.45,0.17
001627,2021-07-03,,2022-07-05,2022-07-05,p2,YYYY,2021.07.03,,2021.07.33,,2021-07-03,,1.08,0.106
001629,2021-07-23,,2021-07-23,2021-07-23,p2,YYYY,2021.07.23 0959,,2021.07.23 09:59B,,2021-07-23,2021-07-23,1.11,0.251
001630,2022-10-21,,2022-10-21,2022-10-21,p2,YYYY,0 2022.10.21,0 2022.10.21,유통기한 2022.10.21,유통기한 2022.10.21,2022-10-21,2022-10-21,1.28,0.504
001631,2022-10-21,,2022-10-21,2022-10-21,p2,YYYY,0 2022.10.21,,유 2022.10.21,,2022-10-21,2022-10-21,1.4,0.233
001632,2021-11-27,,2021-11-27,2021-11-27,p2,YYYY,2021.11.27,2021.11.27,2021.11.27,2021.11.27,2021-11-27,2021-11-27,3.63,0.222
001633,2021-05-12,,2021-05-12,2021-05-12,p2,YYYY,2021.05.12,,2021.05.12매,,2021-05-12,2021-05-12,3.85,0.162
001635,2021-12-22,,2021-12-22,2021-12-22,p2,YYYY,2020.12.23.05.32 2021.12.22  ,,2020-12-23.05:32부 2021.12.22/2 까지 부터,,2020-12-23;2021-12-22,2020-12-23;2021-12-22,1.57,0.383
001636,2021-12-22,2,2023-02-12,2023-02-12,p2,DDMMYY,2021.12.22/2 2020.12 223.0532  218,,2021.1:22:25:3 2020-12- 12-23·05:32 부터 '오리온,,2020-12-22;2021-12-22,2020-12-12;2023-12-12,1.6,0.399
001637,2021-04-12,,2021-04-12,2021-04-12,p2,YY_TAIL,21.04.12 ,,21.04.128 까지,,2021-04-12,2021-04-12,1.24,0.245
001638,2021-04-12,,2021-04-12,2021-04-12,p2,YY_TAIL, 21.04.12 1,, 21.04.12B 제,,2021-04-12,2021-04-12,0.98,0.317
001639,2021-02-28,,2021-02-28,2021-02-28,p2,YYYY,2021.02.28,,2021.0226,,2021-02-28,2021-02-26,1.54,0.107
001640,2021-02-28,,2021-02-28,2021-02-28,p2,YYYY,8 924236572 2021 02 28 07.23,,+ 222322 2021 02 28 07:236,,2021-02-28,2021-02-28,5.54,0.433
001641,2023-01-24,,2023-01-24,2023-01-24,p2,YYYY,2023.01.24,2023.01.24,2023.01.24,2023.01.24,2023-01-24,2023-01-24,2.34,0.206
001642,2022-03-19,,2022-03-19,2022-03-19,p2,D_MON_Y,22.maR 202 19 MAR 2022,, AR2,,2022-03-19,,0.98,0.201
001643,2021-10-16,,2021-10-16,2021-10-16,p2,DMY4,EXP.16.10.2021 4.1,,EXF:16. 10.20E1 ,,2021-10-16,2020-10-16,3.37,0.32
001645,2021-10-12,,2021-10-12,2021-10-12,p2,YYYY,2021/10/12,2021/10/12,·2021/1012M2,2021/10/12 M2,2021-10-12,2021-10-12,1.18,0.181
001646,2021-10-12,,2021-10-22,2021-10-22,ft/p2,EXTEND_R,,,,,,,4.42,0.0
001647,2021-12-14,,2021-12-14,2021-12-14,p2,YYYY,2021/12/14,,2021/12/14,,2021-12-14,2021-12-14,1.46,0.083
001648,2021-12-14,,2021-12-14,2021-12-14,p2,YYYY,PUU2511732 2021/12/14,,PCU2PS117L3X12 2021212114,,2021-12-14,,1.8,0.257
001649,2019-08-18,,2019-08-18,2019-08-18,redet,YYYY,2019.08.18,2019.08.18,2019.018.18까지,2019.018.18까지,2019-08-18,,3.03,0.207
001650,2019-08-18,,2019-08-18,2019-08-18,p2,YYYY,2019.08.18,,2019.08.18까지,,2019-08-18,2019-08-18,1.52,0.085
001651,2021-03-09,,2021-03-09,2021-03-09,p2,YYYY,2021.03.09,2021.03.09,2021.03.09,2021.03.09,2021-03-09,2021-03-09,1.65,0.188
001652,2021-03-09,,2021-03-09,2021-03-09,p2,YYYY,2021.03.09,,2021.03.09,,2021-03-09,2021-03-09,1.91,0.091
001653,2019-08-19,,2019-08-19,2019-08-19,p2,YYYY,2019.08.1916 05,2019.08.1916 0,2019.08.19 16:05단,2019.08.19 16:05단,2019-08-19,2019-08-19,1.0,0.356
001654,2019-08-19,,2019-08-19,2019-08-19,p2,YYYY,2019.08.1916.05,,2019.08.19 16: 05,,2019-08-19,2019-08-19,1.19,0.094
001655,2019-09-12,,2019-09-12,2019-09-12,p2,YYYY,  2019.09.121 10157 2222 19 28 8 E4,1  2019.09.121D 10157 222 4 8 8 E44,유기한: 순두부가 W62019.09.12 F10 10:571 앗있는 T지개  은여 담았습니다스,기한: 순두부가 62019.09.12 F1D 10:571 앗있는 지개  은을 성하여 았습니다,2019-09-12,,3.27,1.466
001656,2021-01-16,,2021-01-16,2021-01-16,p2,YYYY,2021.01.16 60Se.0,2021.01.16 60Se.,2021.01.16 6ose CoR,2021.01.160 6ose CoN,2021-01-16,2021-01-16,2.56,0.538
001657,2021-01-16,,2021-01-16,2021-01-16,p2,YYYY,2021.01.16,,2021-01-16,,2021-01-16,2021-01-16,1.26,0.092
001659,2022-10-05,,2022-10-05,2022-10-05,p2,YYYY,2022.10.05,2022.10.05,'2022.10.05,"""2022.10.05",2022-10-05,2022-10-05,3.87,0.242
001661,2022-04-26,,2022-04-26,2022-04-26,p2,YYYY,2022.04.26,2022.04.26,2022.04.26B,2022.04.26B,2022-04-26,2022-04-26,1.53,0.179
001662,2022-04-26,,2022-04-26,2022-04-26,p2,YYYY,2022.04.26,,2022.04.26B,,2022-04-26,2022-04-26,1.88,0.088
001663,2020-08-29,,2020-08-29,2020-08-29,p2,YYYY,28019   2020.08.29 ,280.138  0 2020.08.29 ,품신D-국권업이019 니다. 유통기한 102020.08.29 A 까지,A2-0199 은니. 유통기한 102020.08.29 A 까지,2020-08-29,2020-08-29,2.79,0.773
001664,2020-08-29,,2020-08-29,2020-08-29,p2,YYYY,022083 12 AE BA 08/1 2020.08.29,,   유통기한 기2020.08.29A,,2020-08-29,2020-08-29,2.92,0.493
001665,2021-01-28,,2021-01-28,2021-01-28,p2,YYYY,2021.01.28,2021.01.28,2021.01.28까,2021.01.28까,2021-01-28,2021-01-28,1.4,0.21
001667,2021-09-14,,2021-09-14,2021-09-14,p2,YYYY, 2021.09.14 , 2021.09.14 , 2021.09.14 까지, 2021.09.14 까지,2021-09-14,2021-09-14,2.2,0.646
001668,2021-09-14,,2021-09-14,2021-09-14,p2,YYYY,2021.09.14 23.1.03,,2021.09.14 9010,,2021-09-14;2023-01-03,2021-09-14,2.45,0.273
001669,2021-02-08,,2021-02-08,2021-02-08,p2,YYYY,2021.02.08 271,2021.02.08 71,2021.02.08까A [좋원기,"2021.02,088A 4좋원기",2021-02-08,2021-02-08,1.67,0.473
001670,2021-10-23,2,2021-10-23,2021-10-23,p2,YY, ..2. o160 4 7   20.10.2406.27 21.10.23  , 2..3..2.2 01601 4 27   20.10.2406.27 21.10.23  ,"  이  지 실아료일제 2 화제, 언하이드로 4일 달깔 고기 함유 기한 유통 20.1.24(06:27) 21:10.23A 부터 까지","    지  실아일 2 화제, 언하이드로 료4좋일, 달깔 고기 함유 기한 유통 20.1.24(06:27) 21:10.23A 부터 까지",2020-10-24;2021-10-23,2020-01-24;2021-10-23,3.39,1.938
001671,2021-10-23,2,2021-10-23,2021-10-23,p2,YY,  21060 458.9 121210 2a15044 romword.com 2  21.10.23 20.10.24/0617 A,,  이 합 문가함유  Woronwordcom  기한 21.10.23( 20.10.24(0627) 로은 리일까스,,2020-10-24;2021-10-23,2020-10-24;2021-10-23,2.09,0.695
001672,2021-05-19,,2021-05-19,2021-05-19,p2,YYYY, 2021.05.19, 2021.05.19,유통기한 통기2021.05:19까지,유통기한 통기2021.05:19까지,2021-05-19,,2.0,0.512
001673,2021-05-19,,2021-05-19,2021-05-19,dilate2/p1@640,YYYY,1 2021.05.19 221.105.19,,유기 기1 지,,2021-05-19,,5.38,0.317
001674,2021-07-18,,2021-07-18,2021-07-18,p2,YYYY, 2021.07 18, 2021.07 18,장하지즈 2021.07 18까지,장하지즈 2021.07 18까지,2021-07-18,2021-07-18,2.35,0.614
001675,2021-03-15,,2021-03-15,2021-03-15,p2,YYYY,2021.03.151526,2021.03.151526,2021.03.15까N 15:26 A,2021.03.15까N 15:26 A,2021-03-15,2021-03-15,2.16,0.268
001676,2021-03-15,,2021-03-15,2021-03-15,p2,YYYY,2021.03.151526,,2021.03.15N 15:26 A,,2021-03-15,2021-03-15,2.19,0.226
001677,2021-11-28,,2021-11-28,2021-11-28,p2,YYYY,2021.11.28,2021.11.28,2021.11.28E,2021.11.28E,2021-11-28,2021-11-28,1.72,0.199
001679,2021-03-16,2,2021-03-16,2021-03-16,p2,YYYY,2021.03.16,2021.03.16,2021.03.16까지,2021.03.16까지,2021-03-16,2021-03-16,2.3,0.164
001681,2022-10-22,,2022-10-22,2022-10-22,p2,YYYY,2022.10.22,2022.10.22,2022.10.22,2022.10.22,2022-10-22,2022-10-22,1.83,0.183
001682,2022-10-22,,2022-10-22,2022-10-22,p2,YYYY,2022.10.22,,2022.10.22,,2022-10-22,2022-10-22,1.75,0.175
001683,2021-11-14,,2021-11-14,2021-11-14,p2,DMY4,14/11/2021 1L,14/11/2021 1L,14/11/2021 1Le,14/11/2021 1Le,2021-11-14,2021-11-14,2.03,0.491
001684,2021-11-14,,2021-11-14,2021-11-14,p2,DMY4,1205 14/11/2021 1L 2UM DE MARAN RANGEMAE,,125.02 1411/2021 1Le 2UN E MARANIA SRANGE NACE.I,,2021-11-14,,1.11,0.395
001685,2021-11-29,2,2021-11-29,2021-11-29,p2,YYYY,2021.11.29 ,2021.11.29 ,2021.11.29 까지,2021.11.29 까지,2021-11-29,2021-11-29,2.52,0.443
001686,2020-11-27,,2020-11-27,2020-11-27,p2,YYYY, 2020.11.27, 2020.11.27,I특징 제조2020.11.27,I특징 제조2020.11.27,2020-11-27,2020-11-27,3.29,0.567
001687,2020-11-27,,2020-11-27,2020-11-27,p2,YYYY,2020.11.27,,202011.27,,2020-11-27,2020-11-27,2.04,0.114
001689,2021-06-22,,NONE,NONE,,,,,,,,,10.75,0.0
001690,2020-08-16,,2020-08-16,2020-08-16,p2,YYYY,2020 08 16,2020 08 16,"2020,08_16 RE","2020,08 16 RE",2020-08-16,,4.33,0.374
001691,2020-08-16,,2020-08-16,2020-08-16,p2,CMP,BEST BEFORE 2020 08 16 25111229,,"BEST BEFORE: 2020,38.16R 25111229",,2020-08-16,,2.64,0.329
001692,2021-07-03,,2021-07-03,2021-07-03,p2,YYYY,2021.07.03,2021.07.03,12021.07.03-,12021.07.03.,2021-07-03,,1.34,0.269
001694,2022-07-01,,2022-07-01,2022-07-01,p2,YYYY, 2022.07.01 5005,0 2022.07.01 5005,유통기한: 2022.07.01 까지 용량:500g,유통기한: 2022.07.01 까지 용량:500g,2022-07-01,2022-07-01,4.0,0.65
001695,2022-07-01,,2022-07-01,2022-07-01,p1@640,YYYY,2022.07.01 apdan.o,,2022.07.01까지 ow adangccom,,2022-07-01,2022-07-01,2.03,0.275
001696,2022-06-23,,2022-06-23,2022-06-23,p2,YYYY,2022.06.23,2022.06.23,2022.06.23,2022.06.23,2022-06-23,2022-06-23,1.66,0.229
001698,2021-12-22,,2021-12-22,2021-12-22,p2,YYYY, 02 2021.12.22 182 S2,2  2021.12.22182 S2,  2021.12.22 18:24 SH,  2021.12.22 18:24 SH2,2021-12-22,2021-12-22,2.3,0.707
001699,2021-12-22,,2021-12-22,2021-12-22,p2,YYYY,12  18 1612 21 0L 1.901 2. 2021.12.22 1824 ,,   인하세의 기가 있간 ;업고맛이는스  2021.12.22 18:24 (기),,2021-12-22,2021-12-22,1.41,0.583
001700,2021-10-27,,2021-10-27,2021-10-27,p2,YY,8     21.10.27    8 2     ,,     21.10.27A     A2     ,,2021-10-27,2021-10-27,7.06,0.861
001701,2021-10-27,,2021-10-27,2021-10-27,p2,YY, 21.10.27       ,, 21.10.27 A       ,,2021-10-27,2021-10-27,1.87,0.587
001702,2021-05-17,,2021-05-17,2021-05-17,p2,YYYY,  0 2021.05.17 01312,  0 2021.05.17 01312,"저나트륨우 클유기농 아기차즈"" 2021.05.17까지 D.이현경13:12","저나트륨우 를유기농 아기치프"" 2021.05.17까지 D.이현경13:12",2021-05-17,2021-05-17,1.9,0.799
001703,2021-07-16,,2021-07-16,2021-07-16,p2,YYYY,2021.07.16,2021.07.16,2021.07.16,2021.07.16,2021-07-16,2021-07-16,1.87,0.197
001704,2021-07-16,,2021-07-16,2021-07-16,p2,YYYY,12 07 2021.07.16 ,,12:07B 2021.07.16 까지,,2021-07-16,2021-07-16,1.87,0.317
001705,2021-06-04,,2021-06-04,2021-06-04,p2,YYYY, 2021.06.04 15 58 butter, 2021.06.04 15 58 butter,유통기한 2021.06.04 15:58 B butter,유통기한 한2021.06.04 15:58B butter,2021-06-04,2021-06-04,2.55,0.687
001707,2021-05-02,,2021-05-02,2021-05-02,p2,YYYY,Memeglue  2021.05.02,Momeglus 8 2021.05.02,Homeplu 정성가 2021.05.02,Homelu 정성가 2021.05.02,2021-05-02,2021-05-02,1.14,0.614
001708,2021-05-02,,2021-05-02,2021-05-02,p2,YYYY,50 2021.05.02,,정성가 2021.05.02,,2021-05-02,2021-05-02,1.18,0.246
001709,2021-04-12,,2021-04-12,2021-04-12,p2,YY,21.04.12 ,21.04.12 ,21.04.12A 까지,21.04.12A 까지,2021-04-12,2021-04-12,0.94,0.461
001710,2021-10-15,2,2021-10-15,2021-10-15,p2,YY,21.10.15 21.01.160734 5  4    080-024-6060,21.10.15 21.01.160734 5  4    080-024-6060,20. 21.01.16 07:34부  부터 까지 고객지원센터 080-024-6060,21.10.15 21.01.16 07:34 부 B 부터 까지 고객지원센터 080-024-6060,2021-10-15,2021-01-16;2021-10-15,1.96,1.077
001711,2021-10-15,2,2021-10-15,2021-10-15,p1@640,YY,21.10.15 21.01.15 07124 mE2A o. 080-024-6060,,21:11:16 21:0:1 AE  080-024-00,,2021-01-15;2021-10-15,,1.58,0.39
001712,2021-07-18,2,2021-07-18,2021-07-18,p2,YY,21.07.18 ,21.07.18 ,21.07.18 #3 까지,21.07.18 #3 까지,2021-07-18,2021-07-18,3.89,0.513
001713,2021-09-08,,2021-09-08,2021-09-08,p2,SP_DMY,08 09 21,,O8 .O 21,,2021-09-08,,5.9,0.318
001714,2021-09-08,d,2021-09-08,2021-09-08,p2,SP_DMY,08 09 21,,08 09 21,,2021-09-08,2021-09-08,2.48,0.302
001715,2021-02-07,,2021-02-07,2021-02-07,p2,YYYY,2021.02.07,2021.02.07,2021.02.07P1,2021.02.07P1,2021-02-07,2021-02-07,1.26,0.194
001716,2021-02-07,,2021-02-07,2021-02-07,p2,YYYY,2012 2115. 2021.02.07,,어국 국1등브랜드 2021.02.07P1,,2021-02-07,2021-02-07,1.36,0.293
001717,2021-02-08,,2021-02-08,2021-02-08,p2,YY,0E 21.02.08,0 21.02.08,유통기한 21.02.08까지,유통기한 21.02.08까지,2021-02-08,2021-02-08,1.25,0.452
001718,2021-02-08,,2021-02-08,2021-02-08,p2,YY_TAIL,21.02.08,,21.02.08까지,,2021-02-08,2021-02-08,0.86,0.078
001719,2021-03-11,,2021-03-11,2021-03-11,p2,YY,21.03.11,21.03.11,21.03.11까지B,21.03.11까지B,2021-03-11,2021-03-11,1.7,0.168
001720,2021-03-11,,2021-03-11,2021-03-11,p2,YY,21.03.11,,21.03.11까지B,,2021-03-11,2021-03-11,1.86,0.247
001721,2021-07-06,2,2021-07-06,2021-07-06,p2,YYYY,   28 2021.07.06 2021.01.07  ,   2 2021.07.06 2021.01.07  ,   ·부정 2021.07.06 2021.01.07 부터 까지,   ·부정 2021.07.06 2021.01.07 부터 까지,2021-01-07;2021-07-06,2021-01-07;2021-07-06,2.75,1.054
001723,2021-05-13,,2021-05-13,2021-05-13,p2,YYYY,2021.05.131,2021.05.13,"""2021.05.13 F1A1","""2021.05.13 F1A1",2021-05-13,2021-05-13,0.98,0.176
001724,2021-05-13,,2021-05-13,2021-05-13,p2,YYYY,2021.05.13F1,,2021.05.13 F1A1,,2021-05-13,2021-05-13,1.6,0.14
001725,2021-02-16,,2021-02-16,2021-02-16,p2,YYYY,2021.02.16 01,2021.02.16 01,2021.0.16까지A 1놓원기,2021.0.16까지A 놓원기,2021-02-16,,1.37,0.448
001726,2021-02-16,,2021-02-16,2021-02-16,koline,YMD_GLUED,2021.026,,202.0218A,,,,1.67,0.101
001728,2021-02-08,,2021-02-08,2021-02-08,p2,YYYY,2021.02.08,,2021:0208PTA,,2021-02-08,,1.33,0.084
001729,2021-03-13,,2021-03-13,2021-03-13,p2,YYYY,2021.03.13,2021.03.13,2021.03.13,2021.03.13,2021-03-13,2021-03-13,1.26,0.182
001730,2021-10-02,,2021-10-02,2021-10-02,p2,YYYY,2021.10.02,2021.10.02,E021.10.02,2021.10.028,2021-10-02,2021-10-02,1.21,0.175
001731,2021-10-02,,2021-10-02,2021-10-02,p2,YYYY,2021.10.02,,2021.10.02B,,2021-10-02,2021-10-02,1.18,0.086
001732,2022-11-18,,2022-11-18,2022-11-18,p2,YYYY,2022.11.18,2022.11.18,2022.11.18B,2022.11.18B,2022-11-18,2022-11-18,1.45,0.169
001733,2022-11-18,,2022-11-18,2022-11-18,p2,YYYY,2022.11.18,,2022.11.188,,2022-11-18,2022-11-18,1.22,0.087
001735,2022-01-20,,2022-01-20,2022-01-20,p2,YYYY,118011 121.00 428.11 008.222 EP 2022.01.20,,     2022.01.20(6),,2022-01-20,2022-01-20,1.27,0.484
001736,2021-02-08,,2021-02-08,2021-02-08,p2,YYYY,2021.02.08,2021.02.08,2021.02.08,2021.02.08,2021-02-08,2021-02-08,1.27,0.165
001738,2022-01-05,,2022-01-05,2022-01-05,p2,YYYY,2022.01.05,2022.01.05,20220105,20220105,2022-01-05,2022-01-05,1.17,0.17
001740,2022-11-01,,2022-11-01,2022-11-01,p2,YYYY, 2022.11.01, 2022.11.01,·품질유지기한 2022.11.0135,·품질유지기한 2022.11.0135,2022-11-01,2022-11-01,1.7,0.476
001741,2022-11-01,,2022-11-01,2022-11-01,p2,YYYY, 2022.11.01,,·유지기 2022 11.01,,2022-11-01,2022-11-01,1.11,0.227
001742,2021-10-26,,2021-10-26,2021-10-26,p2,YYYY,2021 10.26,2021 10.26,2021 10.26,2021 10.26,2021-10-26,2021-10-26,1.78,0.505
001744,2022-01-28,2,2022-01-28,2022-01-28,p2,YYYY,2021.01.29.01.1 2022.01.28/2   ON02,2021.01.29.0114 2022.01.28/2   OA,2021.01.29.01:14 2022.01.28/2N 까지 부터 AEL,2021.01.29.01:14 2022.01.28/2N 까지 부터 AEL,2021-01-29;2022-01-28,2021-01-29;2022-01-28,1.95,0.835
001745,2022-01-28,2,2022-01-NONE,2022-01-NONE,p2,YYMM, 21.0.22.014 202201.2,,유통기한 .083.0: .0.2.,,,,2.56,0.309
001746,2021-10-12,2,2021-10-12,2021-10-12,p2,YY,21.10.12,21.10.12,21.10.12,21.10.12,2021-10-12,2021-10-12,3.89,0.311
001748,2019-07-03,2,2030-12-14,2030-12-14,erode3/p1@1024,CMP6_YMD,20121,,온이라시,,,,10.29,0.113
001749,2019-07-03,,2020-01-10,2020-01-10,ft/erode2/p1@640,SP_DMY,,,,,,,10.06,0.0
001750,2021-06-28,,2021-06-28,2021-06-28,p2,YYYY,g8 .5 9 10m3  0 0  0  120 m 4 0.5 39 20  1011 10120 9  01 2021.06.28 2354 ,g8 .59 9 10mg 3  200 0  0  120 m 4 0.5 9 20  011 1120 9  01 2021.06.28 2354 ,mg 8%지방59 9  10mng3% 28 0% 0% %슘120mg 이단백질49 트랜스지방0.5g미만 포화지방39 20% 기준치에대한비 1일영양,mg 8%지방59 9 10mg % 8 0% 0% %슘120 mg 단백질49 텐스지방 .5q미만 표화지방39 20% 기준치에대한비 주1일영양성분 ,2021-06-28,2021-06-28,3.46,2.119
001751,2021-06-28,,2021-06-28,2021-06-28,p2,YY,2348 3 0440 0N 3 012123.54 2021.06.28,,    D0123:38 202106.28,,2021-06-28,2021-06-28,1.54,0.418
001752,2022-01-10,,2022-01-10,2022-01-10,p2,YY,22.01.10,22.01.10,22.01.10,22.01.10,2022-01-10,2022-01-10,1.02,0.191
001753,2022-01-10,,2022-01-10,2022-01-10,p2,EXTEND,.01.10,,2.01.10,,,,1.55,0.085
001754,2021-12-05,,2021-12-05,2021-12-05,p2,YYYY,EST EFORE 2021 1205,EST EFORE 2021 12 05,EST BEF0FE 2021 12,EST EFOFE 2021 12 45-,2021-12-05,,1.75,0.176
001756,2021-12-30,2,2021-12-20,2021-12-20,p2,YYYY,20  2212 715 2212 2020.12.21/0912 2021.12.30,20  2218 715 2212 2020.12.21/0912 2021.12.20,다이체 씬 오리은 기한 (주)오리은 2020.12.21/09:12 2021.12.20(3),다이체 씬 오리온 기한 (주)오리은 2020.12:21/09:12 2021.12.20(3),2020-12-21;2021-12-20;2021-12-30,2020-12-21;2021-12-20,2.22,0.967
001757,2023-03-09,,2023-03-09,2023-03-09,p1@640,D_MON_Y,09MAR2023,09MAR2023,09MSR2023,09M9R2023,2023-03-09,,3.25,0.219
001758,2023-03-09,,2023-03-09,2023-03-09,p2,D_MON_Y,09 MAR2023,,OMARCU23,,2023-03-09,,2.24,0.091
001759,2021-04-24,,2021-04-24,2021-04-24,p2,YYYY, 20108  29 7 5 09 canaaGntaY  E  A 57122 2 8242 005. 0  2014 5 2013044511682 11-,,"제품명 식품의유형 원재료명및함량 제조원 붙록보고번호 호창재질       유통기한2 넷츠월드하루견과 땅콩또는견과류가공품     /5 ,(구연 20",,2021-04-24,2021-04-24,3.35,2.751
001761,2021-11-22,,2021-11-22,2021-11-22,p2,YYYY,aegetaeols  p dUhydrogncarbOna 2021/11/22,,"suar, vetabl ils (palmte ent sdim hdrogen carbonate) -2021/11/22E9",,2021-11-22,2021-11-22,2.44,0.316
001762,2021-11-22,,2021-11-22,2021-11-22,p2,YYYY,suarVegetabl oils p nc 28.garg .1 cntain mil and egg maXmum 23 2021/11/22 Bestbe,,"sugar vegelable ils palm  so dre crbontel  cream 8, sugar, vegelable l our  nl r",,2021-11-22,2021-11-22,1.63,0.533
001763,2021-12-23,,2021-12-23,2021-12-23,p2,YYYY,2201.090a .49 0.1 2021.12.23 N182 1018 00,,"220 (1,0 cal 참께1.49% 참께향0.1% 2021.12.23 N182 노브랜드의이과실천 이미지사진",,2021-12-23,2021-12-23,1.61,0.447
001764,2021-12-23,,2021-12-23,2021-12-23,p2,YYYY,2201.090a 2021.12.23 N182 10,,"220 (1,090 Kca) 2021.12.23 N182 노브랜드의 이념과실션",,2021-12-23,2021-12-23,1.66,0.352
001765,2021-09-10,,2021-09-21,2021-09-21,p2,MON_DY,10/SEP/212136    3           ,,10/SEP/21I21:36               ,,,,1.88,0.935
001767,2021-06-29,2,2021-06-29,2021-06-29,p2,YYYY,2021.06.29 ,,2021.06.29 까지,,2021-06-29,2021-06-29,2.24,0.28
001768,2021-06-29,2,2021-06-29,2021-06-29,p1keep/p1@640,YYYY,2020.12.30/089 2021.06.29  25 ,,2020.12.30/08819 2021.06.29A 터 25%더도 가격은그,,2020-12-30;2021-06-29,2020-12-30;2021-06-29,1.72,0.439
001769,2021-12-22,,2021-12-02,2021-12-02,p2,YY,0  21.12.2 0 22  facebook 2130107 ,,업마손 더울달콤하고바삭해진 2112 파이  까지 facebook. 달콤한 선물이 가득 롯데제과,,2021-12-02,,1.68,0.552
001770,2019-10-18,2,2019-10-18,2019-10-18,p1@640,YY_TAIL,20 19.10.18,,찬마루 19.10.18까지,,2019-10-18,2019-10-18,1.8,0.259
001772,2020-08-07,,2020-08-07,2020-08-07,p1@640,YYYY,460  1218 2 76 213 2020.08.07  0,,"센에 내들드요 냅에 내울를부 1직접 가열시 4 식으리 국탑 꼬리공탕 2020,08.07까지A tip 3D3T",,2020-08-07,,2.41,0.627
001773,2020-08-07,,2020-08-07,2020-08-07,p2,YMD_GLUED,420  2020.08.07,,센물에 들드세요 비에 내울물를부은 2020.08.07까지 A,,2020-08-07,2020-08-07,3.26,0.365
001774,2021-04-02,,2021-04-02,2021-04-02,p2,YYYY,2021.04.02,,2021.04.02,,2021-04-02,2021-04-02,1.64,0.104
001775,2021-04-02,,2021-04-02,2021-04-02,p2,YYYY,2021.04.02,,221.4.02,,2021-04-02,,1.13,0.105
001778,2021-04-09,,2021-04-09,2021-04-09,p2,YY,21.04.091902 ,,21.04.09 19:02 까지,,,2021-04-09,1.58,0.273
001779,2021-04-09,,2021-04-09,2021-04-09,p2,YY,21.04.09 19 02 ,,21.04.09 19:02 까지,,2021-04-09,2021-04-09,1.87,0.256
001780,2020-09-01,2,2020-09-01,2020-09-01,p2,YYYY,E0207.90 .5 01399080 71 0 2020.03.02/1248 2020.09.01/2  ,E00207.9 .5 01399080 71  2020.03.02/12.48 2020.09.01/2  ,"(굴),토마토,땅콩 혼입 가능· 제품의 신선도 보족 유통 한 피해보상:직사광선을 피해 온·급도가 낮은 듯 유하 식품 신고:국번없이 1399·고객","(굴),토마토,땅콩 혼입 가능· 제품의 신선도 보족 유통 한 피해보상:직사광선을 피해 온·급도가 낮은 듯 유하 식품 신고:국번없이 1399.고객",2020-03-02;2020-09-01,2020-03-02;2020-09-01,5.43,2.245
001781,2020-09-01,2,2020-09-01,2020-09-01,erode2/p1@640,YYYY,    A. 6-4870 2 21    208 2  ACP   01175 200.000 20.0.0  ,,     165305194  AE     달깔말   ACPINR   BOTT13 2 T. 부터 까지,,,,5.65,1.26
001782,2022-10-01,,2022-10-01,2022-10-01,p2,YYYY,      240L1 2022/10.01 8 8 ,,      2401C1 2022/1001   ,,2022-10-01,2022-10-01,1.65,0.602
001783,2021-06-13,,2021-06-13,2021-06-13,p2,YYYY,2021.06.13,2021.06.13,2021.06.13까지,2021.06.13까지,2021-06-13,2021-06-13,0.79,0.172
001785,2021-09-19,,2021-09-19,2021-09-19,p2,YYYY,2021.09.19 D0F020,,EXP:2021.09.19 DDFO TC20 ,,2021-09-19,2021-09-19,0.95,0.177
001786,2021-09-19,,2021-09-19,2021-09-19,p2,YYYY,021.09.190O T0,,pP=2021.09.9 DFT0TC20,,,2021-09-09,0.73,0.07
001787,2020-12-NONE,,NONE-12-20,NONE-12-20,p2,MMDD,DrOetker ViTAIS nusper 12.20 L310,,DrOetker VITAIS Knusper 12.20 L310 1,,NONE-12-20,NONE-12-20,1.31,0.36
001788,2020-12-NONE,,NONE-12-20,NONE-12-20,p2,MMDD,etker VAS nusper HOney  12.20L310 ,,etiker VIAUS Knusper Honeys  1220 L310 1,,NONE-12-20,,1.28,0.427
001789,2021-01-16,,2021-01-16,2021-01-16,p2,YYYY,0 2021.01.16 15 02 ,,유통기한: 2021.01.16 15:02 GD11 까지,,2021-01-16,2021-01-16,0.93,0.314
001790,2021-01-16,,2021-01-16,2021-01-16,p1@640,YYYY,0 2021.01.165.02 G ,,유통기한 21016 152D T 까지,,2021-01-16,,0.93,0.278
001792,2020-08-13,,2020-08-13,2020-08-13,p2,YY, 20.08.13,,유통기한 20.08.13131,,2020-08-13,2020-08-13,3.85,0.282
001793,2021-11-07,,2021-11-07,2021-11-07,p2,YYYY,2021.11.07 07 241 0,,20211107 07:24F1 현미녹차,,2021-11-07,2021-11-07,2.56,0.416
001794,2021-11-07,,2021-11-07,2021-11-07,p2,YYYY,2021.11.07 0724  0,,2021.11.07 07:24F1 동서 고현미녹차,,2021-11-07,2021-11-07,2.01,0.395
001795,2021-01-27,,2021-01-27,2021-01-27,p2,YYYY,2021.01.27,,2021.01.27,,2021-01-27,2021-01-27,1.18,0.105
001796,2021-01-27,,2021-01-27,2021-01-27,p2,YYYY,2021.01.27,,2021.01.27,,2021-01-27,2021-01-27,1.54,0.127
001797,2020-05-26,2,2020-05-26,2020-05-26,ft/p1@1024,YY,,,,,,,13.53,0.0
001798,2021-10-10,,2021-10-14,2021-10-14,p2,YYYY,2021/10/14NoBrand,,ZxP:2021/10-14 NoBrand ,,2021-10-14,2021-10-14,2.12,0.266
001799,2021-10-14,,2021-10-14,2021-10-14,p2,YYYY,2021/1014NoBran,,EXP: 2021/10/14 NoBrand,,2021-10-14,2021-10-14,2.46,0.199
001800,2021-01-14,,2021-01-14,2021-01-14,p2,YYYY,202  2268  2EMA 4  2 .2N2 002 012040020 08 18 1.9m  0  2021.01.14 00 427,,"1미국선 설당식물성유지(말레  R통중변  절족사한  산당 연향료(바나 산류함유 1보상·부정,불량식품 신고 국번  벌려유한성이 있으 밀동하여 보관",,2021-01-14,,2.89,1.037
001801,2021-03-05,,2021-03-05,2021-03-05,p2,EXTEND,05.03.2 2021,,150 02,,2021-02-03,,3.09,0.269
001803,2021-01-15,,2021-01-15,2021-01-15,p2,YYYY,2021.01.15 H  APPLE COO ,,2021.01.15.B 해플 까지 APPLE COGKIE 흐쿠키,,2021-01-15,2021-01-15,1.36,0.403
001804,2021-01-15,,2021-01-15,2021-01-15,p2,YYYY,2021.01.15,,2021.01.15.Bm,,2021-01-15,2021-01-15,1.21,0.106
001805,2020-11-09,2,2020-02-10,2020-02-10,p1keep/p1@1024,YY,20.02.18 20.11.09 DA   ,20.02.18 20.11.09 DA   ,·무-19 :11:9 DA 부터 까지 고객지원센터,·19 :11: DA 부터 까지 고객지원센터,2020-02-18;2020-11-09,,3.55,1.179
001806,2020-11-09,2,2020-02-19,2020-02-19,ft/p1@640,YY,,,,,,,6.84,0.0
001807,2021-02-25,,2021-02-25,2021-02-25,p2,YY,39 9  21.02.25 ,,39 9% 21.02.25 B1 까지,,2021-02-25,2021-02-25,3.22,0.389
001808,2020-08-13,2,2020-08-13,2020-08-13,p2,YY,20.08.13,,20.08.13#3,,2020-08-13,2020-08-13,2.3,0.094
001809,2020-08-13,2,2020-08-13,2020-08-13,p1@640,YY,20.08.13,,20.08.13,,2020-08-13,2020-08-13,2.61,0.194
001810,2023-10-22,,2023-10-22,2023-10-22,p2,YY,EST Y 23.10.22,,BEST BV 23 10.22,,2023-10-22,,0.72,0.079
001811,2023-10-22,,2023-10-02,2023-10-02,erode2/p1@640,YY,EY 23.2,,BEST B 31.2,,,,1.96,0.068
001812,2021-03-26,2,2021-03-26,2021-03-26,p2,YYYY, 2021.03.26 01 saltine,,유통기한 한2021.03.26 까지 맛있는약속 SALTINE,,2021-03-26,2021-03-26,2.22,0.383
001813,2021-03-26,2,2021-03-26,2021-03-26,p2,YYYY, 2021.03.26 20. saltin,,유통기한 2021.03.26까 맛있는약속 SALTIN,,2021-03-26,2021-03-26,2.24,0.349
001814,2022-06-07,,2022-06-07,2022-06-07,p2,YYYY,2022.06.07 80116150166,,2022.06.07 8011615016631,,2022-06-07,2022-06-07,2.75,0.323
001816,2021-04-14,,2021-04-14,2021-04-14,p2,YYMM_GLUE,53  21.01.15 21.04.14 A1 4 2A  AAA6 0 N       .  0 04  ,53  21.01.15 21.04.14 A 4 274  MAANA 0 ON       .   69 2 ,무국산)53% 21-0115부EA 21.04.14까지 하선정 한식명가           삼무 새공한맛 559 내큼하게만든 라난함·무에양으고는국 ,무국산)53% 21-0115부EA 2104.14까지 하선정 한식명가           삼무 새금한맛359 내콤하게만는 라난함유·문에양식으고는국번,2021-01-15;2021-04-14,2021-04-14,4.38,2.988
001817,2021-04-14,2,2021-04-14,2021-04-14,p2,YY_TAIL,.58.  21.01.16 21.04.14 24020  2 A 68 4 2    0.2,,무국산)53% 21AA 2104.147  하선정  0 M 한식명 울맛 삼무 콤하게만든  ,,2021-04-14,,8.33,0.818
001818,2022-01-18,,2022-01-18,2022-01-18,p1keep/p1@640,YYYY,.   0  A  8 8 0 0262 05 2021.01.19 2022.01.18 0.4 ,2   0  .8 4  A8 0 26 0 2021.01.19 2022.01.18 042 ,2        은소이의거 ·제조일:     ·유통기한  보상소중한지원한경D2000 2021.01.19 2022.01.18 대두밀쇠고기함유 ,     은에의 ·제조일:   지  ·유통기한:  보상소중한D200 2021.01.19 2022.01.18 대두.밀쇠고기함유 ,2021-01-19;2022-01-18,2021-01-19;2022-01-18,4.34,2.725
001819,2022-01-18,2,2022-01-18,2022-01-18,p1@640,YYYY, 4   4    6 2 22  .20  2022.01.18 2021.01.19 A ,,              2022.01.18 2021.0.19 다두은 시기능은 ,,2021-01-19;2022-01-18,2022-01-18,2.61,1.033
001820,2020-09-01,,2020-09-01,2020-09-01,p2,YYYY,012090 1 w.nongshimcom 2020.09.01 2B021936,13090 1 w.nongshmcom 2020.09.01 2B021936,부정 식품 신고는 국번업이 1399 OTHER 본사서울특별시동작구여의대방로112(산대방동) ip:/ww.nongshim.com 2020.09.0,부정 품 신고는 국변업이 1399 OTHER 본사서울특별시동직구여의대방로 112(신대방동) ip:/ww.nongshim.com 2020.09.0,2020-09-01,2020-09-01,2.99,0.774
001821,2020-09-01,,2020-09-01,2020-09-01,p1@640,YYYY,.12 4 201   08-023-5181 .4808 2 2A     .onghim.com 262   219 1.8m 1  2024.01 202,,"   O ESA -25181 -218 22,280      p:/w.non.o    단백질19 스터 1.8mg 1%4. 2B021 2020.09",,2024-01-20,2020-09-01,2.41,1.43
001822,2021-06-09,,2021-06-09,2021-06-09,p2,YYYY,1871 2021.06.09,1871 2021.06.09,사용기한: 2021.06.09,사용기한: 2021.06.09,2021-06-09,2021-06-09,1.77,0.644
001823,2021-06-09,,2021-06-09,2021-06-09,p2,YYYY,8712 2 2021.06.09,,사용기한: 제조번호: 2021.06-09,,2021-06-09,2021-06-09,1.65,0.338
001824,2021-09-07,,2021-09-07,2021-09-07,p2,SP_DMY,07 09 21 292,07 09 21 29 24,07 09 21 나트를 40mig 2%수화24y,07 09 21 나트를 40mig 2% 수회물24y,2021-09-07,2021-09-07,3.37,0.538
001826,2021-09-19,,2021-09-19,2021-09-19,p2,DMY4,19/09/2021,19/09/2021,19/09/2021,19/09/2021,2021-09-19,2021-09-19,1.82,0.199
001827,2021-11-28,,2021-11-28,2021-11-28,p2,DMY4,28/11/2021,28/11/2021,28/11/2021 PL,28/11/2021 PL,2021-11-28,2021-11-28,1.94,0.172
001828,2021-11-28,,2021-11-28,2021-11-28,p2,DMY4,28/11/2021 20/1/2230.330 02.24,,2B/1221P 20090330 02:24,,2021-11-28,,2.8,0.314
001829,2021-03-07,,2021-03-07,2021-03-07,p1@1024,YYYY,2021.03.07,2021.03.07,U|0령1요:07깔지,U|령:7깔지,2021-03-07,,4.19,0.426
001832,2022-09-02,2,2020-09-02,2020-09-02,p1@1024,YYYY,l0100  2020.09.02 2309,0l0100  2020.09.02 2309,마카다미아 100% 203.2 230g,마카다미아 100% 2023.32 230g,2020-09-02,,2.67,0.72
001833,2022-09-02,,2022-03-NONE,2022-03-NONE,ft/erode2/p1@640,YYYYMM,,,,,,,7.03,0.0
001834,2022-07-12,,2022-07-12,2022-07-12,p1@1024,YY_LEAD0,022.07.1201 14,022.07.12011 147,022-0712 i4,022-07-12 i4,,2022-07-12,2.21,0.623
001835,2022-07-12,,NONE,NONE,,,,,,,,,7.88,0.0
001836,2021-10-02,,2021-10-02,2021-10-02,p2,YYYY,N355 2021.10.02,N355 2021.10.02,N355 2021.10.02까지A,N355 2021.10.02까지A,2021-10-02,2021-10-02,1.59,0.452
001837,2021-10-02,,2021-10-02,2021-10-02,p2,YYYY,25/395 69.. N355 552021.10.02,,35%/399(291021 N3552 52021.10.0277A,,2021-10-02,,1.17,0.301
001838,2021-10-15,,2021-10-15,2021-10-15,p2,YYYY,2021.10.15,2021.10.15,2021.10.15까지B,2021.10.15까지B,2021-10-15,2021-10-15,1.7,0.215
001839,2021-10-15,,2021-10-15,2021-10-15,p2,YYYY,2021.10.15,,2021.10.15까지B,,2021-10-15,2021-10-15,1.11,0.083
001840,2021-09-30,,2021-09-30,2021-09-30,p2,YYYY,2021.09.30,2021.09.30,2021.09.30 까지A,2021.09.30까지A,2021-09-30,2021-09-30,0.83,0.163
001841,2021-09-30,,2021-09-30,2021-09-30,p2,YYYY,2021.09.30,,2021.09.30까지A,,2021-09-30,2021-09-30,1.41,0.082
001843,2021-05-NONE,,2021-05-NONE,2021-05-NONE,p2,MMYYYY,05-2021,,05-2021<B>,,2021-05-NONE,2021-05-NONE,1.51,0.082
001844,2021-11-23,,2021-11-23,2021-11-23,p2,YYYY,EXP2021.11.23,,EXP:2021.11.23,,2021-11-23,2021-11-23,1.98,0.202
001845,2021-11-23,,2021-11-23,2021-11-23,p1@640,YYYY,E2021.11.23 PLO2,,ENP 1233 .PLa20,,2021-11-23,,1.38,0.252
001846,2021-09-23,,2021-09-23,2021-09-23,reread,YYYY,.2021/09/23,2021/09/23,-EF:221 719/23,-EP:2021/709/23,2021-09-23,,1.77,0.494
001847,2021-09-23,,2021-09-23,2021-09-23,p2,YYYY,E.2021/09/23 231209,,EX:202109/28 2S1E,,2021-09-23,2021-09-28,1.2,0.238
001848,2021-11-18,,2021-11-18,2021-11-18,p2,YYYY,.2021/11/18 NOBrand,.2021/11/18 NoBrand,EXP:20211118 No Brand,EXP:2021/1118 No Brand,2021-11-18,2021-11-18,1.96,0.435
001849,2021-11-18,,2021-11-18,2021-11-18,erode3/p1@640,YYYY,2021/11 18K107,,EXP:2021-111 10K107,,2021-11-18,,3.99,0.275
001850,2021-12-16,,2021-12-16,2021-12-16,p2,YYYY,/2021/12/16 NoBrand,2021/12/16 NoBrand,EXP:20211216 No Brand,EXP:20211216 No Brand,2021-12-16,2021-12-16,1.97,0.52
001851,2021-12-16,,2021-12-16,2021-12-16,p2,YYYY,2021/12/16,,EXP:202111316,,2021-12-16,,1.81,0.195
001852,2022-08-13,,NONE,NONE,,,,,,,,,19.0,0.0
001853,2022-08-13,,NONE,NONE,,,,,,,,,8.88,0.0
001854,2022-01-18,,2022-12-10,2022-12-10,p1@640,YYYY,  2  202 2022.     282419 180 . 02-3431-0100  20170275127-21 91  2135  01.18  2 ,021  2  2028 2022.      10 . 02-3431-0100 0 20170275127-21 1  2135  01.18  2 ,유통기한 ※가열시 ※저온보관시동결현상 반용및 및교환 2022. 취급시주의사항 가없습니다 하단별도 시향이날이 고 관매원 및구입처 수이아날리하 병(,유통기한 ※가열시 ※저온 보관시동결현상 반및 및교환 2022. 취급시주의사항 가없습니다 하단별도 시향이날이 고관매원및구입처 수페이이날리하 (유리,2022-10-02,,2.82,2.561
001855,2023-10-28,,2023-10-28,2023-10-28,erode2/p1@640,D_MON_Y,28.0ct.2023,,280ct2023,,2023-10-28,,5.63,0.191
001856,2023-10-28,,2023-10-28,2023-10-28,p1@640,D_MON_Y, 20207 28.0ct2023,,RALA 021 280ct20e3,,2023-10-28,,1.66,0.321
001857,2022-07-17,,2022-07-17,2022-07-17,p2,DMY4,17/07/2022 ATCHNO ESTBEFOR ,17/07/2022 ATCH NO ESTBEFORE ,1707-202 ATCH NO EST BEFORE: ,11707-2022 ATCH NO: EST BEFORE: ,2022-07-17,,2.33,0.73
001859,2022-07-08,,2022-07-08,2022-07-08,p1@640,YYYY,2022/07/08,2022/07/08,2,2,2022-07-08,,1.96,0.173
001860,2022-07-06,,2030-10-05,2030-10-05,erode2/p1@640,CMP6_YMD,8001005.964012,,,,,,5.41,0.097
001861,2023-06-18,,2023-06-18,2023-06-18,p2,SP_DMY,Ep18 06 23,Ep 18 0623,Exp:180623,Exp:18 06 23,2023-06-18,2023-06-18,4.67,0.322
001862,2023-06-18,,2023-06-18,2023-06-18,p2,SP_DMY,Ep 18 06 23,,Exp:180623,,2023-06-18,2023-06-18,3.39,0.13
001863,2023-08-04,,2023-08-04,2023-08-04,p1@640,DMY4,A 04/08/2023,5MA6 04/08/2023, 04d8/2023, 0408/2023,2023-08-04,,1.95,0.502
001864,2023-08-04,,2023-08-04,2023-08-04,ft/p2,DMY4,,,,,,,10.52,0.0
001865,2021-09-17,,2021-09-17,2021-09-17,p2,YYYY,2021.09.17,2021.09.17,2021.09.17L1,2021.09.17 L1,2021-09-17,2021-09-17,0.75,0.197
001866,2021-09-17,,2021-09-17,2021-09-17,p2,YYYY,2021.09.17,,2021.09.17L1,,2021-09-17,2021-09-17,0.75,0.074
001867,2022-07-NONE,,2022-07-NONE,2022-07-NONE,p2,MON_Y,EST BY  2022,EST BY2022,BEST BY JUL 2022,YBEST BY ML 2022,,2022-07-NONE,1.18,0.173
001868,2022-07-NONE,,NONE,NONE,,,,,,,,,10.41,0.0
001869,2021-09-26,2,2021-09-26,2021-09-26,p2,DMY4,26/09/2021FOREXPOR,E26/09/2021FREXPR,H ENP: 26/09/2021 FOR EXPORT ,EXP: 26/09/2021 FOR EXPORT ,2021-09-26,2021-09-26,2.95,0.457
001870,2021-09-26,2,2021-09-26,2021-09-26,p1@640,DMY4,26/0/202 .2611/220.151426,,EKP EE FPE MFG:2-12 E5 12,,,,1.19,0.232
001871,2022-11-10,2,2022-11-10,2022-11-10,p1keep/p1@640,YYYY,.2022/11/10 R2020/11/10 isitwww.real recpes anghoLamBang,2022/11/10 RO2020/11/10 isitwww.rea recpes ngKhoLaemBangk,"E (D) PR1:2020/11! e visit www.real-t reopes Bang Kho Laem, Bangkok 101","E (D) PR1:2020/11/1 e visit www.real-t reopes Bang Kho Laem, Bangkok 101",2020-11-10;2022-11-10,2020-11-01,1.97,0.867
001872,2022-10-14,,2022-10-14,2022-10-14,p2,YYYY,2022.10.14,2022.10.14,2022-10.14L4,2022-10.14L4,2022-10-14,2022-10-14,3.43,0.238
001874,2021-10-22,d,2022-10-21,2022-10-21,p2,YY,22.10.21,22.10.21,22.10.21,22.10.21,2022-10-21,2022-10-21,2.84,0.18
001875,2022-10-21,,2022-10-21,2022-10-21,p1keep/p1@640,YY,570211 201 22.10.21,,5702120201 522.10.21,,2022-10-21,,1.57,0.261
001876,2021-09-30,d,2021-09-30,2021-09-30,p2,DDMMYY,30/09/21,30/09/21,B80 30/09/21,B8030/09/21,2021-09-30,2021-09-30,4.74,0.233
001877,2021-11-03,,2021-11-03,2021-11-03,p2,DMY4,03/11/2021 18.22 ,03/11/20211822 ,03/11/2021H3 18:22 ,03/11/2021 H3 18:22 ,2021-11-03,2021-11-03,2.17,0.636
001878,2021-11-03,,2021-01-03,2021-01-03,p1@640,DMY4,03/1/20213 1822,,121382,,,,1.38,0.082
001879,2021-09-01,,2021-09-01,2021-09-01,p2,YYYY,2021.09.01,2021.09.01,12021 09 01,12021 09 01,2021-09-01,,4.55,0.423
001880,2024-09-01,,2025-06-02,2025-06-02,ft/p1keep/blur1/p1@640,SP_DMY,,,,,,,8.36,0.0
001881,2021-06-20,,2021-06-20,2021-06-20,p2,Y_MON_D,2021 JUN 20,2021 JUN 20,2021 JUN 20,2021 JUN 20,2021-06-20,2021-06-20,1.23,0.174
001882,2021-06-20,,2021-06-20,2021-06-20,p1@640,Y_MON_D,2021 JUN 20,,2021 JUN 2OD,,2021-06-20,2021-06-20,1.22,0.082
001883,2021-09-09,,2021-09-09,2021-09-09,p2,DMY4,09/09/2021,09/09/2021,09/09/2021,09/09/2021,2021-09-09,2021-09-09,3.12,0.198
001885,2021-12-05,2,2021-12-05,2021-12-05,p2,YYYY,EXP 2021-12-05,EXP 2021-12-05,EP 2021-12-05,EP 2021-12-05,2021-12-05,2021-12-05,3.67,0.495
001886,2021-12-05,2,2021-12-05,2021-12-05,p2,YYYY,EXP PROD 2021.12.05 09.0 241 103618.59 2021-12-05 2020-06-05 100961833 DANONE,,EXP PROD: 20225 0070221 11039618:59 2021-12-05 2020-06-05 1009618339 DANONe,,2020-06-05;2021-12-05,2020-06-05;2021-12-05,2.12,0.573
001887,2023-08-22,,2023-08-22,2023-08-22,p2,YYYY,E 2023 08 22,E 2023 08 22,BBE2023 08 22,BBE2023 08 22,2023-08-22,2023-08-22,1.39,0.189
001888,2023-08-22,,2023-08-22,2023-08-22,p1@640,YYYY,PHC 22308 2,,KPHCD2 2,,,,1.06,0.24
001889,2021-08-31,,2021-08-31,2021-08-31,p2,D_MON_Y,BEST Y 31AUG21,BEST Y 31AUG21,BEST BY 31AUG21',BEST BY 31AUG21',2021-08-31,2021-08-31,2.51,0.536
001890,2021-08-31,,2021-08-31,2021-08-31,p1@640,D_MON_Y,BEST Y 31AUG21,,BEST BV 31RUG21',,2021-08-31,,1.3,0.083
001891,2022-05-22,,2022-05-22,2022-05-22,p2,YYYY, 03283404 2022.05.22 09.25, 03283404 2022.05.22 09.25, 03283404 2022.05.22 09:25, 03283404 2022.05.22 09:25,2022-05-22,2022-05-22,1.68,0.716
001893,2021-03-19,,2021-03-19,2021-03-19,p2,YYYY,2021.03.19 902730  0,2021.03.19 90g2730  ,2021.03.19 90g×2개입우유30% 이미지사진,2021.03.19 90g×2개입우유30% 이미지사진,2021-03-19,2021-03-19,1.88,0.639
001894,2021-03-19,,2021-03-19,2021-03-19,p2,YYYY,2021.03.19 902//930 ,,2021.03..19 90 ×239%,,2021-03-19,2021-03-19,1.29,0.238
001895,2021-03-17,,2021-03-17,2021-03-17,p2,YYYY,2021.03.17 90g2710,2021.03.17 90g2710,2021.03.17 90g×2개입우유10%,2021.03.17 90g×2개입우유10%,2021-03-17,2021-03-17,1.55,0.52
001897,2021-05-29,,2021-05-29,2021-05-29,p2,MON_DY,EP MAY 29 2021,EP MAY 29 2021,EP PMAY 29 2021,EP PMAY 29 2021,2021-05-29,,0.93,0.419
001898,2021-05-29,t,2021-05-29,2021-05-29,p2,MON_DY,AY 29 2021,,P HAY 29 2021,,,,1.04,0.101
001900,2021-11-29,,NONE,NONE,,,,,,,,,16.58,0.0
001901,2021-10-28,,2021-10-28,2021-10-28,p2,DMY4,28.10.2021,28.10.2021,28.10.2021,28.10.2021,2021-10-28,2021-10-28,2.0,0.193
001902,2021-10-28,,2021-10-28,2021-10-28,p2,DMY4,28.10.2021,,28.10.2021,,2021-10-28,2021-10-28,1.62,0.087
001903,2027-08-21,2,2027-08-21,2027-08-21,p2,YY,80.27/08/21,BBD.27/08/21,BBD.27/08/21,B80.27/08/21,2027-08-21,2027-08-21,2.86,0.231
001904,2022-01-15,,2022-01-15,2022-01-15,p2,YYYY,EX2022.01.15,EX2022.01.15,EXP:2022.01.15,EXP: 2022.01.15,2022-01-15,2022-01-15,2.07,0.188
001905,2022-01-15,,2022-01-15,2022-01-15,p2,YYYY,EX2022.01.15 PA211,,EXP:2022.01.15 PA21IS,,2022-01-15,2022-01-15,1.9,0.242
001906,2021-09-03,2,2021-09-03,2021-09-03,p2,DMY4,22/2 20322 03.0.2 03.09.2020 03.09.2021 203221/37 ,, 2  03.09.2020 03.09.2021 203221/372 ,,2020-09-03;2021-09-03,2020-09-03;2021-09-03,1.38,0.446
001907,2021-08-16,,2021-08-16,2021-08-16,p2,YYYY,  0101 0 2021.08.16 71 80115755298,  0101 2 2021.08.16 71 801157552983,후디스 바나나웨하스 아이밀 남남 2021-08.16 유통기한 81801157552983,후디스 바나나웨하스 아이밀 남남 2021-.16 유통기한 81801157552983,2021-08-16,2021-08-16,1.47,1.113
001908,2021-08-16,,2021-08-16,2021-08-16,p2,YYYY,2021.08.16,,2021-08.16,,2021-08-16,2021-08-16,1.62,0.089
001909,2021-12-29,,2021-12-29,2021-12-29,p2,YYYY,              2021.12.29   19  ,              2021.12.29   19  ,              2021.12.29     ,              2021.12.29     ,2021-12-29,2021-12-29,2.6,2.358
001910,2021-05-07,2,2021-05-07,2021-05-07,p1@640,YYYY,2021.05.07 01 oodis.co 02049-200,2021.05.07 01 oodis.com 02049-000,2021.05.07 0도행 홈페이ww.tdis.com 지순고객상담: 022049-200,2021.05.07 이도행 페이ww.fodis.com 지순고객상: 02)2049-000,2021-05-07,2021-05-07,5.1,0.918
001911,2021-05-21,,2021-05-21,2021-05-21,p2,D_MON_Y,21MAY2021 3,21MAY2021 3,21MH12021. ,21MH12021 ,2021-05-21,,2.72,0.476
001912,2021-05-21,,2021-05-21,2021-05-21,p2,D_MON_Y,21MAY2021 014251591,,21MAY221 04251P,,2021-05-21,,2.11,0.257
001913,2021-09-14,,2021-09-14,2021-09-14,p2,YYYY, 00  2021.09.14 , 00  2021.09.14 ,초유웨하스 '우유 유통기한: 2021.09.14 까지,초유웨하스 '우유 유통기한: 2021.09.14 까지,2021-09-14,2021-09-14,1.89,0.884
001914,2021-09-14,,2021-09-14,2021-09-14,p2,YYYY,21 00 r01 6  2021.09.14,,우디스 초유웨하스 아입밀 압상 우유 2021-09.14,,2021-09-14,2021-09-14,1.23,0.465
001915,2021-06-24,,2021-06-24,2021-06-24,p2,MON_DY,EP JUN 24 2021,EP JUN 24 2021,ERP JUN 24 2021,ERP JUN 24 2021,2021-06-24,2021-06-24,1.46,0.205
001916,2021-06-24,,2021-06-24,2021-06-24,p2,MON_DY,EPJUN 24 2021,,EXP JUN 4221,,,,1.14,0.118
001917,2021-05-25,,2021-05-25,2021-05-25,p2,DMY4,25.05.2021,25.05.2021,25.05.2021,25.05.2021,2021-05-25,2021-05-25,1.24,0.175
001919,2023-12-20,,2023-12-20,2023-12-20,p2,YYYY,2023/12/20,2023/12/20,EXP:2023/12/20,EXP:2023/12/20,2023-12-20,2023-12-20,2.45,0.174
001920,2022-10-15,,2022-10-15,2022-10-15,p2,YYYY,7 2022.10.15 ,E71 2022.10.15 ,·유통기한: :2022.10.15 까지,·유통기한: :2022.10.15 까지,2022-10-15,2022-10-15,8.4,0.823
001922,2022-06-14,,2022-06-14,2022-06-14,p1@640,YYYY,0 2022.06.14 ,0 2022.06.14 ,유통기한 2022. 06.14 까지,유통기한 2022. 06.14 까지,2022-06-14,2022-06-14,3.32,0.693
001923,2022-06-14,,2022-06-14,2022-06-14,p2,YYYY, 7 2012901 2022.06.14 ,,제조번호: 유통기한 2012901 2022. 06. 14 까지,,2022-06-14,2022-06-14,2.39,0.42
001924,2022-01-21,b,NONE,NONE,,,,,,,,,20.23,0.0
001926,2021-04-27,,2021-04-27,2021-04-27,p2,YYYY,70m 2021.04.27,70m 2021.04.27,구운피스타치오 2021.04.27까지,구운피스티치오 2021.04.27까지,2021-04-27,2021-04-27,1.16,0.513
001927,2021-04-27,,2021-04-27,2021-04-27,p2,YYYY,70 2021.04.27 1209,,구운피스타치오 2021.04.27까지 120g,,2021-04-27,2021-04-27,1.21,0.336
001928,2022-01-14,,2022-01-14,2022-01-14,p2,YYYY,2022.01.14,2022.01.14,"""2022.01.14","""2022.01.14",2022-01-14,2022-01-14,1.32,0.225
001930,2022-01-01,,2022-01-01,2022-01-01,p2,YYYY, 2022.01.01, 2022.01.01,유통기한 2022.01.01,유통기한 2022.01.01,2022-01-01,2022-01-01,1.98,0.467
001931,2022-01-01,,2022-01-01,2022-01-01,p2,YYYY,7 2022.01.01,,유통기한 2022.01.01,,2022-01-01,2022-01-01,1.58,0.245
001932,2022-01-22,,2022-01-22,2022-01-22,p2,YYYY,2022.01.22,2022.01.22,2022.01.22,2022.01.22,2022-01-22,2022-01-22,0.86,0.169
001933,2022-01-22,,2022-01-22,2022-01-22,p2,YYYY,2022.01.22,,2022.01.22,,2022-01-22,2022-01-22,0.81,0.106
001934,2022-03-29,,2022-03-29,2022-03-29,p2,YYYY,2 19g 35  2022.03.29, 19g 35  2022.03.29,  19g 35% 2022.03.29,n 19g 35% 2022.03.29,2022-03-29,2022-03-29,5.02,0.864
001935,2022-03-29,,2022-03-29,2022-03-29,p2,YYYY,0 29.03 2022.03.29,, 3298 2022..29,,2022-03-29,,2.18,0.347
001936,2021-12-21,,2021-12-21,2021-12-21,p2,DDMMYY,21/12/21,21/12/21,2112/21,21212/21,2021-12-21,2021-12-21,2.37,0.22
001937,2021-12-21,,2021-12-21,2021-12-21,p2,YY,212 21/12/21,,를2 21/12/21,,2021-12-21,2021-12-21,4.65,0.27
001939,2021-03-14,,2021-03-14,2021-03-14,p2,DDMMYY,L02193707622.33.14.03.21,L021937076 22.33.14.03.21,—L21931076 2:3 14.0.21,L21931076 2:3 14.0.21,,,1.84,0.334
001940,2021-03-14,b,2021-03-14,2021-03-14,erode2/p1@640,DDMMYY,021987622314.0.2,,L02193076 2-3 4.8.211,,,,4.36,0.138
001941,2022-05-27,,2022-05-27,2022-05-27,p2,DMY4,27.05.202 211220BC,27.05.202 211220C,-BE27.05.202 21220BCTA,-BE27.05.202 211220:BCIA2,,,1.3,0.513
001943,2023-09-29,,2023-09-29,2023-09-29,p1@640,YYYY,TR2023-092909,TR2023-092909,BE0 2--03:5,E  2-0-055,,,2.12,0.413
001944,2023-09-29,t,NONE-09-29,NONE-09-29,ft/dilate2/p1@640,MMDD,,,,,,,8.97,0.0
001945,2021-08-NONE,,2023-03-06,2023-03-06,ft/erode3/p1@640,SP_DMY,,,,,,,20.42,0.0
001947,2022-08-10,2,2022-08-10,2022-08-10,p2,D_MON_Y,10AUG 2022,10AUG 2022,EXP:10 AUE 2022,EXP: 10 AU6 2022,2022-08-10,,2.64,0.208
001948,2022-08-10,2,2022-08-10,2022-08-10,dilate2/p1@640,D_MON_Y, 106 2022 10U6 2022 010020.10,, EP: 10 AU2022  10 622020 :20 10-805,,,,6.47,0.817
001949,2023-07-16,d,2023-07-16,2023-07-16,p2,CMP6_DMY,16 07 23,16 07 23,16 07 23,16 07 23,2023-07-16,2023-07-16,1.97,0.273
001950,2023-07-16,,2023-07-16,2023-07-16,erode2/p1@640,SP_DMY,16 07 23,,16 0723,,2023-07-16,,2.77,0.084
001951,2022-09-16,,2022-09-16,2022-09-16,p2,DMY4,16.09.2022,16.09.2022,16.09.2022 11,16.09.2022L1,2022-09-16,2022-09-16,1.78,0.166
001952,2022-09-16,,2022-09-16,2022-09-16,p2,DMY4,16.09.2022,,16.09.2022 L1,,2022-09-16,2022-09-16,0.97,0.124
001953,2021-10-NONE,,2021-01-04,2021-01-04,p1keep/dilate2/p1@1024,YYYY,Aconsommerderefee es/Cabohydae5 OCT.2021 20 213mg 116 01.9 230 99 179 2125m 86 e,,"consommer de pefterenec hucdes/Csrboh ys5 OCT.2021""  나트 213rng 11% 포 무장:중이(내포장리어",,2021-10-05,2021-10-05,25.09,1.603
001954,2021-10-NONE,,2021-07-04,2021-07-04,p1keep/p1@640,YYYY,AcnSomere  OCT.202  0 29184297 4842 8 20 25 8 toeich  P 4   4 40 4A8 19  29 16 9,,"Aconsomerdeelerences hlea redsmg OCT, 2027     유통동기한  5mg  od neie vegt ingict. ",,,,2.78,1.551
001955,2021-10-NONE,,2021-10-NONE,2021-10-NONE,p1@640,MON_Y,OCT.202,OCT.202,acor OCT.2Oe:,a co- OCTb2Oe:,,,3.72,0.22
001956,2021-10-NONE,,2021-10-NONE,2021-10-NONE,p1@640,MON_Y, OCT 2021 t 40 EMB 29 168 34884,,"acoeaem: -OCT-202c ld t  ett, 4 EMB 29 168A 3488",,2021-10-NONE,,2.29,0.452
001957,2021-10-NONE,,2021-10-NONE,2021-10-NONE,p2,MON_Y,2    01  260139 2.10 0322979 2451 000 TEL.02 98 70 60 73-FAX 02 98 70 694 2349 w,2   . /.01  260139 2.1  229 79 2 00 TEL.02 98 70 60 73-FAX 02 98 70 694 2499 www,파드브의 유과자 내용 80 (20kcaVm  BSCUELAPONEORAZSC  제품드Bestbefre:/  eeor 울신고:국변업에0139 9.,파드브시의 유과자 내용8g (46kca)Vem  BSCUELAPONEORZSOC (. 제품별도시 Best efore o eori 등신고-국변어0,,2021-10-NONE,4.83,5.472
001958,2020-11-13,,2020-11-13,2020-11-13,p2,YYYY,2020.11.13,2020.11.13,조2020.11.13,조2020.11.13,2020-11-13,2020-11-13,3.28,0.203
001959,2020-11-13,,2020-11-13,2020-11-13,p2,YYYY,2020.11.13,,조2020.11. 13,,2020-11-13,2020-11-13,2.44,0.139
001960,2022-06-15,,2022-06-15,2022-06-15,p2,DMY4,L7 166 /15-06-2022,L7 1660/15-06-2022,L7166 0/15-06-2022,L7166 0/15-06-2022,2022-06-15,2022-06-15,3.82,0.503
001961,2027-03-21,,2027-03-21,2027-03-21,p2,YY,27/03/21 1101,27/03/21 1101,27403/21 11:01,27/03/21 11:01,2027-03-21,2027-03-21,1.72,0.199
001963,2021-10-09,2,2021-10-09,2021-10-09,p1@640,YYYY,2021.10.09,2021.10.09,g기2021.10.09,2021.10.09,2021-10-09,2021-10-09,2.29,0.181
001965,2023-10-12,,2023-10-12,2023-10-12,p2,YYYY,2023.10.12,2023.10.12,2023.10.12,2023.10.12,2023-10-12,2023-10-12,1.34,0.174
001966,2023-10-12,,2023-10-12,2023-10-12,p2,YYYY,2023.10.12,,2023.10.12,,2023-10-12,2023-10-12,1.32,0.097
001967,2022-08-24,,2022-08-24,2022-08-24,p2,YYYY,2022.08.24,2022.08.24,2022.08.24,2022.08.24,2022-08-24,2022-08-24,1.9,0.187
001968,2022-08-24,,2022-08-24,2022-08-24,p2,YYYY,2022.08.24,,2022.08.24,,2022-08-24,2022-08-24,1.37,0.09
001969,2021-08-NONE,,2030-02-02,2030-02-02,p2,SP_DMY,                    ,                    ,                    ,                    ,,,4.66,2.414
001970,2021-06-18,,2021-06-18,2021-06-18,p2,DMY4,hocobelle 18.06.2021,hocobelle 18.06.2021,Chocobelle 18.06.2021,Chocobelle 18.06.2021,2021-06-18,2021-06-18,1.76,0.556
001971,2021-06-18,,2021-06-18,2021-06-18,p2,DMY4,hocobelle 18.06.2021,,Chocobelle 18.06-2021,,2021-06-18,2021-06-18,1.5,0.247
001972,2023-03-15,,2023-03-15,2023-03-15,p2,YYYY,8712023.03.15,87/2023.03.15,사용기한:2023.03.15 ,사용기한:2023.03.15,2023-03-15,2023-03-15,2.69,0.482
001973,2023-03-15,,2023-03-15,2023-03-15,p1@640,YYYY,10 6122  /2023.031 20006 0.18 ,,하메론S (이입무로)  :283.3.15 제조벌:2006 0.18%,,,,1.55,0.472
001974,2021-09-NONE,,2021-09-NONE,2021-09-NONE,p2,MMYYYY, Tavsiyeedilen tketm kGidaKodeksneuygundr. 09.2021-14.35/1914619 Net.147 MenseTu, Tavsiyeedilen tketm TkGidaKodeksine uygundur 09.2021-14.35/1914619 Net.147 Mens, Tavsiye edilen tuketim  TurkGida Kodeki'ne uygundur. 09.2021-14:35/1914619 t Me, Tavsiye edilen tuketim  Turk-Gida Kodeksi'ne uygundur. 09.2021-14:35/1914619 Ne,2021-09-NONE,2021-09-NONE,3.94,1.48
001975,2021-02-26,d,2026-02-21,2026-02-21,p1keep/p1@640,YY,e 51 0.1398 TET26.02.21,re 510.1398 TET26.0221,ge S1 2E1LIE21,ge 1 21L5921,2026-02-21,,3.25,0.655
001978,2020-11-04,,2020-11-04,2020-11-04,p2,YYYY,2020.11.04 4020138,2020.11.04 4820138,2020.11.041 208,2020.11.041 4208,2020-11-04,2020-11-04,0.95,0.436
001982,2021-10-20,,2021-10-20,2021-10-20,p2,YYYY,2021.10.20,2021.10.20,202110.20,202110.20,2021-10-20,2021-10-20,0.97,0.18
001983,2021-10-20,,2021-10-20,2021-10-20,p2,YYYY,2021.10.20,,2021 1020,,2021-10-20,,1.09,0.077
001984,2022-01-19,,2022-01-19,2022-01-19,p2,YYYY,2022.01.19,2022.01.19,2022.01.19H,2022.01.194,2022-01-19,2022-01-19,2.69,0.285
001985,2022-01-19,,2022-01-19,2022-01-19,p2,YYYY,2022.01.19,,2022.01.19,,2022-01-19,2022-01-19,1.88,0.14
001986,2023-01-04,,2023-01-04,2023-01-04,p2,YYYY,2023.01.04,2023.01.04,2023.01.04,-2023.01.04,2023-01-04,2023-01-04,1.68,0.189
001987,2021-12-28,,2028-08-28,2028-08-28,ft/p1@1024,CMP6_DMY,,,,,,,18.33,0.0
001988,2021-12-28,,2025-12-28,2025-12-28,p1keep/up2/p1@1280,YYYY,   2021 12 .28380,   2021 12 .28380,   2025 12. 283a0kn,   2025 12. 283a0kn,2021-12-28,2025-12-28,15.38,0.943
001989,2022-11-23,,2022-11-23,2022-11-23,p2,YYYY,2022.11.23,2022.11.23,2022.11.23,2022.11.23,2022-11-23,2022-11-23,1.69,0.196
001990,2022-11-23,,2022-11-23,2022-11-23,p2,YYYY,2022.11.23,,2022.11.23,,2022-11-23,2022-11-23,1.69,0.089
001991,2021-12-28,,2021-12-28,2021-12-28,p2,YY,21.12.28 A2,21.12.28 A2,21.12.28A A2,21.12.28A A2,2021-12-28,2021-12-28,3.51,0.59
001992,2021-12-28,,2021-12-28,2021-12-28,p2,YY, 21.12.28 A2,, 21.12.28A A2,,2021-12-28,2021-12-28,2.56,0.371
001993,2021-10-29,,2021-10-29,2021-10-29,p2,YYYY,2021.10.29,2021.10.29,2021.10.29,2021.10.29,2021-10-29,2021-10-29,4.09,0.367
001994,2021-10-29,,2021-10-29,2021-10-29,p2,YYYY,2021.10.29 215.238.1 OTHER,,2021.10.29 15.3. OTHER,,2021-10-29,2021-10-29,2.13,0.475
001995,2021-12-18,,2021-12-18,2021-12-18,p2,DMY4,18.12.2021,18.12.2021,18.12.2021,18.12.2021,2021-12-18,2021-12-18,1.48,0.247
001996,2021-12-18,,2021-12-18,2021-12-18,p2,DMY4,18.12.2021,,18.12.2021,,2021-12-18,2021-12-18,1.34,0.133
001997,2021-12-27,,2021-12-27,2021-12-27,p2,YYYY,www.saminet 2021.12.27,ww.samin.t 2021.12.27,www.samjin.net 2021.12.27,www.samjin.net 2021.12.27,2021-12-27,2021-12-27,2.38,0.616
001998,2021-12-27,,2021-12-27,2021-12-27,p2,YYYY,2021.12.27,,2021.12.27,,2021-12-27,2021-12-27,1.71,0.117
001999,2021-04-24,,2021-04-24,2021-04-24,p2,YY,21.04.24,21.04.24,21.04.24까지,21.04.24까지,2021-04-24,2021-04-24,1.57,0.218
002000,2021-04-24,,2021-04-24,2021-04-24,p2,YY,1209 21.04.24,,120g 21.04.24까지,,2021-04-24,2021-04-24,1.77,0.288
002001,2022-01-27,,2022-02-01,2022-02-01,p2,YYYY,2022.0 2.01.27,2022.0 2.01.27,2022.0 2.01.27까,2022.0 2.01.27까,,,1.82,0.604
002002,2022-01-27,b,2022-01-27,2022-01-27,p2,YYYY,2022.01.27,,2022.01.27,,2022-01-27,2022-01-27,1.68,0.171
002003,2022-05-15,,2022-05-15,2022-05-15,p2,YYYY,2022.05.15,2022.05.15,2022.05.15,2022.05.15,2022-05-15,2022-05-15,1.07,0.222
002004,2022-05-15,,2022-05-15,2022-05-15,p2,YYYY,2022.05.15,,2022.05.15,,2022-05-15,2022-05-15,1.31,0.097
002005,2022-07-27,,2022-07-27,2022-07-27,p2,YYYY,2022.07.27,2022.07.27,2022.07.27,2022.07.27,2022-07-27,2022-07-27,1.49,0.194
002007,2022-01-14,,2022-01-14,2022-01-14,p2,YYYY,9537 RODUCTOF AAN 7300037 2022/01/14,9537 RODUCTOF ALAN 7300037 2022/01/14,95371 ROOUCTOFTANO 713000371 2022/01/14,95371 RODOUCTOFTHAAND 713000371 2022/01/14,2022-01-14,2022-01-14,4.49,0.793
002008,2022-01-14,,2022-01-14,2022-01-14,p2,YY_LEAD0,7300037 2022/01/14,,373000371 2022/01/14,,2022-01-14,2022-01-14,3.58,0.269
002009,2021-12-02,,2021-12-02,2021-12-02,p2,DMY4,TAIMANBEST BOR 02 12 2021.AUSTRALIA,TAIAN/BESTBEORE02 12 2021.AUSTRALIA,NTAILAN):BEST BEFORE 02 12 2021CASTRALIA) ,NTAILWAN):BEST BEFORE 02 12 2321(AJSTRALIA) ,2021-12-02,2021-12-02,1.32,0.553
002011,2020-06-30,,2020-06-30,2020-06-30,ft/p2,YYYY,,,,,,,8.46,0.0
002013,2022-10-01,,2022-10-01,2022-10-01,p2,YYYY, 2022.10.01, 2022.10.01,사용기한: : 2022-10.01,사용기한: :2022.10.01,2022-10-01,2022-10-01,1.87,0.44
002014,2023-06-28,,2023-06-28,2023-06-28,p2,YYYY,2023.06.28,2023.06.28,20.28,3.0.28,2023-06-28,,3.96,0.509
002015,2023-06-28,,2023-08-28,2023-08-28,p1@640,YYYY,2220062.28 2200629,,틀륨일.0629.28 069,,,,2.17,0.267
002016,2022-10-19,,2022-10-19,2022-10-19,p1@640,DMY4,19 10 2022,19 10 2022,"""19 1062022.2","""19 1062022.2",2022-10-19,,0.72,0.2
002018,2021-10-23,,2021-10-23,2021-10-23,p2,YYYY,X.2021.10.23,,EXP. 2021. 10.23,,2021-10-23,2021-10-23,1.62,0.205
002019,2022-03-09,,2022-03-09,2022-03-09,blur1/p1@640,DMY4,05.093/22,,9-3/22,,,,5.5,0.075
002022,2022-04-09,,2022-04-09,2022-04-09,p2,YYYY,2022.04.09,,2022.04.09,,2022-04-09,2022-04-09,2.54,0.127
002023,2020-11-10,,2020-11-10,2020-11-10,p2,YYYY,E2020.11.10,,EXP: 2020.11.10,,2020-11-10,2020-11-10,1.77,0.087
002024,2020-11-10,,2020-11-10,2020-11-10,p2,YYYY,2020.11.10 139,,EXP: 2020.11.10 PK139,,2020-11-10,2020-11-10,1.28,0.267
002025,2020-01-03,,2020-01-03,2020-01-03,p2,YY, 20.01.03.13   5.1304     13           ,, J 20.01.03.13   .13:04                ,,2020-01-03,2020-01-03,2.12,1.23
002026,NONE,,2020-01-03,2020-01-03,p2,YY,20.01.03.130 2              ,,YJ 20.01.03.13:04 글              ,,2020-01-03,2020-01-03,2.2,0.901
002027,2020-11-26,,2020-11-26,2020-11-26,p2,YYYY,2020.11.2613.00,,2020.11.26까지13:00,,2020-11-26,2020-11-26,4.61,0.252
002028,2020-11-26,,2020-11-26,2020-11-26,p2,YMD_GLUED,2020.11.2613 00,,2020.1126까지 13:00,,2020-11-26,2020-11-26,2.71,0.145
002029,2020-11-22,,2020-11-22,2020-11-22,p2,YYYY,2020.11.22 ,,2020.11.22 까지,,2020-11-22,2020-11-22,2.73,0.297
002030,2019-11-18,,2019-11-18,2019-11-18,p2,YYYY, 2019.11.18,,DRD2 -2019.11.18,,2019-11-18,2019-11-18,2.08,0.261
002032,2022-03-22,,2022-03-22,2022-03-22,p2,YYYY,288-254-58 018 22 2 0 32822 89270 .AM  222 2022.03.22  80,,28·고객상당-0-54-5800 유통기한      다         2022.03.22  0,,2022-03-22,2022-03-22,1.77,0.925
002035,2017-12-20,,2017-12-20,2017-12-20,p1@640,YY,17.12.20,,17.12.20,,2017-12-20,2017-12-20,1.34,0.109
002037,2020-08-22,,2020-08-22,2020-08-22,p2,YY,Y 20.08.22,,BEST B:20.08.2,,2020-08-22,2020-08-02,0.71,0.074
002038,2020-11-26,,2020-11-26,2020-11-26,p2,YYYY,2020.11.26,,2020.11.26C,,2020-11-26,2020-11-26,1.75,0.09
002039,2021-12-03,,2021-12-03,2021-12-03,p2,YYYY,2021.12.03,,2021.12.03까지,,2021-12-03,2021-12-03,1.14,0.088
002040,2021-12-03,,2021-12-03,2021-12-03,p2,YYYY,2021.12.03,,2021.12.03까지,,2021-12-03,2021-12-03,1.18,0.113
002042,2020-08-27,,2020-08-27,2020-08-27,p2,YYYY,CHEV Rea 100 70130 8208 021 60 2062 17  0 020 20 21008 2202.0. 0 2 20 0 010  202,,CHEw&Real 100%고구마 그대로 지연의 마의신    195 구야 구 신 35일 부운군고구마의용미와달함 영양정보   주의사항 아 10 20,,2020-08-27,2020-08-07,2.27,1.416
002043,2019-12-20,,2019-12-20,2019-12-20,p2,YYYY,2019.12.20.,,2019.12.20.FBS,,2019-12-20,2019-12-20,0.97,0.088
002044,2019-12-20,,2019-12-20,2019-12-20,p2,YYYY, 2019.12.20. ,,캘리모니아르 2019.12.20.FB8S 가호두,,2019-12-20,2019-12-20,1.26,0.342
002045,2021-12-10,,2021-12-10,2021-12-10,p2,YYYY,2021.12.10,,2021.12.10,,2021-12-10,2021-12-10,2.12,0.184
002046,2021-12-10,,2021-12-10,2021-12-10,p1@640,YYYY,212. 2021.12.10,, De2021112. 10,,2021-12-10,,1.43,0.25
002047,2021-07-31,,2021-07-31,2021-07-31,p2,D_MON_Y,EST Y 31JUL21,,BEST BY 31JUL21,,2021-07-31,2021-07-31,2.4,0.123
002048,2021-07-31,,2021-07-31,2021-07-31,p2,D_MON_Y,ESTY 31JUL21,,BEST BY 31JUL21,,2021-07-31,2021-07-31,2.16,0.111
002049,2021-03-25,,2021-03-25,2021-03-25,p2,YYYY,0 0-0919 2  006.00.9  22 0  02  06 2 2  621  04020  2021.03.25    A28 8 52 2   ,,"유통기한 고상당실 09C 정 식신이   미국신),,  에 파국산,대두·외국신,UH  유통전문매원 대상주)서을 식품유형소스살균지품  크(크(우 ,",,2021-03-25,2021-03-25,2.24,1.555
002050,2021-03-25,,2021-03-25,2021-03-25,p2,YYYY,0 01  4  525405. 0608015 062020   4 0A45    2 026218 2040   2021.03.25  2 AP 802,,유통기한:          산 COA    소    조 2021.03.25.F2 H        ,,2021-03-25,2021-03-25,2.37,1.558
002051,NONE-04-14,,NONE-04-14,NONE-04-14,p2,MMDD,057101 04.14 ,,유동기한 04.14 까지,,NONE-04-14,NONE-04-14,2.42,0.337
002052,NONE-04-14,,NONE,NONE,,,,,,,,,16.8,0.0
002053,2020-08-11,,2020-08-11,2020-08-11,p2,YYYY,LOTTE CheFood  2020.08.11,,LOTTE Chefood 쉐푸드 2020.08.11,,2020-08-11,2020-08-11,2.5,0.379
002054,2021-12-NONE,,2021-12-NONE,2021-12-NONE,ft/erode3/p1@640,MMYYYY,,,,,,,40.59,0.0
002055,2021-12-NONE,,2021-12-10,2021-12-10,ft/erode3/p1@640,DMY4,,,,,,,23.83,0.0
002056,2021-12-17,,2021-12-17,2021-12-17,p2,YYYY,2021.12.17,,2021.12. 17,,2021-12-17,2021-12-17,1.14,0.089
002058,2022-06-22,,2022-06-22,2022-06-22,p1@640,YYYY,N8   00    OR  8 . 20 AEANG 022.06.22130 101 289 7 413 1. 47 2 20 01.. 0-019-19 ,,"     cY   OTHR   CA   DAESANG 대상주식회사 기할02206,22130 ·가열후섭취식품지 됩니다포장지가 날카로우므로개통및사용",,,,2.74,1.513
002059,2022-06-22,,2022-06-22,2022-06-22,p1@640,YYYY,  AESAMG.0U 022.06.2230,,"D수 DES  기2022, 06,22 L30",,,,3.38,0.376
002060,NONE-04-17,,NONE-04-17,NONE-04-17,p2,MMDD,04.17 7 7 15.59,,04.17 7. 7 ,,NONE-04-17,NONE-04-17,3.96,0.372
002061,NONE-04-17,,NONE,NONE,,,,,,,,,11.24,0.0
002062,2023-02-NONE,,2023-02-NONE,2023-02-NONE,p1keep/p1@640,MMYYYY,EX 02/2023,,EXP 1272023,,2023-02-NONE,,1.92,0.241
002063,2023-02-NONE,,2023-02-NONE,2023-02-NONE,p2,MMYYYY,EX 02/2023,,EXP 022023,,2023-02-NONE,,2.61,0.265
002064,2021-09-03,,2021-09-03,2021-09-03,p2,YYYY,2021.09.031,,2021.09.03 15:47,,2021-09-03,2021-09-03,1.65,0.111
002065,2021-09-03,,2021-09-03,2021-09-03,p2,YYYY,2-301 0 559 2021.09.031 31547,,   2021.09.0315 315:47,,2021-09-03,2021-09-03,2.19,0.414
002066,2020-04-30,2,2020-04-30,2020-04-30,p2,YYYY,50001 051 2020.04.30 ,,50001 유통기한 유통기한 2020.04:30  까지,,2020-04-30,,3.15,0.397
002067,2020-04-30,2,2020-04-30,2020-04-30,p2,YYYY,16 0001 22 05/ 2020.04.30 2020.04.06 ,,76 3001 신란일자 유통기한 2020.04:30 2020.04.06 까지,,2020-04-06;2020-04-30,2020-04-06,3.01,0.585
002068,2022-11-09,d,2022-11-09,2022-11-09,p2,SP_DMY,E09 11 22,,Ep: 091122,,2022-11-09,2022-11-09,1.4,0.108
002069,2022-12-11,,2022-12-11,2022-12-11,p2,YYYY,2022.12.11,,x2022.12.11,,2022-12-11,2022-12-11,1.45,0.088
002070,2022-03-24,,2022-03-24,2022-03-24,p2,YYYY, 2022.03.24,,몬밤 12022.03.24-,,2022-03-24,,2.48,0.303
002071,2022-03-24,,2022-03-24,2022-03-24,p2,YYYY,2022.03.24,,2022.03.24,,2022-03-24,2022-03-24,2.0,0.099
002072,2024-12-21,,2024-12-21,2024-12-21,p2,YY,24/12/21,,24/12/21,,2024-12-21,2024-12-21,2.52,0.11
002073,2024-12-21,,2024-12-21,2024-12-21,p2,YY,24/12/21,,24:12/21,,2024-12-21,2024-12-21,1.87,0.092
002074,2020-05-28,,2020-05-28,2020-05-28,p1@640,YYYY,2020.05.28,,2020.05.28,,2020-05-28,2020-05-28,0.94,0.089
002075,2020-05-28,,2020-05-28,2020-05-28,p2,YYYY,2020.05.28,,2020.05.28,,2020-05-28,2020-05-28,1.41,0.085
002076,2022-03-04,,2022-03-04,2022-03-04,p2,YYYY,2022.03.0414,2022.03.0414,2022.03.04 14,2022.03.04 14,2022-03-04,2022-03-04,2.19,0.287
002077,2020-10-21,,2020-10-21,2020-10-21,p2,YYYY,2020.10.21,,2020.10.21,,2020-10-21,2020-10-21,1.22,0.086
002078,2020-10-21,,2020-10-21,2020-10-21,p2,YYYY,2020.10.21 0943 Tasting No,,2020.10.21 09:43 Tastint,,2020-10-21,2020-10-21,1.27,0.315
002079,2021-01-03,,2021-01-03,2021-01-03,p2,YYYY,2021.01.03,2021.01.03,2021.01.03까지,2021.01.03까지,2021-01-03,2021-01-03,0.9,0.261
002080,2021-01-03,,2021-01-03,2021-01-03,p2,YYYY,2021.01.03,,2021.01.03까지,,2021-01-03,2021-01-03,0.96,0.076
002082,2019-07-09,,2019-07-09,2019-07-09,p2,YYYY,.2019/07/09,.2019/07/09,FD201-0709,.D.:201907709,2019-07-09,,1.2,0.167
002083,2020-11-06,2,2020-11-06,2020-11-06,p2,DMY4,ebet0r06/11/2020,esbet0re06/11/2020,Best before: 06/1/2020,Best before: 0/1/2020,2020-11-06,2020-01-06,2.17,0.179
002084,2020-11-06,,2020-11-06,2020-11-06,p1keep/p1@640,DMY4,L007303038 06/11/20 ro13/03/2020,,L00730303/20 est betore 3120 Prod dare: 13/320,,2020-03-13;2020-11-06,,1.76,0.309
002085,2021-11-22,,2021-11-22,2021-11-22,p2,YYMM_GLUE,2021 1.11.22 GIU 3,,2021 21.71.22 GLUTI 클루텐드,,2021-01-11,,1.35,0.357
002086,2021-11-22,,2021-11-22,2021-11-22,p2,YYYY,2021.11.22 10-,,2021.71.22 10,,2021-11-22,,3.02,0.293
002088,2021-09-03,,2021-09-03,2021-09-03,p2,YYYY,2021.09.03 ,,2021.0.035 0.0,,2021-09-03,,1.21,0.333
002090,2021-11-09,,2021-11-09,2021-11-09,p2,YYYY,2021.11.09   8       ,,2021.11.09 A1          ,,2021-11-09,2021-11-09,1.45,0.575
002091,2021-09-21,,2021-09-21,2021-09-21,p2,YYYY,2021.09.21,,2021.09.21,,2021-09-21,2021-09-21,1.65,0.112
002092,2021-09-21,,2021-09-21,2021-09-21,p2,YYYY,2021.09.21,,2021.09.21,,2021-09-21,2021-09-21,1.08,0.083
002093,2021-11-17,,2021-11-17,2021-11-17,p2,YYYY,2021.11.17,,2021.11.17A,,2021-11-17,2021-11-17,1.89,0.088
002094,2021-04-28,,2021-04-28,2021-04-28,p2,YYYY,2021.04.28,,221.04.28,,2021-04-28,,0.94,0.098
002095,2021-04-28,,2021-04-28,2021-04-28,p1@640,YYYY,2021.04.28,,2021.04.28,,2021-04-28,2021-04-28,1.3,0.113
002096,2022-06-16,,2022-06-16,2022-06-16,p2,YYYY,2022.06.1,,"2022.06,16",,2022-06-01,,1.41,0.083
002097,2022-06-16,,2022-06-16,2022-06-16,p2,YYYY,2022.06.16,,2022.0616,,2022-06-16,2022-06-16,2.24,0.107
002098,2021-05-25,,2021-05-25,2021-05-25,p2,YYYY,2021.05.25,,√2021.05.25,,2021-05-25,2021-05-25,1.91,0.091
002099,2021-05-25,,2021-05-25,2021-05-25,p2,YYYY,2021.05.25 1125 ARA,,4202105.25 1123 ARA1,,2021-05-25,,1.32,0.311
002101,2021-09-17,,2021-09-17,2021-09-17,p2,YYYY,2021.09.17,,2021.09.17,,2021-09-17,2021-09-17,1.26,0.083
002102,2021-12-25,,2021-12-19,2021-12-19,p1keep/p1@640,CMP6_YMD,20122 E1,21221 1,2 파스타소,2 파스타소,,,0.93,0.48
002103,2021-12-25,,2021-12-19,2021-12-19,p1@640,CMP6_YMD,2212211 1A1,,2 스타소,,,,1.01,0.213
002106,2022-01-03,,2022-01-03,2022-01-03,p2,YYYY,0 2022.01.03,20 2022.01.03, 2022.01.03, 2022.01.03,2022-01-03,2022-01-03,1.78,0.458
002108,2020-09-01,,2020-09-01,2020-09-01,p1@640,DMY4,CH3371 EXP010 09 2020,,CH3371C EXP:010 092020,,,,2.27,0.345
002111,2022-08-25,,2022-08-25,2022-08-25,p2,YYYY,2022.08 25,,2022.08 25,,2022-08-25,2022-08-25,0.68,0.086
002112,2022-08-25,,2022-08-25,2022-08-25,p2,YMD_GLUED,2022.08 25,,2022.08 25,,2022-08-25,2022-08-25,0.74,0.113
002113,2022-03-12,,2022-03-12,2022-03-12,p2,YYYY,2022/03/12,,2022/03/12,,2022-03-12,2022-03-12,1.14,0.083
002114,2020-12-01,,2020-12-01,2020-12-01,p2,YYYY,2020.12.01,,2020.12.01,,2020-12-01,2020-12-01,1.82,0.086
002115,2020-12-01,,2020-12-01,2020-12-01,p2,YYYY,2020.12.01,,2020.12.01,,2020-12-01,2020-12-01,2.59,0.1
002116,2020-07-05,,2020-07-05,2020-07-05,p2,YYYY,   9  0 0131120 0630 2020.07.05  203 308 0 169 8 29 14 1010 2209 80 3.69 .19 .99,,소자기의거 무니 있이고 니다 가로으로개및시용시 주의하여주습시오 정·당신고는 중번영이139 선선도 지 위해질소전장을 하습니다 을사및영업소은 구입한,,2020-07-05,2020-07-05,2.79,1.49
002117,2020-07-05,,2020-07-05,2020-07-05,p2,YYYY,224.19 8 80   2  .2   2109106.101.26 50 2020.07.05 20231.00630 0 3098 125 16 8.1,,E2 유기한 A N  2     19910811260 연 2020.07-050까지 310600 영 30 9   지       ,,2020-07-05,2020-07-05,2.61,1.344
002118,2021-01-03,,2021-01-03,2021-01-03,p2,YYYY,2021.01.03,,2021.01.03 F2B,,2021-01-03,2021-01-03,2.09,0.086
002119,2021-01-03,,2021-01-03,2021-01-03,p2,YYYY,2021.01.03 3 F2B,,2021.01.03 3 F2B,,2021-01-03,2021-01-03,3.88,0.295
002120,2020-07-20,,2020-07-20,2020-07-20,p2,YMD_GLUED,2020.07.20 ,,2020.07.20 거품,,2020-07-20,2020-07-20,1.94,0.212
002121,2020-07-20,,2020-07-20,2020-07-20,p2,YYYY,2020.07.20,,2020.07.20,,2020-07-20,2020-07-20,1.51,0.104
002122,2021-10-09,,2021-10-09,2021-10-09,p2,YY,21.10.09.12,,21.10.09.L2G,,2021-10-09,2021-10-09,2.66,0.092
002123,2020-11-02,,2020-11-02,2020-11-02,p1@640,CMP6_YMD,20 20 11 02,,20 201102,,,2020-11-02,2.24,0.094
002124,2020-11-02,,2020-11-02,2020-11-02,p1@640,CMP6_YMD,2020 11 02 202011.0,,20 2011 02 202Ban,,2020-11-02,,2.05,0.262
002125,2021-04-21,,2021-04-24,2021-04-24,p2,D_MON_Y,ESTY24 APR/21,,BEST BY EA AFR21,,2021-04-24,,1.89,0.223
002126,2021-04-21,,2021-04-02,2021-04-02,p1@640,D_MON_Y,BEST BY APR/21,,EEST BY PA APR/21,,,,0.96,0.214
002127,2021-11-04,,2021-11-04,2021-11-04,p2,YYYY,2021.11.04,2021.11.04,2021.11.04,2021.11.04,2021-11-04,2021-11-04,2.49,0.2
002128,2021-08-12,,2021-08-12,2021-08-12,p2,YYYY, 2021.08.12, 2021.08.12,유통기한 한2021.08.12까,유통기한 한2021.08.12까지,2021-08-12,2021-08-12,1.86,0.469
002129,2021-08-12,,2021-08-12,2021-08-12,p2,YYYY,2021.08.12,,2021.08.127,,2021-08-12,2021-08-12,0.97,0.08
002130,2021-11-01,,2021-11-01,2021-11-01,p2,YYYY,2021.11.01,,2021.11.01,,2021-11-01,2021-11-01,1.2,0.137
002131,2021-11-01,,2021-11-01,2021-11-01,p2,YY_LEAD0,2021.11.01,,*2021.11.01,,2021-11-01,2021-11-01,1.32,0.099
002132,2021-10-04,,2021-10-04,2021-10-04,p1@640,DDMMYY,04/10/21,04/10/21,04121,04021,2021-10-04,,1.34,0.185
002133,2021-10-04,d,NONE-10-21,NONE-10-21,p1@640,MMDD,04/10/21 FROA162,,04/1 FROABT-2,,2021-10-04,,1.13,0.245
002134,2022-11-02,,2022-11-02,2022-11-02,p2,YYYY,095684226 2022.11.02,,8809568422673 2022.11.02.,,2022-11-02,2022-11-02,4.35,0.279
002135,2022-11-02,,2022-11-02,2022-11-02,p2,YYYY,26 502 2    2.01.01 2A 368019    1  2 0 02 022 266 2206 6620 20023 2016086809-25,,"2    n                ""  201600809-251 태P2린( 2022.11-02  조달내두만",,2022-11-02,2022-11-02,2.59,1.47
002136,2021-10-11,,2021-10-11,2021-10-11,p2,YYYY,2021.10.11 809547.91133,,2021.10.111 809541131,,2021-10-11,2021-10-11,2.02,0.236
002137,2021-10-11,,2021-10-11,2021-10-11,p2,YYYY, 4 28  2226 02 2021.10.11  . 120260   0 A     23 612.  80954/91143,,"부음고   바르고참감하게만니다   2021.10.11      A         ""80541131",,2021-10-11,2021-10-11,2.29,1.147
002138,2021-06-29,,2021-06-29,2021-06-29,p2,YYYY, 2 2021.06.29 22/04, 243 2021.06.29 2/0,멀치볶음 견과를 2021.06.29 조리예,멀치볶음 견과류 2021.06.29 조리예,2021-06-29,2021-06-29,1.71,0.713
002139,2021-06-29,,2021-06-29,2021-06-29,p2,YYYY,2 04 2021.06.29,,결관 맞도영양도 2021.06.29,,2021-06-29,2021-06-29,1.79,0.32
002140,2021-05-05,,2021-05-05,2021-05-05,p2,YYYY,2021.05.05,,2021.05.05,,2021-05-05,2021-05-05,1.09,0.104
002141,2021-04-11,,2021-04-11,2021-04-01,p2,YYYY,2021.04.1,2021.0.1,2021.04.1까,2021.04.1까,2021-04-01,2021-04-01,1.22,0.166
002142,2021-04-11,,2021-04-11,2021-04-11,p2,YYYY,2021.04.1,,2021.041,,2021-04-01,,1.06,0.078
002144,2021-07-13,,2021-07-13,2021-07-13,p2,YYYY,2021.07.13,2021.07.13,2021.07.13.A,2021.07.13.A,2021-07-13,2021-07-13,2.68,0.19
002145,2021-07-13,,2021-07-13,2021-07-13,p2,YYYY,2021.07.13,,2021.07.13.A,,2021-07-13,2021-07-13,1.92,0.102
002146,2022-07-26,,2022-07-26,2022-07-26,p1@1024,YYYY,10 02207.26,20 0220.26, 유동기한22.07.7 A, 유동기한 22.07.,,2022-07-07,3.45,0.552
002147,2022-07-26,,2022-07-26,2022-07-26,koline,YYYY,2022.07.266,,유동기한 202207.267지 A,,2022-07-26,,2.15,0.111
002148,2022-01-03,,2022-01-01,2022-01-01,erode2/p1@1024,YYYY,2022.01.0,,A022.01.02,,,2022-01-02,4.59,0.074
002149,2021-03-31,,2021-03-31,2021-03-31,p2,YYYY, 045    200 0-19-917 AEANom .02 08.829  119 8044048 0  2021.03.31  8  , 45   2 200 0-09-917 AEANGom .02 08 829  0139 8560440348 0  2021.03.31  8  , b)     20-09-9( 부 A DRSANG Is/w den Com  을가능 Kee 명 식품 신고는 국번없이 1399 10490248 은 , b)     20-09부C A DAESANG / CanCon  가능 Kee 명 식품 신고는 국번없이 139 9090248 은 스비자기본법에 의,2021-03-31,2020-09-09;2021-03-31,2.23,2.152
002150,2021-03-31,,2021-03-31,2021-03-31,p2,YYYY,2021.03.31 ,,2021.03.31.F2 ,,2021-03-31,2021-03-31,2.02,0.245
002154,2021-05-21,,2021-05-21,2021-05-21,p2,YY,21.05.21,,21.05.21,,2021-05-21,2021-05-21,1.57,0.091
002155,2021-05-21,,2021-05-21,2021-05-21,p2,YY,21.05.21  21 8,,21.05.21 닥터 자업 버스 일,,2021-05-21,2021-05-21,1.96,0.322
002156,2021-12-25,,2021-12-25,2021-12-25,p2,MON_DY,DEC.25.2021 0.,DEC.25.2021 10E,DEFP25.2021 'EOEF,DEFP25:2021 'EOEF,2021-12-25,,0.91,0.448
002157,2021-12-25,,NONE,NONE,,,,,,,,,12.35,0.0
002158,NONE-04-13,,NONE-04-13,NONE-04-13,p2,MMDD,04.13 00932,04.13 00932,04.13 D0932,04.13 00932,NONE-04-13,NONE-04-13,3.14,0.227
002159,NONE-04-13,,NONE-04-13,NONE-04-13,p2,MMDD,04.13 00932,,04.13 D0932,,NONE-04-13,NONE-04-13,2.42,0.09
002160,2021-04-08,,2021-04-08,2021-04-08,p2,CMP,EST BEFORE 2021 04 08,EST BEFORE 2021 04 08,PEST BEFORE 2021 04 08 1,PEST BEFORE 2021 04 08 1,2021-04-08,2021-04-08,4.7,0.486
002161,2021-04-08,,2021-04-08,2021-04-08,p2,YYYY,T DEFOPE 2021.04 8 02136 10004020,,PSTBEFI408 02: 3E FDRD020200,,2021-04-08,,12.97,0.366
002162,2023-06-18,,2023-01-06,2023-01-06,p1@1024,DDMMYY,LAND 0170BTY.0618,LAND .0170BTY.06/3,LAND L.0170 BEST BY-0618/23,LAND L.0170 BEST BY 06/823,,,4.43,0.606
002163,2023-06-18,?,NONE,NONE,,,,,,,,,15.9,0.0
002164,2021-01-29,2,2021-01-29,2021-01-29,p1keep/p1@640,YY_TAIL, 4 21.01.29 , 4 21.01.29 ,선정 식명가 21.01.29까지 들,선정 식명가 21.01.29까지 들,2021-01-29,2021-01-29,1.83,0.735
002165,2021-01-29,2,2021-01-29,2021-01-29,p2,YY_TAIL,1 4  02 68  21.01 21.01.29 20.10.30 ,,선정 명 치자단무지 단무지 ()20  11 21.01.29까지 20:10.30부터 들,,2020-10-30;2021-01-29,2020-10-30;2021-01-29,1.83,0.597
002166,2021-04-12,,2021-04-12,2021-04-12,p2,YYYY,2021.04.12,2021.04.12,2021.04.12,2021.04.12,2021-04-12,2021-04-12,1.0,0.184
002167,2021-05-28,,2021-05-28,2021-05-28,p2,EXTEND_R,2021.05.28,2021.05.28,2021.053,2021.05.28,2021-05-28,2021-05-28,1.29,0.178
002168,2021-05-28,,2021-05-28,2021-05-28,p2,YYYY,2021.05.28,,2021.05.28,,2021-05-28,2021-05-28,1.14,0.088
002169,2020-01-15,,2020-01-15,2020-01-15,p2,YYYY, 2020.01.15, 2020.01.15, 2020.0115까지, 2020.0115까지,2020-01-15,2020-01-15,1.25,0.484
002170,2020-01-15,,2020-01-15,2020-01-15,p2,YYYY,    2020.01.15     ,,    2020.0115까지     ,,2020-01-15,2020-01-15,1.26,0.638
002171,2020-06-24,,2020-06-24,2020-06-24,p2,YY,20.06.24,20.06.24,20.06.243,20.06.24J,2020-06-24,2020-06-24,3.54,0.332
002173,NONE-07-01,,NONE-07-01,NONE-07-01,p2,MMDD,07.01,07.01,07.01,07.01,NONE-07-01,NONE-07-01,1.23,0.197
002174,2021-09-05,,2021-09-05,2021-09-05,p2,YYYY, 2021.09.05 14, 2021.09.05 14, 2021.09.05 14:48, 2021.09.05 14:48,2021-09-05,2021-09-05,1.54,0.485
002175,2021-09-05,,2021-09-05,2021-09-05,p2,YYYY,2021.09.0514.,,2021.09.0514:88,,2021-09-05,2021-09-05,1.5,0.109
002176,2021-02-11,,2021-02-11,2021-02-11,p2,YY, 21.02.11, 21.02.11,다료선 21.02.11지F1,다른선 21.02.11지1,2021-02-11,2021-02-11,1.4,0.511
002178,2022-05-19,,2022-05-19,2022-05-19,p1@640,YYYY,2022.05.19,2022.05.19,21022.05.19,21022.05.19,2022-05-19,,1.82,0.183
002179,2022-01-19,,2022-01-19,2022-01-19,p2,YYYY,2022.01.19,2022.01.19,2022.01.19,2022.01.19,2022-01-19,2022-01-19,2.66,0.192
002180,2022-01-19,,2022-01-19,2022-01-19,p2,YYYY,2022.01.19,,2022.01.19,,2022-01-19,2022-01-19,4.59,0.228
002181,2018-12-04,,2018-12-04,2018-12-04,p2,YYYY,OTHER 2018.12.04 14 17,OTHER 2018.12.04 14 17,OTHER 2018:12:04지 114:1까지,OTHER 2018:12:04지 '114:1까지,2018-12-04,,4.2,0.833
002183,2019-02-20,,2020-02-03,2020-02-03,ft/p2,SP_DMY,,,,,,,18.97,0.0
002184,2020-09-25,,2020-09-25,2020-09-25,p2,YYYY,2020.09.25,2020.09.25,2020.09.25,2020.09.25,2020-09-25,2020-09-25,2.43,0.203
002185,2020-09-25,,2020-09-25,2020-09-25,p1@640,YYYY,20-024231 0-023 08  15.41 2020.09.25 24 24  ,,    15:41 2024109.25    ,,2020-09-25,,1.81,0.644
002186,2020-06-10,,2020-06-10,2020-06-10,p2,YYYY,  2020.06.10 ,  2020.06.10 ,"제품명칠 ""정제수,액상과당,소스간장(탈지 —2020.06.10까지 육수장인","제품명칠? ""정제수,액상과당,소스간장탈지 2020.06.10까지 육수장인",2020-06-10,2020-06-10,2.34,0.739
002187,2020-06-10,,2020-06-10,2020-06-10,p2,YYYY,2020.06.10,,2020.06.10까지,,2020-06-10,2020-06-10,1.45,0.097
002188,2020-08-07,,2020-08-07,2020-08-07,p2,YYYY,2020.08.07,2020.08.07,2020.08.07,2020.08.07,2020-08-07,2020-08-07,2.77,0.292
002189,2022-02-04,,2022-02-04,2022-02-04,p2,MON_DY,EFOREFEB/04/2022,EFREFB/04/2022,DEFORE FEB/04/2022,BEFORE FEB/04/2022,,2022-02-04,1.87,0.178
002190,2022-02-04,b,NONE,NONE,,,,,,,,,10.23,0.0
002191,2020-10-20,,2020-10-20,2020-10-20,p1@640,YYYY,2020.10.20,,202201020,,2020-10-20,,0.81,0.076
002193,2020-06-10,,2020-06-10,2020-06-10,p2,YYYY,1  2020.06.1023 30 ,,하세요 유통기한 *2020.06.10 23:30 AM11 까지,,2020-06-10,2020-06-10,1.46,0.425
002194,2020-06-10,,2020-06-01,2020-06-01,p1@640,YYYY,0 2020.08.10233 0,,유통기한 2020020 A1,,2020-08-10,,1.34,0.258
002195,2021-10-28,,2021-10-28,2021-10-28,p2,YYYY,ml  2021.10.28  7,,nl 유통기한 2021.10.28 까지 1,,2021-10-28,2021-10-28,1.45,0.402
002196,2021-10-28,,2021-10-28,2021-10-28,p2,YYYY,0 2021.1028 028 09.363 2026.,,유통기한 202.029 0.28093  28 으지질 클리로,,2021-10-28,,1.61,0.336
002197,2021-01-13,,2021-01-13,2021-01-13,p2,YYYY,3.07 12.13 2021.01.13 ,,초코영공콩 귀여운공룡모양의 초코비스킨! F2021.01.13까지 유통기한,,2021-01-13,2021-01-13,1.15,0.372
002198,2021-01-13,,2021-01-13,2021-01-13,p1@640,YYYY,23.2 2. 2021.01.13,,초코공통 귀대운 공룡모양의 크코비스윗! 2021.01.137,,2021-01-13,2021-01-13,1.06,0.28
002199,2021-08-05,,2021-08-05,2021-08-05,p2,YYYY,2021.08.05,,2021.08.05,,2021-08-05,2021-08-05,1.62,0.118
002201,2020-10-08,,2020-10-08,2020-10-08,p2,YY,20.10.08,,20.10.08 B2,,2020-10-08,2020-10-08,1.22,0.089
002202,2020-10-08,,2020-05-02,2020-05-02,p1@640,SP_DMY,  5 413   ,,   1.   ,,,,2.53,0.482
002203,2021-01-08,2,2021-01-08,2021-01-08,p2,YYYY, 220  00 4024206 4.07 07 03.2 100 8170ca  1.0 2019.10.09 2021.01.08 ,,   영양정보 420 m 243수2096%g 4.07%랜스지방09 방 197%. 스0mng0% 단13 24% 100당 170 kcal 제조일 ·,,2019-10-09;2021-01-08,2019-10-09;2021-01-08,2.88,1.1
002205,2021-03-05,,2021-03-05,2021-03-05,p2,YY,21.03.05,,'21.03.05↑,,2021-03-05,2021-03-05,0.83,0.104
002207,2020-06-11,,2020-06-11,2020-06-11,p2,YYYY, 09 79g 24 2g2  2 0M 2 -3033  8g 15  0.32  100g350al 31821 drsajo.c0 575 8 80103, 09 79g 24  2g2   0M 202 -3033  8g 15  0.32  100g350al 31021 drsajo.c0 575 8 801,기준이으로 개인의 으 량에 따라 다를수 있습니다 0g 79g 24%당류 2g 2% 냉증하여 보관하십시오-사용시혼동될수있는 지마십시오 운공장거래고,기준이으로 개인의 들으 량에 따라 다를 수 있습니다 0g 79g 24%당류 2g 2% 냉용하여 보관하십시오-사용시 홍동을수있는 지마십시오 공정거,2020-06-11,2020-05-11,4.07,3.421
002208,2022-05-31,,2022-05-31,2022-05-31,p2,YMD_GLUED,XP2022.05.31,,-EXPEEEDE 3I,,2022-05-31,,1.74,0.147
002209,2022-05-31,,2022-05-31,2022-05-31,p2,YYYY,        E2022.05.31   ,,        ENP20220531   ,,2022-05-31,2022-05-31,1.67,0.674
002210,2020-09-22,2,2020-09-22,2020-09-22,p2,YY,0 07 1  20.03.23 11 08 20.09.22 B  ,0 07   20.03.23 11.08 20.09.22   ,"을위해일매지는질소충전 가 낮은 곳에 보관,개봉 기한 유통 20.83.23(11:88) 20:09:22(BcB) 까지 부터","을위해일매지는질소충전 가 낮은곳에보관,개봉 기한 유통 20.83.23(11:98) 20.09:22(Bc8)0 까지 부터",2020-03-23;2020-09-22,,3.64,1.114
002212,2020-10-30,,2020-10-30,2020-10-30,p2,YYYY,  2   2          07.45 2020.10.30     0       9 ,,    ㅇ           07:45 2020.10.30     ①        ,,2020-10-30,2020-10-30,6.93,1.539
002213,2020-10-30,,2020-10-30,2020-10-30,p2,YYYY,  0  0     2020.10.30 07 45               3,,    유통기원     2020.10.30 07:45         ①       ,,2020-10-30,2020-10-30,7.2,1.384
002214,2020-10-16,,2020-10-16,2020-10-16,p2,YY,20.10.16 8010072163,,20.10.16 F1 880100712163171,,2020-10-16,2020-10-16,2.9,0.252
002215,2020-10-06,,2020-10-16,2020-10-16,p2,YY,20.10.16,,20.10.16 F1,,2020-10-16,2020-10-16,0.97,0.101
002216,2023-06-NONE,,2023-06-NONE,2023-06-NONE,p2,MON_Y,Carton-widely recyd JUN 2023,,Carton- widely recycled JUN2023,,2023-06-NONE,2023-06-NONE,2.16,0.246
002217,2023-05-NONE,,2023-05-NONE,2023-05-NONE,p2,MON_Y,MAY 2023,,HAY2023,,2023-05-NONE,,1.32,0.087
002218,2023-05-NONE,,2023-05-NONE,2023-05-NONE,p2,MON_Y,nanatighontam ora.co.y aonwadly.eyed -noreled  Stayin  10148 16.15 Bet BefOReN A,,in a irtigh ntainer tot ia c o dy place Caton iey regocied Fim-notyetregded f St,,,,1.5,0.661
002219,2022-02-01,,2022-02-01,2022-02-01,p2,YYYY,2022.02.01,2022.02.01,2022.02.01까,2022.02.01 까,2022-02-01,2022-02-01,2.63,0.195
002220,2019-09-30,,2019-09-30,2019-09-30,p2,MON_DY,BEST BEFORE SEP .30.2019,BEST BEFORE SEP.30.2019,BEOT  BEF URE SEP·30.2019,BEOT  BEF URE  SEP·30·2019,2019-09-30,,2.5,0.61
002221,2022-06-03,,2022-06-03,2022-06-03,p2,YYYY,2022.06.03,,2022.06.03까지,,2022-06-03,2022-06-03,1.25,0.103
002222,2021-02-07,,2021-02-07,2021-02-07,p2,YYYY,2021.02.07,2021.02.07,2021.02.07 8,2021.02.07AN 8,2021-02-07,2021-02-07,1.9,0.177
002223,2021-02-07,,2021-02-07,2021-02-07,p2,YYYY,  2021.022 010920,,  202.027 A 092057,,,,4.64,0.354
002224,2022-09-14,,2022-09-14,2022-09-14,p2,YYYY,2022.09.14,2022.09.14,2022.9144,2022.944,2022-09-14,,1.09,0.173
002225,2022-09-14,,2022-09-14,2022-09-14,p2,YYYY,2022.09.14,,2022.09.14,,2022-09-14,2022-09-14,1.51,0.085
002226,2023-03-03,,2023-03-03,2023-03-03,p2,YYYY,20ec 2023.03 03 ESTIEFORE UMEAMI MUA 20062 05 11802 0/,,p orge 2023. 03 03 BESTBEFORE TOUEAMN  BEEE OMOGS Ia dad,,2023-03-03,2023-03-03,16.06,0.611
002227,2023-03-03,,2023-03-03,2023-03-03,erode2/p1@640,YYYY,2023.03 gan TUMEAR FCRE 22  20/2,,22023.U5O organiep TUMEARIN HFGRE   ae,,,,5.52,0.505
002228,2023-03-28,,2023-03-28,2023-03-28,p2,DDMMYY,28/03/23 022,2803/23 02,B2B80323 20,62BM323 20,2023-03-28;2028-03-23,,1.16,0.515
002229,2023-03-28,,2023-03-28,2023-03-28,p1@640,DDMMYY,18280,,,,,,0.96,0.085
002230,2022-07-21,,2022-07-21,2022-07-21,p2,YYYY,2022.07.21,2022.07.21,2022.07.1,2022.07.1,2022-07-21,2022-07-01,0.91,0.166
002231,2022-07-21,,2022-07-21,2022-07-21,p2,YYYY,2022.07.21,,2022.07.21,,2022-07-21,2022-07-21,0.74,0.072
002232,2022-12-20,,2022-12-20,2022-12-20,p2,YYYY,2022.12.20,2022.12.20,2022.12.20,2022.12.20,2022-12-20,2022-12-20,0.74,0.151
002233,2023-01-21,,2023-01-21,2023-01-21,p2,YYYY,2023 01 21,2023 01 21,.2023 01 21,.2023 01 21,2023-01-21,2023-01-21,1.08,0.462
002234,2023-01-21,,2023-01-21,2023-01-21,p2,YYYY,2023 01 21,,.2023 01 21,,2023-01-21,2023-01-21,1.11,0.304
002235,2022-02-22,,2022-02-22,2022-02-22,p2,YYYY,2022.02.22 ,2022.02.22 ,12022.02.22 까지,12022.02.22 까지,2022-02-22,,1.91,0.458
002236,2021-06-08,,2021-06-08,2021-06-08,p2,YYYY,2021.06.08,2021.06.08,2021.0608,202106080,2021-06-08,2021-06-08,3.59,0.176
002237,2021-06-08,,2021-06-08,2021-06-08,p2,YYYY,2021.06.08,,2021.06.08),,2021-06-08,2021-06-08,1.75,0.117
002238,2022-06-30,,2022-06-30,2022-06-30,p1@640,YYYY,kcal Pack ere202220.3 atch136 022,kcal Pack eore20220 atchL6 022,kcal packl BerE06 BatchL EATZV,kal packl Beir26 BatchL EANTZV,,,1.8,0.827
002240,2021-05-26,,2021-05-26,2021-05-26,p2,Y_MON_D,2021 MAY 26,2021 MAY 26,2021PAY 26,2021MAY 26,2021-05-26,2021-05-26,1.91,0.18
002241,2021-05-26,,2021-05-NONE,2021-05-NONE,ft/p2,Y_MON,,,,,,,7.25,0.0
002242,2022-03-13,,2022-03-13,2022-03-13,p2,YYYY,2022.03.13,2022.03.13,2022.03.13.,2022.03.13,2022-03-13,2022-03-13,2.34,0.193
002244,2021-05-21,2,2021-05-21,2021-05-21,p2,DDMMYY,E21/05/21,,E:205/2,,2021-05-21,,3.61,0.078
002245,2021-05-21,2,2021-05-21,2021-05-21,p2,YY,21/05/21,,21/05/21,,2021-05-21,2021-05-21,2.34,0.074
002246,2021-07-22,,2021-07-22,2021-07-22,p2,YYYY,2021.07.22,2021.07.22,2021.07.22,2021.07.22,2021-07-22,2021-07-22,1.1,0.173
002247,2021-09-07,,2021-09-07,2021-09-07,p2,YYYY, 2021.09.07, 2021.09.07,단호박볼 2021.09.07,단호박볼 2021.09.07,2021-09-07,2021-09-07,1.22,0.466
002248,2021-09-07,,2021-09-07,2021-09-07,p2,YYYY, r0l 2  2021.09.07 801157/5515,,단호박볼 안입밀 양남 유통기한: 2021.09.07 S3S,,2021-09-07,2021-09-07,1.13,0.431
002249,2021-10-20,,2021-10-20,2021-10-20,p2,YYYY,2021.10.20 0 ,2021.10.20 0 ,2021.10.20  ,2021.10.20  ,2021-10-20,2021-10-20,2.7,0.651
002250,2021-05-09,,2021-05-09,2021-05-09,erode2/p1@640,D_MON_Y,09MAY2021,,09NR12021,,2021-05-09,,7.36,0.103
002251,2021-05-09,,2021-05-09,2021-05-09,p1@640,D_MON_Y,09May2021 013051591,,9RY201 813051591P,,2021-05-09,,1.92,0.272
002252,2022-01-04,,2022-01-04,2022-01-04,p1@1024,YY,2022.0.04,2022.0.04,202..4,202.0.4,,,3.61,0.198
002253,2022-01-04,,2022-01-04,2022-01-04,p2,YYYY,0 2022.01.04 ,,유통기한: 2022.01.04 까지,,2022-01-04,2022-01-04,1.59,0.331
002254,2021-10-26,2,2021-10-26,2021-10-26,p2,YYYY, 20288   2 . 0    211021094   .50      80599926005 2 0808 200 08-254-658 120 680, 2028  2 0 2.0    201102109   .50   26  8 8059996005 22 00 20 080-254-658 120 08,  Uunla   야 대유음사용   금선을피하고습기가없는서 2010934         5  는서  2. 유화·고객상담실:080-254-6580,  Uulalabb   아대유음사용   시량선을피하고습기가없는서 02109634         0  는서 2.0 유화·고객상담실:080-254-,2020-10-27;2021-10-26,,4.55,3.308
002255,2021-10-26,2,2021-10-26,2021-10-26,p1keep/p1@640,YYYY,65.  ME4 2288  5 2 4282      8059/6050    04 81.0 20 .080.245  58 2021.10.26 222,,        가는서  ER   0      영양정보   자 201.1B..27 2 Eng. 1.27 6kc,,2020-10-27;2021-10-26,,3.08,1.358
002256,2021-04-30,,2021-04-30,2021-04-30,p1@640,YYYY,2021.04.30,2021.04.30,N2021.04.307k-,2021.04.30TN,2021-04-30,2021-04-30,1.43,0.194
002257,2021-04-30,,2021-04-30,2021-04-30,p2,YYYY,2021.04.30,,2021.04.30,,2021-04-30,2021-04-30,1.09,0.082
002259,2022-12-15,,2022-12-15,2022-12-15,p2,YYYY,0/ 2022.12.15,0/ 2022.12.15,유통기한 2022.12.15,유통기한 2022.12.15,2022-12-15,2022-12-15,1.35,0.477
002261,2022-01-11,,2022-01-11,2022-01-11,p2,YYYY,2022.01.11,2022.01.11,2022.01.11,2022.01.11,2022-01-11,2022-01-11,1.57,0.172
002263,2021-12-01,,2021-12-01,2021-12-01,p1keep/p1@640,YYYY,2021.12.0,2021.12.0,2021.120,2021.120,,,1.06,0.168
002265,NONE-03-05,,NONE-03-05,NONE-03-05,p2,MMDD,03.05.10.14,03.05.10.14,03.05 10:14C2,03.05 10:14M C2,,NONE-03-05,1.17,0.179
002266,NONE-03-05,,NONE-03-05,NONE-03-05,p2,MMDD,03.051014,,03.0510:14 C2,,,,1.25,0.08
002267,2022-09-NONE,,2022-09-NONE,2022-09-NONE,p1@640,MON_Y,2022-.0 2531,SE2022-.0E 2531,2-23],202-I231,,,1.43,0.194
002268,2022-09-NONE,,2022-09-NONE,2022-09-NONE,p2,MON_Y,SEP2022-.02e251,,SEP 2022-107E31,,2022-09-NONE,2022-09-NONE,1.89,0.094
002269,2021-03-16,,2021-03-16,2021-03-16,p2,DDMMYY,16/03/21,16/03/21,1603/21,160321,2021-03-16,,1.05,0.267
002270,2021-03-16,,2021-03-16,2021-03-16,p2,DDMMYY,16/03/21 20/6,,16/03/21 ,,2021-03-16,2021-03-16,1.01,0.25
002271,2021-08-02,,2021-08-02,2021-08-02,p2,YYYY,2021.08.02.125 ,2021.08.02.125 ,2021.08.02 12:519 인천 A/O,-2021.08.0212:51 9 인천A/O,2021-08-02,2021-08-02,1.36,0.483
002272,2021-08-02,,2021-08-02,2021-08-02,p2,YYYY,2021.08.02125 ,,2021.08.02 12:51 인 인천 A/0,,2021-08-02,2021-08-02,1.59,0.249
002273,2021-08-09,,2021-08-09,2021-08-09,p2,YYYY,2021.08.0919.5 ,2021.08.09195 ,2021.08.0919:55 97 5인천 A/O,2021.08.09 19:55 연 5인천 A/O,2021-08-09,2021-08-09,1.43,0.491
002274,2021-08-09,,2021-08-09,2021-08-09,p2,YYYY,appuccino 2021.08.09.1955 Hazelnut,,"Cappuccino 2021.08.09 19:55 천 A/0 ""Hazelnut",,2021-08-09,2021-08-09,1.68,0.393
002275,2023-12-22,2,2023-12-22,2023-12-22,p1@640,YYYY,2023.12.22,,2023.12.22,,2023-12-22,2023-12-22,1.5,0.106
002277,2023-07-NONE,,2025-07-NONE,2025-07-NONE,p2,MON_Y,EST L.2023,,BEST TBJU2S,,,,7.17,0.219
002278,2023-07-NONE,,2023-07-NONE,2023-07-NONE,p2,MON_Y,BEST BY JUL 2023 0189,,BEST BY JUL 2 0169,,2023-07-NONE,,2.7,0.339
002283,2022-01-20,2,2022-01-20,2022-01-20,p2,YYYY,801111941.198 2022.01.20,801111 941198 2022.01.20,"87801117194198"" 2022.01.20B","88011171941198"" 2022.01.20까지B",2022-01-20,2022-01-20,3.37,0.496
002285,2022-01-06,,2021-01-07,2021-01-07,p2,YY,0 22.01.06 21.01.07,,보 22.0106 21.01.J7R,,2021-01-07;2022-01-06,,2.13,0.33
002286,2021-12-31,,2021-12-31,2021-12-31,p2,YY,0 21.12.31, 21.12.31, 21.12.31,  21.12.31,2021-12-31,2021-12-31,2.06,0.633
002288,2024-12-18,,2021-12-18,2021-12-18,p2,DMY4,18.12.2021,18.12.2021,18.12.2021,18.12.2021,2021-12-18,2021-12-18,1.28,0.192
002289,2021-12-18,,2021-12-18,2021-12-18,p2,DMY4,18.12.2021,,18.12.2021,,2021-12-18,2021-12-18,1.17,0.084
002290,2021-09-10,,2021-09-10,2021-09-10,p2,YYYY,2021.09.10,2021.09.10,2021.09.10,2021.09.10mA,2021-09-10,2021-09-10,1.1,0.167
002291,2021-09-10,,2021-09-10,2021-09-10,p2,YYYY,2021.09.10,,2021.09.10m,,2021-09-10,2021-09-10,1.13,0.079
002292,2021-07-03,,2021-07-03,2021-07-03,p2,YYYY,2021.07.03,2021.07.03,2021.07.031W,2021.07.031W,2021-07-03,2021-07-03,2.47,0.173
002293,2021-07-03,,2021-07-03,2021-07-03,p2,YYYY,2021.07.03,,202107.0374,,2021-07-03,,3.63,0.078
002294,2022-09-22,,2022-09-22,2022-09-22,p2,YYYY,2022.09.22,2022.09.22,2022.09.22,2022.09.22,2022-09-22,2022-09-22,1.93,0.193
002295,2022-09-22,,2022-09-22,2022-09-22,p2,YYYY,2022.09.22,,2022.09.22,,2022-09-22,2022-09-22,1.57,0.104
002297,2022-06-06,,2022-06-06,2022-06-06,p2,YYYY,2022.06.06,,2022.06.06,,2022-06-06,2022-06-06,1.35,0.084
002298,2021-10-15,,2021-10-15,2021-10-15,p2,YYYY,2021.10.15,2021.10.15,2021.10.15,2021.10.15,2021-10-15,2021-10-15,1.73,0.18
002299,2021-10-15,,2021-10-15,2021-10-15,p2,YYYY,2021.10.15,,2021.10.15까,,2021-10-15,2021-10-15,1.73,0.103
002300,2022-01-31,,2022-01-31,2022-01-31,p2,YYYY,2022.01.31,2022.01.31,2022.01.31까,2022.01.31까,2022-01-31,2022-01-31,1.06,0.171
002302,2022-02-03,,2022-02-03,2022-02-03,p2,YYYY,2022.02.03,2022.02.03,2022.02.03,2022.02.03까,2022-02-03,2022-02-03,0.91,0.165
002303,2022-02-03,,2022-02-03,2022-02-03,p2,YY_LEAD0,2480Kca 29202 .14.38 220F 022.02.03 Hot Taste 9,,24g(8가k() 2이제 기당어74.38% 이상균제 022.02.03X Hot Taste 매운맛,,2022-02-03,2022-02-03,1.29,0.592
002304,2022-07-31,,2022-07-31,2022-07-31,p2,YYYY,2022.07.31,2022.07.31,2022.07.31,2022.07.31,2022-07-31,2022-07-31,1.22,0.272
002305,2022-07-31,,2022-07-31,2022-07-31,p2,YYYY,Happ 2022.07.31,,HappyC 2022.07.31,,2022-07-31,2022-07-31,1.7,0.293
002306,2021-11-23,,2021-11-23,2021-11-23,p2,YY,21.11.23,21.11.23,21.1.23,21.11.23,2021-11-23,2021-01-23;2021-11-23,0.67,0.211
002307,2021-11-15,,2020-02-02,2020-02-02,erode2/p1@640,SP_DMY,              ,,              ,,,,6.64,0.803
002308,2021-11-15,,2021-11-15,2021-11-15,p2,DMY4, 15.11.2021   1,, 15.11.2021까지   ,,2021-11-15,2021-11-15,6.27,0.424
002309,NONE-03-13,2,NONE-03-13,NONE-03-13,p2,MMDD,03.13.13 47,03.13.1347,03.13.13:47F5,03.1313:47F5,,,4.68,0.392
002312,2020-08-17,,2020-08-17,2020-08-17,p2,YYYY,A2020.08.17,,제조2020.08.17,,2020-08-17,2020-08-17,1.8,0.198
002313,2021-10-17,2,2021-10-17,2021-10-17,p2,DMY4,17.10.202017.10.202,.17.10.02017.10.2021,17.020/E17.0.2021,17.0.20/17.0.2021,2017-10-20,,1.84,0.192
002315,2022-06-15,,2022-06-15,2022-06-15,p2,DMY4,15.06.2022,,15.06.2022,,2022-06-15,2022-06-15,6.55,0.097
002316,2022-06-15,,2022-06-15,2022-06-15,p2,DMY4,15.06.2022,,15.06.2022,,2022-06-15,2022-06-15,4.6,0.091
002318,2020-12-03,,2020-12-03,2020-12-03,p2,YYYY,2020 12.03,,202012.03.까지,,2020-12-03,2020-12-03,1.09,0.075
002319,2020-10-29,,2020-10-29,2020-10-29,p2,YYYY,2020.10.29,,2020.10.29,,2020-10-29,2020-10-29,1.09,0.079
002320,2020-10-29,,2020-10-29,2020-10-29,p2,YYYY,2020.10.29 14 16 . asting Not,,2020.10.29 14:16 w Tasting Note,,2020-10-29,2020-10-29,1.06,0.345
002321,2022-11-04,,2022-11-04,2022-11-04,p2,YYYY,2022.11.0407,,2022.11.04까지i,,2022-11-04,2022-11-04,1.69,0.232
002322,NONE-04-15,,NONE-04-15,NONE-04-15,p2,MMDD,ME 1 04.15,,설탕 플레인요거트 04.15까지,,NONE-04-15,NONE-04-15,5.93,0.344
002323,NONE-04-15,,NONE-04-15,NONE-04-15,p2,MMDD, 04.15,,탕 0415까지,,NONE-04-15,,3.3,0.279
002324,2020-09-06,,2020-09-06,2020-09-06,p2,YYYY,2020.09.06,,2020.09.06,,2020-09-06,2020-09-06,1.44,0.109
002325,2020-09-06,,2020-09-06,2020-09-06,p2,YYYY,2020.09.06 2247,,2020.09.06 22:47°,,2020-09-06,2020-09-06,1.43,0.227
002326,2022-10-23,,2022-10-23,2022-10-23,p2,YYYY,2022.10.23.04.10,,2022.10.23.04:10 까지,,2022-10-23,2022-10-23,1.81,0.084
002327,2022-10-23,,2022-10-23,2022-10-23,p1@640,YYYY,201024/N12 2022.10.23.0410,,20102/N12FS20까 2022.10.23.0: 10,,2022-10-23,2022-10-23,1.29,0.226
002328,2021-10-20,2,2020-10-21,2020-10-21,p2,YYYY,2020.10.21,,2020 10 21부N,,2020-10-21,2020-10-21,1.32,0.103
002329,2020-11-30,,2020-11-30,2020-11-30,p2,YYYY,2020.11.30,,2020.11.30,,2020-11-30,2020-11-30,1.07,0.081
002330,2020-11-30,,2020-11-30,2020-11-30,p2,YYYY,2020.11.30 20 55 ,,2020:11.30 20:55 까지,,2020-11-30,2020-11-30,1.08,0.3
002331,2021-12-16,,2021-12-16,2021-12-16,p1@640,YYYY,2021.12.16,,2212,,2021-12-16,,0.97,0.077
002333,2021-10-04,,2021-10-04,2021-10-04,p2,YY,21.10.04,,210.04F8,,2021-10-04,,0.54,0.079
002335,2021-11-19,,2021-11-19,2021-11-19,p2,YYYY,2021.11.19,,2021.11.19,,2021-11-19,2021-11-19,1.08,0.093
002336,2021-11-19,,2021-11-19,2021-11-19,p1@640,YYYY,2021.11.19,,202.41.19,,2021-11-19,,1.24,0.088
002337,2023-01-05,,2023-01-05,2023-01-05,p2,YYYY,2023.01.05,,2023.01.05,,2023-01-05,2023-01-05,1.02,0.084
002338,2023-01-05,,2023-01-05,2023-01-05,p2,YYYY,2023.01.05,,2023.01.05,,2023-01-05,2023-01-05,1.02,0.08
002340,2021-12-28,,2021-12-28,2021-12-28,p2,YY,21.12.28 ,,21.12.28 까지,,2021-12-28,2021-12-28,2.68,0.321
002341,2021-12-15,2,2021-12-15,2021-12-15,p2,YYYY,  2    2020.12.16 2021.12.15 20,,  2  제조일 유통기한 일2020.12.16B 2021.12.15까 맛있는약속,,2020-12-16;2021-12-15,2020-12-16;2021-12-15,1.79,0.562
002342,2021-12-15,2,2021-12-15,2021-12-15,p2,YYYY,2021.12.15,,2021.12.15,,2021-12-15,2021-12-15,1.6,0.094
002343,2022-04-09,,2022-04-09,2022-04-09,p2,YYYY,2022.04.09,,2022.04.09,,2022-04-09,2022-04-09,3.19,0.139
002344,2022-04-09,,2022-04-09,2022-04-09,p2,YYYY,2022.04.09,,2022.04.09,,2022-04-09,2022-04-09,1.63,0.09
002345,NONE-02-12,,2020-05-12,2020-05-12,p2,CMP6_DMY,02.1 .12 120520,,1. 12 12520,,2020-05-12,,1.25,0.319
002346,NONE-02-12,,NONE-02-12,NONE-02-12,ft/p2,MMDD,,,,,,,8.06,0.0
002348,2021-10-04,,2021-10-04,2021-10-04,p2,YYYY,2021.10.04,,2021.10.04 C,,2021-10-04,2021-10-04,1.05,0.095
002351,2021-09-13,,2021-09-13,2021-09-13,p2,YYYY,2021.09.13,,2021.09.13,,2021-09-13,2021-09-13,7.49,0.109
002352,2021-09-13,,2021-09-13,2021-09-13,p1@640,YYYY,52021.09.13,,기한2021.09.13,,,2021-09-13,1.47,0.19
002353,2021-10-22,,2021-10-22,2021-10-22,p2,YY,21.10.22 ,21.10.22 ,.21.10.22T 까지,.21.10.22 까지,2021-10-22,2021-10-22,1.18,0.525
002354,2021-10-22,,2021-10-22,2021-10-22,p2,YY,21.10.22 ,,.21.10.22 T 까지,,2021-10-22,2021-10-22,0.99,0.205
002355,2021-02-12,,2021-02-12,2021-02-12,p2,YYYY,2021.02.12,2021.02.12,2021.02.12A7,2021.02.12A7,2021-02-12,2021-02-12,1.64,0.198
002356,2021-02-12,,2021-02-12,2021-02-12,p1@640,YYYY,2021.02.1,,202.02212A7,,2021-02-01,,1.01,0.077
002357,2021-10-10,,2021-10-10,2021-10-10,p2,YYYY,2021.10.10,2021.10.10,2021.10.10,2021.10.10,2021-10-10,2021-10-10,1.78,0.185
002358,2021-10-10,,2021-10-10,2021-10-10,p2,YYYY,2021.10.10,,2021.10.10일7,,2021-10-10,2021-10-10,1.82,0.087
002359,2021-06-10,,2021-06-10,2021-06-10,p2,YYYY,2021.06.1,,2021.06.10까지,,2021-06-01,2021-06-10,0.98,0.08
002360,2021-06-10,,2021-06-10,2021-06-10,p2,YYYY,2021.06.10,,2021.06.10까지,,2021-06-10,2021-06-10,1.76,0.104
002361,2019-12-10,,2019-12-10,2019-12-10,p2,YYYY,2019.12.10 0,,제조 2019.12.10 A03,,2019-12-10,2019-12-10,2.12,0.211
002362,NONE,,2019-12-10,2019-12-10,p2,YYYY,2019.12.10A03,,조 2019.12.10 A03,,2019-12-10,2019-12-10,2.85,0.233
002363,2021-08-04,,2021-08-04,2021-08-04,p2,YYYY,2021.08.04,,2021.08.04까지,,2021-08-04,2021-08-04,3.0,0.111
002364,2021-08-04,,2021-08-04,2021-08-04,p2,YYYY,12 2021.08.04 212,,피스타치오와 피스ㄹ로108-04까지 건강한,,2021-08-04,,2.09,0.341
002365,2021-12-22,,2021-12-22,2021-12-22,p2,YYYY,2021.12.22,,2021.1222A,,2021-12-22,2021-12-22,1.09,0.089
002366,2020-10-01,,2020-10-01,2020-10-01,p2,DMY4,01-10-2020,,01-10-2020,,2020-10-01,2020-10-01,1.1,0.086
002367,2020-10-01,,2020-10-01,2020-10-01,p2,DMY4,01-10-2020,,01=10-2020,,2020-10-01,,1.13,0.079
002368,2022-01-16,,2022-01-16,2022-01-16,p2,YYYY,2022.01.16,,'202201.16,,2022-01-16,2022-01-16,2.93,0.138
002369,2022-01-16,,2022-01-16,2022-01-16,p2,YYYY,2022.01.16,,2022.01.16,,2022-01-16,2022-01-16,2.63,0.118
002370,2022-05-12,,2022-05-12,2022-05-12,p2,YYYY,2022.05.12 28 18,2022.05.12 28 10,2022.05.121 지간 나능,2022.05.12 지간 나능,2022-05-12,2022-05-12,1.37,0.621
002371,2022-11-12,,2022-11-12,2022-11-12,p2,YYYY,meplu 2022.11.12,,neplus 2022.11.112,,2022-11-12,2022-11-11,1.27,0.255
002372,2022-11-12,,2022-11-12,2022-11-12,p1@640,YYYY,meplush 2022.11.12,,neplus 2022.11.12,,2022-11-12,2022-11-12,1.25,0.229
002373,2021-12-27,,2028-10-NONE,2028-10-NONE,p1@640,YYMM,2 28-103,,간편한 8-10,,,,1.2,0.225
002374,2021-12-27,,2028-10-NONE,2028-10-NONE,p1@640,YYMM,018-103,,98-10,,,,0.96,0.101
002375,2019-10-28,,2019-10-28,2019-10-28,p2,YYYY,2019.10.28,2019.10.28,2019.10.28,2019.10.28,2019-10-28,2019-10-28,1.29,0.174
002376,2019-10-28,,2019-10-28,2019-10-28,p2,YYYY,2019 .10.28,,2019. .10.28,,2019-10-28,2019-10-28,2.12,0.258
002377,2022-12-21,,2022-12-21,2022-12-21,p2,YYYY,0 2022.12.21,,유동기한 2022.12.21,,2022-12-21,2022-12-21,2.32,0.266
002378,2022-12-21,,2022-12-21,2022-12-21,p2,YYYY,06 2022.12.21,,유동기한 2022.12.21,,2022-12-21,2022-12-21,2.87,0.259
002379,2022-10-20,,2022-10-20,2022-10-20,p2,YYYY,E 2022.10.20 ,,유통기한 기한2022.10.20 까지,,2022-10-20,2022-10-20,2.84,0.319
002380,2022-10-20,,2022-10-20,2022-10-20,p2,YYYY,2 2022.10.20 ,,유통기한:20 2022.10.20 까지,,2022-10-20,2022-10-20,2.9,0.321
002382,2021-08-17,,2021-08-17,2021-08-17,p2,YYYY, A  2408 2  025014 A  24 2022 2022 . 0203 0229 016 4 205 F05.CO 17602 2021.08.17,,                SAO  SC  2021.08.17 1.76.니0.2 피,,2021-08-17,2021-08-17,2.17,1.164
002383,2020-10-08,,2020-10-08,2020-10-08,p2,YYYY,26 255 2020.10.08.1401 01 ,26 255 2020.10.08.1401 01 ,28 시글로55 2020.10.08.14:01 인천B 박시명,28 시글로55 2020.10.08.14:01 인천B 박시명,2020-10-08,2020-10-08,3.69,1.091
002384,2020-10-08,,2020-10-08,2020-10-08,p2,YYYY,2.55 2020.10.08.1401 ,,N글z 5 2020÷18.08.14:01 인천B박시명0,,2020-10-08,2018-08-14,2.56,0.342
002385,2019-08-18,2,2019-08-18,2019-08-18,p2,YY,19.08.18,19.08.18,19.08.18 까지 A5,19.08.18 까지 A5,2019-08-18,2019-08-18,3.6,0.236
002386,2019-08-18,2,2019-08-18,2019-08-18,p2,YY,f01l 2 19.08.185,,에따라 19.08.18까지65,,2019-08-18,2019-08-18,3.35,0.285
002387,2021-01-14,,2021-01-14,2021-01-14,p2,YYYY,2021.01.14,,2021.01.14까지,,2021-01-14,2021-01-14,1.03,0.116
002388,2021-01-14,,2021-01-14,2021-01-14,p2,YYYY,2021.01.14,,2021.01.14까,,2021-01-14,2021-01-14,1.48,0.104
002389,2021-08-04,,2021-08-04,2021-08-04,p2,YYYY,2 2021.08.04  80100732561,,유통기한:20 2021.08.04 까지 시81801007/325613,,2021-08-04,2021-08-04,1.34,0.422
002390,2021-03-18,,2021-08-NONE,2021-08-NONE,p1@640,YYYYMM,2021.03.18,,,,2021-03-18,,0.92,0.086
002392,2021-07-21,,2021-07-21,2021-07-21,p2,YYYY,505/206 A 2021.07.21,,56-0:208  2021.07.21,,2021-07-21,2021-07-21,3.3,0.432
002393,2020-07-01,,2020-07-01,2020-07-01,p1@1024,D_MON_Y,Kraft  01 2020 8 0734,Kraft  01 2020 8 0734,Kraft  01M2020 F80734,Kraft  01M2020 F80734,2020-08-07,,2.95,0.752
002394,2020-07-01,,2020-08-07,2020-08-07,ft/p2,YYYY,,,,,,,8.1,0.0
002395,2023-11-11,,2023-11-11,2023-11-11,p1@640,YYYY,202/1/11,2023/1/11,"2023/11""","2023/1""",2023-01-11,,0.97,0.163
002396,2022-01-25,,2022-01-25,2022-01-25,p2,YYYY,2022.01.25,2022.01.25,2022.01.25,2022.01.25,2022-01-25,2022-01-25,0.99,0.168
002397,2022-01-25,,2022-01-25,2022-01-25,p2,YYYY,2022.01.25 2022.0A QUAKER,,202.01.25 2022RER QUAKER,,2022-01-25,,3.46,0.313
002398,2021-09-18,,2021-09-18,2021-09-18,p1@640,MON_DY,BE-3EP 18202,BE-SEP 18202,,,,,0.98,0.167
002399,2021-09-18,,2021-09-18,2021-09-18,p1@640,MON_DY,2 -SEP18202,,E ESEPB,,,,0.98,0.249
002400,2023-01-05,,2023-01-05,2023-01-05,p1@640,YYYY,2023.01.05,2023.01.05,유동2023.01.05까지,유동2023.01.05까지,2023-01-05,2023-01-05,1.13,0.161
002401,2022-11-04,,2022-12-04,2022-12-04,p2,CMP, 2022/1 204 2, 2022104 5, 22021204 , E20291 204 ,2022-01-20,,5.19,0.645
002402,2022-11-04,,NONE,NONE,,,,,,,,,17.24,0.0
002403,2022-10-02,,2022-10-02,2022-10-02,ft/blur1/p1@1024,D_MON_Y,,,,,,,19.41,0.0
002404,2022-10-02,,NONE,NONE,,,,,,,,,11.42,0.0
002405,2021-11-01,,2021-11-01,2021-11-01,p2,YYYY,2021.11.01,2021.11.01,2021.11.01,2021.11.01,2021-11-01,2021-11-01,0.72,0.15
002406,2021-11-01,,2021-11-01,2021-11-01,p2,YYYY,2021.11.1,,"""2021.11.01",,2021-11-01,2021-11-01,0.96,0.067
002407,2022-03-08,,2022-03-08,2022-03-08,p1@1024,YYYY,202.03.0.1 38,202.03.08.0 38,A200,20203.0103RA0,,,2.91,0.207
002408,2022-10-29,2,2022-10-29,2022-10-29,p2,DMY4,29.10.20224,29.10.2022,ENP : 29.10.2022 482,ENP : 29.10.2022 4882,2022-10-29,2022-10-29,2.04,0.168
002409,2022-10-29,2,2019-10-29,2019-10-29,p1@640,DMY4,29.18.09 087 20129.0.02,,  ? B ,,,,1.04,0.22
002410,2022-04-NONE,,2022-04-NONE,2022-04-NONE,p2,MMYYYY,04.2022,04.2022,04.2022,04.2022,2022-04-NONE,2022-04-NONE,0.83,0.164
002411,2023-01-12,,2023-01-12,2023-01-12,p2,YYYY,2023.01.12,2023.01.12,2023 01 12,2023 01 12,2023-01-12,2023-01-12,1.58,0.182
002412,2023-01-18,,2023-01-18,2023-01-18,p2,YYYY,2023.01.18,2023.01.18,2023.01.18,2023.01.18,2023-01-18,2023-01-18,2.37,0.211
002413,2022-07-20,,2022-07-20,2022-07-20,p2,YYYY,2022.07.20,2022.07.20,2022.07.20까지A1,2022.07.20까지A1,2022-07-20,2022-07-20,1.6,0.175
002414,2021-11-01,,2021-11-01,2021-11-01,p1@640,YYYY,s20. 2021.11.01,s20. 2021.11.01,o 2021.11.01.,eo 2021.11.01.,2021-11-01,2021-11-01,2.21,0.476
002416,2021-12-25,,2021-12-25,2021-12-25,p2,YYYY,2021.12.25,2021.12.25,2021.12.25,2021.12.25,2021-12-25,2021-12-25,0.84,0.153
002417,2021-12-25,,2021-12-25,2021-12-25,p2,YYYY,2021.12.25,,2021.12.25,,2021-12-25,2021-12-25,0.77,0.071
002419,2023-05-10,,2023-05-10,2023-05-10,p2,YYYY,2023.05.10 ,,"2023.05.10, 까지",,2023-05-10,2023-05-10,1.79,0.239
002420,2020-10-23,,2020-10-23,2020-10-23,p2,DMY4,23.10.2020,,23.10.2020,,2020-10-23,2020-10-23,0.66,0.077
002422,2023-02-07,,2023-02-07,2023-02-07,p2,YYYY,2023.02.07,2023.02.07,2023.02.07,2023.02.07,2023-02-07,2023-02-07,2.69,0.174
002423,2023-02-07,,2023-02-07,2023-02-07,p2,YYYY,MARKET 2023.02.07,,MARKET 2023.02.07,,2023-02-07,2023-02-07,3.46,0.369
002424,2022-06-09,,2022-06-09,2022-06-09,p2,YYYY,2022/06/09,,2022/05/09,,2022-06-09,2022-05-09,0.87,0.088
002425,2022-06-09,,2022-06-09,2022-06-09,p2,YYYY,2022/06/09,,2022/06/09,,2022-06-09,2022-06-09,1.21,0.078
002426,2021-01-18,,2021-01-18,2021-01-18,p2,YYYY,2021.01.18,,2021.01.18까지,,2021-01-18,2021-01-18,1.6,0.082
002428,2020-12-23,,2020-12-23,2020-12-23,p2,YY,20.12.23,20.12.23,20.12.23F2E,20.12.23F2E,2020-12-23,2020-12-23,1.49,0.209
002429,2022-07-03,,2022-07-03,2022-07-03,p2,YYYY,28 .0. 2022.07.03 O,,  2022.07.03 SITOLEHB,,2022-07-03,2022-07-03,2.02,0.406
002430,2021-06-11,,2021-06-11,2021-06-11,p2,CMP,2021.0611 SPE,2021.0611 SPE,20210 SPE,202101 SPE,2021-06-11,,3.82,0.498
002431,2021-06-11,,2021-06-11,2021-06-11,erode2/p1@640,YYYY,2021.06 KN 107,,20210E KNB107,,,,2.49,0.202
002432,NONE,,2020-07-16,2020-07-16,p2,YY, 20.07.16,,제조 조 20.07.16 A,,2020-07-16,2020-07-16,6.81,0.202
002434,2023-01-07,,2023-01-07,2023-01-07,p2,YYYY, 2023.01.07, 2023.01.07,유통기한: 2023.01.07,유통기한: 2023.01.07,2023-01-07,2023-01-07,1.3,0.477
002435,2021-06-03,,2021-06-03,2021-06-03,p1@640,DMY4,03.06.2021,,03062021,,2021-06-03,,2.16,0.113
002437,2020-09-13,,2020-09-13,2020-09-13,p2,DMY4, ESTBEFOR ODU Saturated 0.19 78m9l 5491 13/09/2020 AUSTAUA37 .emosods.com ,,(// BEST BEFORE: SODIUM A-Saturaied 0.19 78mg 5.49 13/09/2020 AUSTAA 3175. ngww.,,2020-09-13,2020-09-13,2.86,0.666
002439,2022-01-26,,2022-01-26,2022-01-26,p2,YY_LEAD0,HACCP 2022.01.26 71,HACC 2022.01.26 71,HACCP 2022.01.26 통기한,HACCP 2022.01.26 통기한,2022-01-26,2022-01-26,1.44,0.648
002440,2022-01-26,,2022-01-26,2022-01-26,koline,YYYY,,,를,,,,15.48,0.271
002441,2021-08-03,,2021-08-03,2021-08-03,p2,YYYY,2 35g/130kca 2021.08.03,2 35g/130kca 2021.08.03,리얼바20 35 g/130kcal 2021.08.03,리얼바20 35g/130kcal 2021.08.03,2021-08-03,2021-08-03,1.55,0.663
002442,2021-08-03,,2021-08-03,2021-08-03,p2,YYYY, 359/130al 2021.08.03,,"X리얼바 ""35g/130kcal 2021.08.03",,2021-08-03,2021-08-03,1.54,0.326
002445,2021-01-16,,2021-01-16,2021-01-16,p2,YYYY,2021.01.16 21 56,2021.01.16 21 56,2021.01.16 21:56 ,2021.01.1621:56,2021-01-16,2021-01-16,1.68,0.468
002446,2021-01-16,,2021-01-16,2021-01-16,p2,YYYY, RRA2 2021.01.62156,,R $KRA}$ R1.01.162156,,,,1.15,0.29
002447,2021-02-04,,2021-02-04,2021-02-04,p2,YYYY,2021.02.04 871,2021.02.04 87,2021.02.04 사용기한,2021.02.04 사용기한,2021-02-04,2021-02-04,1.72,0.504
002449,2021-06-09,2,2021-06-09,2021-06-09,p2,YYYY,2021.06.09 2020.12.107,2021.06.09 2020.12.107,201:.09 2020·12: 10개조,01:.09 2020·12: 10조,2020-12-10;2021-06-09,,1.07,0.472
002450,2021-06-09,2,NONE,NONE,,,,,,,,,11.17,0.0
002451,2021-08-14,,2021-08-14,2021-08-14,p2,YYYY,2021.08.14,2021.08.14,2021.0144,2021.0814,2021-08-14,2021-08-14,0.71,0.161
002452,2021-12-22,,2021-12-22,2021-12-22,ft/p1@1024,YY,,,,,,,23.95,0.0
002453,2021-12-22,,2028-02-20,2028-02-20,ft/p1@640,YYYY,,,,,,,8.58,0.0
002454,2023-02-NONE,,2023-02-NONE,2023-02-NONE,p2,MMYYYY,02.2023,02.2023,02.2023,02.2023,2023-02-NONE,2023-02-NONE,2.92,0.205
002456,2024-09-15,,2024-09-15,2024-09-15,p2,DMY4,e ax. 15.09.2024,s ax. 15.09.2024,ir deseeiatis. 15.09.2024,ir deseeiais. 15.09.2024,2024-09-15,2024-09-15,3.79,0.533
002457,2024-09-15,,2024-09-15,2024-09-15,p2,DMY4, 15.09.2024 308698,,dnetesth! 15.09.2024 L308698,,2024-09-15,2024-09-15,1.95,0.358
002458,2022-04-NONE,,2022-04-NONE,2022-04-NONE,p2,YYYYMM,051202 2022.04,,유통기한:20 2022.04,,2022-04-NONE,2022-04-NONE,17.49,0.284
002459,2021-11-30,,2021-11-30,2021-11-30,p2,YYYY, .02021-11-30, .072021-11-30,"대두레시틴천연향료합성향료대 료합성향료대두,우유함유유통기한: 2021-11-30 까지","대두레시틴,천연향료,합성향료대 료합성향료대두, 우유함유·유통기한: 2021-11-30까지",2021-11-30,2021-11-30,6.19,0.82
002460,2021-11-30,,2021-11-30,2021-11-30,p1keep/p1@640,YYYY,4 02  2021 0/ 2021 20/02.601 2021    /8 2021-11-30  3,,           영양정보 H2021-1-30  ,,2021-02-04;2021-08-20,2021-01-30,1.87,0.834
002461,2021-10-31,,2021-10-31,2021-10-31,p2,YYYY,2021.10.31  44,2021.10.31  44,2021.10.31  ,2021.10.31  ,2021-10-31,2021-10-31,2.16,0.654
002462,2020-12-21,,2020-12-02,2020-12-02,p2,YYYY,2020.12.2,2020.12.21,E020.122,2020.122,2020-12-02;2020-12-21,,1.91,0.181
002464,2022-05-NONE,,2022-05-NONE,2022-05-NONE,p2,MMYYYY,54859 9EXP05/2022,54859 9EXP05/2022,B)54859E) 9P05/202,)54859 E) 9P05/202,2022-05-NONE,,2.13,0.492
002465,2022-01-20,,2022-01-20,2022-01-20,p2,YYYY,01 2022.01.20 01 ,01 2022.01.20 01 ,아이매k 2022.01.20 아이애넷 애넷생유산균,아이해넷 2022.01.20 아이애닛 매넷생유산균,2022-01-20,2022-01-20,3.15,0.766
002466,2022-01-20,,2022-01-20,2022-01-20,p2,YYYY,01 2022.01.20 0 ,,아이애넷 2022.01.20 아이애닛 생유산균,,2022-01-20,2022-01-20,2.67,0.356
002467,2021-05-18,2,2021-05-18,2021-05-18,p2,DMY4,18/05/2021,18/05/2021,EP 18/05/2021 BN 02,EXP 18/05/2021 BNU2,2021-05-18,2021-05-18,2.04,0.203
002471,2021-03-18,2,2021-03-18,2021-03-18,p2,YY,21.03.1,21.03.1,유기한:21.08.18A,유기한:21.08.18A,2021-03-01,2021-08-18,1.99,0.178
002472,2021-03-18,2,2021-03-18,2021-03-18,p1@640,YY,21.08.12 28 I221031272280,,-210322 2 22103122802,,2021-08-12,,1.32,0.321
002473,2021-03-16,2,2021-03-16,2021-03-16,p2,YY,21.03.16,21.03.16,유통기한:21.03.16A,유통기한:21.03.16A,2021-03-16,2021-03-16,4.1,0.319
002474,2021-03-16,2,2021-03-16,2021-03-16,p1@640,YY,21.03.16,,유기한:21.03.16A,,2021-03-16,2021-03-16,3.46,0.149
002475,2021-03-13,,2021-03-13,2021-03-13,p2,YYYY,2021.03.13,2021.03.13,2021.03.13,2021.03.13,2021-03-13,2021-03-13,3.2,0.21
002476,2021-03-13,,2021-03-13,2021-03-13,p2,YYYY,2021.03.13,,2021.03.13,,2021-03-13,2021-03-13,2.26,0.091
002477,2023-03-15,,2023-03-15,2023-03-15,p2,YYYY,2023.03.15 ,872023.03.15 ,사용기한:2023-03-15삼 삼천당제약(주),사기한:2023-03-15삼 삼천당제약(주),2023-03-15,2023-03-15,2.28,0.619
002478,2023-03-15,,2023-03-15,2023-03-15,p2,YYYY,00 2023.03.15 UMU,, 2023.03.15 ,,2023-03-15,2023-03-15,1.54,0.333
002479,2022-07-NONE,,2022-07-NONE,2022-07-NONE,p2,YYYYMM,2022.07,2022.07,2022.07,2022.07,2022-07-NONE,2022-07-NONE,1.18,0.184
002480,2022-07-NONE,,2022-07-NONE,2022-07-NONE,p2,YYYYMM,2022.07,,2022.07,,2022-07-NONE,2022-07-NONE,1.23,0.077
002482,2021-03-28,,2021-05-28,2021-05-28,p1@640,YYYY,2021.028,,2021,,,,1.08,0.076
002483,2021-05-05,,2021-05-05,2021-05-05,blur1/p1@640,YYYY,2021.050 05,,유동기2021.050 05,,,,8.3,0.274
002484,2021-05-05,,2021-05-NONE,2021-05-NONE,ft/erode3/p1@640,YYYYMM,,,,,,,8.49,0.0
002485,2022-08-03,,2022-08-03,2022-08-03,p2,YYYY,2022.08.03.,2022.08.03.,2022.08.03.GBH,2022.08.03.GBH,2022-08-03,2022-08-03,1.0,0.182
002486,2022-08-03,,2022-08-03,2022-08-03,p2,YYYY,2022.08.03.,,2022.08.03.GBH,,2022-08-03,2022-08-03,1.16,0.082
002487,NONE,m,2021-02-06,2021-02-06,p2,YYYY,2021.02.06,2021.02.06,'2021.02.06,'2021.02.06,2021-02-06,2021-02-06,0.99,0.168
002488,NONE,m,2021-02-06,2021-02-06,p2,YYYY,2021.02.06,,2021.02.06,,2021-02-06,2021-02-06,1.27,0.08
002489,2021-04-18,,2021-04-18,2021-04-18,p2,YYYY,2021.04.181439,2021.04.18149,2021.04.18 까지 14:39,2021.04.18 까지 14:39,2021-04-18,2021-04-18,1.31,0.199
002491,2022-09-08,,NONE-08-09,NONE-08-09,p2,MMDD,08.09 2,,1809 2,,NONE-08-09,,6.42,0.25
002492,2022-09-08,,2020-01-01,2020-01-01,p2,SP_DMY,                 8        3   ,,                  '인          ,,,,3.7,1.532
002493,2022-02-10,2,2023-03-10,2023-03-10,p2,YY,231 3/10.08.2020,231 /10.08.2020,23/ 3/10.08.2020,23/ 3/10.08.2020,2020-08-10,2020-08-10;2023-03-10,2.46,0.482
002494,2022-02-10,,2022-02-10,2022-02-10,p2,DMY4,2231 3/10.08.2020 10.02.2022,,2231 3/10.08.2020 10.02.2022,,2020-08-10;2022-02-10,2020-08-10;2022-02-10,1.62,0.342
002495,2021-01-27,,2021-01-27,2021-01-27,p2,YYYY,2021.01.27,2021.01.27,2021.01.27까지,2021.01.27까지,2021-01-27,2021-01-27,1.41,0.258
002496,2021-01-27,,2021-01-27,2021-01-27,p2,YYYY,2021.01.27,,2021.01.27까지,,2021-01-27,2021-01-27,1.03,0.076
002499,2021-05-07,,2021-05-07,2021-05-07,p2,YYYY,2021.05.07  0   ,,20205.07  위   ,,2021-05-07,,1.45,0.441
002500,2021-08-21,,2021-08-21,2021-08-21,p2,YYYY,     2021.08.21  2     2         20       2 ,     2021.08.21  2              20       2 ,     2021.08.21                       3 ,     2021.08.21                       3 ,2021-08-21,2021-08-21,2.87,3.017
002501,2021-08-21,,2021-08-21,2021-08-21,p2,YYYY,  2021.08.21 2 8                 28    ,,  2021.08.1                       ,,2021-08-21,2021-08-01,2.26,1.326
002502,2022-01-24,,2022-01-24,2022-01-24,p2,YYYY,2022.01.24  802989.004572,2022.01.24  802989.004572,2022.01.24까 까지 81802989004572,2022.01.24  까지 8802989004572,2022-01-24,2022-01-24,2.2,0.661
002503,2022-01-24,,2022-01-24,2022-01-24,p2,YYYY,NBrand.01. 2022.01.24 NI11,,NoBrand=01-24 2022.01.24 N117,,2022-01-24,2022-01-24,1.15,0.308
002504,2022-01-06,,2022-01-06,2022-01-06,p2,YYYY,2022.01.06 DVA7,2022.01.06 DVA7,2022.01.06 DVA7,2022.01.06 DVA07,2022-01-06,2022-01-06,1.05,0.265
002505,2022-01-06,,2022-01-06,2022-01-06,p2,YYYY,2022.01.06 DVA7,,2022.01.06 DVA7,,2022-01-06,2022-01-06,1.12,0.084
002506,2021-08-08,,2021-08-08,2021-08-08,p2,YYYY,2021.08.08,2021.08.08,유통기한 2021.08.08 까지,유통기한2021.08.08까지,2021-08-08,2021-08-08,1.75,0.434
002507,2021-08-08,,2021-08-08,2021-08-08,p2,YYYY,22 2021.08.08,,유통기한2 한2021.08.08 까지,,2021-08-08,2021-08-08,1.6,0.267
002508,2021-11-09,,2021-11-09,2021-11-09,p2,YYYY,NUTBAR DOUBLE CHOCO 2021.11.091628,NUTBAR DOUBLE CHOCO 2021.11.091628,NUTBAR -DOUBLE CHOCO. 2021.11.09 16:28,NUTBAR -DOUBLE CHOCO. 2021.11.09 16:28,2021-11-09,2021-11-09,1.29,0.711
002509,2021-11-09,,2021-11-09,2021-11-09,p2,YYYY,NUTBAR DOUBLE CHOCO 2021.11.09 1628,,NUTBAR .DOUBLE CHOCO. 2021.1109 16:28,,2021-11-09,2021-11-09,1.11,0.325
002510,2022-03-09,,2022-03-09,2022-03-09,p2,YYYY,2022.03.09 DUA21,2022.03.09 DUA1,2022.03.09 DUA21,2022.03.09 DUA21,2022-03-09,2022-03-09,1.28,0.178
002513,2021-11-04,,2021-11-04,2021-11-04,p2,YYYY,2021.11.04 DUK,,2021.11.04 DuKO5 A,,2021-11-04,2021-11-04,1.14,0.073
002514,2022-02-16,,2022-02-16,2022-02-16,p2,YYYY,2022.02.16,2022.02.16,2022.02.16F2D,2022.02.16F2D,2022-02-16,2022-02-16,1.71,0.177
002515,2022-02-16,,2022-02-16,2022-02-16,p2,YYYY,2022.02.16,,O202.02.1620,,2022-02-16,,1.55,0.084
002516,2022-07-20,,2022-07-20,2022-07-20,p2,YYYY,2022.07.20,2022.07.20,2022.07.20,2022.07.20,2022-07-20,2022-07-20,1.17,0.168
002518,2023-01-25,,2023-01-25,2023-01-25,p2,YYYY,2023.01.25,2023.01.25,2023.01.25,2023.01.25,2023-01-25,2023-01-25,2.05,0.202
002519,2023-01-25,,2023-01-25,2023-01-25,p2,YYYY,2023.01.25,,2023.01.25,,2023-01-25,2023-01-25,1.32,0.09
002520,2023-10-02,,2023-10-02,2023-10-02,p2,DMY4,02/10/2023,02/10/2023,02/10/2023,02/10/2023,2023-10-02,2023-10-02,1.02,0.172
002521,2023-10-02,,2023-10-02,2023-10-02,p2,DMY4,02/10/2023,,02/10/2023,,2023-10-02,2023-10-02,1.27,0.09
002522,2022-09-14,,2022-09-14,2022-09-14,p2,YYYY,2022.09.14,2022.09.14,2022.09.14,2022.09.14,2022-09-14,2022-09-14,1.54,0.173
002523,2022-09-14,,2022-09-14,2022-09-14,p2,YYYY,2022.09.14 N7A7,,2022.09.14 N747,,2022-09-14,2022-09-14,1.12,0.235
002524,2023-01-25,,2023-01-25,2023-01-25,p2,YYYY,2023.01.25,2023.01.25,2023.01.25,2023.01.25,2023-01-25,2023-01-25,1.1,0.177
002525,2023-01-25,,2023-01-25,2023-01-25,p2,YYYY,2023.01.25 01 8,,2023.01.25 이용 울무차,,2023-01-25,2023-01-25,1.69,0.345
002526,2023-02-15,,2023-02-15,2023-02-15,p2,YYYY,2023.02.15,2023.02.15,2023.02.15,2023.02.151,2023-02-15,2023-02-15,1.48,0.27
002527,2023-02-15,,2023-02-15,2023-02-15,p2,YYYY,2023.02.15,,2023.02.15,,2023-02-15,2023-02-15,1.35,0.084
002528,2021-10-19,,2021-10-19,2021-10-19,p2,YYYY,2021.10.19,2021.10.19,2021.10.19까지,2021.10.19까지가,2021-10-19,2021-10-19,2.28,0.181
002530,2022-01-19,,2022-01-19,2022-01-19,p2,YYYY,2022.01.19,2022.01.19,2022.01.19까지,2022.01.19까지,2022-01-19,2022-01-19,2.6,0.189
002532,2022-06-30,,2022-06-30,2022-06-30,p2,YYYY,2022.06.30 ,2022.06.30 ,2022.06.30 ,2022.06.30 ,2022-06-30,2022-06-30,2.12,0.492
002533,2022-06-30,,2022-06-30,2022-06-30,p2,YYYY,2022.06.30,,202.06..300,,2022-06-30,,1.22,0.1
002534,2021-12-04,,2021-12-04,2021-12-04,p2,YYYY,2021.12.04,2021.12.04,2021.12.04,2021.12.04,2021-12-04,2021-12-04,1.72,0.178
002535,2021-12-04,,2021-12-04,2021-12-04,p2,YYYY,2A18 0/ 87866 228 2021.12.04,,"    2021, 12.",,2021-12-04,,1.42,0.424
002536,2021-09-22,,2021-09-22,2021-09-22,p2,DMY4,22/09/2021,,22/09 /2021,,2021-09-22,2021-09-22,9.38,0.091
002537,2021-09-22,,2021-09-22,2021-09-22,p2,DMY4,22/09/2021,,22/09/2021,,2021-09-22,2021-09-22,5.41,0.078
002538,2021-08-05,,2021-08-05,2021-08-05,p1@640,YYYY, 2021/08/05 Best befor . 4250   28 50.5N650   70, 2021/08/05 Best before /4 4250 0  28 5050   70,e o- 2021/08/05 Best before:  AR (    1(5N0   yiail r  , Miness a l- 2021/08 /05 Best before: AR (    (N0   idil  YESNE,2021-08-05,2021-08-05,3.1,1.617
002539,2021-08-05,,2021-08-05,2021-08-05,p1keep/erode2/p1@640,YYYY,A0 /5/// 5.0   0210204 38006.0 050105c6 .180y    2021/08/05 Best before 05 1.6 5,,"   p  Yo  e   e L Be d pline Lo   2021/08/06 Best before: 0.59 1.69 5.29  H et, ",,2021-08-05,2021-08-06,7.98,1.833
002540,2021-12-19,,2021-12-19,2021-12-19,p2,DMY4,EpriyDat19/12/2021,EpriyDat19/12/2021,Epriy Date: 19/12/2021,Expriy Date :19/12/2021,2021-12-19,2021-12-19,3.24,0.436
002541,2021-12-19,,2021-12-19,2021-12-19,p2,DMY4,EryDat19/12/2021,,Expriy Date : 19/12/2021,,2021-12-19,2021-12-19,2.94,0.198
002542,2021-10-17,,2021-10-17,2021-10-17,p1@640,YYYY,2021/10/17,2021/10/17,2021/10/17,2021/10/17,2021-10-17,2021-10-17,1.21,0.187
002543,2021-10-17,,NONE-10-17,NONE-10-17,p2,MMDD,HOP BALLS H00 13 20211 110/17,,CHOCO BALLS EPOR 팔평초금를 20211 1/10/17,,,NONE-10-17,2.81,0.425
002544,2021-03-21,,2021-03-21,2021-03-21,p2,YYYY,EN 780330 006/48. 1.mo  2021.03.21 ,,한동라면 789(830K 한한공제  -o 도전 w2021-03:21 덤버,,2021-03-21,,14.84,0.673
002546,2022-04-NONE,,2022-04-NONE,2022-04-NONE,p1@640,MMYYYY,04/2022 30 56  47 47 ,04/2022 30 56  47 47 ,유기한04/2022 /30856% /47g47%,유통기한04/2022 /30856% /47847%,2022-04-NONE,2022-04-NONE,4.41,0.65
002549,2021-04-02,,2021-04-02,2021-04-02,erode3/p1@640,YY_TAIL,21.04.02 ,,:21.04.0217 일,,2021-04-02,2021-04-02,4.51,0.267
002550,2021-09-30,,2021-09-30,2021-09-30,p2,DMY4,30-09-2021 D402,30-09-2021 D4002,30-09-2021 D4ORE,30-09-2021 D4OE,2021-09-30,2021-09-30,1.37,0.476
002551,2021-09-30,,2021-09-30,2021-09-30,p2,DMY4,30-09-2021 D4002,,30-09-2021 D4E,,2021-09-30,2021-09-30,1.49,0.247
002552,2021-01-22,,2021-01-22,2021-01-22,erode3/p1@640,YY,21.01.22 920,,edtors 21.01.2920g,,2021-01-22,2021-01-29,7.31,0.108
002553,2021-02-22,,2022-01-21,2022-01-21,p2,DDMMYY,BestBefor est2e209 21.01.22 9209,,Best Before:2 r re: 21.01.22 9209g,,2022-01-21,2022-01-21,1.24,0.319
002554,2021-11-18,,2021-11-18,2021-11-18,p2,DMY4,18/11/2021,18/11/2021,18/11/2021,18/11/2021,2021-11-18,2021-11-18,2.52,0.226
002555,2021-11-18,,2021-11-18,2021-11-18,p2,DMY4,18/11/2021,,18/11/2021,,2021-11-18,2021-11-18,2.0,0.091
002556,2021-11-17,,2021-11-17,2021-11-17,p2,YYYY,2021.11.17,2021.11.17,EXP 2021.11.17,EXP 2021.11.17,2021-11-17,2021-11-17,1.13,0.172
002557,2021-11-17,,2021-11-17,2021-11-17,p2,YYYY,02 MASOREO  2021.11.17 1.14kg8OOkca 20 808 ,,Z NASOEO EXP 2021.11.17 TTAKG(8OOkcal) 20 영양정보 ,,2021-11-17,2021-11-17,1.18,0.454
002558,2022-04-01,,2022-04-01,2022-04-01,p2,YYYY,2022.04.01,2022.04.01,2022.04.01,2022.04.01,2022-04-01,2022-04-01,1.57,0.171
002560,2022-10-21,,2022-10-21,2022-10-21,p2,YYYY,2022-10-21,2022-10-21,enie2022-10-21,enie2022-10-21,2022-10-21,2022-10-21,2.68,0.192
002562,2021-08-29,,2021-08-29,2021-08-29,p2,DMY4, 29/08/202127021, 29/08/202127021,E 29/08/2021 L27021,E 29/08/2021 L27021,,2021-08-29,1.66,0.482
002563,2021-08-29,,2021-08-29,2021-08-29,p2,DMY4,29/08/2021 300 1127021 1642,,29/08/2021 3009 1127021 152:422,,2021-08-29,2021-08-29,1.59,0.356
002564,2021-09-25,,2021-09-25,2021-09-25,p2,YYYY,2021/09/25,2021/09/25,2021/09/25,2021/09/25,2021-09-25,2021-09-25,3.1,0.183
002565,2021-09-25,,2021-09-25,2021-09-25,p2,YYYY,2021/09/25,,2021/09/25,,2021-09-25,2021-09-25,1.58,0.083
002566,2021-10-15,,2021-10-15,2021-10-15,p2,DMY4,15.10.2021,15.10.2021,15.10.2021,15.10.2021,2021-10-15,2021-10-15,3.06,0.213
002567,2021-10-15,,2021-10-15,2021-10-15,p1@640,DMY4,000000 11402 09.24 15.10.2021,,0 TRE00202092424 1540202,,2021-10-15,,1.59,0.332
002568,2022-04-04,,2022-04-04,2022-04-04,p2,DMY4,04/04/2022,04/04/2022,1E 0404/202,1E 04/04/20122,2022-04-04,,0.93,0.192
002569,2022-04-04,,2022-04-04,2022-04-04,p2,DMY4,04/04/2022,,04/04/2022,,2022-04-04,2022-04-04,0.91,0.078
002570,2021-05-07,2,2021-05-07,2021-05-07,p2,YYYY, 2021.01.08 2021.05.07    94.00   040 AC 2409 300 ca, 2021.01.08 2021.05.07  A  049100 2 040  2409 30 ca,   2021.01.08제조A 2021.05.07 까지A  조A   축액10  영보  총내용량 20 300 c,   2021.01.08제조A 2021.05.07 까지A  조A  n 축10  영  총내용량240g 300 ca,2021-01-08;2021-05-07,2021-01-08;2021-05-07,2.96,1.873
002571,2021-05-07,2,2021-05-07,2021-05-07,p1keep/p1@640,YYYY,2021.05.07 2021.01.08 A A,,"2021.05,07 2021.0.08A A A",,2021-01-08;2021-05-07,,1.47,0.372
002572,2021-12-29,,2021-12-29,2021-12-29,p2,YYYY, 2021.12.29 , 2021.12.29 ,유통기한: 2021.12.29 까지,유통기한: 2021.12.29 까지,2021-12-29,2021-12-29,2.61,0.745
002574,2021-12-16,,2021-12-16,2021-12-16,p2,YYYY,2021.12.16,2021.12.16,2021.12.16까지A6,2021.12.16까지A6,2021-12-16,2021-12-16,1.84,0.255
002575,2021-12-16,,2021-12-16,2021-12-16,p2,YYYY,2021.12.16,,202112.16A6,,2021-12-16,2021-12-16,2.34,0.112
002576,2020-02-18,,2020-02-18,2020-02-18,p2,YYYY, 206/28 0498 028  25 2051 15   2 02 30g  /061433-6826 2.1 2020.02.18  224 01.139, 0828 048 0828  25 0880618 215    229 30g  /061433-826 21 2020.02.18  228 101 13,기농상황채 인증기명  증번  인증품의표시사항 취급자청림농원영농조합법인 전남친진음목회길15 용기(포장)재질 반품및교환 원재료명 공급원 30g 상황,기농상황채 연용기형    인증품의표시사항 이취급자청림농원영농조합법인 전남진군강진음목화15 용기(포장)재질 반품및교환 원재료명 공급원 30g 상황,2020-02-18,2020-02-18,3.25,2.502
002578,2024-01-14,,2024-01-14,2024-01-14,p2,YYYY,8809258654292 2024.01.14,8809258654292 2024.01.14,8809258654292 2024.01.14,8809258654292 2024.01.14,2024-01-14,2024-01-14,4.02,0.549
002579,2024-01-14,,2024-01-14,2024-01-14,p2,YYYY,8809258654292 S.YOun ..21 1558684/016 204/03-6 04 987 EA 510 1001 NETW.130 2.2 E,,8809258654292 Shn Young OHER /- /-70-6 AnP PVTi    10 NETWT.T :   부정· 불당식 신고는번없이,,2024-01-14,2024-01-14,2.71,1.423
002580,2021-11-17,,2021-11-17,2021-11-17,p1@640,YYYY,  4  3 28117  1    /8 151   2008  100    2021.11.17 30 171 041-956-1434 20050471,,고번    경서전장화 2 유통기한 기 제조원 보  장용기 농업 한 하단시일까지 친정엄마 볶음검정께 2008 기타동산가공품 경정100% 경국산) ,,2021-11-17,2021-11-17,2.47,1.556
002581,2021-11-17,,2021-01-17,2021-01-17,p2,YYYY, 8 088 24   3 4  282.117 7  01 82  2008 1 100 1 0  210 2021.1.17 22 4087 1217102,,   로명     천 28일77 음록보고번호 유기한 전용데이 용기 친정임마 볶음경정께 2008 기타동산가공공 정100% 경중국산) 비곳에 표시일,,2021-01-17,,2.24,1.502
002582,2021-01-07,,2021-01-07,2021-01-07,p2,YYYY,2021.01.07,2021.01.07,2021.01.07,2021.01.07,2021-01-07,2021-01-07,1.17,0.186
002583,2021-01-07,,2021-01-07,2021-01-07,p2,YYYY,2021.01.07,,2021.01.07,,2021-01-07,2021-01-07,1.17,0.075
002584,2023-11-04,,2023-11-04,2023-11-04,p2,DDMMYY,04-11-23,,04-11-23,,2023-11-04,2023-11-04,2.24,0.085
002585,2023-11-04,,2023-11-04,2023-11-04,p2,DDMMYY,04-11-23,,04-11-23,,2023-11-04,2023-11-04,1.78,0.084
002586,NONE-12-22,,NONE-12-22,NONE-12-22,p2,MMDD,Ep.Dat 12/22,Ep.Date12/22,Exp.Date: 12/22,Exp.Date:12/22,NONE-12-22,NONE-12-22,3.28,0.27
002588,2023-10-15,2,2023-10-15,2023-10-15,p2,YMD_GLUED,B 2023.1015,B 2023.1015,B.B.: 3:2023.10 15,B.B: 32023.10 15,2023-10-15,2023-10-15,2.92,0.474
002590,2023-10-27,,2023-10-27,2023-10-27,p2,DMY4,27.10.2023,27.10.2023,27.10.2023,27.10:2023,2023-10-27,2023-10-27,3.9,0.219
002592,2023-08-11,,2023-08-11,2023-08-11,p2,DDMMYY,11/08/23,11/08/23,[11/08/23,[11/08/233,2023-08-11,2023-08-11,3.0,0.181
002594,2022-08-05,,2022-08-05,2022-08-05,p2,DMY4,05.08.2022 ,05.08.2022 ,05.08.2022 L1 ,05.08.2022 L1 ,2022-08-05,2022-08-05,2.61,0.496
002596,2022-10-22,,2022-10-22,2022-10-22,p2,YYYY,2022/10/22,2022/10/22,"""2022/10/22","""2022/10v22",2022-10-22,2022-10-22,3.57,0.21
002598,2021-12-NONE,,2021-12-NONE,2021-12-NONE,p2,MMYYYY,12/2021120154 0838,12/2021L20154 088,- 12/2021 20154 08:38,12/2021 120154 08:38,2021-12-NONE,2021-12-NONE,2.34,0.158
002599,2021-12-NONE,,2021-12-NONE,2021-12-NONE,p2,MMYYYY,12/2021L20154 08138,,122021 L20154 08:38,,2021-12-NONE,,2.49,0.115
002600,NONE,m,2020-10-21,2020-10-21,p2,YYYY,2020.10.21,2020.10.21,제조일:2020.10.21,제조일:2020.10.21,2020-10-21,2020-10-21,1.31,0.166
002601,NONE,m,2020-10-21,2020-10-21,p2,YYYY,20220.10.21,,제조일:2020.10.21,,,2020-10-21,1.12,0.079
002602,2022-07-07,,2022-07-07,2022-07-07,p2,YYYY,2022.07.07T 01895 8,2022.07.07T 01895 ,2022.07.7 I U0T 18 ,2022.07.07 I U0T 185 ,2022-07-07,2022-07-07,3.2,0.534
002603,2022-07-07,,2022-07-07,2022-07-07,p1@640,YYYY,202.07.071.1 0185,,22.07.07 U0 1850,,,2022-07-07,2.3,0.106
002606,2022-04-02,,2022-04-02,2022-04-02,p2,YYYY,2022.04.02.17 17,,2022.04.02 17817 ,,2017-02-04;2022-04-02,2022-04-02,1.91,0.092
002610,2021-07-11,2,2020-11-13,2020-11-13,p1@640,DMY4,e 13.11.2020 1438 paysan RETON,,ede ree anle! PRG:1372020 EXPB F38 paysan BRETOn,,2020-11-13,,1.12,0.371
002611,2021-12-01,,2021-12-01,2021-12-01,p2,YYYY,2021.12.01,2021.12.01,2021.12.01,2021.12.01,2021-12-01,2021-12-01,1.93,0.178
002612,2021-12-01,,2021-12-01,2021-12-01,p2,YYYY,2021.12.01 13.48 22.014.0 72,,2021-12:01 13:4  F,,2021-12-01,,1.34,0.364
002613,2023-04-NONE,,2023-04-NONE,2023-04-NONE,p2,MMYYYY,L30408J 04-2023,L30408J 04-2023,L30408J 04-2023,L30408 04-2023,2023-04-NONE,2023-04-NONE,1.81,0.423
002616,2022-12-21,,2022-12-21,2022-12-21,p2,YYYY,2022.12.21  IC ,,2022. 12.14 그 KIMCA 서울,,2022-12-21,2022-12-14,1.16,0.334
002617,2022-05-04,,2020-02-20,2020-02-20,p1@1024,SP_DMY,          ,          ,          ,          ,,,4.3,1.304
002618,2022-05-04,,2022-05-04,2022-05-04,p2,YYYY,2022.05.04,,202.05.04 까지,,2022-05-04,,5.91,0.097
002619,2022-03-31,,2022-03-31,2022-03-31,p2,DMY4,31-03-2022,31-03-2022,31-03-2022,31-03-2022,2022-03-31,2022-03-31,1.04,0.173
002620,2022-03-31,,2022-03-31,2022-03-31,p2,DMY4,31-03-2022,,31-03-2022,,2022-03-31,2022-03-31,1.25,0.066
002621,2023-12-21,,2023-12-21,2023-12-21,p2,YYYY,2023.12.21,2023.12.21,223.1221,22.221,2023-12-21,,1.11,0.163
002622,2023-12-21,,2023-12-21,2023-12-21,p1@640,YYYY,2023.12.21,,2023. 12.21,,2023-12-21,2023-12-21,1.22,0.084
002623,2022-12-19,,2022-12-19,2022-12-19,p2,YYYY,2022.12.19,2022.12.19,|2022.12.19,|022.12.19,2022-12-19,,1.65,0.178
002624,2022-12-19,b,2022-12-19,2022-12-19,p1@640,YY_LEAD0,ICE 2022.12.19,,ICE 12.19,,2022-12-19,,0.99,0.223
002625,2021-06-22,,2021-06-22,2021-06-22,p1@640,YYYY,ueJuceO0ram0  opicana 2021.06.22 15.501 000 210 0 01056 170585 0 .10,uJuceO0ag.0  opicana 2021.06.22 15.50 000 210 0 801056 1705 0 .190,"Purehie range00. ""opiana. 26.  voan 오리지10190 88010581705885 0% 190 4",Purejuce rannge 0. opiana. 2E16.2  vogan 오리지10190 8801056 17058585 0% 190 4,2021-06-22,,1.61,1.073
002627,2021-12-08,,2021-12-08,2021-12-08,p2,YYYY,2021.12.08,2021.12.08,2021.12.08,2021.12.08,2021-12-08,2021-12-08,1.35,0.163
002628,2021-12-08,,2021-12-08,2021-12-08,p2,YYYY,2021.12.08,,2021.12.08,,2021-12-08,2021-12-08,1.22,0.084
002631,2022-01-20,,2022-01-20,2022-01-20,p2,YYYY, 8.85 290kcal BERICAS 2  .12176034 6.9 2016-0364   0 222102   4 02 20 amerG 0.19, 8.85 290kca BERICAS 2  02176-034 6.29 2016-03642   70 2221024 1  04 0 20 PametG,"플래닛구미 8.8gx5개) 20kcal IBERICAS.A. 활일수으기날까지  역상동)1.027624 기도화성시 송산면화성로636,2  (206","플래닛구미 8.8gx5개) 20kca. IBERICA S.A. 활일수으기날가지  역동)1.02476-244 기도화성시 송산면화성로636,2  (",2022-01-20,2022-01-20,2.87,3.128
002632,2022-01-20,,2022-01-20,2022-01-20,p1@640,YYYY, 1026 5 2016033 .25 .  20/G6 85 200 2022.01.20 18.8 943.,,       i 기- 5EOPE laner 2022.01.20 18 ,,2022-01-20,2022-01-20,1.81,0.772
002633,2022-02-03,,2022-02-03,2022-02-03,p2,YYYY,  2022.02.03,2  2022.02.03, 정거래위원고시 소비분해결기준에의 2022.02.03, 정거래위원고시소비자분해기준에의거 2022.02.03,2022-02-03,2022-02-03,4.07,0.938
002634,2022-02-03,,2022-02-03,2022-02-03,p2,YYYY,1 11212 221402 521271 20.231.12 Bestbefore 2022.02.03,,14T   고기  Best before: 2022.02.03,,2022-02-03,2022-02-03,3.35,0.556
002635,2022-10-09,,2022-10-09,2022-10-09,p2,DMY4,09.10.2022 Sace,09.10.2022 Sace,09.10.2022 S@ce,09.10.2022 S@acl,2022-10-09,2022-10-09,2.89,0.585
002636,2022-10-09,,2022-10-09,2022-10-09,p2,DMY4,09.10.2022,,09.10.2022,,2022-10-09,2022-10-09,2.63,0.11
002637,2022-11-01,,2022-11-01,2022-11-01,p2,YYYY, Troll G 2022.11.01, Troll Gm 2022.11.01, 연일수으기원까지 Troli mbH 2022.11.01,연월일으로기을까 Toli mbH 2022.11.01,2022-11-01,2022-11-01,3.43,0.677
002638,2022-11-01,,2022-11-01,2022-11-01,p2,YYYY,10343824 23786.636.2 210 6 1.02/2176-0324 302  0.7 0552 8 0011/ 2016-03645623 80,,           2016-05 8omy 영양정보 Omg 총내용량당 수779 429 4979 스지방0 하지장 2022.11.01 24% 3 ,,2022-11-01,2022-11-01,3.21,1.374
002639,2021-12-04,,2021-12-04,2021-12-04,p2,YYYY,2021.12.04,2021.12.04,2021.12.04,2021.12.04,2021-12-04,2021-12-04,1.64,0.182
002640,2021-12-04,,2021-12-04,2021-12-04,p2,YYYY,2021.12.04,,2021.12.04,,2021-12-04,2021-12-04,2.09,0.116
002641,2021-10-31,,2021-10-31,2021-10-31,p2,DMY4,31 10 2021 157000 ,31 10 2021 157000 ,31 10 2021 157000 ,31 102021 157000 ,2021-10-31,2021-10-31,3.62,0.694
002642,2021-10-31,,2021-10-31,2021-10-31,p2,DMY4,31 10 2021 157000 ,,31 10 2021 57000 ,,2021-10-31,2021-10-31,3.7,0.336
002644,2022-11-NONE,,NONE,NONE,,,,,,,,,25.96,0.0
002645,2021-12-14,,2021-12-14,2021-12-14,p2,YYYY,EXPIRY 0ATE 2021.12.14,EXPIRY DATE 2021.12.14,-EXFIRY DHTE 2021 12.14 ,EXPIRY DATE 2021 12.14,2021-12-14,2021-12-14,4.67,0.622
002647,2022-01-24,,2022-01-24,2022-01-24,p2,YYYY,48 0 2022.01.24 220.45,48 0 2022.01.24 220.45,내용당  2022.01.247 요거트분0A5,내8장당  2022.01.24N 요거트분052,2022-01-24,2022-01-24,1.4,0.708
002648,2022-01-24,,2022-01-24,2022-01-24,p2,YYYY,2022.01.24 ,,2022.0.242N ,,2022-01-24,,1.21,0.236
002649,2021-07-01,,2021-07-01,2021-07-01,p2,DMY4,E 01.07.2021 LOT 2470 09.18 COOKE CHOCOCHPROW,E 01.07.2021 LOT 2470 09 18 COOKE CHOCOCHPRON,IBBE 0107 2U21 L07 2420 09: 18  COOKE초 브라우니쿠 CHOCOCHP BROWN,IBBE 9107 2021 L07 2420 09:18  COOKE 브라우니쿠 CHOCOCHP BROWN,2021-07-01,,1.43,0.78
002650,2021-07-01,,NONE,NONE,,,,,,,,,9.67,0.0
002652,2021-08-18,,2021-08-18,2021-08-18,p2,YYYY,2021.08.18,,2021.08.18,,2021-08-18,2021-08-18,0.85,0.077
002655,2021-03-25,,2021-03-25,2021-03-25,p2,YY_TAIL,21.03.25,21.03.25,21.0.20,21.0.20,2021-03-25,,0.65,0.153
002656,2021-03-25,,2021-03-25,2021-03-25,p2,YY,  21.03.25,,  21.03.2506,,2021-03-25,2021-03-25,0.89,0.294
002657,2021-07-01,,2021-07-01,2021-07-01,p2,DDMMYY,01/07/21,01/07/21,01/07/21,01/07/21,2021-07-01,2021-07-01,3.23,0.18
002658,2021-07-01,,2021-07-01,2021-07-01,p2,DDMMYY,01/07/21,,01/07/21,,2021-07-01,2021-07-01,3.17,0.117
002659,2022-06-11,,2022-06-11,2022-06-11,p2,YYYY,2022.06.11,2022.06.11,2022.06.11 까지,2022.06.11 까지,2022-06-11,2022-06-11,3.65,0.191
002660,2022-06-11,,2022-06-11,2022-06-11,p2,YYYY,2022.06.11,,2022.06.11까지,,2022-06-11,2022-06-11,3.08,0.14
002661,2022-01-11,2,2022-01-11,2022-01-11,p2,YYYY,2022-01-11 PECIAALBROOD,2022-01-11 PECIAALBROOD MET,EXP:2022-01-11 SPECIAAL BROD METOURE,EXP:2022-01-11 SPECIAAL BROOD METOURL,2022-01-11,2022-01-11,4.35,0.772
002662,2022-01-11,2,2022-01-11,2022-01-11,p2,YYYY,PROD2021-01-11 2022-01-11 SCAL O0 MET .10551.0 .00.10 2Y 2,,PROD: 2021-01-11 EXP:2022-01-11   ,,2021-01-11;2022-01-11,2021-01-11;2022-01-11,3.64,0.491
002663,2021-08-18,2,2021-08-18,2021-08-18,p2,YYYY,E2021-08-18,E2021-08-18,EXP:2021-08-18,EXP:2021-08-18,2021-08-18,2021-08-18,3.77,0.293
002664,2021-08-18,2,2021-08-18,2021-08-18,p2,YYYY,EXP2 2021-08-18,,EXP:2 :2021-08-18,,2021-08-18,2021-08-18,1.96,0.259
002667,2021-09-09,,2021-09-09,2021-09-09,p2,DMY4,09/09/2021,09/09/2021,09/09/2021,09/09/2021,2021-09-09,2021-09-09,1.4,0.196
002668,2021-09-09,,2021-09-09,2021-09-09,p2,DMY4,09/09/2021,,09/09/2021,,2021-09-09,2021-09-09,1.41,0.085
002669,2022-04-18,,2022-04-18,2022-04-18,p2,YYYY, 02933404 2022.04.18 11.10, 02933404 2022.04.18 11.10, 02933404 2022.04.18 71:10, 02933404 2022.04.18 11:10,2022-04-18,2022-04-18,2.18,0.721
002670,2023-04-30,,2023-04-30,2023-04-30,p2,DMY4,30-04-2023 20.19-23.1,30-04-2023 20.19-23.1,BBD:30-04-2023 BBL:20.19-23.1,BBD:30-04-2023 BBL:20.19-23.1,2023-04-30,2023-04-30,1.08,0.53
002671,2021-04-05,,2021-04-05,2021-04-05,p2,YYYY,80106838878 2021.04.05,80106838878 2021.04.05,801068388787 2021.04.05,801068388787 2021.04.05,2021-04-05,2021-04-05,4.04,0.568
002673,2021-04-25,,2021-04-25,2021-04-25,p2,YYYY,E71 2021.04.25,E7 2021.04.25,유통기한 2021.04.25,유통기한 2021.04.25,2021-04-25,2021-04-25,1.0,0.465
002674,2021-04-25,,2021-04-25,2021-04-25,p2,YYYY,2021.04.25,,2021.04.25,,2021-04-25,2021-04-25,1.08,0.083
002675,2021-03-23,,2021-03-23,2021-03-23,p2,YYYY,2021.03.23 90270 010,2021.03.23 9027 0 0,2021.03.23 90g×2개입|메이플시럽5% 이미지사진,2021.03.23 90g×2개입|메이플시럽5% 이미지사진,2021-03-23,2021-03-23,1.97,0.822
002676,2021-03-23,,2021-03-23,2021-03-23,p2,YYYY,2021.03.23 9027e,,2021.03.23 90g 2개입 메이플 시럽5%,,2021-03-23,2021-03-23,1.37,0.231
002677,2021-08-04,,2021-08-04,2021-08-04,p2,YYYY,2021.08.04,2021.08.04,1021.08.04,18021.08.04,2021-08-04,,1.2,0.168
002678,2021-08-04,,2021-08-04,2021-08-04,p2,YYYY,2021.08.04 1111,,.8021.08.040N 11,,2021-08-04,,0.92,0.243
002679,2021-07-17,,2021-07-17,2021-07-17,p2,YYYY,2021.07.17,2021.07.17,2021.07.17까지,2021.07.17까지,2021-07-17,2021-07-17,1.48,0.268
002680,2021-10-29,,2021-10-29,2021-10-29,p2,DMY4,C colorantes.corantes  29/10/202108.580 lactosaLactos gluten.gluen conserVantes ,COS colorantes.coranes  29/10/202108.5807 lactosalactose gluten.gluten conservan, . colorantes.corantes  29/10/2021 08:58 07 lactosalactese gluten glen conservan,   colorantes-corantes   29/10/2021 08:58 U07 lactosa.lactse gluten glen conserv,,2021-10-29,1.79,1.444
002681,2021-09-10,,2021-09-10,2021-09-10,p2,DDMMYY,10/09/21 10112 1947 4 28 02    2  20 RUMAN CHESECOM 25 226 250Ka  10 20214.10  .,10/09/21 10112 1947 4 8 0/2    2  820 RUMAN CHESECOM 280 226 2150Ka 8 20 2021.1 ,BBy10/09/21 M0112 19:47   유통기한 청   보관방법  EN20 찾UMANO CHESE COMPANY  229(50KC) (주,3By10/09/21 M0112 19:47   유통기한 장자   보관방법  ENC 찾RMANO CHESE COMPANY  226g 250Kca ,2021-09-10,2021-09-10,3.0,3.244
002682,2021-09-10,,2021-09-10,2021-09-10,p2,DDMMYY,10/09/21 10112 1947 4.8248 22215 A.2 08,,3By 10/09/21 H0112 19:47  2  영영정보,,2021-09-10,2021-09-10,2.72,0.469
002683,2021-12-03,,2021-12-03,2021-12-03,p2,DMY4,ES.03/12/2021,E.03/12/2021,.BEST BY: 03/12/2021,.BEST BY: 03/12/2021,2021-12-03,2021-12-03,2.5,0.434
002685,2021-07-28,,2021-07-28,2021-07-28,p2,DMY4,28.07.2021 M106 LEVARE0 esytendeat,28.07.2021 M106 LEVARE04 atbeskendea,28.07.2021 (M106  Pakket beskyttende atmosfaere,28.07.2021 (M10e  Pakket beskytende atmosfre,2021-07-28,2021-07-28,4.64,1.061
002686,2021-11-05,,2021-11-05,2021-11-05,p2,YYYY, 2021.11.05, 2021.11.05,꿀단호박죽 2021.11.05,꿀단호박죽 2021.11.05,2021-11-05,2021-11-05,2.09,0.648
002687,NONE,,2021-02-02,2021-02-02,p2,YYYY,2021.02.02,2021.02.02,2021.02.0210,2021.02.0219,2021-02-02,2021-02-02,1.31,0.174
002688,2021-06-11,,2021-06-11,2021-06-11,p2,DMY4, 11.06.2021 20345540 ,na 11.06.2021 20345540 ,Prduction date/BEST BEFORE/LO 11.06.2021 '20345540' ,Prctio ateBEST BEFORLO 11.06.2021 '20345540' ,2021-06-11,2021-06-11,2.57,0.828
002689,2021-03-15,,2021-03-15,2021-03-15,p2,YYYY,2021.03.15,2021.03.15,2021.03.15,2021.03.15,2021-03-15,2021-03-15,1.5,0.17
002690,NONE-03-11,,NONE-03-11,NONE-03-11,p2,MMDD,03.11 18 00,03.1118 00,03.11 18:00,03.11 18:00,NONE-03-11,NONE-03-11,1.05,0.249
002691,2021-03-10,,2021-03-10,2021-03-10,p2,YYYY,72021.03.10 ,72021.03.10 ,유통기한:2021.03.10 까지,유통기한:2021.03.10 까지,,2021-03-10,3.31,0.705
002693,2021-04-19,,2021-04-19,2021-04-19,p2,YYYY,2021.04.19,2021.04.19,202104.19A,202104.19A,2021-04-19,2021-04-19,1.54,0.182
002694,2021-04-19,,2021-04-19,2021-04-19,p2,YYYY,2021.04.19,,202104.19A,,2021-04-19,2021-04-19,1.57,0.087
002695,2022-01-14,,2022-01-14,2022-01-14,p2,YYYY,2022.01.14,,2022.01.14,,2022-01-14,2022-01-14,7.58,0.195
002696,2021-07-23,,2021-07-23,2021-07-23,p2,YYYY,2021.07.23,2021.07.23,2021.07.23,2021.07.23,2021-07-23,2021-07-23,2.59,0.183
002697,2021-06-06,,2021-06-06,2021-06-06,p2,YYYY,2021.06.06 ,2021.06.06 ,2021.06.06. 까지,2021.06.06. 까지,2021-06-06,2021-06-06,3.56,0.538
002698,2021-11-29,,2021-11-29,2021-11-29,p2,YYYY,2021.11.29,2021.11.29,2021.11.29까지,2021.11.29까지,2021-11-29,2021-11-29,2.25,0.197
002699,2021-08-23,,2021-08-23,2021-08-23,p2,YYYY,DA 15 m  2021.08.23 4 2062,DA 15 m  2021.08.23 42 206,DHA 15mg 기종내용량당 2021.08.23'  20,DHA 15mg 기총내용량당 2021.08.23' . 20 ,2021-08-23,2021-08-23,2.14,0.791
002701,2022-12-16,,2022-12-16,2022-12-16,p2,YYYY,7 2022.12.16 ,7 2022.12.16 ,유통기한 2022.12.16 까지,유통기한 2022.12.16 까지,2022-12-16,2022-12-16,4.31,0.683
002702,2022-12-16,,2022-12-16,2022-12-16,p2,YYYY,12    2022.12.16 2100054  ,,유통기한 제조번호   2022052.16 2100054  까지,,2022-12-16,,1.53,0.608
002704,2022-10-29,,2022-10-02,2022-10-02,p2,YYYY,2022/102,,20221012,,,2022-10-12,2.52,0.094
002705,2021-12-07,,2021-12-07,2021-12-07,p2,DDMMYY,07-12-21 1751 10,07-12-21 175110,07-12-21 17:51 10,07-12-21 17:51 10,2021-12-07,2021-12-07,1.33,0.181
002706,2021-12-07,,2021-12-07,2021-12-07,p2,DDMMYY,07-1217.5110,,07-12-2175110,,,,1.14,0.084
002707,2022-01-20,d,NONE,NONE,,,,,,,,,24.97,0.0
002708,2020-01-22,,2021-08-06,2021-08-06,p1@640,SP_DMY,EST BEFORE D/ 08224.0124 021/0021/00,,ESTBEFORE DOM/ 아래6 (는0/0/00,,,,1.84,0.336
002709,2021-10-28,,2021-10-28,2021-10-28,p2,YY,29100 21.10.28,/10 21.10.28,a29g 4입비C40mg/00g 21.10.28-,a29g 4비민C 0mg/100g 21.10.28-,2021-10-28,2021-10-28,1.87,0.515
002710,2021-10-28,,2021-10-28,2021-10-28,p2,YY, 40/100 G0lG AV 21.10.28 C2O,,H콤E g입비C 40 m/109 Golce 산 21.10.28 LECS모를,,2021-10-28,2021-10-28,1.99,0.465
002711,2022-01-11,,2022-01-11,2022-01-11,p2,YY,2/ES 210  22.01.11,2/ES 210  22.01.11,BS o  22.01.17,BS plo  22.01.11,2022-01-11,2022-01-11;2022-01-17,1.24,0.719
002712,2022-01-11,,2022-01-11,2022-01-11,p2,YY_TAIL, 22.01.11,, 22.01.11,,2022-01-11,2022-01-11,1.2,0.271
002713,2021-10-22,,2021-10-22,2021-10-22,p2,DMY4,EXPIRE DATE22/10/202112 12.15,EXPIRE DATE22/10/202112 12.15,EXPIRE DATE: 22/10/2021 12 12: 15,EXPIRE DATE:22/10/2021 12 12: 15,,2021-10-22,1.72,0.734
002714,2021-10-22,?b,2021-10-22,2021-10-22,p2,DMY4,EXPIRE DAT22/10/20212 12.15,,EXPIRE DATE:2210/20212 12:15,,,,1.44,0.368
002715,2021-12-15,,2021-12-15,2021-12-15,p2,YYYY,2021/12/15,2021/12/15,2021/12/15,2021/12/15,2021-12-15,2021-12-15,2.1,0.291
002716,2021-12-15,,2021-12-15,2021-12-15,p2,YYYY,2021/12/15,,2021/12/15,,2021-12-15,2021-12-15,1.46,0.092
002718,2022-02-23,,2022-02-23,2022-02-23,p2,DMY4,E23.02.2022,E23.02.2022,EXP 23.02. 2022,EXP 23.02. 2022,2022-02-23,2022-02-23,0.88,0.158
002719,2026-01-09,,2026-01-09,2026-01-09,p2,YYYY,2026.01.09,2026.01.09,2026.01.09,"2026,0109",2026-01-09,2026-01-09,1.89,0.176
002720,2026-01-09,,2026-01-09,2026-01-09,p2,YYYY,2026.01.09,,2026.01.09,,2026-01-09,2026-01-09,1.59,0.086
002721,2022-12-30,,2022-12-30,2022-12-30,p2,YYYY, 2022.2.30, 2022.12.30," 2022,12,30"," 202212,30",2022-02-30;2022-12-30,,1.7,0.468
002722,2022-12-30,,2022-12-30,2022-12-30,p2,YYYY,2022.12.30,,"2022,12.30",,2022-12-30,,1.62,0.089
002724,2019-12-20,,NONE,NONE,,,,,,,,,10.31,0.0
002725,2021-10-28,,2021-10-28,2021-10-28,p2,SP_DMY, 095  28 10 21    8  ,, - 1095 E28 10 21    금  ,,2021-10-28,2021-10-28,1.35,0.554
002726,2017-03-22,,2017-03-22,2017-03-22,p1@640,YY,1007617.03.22 04.55 10076 76102,L007617.03.22 04.55 10076 761702,L0076 17.03.22  04:55 10076 76 178220,L0076 17.03.22 04:55 10076 76 18228,,2017-03-22,1.53,0.845
002727,NONE,,2017-03-22,2017-03-22,p2,YY,17.03.22,,17.03.22,,2017-03-22,2017-03-22,1.17,0.09
002728,2021-11-04,,2021-11-04,2021-11-04,p2,D_MON_Y,/rgeel lerl 04 NOV 2021,/rgetel ilVerka 04 NOV 2021,e pgestlt ien/ Tilerdii 04NOV2021,e spah ngstelt ion/ Tilerai 04 NOV 2021,2021-11-04,2021-11-04,2.63,0.668
002729,2021-11-04,,2021-11-04,2021-11-04,p2,D_MON_Y,E5pa Prot erges /illrka BEST BEFORE 04 NOV 2021,,aea spa  t/ odoto mh Hergesselt  Tinverkadlt BEST BEFORE 04 NOV 2021,,2021-11-04,2021-11-04,3.04,0.494
002730,2021-06-25,,2021-06-25,2021-06-25,p2,DMY4,hOco assorted min Beurre Petit onsordenceavan 25.06.2021 Mindestens haltbar  Bes,hOco assorted min Beurre petit AonsomerdepenceaVant 25.06.2021 Mindestens haltba,"Choco assorted mini Betrre petit     25.06.2021 Mindestens haltbar bis:  ""Best b","Choco assorted mini Beerre petit   25.06.2021 Mindestens haltbar bis:  ""Best bef",2021-06-25,2021-06-25,1.75,1.381
002731,2021-04-18,,2021-04-18,2021-04-18,p2,DMY4, 18/04/2021, 18/04/2021, re n  e 1eudaa, tr u  e 1erudaa,2021-04-18,,3.04,0.533
002732,2021-12-25,,2021-12-25,2021-12-25,p2,YYYY,2021.12.25,2021.12.25,2021.12.25,"2021,12.25",2021-12-25,2021-12-25,3.93,0.221
002733,2021-12-25,,2021-12-25,2021-12-25,p2,YYYY,2021.12.25,,"2021,12.25",,2021-12-25,,2.33,0.094
002734,2022-02-04,,2022-02-04,2022-02-04,p1@640,YYYY,05   6 2022.02.0 .04 6 ,05   6 2022.02.0 .04 e ,    2022.02.0 Q4RRE 윗니 ,    2022.02.0 Q4RE 수윗니 ,2022-06-05,,1.2,1.042
002736,2021-04-28,,2021-04-28,2021-04-28,p2,DMY4,28.04.2021,28.04.2021,28.04.2021,28.04.2021,2021-04-28,2021-04-28,4.08,0.333
002737,2021-06-12,,NONE-12-06,NONE-12-06,p2,MMDD,EST BEFOR.12.0620  0T 96210113,EST BEFOR12.06.20 10T 96210113,BEST BEFORE 1205200 LOT 96210113,BEST BEFOE 12.06220 LOT 96210113,2020-06-12,,7.83,0.739
002739,2021-09-26,2,2021-09-26,2021-09-26,p2,DMY4,26/09/2021,26/09/2021,EP:26/09/2021,EP:26/09/2021,2021-09-26,2021-09-26,2.52,0.197
002740,2021-12-18,,2021-12-18,2021-12-18,p2,YYYY,BESTBEFORE E2021.12.18 220an 662622-34 olce 0.03  010 81 22 T0   7.81827.89 8 17,BEST BEFORE E2021.12.18 22an66 2622-343 oloces 0.03  8408 871 29 204 828 . 37.81,BEST BEFORE EXP 2021.12.18A 7320 Than e +6 ()22- Manufacture by Ampol Foo Proces,"BEST BEFORE EXP 2021.12.18A 73220, Than Tel +6( 222-h Manufactured by: Ampol Foo",2021-12-18,2021-12-18,4.4,4.524
002741,2021-12-18,,2021-12-18,2021-12-18,p2,YYYY,2021.12.18,,EXP 2021.12.18 A,,2021-12-18,2021-12-18,1.56,0.121
002743,2021-08-13,,2021-08-13,2021-08-13,p1@640,MON_DY, 0  5  Protein  in.7F  BesUed AUG 13 2021 2026786108,,  0% 5% % Proten 69g e s 0 15  GAA Best UsedDy AUG 1320211 022780C3,,2021-08-13,,2.3,0.546
002745,2024-04-06,,2024-04-06,2024-04-06,p2,DMY4,06.04.2024,,S.K.T: 06.04.2024,,2024-04-06,2024-04-06,2.32,0.136
002746,2022-01-08,,2022-01-08,2022-01-08,p2,YYYY,7 2022.01.08,7 2022.01.08,사용기한 2022.01.08,사용기한 2022.01.08,2022-01-08,2022-01-08,2.85,0.604
002747,2022-01-08,,2022-01-08,2022-01-08,p1keep/p1@640,YYYY,3   21 880650029815 2022.01.08 BU2A BERA4E,,표준코등 사용기한 제조번 z존번호 880650029855 2022.0 BU2A BERABREZ,,2022-01-08,,2.18,0.525
002748,2022-11-12,,2022-11-12,2022-11-12,p2,YYYY,01231001524 00220 1 18 2022.11.12,1270121001524 00 12 18 2022.11.127,"을 구입하였을 때는 구입처를 통하여 교환하여 드립니다.근장된 을 사용하기 전에 사용자께서는 설명서를 주의 깊게 읽으시고, 사용 기한 사용 202","을 구입하였을 때는 구입처를 통하여 교환하여 드립니다.장된 을사용하기 전에사용자께서는설명서를 주의 깊게 읽으시고, 사용 기한 사용 2022.11",2022-11-12,2022-11-12,3.29,1.179
002750,2022-06-15,,2022-06-15,2022-06-15,p2,YYYY,2022.06.15,2022.06.15,2022.06.15까지5,2022.06.15까지,2022-06-15,2022-06-15,0.92,0.189
002751,2022-02-20,2,2022-02-20,2022-02-20,p2,DMY4,MG21/11/2020J23 .20/02/2022120159,MG21/11/2020J23 .20/02/202212015,MF5:21112020J231 22215,MF5:2111/2020J231 2222015,2020-11-21,,2.35,0.655
002752,2022-01-NONE,,2022-01-NONE,2022-01-NONE,p2,MMYYYY,EXP01.2022,EXP01.2022,EXP:01.2022,EXP:01.2022,2022-01-NONE,2022-01-NONE,1.43,0.188
002753,2022-01-NONE,,2022-01-NONE,2022-01-NONE,p2,MMYYYY,E01.2022,,EXP:01.2022,,2022-01-NONE,2022-01-NONE,1.26,0.076
002754,2021-05-29,,2021-05-29,2021-05-29,p1@640,DMY4,29/05/2021 ,29/05/2021 ,29/05/2021 ,29/05/2021 ,2021-05-29,2021-05-29,4.59,0.53
002755,2021-05-16,,2022-12-01,2022-12-01,p1@1024,YY,  .. 0 2401 1399 132 0 2101 0 25m 33   8990 02 396  1 2,,"  부알지발 혼시일까지(년,월.일) 및수입원 없이 13999 닝장보완하거니 벌리 드시기 바립니다.2 으서 내티통능의 원료는 들어었지 않습니다. ",,,,5.65,1.349
002756,2021-05-16,,2021-05-16,2021-05-16,p2,YYYY,E Y.2021.05.16 643373,,"BEST BY, 2021.05.16 -643373",,2021-05-16,2021-05-16,2.3,0.256
002757,2022-09-10,,2022-09-10,2022-09-10,p2,YYYY,0 2022.09.10,,표기일까지 2022.09.10,,2022-09-10,2022-09-10,2.06,0.25
002758,2022-09-10,,2022-09-10,2022-09-10,p2,YYYY, 191 2022.09.10,,품질유지기한 기일까지 2022.09.10,,2022-09-10,2022-09-10,1.85,0.37
002759,2021-05-12,,2021-05-12,2021-05-12,p2,YYYY,2021.05.12,2021.05.12,2021.05.12,2021.05.12,2021-05-12,2021-05-12,1.04,0.191
002760,2021-05-12,,2021-05-12,2021-05-12,p2,YYYY,utt 2021.05.12 21.216  20g/23,,Tutt 2021.05.12  뚜또코코팔기 250g(23k,,2021-05-12,2021-05-12,1.15,0.418
002761,2023-06-01,2,2023-06-01,2023-06-01,p1@640,YYYY,EryDatDatdexpration/Verbrauchsdam L0T NO.86336 2023/06/01 20,ExpyDate/Datedexpiration/Verbrauchsdam LOT NO.86336 2023/06/01 2,i Date/Date 'eiaon/Verbrachsdaum LOTND: 86336 2023/06/01 ,|iy Dae/Date diratio/Verbachsdaum LOTND: 86336 2023/06/01 ,2023-06-01,2023-06-01,4.67,1.131
002763,2021-11-06,,2021-11-06,2021-11-06,p2,DDMMYY, GNYDEm  Y   06-11-21 311 SMere Isiany 250g MatGt/Fat M 80 , GNYDEm  GNY   06-11-21 311 SMere Isiany 250g Mat.Gt/F M 80 ,:Normande Prduten rance IGNY DEMIS  ius santes 06-11-21 311 steMere- /signu 250g,Noade Produit en ace IGNY DEMNS  ius cte. 06-11-21 311 steMere lsignu 250g MatG/,2021-11-06,2021-11-06,2.67,1.558
002764,2021-11-06,,2021-11-06,2021-11-06,p2,DDMMYY,20188    06-11-21 311 Mere Isiany 250,,  at  06-11-27 311 SsMere lsign 250,,2021-11-06,2027-11-06,2.54,0.562
002765,2021-03-16,,2021-03-16,2021-03-16,p1keep/p1@640,DMY4,16.1 03.2 2021,,16. .03.2 .2021,,2021-02-03,2021-02-03,2.84,0.42
002766,2021-03-16,,2022-01-05,2022-01-05,ft/p2,YYMM_GLUE,,,,,,,10.83,0.0
002767,2021-12-01,,2021-12-01,2021-12-01,p2,DMY4, 01.12/2021 910280987537 TmTam ARNOIT, 01.12/2021 910280987537 TmTam ARNOIT,# #01/12/2021 910280987537 TimTam ARNOTTS,# #01/12/2021 910280987537 TimTam ARNOTTS,2021-12-01,2021-12-01,1.59,0.807
002768,2021-12-01,,2021-12-01,2021-12-01,p2,DMY4,01/12/2021 910280987537 TmTam ARNOT,,#8112/2021 910280987537 TimTam ARNOITS,,2021-12-01,,1.44,0.371
002769,2021-12-08,,2021-12-08,2021-12-08,p2,DMY4,EPDAT08 08.12.2021,,EXP DATE:D :08.12.2021,,2021-12-08,2021-12-08,1.33,0.234
002770,2021-10-11,,2021-10-11,2021-10-11,p2,YYYY,2021.10.11,2021.10.11,2021.10.11,2021.10.11,2021-10-11,2021-10-11,2.23,0.204
002771,2021-10-10,,2021-07-01,2021-07-01,fullres/p1@1024,YYYY,2021.1001 2021.10701,,21 221{,,2021-10-01,,4.46,0.292
002772,2024-05-NONE,,2024-05-NONE,2024-05-NONE,p2,MMYYYY,05.2024 11303,,"05,2024 L130J",,2024-05-NONE,,1.8,0.229
002774,2021-10-08,t,2021-10-08,2021-10-08,p2,YYYY,DESY 2021-10-08,,BES1.BX 2021-10-08.,,2021-10-08,2021-10-08,2.4,0.142
002775,2021-10-08,,2022-02-02,2022-02-02,ft/dilate2/p1@640,YY,,,,,,,13.53,0.0
002776,2021-09-15,,2021-09-15,2021-09-15,p1@640,YYYY,ET Y 2021-091,,MEST BY 202-9-55,,,,1.67,0.099
002777,2021-09-15,,NONE-09-15,NONE-09-15,p1@640,MMDD,2,,2-55,,,,1.13,0.08
002778,2021-10-02,,2021-10-02,2021-10-02,p2,DDMMYY,2506070 1759 02.10.21,,2506070 1759 02.10.21,,2021-10-02,2021-10-02,3.73,0.378
002779,2021-10-02,,2021-10-02,2021-10-02,p1@640,DDMMYY,2506070 Weg8 1759 e1efors. 0 02.10.21,,2506070 Weigh () 1759  Bes Belore(8) 02.10.21,,2021-10-02,2021-10-02,2.06,0.396
002780,2021-04-06,,2021-04-06,2021-04-06,p1@640,DDMMYY,15 ogse. Gemadees mgredees.ues 0.1ehe  O0N8A   2cy 8 me. 04  Sa remede ei   150g,1.5oig seo. Gema dees gledees.es 0 .lhe  GOAR.  2C 8 e. 4 Sa reme de qie   150g ,"1.5% (ogshal  Gema de ueso nredies ueso  he gu, CORRORE 2 r niser (dsok pesi  em","1,5% (rdh )  Gema dd ques0 redes ueso o, he gpu. CORORE 2+ r gnhahersok p D Geme",2021-04-06,2021-04-06,3.03,2.742
002781,2021-04-06,,2021-04-06,2021-04-06,p2,EXTEND,/04/21,,504/21,,,,2.7,0.11
002782,2021-04-22,,2021-04-22,2021-04-22,p2,DMY4,Saturated fa 23.29 22/04/2021,,"Saurated fat 23,29 22/04/2021",,2021-04-22,2021-04-22,8.13,0.423
002784,2021-04-18,,NONE-11-01,NONE-11-01,p1@640,MMDD,2220139 221 4 .472  200 24049109170 80.0m9/2725.0g45 300G/100G5 36 2-3 02-34 920,,..상받으실 수있에가 제기재 전부 식에이 139HD |니다은 “  니다에   구  할구 장유지 혈기일까지  *240(10.00 스를80.0mnd,,,,4.15,1.853
002785,2021-04-18,,2021-08-18,2021-08-18,p2,DMY4,EST BEFORE 18-04-2021 173100303 0.300 20445 E,,BESTBEFORE 18-0-202R  0.300kg 20445 ,,2021-04-18,,2.28,0.566
002786,2022-06-22,2,2022-06-22,2022-06-22,p2,DMY4,neto tezina-netto koliCina-contendo netopr 500 g1.1l BecHetto 500Ta3a caJMaI-50O,,neto tezina - netto kolicina - contendo neto -pref 500ge1.1lb T Bec Hetto 500 r-,,2020-06-23;2022-06-22,2020-06-23,5.57,2.946
002787,2022-06-22,2,2022-06-22,2022-06-22,p1keep/p1@640,DMY4,5001.11 200 500 LASAGNE N.120 ICA all uov INCARTO ESTERNO aC 00420a0 23 aelGa 22,,500 ge1.b    LASAGNE CV.120 LA alluovo INCARTO ESTERNO b p     E22 06 202 Prod. ,,2020-06-23;2022-06-22,2020-06-23,3.5,1.313
002789,2021-04-03,,2021-04-03,2021-04-03,p2,YYYY,ACOSASDEC BesBefore2021/04/03,,DACOSTASADECV Best Before: 2021/4/03,,2021-04-03,2021-04-03,3.58,0.28
002790,2021-12-06,,2021-12-06,2021-12-06,p2,DMY4,06/12/2021,,06/12/2021,,2021-12-06,2021-12-06,1.58,0.108
002791,2021-12-06,,2021-12-06,2021-12-06,p1@640,DMY4,06/12/2021 EST BEFORE ATCH R4552,,06/12/2021R BESTBEROR BASCHR4552,,2021-12-06,2021-12-06,1.49,0.331
002792,2023-04-28,,2023-04-28,2023-04-28,p2,MON_DY,EXPAPR-28-2023,,EXP:APR-28-2023,,,2023-04-28,1.62,0.215
002793,2022-10-05,,2022-10-05,2022-10-05,p2,YYYY,2022/10/05,2022/10/05,2022/10/05,2022/10/05,2022-10-05,2022-10-05,0.86,0.177
002794,2022-10-05,,2022-10-05,2022-10-05,p2,YYYY,2022/10/05,,2022/10/05,,2022-10-05,2022-10-05,0.76,0.07
002795,2021-03-18,,2021-03-18,2021-03-18,p2,YYYY,2021.03.18,,2021.03.18,,2021-03-18,2021-03-18,1.45,0.099
002796,2021-03-18,,2021-03-18,2021-03-18,p2,YMD_GLUED,2021.03.18,,20210:,,2021-03-18,,1.59,0.087
002798,2021-04-28,,2021-04-28,2021-04-28,ft/p1@640,YYYY,,,,,,,6.18,0.0
002799,2021-12-27,2,2021-12-27,2021-12-27,p2,YYYY,0 011 2 2020.12.28/1635 2021.12.273,0 0 2 2020.12.28/1635 2021.12.273,다이제 미니  통2020·12·28/16:35부터 2021:12:27(3),다이제 미니  통2020·12·2/16:35부터 2021:12:27(3),2020-12-28;2021-12-27,,3.08,0.864
002801,2021-09-29,,2021-09-29,2021-09-29,p2,YYYY,2021.09.29  2320g11.,,2021.09.29 식품의유형 과지 내용량320914,,2021-09-29,2021-09-29,1.57,0.327
002803,2021-04-19,,2021-04-19,2021-04-19,p2,YYYY,2021.04.191336,,2021.04.19 13:36,,2021-04-19,2021-04-19,1.61,0.109
002804,2021-04-19,,2021-04-19,2021-04-19,p2,YYYY,2021.04.19136,,2021.04.19 13:,,2021-04-19,2021-04-19,1.13,0.097
002807,2021-12-29,,2021-12-29,2021-12-29,p2,YYYY,2021.12.29,2021.12.29,2021.12.29P4,2021.12.29 P4,2021-12-29,2021-12-29,1.22,0.152
002809,2023-01-20,,2023-01-20,2023-01-20,p2,YYYY,2023.01.20 ,2023.01.20 ,2023.01.20 ,2023.01.20 ,2023-01-20,2023-01-20,1.81,0.522
002810,2023-01-20,,2023-01-20,2023-01-20,p2,YYYY,2023.01.20,,2023.01.20,,2023-01-20,2023-01-20,1.9,0.091
002811,2023-01-13,,2023-01-13,2023-01-13,p2,YYYY,0571 2023.01.13,0571 2023.01.13,유통기한 2023.01.13,유통기한 2023.01.13,2023-01-13,2023-01-13,5.18,0.671
002812,2023-01-13,,2023-01-13,2023-01-13,p2,YYYY,0871 2023.01.13,,유동기한 2023.01.13,,2023-01-13,2023-01-13,4.28,0.325
002815,2021-06-28,2,2021-06-28,2021-06-28,p1keep/p1@640,YYYY,  2021.06.28 2021.01.29 00.1001    73 0,,기한 유통 2021.05.28 2021.81-29 00:10 A01 까지 부터 트랜스지방08 73 0,,2021-01-29;2021-06-28,2021-05-28,2.62,0.644
002816,2021-06-28,2,2020-02-10,2020-02-10,erode2/p1@640,SP_YMD,202 2200 ,,아사의 전한풍미 칼알 감침맛허브트 맛있는 감자소림,,,,4.95,0.356
002817,2022-01-04,,2022-01-04,2022-01-04,p1@1024,YYYY,2022.01.04,202.01.0,6 2022.0.4,b 20220.4 (,2022-01-04,,4.06,0.213
002818,2022-12-01,,2022-12-01,2022-12-01,p2,YYYY,2022.12.01,2022.12.01,2022.12.01,2022.12.01,2022-12-01,2022-12-01,1.35,0.174
002819,2022-12-01,,2022-12-01,2022-12-01,p2,YYYY,2022.12.01,,2022.12.01,,2022-12-01,2022-12-01,1.27,0.089
002820,2021-11-19,,2021-11-19,2021-11-19,p2,YYYY,w.oodamaket.co 2021.11.19,woodamarket.co 2021.11.19,www.toodalmarket.co.kr 2021.11.19,www.oodalimarket.co.kr 2021.11.19,2021-11-19,2021-11-19,3.2,0.512
002821,2021-11-19,,2021-11-19,2021-11-19,p2,YYYY,AMARET .003. .31 2021.11.19,,AMMARKET. wwoRkT . 2021.11.19,,2021-11-19,2021-11-19,2.42,0.386
002822,2021-10-07,,2021-10-07,2021-10-07,p2,YYYY,2021.10.07,2021.10.07,2021.10.07,2021.10.07,2021-10-07,2021-10-07,2.44,0.213
002823,2021-10-07,,2021-10-07,2021-10-07,p2,YYYY,2021.10.07 0826.0,,2021.10.07 08:26 전호A,,2021-10-07,2021-10-07,1.59,0.264
002824,2022-11-08,,2022-11-08,2022-11-08,p2,YYYY, 2022.11.08 ,08 2022.11.08 ,유통기한: 2022.11.08 까지,유통기한: 2022.11.08 까지,2022-11-08,2022-11-08,1.27,0.663
002827,2021-07-03,,NONE,NONE,,,,,,,,,10.25,0.0
002828,2022-01-02,,2022-01-02,2022-01-02,p2,DMY4,  P  02.01.2022  Best before Digunakan sebelu,    02.01.2022  Best before Digunakan sebelum,    02.01.2022  Best before Digunakan sebelum,    02.01.2022  Best before Dgnakan sebelum,2022-01-02,2022-01-02,1.88,1.156
002829,2022-01-02,,2022-01-02,2022-01-02,p2,DMY4,02.01.2022,,"02,01.2022",,2022-01-02,,2.46,0.112
002830,2022-05-21,,2022-05-21,2022-05-21,p2,YYYY,est Before 2022.05.21 ,Best Before 2022.05.21 ,Best Before 22.05.21. ,Best Before 2205.21. ,2022-05-21,2021-05-22;2022-05-21,4.03,0.672
002831,2022-05-21,,NONE-05-21,NONE-05-21,p2,MMDD,.05.21,,로,,,,5.59,0.115
002832,2021-08-30,,2021-08-30,2021-08-30,p2,YYYY,2021.08.30,2021.08.30,2021.08.30,2021.08.30,2021-08-30,2021-08-30,1.53,0.334
002833,2021-08-30,,2021-08-30,2021-08-30,p1@640,YYYY,218E33 2021 08 30,,H218E3B 202108 30,,2021-08-30,,0.97,0.238
002835,2021-06-30,,2021-06-30,2021-06-30,p2,CMP, BEST BEFORE 2021 06 30 ,, BEST BEFORE 202106 30R ,,2021-06-30,,1.06,0.365
002836,2021-08-01,,2021-08-01,2021-08-01,p2,DMY4,01/08/202128,,01/08/2021X28,,,2021-08-01,2.0,0.191
002837,2022-08-02,,2022-08-02,2022-08-02,p2,DMY4,60 02/08/2022,,i 3 P.02/08/2022,,2022-08-02,2022-08-02,1.55,0.244
002839,2021-05-24,,2021-05-24,2021-05-24,p2,YYYY,15138 11 09 2021.05.24,15138 T11 09 2021.05.24,C:1513 :11:09 2021.05.24,0:1513 F:11:09 2021.05.24,2021-05-24,2021-05-24,1.28,0.617
002841,2023-09-22,,2023-09-22,2023-09-22,p2,DMY4,22-09-2023,22-09-2023,22-09-2023,22-09-2023,2023-09-22,2023-09-22,1.09,0.185
002842,2023-09-22,,2023-09-22,2023-09-22,p2,DMY4,22-09-2023,,22-09-2023,,2023-09-22,2023-09-22,1.09,0.084
002843,2023-06-NONE,,2023-06-NONE,2023-06-NONE,p2,MMYYYY,06.2023 L164,06.2023 L164,06.2023 L164A,06.2023 L164A,2023-06-NONE,2023-06-NONE,1.3,0.171
002844,2023-06-NONE,,2023-06-NONE,2023-06-NONE,p2,MMYYYY,06.2023 23164,,06.2023 3L164A,,2023-06-NONE,2023-06-NONE,1.27,0.234
002845,2020-03-09,,2020-03-09,2020-03-09,p2,DMY4,09.03.2020,09.03.2020,"""09032030","""09.032020",2020-03-09,2020-03-09,3.8,0.219
002846,2020-03-09,,2020-03-09,2020-03-09,p1@640,DMY4, hantoa 0  0 35    028606 hEm  nX 05  09.03.2020,,  a   Dun)     phm COg IMM A S an K     h 9.3220,,2020-03-09,,2.31,0.886
002847,2021-12-30,,2021-12-30,2021-12-30,p2,DMY4,fit ak  5am5 Sa5imconsrvante Sie2acsera No reseative 30.12.2021 delb,fit a  5am5a Sasmconservante Simem2a csera No reseative 30.12.2021 delb,fit &aktio Jit  e San  eantur Sans ensntesn Ssin conaeat  oneativsr 30.12.2021 d,fit &aktio Jit  e San  eatur San ensntest Sin conateant  o eerativer 30.12.2021 ,2021-12-30,2021-12-30,2.71,1.075
002848,2021-12-30,,2021-12-20,2021-12-20,ft/p2,DMY4,,,,,,,10.31,0.0
002849,2021-08-15,,2021-08-15,2021-08-15,p1@640,YYYY,2  10 502425 20 2021.08.15 0 043/877-7500 ,72 A 10 5024 .320 2021.08.15 0 043/877-7500 ,"유통기한 및: 추트 ·식품의유형:항신료 조제품 수/(022- 브라질,우크라이나등) 2021.08.15 제품영흥식품(주) EL(04377-750 ","·유통기한 : 5( 식품의유형:향신료 조제품 5(수/(0223-98 브라질,우크라이나등) 2021.08.15 제품영흥식품(주) L(04377-5",2021-08-15,2021-08-15,3.17,1.687
002850,2021-08-15,,2021-08-15,2021-08-15,p1@640,YYYY,  298 202020 80 22 2 22 8195 288/195045028 2 2021.08.15 1 284 2024  8700 OTTO 8.,,   2     1950 5480233 오 2021.08.15  () .L0  후추 024297-0 OTTO 중림:4509,,2021-08-15,2021-08-15,2.46,1.1
002851,2021-08-02,,2021-08-02,2021-08-02,p1@640,DDMMYY,02.083.2,02.08.21,/doosumogreie,/do2.n08.erime,2021-08-02,,2.99,0.212
002852,2021-08-02,,2021-08-02,2021-08-02,p2,DDMMYY,renceavantle/da.cons 02.08.21 aconsmarerfenbmenteen,,peerenoe avant le /da consl 02.08.29m daconsumare prelenbimente entot,,2021-08-02,2029-08-02,3.15,0.411
002853,2021-08-11,,2021-08-11,2021-08-11,p2,DMY4,11.08.2021 22,,EXP: 11.08.2021 22,,2021-08-11,2021-08-11,4.25,0.282
002854,2021-08-11,,2021-08-11,2021-08-11,erode2/p1@640,DMY4,0059/08.28 EP.1 11.08.2021 18.58,,0059/01:08 EXP:1 9/11-8.2021 18.158,,2021-08-11,2021-08-11,5.58,0.369
002855,2022-09-13,,2022-09-13,2022-09-13,p2,YYYY,7/2022.09.13,7/2022.09.13,유통기한 2022.09.13,유통기한 2022.09.13,2022-09-13,2022-09-13,5.71,0.67
002857,2023-06-02,,2023-06-02,2023-06-02,p2,SP_DMY,E02 0623,Ep02 06 23,Exp: 02 0623,Exp: 02 0623,2023-06-02,,3.77,0.19
002859,2022-06-15,,2022-06-15,2022-06-15,p2,YYYY,ET EFORE2022061,,ESTBEFORE20220615,,,2022-06-15,1.08,0.079
002860,2022-06-15,,2022-06-15,2022-06-15,p2,YYYY,BEFORe2022.615,,BEST EFORE 20615,,,,1.27,0.081
002861,2021-03-25,,2021-03-25,2021-03-25,p2,DMY4,EX 25/03/2021 H238T,,EXP: 25/03/2021 H H238T,,2021-03-25,2021-03-25,2.77,0.326
002862,2021-08-30,,2021-08-30,2021-08-30,p2,YYYY,  0      lema-Hall Madey PO.BOX3-3074 Hallum-Hollan www.hellema.com BestBefore 2,  0      lema-Hall Madeby PO.BOX3-3074 Hallum-Holan www.hellema.com estBefore 20,        eiema-Hallum B.V Made by P.O. Box 3-20742L Hallum - Hollarid www.hellema,  O      eiema-Hallum B.V Made by P.O. BoX 3-20742L Hallum - Hollarid www.hellem,2021-08-30,2021-08-30,2.81,2.445
002863,2021-08-30,,2022-08-NONE,2022-08-NONE,ft/p2,YYYYMM,,,,,,,10.2,0.0
002864,2023-03-02,,2023-03-02,2023-03-02,p2,DMY4,RE 02/03/2023 002330,RF02/03/2023 092530,BEFORB2P02 82830,BEFORF-B200 892830,2023-03-02,,1.62,0.557
002866,2022-02-28,d,2028-02-02,2028-02-02,p1keep/erode2/p1@1024,YY,28/02/22,,28582322,,2022-02-28,,5.36,0.119
002868,2021-08-04,,2021-08-04,2021-08-04,p2,YYYY,1 13.8.1 0460   24  10    A 2021.08.04  26  926 N926  4 g 05 0  240 2 6  O  ,, 미라랑면소스 13.8%고수     E L     2021.08.04  글  N926 N926   O   영   대 + 4회상주의 ,,2021-08-04,2021-08-04,11.51,1.649
002869,2021-08-04,,2021-08-04,2021-08-04,p2,YYYY,13.88.14 2972855ka 6710 2 2021.08.04 23 10 402.05.  2O 810 2 M  MALA NOODL  355k,, g(  2분 2021.08.04 골술   mg 0 영양정보 LEI  대  MALA NOODIE  3s kcai,,2021-08-04,2021-08-04,5.73,1.041
002870,2021-02-25,,2021-02-25,2021-02-25,p2,YYYY,2021.02.25,2021.02.25,2021.02.25,2021.02.25,2021-02-25,2021-02-25,2.35,0.273
002871,2021-02-25,,2021-02-25,2021-02-25,p2,YYYY, 2021.02.25 10.59,," 2021,02,25 10:59",,2021-02-25,,1.88,0.396
002872,2021-04-07,,2021-04-07,2021-04-07,p2,YYYY,2021.04.07,2021.04.07,2021.04.07까지2,2021.04.07까지1,2021-04-07,2021-04-07,1.83,0.226
002874,2021-04-11,,2021-04-11,2021-04-11,p2,YYYY,2021.04.11,2021.04.11,2021.04.11,2021.04.11,2021-04-11,2021-04-11,3.32,0.235
002876,2022-12-04,,2022-12-04,2022-12-04,p2,YYYY, 0.5  2022.12.04,, 이0  성술물생장 2022.12.04 HB,,2022-12-04,2022-12-04,2.11,0.35
002877,2022-12-04,,2022-12-04,2022-12-04,p2,YYYY, 5. 1  HoneyGrapefrt 04012 2022.12.04 8401 010,,   사용물육생립자된 꿀자몽차 Honey Grapefruit Tea 국산 사양별과미국산자용을 2022.12.04 HB 사용하여 달몸합니다용 이미,,2022-12-04,2022-12-04,1.64,0.527
002879,2021-06-21,,2021-06-21,2021-06-21,p2,YYYY,2021.06.21 16112,,"2021,06.21 16:12",,2021-06-21,,1.02,0.233
002880,2021-04-13,2,2021-04-13,2021-04-13,p2,YY_LEAD0,0 with  2020.10.14/0925 2021.04.13 4,0 with  2020.10.14/0925 2021.04.13 4,나쿠아즈 with  유통2020-10·14/09:25 한2021.04.13/8 ,나쿠아즈 with  유통2020-10·14/09:25 한2021.04.13/8 ,2020-10-14;2021-04-13,2021-04-13,4.61,0.884
002881,2021-04-13,2,2021-04-13,2021-04-13,p1@640,YYYY,Market OF O 8 2021.04.13/ 2020.10.14/0925,,Market C 부아즈 o 유통 한2021:04:13/09 2021:14:14/09:25,,2020-10-14;2021-04-13,2021-09-13,1.59,0.421
002882,2023-12-08,,2023-12-08,2023-12-08,p2,YYYY, 2023.12.08 10.47,, 2023.12:98F3 10:47,,2023-12-08,,1.72,0.347
002883,2023-12-08,,2023-12-08,2023-12-08,p1@640,YYYY, 98 2023.12.0 4 1.2 .14,,  2023.13-F3   ,,,,1.49,0.423
002884,2022-07-20,,2022-07-20,2022-07-20,p2,YYYY,2022.07.20.1157,2022.07.20.115,2022.07.20. 11:57 4,2022.07.20. 11857,2022-07-20,2022-07-20,1.93,0.186
002885,2022-07-20,b,2022-07-20,2022-07-20,p2,YYYY,2022.07.2011157,,2022.07.20. 11857까00,,2022-07-20,2022-07-20,2.76,0.242
002886,2022-01-04,,2022-01-04,2022-01-04,p2,YYYY,2022.01.04,2022.01.04,2022.01.4,2022.01.04,2022-01-04,2022-01-04,0.96,0.171
002888,2021-07-15,,2021-07-15,2021-07-15,p2,YYYY,2021.07.15,2021.07.15,2021.07.15 A,2021.07.15 A,2021-07-15,2021-07-15,1.32,0.179
002889,2021-07-15,,2021-07-15,2021-07-15,p2,YYYY,2021.07.15,,2021.07.15 A,,2021-07-15,2021-07-15,1.53,0.086
002890,2021-11-11,,2021-11-11,2021-11-11,p2,YYYY,20   80109981044 20208   0-24200 08 80 1492353870 0818 2  .2 .21  2 20 2021.11.1,,    식      -  8801492353870 유동기한       280소 2021.11.11 풍명:하림뉴머스타드소스 (주)하릴 뚜껑:LDP,,2021-11-11,2021-11-11,3.03,1.975
002891,2021-11-11,,2021-11-11,2021-11-11,p2,YYYY,2021.11.11,,2021.11.11,,2021-11-11,2021-11-11,1.66,0.111
002892,2021-03-31,,2021-03-31,2021-03-31,p2,YYYY,2021.03.31,2021.03.31,2021.03.31,2021.03.31,2021-03-31,2021-03-31,2.1,0.18
002894,2024-02-13,,2024-02-13,2024-02-13,p2,YYYY,2024.02.13,2024.02.13,2024.02.13,2024.02.13,2024-02-13,2024-02-13,1.76,0.17
002895,2024-02-13,,2024-02-13,2024-02-13,p2,YYYY,6 2024.02.13,,유기한:하표기까지 2024.02.13,,2024-02-13,2024-02-13,1.57,0.251
002896,2021-07-20,,2021-07-20,2021-07-20,p2,YYYY,2021.07.20,2021.07.20,2021.07.20,2021.07.20,2021-07-20,2021-07-20,1.06,0.204
002897,2021-07-20,,2021-07-20,2021-07-20,p2,YYYY, 20      2021.07.20,,       2021-07.20,,2021-07-20,2021-07-20,1.43,0.518
002898,2021-11-09,,2021-11-09,2021-11-09,p2,YYYY,2021.11.09,2021.11.09,2021.11.09R,2021.11.098,2021-11-09,2021-11-09,1.53,0.226
002899,2021-11-09,,2021-11-09,2021-11-09,p2,YYYY,2021.11.09A,,2021.11 090,,2021-11-09,2021-11-09,1.76,0.21
002900,2022-08-03,,2022-08-03,2022-08-03,p2,YYYY,2022 08 3,,202208 03,,2022-08-03,,0.62,0.082
002901,2022-08-03,,2022-08-03,2022-08-03,p2,YYYY,2022 08 3,,2022 08 03,,2022-08-03,2022-08-03,0.8,0.083
002902,2020-07-22,,2020-07-22,2020-07-22,p2,YYYY,22020.07.22,122020.07.22,1포장2020 07.22,1포장2020.07.22,2020-07-22,2020-07-22,1.86,0.2
002904,2023-03-NONE,,NONE,NONE,,,,,,,,,20.83,0.0
002905,2021-05-19,,2021-05-19,2021-05-19,p2,YYYY,2021.05.19,,2021.05.18까2,,2021-05-19,2021-05-18,1.56,0.143
002906,2021-05-19,,2021-05-19,2021-05-19,p2,CMP,2021.05.19 8AA09139,,28311까 ,,2021-05-19,,1.32,0.325
002907,2021-10-30,2,2021-10-30,2021-10-30,p1@640,DMY4,   ONAA.NR ARAA ARBONAMNONON RAKT.BACKTRIEBMITTEL AE.AT.ATA.IA. PrOd 31 10 2020 ,  A ONAA.R AA ARNAMONON RAKT.BACKTRIEBMITTEL .AT.ATAI Prod 31 10 2020 201 Exp 30,ENTS: WHEAFLOURSGARVEGETABLEOL LUCOSEFRUCTOSESYRUPDBRLEYMALT BE NTS SODUBICARSOE,"ENTS: WHEAFLURSUARVEGETALEOL,GLUCOSEFRUCTOESYRUD.BARLEMAL BE NTS SODICARSONATE A",2020-10-31;2021-10-30,2021-10-30,5.66,3.84
002908,2021-10-30,,2021-10-30,2021-10-30,p2,DMY4,R  .36 2068.02 2 20  00 Prd 31 10 2020 E30 10 2021  26 8,,Rich    b    Prod 310202020 MB  30 102021  Yr -r ,,2020-10-31;2021-10-30,2021-10-30,2.27,0.774
002909,2021-07-21,,2021-07-21,2021-07-21,p2,DMY4,21.07.2021,,21.07-2021,,2021-07-21,2021-07-21,0.71,0.097
002910,2021-07-21,,2021-07-21,2021-07-21,p2,DMY4,21.07.2021,,21.07.2021,,2021-07-21,2021-07-21,0.83,0.086
002911,2021-06-30,,2021-06-30,2021-06-30,p2,DDMMYY,30/06/21143,30/06/21143,EXP:30/06/21 14:63,EXP:30/06/21 14:63,2030-06-21,2021-06-30,2.65,0.233
002912,2021-06-30,d,2021-06-30,2021-06-30,p2,DDMMYY,.30/06/21143,,XP:30/08/21 14:63,,,2021-08-30,1.13,0.11
002913,2020-11-18,,2020-11-18,2020-11-18,p2,YYYY,2020.11.18,2020.11.18,2020.11.18,2020.11.18,2020-11-18,2020-11-18,2.12,0.187
002914,2020-11-18,,2020-11-18,2020-11-18,p2,YYYY,2020.11.18,,2020.11.18,,2020-11-18,2020-11-18,2.48,0.093
002915,2022-09-15,,2022-09-15,2022-09-15,p2,YYYY, 20 0 20   de  2022.09.15, 20 0    de 0 2022.09.15, S  M   se  02022.09.15, S     ge  02022.09.15,2022-09-15,,1.81,1.106
002917,2021-04-30,,2021-04-30,2021-04-30,p2,DDMMYY,30/04/21 100g2.12,30/04/21 100g2.12,30/04/21 1009 1일영양성분,30/04/21 1009 1일영양성,2021-04-30,2021-04-30,5.49,0.525
002918,2021-04-30,,2030-04-02,2030-04-02,p2,YY,30/04/21 30/04/21,,경답열루 //,,2021-04-30,,2.36,0.256
002919,2021-09-11,,2021-09-11,2021-09-11,p2,DMY4,11.09.2021,11.09.2021,11.09.2021,11.09.2021,2021-09-11,2021-09-11,1.19,0.198
002920,2021-09-11,,2021-09-11,2021-09-11,p2,DMY4,11.09.2021,,11.09.2021,,2021-09-11,2021-09-11,1.38,0.091
002921,2021-09-12,,2021-09-12,2021-09-12,p2,DMY4,12.09.2021,12.09.2021,12.09.2021,12.09.2021,2021-09-12,2021-09-12,1.23,0.171
002923,2021-06-13,,2021-06-13,2021-06-13,p2,YYYY,2021.06.13 69,2021.06.13 69,-2021.06.13 B,2021.06.13 B,2021-06-13,2021-06-13,2.27,0.375
002924,2021-06-13,,2021-06-13,2021-06-13,p2,YYYY,2021.06.13,,2021.06.13,,2021-06-13,2021-06-13,1.87,0.095
002925,2021-11-06,,2021-11-06,2021-11-06,p2,YYYY,2021.11.06,,2021.11.064,,2021-11-06,2021-11-06,3.34,0.089
002928,NONE-04-08,,2024-08-20,2024-08-20,blur1/p1@640,YYMM_DAYLA, 04.08 F0744 7  N ,, O0O8 FROP4   2 ,,,,6.07,0.449
002929,2022-09-27,,2022-09-27,2022-09-27,p2,YYYY,2022.09.27,2022.09.27,2022.09. 27,2022.09. 27,2022-09-27,2022-09-27,1.13,0.175
002932,2022-02-01,,2022-02-01,2022-02-01,p2,DDMMYY,01.02.22 08.13,01.02.22 08.13,01.02.22 08:13,01.02.22 08:13,2022-02-01,2022-02-01,4.1,0.449
002933,2022-02-01,,2022-02-01,2022-02-01,p2,DDMMYY,060223 233 01.02.22 08.13,,060223 233 01.02.22 08:13,,2022-02-01,2022-02-01,1.6,0.28
002934,2022-02-02,,2022-02-02,2022-02-02,p1@640,DDMMYY, 02.02.2207,, 02.02.2207:47,,,,4.25,0.31
002935,2022-02-02,,2022-02-02,2022-02-02,p1@640,DDMMYY,200210    0 060224 242 02.02.220747,,     060224242 02.02.22 07:47,,,2022-02-02,4.37,1.034
002936,2021-11-11,,2021-11-11,2021-11-11,p2,YY,21.11.11 .2 10,21.11.11  0,21.11.11 드림카카오B24 블루베리(0,21.11.11 1드림카오24 블루베리(0,2021-11-11,2021-11-11,3.57,1.063
002937,2021-11-11,,2021-11-11,2021-11-11,p2,YY,21.11.11,,21.11.11,,2021-11-11,2021-11-11,4.65,0.19
002938,2021-10-NONE,,2021-10-NONE,2021-10-NONE,p2,MMYYYY,estBefore 10/2021,estBefore 10/2021,Best Before 10/2021,Best Before 10/2021,2021-10-NONE,2021-10-NONE,3.07,0.291
002939,2022-07-29,,2022-07-29,2022-07-29,p2,YYYY,EXPDAT 2022/07/29 8809413,EXPDAT 2022/07/29 809413,EXP DATE 2022/07/29 81  01,EXP DATE 2022/07/29 850 1,2022-07-29,2022-07-29,3.94,0.995
002940,2022-07-29,,2029-07-02,2029-07-02,p2,DDMMYY,2022/07/29,,2022107/29,,2022-07-29,,3.23,0.147
002941,2021-07-05,,2021-07-05,2021-07-05,p2,DMY4,0507 2021,,05 07 2021,,,2021-07-05,11.26,0.092
002942,2021-07-05,,2021-07-05,2021-07-05,erode3/p1@640,DMY4,0507 2021,,05072021,,,,5.72,0.09
002943,2020-06-23,,2020-06-23,2020-06-23,p2,YYYY,2020.06.23,,2020.06.23,,2020-06-23,2020-06-23,0.68,0.09
002944,2020-06-23,,2020-06-23,2020-06-23,p2,YYYY,2020.06.23,,2020.0.23,,2020-06-23,,0.74,0.089
002945,2023-08-27,,2023-08-27,2023-08-27,p2,DMY4,27/08/2023,27/08/2023,27/08/2023,27/08/2023,2023-08-27,2023-08-27,1.34,0.175
002946,2021-09-25,,2021-09-25,2021-09-25,p2,DMY4,25 09 2021 19 06.06,25 09 2021  19 06.06,25 09 2021 HB 19 06:06 ,25 09 2021 HB 19 06:06,2021-09-25,2021-09-25,1.66,0.334
002948,2021-08-12,,2021-08-12,2021-08-12,p2,DMY4,12 12.08.2021 L260XG- 11,, 12.08.2021 L26BX6-U 11,,2021-08-12,2021-08-12,1.11,0.326
002949,2021-08-12,,2021-08-12,2021-08-12,p1@640,DMY4,12.08.2021 L260N-11,,12.8.2821 L L26BN-U 11,,2021-08-12,,1.2,0.246
002950,2021-04-30,,2021-04-30,2021-04-30,p2,YYYY,2021.04.30,2021.04.30,2021.04.30,2021.04.30,2021-04-30,2021-04-30,2.07,0.166
002951,2021-04-30,,2021-04-30,2021-04-30,p2,YYYY,2021.04.30,,2021.04.30,,2021-04-30,2021-04-30,2.73,0.091
002952,2021-11-03,,2021-11-03,2021-11-03,p2,YY,       21.11.03      20         0  20,       21.11.03      20         0  20,       21.11.03      구o         D  B,"       21,.11.031      구o         P  B",2021-11-03,2021-11-03,2.9,3.127
002953,2020-05-28,,2020-05-28,2020-05-28,p2,YYYY, 2020.05.28, 2020.05.28,·품질유지기한 2020.05.28,·품질유지기한: 2020.05.28,2020-05-28,2020-05-28,2.03,1.034
002956,NONE,m,2021-01-02,2021-01-02,p2,YYYY,2021.01.02B02.23,2021.01.0202.23,2021.01.02 B 02:23 김민찬,2021.01.02B 02:23김민,2021-01-02,2021-01-02,3.58,0.651
002957,NONE,m,2021-01-02,2021-01-02,p2,YYYY,2021.01.0202.23,,2021.01.02 B02:23 김민,,2021-01-02,2021-01-02,3.91,0.148
002958,2022-07-27,,2022-07-27,2022-07-27,p2,YYYY,2022.07.27,,2022.07.278,,2022-07-27,2022-07-27,3.0,0.148
002959,2022-07-27,,2022-07-27,2022-07-27,p2,YYYY,2022.07.27,,2022.07.278,,2022-07-27,2022-07-27,1.66,0.14
002960,2021-10-08,,2021-10-08,2021-10-08,erode3/p1@640,YYYY,2021.10.08,,10,,2021-10-08,,11.31,0.201
002961,2021-11-21,,2021-11-21,2021-11-21,p2,YYYY,2021.11.21,2021.11.21,2021.11.21,2021.11.21,2021-11-21,2021-11-21,1.03,0.149
002962,NONE,,2020-03-13,2020-03-13,p2,YYYY,2020.03.13,,포장2020.03.13,,2020-03-13,2020-03-13,2.61,0.074
002963,2020-11-06,,2020-11-06,2020-11-06,p2,YYYY,2020.11.06,2020.11.06,2020-11.06 F2i0e,2020-11.06F2i0e,2020-11-06,2020-11-06,1.03,0.148
002965,2022-09-03,,2022-09-03,2022-09-03,p2,YYYY, 2  22 2088934 20..06046 1425  2022.09.03,,이스트로맞있는 이슈식빵만말기는 필요한 재료 조리법   1 유통기한: 2022.09.03,,2022-09-03,2022-09-03,1.98,0.516
002966,2021-09-03,,2021-09-03,2021-09-03,p1@640,DDMMYY,03/09/21 120312 12.03 FRASC 8432010 . A 40 484 088 88 7/ 40  210 38100   3 50 8/,03/09/21 L20312 12.03 FRASCH 320109 .4 AS .0 48.48 88 88 87/5 01.  82160 38.100 ,03/09.21 L20312 12:03 FRASC   OASCERI SPA  삶  내용량 유통기한 수입업소명 및소재지 촉산물위생관리법에 의한 한,03/09.21 L20312 12:03 FRASC   NPRASCHER SPA  삶  내 유통기한 수입업소명 및소재지 촉산물위생관리법에의한 한표,2021-09-03,,3.66,3.335
002967,2021-09-03,,2021-09-03,2021-09-03,p1@640,CMP6_DMY,03/0921  20 8.00,,   ,,,,1.46,0.324
002968,2021-05-28,,2021-05-28,2021-05-28,p2,YYYY,2021.05.28,2021.05.28,2021.05.28,2021.05.28,2021-05-28,2021-05-28,1.29,0.219
002969,2021-07-07,,2021-07-07,2021-07-07,p2,YYYY,2021.07.07,2021.07.07,2021.07.07,2021.07.07,2021-07-07,2021-07-07,1.32,0.166
002971,2022-11-14,,2022-11-14,2022-11-14,p2,YYYY,2022.11.14  ,,2022.11.14  카디,,2022-11-14,2022-11-14,1.56,0.48
002972,2022-03-20,,2022-03-20,2022-03-20,p2,YYYY,2022.03.20,2022.03.20,유동기한 2022 03.20,유동기한 2022 03.20,2022-03-20,2022-03-20,4.43,0.276
002973,2022-03-20,,2022-03-20,2022-03-20,p1@640,YYYY,2022.03.20,,e 20220320,,2022-03-20,2022-03-20,2.06,0.145
002974,2022-03-15,2,2022-03-15,2022-03-15,p2,DMY4,15/03/2022,E15/03/2022,EXP:15/03/2022,EXP:15/03/2022,2022-03-15,2022-03-15,2.71,0.164
002975,2022-03-15,2,2022-03-15,2022-03-15,p1@640,DMY4,.15/3/22 RO0.21/09/2020,,ERP-15103922 PRD121/09/2020,,2020-09-21;2022-03-15,,1.16,0.256
002976,2020-05-12,,2020-05-12,2020-05-12,p2,YYYY,2020.05.12,2020.05.12,2020.05.12,2020.05.12,2020-05-12,2020-05-12,1.74,0.225
002977,2020-05-12,,2020-12-05,2020-12-05,p2,DMY4,2020.05.12 2020.05. 19424,,2020.05.12 2020.05 2,,2020-05-12;2020-05-19,2020-05-02;2020-05-12,2.15,0.329
002978,2020-07-20,,2020-07-20,2020-07-20,p1@1024,YY,20.07.20 A,,20.07.20까지M8C F EJAN,,2020-07-20,2020-07-20,3.57,0.278
002979,2020-07-20,,2020-07-20,2020-07-20,erode2/p1@640,YY,20.07.20,,20.87.20까지wCF,,2020-07-20,,3.46,0.129
002980,2021-12-17,,2021-12-17,2021-12-17,p2,CMP,00 2.2099 2021.1217,00 2.209 2021.1217,영양보 총내용량 320 2021.1217,영양보 총내용량320 2021.1217,2021-12-17,2021-12-17,2.68,0.698
002981,2021-12-17,,2021-12-17,2021-12-17,p2,YMD_GLUED,2021.12 17,,2021.1217,,2021-12-17,2021-12-17,2.15,0.11
002982,2021-09-14,,2021-09-14,2021-09-14,p2,YYYY,2021.09.14,,2021.09.14 까,,2021-09-14,2021-09-14,1.65,0.136
002983,2021-09-14,,2021-09-14,2021-09-14,p2,YYYY,2 2021.09.14 2 ,, 레철감릭버터앗 2021.09.14 2 A ,,2021-09-14,2021-09-14,2.33,0.419
002984,2021-05-01,,2021-05-01,2021-05-01,p2,YYYY,2021.05.01  1 ,2021.05.01   ,2021.05.01   ,2021.05.01   ,2021-05-01,2021-05-01,1.79,0.823
002985,2021-05-01,,2021-05-01,2021-05-01,p2,YYYY,2021.05.01  ,,2021.05.01  ,,2021-05-01,2021-05-01,1.51,0.355
002986,2022-04-01,,2022-04-01,2022-04-01,p2,YYYY,2022.04.01,,2022.04.01,,2022-04-01,2022-04-01,1.19,0.123
002987,2022-04-01,,2022-04-01,2022-04-01,p2,YYYY,2022.04.01 ,,2022.04.01 ,,2022-04-01,2022-04-01,2.01,0.303
002988,2021-07-20,,2021-07-20,2021-07-20,p2,YYYY,2   0   2801   20  5 5 20  2102 .0 59023  02 2021.07.20/ 222 52 42 809352812130 ,25 1  08   2801   20  2 25 /0  210 .0 5023  0 2021.07.20/ 202 5 43 80935281213 2,기 통윗고장소구입처뜨는제조및 판매권 은을 오 등서   리비사은하고있니 ·는의우가 으니상고에보관하고가능하리드는것이습니과같은세조 단지 에거하또는 받," 배장소 구입처뜨는제조및 판매권  이 어등어  ,리비사용과은서하있 으우가으니상고에보관하시고가능하리드것이습니다과은제소 단 시분가준에의거하는 보으수",2021-07-20,,6.61,7.732
002990,2021-03-20,,2021-09-05,2021-09-05,p2,DMY4,  2021.03.20,  2021.03.20,18  2021.03.20,8  2021.03.20,2021-03-20,2021-03-20,1.9,0.737
002992,2021-02-21,,2021-02-21,2021-02-21,p2,CMP,22 521/3 2021.02.21,22 521/3 2021.0221,"소 부드러운두부/국,찌개용 202102.21","소 부드러운두부/국,찌개용 2021.0221",2021-02-21,2021-02-21,4.25,0.823
002993,2021-11-22,,2021-11-22,2021-11-22,p2,YYYY,2021.11.22,,2221.11.22-,,2021-11-22,,1.06,0.115
002994,2022-07-13,,2022-07-13,2022-07-13,p2,YYYY,2022.07.13,2022.07.13,2022.07.13 A 까,2022.07.13 A까,2022-07-13,2022-07-13,2.62,0.193
002995,2022-07-13,,2022-07-13,2022-07-13,p2,YYYY,2022.07.13,,2022.07.13 A7,,2022-07-13,2022-07-13,2.44,0.104
002996,2022-10-15,,2022-10-15,2022-10-15,p2,YYYY,2022.10.15,2022.10.15,2022.10.15,2022.10.15,2022-10-15,2022-10-15,3.07,0.351
002998,2021-10-07,,2021-10-07,2021-10-07,p2,YYYY,2021.10.07 11.,2021.10.07 11.,2021.10.07 11:15 Vi,2021.10.071:15V,2021-10-07,2021-10-07,1.7,0.211
002999,2021-10-07,,2021-10-07,2021-10-07,p2,YY_LEAD0,2021.10.07 11.15,,82021.10.0711:15,,2021-10-07,,2.04,0.109
003000,2021-10-12,,2021-10-12,2021-10-12,p2,YYYY,2021.10.12,2021.10.12,2021.10.12,2021.10.12,2021-10-12,2021-10-12,1.57,0.209
003001,2021-12-05,,2021-12-05,2021-12-05,p2,YYYY,2021.12.05 /5796   ,2021.12.05 5796   ,2021.12.05 1796   ,2021.12.05 15796 이발  ,2021-12-05,2021-12-05,1.81,0.885
003002,2022-06-18,,2022-06-18,2022-06-18,p2,YYYY,2022.06.18 10.30,2022.06.18 10.30,2022.06.1810:30,2022.06.18 0:30,2022-06-18,2022-06-18,2.08,0.212
003003,2022-11-26,,2022-11-26,2022-11-26,p2,YYYY,2022.11.26,2022.11.26,유동기한: 2022.11.26,유동기한: 2022.11.26,2022-11-26,2022-11-26,3.17,0.212
003004,2023-05-NONE,,2023-05-NONE,2023-05-NONE,p2,MMYYYY,05.2023 D9481,,05.2023 D9481,,2023-05-NONE,2023-05-NONE,20.81,0.308
003005,2023-05-NONE,,2023-05-NONE,2023-05-NONE,p2,MMYYYY,05.2023 D9481,,05.2023 D9481,,2023-05-NONE,2023-05-NONE,7.44,0.255
003006,2022-05-26,,2022-05-26,2022-05-26,p2,YYYY,2022.05.26,2022.05.26,2022.05.26,2022.05.26,2022-05-26,2022-05-26,1.53,0.333
003007,2021-11-30,,2021-11-30,2021-11-30,p2,YYYY,.samin.ne 2021.11.30,.samin.net 2021.11.30,w.samjin.net 2021.11.30,w.samjin.net 2021.11.30,2021-11-30,2021-11-30,3.06,0.592
003008,2021-10-05,,2021-10-05,2021-10-05,p2,DDMMYY,05-10-21 21.04,05-10-21 21.04,-05-10-2121:046,-05-10-21 21:046,2021-10-05,2021-10-05,3.28,0.277
003009,2021-10-05,,2021-10-05,2021-10-05,p2,DDMMYY,0510-21214,,051021221046,,,,1.87,0.093
003010,2021-12-11,,2021-01-12,2021-01-12,p2,YYYY,020  472kca REFOODS 2-723-8175 2123  TBFORE 0017 18101 139 4 .msimall 0 2 0  ..2,020  472 kcal REFOODS 202-723-8175 24  EFOR2/ 2010 18101 1399 94 w.masimal. 0 2 ,H밀로우 멜로우 트위스트 g(472 kcal) RE FOODS 일리(주)02-723-8175 중구세종대로 2나길23 첫면 별도표기일까지 (BES,보밀로우 멜로우 트위스트 g(472 kcal) RE FOODS 일2(주) 02-723-8175 중구세종대로 2나길23 면 별도표기일까지 JBES,2021-12-11,,12.88,4.263
003012,2024-01-29,,2024-01-29,2024-01-29,p2,D_MON_Y,29.Jan.2024,29.Jan.2024,9ana,9.n2e,2024-01-29,,2.56,0.228
003013,2024-01-29,,2024-01-29,2024-01-29,p1keep/p1@640,D_MON_Y,21023 725 29.3n.2024,, 2n2e,,,,2.1,0.329
003014,2021-06-12,,NONE,NONE,,,,,,,,,24.84,0.0
003015,2022-07-01,,2022-07-NONE,2022-07-NONE,p1@640,YYYYMM,2022.07.0 809141147023,2022.07.0 80914147023,2022.07.0 81809141470237,2022.07.0 81809141170237,,,3.82,0.61
003016,2022-07-01,,2022-07-NONE,2022-07-NONE,p2,YYYYMM,2022.07,,2022.07.0,,2022-07-NONE,,2.49,0.142
003017,2022-02-23,,2022-02-23,2022-02-23,p2,YYYY,2022.02.23,2022.02.23,2022.02.23,2022.02.23,2022-02-23,2022-02-23,2.28,0.207
003018,2023-01-04,,2023-01-04,2023-01-04,p2,YYYY,2023.01.04,,12023.01.04,,2023-01-04,,1.67,0.128
003020,2021-03-23,,2021-03-23,2021-03-23,p2,YYYY,2021.03.23,,2021.03.23,,2021-03-23,2021-03-23,2.54,0.133
003022,2021-11-01,,2021-11-01,2021-11-01,p2,YYYY,2021.11.01,2021.11.01,2021.11.0,2021.11.0,2021-11-01,,1.43,0.226
003024,2021-09-13,,2021-09-13,2021-09-13,p2,DMY4,13.09.2021 ,13.09.2021 ,113:109.2021 ,113.109.2021 ,2021-09-13,,1.98,0.588
003025,2021-09-13,,2021-09-13,2021-09-13,p1@640,DMY4,13.09.2021 1257X2-02.22 ,,13.0.20222 1359x32930222 ,,2021-09-13,,1.71,0.37
003026,2021-04-10,,2021-04-10,2021-04-10,p2,YY_TAIL,21.04.10,21.04.10,21.04.10까지,21.04.10까지,2021-04-10,2021-04-10,2.47,0.211
003027,2021-09-28,,2021-09-28,2021-09-28,p2,YYYY,53  ESBEFORE 2021/09/28 Y/M/D,,  BEST BEFORE:202109/28 YMD),,2021-09-28,2021-09-28,1.89,0.452
003028,2021-09-28,,2021-09-28,2021-09-28,p1@640,YYYY, BES EFORE-202/09 M/,, BEST EFDRE:201098 EMD,,,,2.3,0.4
003029,2021-11-02,,2021-11-02,2021-11-02,p2,DMY4,02.11.2021,02.11.2021,02.11.2021,02.11.2021,2021-11-02,2021-11-02,3.37,0.249
003030,2021-11-02,,2021-11-02,2021-11-02,p2,DMY4,02.11.2021,,02.11.2021,,2021-11-02,2021-11-02,1.89,0.11
003031,2020-07-14,,2020-07-14,2020-07-14,p2,YYYY,2020-07-14,2020-07-14,2020-07-14,2020-07-14,2020-07-14,2020-07-14,1.49,0.212
003032,2021-04-12,,2021-04-12,2021-04-12,p1@640,DMY4,SERTOPIONYSMAKUSMETANKOW 7215    s0.2aa . 45 452E450.E339331 4043 389 139 5.09 K,SERTOPIONYSMAKUSMIETANKOWY A7241    eae90 2ata .. 45 452.E450.E339.33 403 389 13,"SER TOPIONY O SMAKU SMIETANKOWYM. (SPRALE CSE 산 rario oe     , ,    toa a.0 bepi",SER TOPIONY O SMAKUSMIETANKOWYM. (CNSPREAECESECAS) rom         toair e 0 mg ah4e,,,6.19,5.146
003033,2022-11-21,,2022-11-21,2022-11-21,p2,DMY4,21 11 2022 GulaJawa EEGT5009 7,,21112022PX GuCa awa NET.WEGT:50g(772),,2022-11-21,,1.67,0.393
003034,2022-11-21,,2022-11-21,2022-11-21,p2,DMY4,21 11 22 NEEGH074,,211202 Px NETWEGA g 70d,,,,1.86,0.288
003036,2022-08-28,,2022-03-28,2022-03-28,p2,DMY4,NeWeig 10.560/ 30 28 03 202,,NetWeigt:1056(09) 28 03 202PP,,,,1.63,0.246
003037,2021-02-18,,2021-02-18,2021-02-18,p2,YYYY,2021.02.18,2021.02.18,2021.02.18,2021.02.18,2021-02-18,2021-02-18,3.12,0.227
003038,2021-02-18,,2021-02-18,2021-02-18,p1@640,YYYY,anma6lo 00  2021.0218   2 20,,cYamlowbl 소당하여  2021.02.18 가연은   연두부,,2021-02-18,2021-02-18,2.28,0.608
003039,2021-03-01,,2021-03-01,2021-03-01,p2,YYYY, 2021.03.01, 2021.03.01,UC CiD 2021.03.01까지,SCD  2021.03.01까지,2021-03-01,2021-03-01,2.64,0.546
003040,2021-03-01,,2021-03-01,2021-03-01,p2,YYYY,2021.03.01,,2021.3.01까지,,2021-03-01,2021-03-01,1.45,0.105
003041,2022-01-17,,2022-01-17,2022-01-17,p1@640,D_MON_Y,17.JAN.22 10529,,171A.2022 I,,2022-01-17,,3.49,0.287
003043,2020-07-13,,2020-07-13,2020-07-13,p2,YYYY,2020-07-13,2020-07-13,2020-07-13,2020-07-13,2020-07-13,2020-07-13,1.73,0.233
003044,2022-05-02,,2022-05-02,2022-05-02,p2,YYYY,2022.05.02,2022.05.02,2022.05.02,2022.05.02,2022-05-02,2022-05-02,4.05,0.229
003045,2022-05-02,,2022-05-02,2022-05-02,p2,YYYY,2022.05.02,,2022.05.02,,2022-05-02,2022-05-02,1.88,0.111
003046,2021-10-20,,2021-10-20,2021-10-20,p2,YYYY,2021.10.20,2021.10.20,2021.10.20,2021.10.20,2021-10-20,2021-10-20,3.63,0.341
003047,2021-04-07,,2021-04-07,2021-04-07,p2,DMY4,07/04/2021,07/04/2021,07/04/2021,07/04/2021,2021-04-07,2021-04-07,2.0,0.217
003048,2021-04-07,,2021-04-07,2021-04-07,p1@640,DMY4,07/04/2021,,OR-04 201,,2021-04-07,,1.3,0.108
003049,2021-02-16,,2021-02-16,2021-02-16,p2,DDMMYY,Mozzaell216.02.21,Mozzarella16.02.21,Mozzarlli16.02.21,Mozzarlla16.02.21,2021-02-16,2021-02-16,1.14,0.21
003051,2020-12-19,,2020-12-19,2020-12-19,p1@640,YYYY,   2020.12.19,   2020.12.19,   2020.12.19까지,   2020.12.19까지,2020-12-19,2020-12-19,1.3,0.838
003052,2020-12-19,,2020-12-19,2020-12-19,p1@640,YYYY,   2020.12.19,,   2020.12.19까지,,2020-12-19,2020-12-19,1.37,0.397
003053,2021-10-28,,2021-10-28,2021-10-28,p2,DMY4,2  E 200 154 11. 10612 205mg 14 106.533  22542   0 106 0139 9.6mg 1 3  11.1975 2,2 2  00 15 11. 10612 205mg 14 106.533  22542    7102 0139 9.6mg 10000 3  11.275 ,정보 량당 테롤 성분기준에대한비은200기준이므로인의필요 량에라다수있습니다 해서늘하 다.부 원회고시 285mng 14%탄수화물1065g9 33%당,정보 량당 테롤 성분기준지에대한()은2000kc기준이므로개인의필요열량에 따라다수있습니다 해서는하 다.부 원회고시 285mng14%탄수회1005g,2021-10-28,2021-10-28,5.52,5.275
003054,2021-10-28,,2021-10-28,2021-10-28,p2,DMY4,210  25042   2  9308 10 8129 2150  548 656al M2030211.27   AIsctP 28/10/2021 ae,,g   53 40 정보    Whsg 38 5 5 총내용량 1550  5 M20302 1:27A CE ABICI POUT SAS Bisuls P,,2021-10-28,2021-01-28,2.37,1.109
003055,2021-03-06,,2021-03-06,2021-03-06,p2,YYYY, 2021.03.06, 2021.03.06,유통기한 2021.03.051KI F3,유통기한 2021.03.067KI F3,2021-03-06,2021-03-05;2021-03-06,5.09,0.592
003056,2021-03-06,,2021-03-06,2021-03-06,p2,YYYY,2021.03.06,,2021.03.06IKIF3,,2021-03-06,2021-03-06,5.13,0.14
003057,2022-02-19,,2022-02-19,2022-02-19,p2,YYYY,2022.02.19,,2022.02.19지,,2022-02-19,2022-02-19,1.25,0.112
003058,2022-02-19,,2022-02-19,2022-02-19,p2,YYYY,2022.02.19,,2022.02.197,,2022-02-19,2022-02-19,1.28,0.115
003059,2021-10-04,,2021-10-04,2021-10-04,p2,YYYY,2021.10.04,2021.10.04,2021.10.04까지1,2021.70.04까지,2021-10-04,2021-10-04,1.32,0.223
003060,2021-10-04,,2021-10-04,2021-10-04,ft/p2,YYYY,,,,,,,8.58,0.0
003061,2022-03-05,2,2022-03-05,2022-03-05,p2,YYYY,2022.03.05,2022.03.05,2022.03.05,2022.03.05,2022-03-05,2022-03-05,2.68,0.216
003063,2021-10-18,,2021-10-18,2021-10-18,p2,YYYY,2021/10/18,2021/10/18,EXP:2021/10/18 A6,EXP:2021/10/18 A6,2021-10-18,2021-10-18,2.39,0.335
003064,2021-10-18,,2021-10-18,2021-10-18,p1@640,YYYY,EP2021/108,,EXP-202/10118A6,,,,1.65,0.137
003065,NONE,,2021-11-12,2021-11-12,p2,YYYY,2021.11.1219.22,2021.11.1219.22,2021.11.12 19:224,2021.11.12 19:224,2021-11-12,2021-11-12,2.69,0.231
003067,2021-06-15,,2021-06-15,2021-06-15,p2,YY,21.06.15,21.06.15,21.06.15,21.06.15,2021-06-15,2021-06-15,0.99,0.24
003068,2021-06-15,,2021-06-15,2021-06-15,p2,YY,21.06.15,,21.06.15,,2021-06-15,2021-06-15,1.11,0.114
003069,2020-08-09,2,2020-08-09,2020-08-09,p2,YY,20.08.09 20.02.10 191 0,,20.08.09 까지 20.02.10부터 1일영양성분 기준이므로개인,,2020-02-10;2020-08-09,2020-02-10;2020-08-09,2.65,0.432
003071,2021-08-19,,2021-08-19,2021-08-19,p2,YYYY,.200 0 2021.08.19 OR,,"단적7,20m 가능가는 요백분말이 만나 깊고 진한 품미 2021.08.19 까지 OTHER",,2021-08-19,2021-08-19,3.91,0.412
003073,2021-08-25,,2021-08-25,2021-08-25,p2,YYYY,2021.08.25,,2021.08.25까,,2021-08-25,2021-08-25,2.31,0.145
003074,2021-08-25,,2021-08-25,2021-08-25,p2,YYYY,2021.08.25,,2021.08.51%,,2021-08-25,,2.32,0.108
003075,2021-01-16,,2021-01-16,2021-01-16,p2,YYYY,2021.01.16,2021.01.16,2021.01.16,2021.01.16,2021-01-16,2021-01-16,4.41,0.222
003076,2021-01-16,,2021-01-16,2021-01-16,p2,YYYY,2021.01.16,,2021.01.16,,2021-01-16,2021-01-16,2.43,0.114
003077,2021-12-13,,2021-12-13,2021-12-13,p2,YY,21.12.13 ,,21.12.13 까지,,2021-12-13,2021-12-13,2.01,0.288
003078,2021-12-13,,2021-12-13,2021-12-13,p2,YY,21.12.13 ,,21.12.13 까지,,2021-12-13,2021-12-13,2.48,0.316
003080,2021-11-01,,2021-11-01,2021-11-01,p2,YYYY,2021.11.01,,2021.11.01,,2021-11-01,2021-11-01,1.95,0.14
003081,2021-12-02,2,2021-12-02,2021-12-02,p2,YYYY,2021.12.02 o,,한2021.12.02까 까지 맛있는약속,,2021-12-02,2021-12-02,4.12,0.283
003082,2021-12-02,2,2021-12-02,2021-12-02,p2,YYYY,2021.12.02 2020.12.03 ,,2021.12.03B 2020.12.03B 2까지 맛있는약,,2020-12-03;2021-12-02,2020-12-03;2021-12-03,3.01,0.465
003083,2021-12-02,,2021-12-02,2021-12-02,p2,YY,21.12.02,,"21,12.02",,2021-12-02,,1.9,0.11
003084,2021-12-02,,2021-12-02,2021-12-02,p2,YY,21.12.02,,21.12.02,,2021-12-02,2021-12-02,2.17,0.106
003085,2021-06-27,,2021-06-27,2021-06-27,p2,YYYY,2021.06.27 N826,,2021.06.27 N826,,2021-06-27,2021-06-27,1.79,0.293
003086,2021-06-27,,2021-06-27,2021-06-27,p2,YYYY,2021.06.27,,2021-06.27,,2021-06-27,2021-06-27,1.98,0.135
003087,2021-06-30,,2021-06-30,2021-06-30,p2,DMY4,30.06.2021,,30.06.2021 3A,,2021-06-30,2021-06-30,2.08,0.116
003089,2021-09-15,,2021-09-15,2021-09-15,p2,DMY4,15-09-2021,,15-09-2021,,2021-09-15,2021-09-15,5.33,0.113
003090,2021-09-15,,2021-09-15,2021-09-15,p2,DMY4,15-09-2021 15-09-15.25,,15-09-2024 RH30-18,,2021-09-15,2024-09-15,3.85,0.306
003091,2021-09-17,,2021-09-17,2021-09-17,p2,DMY4,17-09-2021,,17-09-2021,,2021-09-17,2021-09-17,5.04,0.133
003093,2023-01-03,,2023-01-03,2023-01-03,p2,YYYY,2023.01.03,,2023.01.03,,2023-01-03,2023-01-03,1.67,0.118
003094,2023-01-03,,2023-01-03,2023-01-03,p2,YYYY,509 1.80Ka 2023.01.03  N7O 5 ,,"00 (1,.0 2023.0103 까지 NO 하념과들일 ",,2023-01-03,2023-01-03,2.29,0.534
003095,2022-10-12,,2022-10-12,2022-10-12,p2,YYYY,oBrand 2022.10.12,,oBrand 2022.10.12,,2022-10-12,2022-10-12,1.55,0.27
003096,2022-10-12,,2022-10-12,2022-10-12,p2,YYYY,2022.10.12,,2022.10.12,,2022-10-12,2022-10-12,2.05,0.11
003097,2021-04-12,,2021-04-12,2021-04-12,p2,YYYY,2021.04.12 ,,2021.04.12 까지,,2021-04-12,2021-04-12,1.77,0.335
003098,2021-04-12,,2021-04-12,2021-04-12,p2,YYYY,2021.04.12 ,,2021.04.12 까지,,2021-04-12,2021-04-12,1.98,0.243
003099,2022-08-07,,2022-08-07,2022-08-07,p2,YYYY,2022.08.07,,2022.08.07 까지,,2022-08-07,2022-08-07,2.83,0.225
003100,2022-11-21,,2022-11-21,2022-11-21,p2,YYYY,6. 7 05   21 253-2 A 023. 253-4  2022.11.21  86 1/2,,"음용방법방 용기재질유 유통기한 원재료명 유자당절임[유자(국신)설팅 재질유리경재질주서도금강 새리판,폴리염화비닐(내부)ㅂ 알주은사집스용 나 실 카연",,2022-11-21,2022-11-21,3.7,1.126
003101,2022-11-21,,2022-11-21,2022-11-21,p2,YYYY,0518  2022.11.21 31253.2 ,,유통기한: 일 2022.11.21 일주스호 까지,,2022-11-21,2022-11-21,3.19,0.461
003102,2022-03-29,,2022-03-29,2022-03-29,p2,YYYY,0E 2022.03.2931 0 10 138 10097 8,,유통기한 2022.03.29 L31 까 지8801013810097 ,,2022-03-29,2022-03-29,5.95,0.47
003103,2022-03-29,,2022-03-29,2022-03-29,p1@640,YYYY,2022.03.293,,202.0.,,2022-03-29,,2.01,0.23
003104,2023-12-06,,2023-12-06,2023-12-06,p2,YYYY,2023.12.06.10.13,,2023.12.06 10:13 ,,2023-12-06,2023-12-06,2.21,0.127
003105,2023-12-06,,2023-12-06,2023-12-06,p1@640,YYYY,2023120,,2o23526 5,,,,1.55,0.097
003106,2021-01-11,,2021-01-11,2021-01-11,p2,YYYY,2021.01.11 2508,,2021.01.11 A 250g,,2021-01-11,2021-01-11,2.11,0.291
003107,2021-01-11,,2021-01-11,2021-01-11,p2,YYYY,2021.01.11 250,,2021.01.11A 250g,,2021-01-11,2021-01-11,1.55,0.277
003108,2022-07-16,,2022-07-16,2022-07-16,p2,DMY4,16/07/2022 D20G17,,16/07/2022020617,,2022-07-16,,2.56,0.113
003109,2022-07-16,,2022-07-16,2022-07-16,p2,DMY4,16/07/2022D20G17,,16/07/2022D20617,,2022-07-16,2022-07-16,3.65,0.189
003110,2021-06-09,,2021-06-09,2021-06-09,p2,YYYY,2021.06.09 14.511 Dongwo ,2021.06.09 14.511 Dongwe ,2021:05-09관진 전14:51지 Dongwor ,"""2021:05-09까진 전4:51지 Dongwor ",2021-06-09,2021-05-09,2.9,0.946
003111,2021-06-09,,NONE,NONE,,,,,,,,,17.03,0.0
003112,2021-03-28,,2021-03-28,2021-03-28,p1@640,YYYY,2021.0.28,,유동기한:2021.0.8까지,,,,1.46,0.129
003113,2021-03-28,,2022-10-28,2022-10-28,p2,CMP6_YMD,2002.1.025,,: 202,,,,3.13,0.132
003114,2021-09-25,,2021-09-25,2021-09-25,p2,YYYY,PROD.DAT2020.09.25 ESTBEFORE2021.09.25 ,PROD.DATE.2020.09.25 EFORE2021.09.25 ,PR0D.DATE.:2020.09.25 BEST BEFORE:2021.09.25 ,PR0D.DATE.:2020.09.25 BEST BEFORE: 2021.09.25 ,2020-09-25;2021-09-25,2020-09-25;2021-09-25,2.27,0.878
003115,2021-09-25,2,2022-09-05,2022-09-05,p2,YY, .0AE.220.09 .AE.2021.09.25 ,,I RDATE0235 RDDATE35 ,,2021-09-25,,1.5,0.43
003117,2021-12-29,,2021-12-29,2021-12-29,p2,YYYY,04   2021.12.29,,  유동기한 2021.12.29.C*,,2021-12-29,2021-12-29,2.62,0.426
003118,2021-07-10,,2021-07-10,2021-07-10,p2,YYYY, 2021.07.10,2 2021.07.10,T 202107.10,T 202107.10,2021-07-10,2021-07-10,1.88,0.592
003119,2021-07-10,,2021-07-10,2021-07-10,p1@640,YYYY,202.8.,,202170,,,,1.44,0.111
003120,2021-09-30,,2021-09-30,2021-09-30,p2,YYYY,0090.0.0  234794.006 . 0208 0anhoua0Fd.. 44806  202 E2021.09.30 20 0g 280k,,"스스0 도 을의 위이있 서이이 영80 20    nC 당무  리 의  다  씨장면과같이드시는건 권장하지않습 EXP: 2021,09.30  캔다8",,2021-09-30,,2.79,1.093
003121,2021-09-30,,2021-09-30,2021-09-30,p2,YYYY,2021.09.30,,"EXP: 2021,09300",,2021-09-30,,1.73,0.133
003122,2021-09-15,,2021-09-15,2021-09-15,p1keep/p1@1024,DMY4,FR00 E 15.09.2021 2020 033-119 005778 0002 6500,FR00 EX 15.09.2021 2020 033-119 005778 0002 6500,FECI E - 1롬:05:2021 · 033-119 005778 0002 6500!,FRCIC EAF 13:05:2021 ·202 033-119005778 0002 65001,2021-09-15,,6.71,1.166
003124,2021-03-07,,2021-03-07,2021-03-07,p2,YYYY,2021.03.07,,2021.03.07,,2021-03-07,2021-03-07,1.69,0.142
003125,2021-03-07,,2021-03-07,2021-03-07,p2,YYYY,2021.03.07,,2021.03.07,,2021-03-07,2021-03-07,1.51,0.107
003126,2021-02-16,,2021-02-16,2021-02-16,p2,YYYY,  2021.02.16,,  2021.02.16,,2021-02-16,2021-02-16,1.23,0.42
003127,2021-02-16,,2021-02-16,2021-02-16,p2,YY,  21.02.16,,  21.02.16,,2021-02-16,2021-02-16,2.31,0.372
003128,2022-08-25,,2022-08-25,2022-08-25,p2,YYYY,2022.08.25,,2022.08.25,,2022-08-25,2022-08-25,1.53,0.106
003129,2022-08-25,,2022-08-25,2022-08-25,p2,YYYY, 2022.08.25,, 2022.08.25,,2022-08-25,2022-08-25,1.68,0.31
003130,2022-03-30,,2022-03-30,2022-03-30,p1@640,YYYY,2022.03.30,2022.03.30,2022.03.30 까지,2022.03.30 까지,2022-03-30,2022-03-30,4.1,0.35
003131,2022-03-30,,2022-03-30,2022-03-30,p2,YYYY,000A E0 871 28488..300 020 24265 5.25.01 2022.03.30 225.01 2.03...3 52  M2 .813 ,,는 시오  유통기한  실수 있습니다의거   2022.03.30 까 -2501        이   보시 이상이  하  을피하고 %국산,,2022-03-30,2022-03-30,3.56,1.332
003132,2021-05-22,,2021-05-22,2021-05-22,p2,YYYY,2021.05.22 ,,2021.05.22 까지,,2021-05-22,2021-05-22,2.07,0.315
003133,2021-05-22,,2021-05-22,2021-05-22,p2,YYYY,2021.05.22,,2021.05.22,,2021-05-22,2021-05-22,2.05,0.138
003134,2021-10-14,,2021-10-14,2021-10-14,p2,YYYY,2021.10.14,,2021.10.14까지,,2021-10-14,2021-10-14,4.83,0.161
003135,2021-10-14,,2021-10-14,2021-10-14,p1@640,YYYY,0 20100 22002 0200 220.21.2 02200 0 262 0 LDONG 96 0.com 25222463 020492.10 2.22,,         DONG디 :w d 리이 건한 간고받 :0202-20  ② ②  ② 2021.10.14까지,,2021-10-14,2021-10-14,2.96,1.099
003136,2022-11-09,,2022-11-09,2022-11-09,p2,YYYY,280 2022.11.09,, 2022.11.09,,2022-11-09,2022-11-09,1.68,0.281
003137,2022-11-09,,2022-11-09,2022-11-09,p2,YYYY, 6185 2022.11.09 30900.4,,칼슘비민DB 1품과습고형분3 2022.11.09 S상광0.4%,,2022-11-09,2022-11-09,2.01,0.415
003139,2022-01-09,,2022-01-09,2022-01-09,p1@640,YYYY,12 56 31 2022.01.09,,12:56 허공A 222.01.09,,2022-01-09,,2.21,0.268
003140,2021-07-12,2,2021-07-12,2021-07-12,p2,YYYY,2 0102 2021.07.12,2/0102 2021.07.12,프리미엄20 2021.07.12까지A,프리미엄20 2021.07.12까지A,2021-07-12,2021-07-12,2.56,0.51
003141,2021-07-12,2,2021-07-12,2021-07-12,p1keep/p1@640,YYYY,2/01202 sias 2021.01.13 2021.07.12,,프리미엄202 sias 2021.01.13A 엄2021.07.122A,,2021-01-13;2021-07-12,2021-01-13;2021-07-12,2.11,0.363
003142,2021-12-11,2,2021-12-11,2021-12-11,p2,YYYY,2021.12.11,2021.12.11,2021.12.11까지,2021.12.11까지,2021-12-11,2021-12-11,3.2,0.239
003144,2022-01-11,,2022-01-11,2022-01-11,p2,YY,22.01.11 22 19 facebook,22.01.1122 19 facebook,22.01:11 22:19 까지facebook.,|22.01:11 22:19 까지 facebook.,2022-01-11,,2.5,0.536
003145,2022-01-11,,2022-01-11,2022-01-11,p2,YY,22.01.11 22119,,22.01.11 22119,,2022-01-11,2022-01-11,1.58,0.141
003146,2021-04-22,,2021-04-22,2021-04-22,p2,YYYY,2021.04.22,2021.04.22,-2021.04.22,2021.04.22,2021-04-22,2021-04-22,2.73,0.22
003147,2021-04-22,,2021-04-22,2021-04-22,p2,YYYY,2021.04.22 09151,,2021:94.22 °09:54-,,2021-04-22,,2.2,0.266
003148,2022-01-14,,2022-01-14,2022-01-14,p2,YYYY,2022.01.14,2022.01.14,2022.01.14,2022.01.14,2022-01-14,2022-01-14,1.52,0.236
003149,2022-01-14,,2022-01-14,2022-01-14,p2,YYYY,2022.01.14,,2022.01.14,,2022-01-14,2022-01-14,1.81,0.116
003151,2021-12-10,,2021-12-10,2021-12-10,p2,YYYY,2021.12.10 08 81885 01/8,,2021-12-10 경영보  ,,2021-12-10,2021-12-10,2.13,0.448
003152,2021-06-30,,2021-06-30,2021-06-30,p2,YYYY,202.541337 2021.06.30,2022.541337 2021.06.30,아산B25박순록1337 2021:06.30까지,아간25박1337 2021:06.30까지,2021-06-30,2021-06-30,2.84,0.52
003153,2021-06-30,,2021-06-30,2021-06-30,p2,YYYY,202.541337 2021.06.30,,아212:56:3133식 2021-06.30까지,,2021-06-30,2021-06-30,3.58,0.293
003154,2021-07-11,,2021-07-11,2021-07-11,p2,YYYY,2021.07.11,2021.07.11,2021.07.11,2021.07.11,2021-07-11,2021-07-11,1.99,0.242
003155,2021-07-11,,2021-07-11,2021-07-11,p1@640,YYYY,2021.07.11,,2021.07.11,,2021-07-11,2021-07-11,1.97,0.112
003156,2021-10-26,,2021-10-26,2021-10-26,p1@640,YYYY,2021.10.26,,2021.10.26,,2021-10-26,2021-10-26,2.48,0.11
003157,2021-10-26,,2021-10-26,2021-10-26,p2,YYYY,2021.10.26,,2021.10.26,,2021-10-26,2021-10-26,2.23,0.118
003158,2021-04-25,,2021-04-25,2021-04-25,p2,YYYY,2021.04.25 1 R,2021.04.25 1 ,2021.04.25 까지 THE,2021.04.25 까지 THE,2021-04-25,2021-04-25,1.53,0.732
003159,2020-04-23,,2020-04-23,2020-04-23,p2,YYYY,2020.04.23,2020.04.23,2020.04.23,2020.04.23,2020-04-23,2020-04-23,3.32,0.227
003160,2021-06-13,,2021-06-13,2021-06-13,p2,YYYY,2 2021.06.13,5 2021.06.13,유통기한 기한2021.05-13까지,유통기한 기한2021-05:13까지,2021-06-13,2021-05-13,2.91,0.652
003161,2021-10-NONE,,2021-10-NONE,2021-10-NONE,ft/p2,MMYYYY,,,,,,,29.42,0.0
003162,2021-09-20,,2021-09-20,2021-09-20,p2,YYYY,2021.09.20,2021.09.20,2021.09.20,2021.09.20,2021-09-20,2021-09-20,2.35,0.246
003163,2021-02-16,,2021-02-16,2021-02-16,p2,YY_TAIL,           21.02.16 20.11.17 ,           21.02.16 20.11.17 ,           21.02.16까지 20.11.17부터 ,           21.02.16까지 20.11.17부터 ,2020-11-17;2021-02-16,2020-11-17;2021-02-16,3.09,1.704
003164,2021-02-09,,2021-02-09,2021-02-09,p2,YYYY,2021 02 09,2021 02 09,2021 02 09까,2021 02 09,2021-02-09,2021-02-09,1.34,0.229
003165,2021-09-17,,NONE,NONE,,,,,,,,,44.72,0.0
003166,2021-07-NONE,,2021-07-NONE,2021-07-NONE,p2,MMYYYY,07.2021 1392272 11.24,,07.2021 1L1392272 11:24,,2021-07-NONE,2021-07-NONE,2.89,0.383
003167,2021-10-10,,2021-10-10,2021-10-10,p2,DDMMYY,10.10.21,10.10.21,10.10.21,10.10.21,2021-10-10,2021-10-10,1.58,0.25
003168,2021-09-18,,2021-09-18,2021-09-18,p2,DMY4,18.09.2021 267 17.03,18.09.2021 267 17.03,18.09.2021 L:267 717:03,18.09.2021 L: 267 7 17:03,2021-09-18,2021-09-18,2.35,0.733
003169,2018-04-21,,2018-04-21,2018-04-21,p2,YY,8 a8 18/04/21, g 18/04/21,    18/04/21,    18/04/21,2018-04-21,2018-04-21,5.05,0.966
003170,2021-04-20,d,2020-04-21,2020-04-21,p2,YY,20-04-21,20-04-21,20-04-21,20-04-21,2020-04-21,2020-04-21,4.74,0.253
003172,2021-06-20,d,2020-06-21,2020-06-21,p2,YY,20-06-21,,20-06-21,,2020-06-21,2020-06-21,8.91,0.102
003173,2022-05-NONE,,2022-05-NONE,2022-05-NONE,p2,MMYYYY,05.2022,05/2022,05/2022,05/2022,2022-05-NONE,2022-05-NONE,2.04,0.209
003175,2021-03-18,,2021-03-18,2021-03-18,p2,YYYY,2021.03.18     0    ,2021.03.18     0    ,C2021.03.18까지    B     ,C2021.03-18까지    B     ,2021-03-18,2021-03-18,2.22,1.288
003176,2021-04-30,,2021-04-30,2021-04-30,p2,YYYY,2021.04.30,2021.04.30,2021.04.30,2021.04.30,2021-04-30,2021-04-30,1.63,0.214
003177,2021-03-25,,2021-03-25,2021-03-25,p2,YYYY,2021.03.25,2021.03.25,2021.03.25까지,2021.03.25까지,2021-03-25,2021-03-25,1.51,0.208
003178,2021-03-25,,2021-03-25,2021-03-25,p2,YYYY,2021.03.25,,2021.03.25지,,2021-03-25,2021-03-25,1.49,0.107
003179,2021-07-08,,2021-07-08,2021-07-08,p2,YYYY,2021.07.08 ,2021.07.08 ,2021.07.08 ,2021.07.08 ,2021-07-08,2021-07-08,1.83,0.618
003180,2021-07-08,,2021-07-08,2021-07-08,p2,YYYY,2021.07.08 8,,2021.07.08 ,,2021-07-08,2021-07-08,1.81,0.275
003181,2021-06-14,,2021-06-14,2021-06-14,p2,DMY4,14.06.2021 1398 S5A17.34,14.06.2021 1398 S5A17.34,14.06.2021 1398 S5A 17:34,14.06.2021 1398 S5A 17:34,2021-06-14,2021-06-14,2.92,0.69
003183,2021-03-26,,2021-03-26,2021-03-26,p2,YYYY,2021.03.26,,2021.03.26,,2021-03-26,2021-03-26,2.31,0.136
003184,2021-06-28,,2021-06-28,2021-06-28,p1keep/p1@640,MON_DY,ETSEDY282021,E SY  282021,BEST IF USED BY JUH 28 201,BEST IF USED BY JUH 28 2021,,,2.41,0.474
003185,2021-06-28,,2020-06-28,2020-06-28,p1@640,MON_DY, 2021 RDE00360,,"BEST FDO ""R DEO2",,,,1.39,0.317
003186,2021-10-21,2,2021-10-21,2021-10-21,p2,MON_DY,OCT.21.2021,OCT.21.2021,OCT.21.2021,OCT.21.2021,2021-10-21,2021-10-21,2.86,0.212
003187,2022-01-17,,2022-01-17,2022-01-17,p2,YYYY,2022.01.17  01   A/2 702  2,2022.01.17  01   A2 702  2,2022.01.17   부정·량품는번이 까지 라면가트 7들 떡 2,2022.01.17   ·품 까지 면가 7들 떡 2,2022-01-17,2022-01-17,1.91,1.268
003188,2022-01-17,,2022-01-17,2022-01-17,p2,YYYY,2022.01.17 0am 4 02 0 2 1,,2022.01.17     떡록,,2022-01-17,2022-01-17,1.75,0.531
003189,2022-08-16,,2022-08-16,2022-08-16,p1@640,MON_DY,PK03306 STAUG 16 2022,PK03306 STAUG 16 2022,PK03306 BES BY: AUG 16 2022,PK03306 BEST BY: AUG 16 2022,,2022-08-16,2.94,0.582
003191,2021-11-19,2,2021-11-19,2021-11-19,p2,YY,0  21.11.19,,0% 21.11.19,,2021-11-19,2021-11-19,3.01,0.274
003192,2021-11-19,2,2021-11-19,2021-11-19,p2,YY,61  0  21.11.19 20.11.20 ,,61% 0% 21.11.19 20.11.20D D,,2020-11-20;2021-11-19,2020-11-20;2021-11-19,2.63,0.468
003193,2021-07-13,,2021-07-13,2021-07-13,p2,YY_TAIL,21.07.1317.,21.07.137,21.07.13까지 A17:12,21.07.13까지 A17:12,2021-07-13,2021-07-13,2.11,0.278
003194,2021-07-13,,2021-07-13,2021-07-13,p2,YYMM_GLUE,21.07.1372,,21.0.13까지 AP,,2021-07-13,,1.57,0.131
003195,2021-12-13,,2021-12-13,2021-12-13,p2,YYYY,2021.12.13,,2021.12.13,,2021-12-13,2021-12-13,1.34,0.102
003196,2022-11-05,,2022-11-05,2022-11-05,p2,MON_DY,EP NOV 05 2022,,Exp: EXP NOU 05 2022,,2022-11-05,,2.86,0.111
003198,2025-10-12,,2025-10-12,2025-10-12,p2,DMY4, EST ACH 952546 12.10.2025, R CH 952546 12.10.2025, ESE RACH 952546 2102025, SE RACH 52546 12.102025,2025-10-12,2025-10-12,2.56,0.911
003199,2025-10-12,,2025-10-12,2025-10-12,p2,DMY4,  50 215212 27 2511 01204 20142 21 -021  952546 12.10.2025,,  서 일하세가 보시 하건한보관 반품및교한장소:구입처 은 도에서 통정현상으로 전이 생접 경험상 에서 일정 간 보관시 는없습니며 유 보관방법:사광,,2025-10-12,,2.33,0.825
003200,2022-09-21,,2022-09-21,2022-09-21,p2,DMY4,21.09.2022,,21.09.2022,,2022-09-21,2022-09-21,2.13,0.115
003201,2022-09-21,,2022-09-21,2022-09-21,p2,DMY4,21.09.20222,,21.09.2022,,,2022-09-21,2.16,0.111
003202,2021-10-NONE,,2021-10-NONE,2021-10-NONE,p2,MMYYYY,E10/2021,,EXP 10/2021,,2021-10-NONE,2021-10-NONE,1.63,0.116
003203,2021-10-NONE,,2021-10-NONE,2021-10-NONE,p1@640,MMYYYY,10/2021 LOT 93042,,ERP 90221 LOT 93042,,2021-10-NONE,,1.28,0.304
003205,2023-06-26,,2023-06-26,2023-06-26,p1@640,YYYY,re220230626,,Best efoare20628,,,,1.08,0.108
003206,2021-04-13,,2021-04-13,2021-04-13,p2,YYYY,2021.04.13,,|2021.04.13,,2021-04-13,,2.16,0.129
003207,2021-07-20,,2021-07-20,2021-07-20,p2,YYYY,2021.07.2021 1,2021.07.20211,2021.07.20 21:14 ,2021.07.20 21:1↑ ,2021-07-20,2021-07-20,2.06,0.508
003208,2021-07-20,,2021-07-20,2021-07-20,p2,YYYY,4 2 597 2021.07.20 021.14,, 가  2021-07.-20 021:1,,2021-07-20,2021-07-20,1.74,0.498
003209,2022-12-02,,2022-12-02,2022-12-02,koline,YYYY,E2022/12/02,E2022/12/02,EP22122,EP22122,2022-12-02,,15.33,0.551
003210,2022-12-02,,2022-12-02,2022-12-02,p1@640,YYYY,2022/12/02 10 80100500703 15  82.59 E 15 m  2059  09 283 0 200 82509  OTHER  63.,,EMP:202212/02  8 단백 150 레스테0 지방259 15mg 205 지랜스지방0으 포화지장방으으 2022  273 총내용람2509 0,,2022-12-02,2022-12-02,2.86,1.619
003211,2021-08-11,,2021-08-11,2021-08-11,p2,MON_DY,2005c l BEST BY AUG 11 2021  Peach,2005c  BEST BY AUG 11 2021  Peach,1oouice  BEST BY ALG 11 20E1  복승안 Peach,1ooice 는 BEST BY ALIG 11 20E1 복승안 Peach,2021-08-11,,2.31,1.201
003212,2022-08-25,,2022-08-25,2022-08-25,p2,YYYY, Lo2392871 2022/08/25    506   2   0 5  0 0O00     0 2-     20d  20, Lo2392871 2022/08/25    20   2   10 5  0 O00    1 4 221     2  , Lot:2392871 Ep2022/08/25      인    너     남육    (> JOHo 으 H      , Lot:2392871 Ep2022/08/25      인         부    $ JoHo 으 H      ,2022-08-25,2022-08-25,3.48,3.271
003213,2024-01-12,,2024-01-12,2024-01-12,p2,DDMMYY, 12/01/24    , 12/01/24    ,     ,     ,2024-01-12,,5.0,0.952
003214,2024-01-12,,NONE,NONE,,,,,,,,,16.87,0.0
003215,2022-10-13,,2022-10-13,2022-10-13,p2,YYYY,B0st B2Fore 2 0288LUR 20.05.47 2022.10.13,BOst BaFore 2 O28BLUR 20 05147 2022.10.13,김으오Far 2 O28LU 20S -2022.10.13,금으For 2 O288LUF 26:05:47 -2022.10.13,2022-10-13,2022-10-13,2.06,0.989
003216,2022-01-15,,2022-01-15,2022-01-15,p2,YYYY,518/288 AK SEBELU A  2022.01.15,51828 AK SEBELU  2022.01.15, 208 BAIK SEBELUM:  2022.01.15,2 BAIK SEBELUM:  2022.01.15,2022-01-15,2022-01-15,2.98,0.962
003217,2022-01-15,,2022-01-15,2022-01-15,p2,YYYY,470 m8.84 EMR 2022.01.15,,470   2022.01.15,,2022-01-15,2022-01-15,3.67,0.477
003218,2021-03-16,,2021-03-16,2021-03-16,p2,DMY4,16.03.2021,16.03.2021,16.03.2021,16.03.2021,2021-03-16,2021-03-16,3.01,0.237
003219,2021-03-16,,2021-03-16,2021-03-16,p2,DMY4,16.03.2021,,16.03.2021,,2021-03-16,2021-03-16,4.65,0.107
003220,2021-09-13,,2021-09-13,2021-09-13,p2,YYYY, 2021 09 13 , 2021 09 13 , 2021 09 13 , 2021 09 13 ,2021-09-13,2021-09-13,1.75,0.667
003221,2021-03-08,2,2021-03-05,2021-03-05,p2,YYYY, LOTTEMar 202920.005 01020.0.8.31003018 5  2021.03.055  002131488349 1 2 3.05202,, LOTTEMart 3209 93  포장일자 201.3.05 원) 00213148839   3.520103.8% 유기한 보앗고 국인용 100당(,,2021-03-05;2021-05-03,,2.95,1.329
003222,2022-06-14,,2022-06-14,2022-06-14,p2,Y_MON_D,2022/JUN/14,2022/JUN/14,2022/JUN/14,2022/JUN/14,2022-06-14,2022-06-14,2.44,0.226
003223,2022-06-14,,2022-06-14,2022-06-14,p2,Y_MON_D,12460 A3.9 2022/JN/1,,1124696001329 2022/JUN/14,,2022-09-03,2022-06-14,2.15,0.331
003227,2022-01-29,,2022-01-29,2022-01-29,p2,YYYY,/ 2022.01.29 ,,등기한 한:2022.01.29 까지,,2022-01-29,2022-01-29,2.51,0.407
003229,2022-07-NONE,,2022-07-NONE,2022-07-NONE,p2,MMYYYY,EST BY 07/2022 006,EST BY 07/2022 0068,722 ,ESTB07202 0,2022-07-NONE,,2.1,0.245
003230,2022-03-28,,2025-02-28,2025-02-28,ft/p2,DMY4,,,,,,,15.81,0.0
003231,2021-04-04,,2021-04-04,2021-04-04,p1keep/p1@640,YY,21.04.04,21.04.04,2104.04 UCa,2104.04 UCa,2021-04-04,2021-04-04,2.13,0.244
003232,2021-09-21,,2021-09-21,2021-09-21,p2,YY,21.09.21,21.09.21,21.09.21,21.09.21,2021-09-21,2021-09-21,1.78,0.247
003233,2021-09-21,,2021-09-21,2021-09-21,p2,YY,21.09.21,,21.09.21,,2021-09-21,2021-09-21,1.37,0.111
003235,2022-11-NONE,,2022-11-NONE,2022-11-NONE,p2,MMYYYY,1/2022-103101,,1202-103190112,,2022-01-NONE,,2.21,0.117
003236,2021-03-30,,2021-03-30,2021-03-30,p2,YYYY,2021.03.30,2021.03.30,2021.03.30까지 장연기E|,2021.03.30까지 장연가 EE|,2021-03-30,2021-03-30,1.53,0.213
003237,2021-03-30,,2021-03-30,2021-03-30,p2,YYYY,2021.03.30.,,2021.03.30까지 장연가.EE|,,2021-03-30,2021-03-30,1.64,0.11
003239,2021-11-06,2,2021-11-06,2021-11-06,p2,DMY4,EXD06.11.2021,EXD06.11.2021,EXD: 06.11.2021,EXD: 06.11.2021,2021-11-06,2021-11-06,4.55,0.462
003240,2021-11-06,2,2021-11-06,2021-11-06,p1keep/p1@640,DMY4,04.112202 04.11.2031 134101230,,PRD: 0.1120 1 ,,2031-11-04,,2.45,0.424
003241,2022-01-28,,2022-01-28,2022-01-28,p2,DMY4,.28-01-2022L0197,.28-01-2022.L0197,EXP.28-01-2022 L0197,EXP.28-01-2022 L0197,2022-01-28,2022-01-28,3.98,0.485
003242,2022-01-28,2,2025-01-22,2025-01-22,p2,YY,2-01-22,,8,,,,2.48,0.122
003243,2021-07-NONE,,NONE-07-21,NONE-07-21,p1@640,MMDD,ELAH.DUFOUR a MADE IN ITAL 166206 07-21,ELAH.DUFOUR a MADE IN ITAL 166206 07-21,"ELAH-DUFOURS.A  ""MADE IN ITALY 2i 2",ELAH·DUFOURS.DA    MADE IN ITALY G2e 7-21,NONE-07-21,,5.48,1.098
003244,2021-07-NONE,,NONE-07-21,NONE-07-21,blur1/p1@640,MMDD,AUFOUR A0. ADE 07-21 22246,,ELAH-DUOURSpA ELAH- DUOR MAOENTAY 07-21 La2U,,NONE-07-21,NONE-07-21,9.85,0.499
003245,2021-09-20,2,2020-09-20,2020-09-20,p2,DMY4,250 50   0  208/  r0.20.09.2020    2026m 2026.28 STORCK ,,250  25 inh      Prod20 0049A        STORCK ,,2020-09-20,,2.88,0.966
003247,2023-01-17,,2023-01-17,2023-01-17,p2,YYYY,2023.01.17,,2023.01.17,,2023-01-17,2023-01-17,10.68,0.191
003249,2023-02-01,,2023-02-01,2023-02-01,p2,YYYY,2023.02.01,2023.02.01,2023.02.01,2023.02.01,2023-02-01,2023-02-01,2.11,0.213
003250,2023-02-01,,2023-02-01,2023-02-01,p2,YYYY,2023.02.01 2,,2023.02.01 2까지F2,,2023-02-01,2023-02-01,2.31,0.314
003251,2023-04-NONE,,2023-04-NONE,2023-04-NONE,p2,MMYYYY,04/20235011,04/20235011,04/2023L501,04/2023L501,,2023-04-NONE,2.67,0.227
003252,2023-04-NONE,,2023-04-NONE,2023-04-NONE,p2,MMYYYY,204/2023,,384/202,,,,2.32,0.135
003253,2020-10-20,,2020-10-20,2020-10-20,p2,DMY4,20 10 2020,20 10 2020,D:20 10 2020,D:20 10 2020,2020-10-20,2020-10-20,2.78,0.245
003254,2021-11-05,,2021-11-05,2021-11-05,p1@640,YYYY, 2021.11.05    , 2021.11.05    , 20211.0    , 20211.05    ,2021-11-05,,1.4,1.031
003256,2022-04-01,,2022-04-01,2022-04-01,p2,YYYY,20    Sauer UF 28998 2022.04.01       30 0 ,    Saur UF 28998 2022.04.01   0    10 0 20,    sauer UF  2022.04.01   h  Y  o 0 ,    sauer UF  2022. 04.01   tre  4  o 0 ,2022-04-01,2022-04-01,3.01,2.002
003257,2022-04-01,,2022-04-01,2022-04-01,p2,YYYY, sauer 2022.04.01 2500  102 2 0,, sauer 2022. 04.01 S90   O ,,2022-04-01,2022-04-01,2.5,0.611
003258,2021-07-28,,2021-07-28,2021-07-28,p1@640,DMY4,soge 1.7602 e 28 07 2021 35021 Daomsas. AMATURA RICICA  AS/A APAOE EO MUN /,,5oge 1.760z e  28 07 2021 3528 Becansumaspnt LANATURATFABENEE BICIGLAM!! icd A5 ,,2021-07-28,2021-07-28,2.45,0.965
003259,2022-02-10,,2022-02-02,2022-02-02,ft/p2,DMY4,,,,,,,25.91,0.0
003260,2022-07-29,,2022-07-29,2022-07-29,p2,YYYY,ocnaWaf Coca CreamFlavor BesBefore 2022.07.29,ccaWaf CocaCreamFlaor esBefore 2022.07.29,CoenaWafo Cocoa Cream lavor Best Before: 2022.07.29,CoenaWafo Cocoa Cream Flavor Best Before: 2022.07.29,2022-07-29,2022-07-29,1.31,0.834
003261,2022-07-29,,2022-07-29,2022-07-29,p2,YYYY,occa ocoaCreamFlavor 2022.07.29,,Coenaon Coca Cream Flavor 2022.07.29,,2022-07-29,2022-07-29,1.37,0.366
003262,2021-06-10,,2021-06-10,2021-06-10,p2,YYYY,EP 08TE.2021-06-10,EP 0ATE.2021-06-10,EP DHE 2021-0-10,EP DHIE.2921-06-10,2021-06-10,,2.93,0.466
003263,2021-05-27,,2021-05-27,2021-05-27,p2,YYYY,30 EXP2021.05.27 Y100,30 EXP2021.05.27YP10,) EXP:2021.05.27 YP10D, -EXP:2021.05.27YP10D,2021-05-27,2021-05-27,2.21,0.787
003264,2021-09-13,,2021-09-13,2021-09-13,p2,YYYY,2021/09/13,2021/09/13,EXP:2021/09/13A1,EXP:2021/09/13A1,2021-09-13,2021-09-13,1.98,0.511
003265,2021-10-06,,2021-10-06,2021-10-06,p2,YYYY,5 2021.10.06, 2021.10.06,SW BB 2021.10.06,SW *BB 2021.10.06,2021-10-06,2021-10-06,1.88,0.565
003267,2022-05-05,,2022-05-05,2022-05-05,p2,DMY4,ENERIVESIN OGLER ENERGVNUNO ALAG TAPER aatrborate/e/ 2ir/39 a 516/2155 100g 319 ,ENERVBESIN OGELER ENERGNUON ALAGSTAPER aCarboate/hdra /2ir/3 a 516/2155 100g 519,ENERJIVE BESIN GERTALOS ENERGY E NONRON FATS-ER ATLAGO TAPERTEKA Kab.d at/Carboh,ENERIV BESIN OGERTABLOSU ENERGV E NSNRO FATS-1 ATLAGO TAPERTEKA Kabd at/Carbohyd,2022-05-05,2022-05-05,6.75,4.911
003268,2022-05-05,,2022-05-05,2022-05-05,p2,DMY4,URON ATAGOSTAPERE  /  . Rost  516/2155 100g- 01/P TAT/ 6 N/ 698701-01384 05/05/2,,ENERGYB NUTRTION FACTS- Pef ATLAGO TPERTEK AC eeg la /sat/S01-    Pre e Rat u D ,,2022-05-05,2022-05-05,3.52,1.373
003269,2022-01-28,,2022-01-28,2022-01-28,p2,DMY4,28.01.2022,28.01.2022,2112022,28112022,2022-01-28,,3.86,0.224
003270,2021-10-31,,2021-10-31,2021-10-31,p1@640,DMY4,31 10 2021  0,31 10 2021  ,3110 2021 6,3110 2021 6,2021-10-31,,2.44,0.654
003271,2021-07-07,,2021-07-07,2021-07-07,p2,DMY4, .on. CI 26002102..8m.0 Besbefore07.07.2021 16.00 Keep.rerige.ate .100198133 Emi,, proit ot  Ene Bee A Cy  o Prodoo2 Lunen ww ammi com Best before: 07.07.2021 18:,,2021-07-07,2021-07-07,5.03,1.126
003272,2021-05-03,,2021-05-03,2021-05-03,p2,YYYY,2021.05.03,2021.05.03,2021.05.03까지,2021.05.03까지,2021-05-03,2021-05-03,3.84,0.274
003273,2021-05-03,,2021-05-03,2021-05-03,blur1/p1@640,YYYY,2021.050. Chs,,202.0.03 i Chere,,,,9.86,0.272
003274,2021-08-20,,2021-08-20,2021-08-20,p2,YYYY,1 estBefore2021/08/20,1s estBefore2021/08/20,  Best Before 2021/08/20.,  Best Before 2021/08/20,2021-08-20,2021-08-20,2.26,0.554
003275,2021-10-10,,2021-10-10,2021-10-10,p2,DDMMYY,10.10.21 311-130 028331 0004,10.10.21 311-130 028231 0004,10.10.21 311-13002331004,10.10.21 311-13002323±004,2021-10-10,2021-10-10,3.48,0.637
003276,NONE-04-10,,NONE-04-10,NONE-04-10,p2,MMDD,04.10,04.10,04.10,04.10,NONE-04-10,NONE-04-10,1.61,0.236
003277,NONE-04-05,,NONE-04-05,NONE-04-05,p2,MMDD,04.05,04.05,04.05,0405,NONE-04-05,NONE-04-05,2.21,0.203
003278,2023-10-02,,2023-10-02,2023-10-02,p2,DDMMYY,alidad Lote N12021020 02/10/23,Validade Lote N12021020 02/10/23,Validade: Lote: N12021020B 02/10/23,Validade: Lote: N12021020B 02/10/23,2023-10-02,2023-10-02,2.45,0.817
003279,2023-10-02,,2023-10-02,2023-10-02,p1@640,DDMMYY,N12021020 02/10/23,,N12021020B N0200123,,2023-10-02,,1.31,0.247
003280,2023-07-31,,2023-07-31,2023-07-31,p2,DMY4,31/07/2023 3152717 3,,31/07/2023 -5152717 ,,2023-07-31,2023-07-31,3.18,0.361
003281,2021-10-15,,2021-10-15,2021-10-15,p2,YYYY,2021.10.15,2021.10.15,2021.10.15,2021.10.15,2021-10-15,2021-10-15,1.06,0.2
003282,2022-12-21,,2022-12-21,2022-12-21,p2,YYYY,2022.12.21,2022.12.21,"2022.12,21","2022.12,21",2022-12-21,,1.15,0.169
003283,2021-09-10,,2021-09-10,2021-09-10,p2,YYYY, 2021.09.10,,DUAS 2021.09.10까지,,2021-09-10,2021-09-10,13.74,0.497
003284,2021-09-10,,2021-09-10,2021-09-10,p2,YYYY,2A3.181228 2021.09.10,,안양2A3구회원 12 2021.09.10까지,,2021-09-10,2021-09-10,2.53,0.299
003286,2021-08-06,2,2021-08-06,2021-08-06,p2,YYMM_GLUE,HACE OTHER  21.08.06 21.03.07 609053 05.16 ,,HACCP OTHER  21.08.06 21.03.07 S609053 05:16 부터,,2021-03-07;2021-08-06,2021-03-07;2021-08-06,3.08,1.068
003288,2021-09-25,2,2021-09-25,2021-09-25,p2,YYYY,801117104603 2021.09.25 2021.01.26/013 4,,8801117/104603 2021.09:23 2021.01.2/01:33 ,,2021-01-26;2021-09-25,2021-01-02,3.42,0.58
003289,2022-01-31,2,2022-08-10,2022-08-10,p2,DMY4,15.5  1 0332828204.29 20 13g 24  47  M/0A 72 E 10 2021.02.010.08 2022.01.31 m,,15m5 81 03m28B2041m29%  13824%808 48 7%A 72 10유 2021.02.01/10:08 2022.01.31 까지,,2021-02-01;2022-01-31,2021-02-01;2022-01-31,3.61,0.843
003290,2022-12-22,,2022-12-22,2022-12-22,p2,YYYY,2022.12.22,2022.12.22,2022.12.22/P,2022.12.22/P,2022-12-22,2022-12-22,2.54,0.265
003291,2022-12-22,,2022-12-22,2022-12-22,p2,YYYY,2022.12.22,,2022.12.22/P,,2022-12-22,2022-12-22,1.13,0.129
003294,2021-07-26,,NONE,NONE,,,,,,,,,26.85,0.0
003296,2021-11-26,2,2021-11-26,2021-11-26,p1@640,DMY4,FON  T01963 O O3n  THIT  26/11/2021 26/11/2020,,ON  IUTU19833 CON GEUREOR HoangGi PHTITGAA EP: 261/2021 K EP:26/11/200,,2020-11-26;2021-11-26,,1.66,0.552
003297,2021-10-21,,2021-10-21,2021-10-21,p1@640,YYYY,2021.10.21,2021.10.21,2021.10.2까지(원주B)(5),2021.10.2까지(원주B)(),2021-10-21,2021-10-02,1.62,0.203
003298,2021-10-21,,2021-10-21,2021-10-21,p1@640,YYYY,2021.10.2,,221.0.2,,2021-10-02,,1.16,0.097
003299,2022-10-NONE,,2022-10-NONE,2022-10-NONE,p2,MON_Y,Oct 2022,Oct 2022,Oct 2022,Oct 2022,2022-10-NONE,2022-10-NONE,4.15,0.454
003300,2023-06-11,,2023-06-11,2023-06-11,p2,YYYY,2023/06/11,2023/06/11,2023/06/11,2023/06/11,2023-06-11,2023-06-11,1.98,0.22
003301,2023-04-21,,2023-04-21,2023-04-21,p1@640,DMY4,ess21-04-2023,es21-04-2023,BBestifuseidnf re 21023,BBestifusedne re: 1-023,2023-04-21,,1.21,0.307
003302,2023-02-06,,2023-02-06,2023-02-06,p2,YYYY, 1 www.tfood.go.kr 4 1  2023.02.06 2100270  20 0 080-9773308 012  70124,  www.tfood.go. 4 1  2023.02.06 2100270  20 010 080-9773308 02  7012,"·제조번호: ·유통기한: abis?""www.tfood.go.kr""'에서 식품이력추적 관리번호를 입력하시면건강기능식품의 2정보를 확인하실수있습니다","·제조번호: ·유통기한: abis""www.tfood.go.kr""'에서 식품이력추적 관리번호를 입력하시면건강기능식품의 2정보를 확인하실수있습니다.",2023-02-06,2023-02-06,3.77,3.089
003303,NONE,,NONE,NONE,,,,,,,,,20.33,0.0
003306,2020-09-01,,2020-09-01,2020-09-01,p2,YYYY,2020-09-01,2020-09-01,2020-09-01,2020-09-01,2020-09-01,2020-09-01,4.82,0.258
003309,2020-08-29,,2020-08-29,2020-08-29,p2,MON_DY, AUG292020 22082926, AUG292020 22082926,LE AUG292020 Z2082926A,LE AUG292020 22082926A,2020-08-29,2020-08-29,1.76,0.776
003310,2020-08-29,,2020-10-04,2020-10-04,p2,YYYY, 22082926 AUG292020 10.48,,E 220829268 AUG292020 10:486,,2020-08-29,2020-08-29,1.64,0.402
003312,2021-03-11,2,2021-03-NONE,2021-03-NONE,erode2/p1@640,MMYYYY,2a2 112.2049,, B,,,,3.18,0.342
003314,2021-07-05,,2021-07-05,2021-07-05,erode3/p1@640,YY,T20,,,,,,6.45,0.17
003316,2022-02-07,,2022-02-07,2022-02-07,p2,YYYY,E 2022 02 07,E 2022 02 07,BBE 2022 02 07,BBE 2022 02 07,2022-02-07,2022-02-07,3.14,0.206
003317,2022-02-07,,NONE,NONE,,,,,,,,,12.31,0.0
003318,2021-10-20,,2021-10-20,2021-10-20,p1@640,YYYY,EXP2021.0.20,EXP20210.20,EXP:20210.20,EXP:20210.20,,,1.75,0.269
003321,2021-09-01,,2021-09-01,2021-09-01,p1@640,YYYY,2021.09.0 01 .01  ,2021.09.0 01 .01  ,2021.09.0 이 01표지A  A,2021.09.0 이 01표지A  A,,,1.92,0.906
003323,2021-05-24,,2021-05-24,2021-05-24,p2,MON_DY,USEBY MAY 24 21 ,USEBY MAY 24 21N,USE BY MAY 24 21 NC,USE BY MAY 24 21 NC,2021-05-24,2021-05-24,2.7,0.5
003325,2021-06-01,,2021-09-02,2021-09-02,p1keep/up2/p1@1280,YYYY,0-2021-9-02-16103-1 HORMONE NO,0-2021-9-02-16103-0 HORMONE NO ,-2021-8-02-161-- HORNONE NO rb,-2021-8-02-161-- HORNONE NO rb,2021-09-02,2021-08-02,27.35,0.997
003326,2024-06-05,,NONE,NONE,,,,,,,,,40.18,0.0
003327,2024-06-05,,2026-02-08,2026-02-08,blur1/p1@640,SP_DMY,02269 NET W,,80 (Z) ONETWT,,,,7.78,0.377
003328,2021-12-26,,2021-12-26,2021-12-26,p2,YYYY,2021.12.26 07 36,2021.12.26 07 36,2021.12.26 07:36,2021.12.26 07:36,2021-12-26,2021-12-26,1.71,0.275
003329,2021-12-26,,2021-12-26,2021-12-26,p2,YYYY,2021.12.26 07,,202112426 0P,,2021-12-26,,1.22,0.113
003330,2021-11-03,,2021-11-03,2021-11-03,p1keep/p1@640,YYYY,2021.11.03,2021.11.03,EXP: 2021. 11.03,EXP :2021. 11.03,2021-11-03,2021-11-03,4.3,0.552
003331,2021-11-03,t,2021-11-03,2021-11-03,p1@640,YYYY,2021.11.03,,EXP : 2021.11.03,,2021-11-03,2021-11-03,3.14,0.269
003332,2021-04-29,,2021-04-29,2021-04-29,p2,MON_DY,ESYAPR/29/21 10-00FL60,ESTYAPR/29/2110 00FL60,IBEST BYHR/2/21 M:OFLDN,IBEST BY APR/29/21 DO0FLDN,,2021-04-29,2.14,0.465
003334,2021-10-30,,2021-10-30,2021-10-30,p2,DMY4,30.10.2021,,30410.2021,,2021-10-30,,1.73,0.097
003335,2021-07-02,,2021-07-02,2021-07-02,p2,YYYY,1137L20184 2021/07/02,1137L20184 2021/07/02,11:37 L20184 2021/0702,11:37 L20184 2021/0702,2021-07-02,2021-07-02,1.06,0.285
003336,2021-07-02,,2021-07-02,2021-07-02,p1@640,YYYY,1137L2018420/7/02,,117 L2018 20210,,,,1.11,0.11
003337,2021-06-01,,NONE-06-01,NONE-06-01,p1@640,MMDD,20206/01 2a46  3/3  ,20206/01 246  32/2.2  0,20205/01  다  기 |부정량 제에이,2006/01   결기중에요 |부정량품 에 의,,,2.68,0.868
003338,2021-06-01,,NONE-06-01,NONE-06-01,erode3/p1@640,MMDD,202.06/01,,20E06/01,,,NONE-06-01,7.39,0.377
003339,2022-01-24,,2022-01-24,2022-01-24,p2,DMY4,NOPIT PEIC .liive     N N30507 09 24/01/2022 esefore,NOPIT ED IC ive     EN/AN2D N30507 09 24/01/2022 esefore,NOPIT CE IT TYOUVES gdiest  urconp tralanes t ualaers. DRONR CKNRANDRASA N305 07,NOPIT REN ITE SYOUVES giies st  coptra lae t. l ilaves.  ROA DRIWDAS N305 07:09 ,2022-01-24,2022-01-24,4.1,2.039
003340,2022-09-29,,2022-09-29,2022-09-29,fullres/p1@1024,D_MON_Y,29/SEP/2022 ,29/SEP/2022 ,29/EP/2022 PL,29/EP/2022 PL,2022-09-29,,8.29,0.548
003341,2022-09-29,,2022-09-29,2022-09-29,blur1/p1@640,D_MON_Y,2906/20 20252022 29//2022 29/5202   273 22.07,, 088230227 008202    273 22:07,,2029-06-20,,6.92,0.547
003342,2023-12-30,,2023-12-30,2023-12-30,p2,SP_DMY,30 12 23,30 12 23,30 12 232,30 12 232,2023-12-30,,1.08,0.23
003343,2023-12-30,,2023-12-30,2023-12-30,p2,SP_DMY,30 12 23,,30 12 232,,2023-12-30,,3.0,0.111
003344,2026-09-11,,2026-09-11,2026-09-11,p2,YYYY,2026.09.11,2026.09.11,226.09.,2026.09.11,2026-09-11,2026-09-11,1.67,0.318
003347,2027-09-01,2d,2025-09-01,2025-09-01,p2,CMP6_DMY,2 RO 010925 47,2 PRO 010925 47, PRD 010925 , PRD 010925 ,2025-09-01,2025-09-01,1.21,0.715
003348,2027-07-13,d,NONE-07-27,NONE-07-27,p2,MMDD,MF213/07 M613/07 ,MFG13/07 F13/072 2,HFE1307 F13227 ,MFE130 F122 글,,,14.78,0.873
003349,2025-12-10,2,2025-12-10,2025-12-10,p2,YY_TAIL,  20 5.2.101,5  40 5.12.101,품명 참고소한제육발고 고시지 감,품명 참고소한제육발시 고소시지 (강년1시,,,4.73,0.854
003350,2025-12-10,2,2025-12-10,2025-12-10,p1keep/p1@1024,YY_TAIL,  0 5.12.1010,  0 5.12.1010,품명 참고소한제육델탑고 고소임지 강,품명 참고소한제육발 고소시지 (신김해하시지,,,5.21,0.763
003351,2025-12-10,,2025-10-22,2025-10-22,erode3/p1@1024,YYMM_GLUE,252.03.0 2.10.222,,BB 2,,,,9.25,0.313
