image_id,label,tags,cur,reread,rvote,ymsep,both,t_fired,n_lines,sec,sec_reread,dbg
000160,2026-10-27,2,2025-04-02,2025-04-02,2025-04-02,2025-04-02,2025-04-02,0,0,,0.0,
000233,2028-01-13,,2021-01-22,2021-01-22,2021-01-22,2021-01-22,2021-01-22,0,0,,0.0,
000242,2026-05-21,2,2025-09-22,2025-09-22,2025-09-22,2025-09-22,2025-09-22,0,0,,0.001,
000266,2025-12-04,b,NONE,NONE,NONE,NONE,NONE,0,1,,0.255,'205:12.0476 ' → word:'205.12.047' | mid:'G205.12.047' | line:'205.12.047'
000468,2026-04-06,?,NONE,2026-04-06,2026-04-06,NONE,2026-04-06,0,1,,0.19,'E060-2026' → word:'E06 04-2026' | mid:'E0604-2026' | line:'E06 04-2026'
000582,2025-11-21,,2025-01-21,2025-01-21,2025-01-21,2025-01-21,2025-01-21,0,1,,0.208,'20251.21 JETL-F1' → word:'20251.21 JHT F1' | mid:'20251.21 JET F1' | line:'20251.21 JHT F1'
000592,2025-03-25,2,2023-03-26,2023-03-26,2023-03-26,2023-03-26,2023-03-26,0,1,,0.538,'/PR/1443/995 479600412317981' → word:'PR/1443/995 .47960041231798' | mid:'PR/1443/995 .4796004231798' | line:'PR/1443/99547960041231798'
000596,2026-08-13,,2025-08-14,2026-08-13,2025-08-14,2025-08-14,2026-08-13,0,1,,0.341,'2026:08:13.81 7025.08.14  QX ' → word:'12026  08 13.81 2025.08.14 A ' | mid:'2026 08 13.81 2025.98.14 EX ' | line:'8.1'
000604,2026-09-15,,NONE,NONE,NONE,NONE,NONE,0,3,,1.044,'SHTEU 101 41080-024-606    0. 1501021 420   ' → word:'EACIEU 19 2414080-024-606 200 712010271 E0 R' | mid:'EACIEU 191 724X14080-024-606 20 71201027 7E0 ' | line:'20' ## '2026.19.15 B1 71 888010' → word:'202619.5 B1 7EX1 818010' | mid:'2026.19.15 Bi 71X1 8188010' | line:'21' ## '24T 080-024-606' → word:'4 14080-024-6062' | mid:'7214080-024-606' | line:'4 14080-024-6062'
000686,2026-10-12,2,2025-10-12,2025-10-12,2025-10-12,2025-10-12,2025-10-12,0,0,,0.0,
000764,2026-03-12,,NONE,NONE,NONE,NONE,NONE,0,1,,0.249,'2025:65.12 01:21' → word:'2025 65.12 91 21' | mid:'2026.65.12 91 21' | line:'2021 61.12'
000765,2025-11-21,,NONE,NONE,NONE,2025-11-21,2025-11-21,1,1,16.69,0.205,'2025011:21' → word:'2020121' | mid:'202 0 121' | line:'2020121'
000832,2026-07-16,b,2025-07-15,2025-07-15,2025-07-15,2025-07-15,2025-07-15,0,0,,0.0,
000918,2021-09-17,,2020-04-20,2021-09-17,2021-09-17,2021-09-17,2021-09-17,1,2,5.1,0.38,'Bread irden OE 202109.17 809409690124 C' → word:'Bread arden 1 202109.17 8809409690124 C' | line:'GBreed' ## '202109.17' → word:'2021.09.17' | line:'2021.09.17'
000977,2021-11-03,,2020-11-03,2020-11-03,2020-11-03,2020-11-03,2020-11-03,0,0,,0.0,
001253,2021-08-19,,2021-08-11,2021-08-11,2021-08-11,2021-08-11,2021-08-11,0,0,,0.0,
001387,2021-07-17,,2021-07-07,2021-07-07,2021-07-07,2021-07-07,2021-07-07,0,0,,0.001,
001395,2021-09-01,,NONE,2021-09-01,NONE,NONE,2021-09-01,0,1,,0.325,'202109.0 MeJ Q9ES' → word:'2021090 1E QHE3' | line:'20210901'
001435,2021-10-04,,2021-02-18,2021-02-18,2021-02-18,2021-10-04,2021-10-04,1,2,9.82,0.394,'14:1888 2 202110.04 A 315' → word:'14.1 2 202110.04  38' | line:'' ## '14:18834 202110.04' → word:'14 1 202110.04' | line:'20214'
001452,2022-09-13,,2021-08-07,2021-08-07,2021-08-07,2022-09-13,2022-09-13,1,3,2.16,0.35,'080-781-1948' → word:'080-781-1948' | line:'080-781-1948' ## ':20-139-002' → word:'20-19-002' | line:'20-19-002' ## '48   202209.13x ' → word:'489882 7 202209.137' | line:'0'
001511,2023-12-01,,NONE-03-22,NONE-03-22,NONE-03-22,2023-12-01,2023-12-01,1,2,7.12,0.962,'n       15701 3 0       n r  3  H   e 660 200 20232.01 AE 94  8652 C  P94      PLO1002003562' → word:' 4  A  R A  H    w    A. w    660 20.0 202.01 04 882   K94     a  e   PLO0203562' | line:'' ## ' A 9   01 8098/  BXB8 U 4 BiEME SEEEHORE 660200 202312.0L  AS  AE SA  HA S 2 PL01002003562 T84 S8E' → word:' . 8A      8    660 202 20  12.01.               L10003562  4 26.' | line:' '
001520,2021-07-08,,2021-07-10,2021-07-10,2021-07-10,2021-07-10,2021-07-10,0,1,,0.286,'2021.97.08 10:09 71 x ' → word:'2031.97.08 46.85 7x1' | mid:'2021.97.08 76 85 7x1' | line:'2021 85.08'
001627,2021-07-03,,2022-07-05,2022-07-05,2022-07-05,2022-07-05,2022-07-05,1,1,2.32,0.207,'787181 202107.03 12:20' → word:'87121 2022.07.05 1  20' | line:'207.05'
001644,2021-10-16,,2021-10-15,2021-10-15,2021-10-15,2021-10-15,2021-10-15,0,0,,0.0,
001832,2022-09-02,2,2020-09-02,2020-09-08,2020-09-02,2020-09-02,2020-09-08,0,1,,0.286,'00100  2022.09.0 BUK26 2309' → word:'100 20209.0 B BUK26 2309' | mid:'100 2020 09.0B BUK26 230 9' | line:' 030'
001846,2021-09-23,,2023-12-09,2021-09-23,2021-09-23,2023-12-09,2021-09-23,0,2,,0.465,'0.81315  ' → word:' 0.81315 0' | mid:' 0.81315 0' | line:' 0.81315 0' ## 'EXP:2021709/23' → word:'EXP 2021/09/23' | mid:'EXP 2021709/23' | line:'EXP 2021/09/23'
001864,2023-08-04,,NONE,NONE,NONE,NONE,NONE,0,2,,0.759,'A  A   o ESTHE 2S909 04108/2023 L2172' → word:'     FO E 590 0408/2023 L2172' | line:'' ## 'SRHES 04108/2023 L2172' → word:'E 04108/2023 L2172' | line:'21722'
001878,2021-11-03,,2021-01-03,2021-01-03,2021-01-03,2021-01-03,2021-01-03,0,0,,0.0,
002008,2022-01-14,,2029-12-NONE,2029-12-NONE,2029-12-NONE,2022-01-14,2022-01-14,1,1,3.58,0.496,'37300037 202201/14' → word:'7 300037  02/1/1' | line:'73000372022/01/14'
002148,2022-01-03,,2022-01-01,2022-01-01,2022-01-01,2022-01-01,2022-01-01,0,0,,0.0,
002194,2020-06-10,,2020-06-01,2020-06-01,2020-06-01,2020-06-01,2020-06-01,0,0,,0.0,
002391,2021-03-18,,2021-03-NONE,2021-03-NONE,2021-03-NONE,2021-03-NONE,2021-03-NONE,0,0,,0.0,
002409,2022-10-29,2,2019-10-29,2019-10-29,2019-10-29,2019-10-29,2019-10-29,0,0,,0.0,
002484,2021-05-05,,NONE,NONE,NONE,NONE,NONE,0,1,,0.261,'88782021.05. 05' → word:'AR8782021.05.0 .05' | line:'R371820021.05.05'
002694,2021-04-19,,NONE,NONE,NONE,2021-04-19,2021-04-19,1,2,13.49,0.607,'00 215.571 C1884  ' → word:'0  215   ' | line:'Sie1' ## '202104.19A' → word:'202104.19A' | line:'202104.19A'
002704,2022-10-29,,2022-10-02,2022-10-02,2022-10-02,2022-10-02,2022-10-02,0,0,,0.0,
002777,2021-09-15,,NONE-09-15,NONE-09-15,NONE-09-15,NONE-09-15,NONE-09-15,0,0,,0.0,
002785,2021-04-18,,2021-08-18,2021-08-18,2021-08-18,2021-08-18,2021-08-18,0,1,,0.691,'BEST BEFORE 18-04-021 8717731003003 0.300 kg Z045 EC NL' → word:'BEST  BEFORE 18-08-2021 8717737800303 0.300 kg  045 EEC NL' | line:''
002798,2021-04-28,,NONE,NONE,NONE,NONE,NONE,0,1,,0.484,'NE  SHRED PIZZZACHEESE 81:21.20 19.0 Denmark' → word:'NE  SHRED PIZZZACHEESE 81 21.20 19.0 Denmark' | line:'ONE '
002816,2021-06-28,2,2020-02-10,2020-02-10,2020-02-10,2020-02-10,2020-02-10,0,2,,0.596,'98 20.21.01.28 0010 A01 Sas A OE Bg w.  74x1  E1 EMAY BAOmg x  24g  11 4918698 AXWO LE620 mg 100 gst 838 OOSE 7101' → word:'95 30.2108 0010 A0      24x1  EI E  Og X1 248  1 A   BA LHE 620 m 100 g E  7181' | line:'' ## '0:21.01.208' → word:'0.310238' | line:'0.310238'
002848,2021-12-30,,NONE,NONE,NONE,NONE,NONE,0,1,,0.603,'fit  aktiv Sans agent conservateu Ohne Konservierungstoffe Sin conservantes Senza conservanti No preservatives Ry rokornbrott Pan intega sie gale Vollkornbrot 30.12021 22 delba' → word:'fit   aktiv San agenonerur ne onservierunge Sin conserante Senza conservani n No pev we Wollkoornbrot aktirnbrotet B Vollkornbrot 3022.222 122  2 delba' | line:' '
003010,2021-12-11,,2021-01-12,2021-01-12,2021-01-12,2021-01-12,2021-01-12,0,1,,0.93,'EAE 4 o 472 kcal  PORATION 2. 02723-8175 87 4808242123 SAE AX  Wa 88A 5484- 48 96848 4408.8401 No. FR Net Weigh' → word:'E NE EAE O HEI g 42cal DORATION 23-8175 7 MCH  Ex 2x1 W21   -   No. FR Net Weigh' | mid:'E EA O HE g 472 cal DORATION 2-8175 MCH  EX x1 W21  8 -   . FR Net Weigh' | line:''
003060,2021-10-04,,NONE,NONE,NONE,NONE,NONE,0,1,,0.14,'2021.70.047XI EMP' → word:'2021.70.04 XI SNP' | line:'2021.70.0411'
003115,2021-09-25,2,2022-09-05,2022-09-05,2022-09-05,2022-09-05,2022-09-05,0,0,,0.0,
003338,2021-06-01,,NONE-06-01,NONE-06-01,NONE-06-01,NONE-06-01,NONE-06-01,0,1,,0.814,'Product of China Best Bei ProductCnNa A Zannnn 20206/01 Technology Co.  Ltd. Mcen 20 88 801 gieud 25 A ABE 871097 852 4 X27 LEBE4EK 0.4  A M24 UEg 442 PEX-DE MAN M24.44      A18.28.2   E  EA    HA ' → word:'Prodo China Best Bel PTaAnd Aay Co L 20206/01 Tachnology Co. L actureun 0 88 0  Pu  M  97150 C582  SXD  LSSLE 0.4   A2 A  UES 4  O  NAS  Ma24     H   o  HE     ' | line:''
000002,2025-12-11,,2025-12-11,2025-12-11,2025-12-11,2025-12-11,2025-12-11,0,0,,0.0,
000003,2026-05-12,t,2026-05-12,2026-05-12,2026-05-12,2026-05-12,2026-05-12,0,0,,0.0,
000004,2022-02-14,b,2027-02-14,2027-02-14,2027-02-14,2027-02-14,2027-02-14,0,3,,0.56,'AE8 080-850-1200 4 1666-4718' → word:'E 38 080-850-120  200 166-4719 ' | mid:'AE 28 080-850-1200  200166-719' | line:'' ## '2004088-368' → word:'RE 20038' | mid:' 200838' | line:'RE 20038' ## '080-850-1200 1666-547194' → word:'080-850-1200 1665-471' | mid:'080-850-1200 1665-471' | line:'00850-120016'
000009,2026-10-29,,2026-10-29,2026-10-29,2026-10-29,2026-10-29,2026-10-29,0,0,,0.0,
000010,2026-06-08,,2026-06-08,2026-06-08,2026-06-08,2026-06-08,2026-06-08,0,0,,0.0,
000012,2026-03-23,,2026-03-23,2026-03-23,2026-03-23,2026-03-23,2026-03-23,0,0,,0.0,
000014,2026-01-31,,2026-01-31,2026-01-31,2026-01-31,2026-01-31,2026-01-31,0,1,,0.181,'TEL01-97-470' → word:'TEL 31-4' | mid:'T 31-4' | line:'TEL 31-4'
000015,2026-03-01,2,2026-03-01,2026-03-01,2026-03-01,2026-03-01,2026-03-01,0,0,,0.0,
000016,2026-01-22,,2026-01-22,2026-01-22,2026-01-22,2026-01-22,2026-01-22,0,1,,0.524,'023-5181   9  64 mg 9 ' → word:'023518 A2  9   64 g 9 ' | mid:'022518 2X  9   64 mg 9 ' | line:' '
000017,2026-11-25,,2026-11-25,2026-11-25,2026-11-25,2026-11-25,2026-11-25,0,0,,0.0,
000018,2026-04-24,,2026-04-24,2026-04-24,2026-04-24,2026-04-24,2026-04-24,0,1,,0.223,'26.04.248 2377' → word:'3.04.248 2377' | mid:'25.04.248 2337' | line:'25.04.24 B'
000021,2025-10-10,,2025-10-10,2025-10-10,2025-10-10,2025-10-10,2025-10-10,0,1,,0.494,'   C25.10.107X AXH' → word:'C   25.10.10A' | mid:'C   25.10.10A' | line:'S'
000022,2025-10-14,,NONE-01-20,2025-10-04,2025-10-04,NONE-01-20,2025-10-04,0,2,,0.552,' ESH SLOW BREAD 90 25.10.144X1.A1.F2' → word:' ESH SLW BREAD gg 25.10.4 A1.2' | mid:' ESH SLOW BREAD g  25.10.4.A1.2' | line:'' ## 'E2 ESH SLOW BREAD 25.10.141.A1.2' → word:'a ESH SLOW BREADD 25.1041 A1.2' | mid:'Te ESH LOW BREAD 25.10.4 A1.2' | line:'   '
000023,2025-10-10,,2025-10-10,2025-10-10,2025-10-10,2025-10-10,2025-10-10,0,1,,0.266,'27.6  0121010.004' → word:'27.6  0.04' | mid:'27.6  10.004' | line:'27.6  0.04'
000024,2025-10-11,,NONE,2025-10-11,NONE,NONE,2025-10-11,0,3,,0.79,'01o4 HOH En O  10 25.10.11731 5   ' → word:'oHo R En o 6 o 25.10.1122 F1 C' | mid:'oLoN RO En o  or 25.10.1121 F1 C' | line:'ER' ## 'IOH 3 25 10.1121A CA' → word:'HO 0 25 5.10.11771 C' | mid:'HO 0 25 5.10.117 C' | line:'2510.11' ## 'E 25.10.117171  ' → word:'H 25.10.1121 C' | mid:'H 25.10.1171 C' | line:'25101120'
000026,2025-11-13,,2025-11-13,2025-11-13,2025-11-13,2025-11-13,2025-11-13,0,0,,0.0,
000027,2026-04-27,,2026-04-27,2026-04-27,2026-04-27,2026-04-27,2026-04-27,0,0,,0.0,
000028,2026-02-10,,2026-02-10,2026-02-10,2026-02-10,2026-02-10,2026-02-10,0,0,,0.0,
000030,2017-08-28,,2017-08-28,2017-08-28,2017-08-28,2017-08-28,2017-08-28,0,1,,0.495,'  30405015-210 IXTH2 HU NH' → word:' 1 30405015-210   N' | mid:'7 2 30405015-210   ' | line:''
000031,2026-02-14,,2026-02-14,2026-02-14,2026-02-14,2026-02-14,2026-02-14,0,0,,0.0,
000032,2026-03-22,,2026-03-21,2026-03-21,2026-03-21,2026-03-21,2026-03-21,0,0,,0.0,
000033,2026-06-17,,2026-06-17,2026-06-17,2026-06-17,2026-06-17,2026-06-17,0,0,,0.0,
000034,2026-06-30,,2026-06-30,2026-06-30,2026-06-30,2026-06-30,2026-06-30,0,0,,0.0,
000035,2026-08-17,,2026-08-17,2026-08-17,2026-08-17,2026-08-17,2026-08-17,0,0,,0.0,
000037,2026-07-17,,2026-07-17,2026-07-17,2026-07-17,2026-07-17,2026-07-17,0,0,,0.0,
000038,2027-02-12,,2027-02-12,2027-02-12,2027-02-12,2027-02-12,2027-02-12,0,0,,0.0,
000039,2026-05-26,,2026-05-26,2026-05-26,2026-05-26,2026-05-26,2026-05-26,0,0,,0.0,
000040,2025-10-11,,2025-10-11,2025-10-11,2025-10-11,2025-10-11,2025-10-11,0,1,,0.221,'10:25DWEHB17' → word:'10  25DWEHB17' | mid:'10 25DWEHB17' | line:'10  25DWEHB17'
000041,2025-10-11,,2025-10-11,2025-10-11,2025-10-11,2025-10-11,2025-10-11,0,0,,0.0,
000042,2025-10-12,,2025-10-02,2025-10-02,2025-10-02,2025-10-02,2025-10-02,0,0,,0.0,
000044,2026-02-07,,2026-02-07,2026-02-07,2026-02-07,2026-02-07,2026-02-07,0,1,,0.63,'26.02.07ITA  23:53' → word:'26.02.0Z22 23 53' | mid:'26.02.0Z2T2 23 53' | line:'26.02.070y 2353'
000045,2027-04-21,,2027-04-21,2027-04-21,2027-04-21,2027-04-21,2027-04-21,0,0,,0.0,
000046,2025-10-10,,2025-10-10,2025-10-10,2025-10-10,2025-10-10,2025-10-10,0,0,,0.0,
000047,2027-04-14,,2027-04-04,2027-04-04,2027-04-04,2027-04-04,2027-04-04,0,0,,0.0,
000048,2026-06-12,,2026-06-12,2026-06-12,2026-06-12,2026-06-12,2026-06-12,0,1,,0.37,'26.06.127X F111401:33GB' → word:'26.06.12mX F111401 336B' | mid:'26.06.12m7X F111401 336B' | line:'26.06.12mX F111401 336B'
000049,2026-03-01,,2026-03-01,2026-03-01,2026-03-01,2026-03-01,2026-03-01,0,0,,0.0,
000050,2025-09-30,,2025-09-30,2025-09-30,2025-09-30,2025-09-30,2025-09-30,0,3,,1.826,' EE 2 2014035624181 HO/7   3-1  1  / PX     D 080-039-8558 www.woo.car' → word:' L  M8 20103562418  43-1  1  2RN2 4 080-033985 Lod.cak' | mid:'   28 M8 201405562418 /1 5 41    2N0 4 080-03985 Lod.cok' | line:'' ## '  H 0  HTH  / 2014035624181    080-039-85855' → word:'RE      2   N   1 M 20140562418  080-03985' | mid:'E    2   2HNE2  1 MB 201403562418   080-03985' | line:' ' ## ' 2122025.09.30' →
000051,2026-01-12,,2026-01-12,2026-01-12,2026-01-12,2026-01-12,2026-01-12,0,0,,0.0,
000052,2025-11-19,,2025-11-19,2025-11-19,2025-11-19,2025-11-19,2025-11-19,0,1,,0.554,'4XME 080-024-6060' → word:'I4XME1 E 8080-024-6060' | mid:'I4XME E 8080-024-6060' | line:'8080-024-6060'
000053,2025-12-20,,2025-12-20,2025-12-20,2025-12-20,2025-12-20,2025-12-20,1,1,2.74,0.251,'202512.20m2-' → word:'2025122012-' | mid:'2025120m2-' | line:'2025122012-'
000054,2025-10-08,,2025-10-08,2025-10-08,2025-10-08,2025-10-08,2025-10-08,0,2,,0.344,'0.56    0.971F05 ' → word:'0.56   20.971F05 ' | mid:'0.56   20.971F05 0' | line:'30.56  850.7705' ## '7125.10.08WE01' → word:'7125.10.08E 01' | mid:'7125.10.08E 01' | line:'7125.10.08E 01'
000056,2026-07-11,2,2026-12-07,2026-12-07,2026-12-07,2026-12-07,2026-12-07,0,0,,0.0,
000058,2027-03-27,,2027-03-27,2027-03-27,2027-03-27,2027-03-27,2027-03-27,0,1,,0.555,'0282.87 ' → word:'0607  ' | mid:'00827  ' | line:''
000059,2027-06-22,,2027-06-22,2027-06-22,2027-06-22,2027-06-22,2027-06-22,0,3,,4.464,'oyoup orcd I A ZE7 gaic orelicuoup. MTNNNHN N.NNI 0 04470 M  ZT   42N 07 000 20 C 202706.2 4    o  Make a coii th cooked MoH EN   moodles in a bwl and pour Chikab oybean Soup 0 SN0 2' → word:'cok  139 I  a d ig     91 0     4     N  22 4.   N   Make a ol ith oo Mo e   moode bow and pour Chl o a 0 oN 1' | mid:'ck 0 19 E 7 ao     N 1  H     4y   M P 222 4   N   o Make a coil ih ok Mo E   mode bow a
000060,2026-04-30,,2026-04-30,2026-04-30,2026-04-30,2026-04-30,2026-04-30,0,0,,0.0,
000062,2026-05-26,,2026-05-26,2026-05-26,2026-05-26,2026-05-26,2026-05-26,0,0,,0.0,
000063,2026-06-16,2,2026-06-16,2026-06-16,2026-06-16,2026-06-16,2026-06-16,0,0,,0.0,
000065,2026-01-12,,2026-01-12,2026-01-12,2026-01-12,2026-01-12,2026-01-12,0,0,,0.0,
000066,2026-08-17,,2026-08-17,2026-08-17,2026-08-17,2026-08-17,2026-08-17,0,0,,0.0,
000067,2025-12-19,,NONE,NONE,NONE,NONE,NONE,0,0,,0.0,
000068,2026-06-17,,2026-06-17,2026-06-17,2026-06-17,2026-06-17,2026-06-17,0,1,,0.377,'0  2026.00.1 63508' → word:'0  2026.00. 63508' | mid:'0  2026.00. 68508' | line:' '
000071,2027-07-20,2,2027-07-20,2027-07-20,2027-07-20,2027-07-20,2027-07-20,0,0,,0.0,
000072,2026-04-25,,2026-04-25,2026-04-25,2026-04-25,2026-04-25,2026-04-25,0,0,,0.0,
000074,2026-08-28,,2026-08-28,2026-08-28,2026-08-28,2026-08-28,2026-08-28,0,0,,0.0,
000075,2026-01-06,,2026-01-06,2026-01-06,2026-01-06,2026-01-06,2026-01-06,0,0,,0.0,
000076,2026-08-17,,2026-08-17,2026-08-17,2026-08-17,2026-08-17,2026-08-17,0,0,,0.0,
000077,2026-03-07,,2026-03-07,2026-03-07,2026-03-07,2026-03-07,2026-03-07,0,0,,0.0,
000078,2025-06-19,,2025-06-19,2025-06-19,2025-06-19,2025-06-19,2025-06-19,0,0,,0.0,
000079,2026-01-31,,2026-01-31,2026-01-31,2026-01-31,2026-01-31,2026-01-31,0,0,,0.0,
000080,2026-09-16,2,2026-09-16,2026-09-16,2026-09-16,2026-09-16,2026-09-16,0,0,,0.0,
000081,2026-05-18,2,2026-05-18,2026-05-18,2026-05-18,2026-05-18,2026-05-18,0,0,,0.0,
000083,2026-07-01,,2026-07-01,2026-07-01,2026-07-01,2026-07-01,2026-07-01,0,0,,0.0,
000084,2026-03-31,2,2026-03-31,2026-03-31,2026-03-31,2026-03-31,2026-03-31,0,0,,0.0,
000085,2026-03-30,,2026-09-30,2026-09-30,2026-09-30,2026-09-30,2026-09-30,0,1,,0.549,'2XAE080-02 6060' → word:'12M080-024-6 6060' | mid:'62HTME1080-024-6 6060' | line:'12M080-02600'
000091,2027-05-22,,2027-05-22,2027-05-22,2027-05-22,2027-05-22,2027-05-22,0,0,,0.0,
000093,2026-04-23,,2026-04-23,2026-04-23,2026-04-23,2026-04-23,2026-04-23,0,0,,0.0,
000094,2027-06-30,,2027-06-30,2027-06-30,2027-06-30,2027-06-30,2027-06-30,0,0,,0.0,
000095,2026-07-29,,2026-07-29,2026-07-29,2026-07-29,2026-07-29,2026-07-29,0,2,,0.541,'60 Qkcal P526.07.29' → word:'R Qkcal P5 26.07.29' | mid:'R Qkcal P5 26.07.29' | line:'-Okel P5 26.07.29' ## 'Qkcal 526.07.29' → word:'Qkcal P5 26.07.29' | mid:'Qkcal P5 26.07.29' | line:'Okel P5 26.07.29'
000098,2026-03-11,,2026-03-11,2026-03-11,2026-03-11,2026-03-11,2026-03-11,0,0,,0.0,
000100,2026-02-11,,2026-02-11,2026-02-11,2026-02-11,2026-02-11,2026-02-11,0,0,,0.0,
000101,2026-04-08,,2026-04-08,2026-04-08,2026-04-08,2026-04-08,2026-04-08,0,0,,0.0,
000102,2025-11-13,,2025-11-13,2025-11-13,2025-11-13,2025-11-13,2025-11-13,0,0,,0.0,
000103,2025-12-18,,2025-12-18,2025-12-18,2025-12-18,2025-12-18,2025-12-18,0,0,,0.0,
000106,NONE-10-20,,NONE,NONE,NONE,NONE,NONE,0,1,,1.229,'YOGURT Lou 450 gl SOHECAON TOONC  OE S Plain 10.201357 rugas  9715  H' → word:'YOGUART Lov 450 gl SOHERI TO 00 P Plain 10 20135 Sugar  824E  W' | mid:'Y OGURT Lov 450 gl SOEA TOINC 0 P Plain 10 20135 Sugar  074E  W' | line:'YOGr'
000107,2025-12-25,,2025-12-25,2025-12-25,2025-12-25,2025-12-25,2025-12-25,0,0,,0.0,
000109,2025-12-12,b,2025-12-12,2025-12-12,2025-12-12,2025-12-12,2025-12-12,0,0,,0.0,
000110,2025-10-29,,2025-10-29,2025-10-29,2025-10-29,2025-10-29,2025-10-29,0,1,,0.171,'25.10.297XI' → word:'25.10.2977XI' | mid:'25.10.297TXI' | line:'25.10.2977XI'
000111,2025-10-25,,2025-10-25,2025-10-25,2025-10-25,2025-10-25,2025-10-25,0,0,,0.0,
000112,2025-10-17,,2025-10-17,2025-10-17,2025-10-17,2025-10-17,2025-10-17,0,0,,0.0,
000113,2026-01-16,,2026-01-16,2026-01-16,2026-01-16,2026-01-16,2026-01-16,0,0,,0.0,
000114,2026-02-28,,2026-02-28,2026-02-28,2026-02-28,2026-02-28,2026-02-28,0,0,,0.0,
000115,2025-12-08,,2025-12-08,2025-12-08,2025-12-08,2025-12-08,2025-12-08,0,2,,0.728,'O 2025.12.008 Trole o' → word:'O 2053120 TRG Or' | mid:'O 205120  Or' | line:'' ## '2025.12.00' → word:'205.120' | mid:'2025.120' | line:'205.120'
000116,2026-03-27,,2026-03-27,2026-03-27,2026-03-27,2026-03-27,2026-03-27,0,0,,0.0,
000117,2025-11-28,,2025-11-28,2025-11-28,2025-11-28,2025-11-28,2025-11-28,0,0,,0.0,
000118,2026-03-23,,2026-05-25,2026-05-25,2026-05-25,2026-05-25,2026-05-25,0,0,,0.0,
000119,2026-08-24,,2026-08-24,2026-08-24,2026-08-24,2026-08-24,2026-08-24,0,0,,0.0,
000120,2026-08-25,,2026-08-25,2026-08-25,2026-08-25,2026-08-25,2026-08-25,0,0,,0.0,
000121,2027-04-13,,2027-04-13,2027-04-13,2027-04-13,2027-04-13,2027-04-13,0,0,,0.0,
000125,2026-04-07,,2026-04-07,2026-04-07,2026-04-07,2026-04-07,2026-04-07,0,0,,0.0,
000126,2026-06-12,,2026-06-12,2026-06-12,2026-06-12,2026-06-12,2026-06-12,0,0,,0.0,
000127,2026-04-27,,2026-04-27,2026-04-27,2026-04-27,2026-04-27,2026-04-27,0,0,,0.0,
000128,2026-05-28,,2026-05-28,2026-05-28,2026-05-28,2026-05-28,2026-05-28,0,0,,0.0,
000129,2026-01-09,,2026-01-09,2026-01-09,2026-01-09,2026-01-09,2026-01-09,0,0,,0.0,
000130,2027-02-05,,2027-02-05,2027-02-05,2027-02-05,2027-02-05,2027-02-05,0,0,,0.0,
000131,2026-08-05,,2026-08-05,2026-08-05,2026-08-05,2026-08-05,2026-08-05,0,0,,0.0,
000132,2026-08-21,,2026-08-21,2026-08-21,2026-08-21,2026-08-21,2026-08-21,0,0,,0.0,
000134,2026-09-23,,2026-09-23,2026-09-23,2026-09-23,2026-09-23,2026-09-23,0,0,,0.0,
000135,2026-04-18,,2026-04-18,2026-04-18,2026-04-18,2026-04-18,2026-04-18,0,0,,0.0,
000136,2025-12-02,,2025-12-02,2025-12-02,2025-12-02,2025-12-02,2025-12-02,0,0,,0.0,
000137,2026-03-26,,2026-03-26,2026-03-26,2026-03-26,2026-03-26,2026-03-26,0,0,,0.0,
000138,2026-05-14,,2026-05-14,2026-05-14,2026-05-14,2026-05-14,2026-05-14,0,1,,0.854,' 2711 AEI   2 o 02-38-5678 // E CHF 330 CHE' → word:' NI71 AL   ENE    o3 n  02-380--568 // s  30  ' | mid:' NI7I1T AL G  ENT  2  Fo-3 n  02-380-558 1// ES 130  ' | line:''
000139,2026-07-26,,2026-07-26,2026-07-26,2026-07-26,2026-07-26,2026-07-26,0,0,,0.0,
000140,2026-07-14,,2026-07-14,2026-07-14,2026-07-14,2026-07-14,2026-07-14,0,1,,0.507,'4:498979' → word:'94979' | mid:'94297' | line:'94979'
000141,2026-09-17,,2026-09-17,2026-09-17,2026-09-17,2026-09-17,2026-09-17,0,0,,0.0,
000143,2027-03-06,,2027-03-06,2027-03-06,2027-03-06,2027-03-06,2027-03-06,0,1,,0.385,'0E/  02 380-5678/' → word:'/280-5678' | mid:'/280-5678' | line:'/280-5678'
000144,2027-03-25,,2027-03-25,2027-03-25,2027-03-25,2027-03-25,2027-03-25,0,0,,0.0,
000145,2027-03-24,,2027-03-24,2027-03-24,2027-03-24,2027-03-24,2027-03-24,0,0,,0.0,
000147,2026-03-21,,2026-03-21,2026-03-21,2026-03-21,2026-03-21,2026-03-21,0,0,,0.0,
000148,2026-02-26,2,2026-02-26,2026-02-26,2026-02-26,2026-02-26,2026-02-26,0,0,,0.0,
000149,2026-04-28,,2026-04-28,2026-04-28,2026-04-28,2026-04-28,2026-04-28,0,0,,0.0,
000150,2026-08-12,,2026-08-12,2026-08-12,2026-08-12,2026-08-12,2026-08-12,0,1,,0.443,' 5   02 380-5678' → word:'02 3805' | mid:'  02 380 5' | line:'02 3805'
000151,2026-09-07,,2026-09-07,2026-09-07,2026-09-07,2026-09-07,2026-09-07,0,0,,0.0,
000152,2026-07-31,,2026-07-31,2026-07-31,2026-07-31,2026-07-31,2026-07-31,0,0,,0.0,
000155,2026-06-22,,2026-06-22,2026-06-22,2026-06-22,2026-06-22,2026-06-22,0,0,,0.0,
000156,2026-07-29,,2026-07-29,2026-07-29,2026-07-29,2026-07-29,2026-07-29,0,0,,0.0,
000157,2027-07-08,t,NONE,NONE,NONE,NONE,NONE,0,0,,0.0,
000159,2027-01-08,,2027-01-08,2027-01-08,2027-01-08,2027-01-08,2027-01-08,0,0,,0.0,
000161,2027-05-10,,2027-05-10,2027-05-10,2027-05-10,2027-05-10,2027-05-10,0,0,,0.0,
000162,2027-06-12,,2027-06-12,2027-06-12,2027-06-12,2027-06-12,2027-06-12,0,1,,0.302,'22151.2kg' → word:'n1.2kg' | mid:'1.2kg' | line:'n1.2kg'
000163,2026-11-20,,2026-11-20,2026-11-20,2026-11-20,2026-11-20,2026-11-20,0,0,,0.0,
000164,2026-04-27,,2026-04-27,2026-04-27,2026-04-27,2026-04-27,2026-04-27,0,0,,0.0,
000165,2027-01-13,,2027-01-13,2027-01-13,2027-01-13,2027-01-13,2027-01-13,0,0,,0.0,
000166,2027-08-18,,2027-08-NONE,2027-08-NONE,2027-08-NONE,2027-08-NONE,2027-08-NONE,0,0,,0.0,
000167,2026-08-07,,2026-08-07,2026-08-07,2026-08-07,2026-08-07,2026-08-07,0,1,,0.267,'7XB 206.08.07' → word:'  1B0 20026.08.07' | mid:'u 1B0 20026.08.07' | line:'202608.07'
000169,2026-03-18,,2026-03-18,2026-03-18,2026-03-18,2026-03-18,2026-03-18,1,0,1.4,0.0,
000170,2026-09-07,,2026-09-07,2026-09-07,2026-09-07,2026-09-07,2026-09-07,0,0,,0.0,
000171,2026-05-27,2,2026-05-27,2026-05-27,2026-05-27,2026-05-27,2026-05-27,0,0,,0.0,
000172,2026-06-10,2,2026-06-10,2026-06-10,2026-06-10,2026-06-10,2026-06-10,0,0,,0.0,
000173,2026-09-17,,2026-09-17,2026-09-17,2026-09-17,2026-09-17,2026-09-17,0,0,,0.0,
000174,2026-09-05,2,2026-09-05,2026-09-05,2026-09-05,2026-09-05,2026-09-05,0,0,,0.0,
000175,2026-06-28,2,2026-06-28,2026-06-28,2026-06-28,2026-06-28,2026-06-28,0,0,,0.0,
000176,2026-09-22,2,2026-09-22,2026-09-22,2026-09-22,2026-09-22,2026-09-22,0,0,,0.0,
000177,2026-08-18,,2026-08-18,2026-08-18,2026-08-18,2026-08-18,2026-08-18,0,0,,0.0,
000178,2026-06-25,,2026-06-25,2026-06-25,2026-06-25,2026-06-25,2026-06-25,0,0,,0.0,
000179,2026-06-29,2,2026-06-29,2026-06-29,2026-06-29,2026-06-29,2026-06-29,1,0,3.48,0.0,
000180,2026-06-25,2,2026-06-25,2026-06-25,2026-06-25,2026-06-25,2026-06-25,0,0,,0.0,
000181,2026-09-08,2,2026-09-08,2026-09-08,2026-09-08,2026-09-08,2026-09-08,1,0,1.39,0.0,
000182,2026-10-01,,2026-10-01,2026-10-01,2026-10-01,2026-10-01,2026-10-01,0,0,,0.0,
000184,2027-11-19,,2027-11-01,2027-11-01,2027-11-01,2027-11-01,2027-11-01,0,0,,0.0,
000185,2028-03-15,,2028-03-15,2028-03-15,2028-03-15,2028-03-15,2028-03-15,0,0,,0.0,
000186,2028-04-14,,2028-04-14,2028-04-14,2028-04-14,2028-04-14,2028-04-14,0,0,,0.0,
000187,2028-02-05,,2028-02-05,2028-02-05,2028-02-05,2028-02-05,2028-02-05,0,0,,0.0,
000189,2026-08-25,,2026-08-25,2026-08-25,2026-08-25,2026-08-25,2026-08-25,0,1,,0.593,'2080-019-919 44' → word:' 0' | mid:'0-0' | line:' 0'
000190,2022-11-26,,2022-11-26,2022-11-26,2022-11-26,2022-11-26,2022-11-26,0,2,,3.825,'A3A A  H IOO 4   707  BrlaGRFral S Ae   A 1400/226kcall rated 2.6 0.3 I ... 87-2 7 0.3 4 2.6 ... g M EAS  Carbohydrates -Sugars' → word:'ME B A   A A A  W7 H  D   DNA7    23 koa urated 2.6 0.3  ....... - 0.3  2.6    g   Carboydates arSugars' | mid:'HEA B AE  ADIE AE A  ed  77 HE A O TEA    C   A  00/25 6kal urated 2.6 0.3  ... -2 0.0.3  2.6 ... 2 HE S  Carboydrates arSugars' | line:' ' ## '23 652
000191,2026-06-15,,NONE,NONE,NONE,NONE,NONE,0,0,,0.0,
000192,2026-06-24,,2024-06-01,2024-06-01,2024-06-01,2024-06-01,2024-06-01,0,0,,0.0,
000194,2027-04-23,,2027-04-23,2027-04-23,2027-04-23,2027-04-23,2027-04-23,0,0,,0.0,
000195,2027-07-01,,2027-07-01,2027-07-01,2027-07-01,2027-07-01,2027-07-01,0,0,,0.0,
000196,2027-02-27,,2027-02-27,2027-02-27,2027-02-27,2027-02-27,2027-02-27,0,0,,0.0,
000198,2026-05-08,,2022-12-15,2022-12-15,2022-12-15,2022-12-15,2022-12-15,0,0,,0.0,
000200,2027-07-14,,2021-07-NONE,2021-07-NONE,2021-07-NONE,2021-07-NONE,2021-07-NONE,0,1,,1.819,'92 OO 212112 97 1.71 7148 1000 10.6070    711  15  32/ 9  ' → word:' a 11222 2 21.1  70  2H171 o15 21 2 ' | mid:'22g OO 1222 2 21  270   2H171 15 21  ' | line:' '
000201,2027-03-30,,2027-03-30,2027-03-30,2027-03-30,2027-03-30,2027-03-30,0,0,,0.0,
000202,2027-02-06,,2027-02-06,2027-02-06,2027-02-06,2027-02-06,2027-02-06,0,0,,0.0,
000203,2026-07-01,,2026-07-08,2026-07-08,2026-07-08,2026-07-08,2026-07-08,0,1,,2.005,'NEE  210 2  / 22 07  150 k  MODE MRES  27 LIgE   o OTHER  C464 201 g 150 kcal  150. 78422 EqLE E    14-38.22 15.9 941 38182580 2026 B3 8801005 200257 IDI 827 427.3 E2CO1E58-7 ACH  La-202a E0EO' → word:'AE  2012  4 ME 207150  1ROPE I    LigE  o   OTHER OL R  0 30 g1500 kcal  150  7  BEQLE E TH 14-38 2 19 8182580 2026. BS 8801005200525 ENDIE B 7.87413 VE 87    LE-22 EDE O' | mid:'NS  2012   /MO 275
000204,2026-06-18,,2026-06-18,2026-06-18,2026-06-18,2026-06-18,2026-06-18,0,0,,0.0,
000205,2027-05-18,,2027-05-18,2027-05-18,2027-05-18,2027-05-18,2027-05-18,0,0,,0.0,
000206,2026-05-08,,2026-05-08,2026-05-08,2026-05-08,2026-05-08,2026-05-08,0,0,,0.0,
000208,2026-04-13,,2026-04-13,2026-04-13,2026-04-13,2026-04-13,2026-04-13,0,0,,0.0,
000211,2026-02-12,,2026-06-02,2026-06-02,2026-06-02,2026-06-02,2026-06-02,0,1,,0.501,'19:2372 DUET' → word:'2022022 7' | mid:'2026232 ' | line:'202'
000212,2026-12-16,,2026-12-16,2026-12-16,2026-12-16,2026-12-16,2026-12-16,0,0,,0.0,
000213,2026-03-20,,2026-03-20,2026-03-20,2026-03-20,2026-03-20,2026-03-20,0,0,,0.0,
000216,2026-03-16,,2026-03-01,2026-03-01,2026-03-01,2026-03-01,2026-03-01,0,0,,0.0,
000217,2027-03-08,,2027-03-08,2027-03-08,2027-03-08,2027-03-08,2027-03-08,0,0,,0.0,
000218,2026-05-03,,2026-05-03,2026-05-03,2026-05-03,2026-05-03,2026-05-03,0,0,,0.0,
000219,2026-09-07,,2026-09-07,2026-09-07,2026-09-07,2026-09-07,2026-09-07,0,0,,0.0,
000220,2026-02-23,,2026-02-23,2026-02-23,2026-02-23,2026-02-23,2026-02-23,0,1,,0.981,'30g 10   059012 42  1 294  X 55 g 102   8g53   100 g   545 kcal L8 300 g 080-018 D 8' → word:'  T0 9 42  A 204 X55g 102   8953  100 g   545 k3 LS2 300  080--019 D S' | mid:'  t05 9 42.  A 24 X 55g 102  853  100   5 kcal L 300  080-019 D S' | line:''
000221,2026-07-15,,2026-07-15,2026-07-15,2026-07-15,2026-07-15,2026-07-15,0,0,,0.0,
000222,2026-03-25,,2026-03-25,2026-03-25,2026-03-25,2026-03-25,2026-03-25,0,0,,0.0,
000223,2026-08-13,,2026-08-13,2026-08-13,2026-08-13,2026-08-13,2026-08-13,0,0,,0.0,
000225,2026-04-06,,2026-04-06,2026-04-06,2026-04-06,2026-04-06,2026-04-06,0,0,,0.0,
000226,2027-03-15,,2027-03-15,2027-03-15,2027-03-15,2027-03-15,2027-03-15,0,1,,0.529,'27.0315 19:23 MA' → word:'27.03 15 19 23A MA' | mid:'27.03 15 1923 M MA' | line:'27.0315 19 233 M'
000227,2028-09-17,,2028-09-17,2028-09-17,2028-09-17,2028-09-17,2028-09-17,0,0,,0.001,
000228,2025-10-20,,2025-10-20,2025-10-20,2025-10-20,2025-10-20,2025-10-20,0,0,,0.0,
000229,2025-10-28,,2022-10-11,2022-10-11,2022-10-11,2022-10-11,2022-10-11,0,0,,0.0,
000230,2026-03-28,,2026-03-28,2026-03-28,2026-03-28,2026-03-28,2026-03-28,0,0,,0.0,
000232,2027-11-26,e,NONE,NONE,NONE,NONE,NONE,0,0,,0.0,
000235,2026-03-08,,2026-03-08,2026-03-08,2026-03-08,2026-03-08,2026-03-08,0,0,,0.0,
000236,2026-04-08,,2026-04-08,2026-04-08,2026-04-08,2026-04-08,2026-04-08,0,0,,0.0,
000237,2026-06-05,,2026-06-05,2026-06-05,2026-06-05,2026-06-05,2026-06-05,0,2,,0.71,'080-872-888 OTHER 8' → word:'80-872-8 OTHER 8' | mid:'080-872-80 OTHER 8' | line:'8-8-88OTHER8' ## '09:44:11' → word:'09 44 11' | mid:'09 44 11' | line:'09 44 11'
000238,2026-09-10,2,2026-09-10,2026-09-10,2026-09-10,2026-09-10,2026-09-10,0,0,,0.0,
000239,2026-07-10,,2026-07-10,2026-07-10,2026-07-10,2026-07-10,2026-07-10,0,0,,0.0,
000240,2027-05-20,,2027-05-20,2027-05-20,2027-05-20,2027-05-20,2027-05-20,0,0,,0.0,
000241,2027-08-10,,2027-08-10,2027-08-10,2027-08-10,2027-08-10,2027-08-10,0,1,,0.542,'080-024-231' → word:'80-024' | mid:'080-024' | line:'80-024'
000243,2026-08-17,,2026-08-17,2026-08-17,2026-08-17,2026-08-17,2026-08-17,0,0,,0.0,
000244,2026-06-21,2,2026-06-21,2026-06-21,2026-06-21,2026-06-21,2026-06-21,0,0,,0.0,
000245,2026-02-24,2,2026-02-24,2026-02-24,2026-02-24,2026-02-24,2026-02-24,0,0,,0.0,
000246,2026-02-04,2,2026-02-04,2026-02-04,2026-02-04,2026-02-04,2026-02-04,0,0,,0.0,
000247,2026-05-20,,2026-05-20,2026-05-20,2026-05-20,2026-05-20,2026-05-20,0,0,,0.0,
000249,2026-02-16,,2026-02-16,2026-02-16,2026-02-16,2026-02-16,2026-02-16,0,1,,0.49,'201E427181.771' → word:' ' | mid:' ' | line:' '
000250,2026-03-04,2,2026-03-04,2026-03-04,2026-03-04,2026-03-04,2026-03-04,0,0,,0.0,
000251,2026-02-24,2,2026-02-24,2026-02-24,2026-02-24,2026-02-24,2026-02-24,0,1,,0.24,'25.08.2517:16' → word:'25.08.2517 16' | mid:'25.08.2517 16' | line:'25.08.2517 16'
000252,2026-07-09,,2026-07-09,2026-07-09,2026-07-09,2026-07-09,2026-07-09,0,0,,0.0,
000253,2026-06-20,,2026-06-20,2026-06-20,2026-06-20,2026-06-20,2026-06-20,0,0,,0.0,
000254,2026-08-12,2,2026-08-12,2026-08-12,2026-08-12,2026-08-12,2026-08-12,0,0,,0.0,
000256,2027-01-02,,2027-01-02,2027-01-02,2027-01-02,2027-01-02,2027-01-02,0,0,,0.0,
000257,2025-12-10,,2025-12-10,2025-12-10,2025-12-10,2025-12-10,2025-12-10,0,0,,0.0,
000258,2026-05-30,,2026-05-30,2026-05-30,2026-05-30,2026-05-30,2026-05-30,0,1,,1.161,'im  g   226.05.30     188 11 :23  HACCP  D  C' → word:'1R  A  2026.05.3   8 M MR 11 23  HHACCP MDI    a' | mid:'1  A 19 26.05.3  8  M MR 11 23  HHACCP M DI    ' | line:'MO'
000259,2025-11-09,,2025-11-09,2025-11-09,2025-11-09,2025-11-09,2025-11-09,0,0,,0.0,
000260,2027-04-01,,2027-04-01,2027-04-01,2027-04-01,2027-04-01,2027-04-01,0,0,,0.0,
000261,2026-03-07,2,2026-03-07,2026-03-07,2026-03-07,2026-03-07,2026-03-07,0,0,,0.0,
000262,2027-01-10,b,2027-01-10,2027-01-10,2027-01-10,2027-01-10,2027-01-10,0,0,,0.0,
000263,2028-01-22,,NONE,NONE,NONE,NONE,NONE,0,0,,0.0,
000264,2026-06-06,,NONE,NONE,NONE,NONE,NONE,0,1,,0.463,'26.06.067119:37FB' → word:'26.06.067119 37FB' | mid:'26.06.067119 37FB' | line:'26.06.067119 37FB'
000265,2026-11-26,,2026-11-26,2026-11-26,2026-11-26,2026-11-26,2026-11-26,0,0,,0.0,
000267,2026-06-02,,2026-06-02,2026-06-02,2026-06-02,2026-06-02,2026-06-02,0,0,,0.0,
000269,2026-05-15,,2026-05-15,2026-05-15,2026-05-15,2026-05-15,2026-05-15,0,0,,0.0,
000270,2026-09-03,,2026-09-03,2026-09-03,2026-09-03,2026-09-03,2026-09-03,0,0,,0.0,
000271,2026-03-24,,2026-03-24,2026-03-24,2026-03-24,2026-03-24,2026-03-24,0,0,,0.0,
000272,2026-05-10,,2026-05-10,2026-05-10,2026-05-10,2026-05-10,2026-05-10,0,0,,0.0,
000275,2026-04-23,,2026-04-23,2026-04-23,2026-04-23,2026-04-23,2026-04-23,0,0,,0.0,
000276,2026-03-25,2,2026-03-25,2026-03-25,2026-03-25,2026-03-25,2026-03-25,0,0,,0.0,
000280,2026-03-23,,2026-03-23,2026-03-23,2026-03-23,2026-03-23,2026-03-23,0,0,,0.0,
000281,2026-07-15,,2026-07-15,2026-07-15,2026-07-15,2026-07-15,2026-07-15,0,1,,1.686,'y    8.472 77    18 2106 -18 C04 208360 g  28 120340-26 2218 CH.75X7 79 ' → word:'y  7  27H  E 8 18 08  0  0 4    371515.9 4171  51712 7 ' | mid:'  7 7.27H     8  18 08  0360   3 4   87115.9 1171  5X712 7 ' | line:''
000282,2026-09-10,,2026-09-10,2026-09-10,2026-09-10,2026-09-10,2026-09-10,0,0,,0.0,
000283,2027-09-17,,2027-09-17,2027-09-17,2027-09-17,2027-09-17,2027-09-17,0,1,,1.168,'8082/8802949' → word:' 0 8' | mid:'  ' | line:' 0 8'
000284,2026-08-20,,2026-08-20,2026-08-20,2026-08-20,2026-08-20,2026-08-20,0,0,,0.0,
000285,2027-07-02,,2027-07-02,2027-07-02,2027-07-02,2027-07-02,2027-07-02,0,0,,0.0,
000286,2027-03-11,,2027-03-11,2027-03-11,2027-03-11,2027-03-11,2027-03-11,0,0,,0.001,
000287,2027-02-18,,2027-02-18,2027-02-18,2027-02-18,2027-02-18,2027-02-18,0,0,,0.0,
000288,2028-07-25,b,2028-07-25,2028-07-25,2028-07-25,2028-07-25,2028-07-25,0,0,,0.0,
000289,2030-07-23,,2030-07-23,2030-07-23,2030-07-23,2030-07-23,2030-07-23,0,0,,0.0,
000290,2027-03-02,,2027-03-02,2027-03-02,2027-03-02,2027-03-02,2027-03-02,1,1,9.39,0.304,'1 202703.02' → word:' 20273.02' | mid:' 202713.02' | line:'22013.02'
000291,2027-07-21,,2027-07-21,2027-07-21,2027-07-21,2027-07-21,2027-07-21,0,0,,0.0,
000292,2026-02-13,,2026-02-13,2026-02-13,2026-02-13,2026-02-13,2026-02-13,0,0,,0.0,
000294,2026-09-08,2,2026-09-09,2026-09-09,2026-09-09,2026-09-09,2026-09-09,0,0,,0.001,
000295,2025-11-08,,2025-11-08,2025-11-08,2025-11-08,2025-11-08,2025-11-08,0,0,,0.0,
000296,2026-07-28,,2026-07-28,2026-07-28,2026-07-28,2026-07-28,2026-07-28,0,0,,0.0,
000299,2026-05-13,,2026-05-13,2026-05-13,2026-05-13,2026-05-13,2026-05-13,0,1,,0.703,'4889 0.51280 ' → word:'48 89 HT0.512 g80 ' | mid:'48 89  0.512 g80 ' | line:'48 89 HT0.512 g80 '
000300,2026-05-21,,2026-05-21,2026-05-21,2026-05-21,2026-05-21,2026-05-21,0,0,,0.0,
000301,2027-04-09,,2027-04-09,2027-04-09,2027-04-09,2027-04-09,2027-04-09,0,0,,0.0,
000302,2026-03-15,,2026-03-15,2026-03-15,2026-03-15,2026-03-15,2026-03-15,0,0,,0.0,
000303,2026-07-31,,2026-07-31,2026-07-31,2026-07-31,2026-07-31,2026-07-31,0,0,,0.0,
000304,2026-06-01,,2026-06-01,2026-06-01,2026-06-01,2026-06-01,2026-06-01,0,0,,0.0,
000305,2026-02-24,,2026-02-24,2026-02-24,2026-02-24,2026-02-24,2026-02-24,0,2,,1.022,'170157 20 22115-84' → word:' 1200 215' | mid:' 12 215' | line:'E' ## 'MX 13701573 L 9115-84' → word:'HERA 07 1742 2158' | mid:'E3 07 12 22115-84' | line:''
000306,2026-09-16,,2026-09-16,2026-09-16,2026-09-16,2026-09-16,2026-09-16,0,0,,0.0,
000307,2025-11-14,,2025-11-14,2025-11-14,2025-11-14,2025-11-14,2025-11-14,0,0,,0.0,
000308,2025-12-04,,2025-12-04,2025-12-04,2025-12-04,2025-12-04,2025-12-04,0,0,,0.0,
000310,2026-09-28,,2026-09-28,2026-09-28,2026-09-28,2026-09-28,2026-09-28,0,1,,0.453,'28 94.2408 5 884.' → word:'E     ' | mid:'       ' | line:'E     '
000312,2026-08-26,,2026-08-26,2026-08-26,2026-08-26,2026-08-26,2026-08-26,0,0,,0.0,
000313,2026-03-17,,2026-03-17,2026-03-17,2026-03-17,2026-03-17,2026-03-17,0,0,,0.0,
000315,2026-07-19,,2026-07-19,2026-07-19,2026-07-19,2026-07-19,2026-07-19,1,0,0.98,0.0,
000316,2027-03-01,,2027-03-01,2027-03-01,2027-03-01,2027-03-01,2027-03-01,0,0,,0.002,
000317,2025-11-15,,2025-11-15,2025-11-15,2025-11-15,2025-11-15,2025-11-15,1,0,3.07,0.0,
000319,2026-02-14,,2026-02-14,2026-02-14,2026-02-14,2026-02-14,2026-02-14,0,0,,0.0,
000320,2025-11-12,2,2025-11-12,2025-11-12,2025-11-12,2025-11-12,2025-11-12,0,0,,0.0,
000322,2025-10-29,,2025-10-29,2025-10-29,2025-10-29,2025-10-29,2025-10-29,0,0,,0.0,
000323,2025-12-21,2,2025-12-21,2025-12-21,2025-12-21,2025-12-21,2025-12-21,0,0,,0.0,
000324,2027-05-15,,2027-05-15,2027-05-15,2027-05-15,2027-05-15,2027-05-15,0,0,,0.001,
000325,2025-11-03,,2025-11-03,2025-11-03,2025-11-03,2025-11-03,2025-11-03,0,0,,0.0,
000326,2025-10-18,,2025-10-18,2025-10-18,2025-10-18,2025-10-18,2025-10-18,0,0,,0.0,
000328,2025-12-25,,2025-12-25,2025-12-25,2025-12-25,2025-12-25,2025-12-25,0,1,,0.904,'315/080-91-1004   E drt  l 89 Or O' → word:'415080-911004 Ao  CT  Da   1889 ta ' | mid:' 15080-9110047   CH  Dea   189 a ' | line:''
000329,2025-12-25,,2025-12-25,2025-12-25,2025-12-25,2025-12-25,2025-12-25,0,1,,0.36,'E233 5AB CS /053-716' → word:'AB.C05-16' | mid:'3AB.C016.' | line:'AB.C05-16'
000330,2025-11-02,2,2025-11-02,2025-11-02,2025-11-02,2025-11-02,2025-11-02,0,1,,0.856,'0  HATOg 0  24  M90 080-850-1200    C 4 CIN ' → word:'M0  SN 00  1224  . 080-8550-1200 C  R JUR ' | mid:'M0  S 00  1RE44  INE 080-850-1200   E UR H' | line:'C'
000331,2025-10-31,,2025-10-31,2025-10-31,2025-10-31,2025-10-31,2025-10-31,0,0,,0.0,
000332,2025-10-22,,2025-10-22,2025-10-22,2025-10-22,2025-10-22,2025-10-22,0,0,,0.0,
000333,2025-11-07,,2025-11-07,2025-11-07,2025-11-07,2025-11-07,2025-11-07,0,0,,0.0,
000334,2026-03-15,,2026-03-15,2026-03-15,2026-03-15,2026-03-15,2026-03-15,0,0,,0.0,
000335,2025-11-28,,2025-11-28,2025-11-28,2025-11-28,2025-11-28,2025-11-28,0,0,,0.0,
000336,2025-11-20,,2025-11-20,2025-11-20,2025-11-20,2025-11-20,2025-11-20,0,1,,0.512,'RN 710F 25.11.2071X12 16:00' → word:'1HI 710 25.11.207X12 76.0' | mid:'1H 1t 25.11.207X12 76.0' | line:'25.11.200'
000337,2025-12-09,,2025-12-09,2025-12-09,2025-12-09,2025-12-09,2025-12-09,0,0,,0.0,
000338,2026-05-28,,2026-05-28,2026-05-28,2026-05-28,2026-05-28,2026-05-28,0,0,,0.0,
000340,2026-08-11,,2026-08-11,2026-08-11,2026-08-11,2026-08-11,2026-08-11,0,0,,0.0,
000341,2026-04-29,,2026-04-29,2026-04-29,2026-04-29,2026-04-29,2026-04-29,0,0,,0.0,
000342,2026-06-22,,2026-06-22,2026-06-22,2026-06-22,2026-06-22,2026-06-22,0,0,,0.0,
000344,2026-08-04,,2026-08-04,2026-08-04,2026-08-04,2026-08-04,2026-08-04,0,0,,0.0,
000345,2026-04-09,,2026-04-09,2026-04-09,2026-04-09,2026-04-09,2026-04-09,0,0,,0.0,
000346,2026-05-15,,2026-05-15,2026-05-15,2026-05-15,2026-05-15,2026-05-15,0,0,,0.0,
000347,2027-05-26,,2027-05-26,2027-05-26,2027-05-26,2027-05-26,2027-05-26,0,0,,0.0,
000348,2026-04-02,,2026-04-02,2026-04-02,2026-04-02,2026-04-02,2026-04-02,0,0,,0.0,
000349,2025-12-07,,2025-12-07,2025-12-07,2025-12-07,2025-12-07,2025-12-07,1,0,1.59,0.0,
000350,2027-05-15,,2027-05-15,2027-05-15,2027-05-15,2027-05-15,2027-05-15,0,1,,0.855,' 1899-300027 2879428609   ' → word:'0 9000  1  ' | mid:'1 19300  1 A ' | line:''
000352,2026-08-27,,2026-08-27,2026-08-27,2026-08-27,2026-08-27,2026-08-27,0,0,,0.0,
000353,2026-03-08,,2026-03-08,2026-03-08,2026-03-08,2026-03-08,2026-03-08,0,0,,0.0,
000354,2027-07-06,,2027-07-06,2027-07-06,2027-07-06,2027-07-06,2027-07-06,0,1,,1.561,'    ELL AOL A AUI-AUCHA  LME   OER  LI852  /4D  A EIO  100   QE 4065261 CON    03-3388  EP  OE' → word:'AT    O    OH0 AHIEA H4201 RAE  2 O L85     2 Eo EO  21  0140   2033  O' | mid:'T  O O   T   H AHIEA C201 RA  12 O L852      2 o   201 EE 0   0  O' | line:''
000355,2028-06-17,,2028-06-17,2028-06-17,2028-06-17,2028-06-17,2028-06-17,0,0,,0.0,
000356,2027-03-17,,2027-03-17,2027-03-17,2027-03-17,2027-03-17,2027-03-17,0,0,,0.0,
000357,2027-08-11,,2027-08-11,2027-08-11,2027-08-11,2027-08-11,2027-08-11,0,0,,0.0,
000359,2026-06-16,,2026-06-16,2026-06-16,2026-06-16,2026-06-16,2026-06-16,0,0,,0.0,
000360,2026-02-18,2,NONE,NONE,NONE,NONE,NONE,0,0,,0.001,
000361,2026-12-19,,2026-12-12,2026-12-12,2026-12-12,2026-12-12,2026-12-12,0,0,,0.0,
000363,2026-04-21,,2026-04-21,2026-04-21,2026-04-21,2026-04-21,2026-04-21,0,0,,0.0,
000364,2026-06-04,,2026-06-04,2026-06-04,2026-06-04,2026-06-04,2026-06-04,0,2,,0.701,' 16136-2' → word:'A 16136-2' | mid:'H 16136-2' | line:'H4416136-2' ## 'o.com 2626.06.040A1' → word:'.com  2026.06.04071' | mid:'.com  2826.06.04071' | line:'.com 2026.06041171'
000365,2026-03-11,,2026-03-11,2026-03-11,2026-03-11,2026-03-11,2026-03-11,0,1,,0.325,'11:37:117X M3' → word:'11 37 11 7X/ M31' | mid:'11 37 11 X M31' | line:'11 37 11 7X/ M31'
000366,2026-09-05,,2026-09-05,2026-09-05,2026-09-05,2026-09-05,2026-09-05,0,0,,0.0,
000367,2026-05-18,,2026-05-18,2026-05-18,2026-05-18,2026-05-18,2026-05-18,0,1,,1.299,'I    H O O   CHIF 041  3 1 NI     Cl T0I H -81024-52  t LIA O0 715' → word:'I  H o10   C 2101461 2 3 ETH NI  A o 0IT    o 1   001 I775' | mid:'I  H IFO  CH 1041 2 3  EDHDE  N  A o 0I  2  1    fra01 I775' | line:''
000368,2026-09-22,,2026-09-22,2026-09-22,2026-09-22,2026-09-22,2026-09-22,0,0,,0.001,
000369,2027-06-25,,2027-06-25,2027-06-25,2027-06-25,2027-06-25,2027-06-25,0,0,,0.0,
000370,2026-09-02,,2025-09-02,2025-09-02,2025-09-02,2025-09-02,2025-09-02,0,0,,0.0,
000371,2026-02-15,,2026-02-15,2026-02-15,2026-02-15,2026-02-15,2026-02-15,0,0,,0.0,
000372,2026-09-15,,2026-09-15,2026-09-15,2026-09-15,2026-09-15,2026-09-15,0,0,,0.0,
000373,2026-09-18,,NONE,NONE,NONE,NONE,NONE,0,3,,0.661,'M710 /1899.3000' → word:'M71  /1899-3000' | mid:'M71  /1899-3000' | line:'71 5/18993000 ' ## '1399-94' → word:'139' | mid:'013' | line:'139' ## '1899-3000' → word:' /1899-3000' | mid:' /1899-3000' | line:' /1899-3000'
000374,2026-08-28,,2026-08-28,2026-08-28,2026-08-28,2026-08-28,2026-08-28,0,1,,0.567,'2 www.dongwonfnb.com  2626.08.28 12108' → word:'927 www.dongwonfnb.com  2026.08.28 12 08' | mid:'94 www.dongwonfnb.com  2026.08.28 12 08' | line:''
000375,2026-05-31,,2026-05-31,2026-05-31,2026-05-31,2026-05-31,2026-05-31,0,0,,0.0,
000376,2025-10-07,,2025-10-07,2025-10-07,2025-10-07,2025-10-07,2025-10-07,0,0,,0.0,
000377,2026-07-01,,2026-07-01,2026-07-01,2026-07-01,2026-07-01,2026-07-01,0,2,,1.682,'4  2  CA 6 .  B d 5  1028.07 8  ID' → word:' O  OR M ON OF S  m O  22 22 ' | mid:'0 O  OA B oN oF   D O  2 2002 2' | line:'' ## 'C W   H A 228.07.81  D C' → word:'B   P   2 25  C' | mid:'BA   P S   2061  C' | line:''
000378,2026-05-29,2,2026-05-29,2026-05-29,2026-05-29,2026-05-29,2026-05-29,0,0,,0.0,
000379,2026-09-05,d,2026-09-05,2026-09-05,2026-09-05,2026-09-05,2026-09-05,0,0,,0.0,
000380,2026-09-02,,2026-09-02,2026-09-02,2026-09-02,2026-09-02,2026-09-02,0,0,,0.0,
000381,2027-01-20,,2027-01-20,2027-01-20,2027-01-20,2027-01-20,2027-01-20,0,0,,0.0,
000382,2026-08-18,,2026-08-18,2026-08-18,2026-08-18,2026-08-18,2026-08-18,1,0,1.96,0.0,
000383,2026-04-03,,2026-04-03,2026-04-03,2026-04-03,2026-04-03,2026-04-03,0,0,,0.0,
000384,2026-09-08,2,2026-07-08,2026-07-08,2026-07-08,2026-07-08,2026-07-08,0,0,,0.0,
000385,2026-09-14,2,2026-09-14,2026-09-14,2026-09-14,2026-09-14,2026-09-14,0,0,,0.0,
000386,2026-06-10,2,2026-11-06,2026-11-06,2026-11-06,2026-11-06,2026-11-06,0,1,,0.182,'8.98.4417' → word:'   .' | mid:'. 4.' | line:'   .'
000387,2027-01-21,,2027-01-21,2027-01-21,2027-01-21,2027-01-21,2027-01-21,0,0,,0.0,
000390,2026-05-19,,2021-03-23,2021-03-23,2021-03-23,2026-05-19,2026-05-19,1,3,12.97,2.099,'07  15 ON / 345 Tel 031 611-3592 X:PET 22 6 100  45  200g 694kca:2021032318512 98.5 9  ' → word:'      3 Tel 031 611-3592HET 1 46   4100  5 00g94k2021032318512 8.5  M CH  ' | mid:'01  6A /  M5 TeL 031 611-3592  PET 1 46 4100  5  200g 694k202103218512 8.5  CH ' | line:'' ## '2025.19. 08' → word:' 1 DIE C' | mid:'0  19 DI8C' | line:' 519' ## 'Tel091611-3082 9595' → word:'Tel. 031 611-3592THPET' | m
000391,2026-12-10,,2026-12-10,2026-12-10,2026-12-10,2026-12-10,2026-12-10,0,0,,0.0,
000392,2026-08-28,2,2026-08-28,2026-08-28,2026-08-28,2026-08-28,2026-08-28,0,0,,0.0,
000393,2027-08-02,,2027-08-02,2027-08-02,2027-08-02,2027-08-02,2027-08-02,0,0,,0.0,
000394,2026-04-14,,2026-04-14,2026-04-14,2026-04-14,2026-04-14,2026-04-14,0,2,,0.315,'228/351501' → word:'Eg E' | mid:'Eg E7' | line:'Eg E' ## '28EE 01-23-069' → word:'25019' | mid:'L 2079' | line:'25019'
000396,2026-02-27,,2026-02-27,2026-02-27,2026-02-27,2026-02-27,2026-02-27,0,0,,0.0,
000397,2026-02-19,,2026-02-19,2026-02-19,2026-02-19,2026-02-19,2026-02-19,0,0,,0.0,
000398,2027-07-30,,2027-07-30,2027-07-30,2027-07-30,2027-07-30,2027-07-30,0,0,,0.0,
000399,2027-01-31,,2027-01-31,2027-01-31,2027-01-31,2027-01-31,2027-01-31,0,0,,0.0,
000401,2027-04-12,,2027-04-12,2027-04-12,2027-04-12,2027-04-12,2027-04-12,0,0,,0.0,
000402,2019-04-28,,2019-04-28,2019-04-28,2019-04-28,2019-04-28,2019-04-28,0,1,,0.68,'793.02   94.92:012' → word:'b793.02  8/8492N 02' | mid:' 793.02  X/ 8/94 912N 02' | line:'79.02 /40'
000403,2027-04-01,,2027-04-01,2027-04-01,2027-04-01,2027-04-01,2027-04-01,0,0,,0.0,
000404,2026-06-10,,2026-06-10,2026-06-10,2026-06-10,2026-06-10,2026-06-10,0,0,,0.0,
000405,2027-10-15,,2020-07-01,2020-07-01,2020-07-01,2020-07-01,2020-07-01,0,4,,2.191,'1MP 22 20H 71171.0 X 8CH 47' → word:'1     x1 1   ' | mid:'1 M  O    x1   ' | line:'' ## '20129 2 21052 49 7171.9.501E9.53 3 X CHCHE 47' → word:'RO   220  5 1    ' | mid:'RO   202 9    x    ' | line:'' ## '080024-211 ' → word:'0800241' | mid:'0800241' | line:'0800241' ## '15:393F16K H1' → word:'E1SISSSF1Sk H1' | mid:'151393F16K H1' | line:'9519992H'
000406,2026-08-27,2,NONE,NONE,NONE,NONE,NONE,0,0,,0.0,
000407,2025-12-01,2,2025-12-01,2025-12-01,2025-12-01,2025-12-01,2025-12-01,0,1,,0.364,'w 053 859-5580' → word:' 053 859-5580' | mid:' 053 859-5580' | line:' 053 859-5580'
000408,2025-10-09,2,2025-10-09,2025-10-09,2025-10-09,2025-10-09,2025-10-09,0,0,,0.0,
000410,2027-04-13,,2027-04-13,2027-04-13,2027-04-13,2027-04-13,2027-04-13,0,0,,0.0,
000411,2026-09-09,2,2026-09-09,2026-09-09,2026-09-09,2026-09-09,2026-09-09,0,1,,0.747,'4  E82 528   1980650052   -22-2422 4C 40' → word:'AM  R  23N AU  18 1 193005052  30-222-2422 E L ' | mid:'AMI    23 AUA  8 1 19930050052 B 30-222-2422 HEL ' | line:''
000412,2026-01-19,,2026-01-19,2026-01-19,2026-01-19,2026-01-19,2026-01-19,0,0,,0.0,
000414,2026-04-07,,2026-04-07,2026-04-07,2026-04-07,2026-04-07,2026-04-07,0,0,,0.0,
000416,2026-04-07,,2026-07-01,2026-07-01,2026-07-01,2026-07-01,2026-07-01,0,0,,0.0,
000417,2026-03-15,,2026-03-15,2026-03-15,2026-03-15,2026-03-15,2026-03-15,0,0,,0.0,
000418,2026-09-08,,2026-09-08,2026-09-08,2026-09-08,2026-09-08,2026-09-08,0,2,,0.365,'G0916:53' → word:'G0916 53' | mid:'0916 53' | line:'G0916 53' ## '2026.09.98' → word:'2026.09.08' | mid:'2026.09.08' | line:'2026.09.08'
000419,2026-08-05,,2026-08-05,2026-08-05,2026-08-05,2026-08-05,2026-08-05,0,0,,0.0,
000420,2025-12-04,,2025-12-04,2025-12-04,2025-12-04,2025-12-04,2025-12-04,0,0,,0.003,
000421,2026-07-17,,2026-07-17,2026-07-17,2026-07-17,2026-07-17,2026-07-17,0,0,,0.0,
000422,2026-06-09,2,2026-06-09,2026-06-09,2026-06-09,2026-06-09,2026-06-09,0,0,,0.0,
000423,2026-06-04,b,2026-06-02,2026-06-02,2026-06-02,2026-06-02,2026-06-02,0,0,,0.0,
000424,2026-03-28,,2026-03-28,2026-03-28,2026-03-28,2026-03-28,2026-03-28,0,0,,0.0,
000425,2025-11-05,,2025-11-05,2025-11-05,2025-11-05,2025-11-05,2025-11-05,0,0,,0.0,
000426,2026-12-26,,2026-12-26,2026-12-26,2026-12-26,2026-12-26,2026-12-26,0,0,,0.0,
000427,2027-04-01,,2027-04-01,2027-04-01,2027-04-01,2027-04-01,2027-04-01,0,0,,0.0,
000429,2026-01-04,,2026-01-04,2026-01-04,2026-01-04,2026-01-04,2026-01-04,0,1,,0.396,'080-730-5336  ' → word:'080730-536 ' | mid:'080730-536  ' | line:''
000430,2028-02-01,,2028-02-01,2028-02-01,2028-02-01,2028-02-01,2028-02-01,0,0,,0.0,
000431,2026-03-17,,2026-03-17,2026-03-17,2026-03-17,2026-03-17,2026-03-17,0,1,,1.09,'00 1  198104150 24879 .9 99 9 0-730-5336-NESCAFE1s a 4 100g NACCS SAY 2272 2240 IEY 25 H1X E' → word:'00 10  050 144 19  00-730-536NESCAFE  100g HACE  1272 2240 MEY 25 14 iEt' | mid:'00   0024 2  19  080-730-56NESCAFE  100g HACCE  272 220 MY 25 HA it' | line:'E'
000433,2026-08-05,,2026-08-05,2026-08-05,2026-08-05,2026-08-05,2026-08-05,0,0,,0.0,
000434,2026-10-28,,2026-10-28,2026-10-28,2026-10-28,2026-10-28,2026-10-28,0,2,,0.469,'87284.8828484' → word:'2' | mid:'72' | line:'2' ## '080-43-888 ' → word:' 3088 ' | mid:'37' | line:' 3088 '
000435,2026-07-14,,2026-07-14,2026-07-14,2026-07-14,2026-07-14,2026-07-14,0,0,,0.0,
000436,2026-02-12,,2026-02-12,2026-02-12,2026-02-12,2026-02-12,2026-02-12,0,0,,0.0,
000437,2025-11-19,,NONE,NONE,NONE,NONE,NONE,0,0,,0.0,
000438,2026-02-19,t,NONE,NONE,NONE,NONE,NONE,0,0,,0.0,
000439,2026-03-18,,2026-03-18,2026-03-18,2026-03-18,2026-03-18,2026-03-18,0,1,,0.26,'A8 7 7   41-05:23 HITIO ' → word:'A877x1 41 -05 23 HINIO' | mid:'1H1717x1 41-05 23 HINIO' | line:'4'
000440,2026-08-13,2,NONE,NONE,NONE,NONE,NONE,0,0,,0.0,
000442,2025-11-30,,2025-11-30,2025-11-30,2025-11-30,2025-11-30,2025-11-30,0,1,,0.766,'20721021-15 878772 2419760263 HZALHH 0041377 2 7 ' → word:'022101 2 6 A 004137 2  ' | mid:'2101  6 AH 004137 22  ' | line:'T'
000443,2026-04-06,,2026-04-06,2026-04-06,2026-04-06,2026-04-06,2026-04-06,0,0,,0.0,
000444,2026-07-01,,2026-07-01,2026-07-01,2026-07-01,2026-07-01,2026-07-01,0,0,,0.0,
000445,2026-07-17,,2026-07-17,2026-07-17,2026-07-17,2026-07-17,2026-07-17,0,2,,0.797,'  2 0 kcal  213.0 324 080-03-411' → word:'H 2  28   003' | mid:'H  2a  28 k  00034' | line:'' ## 'Ega-TE 83  8-88420 ' → word:'17 ga-T 83  3  3  ' | mid:'17 mga-T 83   3    10 3  ' | line:''
000447,2025-11-22,,2025-11-22,2025-11-22,2025-11-22,2025-11-22,2025-11-22,0,0,,0.0,
000448,2026-08-20,,2026-08-20,2026-08-20,2026-08-20,2026-08-20,2026-08-20,0,0,,0.0,
000449,2026-01-28,,2026-01-28,2026-01-28,2026-01-28,2026-01-28,2026-01-28,0,0,,0.0,
000450,2026-03-11,2,2026-03-11,2026-03-11,2026-03-11,2026-03-11,2026-03-11,0,0,,0.0,
000451,2026-02-27,2,2026-02-27,2026-02-27,2026-02-27,2026-02-27,2026-02-27,0,0,,0.0,
000452,2026-03-25,2,NONE,NONE,NONE,NONE,NONE,0,3,,1.571,'THTHW  0 88  7120845CH20088  2022859:45' → word:'TFTH WTIA    7 21 02 0  2 ' | mid:'TFTHEWTIA  od x  x 257F2 01191  12 0  20  2   ' | line:'t' ## '202:38:3509:45' → word:'A9 ' | mid:'A39 ' | line:'A9 ' ## '9 T73H O   257:2101ED CH2O' → word:'2  TFIH WA    57121 0 HCF2  ' | mid:'e  ThIH eWa      257121 024 Ch CF2o  m' | line:'7  5721 020  '
000453,2026-01-26,2,2025-08-27,2025-08-27,2025-08-27,2025-08-27,2025-08-27,0,0,,0.0,
000454,2025-07-15,2,2025-07-15,2025-07-15,2025-07-15,2025-07-15,2025-07-15,0,0,,0.0,
000455,2026-02-10,2,2026-02-10,2026-02-10,2026-02-10,2026-02-10,2026-02-10,0,1,,0.214,'2125.08.11 10:48 ' → word:'X2025.08. 110 86 ' | mid:'EX2025.08.1110 86 ' | line:'X2025.08. 110 86 '
000456,2025-12-26,2,2025-12-26,2025-12-26,2025-12-26,2025-12-26,2025-12-26,0,0,,0.0,
000459,2026-01-19,,NONE-01-19,2025-04-01,NONE-01-19,NONE-01-19,2025-04-01,0,4,,8.933,'0. 130 1E    9494422720104022 6 7T5 0 0  40147 LL 4A84      9  126.01.1901x1 O5 A  8015  P 2OETE A LH A7.29 9  2 20  -  U 4271 EL ' → word:'0  F3 1 J   L L6           225.01.1901 5 20 15 PA 21T AI H A. E 2 20  X T HA  A7  AERLEH ' | mid:'0  F2 1 J   L I64  2  L1  4      2025.01.19011  20 15 PA 21F AILH A  ER 2 20  8  H  M7 9 AOBLER ' | line:'63' ## '126 01.1901  2 P  150 13d AB4 AEME 729 4 8 wey 
000461,2026-11-28,,2026-11-28,2026-11-28,2026-11-28,2026-11-28,2026-11-28,0,0,,0.0,
000462,2027-05-27,,2027-05-27,2027-05-27,2027-05-27,2027-05-27,2027-05-27,0,0,,0.0,
000464,2026-03-19,,2026-05-19,2026-05-19,2026-05-19,2026-05-19,2026-05-19,0,1,,0.187,'2026.0.5919 712' → word:'7.5' | mid:'22.512 ' | line:'7.5'
000465,2027-07-30,t,2027-07-30,2027-07-30,2027-07-30,2027-07-30,2027-07-30,0,0,,0.0,
000466,2027-06-07,t,2027-06-17,2027-06-17,2027-06-17,2027-06-17,2027-06-17,0,0,,0.0,
000467,2025-12-26,,2025-12-26,2025-12-26,2025-12-26,2025-12-26,2025-12-26,0,0,,0.0,
000469,2026-07-21,,2026-07-21,2026-07-21,2026-07-21,2026-07-21,2026-07-21,0,0,,0.0,
000470,2026-08-06,,2026-08-06,2026-08-06,2026-08-06,2026-08-06,2026-08-06,0,1,,0.241,' 080-024-606' → word:'TMI 080-024-6060' | mid:' 080-024-6060' | line:'00-024600'
000471,2027-01-08,,2027-01-08,2027-01-08,2027-01-08,2027-01-08,2027-01-08,0,0,,0.0,
000473,2026-05-21,,NONE,NONE,NONE,NONE,NONE,0,2,,1.867,'8c 8 1 20   0g 32  0  O.ng 16   9g XK46069 CO 30-0899066' → word:'18 g 8  20   Og 32 0  O.ng 16   9g 69  30966' | mid:'18 g 8  20   Oa 32 0  0.ng 16   99 26  3430-086' | line:'B8 20   ' ## '20   0   16   25M30-08990663' → word:'20   0  16   C0' | mid:'20   0  16   C90' | line:'8  20 32 0 16 XE30-089906'
000474,2026-06-26,,2026-06-06,2026-06-06,2026-06-06,2026-06-06,2026-06-06,0,0,,0.0,
000476,2026-07-06,,2026-07-06,2026-07-06,2026-07-06,2026-07-06,2026-07-06,0,0,,0.0,
000477,2026-07-21,,2026-07-21,2026-07-21,2026-07-21,2026-07-21,2026-07-21,0,0,,0.0,
000478,2026-06-11,,NONE,NONE,NONE,NONE,NONE,0,0,,0.0,
000479,2026-05-22,,2026-05-22,2026-05-22,2026-05-22,2026-05-22,2026-05-22,0,0,,0.0,
000480,2026-06-04,,2026-07-21,2026-07-21,2026-07-21,2026-07-21,2026-07-21,0,0,,0.0,
000481,2026-03-09,,2026-03-09,2026-03-09,2026-03-09,2026-03-09,2026-03-09,0,0,,0.0,
000482,2026-11-14,b,2025-01-02,2025-01-02,2025-01-02,2025-01-02,2025-01-02,0,2,,2.129,'2025 V-n O  Hm: 5.8  V 141175  :1544-9492047  /340kcal  227 4 288488294230 H2 0   OIOXH  L89359340 kca 4 2LO0' → word:'2025 V-1 2 D2 1  Rm 5.8    14171  08 154-487447 g/340kcal    28223W 12 011 A28 OO  30 cal OK L ' | mid:'2025 V-1 2 OP 1  Rm 5.8     141171 - 8 1544-949 2047  9/340kcal    222882892W 12 011 X2 OO   0 cal OK  ' | line:'S7' ## ':1544-9449 2447 ' → word:'8 1544-9497447 ' | mid:'8 154
000483,2027-04-15,,2027-04-15,2027-04-15,2027-04-15,2027-04-15,2027-04-15,0,0,,0.0,
000484,2027-11-14,,2027-11-14,2027-11-14,2027-11-14,2027-11-14,2027-11-14,0,0,,0.0,
000485,2027-09-17,,NONE,NONE,NONE,NONE,NONE,0,0,,0.0,
000487,2027-12-11,,2027-12-11,2027-12-11,2027-12-11,2027-12-11,2027-12-11,0,0,,0.0,
000489,2026-05-08,,2026-05-08,2026-05-08,2026-05-08,2026-05-08,2026-05-08,0,1,,0.714,'QX 9939 858423324 24C44.82.0505 28 4248' → word:' 770    T2O a 4x 4' | mid:' 7170    X2E6  4' | line:' '
000490,2025-11-27,,2025-11-27,2025-11-27,2025-11-27,2025-11-27,2025-11-27,0,0,,0.0,
000493,2026-06-17,,2026-06-17,2026-06-17,2026-06-17,2026-06-17,2026-06-17,0,1,,0.496,'3.87188324 74    2945.973' → word:'3.74   ' | mid:'3.7474   45' | line:''
000494,2025-12-12,2,2025-12-12,2025-12-12,2025-12-12,2025-12-12,2025-12-12,0,0,,0.0,
000495,2026-02-19,2,2028-08-09,2028-08-09,2028-08-09,2028-08-09,2028-08-09,0,4,,11.499,'002248421  5 E0E 7 477 527 0 M  87 2 27 0 24225827 XE 19E080-023-57001522-4002 OH  79M  E   1925212 4420  879 30418407821 20211   19760487005230 .O.HH0 77X V 18Y 7 31 88011171555719  F O2I2 http://www.orionworld. 202.0.20 -52  52  E 1' → word:'  M1  E4 0  2 D2  2  AFEA 2 9080023570 152400 OHED     2 204 H 700C M  UO 19760487005230 DZCHO  AH77 X CXa AH  71t 1 F O2IO http //www.orionworld.com 202.0
000496,2027-03-05,,2027-03-05,2027-03-05,2027-03-05,2027-03-05,2027-03-05,0,0,,0.0,
000497,2026-08-31,,NONE,NONE,NONE,NONE,NONE,0,2,,0.853,' 26.08.312WB  .08.5 E 8' → word:'  26.08.319513  2  E ' | mid:'  26.08.313K13 C 28 0  E ' | line:'O' ## '26.08.31343' → word:'26.08.319113' | mid:'26.08.313K1B' | line:'26.08.319113'
000498,2026-03-07,,2026-03-07,2026-03-07,2026-03-07,2026-03-07,2026-03-07,0,0,,0.0,
000499,2026-05-13,,2026-05-13,2026-05-13,2026-05-13,2026-05-13,2026-05-13,0,0,,0.0,
000500,2026-12-17,2,2026-12-17,2026-12-17,2026-12-17,2026-12-17,2026-12-17,0,1,,1.643,'CR79IR7RN BPR UR 4  9   1E  32 824 45 58 05 n047 NH OBOOL  2.450m 12 4g15  8  E L85/1020kca' → word:' 3  E   U E2  U L B   440 H47  GOOH  cYanmaGentaYellowb 1 180 La2 1 10dg 20 kal' | mid:'   E  TEE U E2  U9 L B  1 440 247   GOOH  cYanmaGenentaYllowb 1 1Y8a20 L82 509 100d g230kal' | line:' '
000502,2026-06-20,,2026-06-20,2026-06-20,2026-06-20,2026-06-20,2026-06-20,0,0,,0.0,
000503,2026-02-18,,2026-02-10,2026-02-10,2026-02-10,2026-02-10,2026-02-10,0,1,,1.307,'OFEFTH  HOLE Jon  OH 3 KE f O HE 3  O 8 801128 503488 110   95 kal  26.02.187x/vF FAKER FTH KING FLEGEND' → word:'OFET HOT n OEIO O A3 i TT O E3   8 011803488 /1  95 kal  26.02.1871X /YFF FAKER La KING FF LGEND' | mid:'OFET HOH n OT9O O 33 i3 FT O L3   8 801128803488 /1  95 kal 26.02.187XI/YFF FAKER La KING FF LGEND' | line:'Cg'
000504,2026-02-28,,2026-02-28,2026-02-28,2026-02-28,2026-02-28,2026-02-28,0,0,,0.0,
000505,2026-03-02,,NONE,NONE,NONE,NONE,NONE,0,3,,1.663,'PLET O 26.03.0244 FT FAKER KING OF-LEGEND' → word:'ELI O 26.03.0271  FAKER KING FLEGEND' | mid:'LI Of 26.03.0270  FAKER KING LEGEND' | line:'O' ## 'QICCTH HOFH . 040 EELE    26.03.0274/90 F FAKER KING OFLEGEND' → word:'OET  D1OF ST OO HEELI  Q 26.03.0271901 F FAKER KING FLEEND' | mid:'OT  D1OF ST OO HEEL HCO o 26.03.0271X/90 F1  FAKER KING FLEEND' | line:'O' ## 'MN3E 882/110g1495.cal' → word:'L 3
000506,2026-06-18,2,2026-06-11,2026-06-11,2026-06-11,2026-06-11,2026-06-11,0,0,,0.0,
000507,2026-05-19,2,2026-05-19,2026-05-19,2026-05-19,2026-05-19,2026-05-19,0,0,,0.001,
000510,2026-09-03,,2026-09-03,2026-09-03,2026-09-03,2026-09-03,2026-09-03,0,0,,0.0,
000511,2026-03-24,,2026-03-24,2026-03-24,2026-03-24,2026-03-24,2026-03-24,0,0,,0.0,
000512,2026-02-17,,2026-02-17,2026-02-17,2026-02-17,2026-02-17,2026-02-17,0,1,,0.403,'JUI YOSHITO 1992-2025 Licensed by Animation' → word:'HIT0ic ' | mid:'HIT0' | line:'HIT0ic '
000513,2026-09-03,,2026-09-03,2026-09-03,2026-09-03,2026-09-03,2026-09-03,0,0,,0.0,
000514,2026-07-13,,2026-07-13,2026-07-13,2026-07-13,2026-07-13,2026-07-13,0,0,,0.0,
000516,2026-07-16,,2026-07-16,2026-07-16,2026-07-16,2026-07-16,2026-07-16,0,1,,1.229,'   015 C F70  42101 200  E6 OO PONO:A E NPEEEE XHXI /1899-3000' → word:'0 05 0  a    F0 0 200 B E O  TE AL TTI 1899-300' | mid:'  0  02  40  F0  0 2100  EE O  LE AL TTI G1899-300' | line:' '
000517,2026-09-25,,2026-09-25,2026-09-25,2026-09-25,2026-09-25,2026-09-25,0,0,,0.0,
000518,2026-09-14,,2026-09-14,2026-09-14,2026-09-14,2026-09-14,2026-09-14,0,0,,0.0,
000519,2026-08-10,2,2026-08-10,2026-08-10,2026-08-10,2026-08-10,2026-08-10,0,0,,0.0,
000520,2026-09-15,,2026-09-15,2026-09-15,2026-09-15,2026-09-15,2026-09-15,0,0,,0.0,
000521,2026-03-10,2,2026-03-10,2026-03-10,2026-03-10,2026-03-10,2026-03-10,0,0,,0.0,
000522,2026-02-21,2,NONE,NONE,NONE,NONE,NONE,0,0,,0.0,
000523,2026-03-23,2,2026-03-23,2026-03-23,2026-03-23,2026-03-23,2026-03-23,0,0,,0.0,
000524,2026-06-18,,2026-06-18,2026-06-18,2026-06-18,2026-06-18,2026-06-18,0,0,,0.0,
000525,2027-09-08,,2027-09-08,2027-09-08,2027-09-08,2027-09-08,2027-09-08,0,1,,0.565,'BA8O ANA H   080-254-6580' → word:'A8 ANA  8 000-254-6580' | mid:'A8 ANT  N8 000-24-6580' | line:'I  8'
000527,2025-10-12,,NONE,NONE,NONE,NONE,NONE,0,1,,0.168,'2U25 10.1247.384.C.J' → word:'4125 101241 484 65' | mid:'4125 10.124184GJ' | line:'4125 101241 484 65'
000529,2026-01-12,,2026-01-12,2026-01-12,2026-01-12,2026-01-12,2026-01-12,0,0,,0.0,
000530,2026-06-24,,2030-12-14,2030-12-14,2030-12-14,2030-12-14,2030-12-14,0,1,,0.335,'126.05.247 c' → word:'926.05.247 C' | mid:'926.05.247 C' | line:'0926.06.247'
000531,2026-02-28,,2026-02-28,2026-02-28,2026-02-28,2026-02-28,2026-02-28,0,0,,0.0,
000532,2026-02-28,,2026-02-28,2026-02-28,2026-02-28,2026-02-28,2026-02-28,0,0,,0.0,
000533,2026-03-26,,2026-03-26,2026-03-26,2026-03-26,2026-03-26,2026-03-26,0,1,,0.448,'HA080-088-1212' → word:'17HAFEA080-088-1212' | mid:'17HAEA080-088-1212' | line:'17HAFEA080-088-1212'
000534,2027-01-29,,2027-01-29,2027-01-29,2027-01-29,2027-01-29,2027-01-29,1,1,6.87,0.336,'202701.29' → word:'P 2027.01.29' | mid:'P 2027.01.29' | line:'P 2027.01.29'
000535,2026-02-04,,2026-02-04,2026-02-04,2026-02-04,2026-02-04,2026-02-04,0,0,,0.0,
000536,2026-01-01,,2026-01-01,2026-01-01,2026-01-01,2026-01-01,2026-01-01,0,0,,0.0,
000538,2026-02-06,,2026-02-06,2026-02-06,2026-02-06,2026-02-06,2026-02-06,0,0,,0.0,
000539,2027-08-11,,NONE,NONE,NONE,NONE,NONE,0,0,,0.001,
000540,2026-03-24,,2026-03-24,2026-03-24,2026-03-24,2026-03-24,2026-03-24,0,0,,0.0,
000541,2026-03-22,,2026-03-22,2026-03-22,2026-03-22,2026-03-22,2026-03-22,0,0,,0.0,
000542,2027-07-22,,2027-07-22,2027-07-22,2027-07-22,2027-07-22,2027-07-22,0,1,,1.281,'356-4462 8   7 000 19  ma ffra   CIMA a 5 5g 49   24  56   5  2 ' → word:'35646   OT 000 19    of  M 3211   43 OE  24  56  5  2 ' | mid:'356-46   OT 000 19   a  f   M 2all   49 OE  24  6  5  2 ' | line:'T'
000543,2026-06-23,,2026-06-23,2026-06-23,2026-06-23,2026-06-23,2026-06-23,0,0,,0.0,
000545,2027-07-09,,2027-07-09,2027-07-09,2027-07-09,2027-07-09,2027-07-09,0,0,,0.0,
000546,2026-08-10,2,2026-08-10,2026-08-10,2026-08-10,2026-08-10,2026-08-10,0,0,,0.0,
000547,2026-05-28,,2026-05-28,2026-05-28,2026-05-28,2026-05-28,2026-05-28,0,0,,0.0,
000548,2026-05-26,,2026-05-26,2026-05-26,2026-05-26,2026-05-26,2026-05-26,0,0,,0.0,
000549,2027-01-16,,2027-01-16,2027-01-16,2027-01-16,2027-01-16,2027-01-16,0,1,,0.349,'401.21.4k   01 0' → word:'yl 12114  r' | mid:'y1l 1./1.4 .  r' | line:'yol t 14  '
000550,2026-05-29,,2026-05-29,2026-05-29,2026-05-29,2026-05-29,2026-05-29,0,0,,0.0,
000551,2026-12-19,,2026-12-19,2026-12-19,2026-12-19,2026-12-19,2026-12-19,1,1,2.59,0.492,'080-019-9119  R84 NE3' → word:'080-019-119   B4 E3' | mid:'080-019-9119   B4 NE3' | line:'4'
000552,2026-09-07,,2026-09-07,2026-09-07,2026-09-07,2026-09-07,2026-09-07,0,0,,0.0,
000553,2028-10-24,,2022-10-24,2022-10-24,2022-10-24,2022-10-24,2022-10-24,0,1,,0.502,'2123.10.24 J  OTHTER  0025865402' → word:'t 2.1.24  1   O THER 1u ' | mid:'t 2.1.24  x  O THER V ' | line:'A'
000554,2027-09-17,,2027-09-17,2027-09-17,2027-09-17,2027-09-17,2027-09-17,0,0,,0.0,
000555,2027-04-16,,2027-04-16,2027-04-16,2027-04-16,2027-04-16,2027-04-16,0,0,,0.0,
000556,2026-08-07,e,2026-08-07,2026-08-07,2026-08-07,2026-08-07,2026-08-07,0,1,,0.19,'2026.08.0' → word:'2026.08.07' | mid:'2026.08.07' | line:'2026.08.07'
000557,2026-08-12,,2026-08-12,2026-08-12,2026-08-12,2026-08-12,2026-08-12,0,1,,0.332,'1.9 5000-30 m0  SE ' → word:'191 0 00 HE.' | mid:'191 500 0e0 H.' | line:'Ia e so  '
000558,2025-05-16,,2025-05-16,2025-05-16,2025-05-16,2025-05-16,2025-05-16,0,0,,0.0,
000559,2027-04-21,,2027-04-21,2027-04-21,2027-04-21,2027-04-21,2027-04-21,0,0,,0.0,
000560,2027-07-13,,2027-07-13,2027-07-13,2027-07-13,2027-07-13,2027-07-13,0,0,,0.0,
000561,2028-08-07,,2028-08-07,2028-08-07,2028-08-07,2028-08-07,2028-08-07,0,2,,2.132,' Z ON  CN 702 484 1399080-023-9114 MAXIM   201 AHI7  2628.08.07 11:46 www.dongsuh.co.kr F7PP O24  0 8 801037000382 11x ' → word:'       0 0 AX  E  AH 71   8.08.0711 46 www.dongsuh.co.kr  7P 2    8 8801037000382 mx1' | mid:'       0 00 AX E  A 71  AH128.08.0711 46 www.dongsuh.co.kr  7P 2    8 8801037 00382  mkx1' | line:'C' ## '  N   Y 4  1399080-02391 MAXIM  O 2' → word:'       0003921 AX   ' | m
000562,2025-12-30,,2025-12-30,2025-12-30,2025-12-30,2025-12-30,2025-12-30,0,0,,0.0,
000563,2026-01-10,,2026-01-10,2026-01-10,2026-01-10,2026-01-10,2026-01-10,0,1,,0.33,'26.01.1071X ' → word:'26.01.107x ' | mid:'26.01.107x ' | line:'26.01.107x '
000564,2026-06-25,,2026-06-25,2026-06-25,2026-06-25,2026-06-25,2026-06-25,0,0,,0.0,
000565,2025-12-05,,2025-12-05,2025-12-05,2025-12-05,2025-12-05,2025-12-05,0,0,,0.0,
000566,2026-09-17,,2026-09-17,2026-09-17,2026-09-17,2026-09-17,2026-09-17,0,0,,0.0,
000567,2025-10-29,,2025-10-29,2025-10-29,2025-10-29,2025-10-29,2025-10-29,0,0,,0.0,
000568,2026-02-23,,2026-02-23,2026-02-23,2026-02-23,2026-02-23,2026-02-23,0,0,,0.0,
000569,2025-11-02,,2025-11-02,2025-11-02,2025-11-02,2025-11-02,2025-11-02,0,0,,0.0,
000570,2026-05-20,,2026-05-20,2026-05-20,2026-05-20,2026-05-20,2026-05-20,0,0,,0.0,
000571,NONE-10-18,,2024-11-18,2024-11-18,2024-11-18,2024-11-18,2024-11-18,0,1,,0.322,'10m15100/130' → word:'b10m151001/130' | mid:'b10m151009/130' | line:'b10m151001/130'
000572,NONE-10-15,,NONE-10-15,NONE-10-15,NONE-10-15,NONE-10-15,NONE-10-15,0,1,,0.266,'10.15771 13:56' → word:'10.15771 13 56' | mid:'10.15771 13 56' | line:'10.15713 56'
000573,NONE-10-22,,NONE-10-22,NONE-10-22,NONE-10-22,NONE-10-22,NONE-10-22,0,1,,1.018,'gx 4fra2  THO 320 g  288 kcal/80 gX 4  A 0 L  0 10   06 100.00142   Hh OAZ ' → word:'gx4 THO 320 g  288 kcal/80 g X4 B A 4 J 0 10   00012    ' | mid:'gx4 THO 320 g  288 kcal/80 X 4 B A 42  0 10   0  0042  H A ' | line:' '
000574,2026-02-24,,2026-02-24,2026-02-24,2026-02-24,2026-02-24,2026-02-24,0,0,,0.0,
000575,NONE-10-14,,NONE,NONE,NONE,NONE,NONE,0,0,,0.0,
000576,2026-05-21,2,2026-05-21,2026-05-21,2026-05-21,2026-05-21,2026-05-21,0,0,,0.0,
000577,2026-04-20,,2026-04-20,2026-04-20,2026-04-20,2026-04-20,2026-04-20,0,0,,0.0,
000578,2026-03-04,,2026-03-04,2026-03-04,2026-03-04,2026-03-04,2026-03-04,0,0,,0.0,
000579,2026-07-10,,2026-07-10,2026-07-10,2026-07-10,2026-07-10,2026-07-10,0,0,,0.0,
000581,2026-02-25,,2026-02-25,2026-02-25,2026-02-25,2026-02-25,2026-02-25,0,0,,0.0,
000583,2025-11-23,,2025-11-NONE,2025-11-NONE,2025-11-NONE,2025-11-NONE,2025-11-NONE,0,0,,0.0,
000584,2026-07-15,2,2026-07-15,2026-07-15,2026-07-15,2026-07-15,2026-07-15,0,0,,0.0,
000585,2026-05-16,,2020-02-02,2020-02-02,2020-02-02,2020-02-02,2020-02-02,0,0,,0.0,
000586,2026-03-14,,2026-03-14,2026-03-14,2026-03-14,2026-03-14,2026-03-14,0,0,,0.0,
000587,2026-02-07,,2026-02-17,2026-02-17,2026-02-17,2026-02-17,2026-02-17,0,1,,1.71,'SENS OO  LiE10 g 1  99    20  2026. xx2xIO 02 OTHER 07 28 99  0 mg  1.2g 2  1666-5471 24  HENEMIE 4  10 U F 8801007 o Lo 1300 kcal EA E 7-09' → word:'ENEA N SH GOL   LE  10 g    X     2026. oO 02. OTHER 07 4 28 9  g 0  X 1.22  1666-5471 24  HEMIE 4 10 U  880102  LH 130 0kcal HA  70' | mid:'E E  O GO   LE  10 g1     X      2026. oToO 02. OTHER 07  28  9  g 0  X1.2 2  1666-5471 24  HEHEAE A 10 U  8
000588,2025-11-28,,2025-11-28,2025-11-28,2025-11-28,2025-11-28,2025-11-28,0,0,,0.0,
000589,2026-04-02,,2026-04-02,2026-04-02,2026-04-02,2026-04-02,2026-04-02,0,0,,0.0,
000590,2025-12-05,,2025-12-05,2025-12-05,2025-12-05,2025-12-05,2025-12-05,1,0,1.05,0.0,
000591,2026-07-27,,2026-07-27,2026-07-27,2026-07-27,2026-07-27,2026-07-27,0,0,,0.0,
000593,2026-07-22,,2026-07-22,2026-07-22,2026-07-22,2026-07-22,2026-07-22,0,0,,0.0,
000594,2026-08-25,2,2026-08-25,2026-08-25,2026-08-25,2026-08-25,2026-08-25,0,0,,0.0,
000595,2026-05-01,,2026-05-01,2026-05-01,2026-05-01,2026-05-01,2026-05-01,0,0,,0.0,
000597,2026-09-02,2,2026-09-02,2026-09-02,2026-09-02,2026-09-02,2026-09-02,0,0,,0.0,
000598,2026-03-09,2,2026-03-09,2026-03-09,2026-03-09,2026-03-09,2026-03-09,0,0,,0.0,
000599,2026-09-04,,2026-09-04,2026-09-04,2026-09-04,2026-09-04,2026-09-04,0,0,,0.0,
000600,2026-08-31,,2026-08-31,2026-08-31,2026-08-31,2026-08-31,2026-08-31,0,0,,0.0,
000601,2026-01-27,,2026-01-27,2026-01-27,2026-01-27,2026-01-27,2026-01-27,0,0,,0.0,
000602,2026-09-22,2,2025-09-20,2025-09-20,2025-09-20,2025-09-20,2025-09-20,0,0,,0.0,
000603,2026-09-24,,NONE,NONE,NONE,NONE,NONE,0,3,,1.959,'  E 1399 OTO 7   0 WHANLE HOHTAE CIE 1 TI2HTOMIET 8 801062002542 26.09.24B C80-200 http:/ OTHER' → word:'  E  0 139     01  H  HRE NE NNO 7 E 8 8801062002542 26.09.24B 10-Du0 htp / OTHER' | mid:'  E  01 139    01  HA  HRE NE NNL 7 2HE 8 8801062 002542 26.09.24B E1 C30-Du0 http / OTHR' | line:'' ## ' O 120 4 WEE CNN HEAE : 801062 002542 26.09.24B DET OTHER' → word:' 0 4 HE  NN HRE NE 8 8801062 002
000605,2028-07-01,,2028-07-01,2028-07-01,2028-07-01,2028-07-01,2028-07-01,0,0,,0.0,
000606,2026-10-01,,2026-10-01,2026-10-01,2026-10-01,2026-10-01,2026-10-01,0,0,,0.0,
000607,2028-06-23,,2028-06-23,2028-06-23,2028-06-23,2028-06-23,2028-06-23,0,0,,0.0,
000608,2026-08-13,,2026-08-13,2026-08-13,2026-08-13,2026-08-13,2026-08-13,0,1,,0.3,'15:0537E5' → word:'16105327Es' | mid:'16 05327Es' | line:'16105327Es'
000609,2027-06-11,,2027-06-11,2027-06-11,2027-06-11,2027-06-11,2027-06-11,0,0,,0.0,
000610,2026-06-04,,2026-06-04,2026-06-04,2026-06-04,2026-06-04,2026-06-04,0,0,,0.0,
000611,2026-07-20,,2026-07-20,2026-07-20,2026-07-20,2026-07-20,2026-07-20,0,1,,0.478,'20924   200 ca 080-019-911  4AXIR3' → word:'408  0 080-019-9119  4AIRH ' | mid:' 408 00 080-019-9119  4AXO ' | line:' '
000612,2026-05-07,,2026-05-07,2026-05-07,2026-05-07,2026-05-07,2026-05-07,0,0,,0.0,
000613,2026-05-28,,2026-05-28,2026-05-28,2026-05-28,2026-05-28,2026-05-28,0,0,,0.0,
000614,2026-03-07,,2026-03-07,2026-03-07,2026-03-07,2026-03-07,2026-03-07,0,0,,0.0,
000616,2026-09-10,,2026-09-10,2026-09-10,2026-09-10,2026-09-10,2026-09-10,0,0,,0.0,
000617,2026-07-11,,2026-07-11,2026-07-11,2026-07-11,2026-07-11,2026-07-11,0,0,,0.0,
000619,2026-09-15,,2026-09-15,2026-09-15,2026-09-15,2026-09-15,2026-09-15,0,0,,0.0,
000621,2026-08-25,,2026-08-25,2026-08-25,2026-08-25,2026-08-25,2026-08-25,0,0,,0.0,
000622,2027-01-22,,2027-01-22,2027-01-22,2027-01-22,2027-01-22,2027-01-22,0,0,,0.0,
000623,2027-03-10,,2027-03-10,2027-03-10,2027-03-10,2027-03-10,2027-03-10,0,0,,0.0,
000624,2027-06-15,2,2027-06-15,2027-06-15,2027-06-15,2027-06-15,2027-06-15,0,1,,0.364,'H00-96-77 M 8010' → word:'6-8-77 8010' | mid:'8-86-77 188010' | line:' 8'
000625,2027-04-01,,2027-04-01,2027-04-01,2027-04-01,2027-04-01,2027-04-01,0,1,,0.171,'080-996-7' → word:'080-996-77' | mid:'080-996-77' | line:'080-996-77'
000626,2026-07-01,,2026-07-01,2026-07-01,2026-07-01,2026-07-01,2026-07-01,0,0,,0.0,
000627,2026-10-06,2,NONE,NONE,NONE,NONE,NONE,0,2,,0.535,'2838:98:80' → word:'82828 98 BE F2' | mid:'82828 98 8 F2' | line:'82828 98 BE F2' ## 'PRO EX 2028:08:00' → word:'PRC EX 92838 98  8F' | mid:'PRO EX 92838 98  8' | line:'6 2832 98  80 P'
000628,2025-02-03,,2025-02-03,2025-02-03,2025-02-03,2025-02-03,2025-02-03,0,0,,0.0,
000631,2025-11-15,,2025-11-15,2025-11-15,2025-11-15,2025-11-15,2025-11-15,0,0,,0.0,
000632,2025-12-28,,2025-12-28,2025-12-28,2025-12-28,2025-12-28,2025-12-28,0,0,,0.0,
000633,2025-12-24,,2025-12-24,2025-12-24,2025-12-24,2025-12-24,2025-12-24,0,0,,0.0,
000634,2026-02-05,,2026-02-05,2026-02-05,2026-02-05,2026-02-05,2026-02-05,0,0,,0.0,
000636,2026-03-09,,2026-03-09,2026-03-09,2026-03-09,2026-03-09,2026-03-09,0,0,,0.0,
000638,2026-06-16,,2026-06-16,2026-06-16,2026-06-16,2026-06-16,2026-06-16,0,0,,0.0,
000640,2026-02-08,,2026-02-08,2026-02-08,2026-02-08,2026-02-08,2026-02-08,0,0,,0.0,
000641,2026-09-02,,2026-09-02,2026-09-02,2026-09-02,2026-09-02,2026-09-02,0,0,,0.0,
000642,2026-09-01,,2025-03-01,2025-03-01,2025-03-01,2025-03-01,2025-03-01,0,0,,0.0,
000646,2027-01-15,,2027-01-15,2027-01-15,2027-01-15,2027-01-15,2027-01-15,0,0,,0.0,
000648,2028-08-25,,NONE,NONE,NONE,NONE,NONE,0,0,,0.0,
000649,2027-04-07,,2021-01-21,2021-01-21,2021-01-21,2021-01-21,2021-01-21,0,1,,0.457,'202 10:24 04.0777 2D09K' → word:'202 216 24 .04.07771 42D09K' | mid:'202 216 24 04.077171 42D09k' | line:'2927294-0791'
000650,2026-08-05,,2026-08-05,2026-08-05,2026-08-05,2026-08-05,2026-08-05,0,0,,0.0,
000651,2026-06-25,,2026-06-25,2026-06-25,2026-06-25,2026-06-25,2026-06-25,0,1,,0.329,'08:44234-2' → word:'0814484-2' | mid:'08144814-2' | line:'0814484-2'
000652,2027-03-31,,2027-03-31,2027-03-31,2027-03-31,2027-03-31,2027-03-31,0,0,,0.0,
000653,2027-01-19,,2027-01-19,2027-01-19,2027-01-19,2027-01-19,2027-01-19,0,0,,0.0,
000654,2028-07-02,,2028-07-02,2028-07-02,2028-07-02,2028-07-02,2028-07-02,0,0,,0.0,
000655,2026-08-27,,2026-08-27,2026-08-27,2026-08-27,2026-08-27,2026-08-27,0,1,,0.17,'2026.0.7 252 F2' → word:'216. 082.7 B252 2' | mid:'206. 082 27 B252 F2' | line:'216. 082.7 B252 2'
000656,2026-09-04,,2026-09-04,2026-09-04,2026-09-04,2026-09-04,2026-09-04,0,0,,0.0,
000657,2026-07-27,,2026-07-27,2026-07-27,2026-07-27,2026-07-27,2026-07-27,0,0,,0.0,
000658,2026-01-16,,2026-01-16,2026-01-16,2026-01-16,2026-01-16,2026-01-16,0,0,,0.0,
000659,2026-08-24,,2026-08-24,2026-08-24,2026-08-24,2026-08-24,2026-08-24,0,0,,0.0,
000660,2026-02-28,,2026-02-28,2026-02-28,2026-02-28,2026-02-28,2026-02-28,0,0,,0.0,
000661,2026-04-17,,2026-04-17,2026-04-17,2026-04-17,2026-04-17,2026-04-17,0,0,,0.0,
000662,2026-03-11,,2026-03-11,2026-03-11,2026-03-11,2026-03-11,2026-03-11,0,0,,0.0,
000664,2026-02-20,,2026-02-20,2026-02-20,2026-02-20,2026-02-20,2026-02-20,0,0,,0.0,
000667,2026-06-22,2,2026-06-22,2026-06-22,2026-06-22,2026-06-22,2026-06-22,0,0,,0.0,
000668,2026-04-30,,2026-04-30,2026-04-30,2026-04-30,2026-04-30,2026-04-30,0,0,,0.0,
000669,2026-09-02,2,2026-09-02,2026-09-02,2026-09-02,2026-09-02,2026-09-02,0,0,,0.0,
000670,2026-06-24,2,2026-06-24,2026-06-24,2026-06-24,2026-06-24,2026-06-24,0,0,,0.0,
000671,2026-03-31,,2026-03-31,2026-03-31,2026-03-31,2026-03-31,2026-03-31,0,0,,0.0,
000672,2026-02-08,,2026-02-08,2026-02-08,2026-02-08,2026-02-08,2026-02-08,0,1,,0.182,'-024-6060' → word:'024-6060' | mid:'024-6060' | line:'024-6060'
000674,2026-06-02,,2026-06-02,2026-06-02,2026-06-02,2026-06-02,2026-06-02,0,0,,0.0,
000675,NONE,?,2028-06-03,2028-06-03,2028-06-03,2028-06-03,2028-06-03,0,0,,0.0,
000676,2026-06-10,,2026-06-10,2026-06-10,2026-06-10,2026-06-10,2026-06-10,0,0,,0.0,
000677,2027-08-17,,2027-08-17,2027-08-17,2027-08-17,2027-08-17,2027-08-17,0,0,,0.0,
000678,2026-07-24,,2026-07-24,2026-07-24,2026-07-24,2026-07-24,2026-07-24,0,0,,0.0,
000679,2027-09-17,,2027-09-17,2027-09-17,2027-09-17,2027-09-17,2027-09-17,0,2,,0.5,' 080 225-1383' → word:'H080 225-1383' | mid:'H080 225-1383' | line:'H080 225-1383' ## '  / 02 380-5678' → word:' / 02 380-5678' | mid:' / 02 380-5678' | line:' / 02 380-5678'
000680,2025-10-15,,2025-10-15,2025-10-15,2025-10-15,2025-10-15,2025-10-15,0,0,,0.0,
000682,2026-01-25,,2026-01-25,2026-01-25,2026-01-25,2026-01-25,2026-01-25,0,0,,0.0,
000683,2026-03-11,,2026-03-11,2026-03-11,2026-03-11,2026-03-11,2026-03-11,0,0,,0.0,
000684,2026-03-23,,2026-03-23,2026-03-23,2026-03-23,2026-03-23,2026-03-23,0,0,,0.0,
000685,2026-05-28,,2026-05-28,2026-05-28,2026-05-28,2026-05-28,2026-05-28,0,0,,0.0,
000689,2025-10-27,,2025-10-27,2025-10-27,2025-10-27,2025-10-27,2025-10-27,0,2,,0.57,'25.10.27IB' → word:'25.10.27B' | mid:'25.10.27B' | line:'25.10.27B' ## 'IZHSHEMIE 24 1 080-850-1200 1666-5471 221 ' → word:'ZHSME  D 080-850-1200 1666-5471 22 ' | mid:'ZHSHME  D 080-850-1200 1666-5471 2 ' | line:'50120'
000690,2025-10-11,2,2025-10-11,2025-10-11,2025-10-11,2025-10-11,2025-10-11,1,0,2.33,0.0,
000691,2026-09-22,2,2026-09-22,2026-09-22,2026-09-22,2026-09-22,2026-09-22,0,0,,0.0,
000692,2026-08-21,,2026-08-21,2026-08-21,2026-08-21,2026-08-21,2026-08-21,0,0,,0.0,
000693,2026-09-01,2,2026-09-01,2026-09-01,2026-09-01,2026-09-01,2026-09-01,0,0,,0.0,
000694,2026-09-01,,2026-09-01,2026-09-01,2026-09-01,2026-09-01,2026-09-01,0,0,,0.0,
000697,2025-10-07,,2025-10-07,2025-10-07,2025-10-07,2025-10-07,2025-10-07,0,0,,0.0,
000699,2025-10-27,b,NONE,NONE,NONE,NONE,NONE,0,0,,0.0,
000700,2025-10-24,,2025-10-24,2025-10-24,2025-10-24,2025-10-24,2025-10-24,0,0,,0.0,
000703,2026-01-25,,2026-01-25,2026-01-25,2026-01-25,2026-01-25,2026-01-25,0,0,,0.0,
000704,2026-07-29,,2026-07-29,2026-07-29,2026-07-29,2026-07-29,2026-07-29,0,1,,0.631,'     248080-024-23' → word:'  L  24840800-024-2311' | mid:'  L  24840800-024-2311' | line:''
000705,2026-06-29,,2026-06-29,2026-06-29,2026-06-29,2026-06-29,2026-06-29,0,0,,0.0,
000706,2026-03-11,,2026-03-11,2026-03-11,2026-03-11,2026-03-11,2026-03-11,0,0,,0.0,
000708,2025-09-18,,2025-09-18,2025-09-18,2025-09-18,2025-09-18,2025-09-18,0,0,,0.0,
000709,2025-10-14,,2025-10-14,2025-10-14,2025-10-14,2025-10-14,2025-10-14,0,0,,0.0,
000710,2025-10-14,,2025-10-14,2025-10-14,2025-10-14,2025-10-14,2025-10-14,0,0,,0.0,
000711,2025-10-09,,2025-10-09,2025-10-09,2025-10-09,2025-10-09,2025-10-09,0,0,,0.0,
000714,2026-03-12,d,2026-03-12,2026-03-12,2026-03-12,2026-03-12,2026-03-12,0,0,,0.0,
000715,2026-06-26,,2026-06-26,2026-06-26,2026-06-26,2026-06-26,2026-06-26,0,0,,0.0,
000716,2025-11-07,,2025-11-07,2025-11-07,2025-11-07,2025-11-07,2025-11-07,0,0,,0.0,
000717,2025-10-12,,2025-10-12,2025-10-12,2025-10-12,2025-10-12,2025-10-12,0,0,,0.0,
000718,2026-01-17,,2026-01-17,2026-01-17,2026-01-17,2026-01-17,2026-01-17,0,0,,0.0,
000719,2026-04-04,,2026-04-04,2026-04-04,2026-04-04,2026-04-04,2026-04-04,0,0,,0.0,
000720,2026-02-28,,2026-02-28,2026-02-28,2026-02-28,2026-02-28,2026-02-28,0,0,,0.0,
000721,2026-12-17,,2026-12-17,2026-12-17,2026-12-17,2026-12-17,2026-12-17,0,0,,0.0,
000722,2026-08-04,,2026-10-19,2026-10-19,2026-10-19,2026-10-19,2026-10-19,0,0,,0.0,
000723,2026-05-10,,NONE,NONE,NONE,NONE,NONE,0,0,,0.0,
000724,2026-05-20,,2026-05-20,2026-05-20,2026-05-20,2026-05-20,2026-05-20,0,0,,0.0,
000725,2026-04-16,,2026-04-16,2026-04-16,2026-04-16,2026-04-16,2026-04-16,0,1,,0.23,'26.04.161A1 09:20' → word:'26.04.16 09 20' | mid:'26.04.16 09 20' | line:'26.04.16 09 20'
000726,2026-09-16,,2026-09-16,2026-09-16,2026-09-16,2026-09-16,2026-09-16,0,0,,0.0,
000727,2026-06-22,,2026-06-22,2026-06-22,2026-06-22,2026-06-22,2026-06-22,0,0,,0.0,
000728,2026-06-24,,2026-06-24,2026-06-24,2026-06-24,2026-06-24,2026-06-24,0,0,,0.0,
000730,2026-02-26,,2026-02-26,2026-02-26,2026-02-26,2026-02-26,2026-02-26,0,0,,0.0,
000731,2026-03-08,,2026-03-08,2026-03-08,2026-03-08,2026-03-08,2026-03-08,0,0,,0.0,
000732,2026-03-16,,2026-03-15,2026-03-15,2026-03-15,2026-03-15,2026-03-15,0,0,,0.0,
000733,2026-03-24,,2026-03-24,2026-03-24,2026-03-24,2026-03-24,2026-03-24,0,0,,0.0,
000734,2025-10-28,,2025-10-28,2025-10-28,2025-10-28,2025-10-28,2025-10-28,0,0,,0.0,
000735,2027-01-12,,2027-01-12,2027-01-12,2027-01-12,2027-01-12,2027-01-12,0,1,,0.408,'A 02-6747-2300' → word:'A 02-6747-2300' | mid:'A 02-6747-2300' | line:'0-647-2300'
000737,2026-03-04,,2026-03-04,2026-03-04,2026-03-04,2026-03-04,2026-03-04,0,1,,0.201,'23028157 2-873-27' → word:'220231574 02873-22' | mid:'22031574 32-873-22' | line:''
000738,2026-02-12,,2026-02-12,2026-02-12,2026-02-12,2026-02-12,2026-02-12,0,1,,0.328,'09:27:05' → word:'09 27 05' | mid:'09 27 05' | line:'09 27 05'
000741,2025-12-03,2,2025-12-03,2025-12-03,2025-12-03,2025-12-03,2025-12-03,0,0,,0.0,
000742,2026-05-01,,2026-05-01,2026-05-01,2026-05-01,2026-05-01,2026-05-01,0,0,,0.0,
000743,2026-11-16,,2026-11-16,2026-11-16,2026-11-16,2026-11-16,2026-11-16,0,0,,0.0,
000744,2027-08-18,,2027-08-18,2027-08-18,2027-08-18,2027-08-18,2027-08-18,0,1,,0.356,'O0 081:801 022' → word:'8H 842208.8 ' | mid:'0H 84488 ' | line:'84 5'
000745,2026-01-10,,2026-01-10,2026-01-10,2026-01-10,2026-01-10,2026-01-10,0,1,,0.291,'540//625' → word:'50/' | mid:'50/' | line:'50/'
000746,2026-06-23,,2026-06-23,2026-06-23,2026-06-23,2026-06-23,2026-06-23,0,0,,0.0,
000747,2026-06-22,,2026-06-22,2026-06-22,2026-06-22,2026-06-22,2026-06-22,0,0,,0.0,
000748,2027-01-22,,2027-01-22,2027-01-22,2027-01-22,2027-01-22,2027-01-22,0,0,,0.0,
000751,2025-05-08,,2025-05-08,2025-05-08,2025-05-08,2025-05-08,2025-05-08,0,1,,0.382,'080-019-9119 4 ' → word:'080-019-919' | mid:'080-019-911' | line:'080-019-919'
000752,2026-07-09,,2026-07-09,2026-07-09,2026-07-09,2026-07-09,2026-07-09,0,0,,0.0,
000754,2026-05-24,,2026-05-24,2026-05-24,2026-05-24,2026-05-24,2026-05-24,0,0,,0.0,
000756,2027-02-24,,2027-02-24,2027-02-24,2027-02-24,2027-02-24,2027-02-24,0,0,,0.0,
000757,NONE-10-22,,NONE-10-22,NONE-10-22,NONE-10-22,NONE-10-22,NONE-10-22,0,0,,0.0,
000758,2026-03-11,,2026-03-11,2026-03-11,2026-03-11,2026-03-11,2026-03-11,0,0,,0.0,
000759,2026-05-14,,2026-05-14,2026-05-14,2026-05-14,2026-05-14,2026-05-14,0,0,,0.0,
000760,NONE-11-20,,NONE-11-20,NONE-11-20,NONE-11-20,NONE-11-20,NONE-11-20,0,0,,0.0,
000761,NONE-11-11,,NONE-11-11,NONE-11-11,NONE-11-11,NONE-11-11,NONE-11-11,0,0,,0.0,
000762,2026-08-02,,2026-08-02,2026-08-02,2026-08-02,2026-08-02,2026-08-02,0,0,,0.0,
000763,NONE-11-12,,NONE-11-12,NONE-11-12,NONE-11-12,NONE-11-12,NONE-11-12,0,0,,0.0,
000766,2026-09-24,,2026-09-24,2026-09-24,2026-09-24,2026-09-24,2026-09-24,0,0,,0.0,
000767,2026-03-12,b,2026-03-NONE,2026-03-NONE,2026-03-NONE,2026-03-NONE,2026-03-NONE,0,0,,0.0,
000768,2026-06-26,,2026-06-26,2026-06-26,2026-06-26,2026-06-26,2026-06-26,0,0,,0.0,
000769,2026-12-10,,2026-12-10,2026-12-10,2026-12-10,2026-12-10,2026-12-10,0,0,,0.0,
000770,2030-04-NONE,,NONE,NONE,NONE,NONE,NONE,0,0,,0.0,
000771,2019-11-26,,NONE-12-31,NONE-12-31,NONE-12-31,NONE-12-31,NONE-12-31,0,0,,0.0,
000772,NONE-12-20,,NONE,NONE,NONE,NONE,NONE,0,1,,0.63,'OS  12.20.10:07 L7 F5 1 NA P' → word:'B  12.20.10 07 47 F5   A Do' | mid:'EB  12.20.10 07 47 F5  m A Do' | line:'12.20.10.0705 '
000773,NONE-12-10,2,NONE-12-10,NONE-12-10,NONE-12-10,NONE-12-10,NONE-12-10,0,0,,0.0,
000774,2026-02-08,,2026-02-08,2026-02-08,2026-02-08,2026-02-08,2026-02-08,0,0,,0.0,
000775,2025-12-17,,2025-12-17,2025-12-17,2025-12-17,2025-12-17,2025-12-17,0,0,,0.0,
000776,2026-01-09,,2026-01-09,2026-01-09,2026-01-09,2026-01-09,2026-01-09,0,0,,0.0,
000777,2026-03-NONE,,2026-03-NONE,2026-03-NONE,2026-03-NONE,2026-03-NONE,2026-03-NONE,0,4,,0.865,'080-215-9800' → word:'0' | mid:'00' | line:'0' ## 'K26560-14C23-F' → word:'K6523-' | mid:'K623-' | line:'K6523-' ## '10-26560-KORQ1 PP' → word:'10-26560-KORQ1PP' | mid:'10-26560-KORQ1 PP' | line:'10-26560-KORQ1PP' ## '5 K26560-14C23' → word:'5 K26560-14C23-F' | mid:'5 K26560-14C23-F' | line:'5K26560-14C23-F'
000778,2026-06-22,,2026-06-22,2026-06-22,2026-06-22,2026-06-22,2026-06-22,0,0,,0.0,
000779,2026-06-03,,2026-06-03,2026-06-03,2026-06-03,2026-06-03,2026-06-03,0,1,,0.626,'70   00 37 81588-1539   6' → word:'0 H E   o 1588-15 ' | mid:'.H   o 1588-15 ' | line:''
000780,2026-04-27,,2026-04-27,2026-04-27,2026-04-27,2026-04-27,2026-04-27,0,0,,0.0,
000781,2026-10-02,,2026-10-02,2026-10-02,2026-10-02,2026-10-02,2026-10-02,0,0,,0.0,
000783,2025-12-21,,2025-12-21,2025-12-21,2025-12-21,2025-12-21,2025-12-21,0,0,,0.0,
000786,NONE-12-17,2,NONE-12-17,NONE-12-17,NONE-12-17,NONE-12-17,NONE-12-17,0,0,,0.0,
000788,NONE-12-21,,NONE-12-21,NONE-12-21,NONE-12-21,NONE-12-21,NONE-12-21,0,0,,0.0,
000789,NONE-12-19,,NONE-12-19,NONE-12-19,NONE-12-19,NONE-12-19,NONE-12-19,0,0,,0.0,
000790,2027-07-NONE,,2027-07-NONE,2027-07-NONE,2027-07-NONE,2027-07-NONE,2027-07-NONE,0,0,,0.0,
000793,2026-05-06,,2026-05-06,2026-05-06,2026-05-06,2026-05-06,2026-05-06,0,0,,0.0,
000794,2026-10-27,,2026-10-27,2026-10-27,2026-10-27,2026-10-27,2026-10-27,0,0,,0.0,
000795,2026-07-14,2,NONE,NONE,NONE,NONE,NONE,0,0,,0.0,
000796,2026-07-14,2,NONE,NONE,NONE,NONE,NONE,0,0,,0.0,
000798,NONE-12-20,,2024-02-24,2024-02-24,2024-02-24,2024-02-24,2024-02-24,0,0,,0.0,
000800,2026-08-12,,2026-08-12,2026-08-12,2026-08-12,2026-08-12,2026-08-12,0,0,,0.0,
000801,2026-03-25,,2026-03-25,2026-03-25,2026-03-25,2026-03-25,2026-03-25,1,0,1.86,0.0,
000802,2026-07-03,,2026-07-03,2026-07-03,2026-07-03,2026-07-03,2026-07-03,0,0,,0.0,
000804,2027-09-01,d,2027-09-01,2027-09-01,2027-09-01,2027-09-01,2027-09-01,0,0,,0.0,
000806,2026-10-02,,2026-10-02,2026-10-02,2026-10-02,2026-10-02,2026-10-02,0,0,,0.0,
000807,2026-05-29,,2026-05-29,2026-05-29,2026-05-29,2026-05-29,2026-05-29,0,1,,0.131,'04:03:39J11' → word:'04 03  39 J11' | mid:'04 03  39 J11' | line:'04 03  39 J11'
000808,2026-06-12,,2026-06-12,2026-06-12,2026-06-12,2026-06-12,2026-06-12,0,1,,0.178,'2026.06112' → word:'2126.0612' | mid:'2126.0612' | line:'2126.0612'
000809,2026-08-30,,2026-08-30,2026-08-30,2026-08-30,2026-08-30,2026-08-30,0,1,,0.255,'13:4281' → word:'0 4261' | mid:'13 4261' | line:'0 4261'
000810,2026-03-31,,2026-03-31,2026-03-31,2026-03-31,2026-03-31,2026-03-31,0,0,,0.0,
000811,2026-03-31,,2026-03-31,2026-03-31,2026-03-31,2026-03-31,2026-03-31,0,0,,0.0,
000812,2026-05-29,,2026-05-29,2026-05-29,2026-05-29,2026-05-29,2026-05-29,0,1,,0.191,'04:03:39J11' → word:'04 03 39 J11' | mid:'04 03 39 J11' | line:'04 03 39 J11'
000815,2026-06-22,,2026-06-22,2026-06-22,2026-06-22,2026-06-22,2026-06-22,0,0,,0.0,
000817,2026-12-NONE,,NONE,NONE,NONE,NONE,NONE,0,0,,0.0,
000818,2026-05-12,,NONE,NONE,NONE,NONE,NONE,0,0,,0.0,
000819,2026-05-18,,2026-05-18,2026-05-18,2026-05-18,2026-05-18,2026-05-18,0,0,,0.0,
000821,2026-02-02,,2026-02-02,2026-02-02,2026-02-02,2026-02-02,2026-02-02,0,0,,0.0,
000823,2027-02-23,,2027-02-23,2027-02-23,2027-02-23,2027-02-23,2027-02-23,0,1,,0.322,'031316:01' → word:'0131601' | mid:'0013 1601' | line:'0131601'
000824,NONE-12-18,2,NONE-12-18,NONE-12-18,NONE-12-18,NONE-12-18,NONE-12-18,0,0,,0.0,
000825,2026-06-22,,2026-06-22,2026-06-22,2026-06-22,2026-06-22,2026-06-22,0,0,,0.0,
000826,2026-06-22,,2026-06-22,2026-06-22,2026-06-22,2026-06-22,2026-06-22,0,0,,0.0,
000828,NONE-12-21,,NONE-12-21,NONE-12-21,NONE-12-21,NONE-12-21,NONE-12-21,0,0,,0.0,
000829,2026-03-20,,2026-03-20,2026-03-20,2026-03-20,2026-03-20,2026-03-20,0,1,,0.195,'16:48:46 3A' → word:'16 48 46 3A' | mid:'16 48 46 3A' | line:'16 48 46 3A'
000830,2025-12-20,,2025-12-20,2025-12-20,2025-12-20,2025-12-20,2025-12-20,0,0,,0.0,
000831,2026-07-16,2,2026-07-16,2026-07-16,2026-07-16,2026-07-16,2026-07-16,0,2,,1.704,' actima Exclusive with olives 8portion 7130 0  LACMA SP.Z 0.0. 2470-8825 72174274 4102 5.7187  : 25' → word:' ia Eluh i orio L S 01 0  rtions 2' | mid:' tia Exclui livs 8orto A0 xLC SZ 8 08A1 10  rtions 2' | line:'  ' ## 'P20D:15 07.3025   4:72' → word:'P80D 15.07.20254 2   71 ' | mid:'P800 15.07.20254 4 74 72' | line:'P800 15.07.2025 41 14 12'
000833,2026-04-27,,2026-04-27,2026-04-27,2026-04-27,2026-04-27,2026-04-27,0,0,,0.0,
000835,2026-02-02,,2026-02-02,2026-02-02,2026-02-02,2026-02-02,2026-02-02,0,0,,0.0,
000838,2026-02-21,,2026-02-21,2026-02-21,2026-02-21,2026-02-21,2026-02-21,0,0,,0.0,
000840,2026-01-01,,NONE-12-12,2026-01-01,2026-01-01,NONE-12-12,2026-01-01,0,1,,0.178,'26.0101' → word:'26.01.01' | mid:'26.01.01' | line:'26.01.01'
000842,2026-07-03,,2026-07-03,2026-07-03,2026-07-03,2026-07-03,2026-07-03,0,1,,0.169,'0307-2026' → word:'03-07-2026' | mid:'03 07 2026' | line:'03-07-2026'
000845,2026-06-17,,2026-06-17,2026-06-17,2026-06-17,2026-06-17,2026-06-17,0,0,,0.0,
000846,2026-05-28,,2026-05-28,2026-05-28,2026-05-28,2026-05-28,2026-05-28,0,0,,0.0,
000847,2026-05-28,,2026-05-28,2026-05-28,2026-05-28,2026-05-28,2026-05-28,0,0,,0.0,
000848,2026-05-21,,2021-05-20,2026-05-21,2026-05-21,2021-05-20,2026-05-21,0,2,,0.489,'N 1213KBBNHX 1.05-202 A' → word:' 1219KBBNH 21.05 2026 C' | mid:' 1218KBNHX 21 05 2026 C' | line:'NE' ## '105-202 A' → word:'2105 2026 A' | mid:'2105 2026 A' | line:'B'
000849,2026-05-21,,2026-05-21,2026-05-21,2026-05-21,2026-05-21,2026-05-21,0,0,,0.0,
000851,2026-06-30,,2026-06-30,2026-06-30,2026-06-30,2026-06-30,2026-06-30,0,0,,0.0,
000853,2026-09-24,,2026-09-24,2026-09-24,2026-09-24,2026-09-24,2026-09-24,0,1,,0.199,'W625.09.25' → word:'M825.09.25' | mid:'M25.09.25' | line:'M825.09.25'
000854,2026-09-04,,2026-09-04,2026-09-04,2026-09-04,2026-09-04,2026-09-04,0,0,,0.0,
000855,2026-08-25,2,2026-08-25,2026-08-25,2026-08-25,2026-08-25,2026-08-25,0,0,,0.0,
000856,2026-06-03,,2026-06-03,2026-06-03,2026-06-03,2026-06-03,2026-06-03,0,0,,0.0,
000857,2025-01-28,,2025-01-28,2025-01-28,2025-01-28,2025-01-28,2025-01-28,0,2,,0.372,'080-584-51510' → word:'080-5845101' | line:'080-5845101' ## 'M7M288214.78-' → word:'M7M147 ' | line:'M7M147 '
000858,2021-10-28,,2021-10-28,2021-10-28,2021-10-28,2021-10-28,2021-10-28,0,0,,0.0,
000859,2021-10-28,,NONE,NONE,NONE,NONE,NONE,0,0,,0.0,
000860,2022-07-23,,2022-07-23,2022-07-23,2022-07-23,2022-07-23,2022-07-23,0,0,,0.001,
000861,2022-07-23,,2022-07-23,2022-07-23,2022-07-23,2022-07-23,2022-07-23,0,0,,0.0,
000863,2021-10-22,2,2020-10-NONE,2020-10-NONE,2020-10-NONE,2020-10-NONE,2020-10-NONE,0,0,,0.0,
000865,2021-09-25,,2021-09-25,2021-09-25,2021-09-25,2021-09-25,2021-09-25,0,0,,0.0,
000866,2021-09-25,,2021-09-25,2021-09-25,2021-09-25,2021-09-25,2021-09-25,0,0,,0.0,
000867,2021-10-23,2,NONE,NONE,NONE,NONE,NONE,0,0,,0.0,
000868,2021-10-23,,NONE,NONE,NONE,NONE,NONE,0,0,,0.0,
000870,2021-10-15,,2021-10-15,2021-10-15,2021-10-15,2021-10-15,2021-10-15,0,0,,0.0,
000871,2021-10-15,,2021-10-15,2021-10-15,2021-10-15,2021-10-15,2021-10-15,0,0,,0.0,
000872,2021-02-26,,2021-02-26,2021-02-26,2021-02-26,2021-02-26,2021-02-26,0,0,,0.0,
000874,2021-03-22,,2021-03-22,2021-03-22,2021-03-22,2021-03-22,2021-03-22,0,4,,4.22,' I A Calories 1 0z  28g  Servingsize About 11 Servings per container Sodium 80mg Viamin D 0   Calcium 0    Iron 0   Potassiu 0  Cholesterol 25mg 8  Total Fat 6g Sat. Fat 4.5g 8  Total Carb.   1g Protein 5g Incl. Og Added Sugars 0   ITM. / ART. 9090 SEATTLE  WA 98124-1535 COSTCO WHOLESALE DISTRIBUTED BY:' → word:'  Caie 1 0z  2   g siz  A ing perainer -Sodium 80mg 80 Vitamin 0  Calcm 0  on 0 Potam
000875,2021-03-22,,2021-03-22,2021-03-22,2021-03-22,2021-03-22,2021-03-22,0,1,,0.93,'CONAIRS: MILK.  REE per serving Calories 1 02  28g  Serving size 80 min  Caci ass  Sodium 80mg Cholestarol 25mg 8  Trans Fat Og 4  Prulein 5g Total Sugars   1g Incl. Og Added Sugars 0  KEEP REFRIGERATED ITM./ART. 9090 SEATTLE WA 9812-1535' → word:'CONTAIRS  MILK.   perering aCalies 1 02  2289g  Serving size 80 80Vitamin  Caon ssium  -Sodium 80mg Cholestaro 25mg 89  Trans at og 4  Pruiein 5g Total
000876,2021-07-01,,2021-07-01,2021-07-01,2021-07-01,2021-07-01,2021-07-01,0,0,,0.0,
000877,2023-04-03,d,NONE,NONE,NONE,NONE,NONE,0,0,,0.001,
000878,2023-04-03,t,NONE,NONE,NONE,NONE,NONE,0,0,,0.0,
000879,2021-05-11,,2021-05-11,2021-05-11,2021-05-11,2021-05-11,2021-05-11,0,0,,0.0,
000880,2021-05-11,2,2021-05-11,2021-05-11,2021-05-11,2021-05-11,2021-05-11,0,0,,0.0,
000881,2021-06-08,,2021-06-08,2021-06-08,2021-06-08,2021-06-08,2021-06-08,0,1,,0.497,'0-10C202 7 542 2547 424C HACCP' → word:'0-102  HILC HACC' | mid:'0-10 7 HILCE HACC' | line:' '
000882,2021-06-08,,2021-06-08,2021-06-08,2021-06-08,2021-06-08,2021-06-08,0,0,,0.0,
000883,2021-07-03,,2021-01-04,2021-01-04,2021-01-04,2021-01-04,2021-01-04,0,0,,0.0,
000884,2021-07-03,2,NONE,NONE,NONE,NONE,NONE,0,1,,0.374,' 871 20184:0  TX' → word:'1 30 17x1' | line:'97 38203.8 '
000885,2021-07-09,,2020-01-10,2020-01-10,2020-01-10,2020-01-10,2020-01-10,1,0,1.35,0.0,
000886,2021-07-09,,2020-01-10,2020-01-10,2020-01-10,2020-01-10,2020-01-10,0,0,,0.0,
000887,2021-12-04,,2021-12-04,2021-12-04,2021-12-04,2021-12-04,2021-12-04,0,0,,0.0,
000888,2021-12-04,,2021-12-04,2021-12-04,2021-12-04,2021-12-04,2021-12-04,0,0,,0.0,
000889,2021-05-27,,2021-05-27,2021-05-27,2021-05-27,2021-05-27,2021-05-27,0,0,,0.0,
000890,2021-04-05,,2021-04-05,2021-04-05,2021-04-05,2021-04-05,2021-04-05,0,0,,0.0,
000891,2021-04-05,,2021-04-05,2021-04-05,2021-04-05,2021-04-05,2021-04-05,0,1,,0.222,'2021.004.05 F 10:56 TEX' → word:'20214.055 F 10 56 7' | line:'2'
000892,2022-02-07,,2022-02-07,2022-02-07,2022-02-07,2022-02-07,2022-02-07,0,0,,0.0,
000893,2022-02-07,,2022-02-07,2022-02-07,2022-02-07,2022-02-07,2022-02-07,0,0,,0.0,
000894,2021-06-02,,2021-06-02,2021-06-02,2021-06-02,2021-06-02,2021-06-02,0,0,,0.0,
000895,2021-06-02,,2021-06-02,2021-06-02,2021-06-02,2021-06-02,2021-06-02,0,0,,0.0,
000897,2025-05-19,,2025-05-19,2025-05-19,2025-05-19,2025-05-19,2025-05-19,0,4,,0.684,'6 10175.99' → word:'5.' | mid:'75.' | line:'5.' ## 'M7M914.78 248Ac' → word:'M7M 14 7Ac' | mid:'M7M 14 7Ac' | line:'M7M 14 7Ac' ## '080-584-5151' → word:'080-584-515101' | mid:'080-584-515101' | line:'080-584-515101' ## '20205/19' → word:'2025-05/19' | mid:'0519' | line:'2025-05/19'
000898,2025-05-19,,2025-05-19,2025-05-19,2025-05-19,2025-05-19,2025-05-19,0,0,,0.0,
000899,2022-09-02,,2022-09-02,2022-09-02,2022-09-02,2022-09-02,2022-09-02,0,0,,0.0,
000900,2022-09-02,,2022-09-02,2022-09-02,2022-09-02,2022-09-02,2022-09-02,0,0,,0.0,
000902,2021-11-01,,2021-11-01,2021-11-01,2021-11-01,2021-11-01,2021-11-01,0,0,,0.0,
000903,2021-08-31,,2021-08-31,2021-08-31,2021-08-31,2021-08-31,2021-08-31,0,1,,0.314,'L2024403-234' → word:'L2024403-234' | mid:'L2024403-234' | line:'L2024403-234'
000904,2021-08-31,,2021-08-22,2021-08-22,2021-08-22,2021-08-22,2021-08-22,0,0,,0.0,
000905,2022-01-NONE,,2022-01-NONE,2022-01-NONE,2022-01-NONE,2022-01-NONE,2022-01-NONE,0,0,,0.0,
000906,2022-01-NONE,,2022-10-15,2022-10-15,2022-10-15,2022-10-15,2022-10-15,0,0,,0.0,
000907,2022-01-NONE,,2022-01-NONE,2022-01-NONE,2022-01-NONE,2022-01-NONE,2022-01-NONE,0,1,,0.487,'H  480 135 507 OHILENE 022038-3680   fra  ' → word:'   3    fra   ' | mid:'  90 1356 6 a' | line:''
000909,2021-09-20,,2021-09-20,2021-09-20,2021-09-20,2021-09-20,2021-09-20,0,0,,0.0,
000910,2021-09-20,,2021-09-20,2021-09-20,2021-09-20,2021-09-20,2021-09-20,0,0,,0.0,
000911,2022-05-05,,2022-05-05,2022-05-05,2022-05-05,2022-05-05,2022-05-05,0,1,,0.383,'     0   8080-70-536' → word:' 0    000-730-536' | line:'H'
000912,2022-05-05,,2022-05-05,2022-05-05,2022-05-05,2022-05-05,2022-05-05,0,0,,0.0,
000913,2021-10-19,,2021-10-19,2021-10-19,2021-10-19,2021-10-19,2021-10-19,0,0,,0.0,
000914,2021-07-21,,2021-07-21,2021-07-21,2021-07-21,2021-07-21,2021-07-21,0,0,,0.0,
000915,2021-07-21,,2021-07-21,2021-07-21,2021-07-21,2021-07-21,2021-07-21,0,0,,0.0,
000916,2022-06-06,,NONE,NONE,NONE,NONE,NONE,0,3,,0.7,'   209 215293013 95.9150 79 ' → word:'KESE  ET 2092   E   ' | line:' ' ## ' 1009109.109' → word:'O  100 g 10 x 1' | line:'G810 10' ## 'LES 080-8501075' → word:' 20' | line:'0'
000919,2022-03-11,,2022-03-11,2022-03-11,2022-03-11,2022-03-11,2022-03-11,0,1,,0.481,'18 89.88 78  2 8842  .5 278 222  09.9.4718 204  I 4y4' → word:'B8 01.76 8  UEA    y  38 2   B7 5.178 2182101  4yq' | line:' '
000920,2022-03-11,,2022-03-11,2022-03-11,2022-03-11,2022-03-11,2022-03-11,0,1,,0.924,'88   4425 338204828888884 81289749 58928487 HEB 8ERS 8842      A 8 97  4 .8428  21WPE   2/101 M220704530016 4MRM 20-17198 ' → word:'   58  238 9488 8842 / 9 5C 975 2 .82 8214P 88 21014 RM0YON 5IM8820. M7988 ' | line:'T '
000921,2022-02-26,,2022-02-26,2022-02-26,2022-02-26,2022-02-26,2022-02-26,0,0,,0.0,
000923,NONE-02-01,,2020-01-02,2020-01-02,2020-01-02,2020-01-02,2020-01-02,0,0,,0.0,
000924,NONE-02-02,,2018-02-02,2018-02-02,2018-02-02,2018-02-02,2018-02-02,0,0,,0.0,
000925,NONE-02-02,,NONE-02-02,NONE-02-02,NONE-02-02,NONE-02-02,NONE-02-02,0,0,,0.0,
000926,2021-06-10,,2021-06-10,2021-06-10,2021-06-10,2021-06-10,2021-06-10,0,0,,0.0,
000927,2021-08-23,,2021-08-23,2021-08-23,2021-08-23,2021-08-23,2021-08-23,0,0,,0.0,
000928,2022-03-13,,2022-03-13,2022-03-13,2022-03-13,2022-03-13,2022-03-13,0,2,,0.487,'9 21 802-538-3373  R LB:500ML  218:4 125KCAL  06.4' → word:'12-5837  L500M24125KCAL EN22506.4' | line:' ' ## 'C2211:40' → word:'C2211 40' | line:'C2211 40'
000929,2022-03-13,,2022-03-13,2022-03-13,2022-03-13,2022-03-13,2022-03-13,0,0,,0.0,
000930,2021-07-29,,2021-07-29,2021-07-29,2021-07-29,2021-07-29,2021-07-29,0,0,,0.0,
000931,2021-07-29,,2021-07-29,2021-07-29,2021-07-29,2021-07-29,2021-07-29,0,1,,0.181,'2921:07.290171 1719 B122' → word:'2021-07.299171 1719 B1229' | line:'2021-872297171'
000932,2021-05-26,,2021-05-26,2021-05-26,2021-05-26,2021-05-26,2021-05-26,0,0,,0.0,
000933,2021-05-26,,NONE,NONE,NONE,NONE,NONE,0,1,,0.116,'981.8526' → word:'10' | line:'10'
000934,2021-02-10,2,2021-01-25,2021-01-25,2021-01-25,2021-01-25,2021-01-25,0,0,,0.0,
000936,2021-10-19,2,2021-10-19,2021-10-19,2021-10-19,2021-10-19,2021-10-19,0,0,,0.0,
000937,2022-06-11,,2022-06-11,2022-06-11,2022-06-11,2022-06-11,2022-06-11,0,0,,0.0,
000938,2022-06-11,,2022-06-11,2022-06-11,2022-06-11,2022-06-11,2022-06-11,0,0,,0.0,
000940,2021-10-28,,NONE,NONE,NONE,NONE,NONE,0,0,,0.0,
000941,2021-07-02,,2021-07-02,2021-07-02,2021-07-02,2021-07-02,2021-07-02,0,1,,0.234,'00:17:28' → word:'06 17 28' | mid:'06 17 28' | line:'06 17 28'
000942,2021-05-29,2,2021-05-29,2021-05-29,2021-05-29,2021-05-29,2021-05-29,0,0,,0.0,
000944,2021-07-03,,2021-07-03,2021-07-03,2021-07-03,2021-07-03,2021-07-03,0,0,,0.0,
000946,2021-09-30,,2021-09-30,2021-09-30,2021-09-30,2021-09-30,2021-09-30,0,0,,0.0,
000947,2021-09-30,,2021-09-30,2021-09-30,2021-09-30,2021-09-30,2021-09-30,0,0,,0.0,
000948,2021-10-24,2,2021-10-24,2021-10-24,2021-10-24,2021-10-24,2021-10-24,0,0,,0.0,
000949,2021-10-24,2,2021-10-24,2021-10-24,2021-10-24,2021-10-24,2021-10-24,0,0,,0.0,
000950,2022-09-16,,2022-09-16,2022-09-16,2022-09-16,2022-09-16,2022-09-16,0,0,,0.0,
000951,2021-04-05,,2021-04-05,2021-04-05,2021-04-05,2021-04-05,2021-04-05,0,0,,0.0,
000952,2021-04-05,,2021-04-05,2021-04-05,2021-04-05,2021-04-05,2021-04-05,0,0,,0.0,
000953,2021-02-05,2,2021-02-07,2021-02-07,2021-02-07,2021-02-07,2021-02-07,0,0,,0.0,
000954,2021-02-05,2,2021-02-05,2021-02-05,2021-02-05,2021-02-05,2021-02-05,0,0,,0.0,
000955,2022-01-25,,2022-01-03,2022-01-03,2022-01-03,2022-01-03,2022-01-03,0,0,,0.0,
000957,2021-02-22,2,2021-01-29,2021-01-29,2021-01-29,2021-01-29,2021-01-29,0,0,,0.0,
000958,2021-02-22,2,2021-02-22,2021-02-22,2021-02-22,2021-02-22,2021-02-22,0,0,,0.0,
000959,2022-07-19,,2022-07-19,2022-07-19,2022-07-19,2022-07-19,2022-07-19,0,0,,0.0,
000960,2022-07-19,,2022-07-19,2022-07-19,2022-07-19,2022-07-19,2022-07-19,0,0,,0.0,
000961,2023-10-21,,2023-10-21,2023-10-21,2023-10-21,2023-10-21,2023-10-21,0,0,,0.0,
000963,2023-11-14,,2023-11-14,2023-11-14,2023-11-14,2023-11-14,2023-11-14,0,0,,0.0,
000964,2023-11-14,,2023-11-14,2023-11-14,2023-11-14,2023-11-14,2023-11-14,0,0,,0.0,
000965,2020-07-24,2,2023-07-20,2023-07-20,2023-07-20,2023-07-20,2023-07-20,0,2,,1.668,'SH  0 190 mg 10  58. 18  484  83 85223 12 mg 4 6.2g 11  OOH   98.4588    SN  Li8100 g 530 kcal' → word:'S     L 5   ala42g 1 GIO   0   A   .  L5 kalca' | mid:'R    L 95   aa21 GOF        .  L1 alca' | line:'' ## '23.0.220 1' → word:'23.8 C' | mid:'28.8. C' | line:''
000966,2021-08-10,,2021-08-10,2021-08-10,2021-08-10,2021-08-10,2021-08-10,0,1,,0.481,'L-HGODA 1216:22 MUSCAT GRAPE JUICE.' → word:'L-H0DA 1216 22 MUSCAT GRAPE JUICE.' | mid:'L-H0ODA 1216  MUSCT GRAE QUICE' | line:'L-HODA  2MUSCAT GRAPE JUICE.'
000967,2022-10-17,,2022-10-17,2022-10-17,2022-10-17,2022-10-17,2022-10-17,0,0,,0.0,
000968,2022-10-17,,2022-10-NONE,2022-10-NONE,2022-10-NONE,2022-10-NONE,2022-10-NONE,0,0,,0.0,
000969,2022-06-30,,2022-06-30,2022-06-30,2022-06-30,2022-06-30,2022-06-30,0,0,,0.0,
000970,2022-06-30,,2022-06-30,2022-06-30,2022-06-30,2022-06-30,2022-06-30,0,0,,0.0,
000972,2021-06-25,,2021-06-25,2021-06-25,2021-06-25,2021-06-25,2021-06-25,0,0,,0.0,
000973,2022-12-02,,NONE,NONE,NONE,NONE,NONE,0,0,,0.0,
000975,2023-08-03,,2023-08-03,2023-08-03,2023-08-03,2023-08-03,2023-08-03,0,0,,0.0,
000976,2023-08-03,,2023-08-03,2023-08-03,2023-08-03,2023-08-03,2023-08-03,0,0,,0.0,
000978,2021-03-11,,2022-02-29,2022-02-29,2022-02-29,2022-02-29,2022-02-29,0,1,,0.649,'seudded 9989-028  20  o' → word:'sauddijud 9983-020  ' | line:'cYad-uTcaYo'
000979,2021-06-14,2,2021-06-14,2021-06-14,2021-06-14,2021-06-14,2021-06-14,0,0,,0.0,
000981,2021-08-08,,2021-08-08,2021-08-08,2021-08-08,2021-08-08,2021-08-08,0,0,,0.0,
000982,2022-02-15,t,NONE,NONE,NONE,NONE,NONE,0,0,,0.0,
000983,2021-08-20,,2021-08-20,2021-08-20,2021-08-20,2021-08-20,2021-08-20,0,1,,1.51,' U Mf   /A  H2  HZHU X12O A OH ufr  A 100g 70 0 032 672-3742 Akbar Brothers Ltd. 27227 2    4100  202 2    2 01800-9750  BISCUS' → word:' f  AUr    T9/A  xa    28 X1    A IOH   ffrac    100g 2703 2062-3742 Akbar Brothers Ltd 15777 23 100  2101 20 201800-9750 ' | mid:' f A      TO/AT  xa    4 x1   1  OH  ffra   4 100g 2703 02742 Akbar Brothers Lt. 157 23E 100  2101 22 201800-9750 U' | line:' '
000984,2021-08-20,,2021-08-20,2021-08-20,2021-08-20,2021-08-20,2021-08-20,0,1,,0.319,' 200-250ml OTHER ' → word:'2 20-150ml OT THER ' | line:''
000985,2021-12-28,,2021-12-28,2021-12-28,2021-12-28,2021-12-28,2021-12-28,0,0,,0.0,
000988,2021-12-28,,2021-12-28,2021-12-28,2021-12-28,2021-12-28,2021-12-28,0,0,,0.0,
000989,2020-07-21,,NONE,NONE,NONE,NONE,NONE,0,2,,0.649,'29/97/21 A LUNGA CONSERVAZIONE ULH.T.' → word:'2807221 A LUNGA CONSERVAZIONE U.H.T.' | mid:'20.07221 A LUNGA CONSERVAZIONE U.H.T.' | line:'2UAR ' ## '14:54:238409 MIX' → word:'14254.232909 MIX' | mid:'14204.232409 MIX' | line:'14 04.2324093MX'
000990,2020-07-21,,NONE,NONE,NONE,NONE,NONE,0,1,,0.362,'14:84:231409 FSC FSC-CS14047 MEN' → word:'2142940232409 FSC FSC C014047 MIX' | line:'2409'
000991,2021-03-04,,NONE,NONE,NONE,NONE,NONE,0,2,,0.764,'ods Sales Inc. Ralcorp Holings  Inc. 18 MO 63188-0618 14173-D' → word:'od Saale  Inc. Ra coap Hlinng  Inc 18 M  318-618 14173-D' | mid:'od Sale  Inc. Ral coa Holing  Inc 18 M 318-618 14173-D' | line:'a   ' ## '18 MO 63188-0618 14173-D' → word:'18 MO318-0618 14173-D' | mid:'18 MO6318-0618 14173-D' | line:' 3181170D'
000992,2021-03-04,,2021-03-04,2021-03-04,2021-03-04,2021-03-04,2021-03-04,0,1,,0.217,'6018-618 FG-ZG1-A 10a 14173-D R09615' → word:'021-6518 FG-2-A108 14173-D  R09615' | line:'  1'
000993,NONE-02-18,,NONE,NONE,NONE,NONE,NONE,0,4,,0.803,'W   02.18771' → word:'  92.18717' | mid:'  02.18717' | line:'95 11 ' ## '13:1811' → word:'93 1 ' | mid:'93 1 ' | line:'93 1 ' ## 'S 15:49.F16 02 18771' → word:' 15 49.F16 92 .1877' | mid:' 15 49.16 92 .1877' | line:'15' ## '15:49.F16' → word:'15 49.F16' | mid:'15 49.F16' | line:'15 49.F16'
000994,NONE-02-18,,NONE,NONE,NONE,NONE,NONE,0,0,,0.0,
000995,NONE-02-18,,NONE,NONE,NONE,NONE,NONE,0,0,,0.0,
000996,NONE-02-19,,NONE,NONE,NONE,NONE,NONE,0,0,,0.0,
000997,NONE-02-19,,NONE,NONE,NONE,NONE,NONE,0,0,,0.0,
000998,2021-11-11,2,2021-11-11,2021-11-11,2021-11-11,2021-11-11,2021-11-11,0,0,,0.0,
000999,2021-11-11,2b,2021-11-11,2021-11-11,2021-11-11,2021-11-11,2021-11-11,0,0,,0.0,
001000,2021-09-07,,2021-09-07,2021-09-07,2021-09-07,2021-09-07,2021-09-07,0,0,,0.0,
001002,2022-08-24,b,2022-08-NONE,2022-08-NONE,2022-08-NONE,2022-08-NONE,2022-08-NONE,0,0,,0.0,
001004,2020-08-10,,NONE,NONE,NONE,NONE,NONE,0,2,,0.386,'HA.CCP 8.718.98 0' → word:'HACCP  2 78' | line:'H.CP ' ## ' H8.718.88 0' → word:' 71 ' | line:' 71 '
001005,2020-08-10,,2020-08-10,2020-08-10,2020-08-10,2020-08-10,2020-08-10,0,0,,0.0,
001006,2022-06-29,2,2022-06-29,2022-06-29,2022-06-29,2022-06-29,2022-06-29,0,1,,0.355,' 02380-6' → word:'8-6' | line:'8-6'
001007,2022-06-29,2,2022-06-29,2022-06-29,2022-06-29,2022-06-29,2022-06-29,0,0,,0.0,
001008,2022-11-24,,2022-11-24,2022-11-24,2022-11-24,2022-11-24,2022-11-24,0,0,,0.0,
001010,2021-08-09,,2021-08-09,2021-08-09,2021-08-09,2021-08-09,2021-08-09,0,0,,0.0,
001012,2021-11-10,2,2021-11-10,2021-11-10,2021-11-10,2021-11-10,2021-11-10,0,0,,0.0,
001013,2021-11-10,2,2021-11-10,2021-11-10,2021-11-10,2021-11-10,2021-11-10,0,0,,0.0,
001014,2022-01-11,,2022-01-11,2022-01-11,2022-01-11,2022-01-11,2022-01-11,0,0,,0.0,
001015,2022-01-11,,2022-01-11,2022-01-11,2022-01-11,2022-01-11,2022-01-11,0,0,,0.0,
001016,2021-02-21,,2021-02-21,2021-02-21,2021-02-21,2021-02-21,2021-02-21,0,0,,0.0,
001017,2021-02-21,b,2021-02-21,2021-02-21,2021-02-21,2021-02-21,2021-02-21,0,0,,0.0,
001018,2021-05-15,,NONE,NONE,NONE,NONE,NONE,0,0,,0.0,
001019,2021-05-15,b,NONE,NONE,NONE,NONE,NONE,0,1,,0.128,'29g185:1' → word:'0181' | line:'0181'
001020,2020-02-27,,2020-02-27,2020-02-27,2020-02-27,2020-02-27,2020-02-27,0,0,,0.0,
001022,2021-06-28,,NONE,NONE,NONE,NONE,NONE,0,0,,0.0,
001023,2021-07-13,,2021-07-13,2021-07-13,2021-07-13,2021-07-13,2021-07-13,0,0,,0.0,
001024,2021-07-13,,2021-07-13,2021-07-13,2021-07-13,2021-07-13,2021-07-13,0,0,,0.0,
001025,2020-12-09,,2020-12-09,2020-12-09,2020-12-09,2020-12-09,2020-12-09,0,0,,0.001,
001026,2020-12-09,,2020-12-09,2020-12-09,2020-12-09,2020-12-09,2020-12-09,0,0,,0.0,
001027,2020-09-08,,2020-09-08,2020-09-08,2020-09-08,2020-09-08,2020-09-08,0,0,,0.0,
001028,2021-07-07,2,2021-08-01,2021-08-01,2021-08-01,2021-08-01,2021-08-01,0,0,,0.0,
001029,2021-07-07,2,2021-07-07,2021-07-07,2021-07-07,2021-07-07,2021-07-07,1,0,1.45,0.0,
001031,2022-10-NONE,,2022-10-01,2022-10-01,2022-10-01,2022-10-01,2022-10-01,0,0,,0.0,
001032,2019-07-16,,2019-07-16,2019-07-16,2019-07-16,2019-07-16,2019-07-16,0,0,,0.0,
001034,2021-06-28,,2021-06-28,2021-06-28,2021-06-28,2021-06-28,2021-06-28,0,0,,0.0,
001035,2021-10-07,2,2020-07-07,2020-07-07,2020-07-07,2020-07-07,2020-07-07,0,2,,1.194,'L   H /10-3-11523-1-1281 185 82  lloay    54 30   u  7. Xg X278  6 U5an5 02-6300-8181   84 46 L8 ' → word:'ba vaua   wi 10-3-11523-1-1281 u 5 4   Lolan 1 a 54   7 3 1 x 14 7.6g 14243g      0-630  84 L' | line:'' ## 'L /10-3-11523-1-1281   L 1ao 1    2   327.6124.3mg8   02-6300-8181 27 1502    18648' → word:'a V/10-3-11523-1-1281/   uin   4 7.6g124 g     0-630018 27 1502  4' | line:''
001036,2021-10-07,2,2021-10-07,2021-10-07,2021-10-07,2021-10-07,2021-10-07,0,2,,1.356,'a   a AO     n sou i  amussnin ROD  5     54 30    S 3 Cuno       1   g X424 3g 9 Ha: B an  1 2 Padimenwe 12.3790Hale  67501     iamnans 8938 9052 BU88 e90' → word:'a       n heu i  musn .RO in   a    n  na     1  S  a a  a 2 AUGISTSTOR90e  r5    nan 9 B  0152  90' | line:'S' ## 'H  A PROD EUNE M PP  U28-5081    mnans 3890 38 90 3 e90' → word:'   RO NE  PP  nu5  na 98 8  15 90' | line:''
001037,2021-03-18,,2021-03-18,2021-03-18,2021-03-18,2021-03-18,2021-03-18,0,0,,0.0,
001038,2021-12-28,,2021-12-28,2021-12-28,2021-12-28,2021-12-28,2021-12-28,0,0,,0.0,
001039,2021-12-28,,2021-12-28,2021-12-28,2021-12-28,2021-12-28,2021-12-28,0,0,,0.0,
001040,2022-04-15,,2022-04-15,2022-04-15,2022-04-15,2022-04-15,2022-04-15,0,0,,0.0,
001041,2022-04-15,,2022-04-15,2022-04-15,2022-04-15,2022-04-15,2022-04-15,0,0,,0.0,
001042,2021-09-13,d,2021-09-13,2021-09-13,2021-09-13,2021-09-13,2021-09-13,0,0,,0.0,
001043,2021-09-13,,2021-09-13,2021-09-13,2021-09-13,2021-09-13,2021-09-13,0,0,,0.0,
001044,2021-04-30,,2021-04-30,2021-04-30,2021-04-30,2021-04-30,2021-04-30,0,0,,0.0,
001045,2021-04-30,,2021-04-30,2021-04-30,2021-04-30,2021-04-30,2021-04-30,0,0,,0.0,
001046,2021-10-07,,2021-10-07,2021-10-07,2021-10-07,2021-10-07,2021-10-07,0,0,,0.0,
001047,2021-05-12,,2021-05-12,2021-05-12,2021-05-12,2021-05-12,2021-05-12,0,0,,0.0,
001049,2022-01-06,,2022-01-06,2022-01-06,2022-01-06,2022-01-06,2022-01-06,0,0,,0.0,
001050,2022-01-06,,2022-01-06,2022-01-06,2022-01-06,2022-01-06,2022-01-06,0,0,,0.0,
001051,2022-12-20,,2022-12-20,2022-12-20,2022-12-20,2022-12-20,2022-12-20,0,1,,0.452,'OEXID 00/3727' → word:'OEX X' | line:''
001052,2022-12-20,,2022-12-20,2022-12-20,2022-12-20,2022-12-20,2022-12-20,0,0,,0.0,
001053,2022-09-01,,2022-09-01,2022-09-01,2022-09-01,2022-09-01,2022-09-01,0,1,,1.218,'00111 7202209.01 H HAZ :20003 LA      5  2 E  o    1 1 2 HE  R S 1E  u-23500 2 TO  0 01. 3500 11 x ' → word:'01 72022.09.01 H H  20003     o      20                h  y g     50  x1' | line:''
001054,2022-09-01,,2022-09-01,2022-09-01,2022-09-01,2022-09-01,2022-09-01,0,0,,0.0,
001055,2022-08-10,,2022-08-10,2022-08-10,2022-08-10,2022-08-10,2022-08-10,0,0,,0.0,
001056,2022-05-27,,2022-05-27,2022-05-27,2022-05-27,2022-05-27,2022-05-27,0,0,,0.0,
001058,2021-10-14,,2021-10-14,2021-10-14,2021-10-14,2021-10-14,2021-10-14,0,0,,0.0,
001060,2022-06-23,,2022-06-23,2022-06-23,2022-06-23,2022-06-23,2022-06-23,0,0,,0.0,
001061,2022-07-04,2,2022-07-04,2022-07-04,2022-07-04,2022-07-04,2022-07-04,0,0,,0.0,
001063,2022-01-04,2,2022-01-04,2022-01-04,2022-01-04,2022-01-04,2022-01-04,0,0,,0.0,
001064,2022-01-04,,2022-01-04,2022-01-04,2022-01-04,2022-01-04,2022-01-04,0,0,,0.0,
001065,2022-05-04,,2022-05-04,2022-05-04,2022-05-04,2022-05-04,2022-05-04,0,0,,0.0,
001066,2022-05-04,,2022-05-04,2022-05-04,2022-05-04,2022-05-04,2022-05-04,0,0,,0.0,
001067,2021-12-06,,2021-12-06,2021-12-06,2021-12-06,2021-12-06,2021-12-06,0,0,,0.0,
001068,2021-03-15,,2021-03-15,2021-03-15,2021-03-15,2021-03-15,2021-03-15,0,0,,0.0,
001069,2021-03-15,,2021-03-10,2021-03-10,2021-03-10,2021-03-10,2021-03-10,0,0,,0.0,
001070,NONE-01-24,,NONE-01-24,NONE-01-24,NONE-01-24,NONE-01-24,NONE-01-24,0,0,,0.0,
001071,NONE-01-24,,NONE-01-24,NONE-01-24,NONE-01-24,NONE-01-24,NONE-01-24,0,0,,0.0,
001073,2023-09-18,,2023-09-18,2023-09-18,2023-09-18,2023-09-18,2023-09-18,0,0,,0.0,
001074,2021-09-30,,2021-09-30,2021-09-30,2021-09-30,2021-09-30,2021-09-30,0,0,,0.0,
001075,2021-09-30,,2021-09-30,2021-09-30,2021-09-30,2021-09-30,2021-09-30,0,3,,1.051,' 749 2992206 1614   849114 22984 983.4   2822 8 35248 99 224754888425822 98.94 8 38848488 2054198.4599' → word:'19 520522 P2 24754882 8 45' | line:'' ## '884499.548 9988 3 6224228 8 9A1M8 24' → word:'49 8  W0 22 A0  ' | line:'' ## '1712041494/4' → word:'T' | line:'T'
001076,2021-07-31,,2031-07-21,2031-07-21,2031-07-21,2031-07-21,2031-07-21,0,0,,0.0,
001078,2023-09-24,,2023-09-24,2023-09-24,2023-09-24,2023-09-24,2023-09-24,0,0,,0.0,
001079,2023-09-24,,2023-09-24,2023-09-24,2023-09-24,2023-09-24,2023-09-24,0,0,,0.0,
001080,2021-10-13,,2021-10-13,2021-10-13,2021-10-13,2021-10-13,2021-10-13,0,1,,0.675,'g8    x640 13 9 13   080-024-6000' → word:'g8  x U 13 080-024-6000' | mid:'g8  x6g0 U13 080-024-6000' | line:'98  0-02'
001081,2021-06-17,,2021-06-17,2021-06-17,2021-06-17,2021-06-17,2021-06-17,0,1,,0.372,'MEE  12 BN O 080-023-5181 www.nongshim.com' → word:'   2   080-023-5181 www.nongsh-i5.c8m' | line:''
001082,2021-06-17,,2021-06-17,2021-06-17,2021-06-17,2021-06-17,2021-06-17,0,1,,0.384,' 12 IY  080-023-5181 www.nongshim.com' → word:' 212 B  080-023-5181 www.nongshim.com' | line:'a'
001083,2021-07-09,,2021-07-09,2021-07-09,2021-07-09,2021-07-09,2021-07-09,0,0,,0.0,
001084,2021-07-09,,2021-07-01,2021-07-01,2021-07-01,2021-07-01,2021-07-01,0,0,,0.0,
001085,2023-10-09,,2023-10-09,2023-10-09,2023-10-09,2023-10-09,2023-10-09,0,0,,0.0,
001086,2023-10-09,,2023-10-09,2023-10-09,2023-10-09,2023-10-09,2023-10-09,0,1,,0.167,'88573:100 1' → word:'S100  0' | line:'S100  0'
001087,2022-06-14,,2022-06-14,2022-06-14,2022-06-14,2022-06-14,2022-06-14,0,0,,0.0,
001088,2022-06-14,,2022-06-14,2022-06-14,2022-06-14,2022-06-14,2022-06-14,0,0,,0.0,
001089,2023-08-05,,2023-08-05,2023-08-05,2023-08-05,2023-08-05,2023-08-05,0,0,,0.0,
001090,2021-04-16,2,2021-04-16,2021-04-16,2021-04-16,2021-04-16,2021-04-16,0,0,,0.0,
001092,2021-03-19,2,2021-03-19,2021-03-19,2021-03-19,2021-03-19,2021-03-19,0,0,,0.0,
001093,2021-05-25,,2021-05-25,2021-05-25,2021-05-25,2021-05-25,2021-05-25,0,0,,0.0,
001094,2022-01-12,2,2021-01-13,2021-01-13,2021-01-13,2021-01-13,2021-01-13,0,0,,0.0,
001095,2022-01-12,2,2021-01-13,2021-01-13,2021-01-13,2021-01-13,2021-01-13,0,0,,0.0,
001096,2021-06-11,2,2021-11-06,2021-11-06,2021-11-06,2021-11-06,2021-11-06,0,0,,0.001,
001097,2021-06-11,2,2021-11-06,2021-11-06,2021-11-06,2021-11-06,2021-11-06,0,0,,0.0,
001098,2021-03-18,2,2021-03-18,2021-03-18,2021-03-18,2021-03-18,2021-03-18,0,0,,0.0,
001100,2021-03-14,2,2021-03-14,2021-03-14,2021-03-14,2021-03-14,2021-03-14,0,0,,0.0,
001101,2021-03-14,2,2021-01-14,2021-01-14,2021-01-14,2021-01-14,2021-01-14,0,0,,0.0,
001102,2021-03-14,,2021-03-14,2021-03-14,2021-03-14,2021-03-14,2021-03-14,0,0,,0.0,
001103,2021-03-14,,2021-03-14,2021-03-14,2021-03-14,2021-03-14,2021-03-14,0,1,,0.123,'218.0F84 3-15' → word:'2reg 421E' | line:'2reg 421E'
001104,2021-08-26,2,2021-08-26,2021-08-26,2021-08-26,2021-08-26,2021-08-26,0,0,,0.0,
001105,2021-08-26,2,2020-11-02,2020-11-02,2020-11-02,2020-11-02,2020-11-02,0,0,,0.0,
001106,2021-03-27,,2021-03-27,2021-03-27,2021-03-27,2021-03-27,2021-03-27,0,0,,0.0,
001107,2021-02-28,,2021-02-28,2021-02-28,2021-02-28,2021-02-28,2021-02-28,0,0,,0.0,
001108,2021-02-28,,2025-02-28,2025-02-28,2025-02-28,2025-02-28,2025-02-28,0,0,,0.0,
001109,2021-03-22,,2021-03-22,2021-03-22,2021-03-22,2021-03-22,2021-03-22,0,0,,0.0,
001110,2021-03-22,,2021-03-22,2021-03-22,2021-03-22,2021-03-22,2021-03-22,0,1,,0.383,'87/9 247 SHO 81940 213/4-171' → word:'719 27 SH 8 213/1713' | line:''
001111,2022-07-12,,2022-07-12,2022-07-12,2022-07-12,2022-07-12,2022-07-12,0,1,,0.315,'5 UX 20225.90 ' → word:' 13/25.9 ' | mid:'TE HR0 /25.9 ' | line:'HEE'
001112,2022-07-12,,2022-07-12,2022-07-12,2022-07-12,2022-07-12,2022-07-12,0,0,,0.0,
001113,2023-11-15,,2023-11-15,2023-11-15,2023-11-15,2023-11-15,2023-11-15,0,0,,0.0,
001114,2023-11-15,,2023-11-15,2023-11-15,2023-11-15,2023-11-15,2023-11-15,0,0,,0.0,
001115,2022-01-12,,2022-01-12,2022-01-12,2022-01-12,2022-01-12,2022-01-12,0,0,,0.0,
001116,2022-01-12,,2028-12-01,2028-12-01,2028-12-01,2028-12-01,2028-12-01,0,0,,0.0,
001117,2022-01-20,,2022-01-20,2022-01-20,2022-01-20,2022-01-20,2022-01-20,0,0,,0.0,
001119,2021-12-26,,2021-12-16,2021-12-16,2021-12-16,2021-12-16,2021-12-16,0,0,,0.0,
001120,2021-12-16,,2021-12-01,2021-12-01,2021-12-01,2021-12-01,2021-12-01,0,0,,0.0,
001121,2023-01-10,,2023-01-10,2023-01-10,2023-01-10,2023-01-10,2023-01-10,1,1,3.17,0.423,'A53 X 080-541-9920 EA A4' → word:'M35 08541-9920  1' | mid:'5 80541-9920  /' | line:''
001122,2023-01-10,,2023-01-10,2023-01-10,2023-01-10,2023-01-10,2023-01-10,1,2,3.87,0.439,'8X88 080-541-9920' → word:'8080-541-9920' | line:'8080-541-9920' ## '229207-22' → word:'2920547-821221' | line:'2920547-821221'
001123,2021-10-09,,2021-10-09,2021-10-09,2021-10-09,2021-10-09,2021-10-09,0,1,,1.235,'20  ONOF 250g 55kcal 4843  14:.93   4X41 080-024-6060 801062632275 NETHMRE' → word:'     c0 25 55ka 48 48  14.3  2508 124XME1 080-606 8801062632275  AHE' | mid:' T   c 250g 555kal 48 48  14.3  2508 124XM 080-606 8801062632275  AHE' | line:'M'
001124,2021-10-09,,2021-10-09,2021-10-09,2021-10-09,2021-10-09,2021-10-09,0,0,,0.0,
001125,2021-12-28,2,2021-12-21,2021-12-21,2021-12-21,2021-12-21,2021-12-21,0,0,,0.0,
001126,2021-12-28,,2021-12-28,2021-12-28,2021-12-28,2021-12-28,2021-12-28,0,0,,0.0,
001127,2021-06-10,2,2021-06-10,2021-06-10,2021-06-10,2021-06-10,2021-06-10,0,2,,0.66,'-024-6060 lottfeonf.co.k 27' → word:'024-6060 lotecon.co.kr  ' | mid:'024-6060 lotecon.co.kr ' | line:'' ## '20.12.1123:04  E' → word:'20.12.1123 04  E' | mid:'20.12.1123 04  E' | line:'20.12.1123 04 EI'
001128,2021-06-10,2,2021-12-10,2021-12-10,2021-12-10,2021-12-10,2021-12-10,0,0,,0.0,
001129,NONE-02-07,,NONE,NONE,NONE,NONE,NONE,0,1,,0.242,'105.2223 437828800 doAy 125   25423 PHA E5 2.858   ' → word:' 10P125  4285 848 S 2.858  ' | line:''
001130,NONE-02-12,,2020-08-07,2020-08-07,2020-08-07,2020-08-07,2020-08-07,0,1,,0.505,'O87  02.12.12153.HA 49 77X ' → word:' 02.12.12153.HA  7x ' | mid:' 02.12.12153.HA  7x ' | line:'32.12 125.HA'
001131,NONE-02-12,,NONE-02-12,NONE-02-12,NONE-02-12,NONE-02-12,NONE-02-12,0,1,,0.392,'88715 02.12.12853.HA 3E0 74x' → word:'871 02.12 12453.HA aed 174x1' | line:'02.12  53.H'
001132,2021-02-19,2,2021-02-19,2021-02-19,2021-02-19,2021-02-19,2021-02-19,0,1,,0.377,' 82021.02.19' → word:'2021.02.19' | mid:'92021.02.19' | line:'2021.02.19'
001133,2021-02-19,2,2021-02-19,2021-02-19,2021-02-19,2021-02-19,2021-02-19,0,0,,0.0,
001134,2021-03-03,,2021-03-03,2021-03-03,2021-03-03,2021-03-03,2021-03-03,0,0,,0.0,
001135,2022-09-24,,2022-09-24,2022-09-24,2022-09-24,2022-09-24,2022-09-24,0,0,,0.0,
001136,2022-09-24,,NONE,NONE,NONE,NONE,NONE,0,0,,0.0,
001137,2021-07-17,,2021-07-17,2021-07-17,2021-07-17,2021-07-17,2021-07-17,0,0,,0.0,
001138,2021-10-23,,2021-10-23,2021-10-23,2021-10-23,2021-10-23,2021-10-23,0,0,,0.0,
001139,2021-02-28,,2021-02-28,2021-02-28,2021-02-28,2021-02-28,2021-02-28,0,0,,0.0,
001140,2021-02-28,,2021-02-28,2021-02-28,2021-02-28,2021-02-28,2021-02-28,0,0,,0.0,
001141,2022-03-14,2,2022-03-14,2022-03-14,2022-03-14,2022-03-14,2022-03-14,0,3,,0.996,'2120224 0014431 499  43A8.88088.3 8 18828 884.2 44' → word:' 2020    2  2 A ' | mid:'2020     A ' | line:'  ' ## 'L901-258 20 0101499 49:03' → word:'L901-258 20 0101499 49 03' | mid:'L901-258 20 0101499 49 03' | line:'L901-258 20 0101499 49 03' ## '8888212/08287' → word:'92 2/8' | mid:'928 2/8' | line:'92 2/8'
001143,2021-06-26,t,2021-06-28,2021-06-28,2021-06-28,2021-06-28,2021-06-28,0,0,,0.0,
001144,2021-05-25,,2021-05-25,2021-05-25,2021-05-25,2021-05-25,2021-05-25,0,0,,0.0,
001145,2021-05-25,,2021-05-25,2021-05-25,2021-05-25,2021-05-25,2021-05-25,0,0,,0.0,
001146,2021-12-13,2,2021-12-13,2021-12-13,2021-12-13,2021-12-13,2021-12-13,0,1,,0.429,'820009-02  4109' → word:'' | line:''
001147,2021-12-13,2,2021-12-13,2021-12-13,2021-12-13,2021-12-13,2021-12-13,0,0,,0.0,
001148,2022-07-31,,2022-07-31,2022-07-31,2022-07-31,2022-07-31,2022-07-31,0,0,,0.0,
001149,2022-07-31,,2022-07-31,2022-07-31,2022-07-31,2022-07-31,2022-07-31,0,0,,0.0,
001150,2021-09-18,,2021-09-18,2021-09-18,2021-09-18,2021-09-18,2021-09-18,0,0,,0.0,
001151,2021-09-18,,2021-09-18,2021-09-18,2021-09-18,2021-09-18,2021-09-18,0,0,,0.0,
001152,2021-10-31,,2021-10-31,2021-10-31,2021-10-31,2021-10-31,2021-10-31,0,0,,0.0,
001154,2021-09-21,,2021-09-21,2021-09-21,2021-09-21,2021-09-21,2021-09-21,0,1,,0.319,'2109-2021 /18 L0265' → word:'21-09-2021 /18 L0265' | line:'21-09-2021 /18 L0265'
001155,2021-09-21,,2021-09-21,2021-09-21,2021-09-21,2021-09-21,2021-09-21,0,3,,1.609,' U   E       21-09-021/18 L0265               bef  1 B I' → word:' I        W I 21-9-0221 18 L025           Y  I ef  1  ' | line:'LL' ## '8 5  5 A 2  E   B S I 21-09-02118 L0265   -  6 6 H / 7' → word:'8 3   H 8      T I 21-09-20221 18 1025     8  2 I A' | line:'LIL' ## '21-9-821  18 L10265' → word:'21-09-221 18 L025' | line:'21-09-221 18 L025'
001156,2021-02-07,,2021-02-07,2021-02-07,2021-02-07,2021-02-07,2021-02-07,0,0,,0.0,
001157,2021-02-07,,2021-02-07,2021-02-07,2021-02-07,2021-02-07,2021-02-07,0,0,,0.0,
001158,2021-08-10,,2021-08-10,2021-08-10,2021-08-10,2021-08-10,2021-08-10,0,0,,0.0,
001159,2021-08-10,,2021-08-10,2021-08-10,2021-08-10,2021-08-10,2021-08-10,0,0,,0.0,
001160,2021-04-23,,2021-04-23,2021-04-23,2021-04-23,2021-04-23,2021-04-23,0,0,,0.0,
001161,2021-04-23,,2021-04-23,2021-04-23,2021-04-23,2021-04-23,2021-04-23,0,0,,0.0,
001162,2021-12-06,,2021-12-06,2021-12-06,2021-12-06,2021-12-06,2021-12-06,0,0,,0.0,
001163,2021-12-06,,2021-12-06,2021-12-06,2021-12-06,2021-12-06,2021-12-06,0,0,,0.0,
001164,2021-03-01,,2021-03-01,2021-03-01,2021-03-01,2021-03-01,2021-03-01,0,0,,0.0,
001166,2022-01-20,,NONE,NONE,NONE,NONE,NONE,0,4,,1.906,'X  O7 XH 9812809 OXHE .087181 O  2022-81638 3  60   60  A H 55 A     40 0  0.  H  O7X10.7   12 E0 :2 15 74 homeplus.c 38 L  48/7 823582 72X' → word:'1  2 57 ZXH 8240H9 EXHEY 0871    2022-82678 013   60    M oH5   1   0  .   H  O   0N2  M 2  1 2 AN2 H 1  cYanmWhob 4H2 21012 24752 774x1' | line:'C' ## '  71 ZAH   9842209 O740.577 07:24 20772 537 7x 422 homelu. 38  8/782352' → word:'87 ZH  X   8240H
001167,2022-01-20,,2022-08-02,2022-08-08,2022-08-02,2022-08-02,2022-08-08,0,2,,1.27,'RS422CE A 71 88710: A 48908 BEnHe 2022. 9X3g t 8N /484 2 O27 25871977 LE:209 74 40 O 3. 40100.7  81275 A50 203422836220 72    055  13  0760 35 5 CAE2E  20060372438444 ME E 9AE 450 530 81678 HAE' → word:'EN  8871 887101 2XH 48 895742 2022.8 8XHEO  cYananmaGntaYellowbl cYanmaGntaYellowb O  3587197 20 cYmanttaYllob cYonmaGaYollob 40 cYnmaGntaYelowb cYama ntaYelowb caGntaYeolowb cYamaGntaYolowb   low
001169,2021-08-31,,2021-08-31,2021-08-31,2021-08-31,2021-08-31,2021-08-31,0,0,,0.0,
001170,2022-01-18,,2022-01-18,2022-01-18,2022-01-18,2022-01-18,2022-01-18,0,0,,0.0,
001171,2022-01-18,,2022-01-18,2022-01-18,2022-01-18,2022-01-18,2022-01-18,0,0,,0.0,
001172,2021-09-NONE,,2021-09-NONE,2021-09-NONE,2021-09-NONE,2021-09-NONE,2021-09-NONE,0,0,,0.0,
001173,2021-09-NONE,,2021-09-NONE,2021-09-NONE,2021-09-NONE,2021-09-NONE,2021-09-NONE,0,0,,0.0,
001174,2021-03-14,,2021-03-14,2021-03-14,2021-03-14,2021-03-14,2021-03-14,0,0,,0.0,
001175,2021-09-07,d,2021-09-07,2021-09-07,2021-09-07,2021-09-07,2021-09-07,0,0,,0.0,
001176,2021-09-07,d,2021-09-07,2021-09-07,2021-09-07,2021-09-07,2021-09-07,0,0,,0.0,
001177,2021-12-01,,NONE,NONE,NONE,NONE,NONE,0,0,,0.0,
001178,2021-12-01,,NONE,NONE,NONE,NONE,NONE,0,0,,0.0,
001179,2023-09-01,,2023-09-01,2023-09-01,2023-09-01,2023-09-01,2023-09-01,0,2,,0.483,'Pure Ceylon tea  packed  Si Lanka TC/E/PR/1007/478' → word:'elon kea TC/E/PR/1007/478' | line:' a' ## 'TC/E/PR/1007/478' → word:'TC/E/PR/1007/478' | line:'TC/E/PR/1007/478'
001181,2022-04-14,,2022-04-14,2022-04-14,2022-04-14,2022-04-14,2022-04-14,0,0,,0.0,
001182,2022-04-14,,2022-04-14,2022-04-14,2022-04-14,2022-04-14,2022-04-14,0,0,,0.0,
001183,2021-10-08,,2021-10-08,2021-10-08,2021-10-08,2021-10-08,2021-10-08,0,0,,0.0,
001184,2021-10-08,,2021-10-08,2021-10-08,2021-10-08,2021-10-08,2021-10-08,0,0,,0.0,
001185,2021-09-28,2,2021-09-26,2021-09-26,2021-09-26,2021-09-26,2021-09-26,0,0,,0.001,
001188,2020-04-23,,2020-04-23,2020-04-23,2020-04-23,2020-04-23,2020-04-23,0,1,,0.212,' 3032094006  20200.04.23 F1 DE' → word:' 303270940065 920.04.23 F1 DEXI' | line:'re 2004.2971 '
001189,2019-06-28,2,2019-06-28,2019-06-28,2019-06-28,2019-06-28,2019-06-28,0,0,,0.0,
001190,2019-06-28,2,2019-06-28,2019-06-28,2019-06-28,2019-06-28,2019-06-28,0,0,,0.0,
001191,2020-12-08,,2020-12-08,2020-12-08,2020-12-08,2020-12-08,2020-12-08,0,0,,0.0,
001192,2020-12-08,d,2020-12-08,2020-12-08,2020-12-08,2020-12-08,2020-12-08,0,0,,0.0,
001193,2021-02-11,2,2021-02-11,2021-02-11,2021-02-11,2021-02-11,2021-02-11,0,1,,0.439,'139 799 080-34-003 OR' → word:'199 0 0- 00' | line:''
001195,2021-10-18,,2021-10-18,2021-10-18,2021-10-18,2021-10-18,2021-10-18,0,1,,0.551,'2080-024-6060' → word:'080-024-6060' | line:'080-024-6060'
001196,2021-10-18,,2021-10-18,2021-10-18,2021-10-18,2021-10-18,2021-10-18,0,0,,0.001,
001197,2021-10-10,,2021-10-10,2021-10-10,2021-10-10,2021-10-10,2021-10-10,0,0,,0.0,
001198,2021-10-10,,2021-10-10,2021-10-10,2021-10-10,2021-10-10,2021-10-10,0,0,,0.0,
001199,2021-10-20,2,2021-10-20,2021-10-20,2021-10-20,2021-10-20,2021-10-20,0,0,,0.0,
001200,2021-10-20,2,2020-10-21,2021-10-20,2021-10-20,2020-10-21,2021-10-20,0,2,,0.364,'211.10.20' → word:'021.10.20' | line:'021.10.20' ## '20-5064216664' → word:'2E6' | line:'2E6'
001201,2022-07-16,,2022-07-16,2022-07-16,2022-07-16,2022-07-16,2022-07-16,0,0,,0.0,
001203,2023-02-28,,2023-02-28,2023-02-28,2023-02-28,2023-02-28,2023-02-28,0,0,,0.0,
001204,2023-02-28,,2023-02-28,2023-02-28,2023-02-28,2023-02-28,2023-02-28,0,0,,0.0,
001205,NONE-05-21,,NONE-05-21,NONE-05-21,NONE-05-21,NONE-05-21,NONE-05-21,0,0,,0.0,
001206,2021-05-NONE,,NONE-05-21,NONE-05-21,NONE-05-21,NONE-05-21,NONE-05-21,0,0,,0.0,
001207,2020-08-18,,2020-08-18,2020-08-18,2020-08-18,2020-08-18,2020-08-18,0,0,,0.0,
001208,2020-08-18,,2020-08-18,2020-08-18,2020-08-18,2020-08-18,2020-08-18,0,1,,0.384,'10-0567371 8809419870981' → word:'10-0563713 8809419870981' | line:'0-0568941870981'
001209,2021-08-03,,2021-08-03,2021-08-03,2021-08-03,2021-08-03,2021-08-03,0,0,,0.0,
001210,2021-08-03,,2021-08-03,2021-08-03,2021-08-03,2021-08-03,2021-08-03,0,0,,0.0,
001211,2021-07-03,,2021-07-03,2021-07-03,2021-07-03,2021-07-03,2021-07-03,0,1,,0.536,'28.X18.9714 H 0   30A 9RL' → word:'A. EX 7 E  2 ' | line:''
001212,2021-07-03,,2021-07-03,2021-07-03,2021-07-03,2021-07-03,2021-07-03,0,2,,0.987,'004588 8.00459 0 0080 D 00 ' → word:' 00489.00 58 0.0000 .00  ' | line:'0048 00  8 00 8 00 5' ## '448880824228482199 8080-600-2000' → word:'8880822928201988080-6000' | line:'8880822928201988080-6000'
001213,2021-05-15,,2021-05-15,2021-05-15,2021-05-15,2021-05-15,2021-05-15,0,0,,0.001,
001214,2021-05-15,,2021-05-15,2021-05-15,2021-05-15,2021-05-15,2021-05-15,0,0,,0.0,
001215,2021-06-13,,2021-06-13,2021-06-13,2021-06-13,2021-06-13,2021-06-13,0,0,,0.0,
001217,2022-05-30,,2022-05-30,2022-05-30,2022-05-30,2022-05-30,2022-05-30,0,0,,0.0,
001218,2022-05-30,,2022-05-30,2022-05-30,2022-05-30,2022-05-30,2022-05-30,0,0,,0.0,
001219,2021-01-14,,2021-01-14,2021-01-14,2021-01-14,2021-01-14,2021-01-14,0,0,,0.0,
001220,2021-01-14,,2021-01-14,2021-01-14,2021-01-14,2021-01-14,2021-01-14,0,0,,0.0,
001221,2021-11-10,,2021-11-10,2021-11-10,2021-11-10,2021-11-10,2021-11-10,0,0,,0.0,
001222,2021-11-10,,2021-11-10,2021-11-10,2021-11-10,2021-11-10,2021-11-10,0,0,,0.0,
001223,2021-04-11,,2021-04-11,2021-04-11,2021-04-11,2021-04-11,2021-04-11,0,0,,0.0,
001224,2021-04-11,,2021-04-11,2021-04-11,2021-04-11,2021-04-11,2021-04-11,0,0,,0.0,
001225,2022-06-27,2,2022-06-27,2022-06-27,2022-06-27,2022-06-27,2022-06-27,0,0,,0.0,
001226,2022-06-27,2,2022-06-27,2022-06-27,2022-06-27,2022-06-27,2022-06-27,0,1,,0.466,'E B EOPEN 080-8550-1200 166-4199 E ' → word:'CE  E 0800-50-1200 16618641 E' | line:''
001227,2022-01-11,2,2022-01-11,2022-01-11,2022-01-11,2022-01-11,2022-01-11,0,0,,0.0,
001228,2022-01-11,2,2022-01-11,2022-01-11,2022-01-11,2022-01-11,2022-01-11,0,0,,0.0,
001229,2021-10-28,,2021-10-28,2021-10-28,2021-10-28,2021-10-28,2021-10-28,0,0,,0.0,
001230,2021-10-28,,2021-10-28,2021-10-28,2021-10-28,2021-10-28,2021-10-28,0,0,,0.0,
001231,2021-05-05,,2021-05-05,2021-05-05,2021-05-05,2021-05-05,2021-05-05,0,0,,0.0,
001232,2021-05-05,,2021-05-05,2021-05-05,2021-05-05,2021-05-05,2021-05-05,0,1,,0.238,'067 21.05.50 1545 F1' → word:'067 21.05.50 1545 F1' | line:'2.5 1 5'
001233,2021-03-09,,2021-03-09,2021-03-09,2021-03-09,2021-03-09,2021-03-09,0,0,,0.0,
001234,2021-03-09,,2021-03-09,2021-03-09,2021-03-09,2021-03-09,2021-03-09,0,1,,0.279,'01:4154-5' → word:'01 41 84-5' | line:'01 41 84-5'
001236,NONE-01-28,,NONE-01-28,NONE-01-28,NONE-01-28,NONE-01-28,NONE-01-28,0,0,,0.0,
001238,NONE-01-31,,NONE-01-31,NONE-01-31,NONE-01-31,NONE-01-31,NONE-01-31,0,1,,0.477,'21908/mL Y  57101.31 JEXI' → word:'19018/M 3 5 01.31 JXI' | line:'11 '
001239,2020-12-19,,2020-12-19,2020-12-19,2020-12-19,2020-12-19,2020-12-19,0,0,,0.0,
001240,2020-12-19,,2020-12-19,2020-12-19,2020-12-19,2020-12-19,2020-12-19,0,0,,0.0,
001241,2022-06-13,,2022-06-13,2022-06-13,2022-06-13,2022-06-13,2022-06-13,0,0,,0.0,
001243,2023-12-31,,2023-12-31,2023-12-31,2023-12-31,2023-12-31,2023-12-31,0,0,,0.0,
001244,2023-12-31,,2023-12-31,2023-12-31,2023-12-31,2023-12-31,2023-12-31,0,0,,0.0,
001245,2021-11-01,,2021-11-01,2021-11-01,2021-11-01,2021-11-01,2021-11-01,0,0,,0.0,
001246,2022-01-19,2,2022-01-19,2022-01-19,2022-01-19,2022-01-19,2022-01-19,0,0,,0.0,
001247,2022-01-19,2,2022-01-19,2022-01-19,2022-01-19,2022-01-19,2022-01-19,0,0,,0.0,
001248,2021-07-15,,2021-07-15,2021-07-15,2021-07-15,2021-07-15,2021-07-15,0,3,,1.668,'202107.151 N1ZP 442245-40 3 1328443184-8' → word:'202107151 HL   024 2 E804NN' | mid:'202107151 L2 042544 24072820 804NN' | line:'22' ## '0OE 202107.151 1284 2449997282414 0420858U0 88484428570984578' → word:'H 202f0715 HA   2 0 4 ' | mid:' 202f07151 HA 2 0 240 ' | line:'2071' ## '23E 080-017-5555' → word:'2A 080-0155555' | mid:'2 080-01755559' | line:'280-017555 '
001249,2021-07-15,,2021-07-15,2021-07-15,2021-07-15,2021-07-15,2021-07-15,0,0,,0.0,
001250,2021-04-11,2,2021-04-11,2021-04-11,2021-04-11,2021-04-11,2021-04-11,0,0,,0.0,
001251,2021-04-11,2,2021-04-11,2021-04-11,2021-04-11,2021-04-11,2021-04-11,0,0,,0.0,
001252,2021-08-19,,2021-08-19,2021-08-19,2021-08-19,2021-08-19,2021-08-19,0,0,,0.0,
001254,2019-09-13,,2019-09-13,2019-09-13,2019-09-13,2019-09-13,2019-09-13,0,0,,0.0,
001255,2019-09-13,,2019-09-13,2019-09-13,2019-09-13,2019-09-13,2019-09-13,0,0,,0.0,
001256,2023-07-03,,2023-07-03,2023-07-03,2023-07-03,2023-07-03,2023-07-03,0,0,,0.0,
001257,2023-07-03,,NONE,NONE,NONE,NONE,NONE,0,0,,0.0,
001258,2022-03-15,,2022-03-15,2022-03-15,2022-03-15,2022-03-15,2022-03-15,0,0,,0.0,
001259,2021-08-30,,2021-08-30,2021-08-30,2021-08-30,2021-08-30,2021-08-30,0,1,,1.276,'IGO Consumir pref. ants 0/08/202 Lote / Batch no. /Best Before: 8 x020 320 02:07 T320308 H' → word:'CO Consumi 0/08/202 Lote / Batch no. /Best Before  8 x20320 02 07 T320308 EE' | mid:'CO Consui0/08/202 Lote / Batch no. /Best Before  8 x20320 02 07 T320308 EE' | line:''
001261,2021-03-25,,NONE,NONE,NONE,NONE,NONE,0,2,,0.86,'422202N M92211 228:4200-10C' → word:' HZ . 22 22C-10C' | mid:' dZ Z2  28422 0C-10' | line:'0' ## '5016-83124' → word:'06' | mid:'516' | line:'06'
001262,2021-03-25,,NONE,NONE,NONE,NONE,NONE,0,1,,0.606,'2560 34 LHe A97850 8/Te.1566-8312 482309 1994035811548' → word:' RIRET 5061568240 1994035811548' | line:'012'
001263,2022-12-03,,2022-12-03,2022-12-03,2022-12-03,2022-12-03,2022-12-03,0,2,,0.507,'HODE/ 8 77  27 /02-380-5678' → word:'HOE  7  02-380-5678' | mid:'HOE   2 02-380-5678' | line:'877' ## 'E 0613-8757' → word:'NE 061-83-8757' | mid:'NE 01 13-8757' | line:'6163-8757'
001264,2022-12-03,,2022-12-03,2022-12-03,2022-12-03,2022-12-03,2022-12-03,0,2,,0.273,'58 MODIE 78537 /02-380-5567' → word:'D 90  77 5' | line:'  7' ## 'E 7061-33-8757' → word:'E 061-3-8757' | line:'061-33-8757'
001265,2022-06-NONE,,2022-06-NONE,2022-06-NONE,2022-06-NONE,2022-06-NONE,2022-06-NONE,0,0,,0.0,
001266,2022-06-NONE,,2022-06-NONE,2022-06-NONE,2022-06-NONE,2022-06-NONE,2022-06-NONE,0,0,,0.0,
001267,2022-09-05,,2022-09-05,2022-09-05,2022-09-05,2022-09-05,2022-09-05,0,1,,0.472,'AUA4 080-542-6656' → word:'AUXAE  080-542-6656' | mid:'AUXAC 080-542-656' | line:'080-52-6'
001268,2022-09-05,,2022-09-05,2022-09-05,2022-09-05,2022-09-05,2022-09-05,0,3,,1.143,' N9n22 15941 XET L8U 242A2 44A 30  3gX1074211/0kcal 080-542-6656 44X18-  1348/32209297128 2011 19990372301-514' → word:'46884 NEUMPE 144 X27 LIEV  A  30  3gX10M1/0kcal 080-542-6656  44X218 428 2011 19990372301-514' | line:' ' ## 'gOgE  4888:30g0gx1092' → word:'9OF  488 3980gX10' | line:'cYamtaYntaYowb' ## '2822-0L0' → word:'EL' | line:'EL'
001270,2021-10-11,,2021-10-11,2021-10-11,2021-10-11,2021-10-11,2021-10-11,0,0,,0.0,
001271,2023-07-08,,2023-07-08,2023-07-08,2023-07-08,2023-07-08,2023-07-08,0,0,,0.0,
001272,2023-07-08,,2023-07-08,2023-07-08,2023-07-08,2023-07-08,2023-07-08,0,0,,0.0,
001273,2022-06-17,,2022-06-17,2022-06-17,2022-06-17,2022-06-17,2022-06-17,0,0,,0.0,
001274,2022-06-17,,2022-06-17,2022-06-17,2022-06-17,2022-06-17,2022-06-17,0,0,,0.0,
001276,2021-11-04,,2021-11-04,2021-11-04,2021-11-04,2021-11-04,2021-11-04,0,0,,0.0,
001277,2021-11-04,,2021-11-04,2021-11-04,2021-11-04,2021-11-04,2021-11-04,0,0,,0.0,
001278,2022-01-03,2,2022-01-03,2022-01-03,2022-01-03,2022-01-03,2022-01-03,0,0,,0.0,
001279,2022-10-09,,2022-10-09,2022-10-09,2022-10-09,2022-10-09,2022-10-09,0,0,,0.0,
001280,2022-10-09,,2022-10-09,2022-10-09,2022-10-09,2022-10-09,2022-10-09,0,0,,0.0,
001281,2025-08-05,,2025-08-05,2025-08-05,2025-08-05,2025-08-05,2025-08-05,0,0,,0.0,
001282,2025-04-01,,2025-04-01,2025-04-01,2025-04-01,2025-04-01,2025-04-01,0,1,,0.535,'GRIS AR  A8S   0C88  TEL02-975-2  lA' → word:'GRIS HAES  M  R' | mid:'GRIS NES  MS  7' | line:'ERIS BALSAMICINN'
001283,2022-04-23,,2022-04-23,2022-04-23,2022-04-23,2022-04-23,2022-04-23,1,0,1.83,0.0,
001284,2022-04-23,,2022-04-23,2022-04-23,2022-04-23,2022-04-23,2022-04-23,0,0,,0.0,
001285,2022-11-21,,2022-11-21,2022-11-21,2022-11-21,2022-11-21,2022-11-21,0,1,,0.387,'2728-29' → word:'72192010' | mid:'72147920' | line:'72192010'
001289,2024-11-21,,2024-11-21,2024-11-21,2024-11-21,2024-11-21,2024-11-21,0,0,,0.0,
001290,2024-11-21,,2024-11-21,2024-11-21,2024-11-21,2024-11-21,2024-11-21,0,0,,0.0,
001292,2022-11-05,2,2022-11-05,2022-11-05,2022-11-05,2022-11-05,2022-11-05,0,1,,0.768,'280192 TEL.02-723-8175 M 89 2 Time: 20 Minutes' → word:'90TEL.02-723-8175  o e Time  20 Minutes' | line:'e Tme 20 Mine'
001293,2020-09-21,,2020-09-NONE,2020-09-NONE,2020-09-NONE,2020-09-NONE,2020-09-NONE,0,0,,0.0,
001294,2021-11-NONE,,2021-11-NONE,2021-11-NONE,2021-11-NONE,2021-11-NONE,2021-11-NONE,0,0,,0.0,
001295,2021-11-NONE,,2021-12-11,2021-12-11,2021-12-11,2021-12-11,2021-12-11,0,0,,0.0,
001296,2023-11-NONE,,2023-11-NONE,2023-11-NONE,2023-11-NONE,2023-11-NONE,2023-11-NONE,0,1,,3.701,'TA N TAT EP      19 200g7.05 oz PESO NETTO /NET WEIGHT CARAMELLE DURE LGUSTO DI LIMONE RIPIENE CON PLVERE FRIZZANTE   natue ilmo oeu  HARD BOILED CANDIES WITH LEMON FLAVOUR AND FILLED WITH SOUR DER         Ptpillon Lotto n. 8 80027Frattamaggiore  NA  Italy Confezionato da Papillon srl -Consorzio Fracta Labor MADE IN ITALY Omg 0   1  Ong 0  9g 2  47   g 0    OfOk LH800G 100gE 360kcal' → word:'TA  
001297,2023-11-NONE,,2023-11-NONE,2023-11-NONE,2023-11-NONE,2023-11-NONE,2023-11-NONE,0,1,,2.209,'Y A8  0 204220 1399827 200g 7.05 oz 7o PESO NETTO /NET WEIGHT CARAMELLE DURE AL GUSTO DI LIMONE RIPIENE CON POLVERE FRIZZANTE eenceso ucoa cn3 aroma naturale di limone  0.10    colorante: curcumiu  100  HARD BOILED CANDIES WITH LEMON FLAVOUR AND FILLED WITH SOUR POWDER natural lemon flavor  0.10  .  turmeric added for colour  E100 . Ftellar  G Confezionato da Papillon srl- Consorzio Fracta Labor 
001298,2021-06-24,,2021-06-24,2021-06-24,2021-06-24,2021-06-24,2021-06-24,0,0,,0.0,
001299,2021-07-28,,2021-07-28,2021-07-28,2021-07-28,2021-07-28,2021-07-28,0,0,,0.0,
001301,2021-11-29,2,2021-11-29,2021-11-29,2021-11-29,2021-11-29,2021-11-29,0,1,,0.358,'Autorizzazione ParicianoReggianovigente 09/2012' → word:'ii' | mid:'cYanmaAtaYelowb' | line:'ii'
001302,2021-11-29,d,2029-11-21,2029-11-21,2029-11-21,2029-11-21,2029-11-21,0,0,,0.0,
001303,2021-09-14,2,2021-09-14,2021-09-14,2021-09-14,2021-09-14,2021-09-14,0,0,,0.0,
001304,2021-04-12,,2021-04-12,2021-04-12,2021-04-12,2021-04-12,2021-04-12,0,0,,0.0,
001305,2021-04-12,,2021-04-12,2021-04-12,2021-04-12,2021-04-12,2021-04-12,0,1,,0.324,' 221/011' → word:' 22/01' | line:'a2'
001306,2021-07-19,,2021-07-19,2021-07-19,2021-07-19,2021-07-19,2021-07-19,0,1,,0.497,'7 TEHM0 1.5kcal  7a   0.  Ts peadabble Ttype 20121.07.19' → word:'7    raes  Srake Tupe 2e pondai ipe 2021.07.19' | mid:'7   a raes  pruadabe Tupe e poada tipe 2021.07.19' | line:''
001307,2022-11-06,,2022-11-06,2022-11-06,2022-11-06,2022-11-06,2022-11-06,0,0,,0.0,
001308,2022-11-06,,NONE,NONE,NONE,NONE,NONE,0,0,,0.0,
001309,2021-04-30,t,2021-04-30,2021-04-30,2021-04-30,2021-04-30,2021-04-30,0,0,,0.0,
001310,2021-04-20,bt,2021-04-30,2021-04-30,2021-04-30,2021-04-30,2021-04-30,0,0,,0.0,
001311,2022-10-20,,2022-10-20,2022-10-20,2022-10-20,2022-10-20,2022-10-20,0,0,,0.0,
001312,2022-10-20,,2022-10-20,2022-10-20,2022-10-20,2022-10-20,2022-10-20,0,0,,0.0,
001313,2022-01-15,,NONE,NONE,NONE,NONE,NONE,0,2,,4.266,'R87101 483348474 833491299972991334299  4905190026979189 LA 57151 AH 919 495022 092482951912 051 7985 348011399  STU 3 2 28462 2199 99 2447412 32142155  25 0 S H0 32099 PE  NHH 4098 1841  1 2 x  031-76546 3' → word:'E7 42     LHIXXH     frra         7H TH 1   1HN  2  55     10 2101PE I 4     271/1  x 031-763-46 ' | mid:'E7 42     LHIXTHE     ftrra        7H H 1   IN  2  5   M  10 2/01 I A    21/1
001314,2022-01-15,,2022-01-15,2022-01-15,2022-01-15,2022-01-15,2022-01-15,0,0,,0.0,
001315,2021-12-09,,2021-12-09,2021-12-09,2021-12-09,2021-12-09,2021-12-09,0,1,,0.641,' A/248 829988 E/ 84/3783 100 ' → word:' fra   AO  8  81 2100 ' | mid:' ra2   A  8/  2100' | line:'7 '
001316,2021-12-09,,2021-12-09,2021-12-09,2021-12-09,2021-12-09,2021-12-09,0,0,,0.0,
001317,2022-12-07,2,2022-12-07,2022-12-07,2022-12-07,2022-12-07,2022-12-07,0,1,,0.597,'TC/E/PR/1443/995 796004234409' → word:'TC/E/PR/1443/995 47960042344091' | mid:'TC/E/PR/1443/995 4796004234409' | line:'TE/PR/1443/9954796004124409'
001318,2022-12-07,2,2020-12-07,2020-12-07,2020-12-07,2020-12-07,2020-12-07,0,0,,0.0,
001320,2021-11-22,,2028-12-07,2028-12-07,2028-12-07,2028-12-07,2028-12-07,0,0,,0.0,
001321,2022-02-15,,2022-02-15,2022-02-15,2022-02-15,2022-02-15,2022-02-15,0,0,,0.0,
001323,2023-07-09,2,2023-07-09,2023-07-09,2023-07-09,2023-07-09,2023-07-09,0,1,,0.544,':1899-300 11 7o 348 kcal H500 g' → word:' 1893000  7O1 48 kcal LH8S 5 g' | mid:'TH 1899300  7O 48 kcal LH8S 50 g' | line:''
001324,2023-07-09,2,2023-07-09,2023-07-09,2023-07-09,2023-07-09,2023-07-09,0,0,,0.0,
001326,2021-07-19,,2021-07-19,2021-07-19,2021-07-19,2021-07-19,2021-07-19,0,0,,0.001,
001327,2021-07-19,,2021-07-19,2021-07-19,2021-07-19,2021-07-19,2021-07-19,0,0,,0.0,
001328,2021-06-26,,2021-06-26,2021-06-26,2021-06-26,2021-06-26,2021-06-26,0,1,,0.397,'080-088-1212 X' → word:'080088-121' | mid:'08008-121' | line:'080088-121'
001330,2021-03-05,,2022-03-05,2022-03-05,2022-03-05,2022-03-05,2022-03-05,0,0,,0.0,
001332,2021-12-NONE,,2021-12-NONE,2021-12-NONE,2021-12-NONE,2021-12-NONE,2021-12-NONE,0,0,,0.0,
001333,2021-12-NONE,,2021-12-NONE,2021-12-NONE,2021-12-NONE,2021-12-NONE,2021-12-NONE,0,0,,0.0,
001334,2021-10-26,,2021-10-26,2021-10-26,2021-10-26,2021-10-26,2021-10-26,0,0,,0.0,
001335,2021-10-26,,2021-10-26,2021-10-26,2021-10-26,2021-10-26,2021-10-26,0,0,,0.0,
001336,2021-07-04,,2021-07-04,2021-07-04,2021-07-04,2021-07-04,2021-07-04,0,0,,0.0,
001338,2021-06-08,,2021-06-08,2021-06-08,2021-06-08,2021-06-08,2021-06-08,0,1,,3.504,'11M/446.6 23 3gx24 /1 23.370kc 1X510 05033 22 15m9 54g7  0-82 1 3  80 27 140g420  76 EFond A 8.15.0 020Cam 46.6235  51 41 10   46.60ntale   44   L5 250mg 13  84M 100 0 ' → word:' 11  10 0533 221 4  0  on 1   51110    reamy4   5kcal250 3 1 0 ' | mid:'6. 232/1 11 5 10 053 4  10  Fon .5   51 41 10    Cramy4  5kcal250g 1  ' | line:''
001339,2021-06-08,,2021-06-08,2021-06-08,2021-06-08,2021-06-08,2021-06-08,0,0,,0.0,
001340,2021-11-25,2,2021-11-25,2021-11-25,2021-11-25,2021-11-25,2021-11-25,0,0,,0.0,
001341,2021-11-25,2,2021-11-25,2021-11-25,2021-11-25,2021-11-25,2021-11-25,0,0,,0.0,
001342,2021-09-10,,2021-09-10,2021-09-10,2021-09-10,2021-09-10,2021-09-10,0,1,,0.185,'1-888-259-4321' → word:'1-888-259-4321' | mid:'1-888-259-4321' | line:'1-888-259-4321'
001343,2021-09-10,,2021-09-10,2021-09-10,2021-09-10,2021-09-10,2021-09-10,0,1,,0.354,'7-588-259-4321' → word:'7-58-2359-421' | line:'7-58-2359-421'
001344,2021-08-10,,2022-11-02,2022-11-02,2022-11-02,2022-11-02,2022-11-02,0,0,,0.002,
001345,2021-08-27,,2021-08-27,2021-08-27,2021-08-27,2021-08-27,2021-08-27,0,0,,0.0,
001347,2021-10-31,,2021-10-31,2021-10-31,2021-10-31,2021-10-31,2021-10-31,0,0,,0.0,
001348,2021-10-31,,2021-01-10,2021-01-10,2021-01-10,2021-01-10,2021-01-10,0,0,,0.0,
001349,2021-08-21,,2021-08-21,2021-08-21,2021-08-21,2021-08-21,2021-08-21,0,1,,0.352,'L2023403-073' → word:'L2023403-073' | mid:'L2023403-073' | line:'L2023403-073'
001350,2021-08-21,,2021-08-21,2021-08-21,2021-08-21,2021-08-21,2021-08-21,0,0,,0.0,
001351,2021-06-09,,2021-06-09,2021-06-09,2021-06-09,2021-06-09,2021-06-09,0,1,,0.172,'L2016203-023' → word:'L2016203-023' | mid:'L2016203-023' | line:'L2016203-023'
001352,2022-06-27,,2022-06-27,2022-06-27,2022-06-27,2022-06-27,2022-06-27,0,0,,0.0,
001353,2022-06-27,,2022-06-27,2022-06-27,2022-06-27,2022-06-27,2022-06-27,0,0,,0.0,
001354,2022-07-06,,2022-07-06,2022-07-06,2022-07-06,2022-07-06,2022-07-06,0,0,,0.0,
001355,2021-07-22,,2021-07-22,2021-07-22,2021-07-22,2021-07-22,2021-07-22,0,2,,1.458,'  227  :P-S71-4F-X 11150g  2-22 A10 C 5277-17513 4-10-8' → word:'   2 9  2  107-S51-4F-X5150 2-22 30 A10CT 52157513 4574-108' | mid:'    9  29 1097-S51-47-X5150 222 30 A10CT 547215 7713 44-108' | line:'1' ## '  rac  FIF- :- 751-4:150g TA.' → word:'A 1 3- 1-4.150 TA.' | mid:'A 1 3- 51-4. 150 TA' | line:''
001357,NONE-08-20,,2022-08-NONE,2022-08-NONE,2022-08-NONE,2022-08-NONE,2022-08-NONE,0,0,,0.0,
001358,2020-12-NONE,,2020-12-NONE,2020-12-NONE,2020-12-NONE,2020-12-NONE,2020-12-NONE,0,0,,0.0,
001360,2021-09-02,,NONE-09-21,NONE-09-21,NONE-09-21,NONE-09-21,NONE-09-21,0,0,,0.0,
001361,2021-09-02,,NONE-09-21,NONE-09-21,NONE-09-21,NONE-09-21,NONE-09-21,0,0,,0.0,
001362,2021-04-NONE,,2021-10-13,2021-10-13,2021-10-13,2021-10-13,2021-10-13,0,0,,0.0,
001363,2021-04-NONE,,2021-10-13,2021-10-13,2021-10-13,2021-10-13,2021-10-13,0,0,,0.001,
001364,2021-02-NONE,,2018-02-02,2018-02-02,2018-02-02,2018-02-02,2018-02-02,0,0,,0.0,
001366,2021-09-29,2,2021-09-29,2021-09-29,2021-09-29,2021-09-29,2021-09-29,0,0,,0.001,
001367,2021-09-29,2,2021-09-22,2021-09-22,2021-09-22,2021-09-22,2021-09-22,0,0,,0.0,
001368,2021-08-19,,NONE,NONE,NONE,NONE,NONE,0,1,,0.368,'293.264215:58' → word:'295.264215 58' | mid:'295 264215 58' | line:'295.264215 58'
001369,2025-09-21,,2025-09-21,2025-09-21,2025-09-21,2025-09-21,2025-09-21,0,0,,0.001,
001370,2021-12-03,,2021-12-03,2021-12-03,2021-12-03,2021-12-03,2021-12-03,0,0,,0.0,
001371,2022-04-27,,2022-04-27,2022-04-27,2022-04-27,2022-04-27,2022-04-27,0,1,,0.529,'120-125-628 IX10  100g  361kcal' → word:'0120-125-628 Ix 0 100g5 361ca' | mid:'0120-125-628 IX 0  1005 361 kca' | line:''
001372,2022-03-07,,2022-03-07,2022-03-07,2022-03-07,2022-03-07,2022-03-07,0,1,,0.434,'MRRR:M88R15A-A19 40N8:192 ' → word:'8A-T 18 ' | mid:'RA 81-A-A14 18 ' | line:'IWE'
001373,2022-03-07,,2022-03-07,2022-03-07,2022-03-07,2022-03-07,2022-03-07,0,0,,0.0,
001374,2022-05-NONE,,2022-05-NONE,2022-05-NONE,2022-05-NONE,2022-05-NONE,2022-05-NONE,0,1,,1.656,' 447E201139-79 Manufactured by / Fabriqu  par  8000 A. Loacker Konfekt GmbH Heinfels - Tyrol - Austria 64 mg 3 25 7  111 9.6g 18  0mg 0  52.8g5  l1928 : South Tyrol /Italy/ www.loacker.it 437.5 g 192 Kcal 1-39054 Unterinn- Auna di Sotto - 6Z 8.4956  LOACKER  PURE GOODNESS  Saveur pure venue du cour des Alpes 2' → word:' A Manufactured by / Fabriqu  par o 80001 A. Loacker Konfekt GmbHi Heinfels - 
001375,2022-05-NONE,,2022-05-NONE,2022-05-NONE,2022-05-NONE,2022-05-NONE,2022-05-NONE,0,0,,0.0,
001376,2021-12-02,,2021-12-02,2021-12-02,2021-12-02,2021-12-02,2021-12-02,0,0,,0.0,
001377,2021-12-02,,NONE,NONE,NONE,NONE,NONE,0,0,,0.0,
001378,NONE,,2021-01-22,2021-01-22,2021-01-22,2021-01-22,2021-01-22,0,2,,0.453,'54-763-7717' → word:'1054-763-7717' | mid:'1054-763-717' | line:'1054-763-7717' ## 'X409:780' → word:'xy78' | mid:'xy718' | line:'xy78'
001379,NONE,,2021-01-22,2021-01-22,2021-01-22,2021-01-22,2021-01-22,0,1,,0.397,'      054-763-7717  571' → word:' N 0  7   054-763-7717  571' | line:''
001380,2021-04-09,,2021-04-09,2021-04-09,2021-04-09,2021-04-09,2021-04-09,0,1,,0.282,'080-730-5336' → word:'080-730-5336' | mid:'080-730-5336' | line:'080-730-5336'
001381,2021-04-09,,2021-04-09,2021-04-09,2021-04-09,2021-04-09,2021-04-09,0,2,,0.893,'H1 S 54494320 SA14 BINE BISA BSP HM272E021 WE3  .44 925  P2A M0 8M080-730-436' → word:'BABY S 49422 44 BIME B5AL 847 M2722021 H83   44  8 P  140-7-' | line:'' ## '80-730-5336' → word:'080-730-5336' | line:'080-730-5336'
001382,2023-01-05,,2023-01-05,2023-01-05,2023-01-05,2023-01-05,2023-01-05,0,0,,0.0,
001383,2023-01-05,,NONE,NONE,NONE,NONE,NONE,0,2,,0.607,'X W 712 HARS: 5 0M4 Z xV7PP K58C K083.01009 8806500009923' → word:'X   A78 A  8 5DM4ZXV7PP K08C 28855010099 8806500009923' | line:'' ## '1GR063.07' → word:'IGRO63.07' | line:'IGRO63.07'
001384,2018-09-NONE,,2018-09-NONE,2018-09-NONE,2018-09-NONE,2018-09-NONE,2018-09-NONE,0,0,,0.0,
001385,2018-09-NONE,,NONE,NONE,NONE,NONE,NONE,0,1,,0.28,'161758115 09-2016' → word:'16-E6165 103-20165' | line:'165-5815'
001388,2021-07-17,,2021-07-NONE,2021-07-NONE,2021-07-NONE,2021-07-NONE,2021-07-NONE,0,0,,0.001,
001389,2021-06-20,,2021-06-20,2021-06-20,2021-06-20,2021-06-20,2021-06-20,0,0,,0.0,
001390,2021-06-20,,2021-06-20,2021-06-20,2021-06-20,2021-06-20,2021-06-20,0,0,,0.0,
001391,2021-02-25,,2021-12-01,2021-12-01,2021-12-01,2021-12-01,2021-12-01,0,0,,0.0,
001392,2021-02-25,,2021-02-25,2021-02-25,2021-02-25,2021-02-25,2021-02-25,0,0,,0.0,
001393,2022-07-14,,2022-07-14,2022-07-14,2022-07-14,2022-07-14,2022-07-14,0,0,,0.0,
001394,2021-09-01,,NONE-11-08,NONE-11-08,NONE-11-08,NONE-11-08,NONE-11-08,0,0,,0.0,
001396,2022-11-01,,2022-11-01,2022-11-01,2022-11-01,2022-11-01,2022-11-01,0,0,,0.0,
001397,2022-11-01,,2022-11-01,2022-11-01,2022-11-01,2022-11-01,2022-11-01,0,0,,0.0,
001398,2021-07-23,,2021-07-23,2021-07-23,2021-07-23,2021-07-23,2021-07-23,0,0,,0.0,
001399,2021-07-23,,2021-07-23,2021-07-23,2021-07-23,2021-07-23,2021-07-23,0,0,,0.0,
001400,2022-01-29,,NONE,NONE,NONE,NONE,NONE,0,3,,0.558,'x29 13.84   012 0.5242406204 ' → word:'HE A13.84 0 0220204 2' | line:'' ## '2022-81638' → word:'2022-86638' | line:'2022-86638' ## 'A113.84  11.0218' → word:'N13..    X1X1.0128' | line:'13.840'
001401,2022-01-29,,2022-08-NONE,2022-08-NONE,2022-08-NONE,2022-08-NONE,2022-08-NONE,0,2,,1.062,' X   087  XH 4E SRE XHE  2022-88638  BRE A  L HA C1 2 22  o  A ON 03 0 ME. CAE  418g 20060372438442 AHZ 450 g 15 9x 307  EO 774x1' → word:' X1    5712 87   408  XHE  2022-86638   32 0           NE CAE  48 2006037243842 1AH21 5 450  15 xX 30  77 x1' | line:'C' ## '2022-81638' → word:'2022-8838' | line:'2022-8838'
001402,2020-09-29,,2020-09-29,2020-09-29,2020-09-29,2020-09-29,2020-09-29,0,2,,0.838,'01127018 8s 312000 1010 157 521 1  8 2 0.457/204' → word:'18  93010 015 84434 1    2 2 0470' | line:'  ' ## '15:41902J11' → word:'15141902311' | line:'15141902311'
001403,2020-09-29,,2020-07-04,2020-07-04,2020-07-04,2020-07-04,2020-07-04,0,1,,0.567,'48120  7912014  278747 1-2140112' → word:'71  .  124474' | line:'T'
001404,2021-01-27,,2021-01-27,2021-01-27,2021-01-27,2021-01-27,2021-01-27,0,2,,0.659,'4  4.3247101 0 8 4 01  O2CHF942 ' → word:'4 A 4.3247101 0 8 4 01  O2CHF942 ' | line:'' ## '89AE3E 4704.24 247188' → word:'SOAEE SE A  R471.' | line:'RA '
001405,2021-01-27,,2021-01-27,2021-01-27,2021-01-27,2021-01-27,2021-01-27,0,0,,0.001,
001406,2021-07-31,,2031-07-21,2031-07-21,2031-07-21,2031-07-21,2031-07-21,0,0,,0.0,
001407,2021-07-31,,2031-07-21,2031-07-21,2031-07-21,2031-07-21,2031-07-21,0,0,,0.0,
001408,2021-12-16,,2021-12-16,2021-12-16,2021-12-16,2021-12-16,2021-12-16,0,0,,0.001,
001409,2021-12-16,,2021-12-16,2021-12-16,2021-12-16,2021-12-16,2021-12-16,0,0,,0.001,
001410,2021-05-25,,2021-05-05,2021-05-05,2021-05-05,2021-05-05,2021-05-05,0,0,,0.0,
001412,2022-09-06,,2022-09-06,2022-09-06,2022-09-06,2022-09-06,2022-09-06,0,1,,1.004,'9 LI88 H8RN  8710 227187P 08     20 B 2 708  2846829 3419713  7I    S99796   216 18838 216 g 18 gX 12   20785-8   L- 19710372001234 .CHF218' → word:'Hag  LHOY ER8  571       H27     NAOAANLL GRAAPH  1910320 71      748    216 82  216 g 18X12  22 2097428 8  101  197103720001234 PO C2' | line:'S'
001413,2021-07-23,,2021-07-23,2021-07-23,2021-07-23,2021-07-23,2021-07-23,0,0,,0.0,
001414,2021-07-23,2,2021-07-24,2021-07-24,2021-07-24,2021-07-24,2021-07-24,0,0,,0.0,
001415,2022-04-20,,2022-04-20,2022-04-20,2022-04-20,2022-04-20,2022-04-20,0,0,,0.0,
001416,2021-11-05,,2021-11-05,2021-11-05,2021-11-05,2021-11-05,2021-11-05,0,0,,0.0,
001418,2021-07-18,,2021-07-18,2021-07-18,2021-07-18,2021-07-18,2021-07-18,0,1,,0.455,'402-552-74554 130gX4' → word:'02-5745 130gX4W1' | line:'130gX49'
001419,2021-07-18,,2021-07-18,2021-07-18,2021-07-18,2021-07-18,2021-07-18,0,0,,0.0,
001421,2021-07-01,,2021-07-01,2021-07-01,2021-07-01,2021-07-01,2021-07-01,0,0,,0.0,
001422,2021-11-NONE,,2021-11-NONE,2021-11-NONE,2021-11-NONE,2021-11-NONE,2021-11-NONE,0,0,,0.0,
001423,2021-11-NONE,,2021-11-17,2021-11-17,2021-11-17,2021-11-17,2021-11-17,0,0,,0.0,
001425,2021-06-22,2,2021-06-22,2021-06-22,2021-06-22,2021-06-22,2021-06-22,0,0,,0.0,
001426,2020-04-17,,2020-04-17,2020-04-17,2020-04-17,2020-04-17,2020-04-17,0,0,,0.001,
001427,2020-08-12,,2020-08-12,2020-08-12,2020-08-12,2020-08-12,2020-08-12,0,0,,0.0,
001428,2020-08-12,,2020-08-12,2020-08-12,2020-08-12,2020-08-12,2020-08-12,0,1,,0.588,'I  2 4  M 0mg /w20-023-5181 bN 4888 nongshim.com CH82112 4885  485W4837 E4 V6LC   E99 SBLECRE 81' → word:' 40mg w.nogshi--5  4288468 w.nongshim.com 112 885  M5541857 96   M E ' | line:''
001430,2021-01-23,,2021-01-01,2021-01-01,2021-01-01,2021-01-01,2021-01-01,0,0,,0.0,
001431,2021-08-19,,2021-08-01,2021-08-01,2021-08-01,2021-08-01,2021-08-01,0,0,,0.0,
001432,2021-09-29,,2021-09-29,2021-09-29,2021-09-29,2021-09-29,2021-09-29,0,0,,0.0,
001433,2021-09-29,,2021-09-29,2021-09-29,2021-09-29,2021-09-29,2021-09-29,0,0,,0.0,
001436,2021-09-20,,2021-09-20,2021-09-20,2021-09-20,2021-09-20,2021-09-20,0,0,,0.0,
001437,2021-08-29,,2021-08-29,2021-08-29,2021-08-29,2021-08-29,2021-08-29,0,0,,0.0,
001439,2021-09-03,,2021-09-03,2021-09-03,2021-09-03,2021-09-03,2021-09-03,0,0,,0.0,
001440,2021-09-03,,2021-09-03,2021-09-03,2021-09-03,2021-09-03,2021-09-03,0,0,,0.0,
001441,2021-06-24,,2021-06-24,2021-06-24,2021-06-24,2021-06-24,2021-06-24,0,1,,0.509,' 82-409  75-321 3  358  380-5678' → word:' 53182-409  10 1533A 30312  2 380-5678' | line:'L'
001442,2021-06-24,,2021-06-24,2021-06-24,2021-06-24,2021-06-24,2021-06-24,0,0,,0.0,
001443,2021-09-06,,2021-09-06,2021-09-06,2021-09-06,2021-09-06,2021-09-06,0,0,,0.0,
001444,2021-09-06,,2021-09-06,2021-09-06,2021-09-06,2021-09-06,2021-09-06,0,0,,0.0,
001445,2021-10-28,,2021-10-28,2021-10-28,2021-10-28,2021-10-28,2021-10-28,0,0,,0.0,
001446,2021-10-28,,2021-10-28,2021-10-28,2021-10-28,2021-10-28,2021-10-28,0,0,,0.0,
001448,2022-07-22,,2022-07-22,2022-07-22,2022-07-22,2022-07-22,2022-07-22,0,1,,0.464,'O8318 00/77  827  / 02 380-5678' → word:'218 /  271 /02 380-5678' | line:'02305'
001449,2022-10-28,,2022-10-28,2022-10-28,2022-10-28,2022-10-28,2022-10-28,0,0,,0.0,
001450,2022-04-26,,2022-04-26,2022-04-26,2022-04-26,2022-04-26,2022-04-26,0,0,,0.0,
001451,2022-04-26,,2022-04-26,2022-04-26,2022-04-26,2022-04-26,2022-04-26,1,0,2.28,0.0,
001453,2022-09-13,,2022-09-13,2022-09-13,2022-09-13,2022-09-13,2022-09-13,0,2,,0.406,'GMP :20-139-002' → word:'GMP  20-139-002' | line:'GMP 20-139-00' ## '080-781-1948' → word:'080-781-1948' | line:'080-781-1948'
001454,2022-04-02,,2022-04-02,2022-04-02,2022-04-02,2022-04-02,2022-04-02,0,1,,0.507,'OOH AU /7 02 597-3949  A' → word:'OFH  Afac   A/3 02597-3949 24 7' | line:''
001455,2022-04-02,,2022-04-02,2022-04-02,2022-04-02,2022-04-02,2022-04-02,0,2,,1.126,'LHEXH OXHSS 8718282928:82109 9982A4E N882 8198488  4 32 M2X 02-E2  28  8812718.712E0.6   8 E12/E 100   84 34395A 20 7A0 A48   12150  -8881 S8N078550   20 ' → word:'LH32XH XHE 71282942210 RALN 4  32M2x80d-52    8271713E10.6  BE10E100   9.2X4393A 20 7A10 2A84 5  129M50  0-A80. M 7.2232 SAR0ATH550   20 ' | line:' ' ## '0X84.99885980 EDA AA' → word:'01X184.9809835930 AA' | line:''
001456,2022-06-28,,2022-06-28,2022-06-28,2022-06-28,2022-06-28,2022-06-28,0,0,,0.0,
001457,2022-06-28,,2022-06-28,2022-06-28,2022-06-28,2022-06-28,2022-06-28,0,1,,0.354,'B K 8   200005047-9' → word:'   a   ' | line:'E'
001458,2022-10-29,,2022-10-29,2022-10-29,2022-10-29,2022-10-29,2022-10-29,0,0,,0.0,
001459,2022-10-29,,2022-10-29,2022-10-29,2022-10-29,2022-10-29,2022-10-29,0,0,,0.0,
001460,2022-11-18,,2022-11-18,2022-11-18,2022-11-18,2022-11-18,2022-11-18,0,0,,0.0,
001461,2022-01-20,,2022-01-20,2022-01-20,2022-01-20,2022-01-20,2022-01-20,0,0,,0.0,
001462,2021-11-17,,2021-11-17,2021-11-17,2021-11-17,2021-11-17,2021-11-17,0,0,,0.0,
001464,2022-11-18,,2022-11-18,2022-11-18,2022-11-18,2022-11-18,2022-11-18,0,0,,0.0,
001465,2022-11-18,,NONE-11-18,NONE-11-18,NONE-11-18,NONE-11-18,NONE-11-18,0,0,,0.0,
001466,2020-11-03,,2020-01-03,2020-01-03,2020-01-03,2020-01-03,2020-01-03,0,1,,0.745,'7 10 4040  200.1.03 90T 3E  10 BE' → word:'1 10 3 4 3E A 2020.1.03 t 3 E 80  ' | line:''
001467,2020-11-03,,2031-01-16,2031-01-16,2031-01-16,2031-01-16,2031-01-16,0,1,,0.298,'BO12 91821220.103 tro BO T' → word:'MOR220.103 10 90T' | line:'on21620.0'
001468,2022-12-03,,2022-12-03,2022-12-03,2022-12-03,2022-12-03,2022-12-03,0,1,,0.44,'x2387 90102-710 2LC 7 L E 0 2239 22 EME64' → word:' x 00107    02 22 M ' | line:''
001469,2022-12-03,,2022-12-03,2022-12-03,2022-12-03,2022-12-03,2022-12-03,0,1,,0.679,'121975001-19 60FEDA' → word:'Fs 15 HFEN' | line:' '
001470,2021-12-29,,2021-12-29,2021-12-29,2021-12-29,2021-12-29,2021-12-29,0,0,,0.0,
001471,2021-12-29,,2021-12-29,2021-12-29,2021-12-29,2021-12-29,2021-12-29,0,0,,0.0,
001472,2022-02-17,,2022-02-17,2022-02-17,2022-02-17,2022-02-17,2022-02-17,0,1,,0.293,'2291-20' → word:'' | line:''
001473,2022-02-17,,2022-02-17,2022-02-17,2022-02-17,2022-02-17,2022-02-17,0,0,,0.0,
001474,2022-07-10,,2022-07-10,2022-07-10,2022-07-10,2022-07-10,2022-07-10,0,0,,0.0,
001475,2022-07-10,,2022-07-10,2022-07-10,2022-07-10,2022-07-10,2022-07-10,0,0,,0.0,
001476,2022-05-10,2,2020-11-01,2020-11-01,2020-11-01,2020-11-01,2020-11-01,0,2,,2.429,'S T S 1R1  lg  2 2 12484E 32 1 1 8   022824 080-850-1200  cj.co.kr 4 1666-5471 224  4  1748 49 D O  0  IBL OED EIDE REWE 3A 284n 12A CHFELOPE  E X ' → word:'S N  AEA S SA AT 1H6H 22  H  xrac     080-850-1200  co.kr  4f fra 1  4frac       0 8 8 0 IBL   2   388 A OFELDPE  E 7 x1' | line:'B' ## '   A G67  2 2  17HOHME  cj.co.kr   294  24 080-850-1200 1666-5471   O PO A oa 242 100  BEW 38 HAAHE' → wo
001477,2022-05-10,2,NONE,NONE,NONE,NONE,NONE,0,4,,1.862,' K2 BP  60  2  C S CSE CAC  4E 4 080850-1200 1566.5471262 32840 ROAIS 2821 100  OYRER 2212 294 RDM  204 F' → word:' AR4 fre EC.k4  B ASRA  0   EE     080-550-1200 26.-540 2 ASOAE 20  100  298S4 2952  p   HPYELDPE 470  A' | line:'' ## ' AE RA D  C CETEEL  40IENE 43  cco kr 080-850-1200 166-54671 00 148 91 100  THREA EPLEAS 9E8 2 pos  RELDPE 41' → word:' A ARA PEA     ASR   AP   cj co.kr 8 080-5010
001478,2022-08-27,,2022-08-27,2022-08-27,2022-08-27,2022-08-27,2022-08-27,0,0,,0.0,
001480,NONE,m,2020-12-18,2020-12-18,2020-12-18,2020-12-18,2020-12-18,0,1,,0.852,'02067-23 015-20 104235007X19578 070  2000l0 24 64 O mg E10g 187088 X0 100 9 4E0 mg 100 x O  x0 31   ' → word:' 0190015-20 04077 0070  0 2 m C 0170 X80 E T LEO mg  EHAX O x 31 ' | line:' '
001481,NONE-01-31,,NONE,NONE,NONE,NONE,NONE,0,1,,0.256,'01.31708:52' → word:'01.31 7108 52' | line:'01.31 7108 52'
001483,2021-02-06,,2021-02-06,2021-02-06,2021-02-06,2021-02-06,2021-02-06,0,0,,0.0,
001484,2022-09-28,,2022-09-28,2022-09-28,2022-09-28,2022-09-28,2022-09-28,0,0,,0.0,
001485,2022-09-28,,2022-09-28,2022-09-28,2022-09-28,2022-09-28,2022-09-28,0,0,,0.0,
001486,2022-12-08,,2022-12-08,2022-12-08,2022-12-08,2022-12-08,2022-12-08,0,1,,0.277,'X4 g Aceites del surcoour. S.A  MN 321380-567' → word:'X1.A 18 Acit   0' | line:'24  '
001487,2022-12-08,,2022-01-08,2022-01-08,2022-01-08,2022-01-08,2022-01-08,0,0,,0.0,
001488,2021-07-12,,2021-07-12,2021-07-12,2021-07-12,2021-07-12,2021-07-12,0,0,,0.0,
001490,2021-08-06,2,2021-08-06,2021-08-06,2021-08-06,2021-08-06,2021-08-06,0,0,,0.0,
001491,2023-07-08,d,2023-07-08,2023-07-08,2023-07-08,2023-07-08,2023-07-08,0,1,,0.365,'   848/85842  a ' → word:' 3 842584  ' | line:' '
001492,2023-07-08,,2023-07-08,2023-07-08,2023-07-08,2023-07-08,2023-07-08,0,0,,0.0,
001493,2023-08-17,,2023-08-17,2023-08-17,2023-08-17,2023-08-17,2023-08-17,0,1,,1.103,'1 nergia BrenweEn ICHARZINE NU   Sale/Salz/Salt DURCHSCHNITTLICHE HR AVERAGE NUTRITIONAL DECLARATION Potine Eiweis o Grassi/ Ftt/Fat of which  sugars of which Saturated davon zucker di cui acidi grasi Saturi di cui zuccheri davon Gesattige fttsur 1288:386 PER ER 3 2 33 88 10' → word:'2 Energiaa en/En ICHARAZIONE NUTRALE ME Cotitiih Aa Sale / azSalt DURCHSCHNITTLICHE AHR WERT AVERAGE NUTRITIONAL D
001494,2023-08-17,,NONE,NONE,NONE,NONE,NONE,0,0,,0.0,
001495,2021-11-22,,2021-11-22,2021-11-22,2021-11-22,2021-11-22,2021-11-22,0,1,,0.629,'  M:7 40199 070-4610-4233' → word:' o  01 1399 070-4610-423' | line:' '
001496,2022-09-18,,2022-09-18,2022-09-18,2022-09-18,2022-09-18,2022-09-18,0,0,,0.0,
001498,2021-06-30,,2021-06-30,2021-06-30,2021-06-30,2021-06-30,2021-06-30,0,1,,1.24,' AO H 4808 O 4 OEOPZL ..2 518 SAPZ1399 1 91H 125 g  690 kcal    7112  49 g 15  23 g 1531 mg 0  AO   r  22  LINDT   SPRUNGLI  SCHWEIZ  AG g 47  1259 100550 k A 244.899  A' → word:'2  NBO 483 OE        8  60 ca   42  5   23 15361 9  4US08   ra 2    LINDT   SPRUNGLI  CHWEZ AG U9 47  450.k HA CO 8. 9  N' | line:''
001499,2021-06-30,,2021-06-30,2021-06-30,2021-06-30,2021-06-30,2021-06-30,0,0,,0.0,
001500,2021-09-23,,2021-09-23,2021-09-23,2021-09-23,2021-09-23,2021-09-23,0,0,,0.0,
001502,2021-06-24,,2021-06-24,2021-06-24,2021-06-24,2021-06-24,2021-06-24,0,0,,0.0,
001503,2021-06-24,,2021-06-24,2021-06-24,2021-06-24,2021-06-24,2021-06-24,0,0,,0.0,
001504,2021-01-27,,2021-01-27,2021-01-27,2021-01-27,2021-01-27,2021-01-27,0,0,,0.0,
001505,2021-01-27,,2021-01-27,2021-01-27,2021-01-27,2021-01-27,2021-01-27,0,0,,0.0,
001506,2021-02-19,,2021-02-19,2021-02-19,2021-02-19,2021-02-19,2021-02-19,0,0,,0.0,
001507,2021-02-19,,2021-02-19,2021-02-19,2021-02-19,2021-02-19,2021-02-19,0,2,,0.884,'FTT 10A 0.3 12N 192 0 I 19 35  60mg 20   8-8484290 3' → word:'A 10A 0  2A  192 O  19g 35   A 60mo 20  4853484 3A' | line:'P' ## 'A 4 449-9909 T 02 96972798 N HENT REDE 5288 8A58 U88 2995 LLA' → word:'  449-09 96972798   REDE  BASE U88 29R LEA' | line:'A'
001508,2021-10-19,,2021-10-19,2021-10-19,2021-10-19,2021-10-19,2021-10-19,0,0,,0.0,
001509,2021-10-19,,2021-10-19,2021-10-19,2021-10-19,2021-10-19,2021-10-19,0,1,,0.233,'BESI BY: OCCT19-2021 PKO06 83823' → word:'BES BY OCT19201 K06 83823' | line:' O'
001513,2018-05-16,,2018-05-16,2018-05-16,2018-05-16,2018-05-16,2018-05-16,0,0,,0.0,
001514,2022-08-16,,2022-08-16,2022-08-16,2022-08-16,2022-08-16,2022-08-16,0,0,,0.0,
001516,2021-11-19,,2021-11-19,2021-11-19,2021-11-19,2021-11-19,2021-11-19,0,1,,0.848,'  1H8OO9-240 BAA. 1 22  0 US A 01. 0 H. OO  LIE550 mg  X  1.2g  O m 8 4g EZHAF OG X .6 10 15  4.  24 71' → word:'   -20   B      GO  LIES 550 A x1 H     4 AX  O 9 1 00 15  4  P 713' | line:''
001518,2022-12-07,,2022-12-07,2022-12-07,2022-12-07,2022-12-07,2022-12-07,0,0,,0.0,
001521,2021-07-08,,NONE,NONE,NONE,NONE,NONE,0,0,,0.0,
001522,2021-06-14,2,2021-06-14,2021-06-14,2021-06-14,2021-06-14,2021-06-14,0,0,,0.0,
001523,2021-06-14,2,2021-01-15,2021-01-15,2021-01-15,2021-01-15,2021-01-15,0,0,,0.0,
001524,2021-06-25,,2021-06-25,2021-06-25,2021-06-25,2021-06-25,2021-06-25,0,0,,0.0,
001525,2021-06-25,,2021-06-25,2021-06-25,2021-06-25,2021-06-25,2021-06-25,0,0,,0.0,
001526,2021-01-21,,2021-01-21,2021-01-21,2021-01-21,2021-01-21,2021-01-21,0,1,,0.318,'F1-004022-150' → word:'F200020' | mid:'F-2002' | line:'F200020'
001527,2021-01-21,,2021-01-21,2021-01-21,2021-01-21,2021-01-21,2021-01-21,0,0,,0.0,
001528,2021-06-25,,2021-06-25,2021-06-25,2021-06-25,2021-06-25,2021-06-25,0,0,,0.0,
001529,2021-02-11,,2021-02-11,2021-02-11,2021-02-11,2021-02-11,2021-02-11,0,0,,0.0,
001530,2021-02-11,,2021-02-11,2021-02-11,2021-02-11,2021-02-11,2021-02-11,0,0,,0.0,
001531,2022-06-06,,2022-06-06,2022-06-06,2022-06-06,2022-06-06,2022-06-06,0,0,,0.0,
001532,2022-06-21,,2022-06-21,2022-06-21,2022-06-21,2022-06-21,2022-06-21,0,2,,0.735,'4271AM4.7 373297' → word:'   M      ' | mid:'  C M   H  ' | line:' ' ## '0199 7 24U0-014' → word:'N0199 N7O 10919' | mid:'F4NT01399 N7O 11091' | line:''
001534,2022-07-11,,2022-07-11,2022-07-11,2022-07-11,2022-07-11,2022-07-11,0,1,,0.341,'080-019-9119 X ' → word:'080-019-91 x' | mid:'080-019-91 ' | line:'080-019-91 x'
001535,2022-07-11,,2022-07-11,2022-07-11,2022-07-11,2022-07-11,2022-07-11,0,2,,0.463,'0  0  080-019-9119 4x123  ' → word:'    b0-019-9' | line:' ' ## '00347002-589 8 0 /A308' → word:'0040  2/M  5' | line:'N/'
001536,2021-02-19,,2021-02-19,2021-02-19,2021-02-19,2021-02-19,2021-02-19,0,0,,0.0,
001537,2021-02-19,2,2021-02-26,2026-01-31,2021-02-26,2021-02-26,2026-01-31,0,2,,0.584,'0.1  21.01.264 24 VI 81' → word:'10.1  31.02.754 17x1 SEI 81' | line:'0.38' ## '21.01.264 2X1 VEI 81' → word:'31.01.25A M 77x1 SEI 81' | line:'31.01.26A '
001539,2022-01-18,,2022-01-18,2022-01-18,2022-01-18,2022-01-18,2022-01-18,0,0,,0.0,
001540,2021-06-13,2,2021-06-13,2021-06-13,2021-06-13,2021-06-13,2021-06-13,0,0,,0.0,
001541,2021-06-13,2,2021-06-13,2021-06-13,2021-06-13,2021-06-13,2021-06-13,0,0,,0.0,
001542,2022-01-22,,2022-01-22,2022-01-22,2022-01-22,2022-01-22,2022-01-22,0,0,,0.0,
001543,2022-01-22,,2022-01-22,2022-01-22,2022-01-22,2022-01-22,2022-01-22,0,0,,0.0,
001544,2021-08-02,,2021-08-02,2021-08-02,2021-08-02,2021-08-02,2021-08-02,0,0,,0.0,
001545,2021-08-02,,2021-08-02,2021-08-02,2021-08-02,2021-08-02,2021-08-02,0,0,,0.0,
001546,2021-07-04,,2021-07-04,2021-07-04,2021-07-04,2021-07-04,2021-07-04,0,0,,0.0,
001547,2021-07-04,,2021-07-04,2021-07-04,2021-07-04,2021-07-04,2021-07-04,0,0,,0.0,
001548,2022-09-28,2,NONE,NONE,NONE,NONE,NONE,0,0,,0.0,
001549,2022-09-28,,NONE,NONE,NONE,NONE,NONE,0,1,,0.374,'PR0D:23-/093' → word:'ROD  29/09/222' | line:'ROD  29/09/222'
001550,2021-08-25,,2021-08-02,2021-08-25,2021-08-02,2021-08-02,2021-08-25,0,1,,0.674,'BEST BEFURE 2U21708/25' → word:'BEST BEFURE 2U21708/25' | mid:'BEST BEFURE 2021/08/25' | line:'BEST BEFURE 2U21708/25'
001551,2021-10-09,,2021-10-09,2021-10-09,2021-10-09,2021-10-09,2021-10-09,0,0,,0.0,
001552,NONE-02-19,,NONE-02-19,NONE-02-19,NONE-02-19,NONE-02-19,NONE-02-19,0,0,,0.0,
001555,2020-06-03,,2020-06-03,2020-06-03,2020-06-03,2020-06-03,2020-06-03,0,0,,0.0,
001556,2022-03-16,2,2022-03-16,2022-03-16,2022-03-16,2022-03-16,2022-03-16,0,0,,0.0,
001557,2022-03-16,2,2022-03-16,2022-03-16,2022-03-16,2022-03-16,2022-03-16,0,0,,0.0,
001559,2024-12-21,,2024-12-21,2024-12-21,2024-12-21,2024-12-21,2024-12-21,0,0,,0.0,
001560,2020-11-25,,2020-11-25,2020-11-25,2020-11-25,2020-11-25,2020-11-25,0,2,,0.678,'3.240044' → word:'3240187144' | line:'3240187144' ## '120 m0122/320 2  02/310 21210 24' → word:'120 m/02 012/30111 124 7112122' | line:'1 m2301204.71 12'
001561,2022-06-11,,2022-06-11,2022-06-11,2022-06-11,2022-06-11,2022-06-11,0,0,,0.0,
001562,2022-06-11,,2022-06-11,2022-06-11,2022-06-11,2022-06-11,2022-06-11,0,0,,0.0,
001563,2020-08-05,2,NONE,NONE,NONE,NONE,NONE,0,0,,0.0,
001564,2020-08-05,2,NONE,NONE,NONE,NONE,NONE,0,1,,0.295,'50:28:8:85 12:47 J' → word:'8888517 4' | line:'8888517'
001565,2022-01-17,,2022-01-17,2022-01-17,2022-01-17,2022-01-17,2022-01-17,0,0,,0.0,
001566,2020-04-23,,2020-04-23,2020-04-23,2020-04-23,2020-04-23,2020-04-23,0,0,,0.0,
001567,2020-04-23,,2020-01-15,2020-01-15,2020-01-15,2020-01-15,2020-01-15,0,0,,0.0,
001570,2021-11-30,,2021-11-30,2021-11-30,2021-11-30,2021-11-30,2021-11-30,0,0,,0.0,
001571,2021-06-11,,2021-06-11,2021-06-11,2021-06-11,2021-06-11,2021-06-11,0,0,,0.0,
001572,2021-06-11,,2021-06-11,2021-06-11,2021-06-11,2021-06-11,2021-06-11,0,0,,0.0,
001573,2022-01-06,,2022-01-06,2022-01-06,2022-01-06,2022-01-06,2022-01-06,0,1,,0.53,' 102 /02 430-1975 04/247 A 75 E/ME MET SME 9  527 / 02 30-5678 89  EA 25mg 88L4896171 869 15 ' → word:'02 301 0A/27  7  CTE ASEN  EE 19 5h230-5678     A5g 86 461771 H  15  ' | line:''
001575,2022-03-27,,2022-03-22,2022-03-22,2022-03-22,2022-03-22,2022-03-22,0,0,,0.0,
001576,2022-03-27,,2022-03-27,2022-03-27,2022-03-27,2022-03-27,2022-03-27,0,0,,0.0,
001577,2022-11-05,,2022-11-05,2022-11-05,2022-11-05,2022-11-05,2022-11-05,0,1,,0.526,'BOOE 7 02 597-3949' → word:'O A702 597-3949' | line:'702597-3949'
001578,2022-11-05,,2022-11-05,2022-11-05,2022-11-05,2022-11-05,2022-11-05,0,0,,0.0,
001579,2022-11-02,,2022-11-02,2022-11-02,2022-11-02,2022-11-02,2022-11-02,0,0,,0.0,
001580,2022-11-02,,2022-11-02,2022-11-02,2022-11-02,2022-11-02,2022-11-02,0,0,,0.0,
001582,2021-11-05,,2021-11-05,2021-11-05,2021-11-05,2021-11-05,2021-11-05,0,0,,0.0,
001583,2021-12-15,,2021-12-15,2021-12-15,2021-12-15,2021-12-15,2021-12-15,0,0,,0.0,
001585,2021-10-28,,2021-10-28,2021-10-28,2021-10-28,2021-10-28,2021-10-28,0,1,,0.15,'4080-023-39 ' → word:'4A0239 ' | line:'4A0239 '
001586,2021-04-20,,2021-04-20,2021-04-20,2021-04-20,2021-04-20,2021-04-20,0,0,,0.0,
001589,2023-01-09,,2023-01-09,2023-01-09,2023-01-09,2023-01-09,2023-01-09,0,1,,0.32,'00/031-796-6435' → word:'0/031-796-6435' | line:'0/031-796-6435'
001590,2021-02-18,,2021-02-18,2021-02-18,2021-02-18,2021-02-18,2021-02-18,0,1,,0.387,'21.02.1871I' → word:'21.02.187XI' | mid:'21.02.187XI' | line:'21.02.187XI'
001592,2022-01-05,,2022-01-05,2022-01-05,2022-01-05,2022-01-05,2022-01-05,0,0,,0.0,
001593,2022-01-05,,2022-01-05,2022-01-05,2022-01-05,2022-01-05,2022-01-05,0,0,,0.0,
001594,2021-12-13,,2021-12-13,2021-12-13,2021-12-13,2021-12-13,2021-12-13,0,0,,0.0,
001595,2021-12-13,,2021-12-13,2021-12-13,2021-12-13,2021-12-13,2021-12-13,0,0,,0.0,
001596,2021-02-25,2,2021-02-25,2021-02-25,2021-02-25,2021-02-25,2021-02-25,0,0,,0.0,
001597,2021-03-07,2,2021-03-07,2021-03-07,2021-03-07,2021-03-07,2021-03-07,0,0,,0.0,
001598,2021-03-07,2,2018-02-NONE,2018-02-NONE,2018-02-NONE,2018-02-NONE,2018-02-NONE,0,0,,0.0,
001599,2021-02-15,,2021-02-15,2021-02-15,2021-02-15,2021-02-15,2021-02-15,0,0,,0.0,
001600,2021-02-08,,2021-02-08,2021-02-08,2021-02-08,2021-02-08,2021-02-08,0,0,,0.0,
001601,2021-02-11,,2021-02-11,2021-02-11,2021-02-11,2021-02-11,2021-02-11,0,0,,0.0,
001602,2021-02-11,,2021-02-11,2021-02-11,2021-02-11,2021-02-11,2021-02-11,0,0,,0.0,
001603,2021-02-24,,2021-02-24,2021-02-24,2021-02-24,2021-02-24,2021-02-24,0,0,,0.0,
001605,2021-03-06,,2021-03-06,2021-03-06,2021-03-06,2021-03-06,2021-03-06,0,0,,0.0,
001606,2021-04-03,,2021-04-03,2021-04-03,2021-04-03,2021-04-03,2021-04-03,0,0,,0.0,
001607,2021-04-03,,2021-04-03,2021-04-03,2021-04-03,2021-04-03,2021-04-03,0,0,,0.0,
001608,2021-06-29,,2021-06-29,2021-06-29,2021-06-29,2021-06-29,2021-06-29,0,0,,0.0,
001609,2021-06-29,,2021-06-29,2021-06-29,2021-06-29,2021-06-29,2021-06-29,0,0,,0.0,
001610,2021-02-12,,2021-02-12,2021-02-12,2021-02-12,2021-02-12,2021-02-12,0,1,,0.323,'964-1455' → word:'5-941455' | mid:'391455' | line:'5-941455'
001611,2021-02-12,,2021-02-12,2021-02-12,2021-02-12,2021-02-12,2021-02-12,0,0,,0.0,
001612,2022-02-25,,2022-02-25,2022-02-25,2022-02-25,2022-02-25,2022-02-25,0,0,,0.0,
001613,2022-02-25,,2022-02-25,2022-02-25,2022-02-25,2022-02-25,2022-02-25,0,0,,0.0,
001614,2020-09-03,,2020-09-03,2020-09-03,2020-09-03,2020-09-03,2020-09-03,0,1,,0.195,'00-19-919/1445' → word:'0-019911 ' | mid:'019-911 ' | line:'0-019911 '
001615,2020-09-03,,2020-09-03,2020-09-03,2020-09-03,2020-09-03,2020-09-03,0,0,,0.0,
001616,2021-12-15,,2021-12-15,2021-12-15,2021-12-15,2021-12-15,2021-12-15,0,0,,0.0,
001617,2021-12-15,,2021-12-15,2021-12-15,2021-12-15,2021-12-15,2021-12-15,0,0,,0.0,
001618,2023-10-06,,2023-10-06,2023-10-06,2023-10-06,2023-10-06,2023-10-06,0,0,,0.0,
001619,2023-10-06,,2023-10-06,2023-10-06,2023-10-06,2023-10-06,2023-10-06,0,0,,0.0,
001620,2022-07-19,,2022-07-19,2022-07-19,2022-07-19,2022-07-19,2022-07-19,0,0,,0.0,
001621,2022-07-19,,2022-07-19,2022-07-19,2022-07-19,2022-07-19,2022-07-19,0,0,,0.0,
001624,2022-04-26,,2022-04-26,2022-04-26,2022-04-26,2022-04-26,2022-04-26,0,0,,0.0,
001626,2021-07-03,,2021-07-03,2021-07-03,2021-07-03,2021-07-03,2021-07-03,0,1,,0.197,'1.2LX1282' → word:'1.2LX12801' | mid:'1.2X1201' | line:'1.2LX12801'
001629,2021-07-23,,2021-07-23,2021-07-23,2021-07-23,2021-07-23,2021-07-23,0,0,,0.0,
001630,2022-10-21,,2022-10-21,2022-10-21,2022-10-21,2022-10-21,2022-10-21,0,0,,0.0,
001631,2022-10-21,,2022-10-21,2022-10-21,2022-10-21,2022-10-21,2022-10-21,0,0,,0.0,
001632,2021-11-27,,2021-11-27,2021-11-27,2021-11-27,2021-11-27,2021-11-27,0,1,,1.13,'4xg X717  266 cal  2102/850 14A84 omeplus' → word:'1        66 x 208750 HAA  omeplu' | mid:'4x  0  26   x 202850 HA  omeplu' | line:'plus'
001633,2021-05-12,,2021-05-12,2021-05-12,2021-05-12,2021-05-12,2021-05-12,0,1,,0.617,'287/0  2ea02 H  C:9045.989 4H8   50 g  1cal 22 E 4 11 0 AA  2.000     1' → word:'871   2102 1 4.5.9 00 2 EM  Toe  EA  200Ka  ' | line:''
001635,2021-12-22,,2021-12-22,2021-12-22,2021-12-22,2021-12-22,2021-12-22,0,0,,0.0,
001636,2021-12-22,2,2023-02-12,2023-02-12,2023-02-12,2023-02-12,2023-02-12,0,0,,0.0,
001637,2021-04-12,,2021-04-12,2021-04-12,2021-04-12,2021-04-12,2021-04-12,0,0,,0.0,
001638,2021-04-12,,2021-04-12,2021-04-12,2021-04-12,2021-04-12,2021-04-12,0,0,,0.0,
001639,2021-02-28,,2021-02-28,2021-02-28,2021-02-28,2021-02-28,2021-02-28,0,0,,0.0,
001640,2021-02-28,,2021-02-28,2021-02-28,2021-02-28,2021-02-28,2021-02-28,0,0,,0.0,
001641,2023-01-24,,2023-01-24,2023-01-24,2023-01-24,2023-01-24,2023-01-24,0,0,,0.0,
001642,2022-03-19,,2022-03-19,2022-03-19,2022-03-19,2022-03-19,2022-03-19,0,0,,0.0,
001643,2021-10-16,,2021-10-16,2021-10-16,2021-10-16,2021-10-16,2021-10-16,0,1,,0.564,'0106-10-3 16:42' → word:'0106.10-3 3 16 42' | line:'0106 10-3 16 42'
001645,2021-10-12,,2021-10-12,2021-10-12,2021-10-12,2021-10-12,2021-10-12,0,0,,0.0,
001646,2021-10-12,,NONE,NONE,NONE,NONE,NONE,0,0,,0.0,
001647,2021-12-14,,2021-12-14,2021-12-14,2021-12-14,2021-12-14,2021-12-14,0,0,,0.0,
001648,2021-12-14,,2021-12-14,2021-12-14,2021-12-14,2021-12-14,2021-12-14,0,0,,0.0,
001649,2019-08-18,,2021-01-21,2021-01-21,2021-01-21,2021-01-21,2021-01-21,0,1,,0.409,'4880-0101' → word:'' | mid:'' | line:''
001650,2019-08-18,,2019-08-18,2019-08-18,2019-08-18,2019-08-18,2019-08-18,0,0,,0.0,
001651,2021-03-09,,2021-03-09,2021-03-09,2021-03-09,2021-03-09,2021-03-09,0,0,,0.0,
001652,2021-03-09,,2021-03-09,2021-03-09,2021-03-09,2021-03-09,2021-03-09,0,0,,0.0,
001653,2019-08-19,,2019-08-19,2019-08-19,2019-08-19,2019-08-19,2019-08-19,0,0,,0.0,
001654,2019-08-19,,2019-08-19,2019-08-19,2019-08-19,2019-08-19,2019-08-19,0,0,,0.0,
001655,2019-09-12,,2019-09-12,2019-09-12,2019-09-12,2019-09-12,2019-09-12,0,0,,0.0,
001656,2021-01-16,,2021-01-16,2021-01-16,2021-01-16,2021-01-16,2021-01-16,0,0,,0.0,
001657,2021-01-16,,2021-01-16,2021-01-16,2021-01-16,2021-01-16,2021-01-16,0,0,,0.0,
001659,2022-10-05,,2022-10-05,2022-10-05,2022-10-05,2022-10-05,2022-10-05,0,1,,1.775,'7 -22 2X1-201    4 KUTAS 90088 O 0  XO 967935 TEL:043-882-3752  170 4 U 2 022 WEH H ' → word:'XA 202 EX  a    KUT 008 AH 00 0 X   6 TE 82-375T    1 MM Z  3210 E  ' | mid:'XA 102 XI    70  KTA 00 A/  01xo 00 0145 X  6 TE 82-375T  N  10 HM   210 E  ' | line:''
001661,2022-04-26,,2022-04-26,2022-04-26,2022-04-26,2022-04-26,2022-04-26,0,0,,0.0,
001662,2022-04-26,,2022-04-26,2022-04-26,2022-04-26,2022-04-26,2022-04-26,0,1,,0.466,'E460080-04- WAEE' → word:'E8 0000- WAET' | line:'F--'
001663,2020-08-29,,2020-08-29,2020-08-29,2020-08-29,2020-08-29,2020-08-29,0,0,,0.0,
001664,2020-08-29,,2020-08-29,2020-08-29,2020-08-29,2020-08-29,2020-08-29,0,0,,0.0,
001665,2021-01-28,,2021-01-28,2021-01-28,2021-01-28,2021-01-28,2021-01-28,0,0,,0.0,
001667,2021-09-14,,2021-09-14,2021-09-14,2021-09-14,2021-09-14,2021-09-14,0,0,,0.0,
001668,2021-09-14,,2021-09-14,2021-09-14,2021-09-14,2021-09-14,2021-09-14,0,0,,0.0,
001669,2021-02-08,,2021-02-08,2021-02-08,2021-02-08,2021-02-08,2021-02-08,0,0,,0.0,
001670,2021-10-23,2,2021-10-23,2021-10-23,2021-10-23,2021-10-23,2021-10-23,0,0,,0.0,
001671,2021-10-23,2,2021-10-23,2021-10-23,2021-10-23,2021-10-23,2021-10-23,0,0,,0.0,
001672,2021-05-19,,2021-05-19,2021-05-19,2021-05-19,2021-05-19,2021-05-19,0,0,,0.0,
001673,2021-05-19,,2021-05-19,2021-05-19,2021-05-19,2021-05-19,2021-05-19,0,1,,0.242,'8871 6814:4911 2021 10519' → word:'787193 22110519 11 202 105.19x' | line:'1'
001674,2021-07-18,,2021-07-18,2021-07-18,2021-07-18,2021-07-18,2021-07-18,0,0,,0.0,
001675,2021-03-15,,2021-03-15,2021-03-15,2021-03-15,2021-03-15,2021-03-15,0,0,,0.0,
001676,2021-03-15,,2021-03-15,2021-03-15,2021-03-15,2021-03-15,2021-03-15,0,0,,0.0,
001677,2021-11-28,,2021-11-28,2021-11-28,2021-11-28,2021-11-28,2021-11-28,0,0,,0.0,
001679,2021-03-16,2,2021-03-16,2021-03-16,2021-03-16,2021-03-16,2021-03-16,0,0,,0.0,
001681,2022-10-22,,2022-10-22,2022-10-22,2022-10-22,2022-10-22,2022-10-22,0,0,,0.0,
001682,2022-10-22,,2022-10-22,2022-10-22,2022-10-22,2022-10-22,2022-10-22,0,0,,0.0,
001683,2021-11-14,,2021-11-14,2021-11-14,2021-11-14,2021-11-14,2021-11-14,0,0,,0.0,
001684,2021-11-14,,2021-11-14,2021-11-14,2021-11-14,2021-11-14,2021-11-14,0,0,,0.0,
001685,2021-11-29,2,2021-11-29,2021-11-29,2021-11-29,2021-11-29,2021-11-29,0,0,,0.0,
001686,2020-11-27,,2020-11-27,2020-11-27,2020-11-27,2020-11-27,2020-11-27,0,1,,0.516,'825 2000531002-23   ' → word:' 2001002 23 20' | mid:' 200012 23 210' | line:''
001687,2020-11-27,,2020-11-27,2020-11-27,2020-11-27,2020-11-27,2020-11-27,0,2,,0.639,'2824 44222  760 84 100   410 H0EN 0 2000531002-23 9PE547  N0 209' → word:'28425 4 BE  ANE  1     20005102-23  54  0 0' | line:'' ## '080-85012000' → word:'080-00420' | line:'080-00420'
001689,2021-06-22,,NONE,NONE,NONE,NONE,NONE,0,0,,0.0,
001690,2020-08-16,,2020-08-16,2020-08-16,2020-08-16,2020-08-16,2020-08-16,0,0,,0.0,
001691,2020-08-16,,2020-08-16,2020-08-16,2020-08-16,2020-08-16,2020-08-16,0,0,,0.0,
001692,2021-07-03,,2021-07-03,2021-07-03,2021-07-03,2021-07-03,2021-07-03,0,0,,0.0,
001694,2022-07-01,,2022-07-01,2022-07-01,2022-07-01,2022-07-01,2022-07-01,0,1,,0.465,'200.7100  8100 1' → word:'20011000' | mid:'200.1000 ' | line:'20011000'
001695,2022-07-01,,2022-07-01,2022-07-01,2022-07-01,2022-07-01,2022-07-01,0,1,,0.468,'MXa02-967-2010  A n.m CCOAPODER S   ' → word:'X2.557010  i   iCOAPONE  PO ' | line:' '
001696,2022-06-23,,2022-06-23,2022-06-23,2022-06-23,2022-06-23,2022-06-23,0,0,,0.0,
001698,2021-12-22,,2021-12-22,2021-12-22,2021-12-22,2021-12-22,2021-12-22,0,0,,0.0,
001699,2021-12-22,,2021-12-22,2021-12-22,2021-12-22,2021-12-22,2021-12-22,0,0,,0.0,
001700,2021-10-27,,2021-10-27,2021-10-27,2021-10-27,2021-10-27,2021-10-27,0,0,,0.0,
001701,2021-10-27,,2021-10-27,2021-10-27,2021-10-27,2021-10-27,2021-10-27,0,0,,0.0,
001702,2021-05-17,,2021-05-17,2021-05-17,2021-05-17,2021-05-17,2021-05-17,0,0,,0.0,
001703,2021-07-16,,2021-07-16,2021-07-16,2021-07-16,2021-07-16,2021-07-16,0,0,,0.0,
001704,2021-07-16,,2021-07-16,2021-07-16,2021-07-16,2021-07-16,2021-07-16,0,0,,0.0,
001705,2021-06-04,,2021-06-04,2021-06-04,2021-06-04,2021-06-04,2021-06-04,0,0,,0.0,
001707,2021-05-02,,2021-05-02,2021-05-02,2021-05-02,2021-05-02,2021-05-02,1,0,1.52,0.0,
001708,2021-05-02,,2021-05-02,2021-05-02,2021-05-02,2021-05-02,2021-05-02,0,0,,0.0,
001709,2021-04-12,,2021-04-12,2021-04-12,2021-04-12,2021-04-12,2021-04-12,0,0,,0.0,
001710,2021-10-15,2,2021-10-15,2021-10-15,2021-10-15,2021-10-15,2021-10-15,0,0,,0.0,
001711,2021-10-15,2,2021-10-15,2021-10-15,2021-10-15,2021-10-15,2021-10-15,0,0,,0.0,
001712,2021-07-18,2,2021-07-18,2021-07-18,2021-07-18,2021-07-18,2021-07-18,0,1,,0.248,'21.01.1918:16  E' → word:'21.01.1918 16  E' | mid:'21.01.1918 16 EI' | line:'21.01.1918 16 EI'
001713,2021-09-08,,2021-09-08,2021-09-08,2021-09-08,2021-09-08,2021-09-08,0,0,,0.0,
001714,2021-09-08,d,2021-09-08,2021-09-08,2021-09-08,2021-09-08,2021-09-08,0,0,,0.0,
001715,2021-02-07,,2021-02-07,2021-02-07,2021-02-07,2021-02-07,2021-02-07,0,0,,0.0,
001716,2021-02-07,,2021-02-07,2021-02-07,2021-02-07,2021-02-07,2021-02-07,0,0,,0.0,
001717,2021-02-08,,2021-02-08,2021-02-08,2021-02-08,2021-02-08,2021-02-08,0,1,,0.312,'TE   21.02.0817' → word:'OE  21.02.081 /' | mid:'OE   21.02.08 /' | line:'21.02.08'
001718,2021-02-08,,2021-02-08,2021-02-08,2021-02-08,2021-02-08,2021-02-08,0,0,,0.0,
001719,2021-03-11,,2021-03-11,2021-03-11,2021-03-11,2021-03-11,2021-03-11,0,0,,0.0,
001720,2021-03-11,,2021-03-11,2021-03-11,2021-03-11,2021-03-11,2021-03-11,0,0,,0.0,
001721,2021-07-06,2,2021-07-06,2021-07-06,2021-07-06,2021-07-06,2021-07-06,0,0,,0.0,
001722,2021-07-06,2,2021-07-06,2021-07-06,2021-07-06,2021-07-06,2021-07-06,0,0,,0.0,
001723,2021-05-13,,2021-05-13,2021-05-13,2021-05-13,2021-05-13,2021-05-13,0,0,,0.0,
001724,2021-05-13,,2021-05-13,2021-05-13,2021-05-13,2021-05-13,2021-05-13,0,0,,0.0,
001725,2021-02-16,,2021-02-16,2021-02-16,2021-02-16,2021-02-16,2021-02-16,0,0,,0.001,
001726,2021-02-16,,2021-02-16,2021-02-16,2021-02-16,2021-02-16,2021-02-16,0,0,,0.0,
001728,2021-02-08,,2021-02-08,2021-02-08,2021-02-08,2021-02-08,2021-02-08,0,0,,0.0,
001729,2021-03-13,,2021-03-13,2021-03-13,2021-03-13,2021-03-13,2021-03-13,0,0,,0.0,
001730,2021-10-02,,2021-10-02,2021-10-02,2021-10-02,2021-10-02,2021-10-02,0,0,,0.0,
001731,2021-10-02,,2021-10-02,2021-10-02,2021-10-02,2021-10-02,2021-10-02,0,0,,0.0,
001732,2022-11-18,,2022-11-18,2022-11-18,2022-11-18,2022-11-18,2022-11-18,0,0,,0.0,
001733,2022-11-18,,2022-11-18,2022-11-18,2022-11-18,2022-11-18,2022-11-18,0,0,,0.0,
001735,2022-01-20,,2022-01-20,2022-01-20,2022-01-20,2022-01-20,2022-01-20,0,0,,0.0,
001736,2021-02-08,,2021-02-08,2021-02-08,2021-02-08,2021-02-08,2021-02-08,0,1,,0.307,'14:16747' → word:'14 16741' | mid:'14 161' | line:'14 16741'
001738,2022-01-05,,2022-01-05,2022-01-05,2022-01-05,2022-01-05,2022-01-05,0,1,,0.205,'16:5889 01' → word:'165850' | mid:'1658880' | line:'165850'
001740,2022-11-01,,2022-11-01,2022-11-01,2022-11-01,2022-11-01,2022-11-01,0,0,,0.0,
001741,2022-11-01,,2022-11-01,2022-11-01,2022-11-01,2022-11-01,2022-11-01,0,0,,0.0,
001742,2021-10-26,,2021-10-26,2021-10-26,2021-10-26,2021-10-26,2021-10-26,0,0,,0.0,
001744,2022-01-28,2,2022-01-28,2022-01-28,2022-01-28,2022-01-28,2022-01-28,0,0,,0.0,
001745,2022-01-28,2,2022-01-NONE,2022-01-NONE,2022-01-NONE,2022-01-NONE,2022-01-NONE,0,1,,0.729,'2121.011.29.01:14 212.01.28/2N  E1' → word:'01214 22.01  E' | line:''
001746,2021-10-12,2,2021-10-12,2021-10-12,2021-10-12,2021-10-12,2021-10-12,0,1,,0.627,'801062881710 0-024-6060' → word:'808710 D-02060' | mid:'08710 D-06060' | line:'0106 1710-024-6060'
001748,2019-07-03,2,2030-12-14,2030-12-14,2030-12-14,2030-12-14,2030-12-14,0,1,,0.528,'2818:85:15' → word:'3813 89 519' | mid:'3813 89 191' | line:'3813 89 519'
001749,2019-07-03,,NONE,NONE,NONE,NONE,NONE,0,1,,0.494,'380 g 399 kcal  3818:89: 1S  C -99001   ' → word:'30g 39 kcal 3818 8 S 0 901  ' | line:'0  '
001750,2021-06-28,,2021-06-28,2021-06-28,2021-06-28,2021-06-28,2021-06-28,0,0,,0.0,
001751,2021-06-28,,2021-06-28,2021-06-28,2021-06-28,2021-06-28,2021-06-28,0,0,,0.0,
001752,2022-01-10,,2022-01-10,2022-01-10,2022-01-10,2022-01-10,2022-01-10,0,0,,0.0,
001753,2022-01-10,,2022-01-10,2022-01-10,2022-01-10,2022-01-10,2022-01-10,0,1,,0.439,'8 301062 3418 1XI 080-024-6060 ' → word:'8 B30 0013418 nXI S0 240 ' | line:''
001754,2021-12-05,,2021-12-05,2021-12-05,2021-12-05,2021-12-05,2021-12-05,0,0,,0.0,
001756,2021-12-30,2,2021-12-20,2021-12-20,2021-12-20,2021-12-20,2021-12-20,1,0,2.6,0.0,
001757,2023-03-09,,2023-03-09,2023-03-09,2023-03-09,2023-03-09,2023-03-09,0,1,,0.883,'INGREDIENTS: TOMATO PUREE   CN SSALT EA E  CL XANTHAN GU CD KRAFT FOODS GROUP  INC. HFIELD  L 60093-2753 USA' → word:'ITOATO U   A RAISN ASRAE   ANTONLAR  KAFT FOODS GROUPP  RATFL0A' | mid:'IED TOATO     RAISN PASRAE P   ANAN KRAF FOODSOU A' | line:''
001758,2023-03-09,,2023-03-09,2023-03-09,2023-03-09,2023-03-09,2023-03-09,0,0,,0.0,
001759,2021-04-24,,2021-04-24,2021-04-24,2021-04-24,2021-04-24,2021-04-24,0,0,,0.0,
001761,2021-11-22,,2021-11-22,2021-11-22,2021-11-22,2021-11-22,2021-11-22,0,0,,0.0,
001762,2021-11-22,,2021-11-22,2021-11-22,2021-11-22,2021-11-22,2021-11-22,0,0,,0.0,
001763,2021-12-23,,2021-12-23,2021-12-23,2021-12-23,2021-12-23,2021-12-23,0,0,,0.0,
001764,2021-12-23,,2021-12-23,2021-12-23,2021-12-23,2021-12-23,2021-12-23,0,0,,0.0,
001765,2021-09-10,,2021-09-21,2021-09-21,2021-09-21,2021-09-21,2021-09-21,0,0,,0.0,
001766,2021-09-10,,2021-09-10,2021-09-10,2021-09-10,2021-09-10,2021-09-10,0,0,,0.0,
001767,2021-06-29,2,2021-06-29,2021-06-29,2021-06-29,2021-06-29,2021-06-29,0,0,,0.0,
001768,2021-06-29,2,2021-06-29,2021-06-29,2021-06-29,2021-06-29,2021-06-29,0,0,,0.0,
001769,2021-12-22,,2021-12-02,2021-12-02,2021-12-02,2021-12-02,2021-12-02,0,0,,0.0,
001770,2019-10-18,2,2019-10-18,2019-10-18,2019-10-18,2019-10-18,2019-10-18,0,1,,0.38,'  19.10.181 T ' → word:'o 110.8' | line:'o0'
001772,2020-08-07,,2020-08-07,2020-08-07,2020-08-07,2020-08-07,2020-08-07,0,0,,0.0,
001773,2020-08-07,,2020-08-07,2020-08-07,2020-08-07,2020-08-07,2020-08-07,0,0,,0.0,
001774,2021-04-02,,2021-04-02,2021-04-02,2021-04-02,2021-04-02,2021-04-02,0,1,,0.276,'16:52719' → word:'16 5214' | line:'16 5214'
001775,2021-04-02,,2021-04-02,2021-04-02,2021-04-02,2021-04-02,2021-04-02,0,0,,0.0,
001778,2021-04-09,,2021-04-09,2021-04-09,2021-04-09,2021-04-09,2021-04-09,0,1,,0.329,'080-024-6060 ANUREV8 2' → word:'080-024-6060 ANURB48 2' | line:'080-024-6060'
001779,2021-04-09,,2021-04-09,2021-04-09,2021-04-09,2021-04-09,2021-04-09,0,1,,0.28,'080-024-6060 AAURAV8 24' → word:'080-024-6060 URV ' | line:'0-024-60'
001780,2020-09-01,2,2020-09-01,2020-09-01,2020-09-01,2020-09-01,2020-09-01,0,0,,0.0,
001781,2020-09-01,2,2020-09-01,2020-09-01,2020-09-01,2020-09-01,2020-09-01,0,1,,0.872,'         5 frac   76048705194  PHME2311 H E E EE  EA 0- HO   HE   HACCP HACCPA3 OTEO HAG  H  S 80117555115 220.13.022:48 2020.009.01/AF2 1/w cower.com HE ' → word:'   LA        5 f  760B705194  A 1 S UES E H      HACCP P-HACPP OE HAC    B30111755515 2020.15.22488 20035.01AF2  v tioerdaom  E ' | line:'C8'
001782,2022-10-01,,2022-10-01,2022-10-01,2022-10-01,2022-10-01,2022-10-01,0,0,,0.0,
001783,2021-06-13,,2021-06-13,2021-06-13,2021-06-13,2021-06-13,2021-06-13,0,0,,0.0,
001785,2021-09-19,,2021-09-19,2021-09-19,2021-09-19,2021-09-19,2021-09-19,0,0,,0.0,
001786,2021-09-19,,2021-09-19,2021-09-19,2021-09-19,2021-09-19,2021-09-19,0,0,,0.0,
001787,2020-12-NONE,,NONE-12-20,NONE-12-20,NONE-12-20,NONE-12-20,NONE-12-20,0,0,,0.0,
001788,2020-12-NONE,,NONE-12-20,NONE-12-20,NONE-12-20,NONE-12-20,NONE-12-20,0,0,,0.0,
001789,2021-01-16,,2021-01-16,2021-01-16,2021-01-16,2021-01-16,2021-01-16,0,0,,0.0,
001790,2021-01-16,,2021-01-16,2021-01-16,2021-01-16,2021-01-16,2021-01-16,0,0,,0.0,
001791,2020-08-13,,2020-08-01,2020-08-01,2020-08-01,2020-08-01,2020-08-01,0,1,,1.168,'Ha 2 14844  80 IHRIANESREA L   O 1N4 SR RENRSER 1NS 41 101 R2 2e 91818 16-54718 080-850-1200 O   1O EANRNS 14880g20g0 1/20geMical' → word:' 944   HEARRR  HBIFESRIEA        E  R 2  11 1665471 080-850-1200 SO    200  4428  48830g2 17203ica' | line:' '
001792,2020-08-13,,2020-08-13,2020-08-13,2020-08-13,2020-08-13,2020-08-13,0,1,,0.8,'wI8 BHER  2 108   PRSELLE ELLEUE WE ERIR INEBIAFERA ROGURY URHRSY HANR    N 268 9181 080--8550-1200 166EM   BAR HHURE' → word:'NETEE  T  2 5     PREE  RR E ER N HOE UREE     N 2   0800-35-20    RE' | line:''
001793,2021-11-07,,2021-11-07,2021-11-07,2021-11-07,2021-11-07,2021-11-07,0,0,,0.0,
001794,2021-11-07,,2021-11-07,2021-11-07,2021-11-07,2021-11-07,2021-11-07,0,0,,0.0,
001795,2021-01-27,,2021-01-27,2021-01-27,2021-01-27,2021-01-27,2021-01-27,0,0,,0.0,
001796,2021-01-27,,2021-01-27,2021-01-27,2021-01-27,2021-01-27,2021-01-27,0,0,,0.0,
001797,2020-05-26,2,NONE,NONE,NONE,NONE,NONE,0,2,,1.111,'HERSHEY S RICH CHOCOLATE CAKE 20:13:266 D   X   E' → word:'HERSHEYS RICH CHOCOLATE CAKE 20 13 6 A 7x1  EI' | mid:'HERSHEYS RICH CHOCOLATE CAKE 28 13 6 A 1x11  EI' | line:'HERSHEYS' ## 'RICH CHOCOLATE CAKE 20:13:26 A   x  E' → word:'RICH CHOCOLATE CAKE 28 13 26 A 7x11  EI' | mid:'RICH CHOCOLATE CAKE 28 13 6 A 7x11  EI' | line:'RICH CHOCOLATE CAKE20 83  A'
001798,2021-10-10,,2021-10-14,2021-10-14,2021-10-14,2021-10-14,2021-10-14,0,0,,0.0,
001799,2021-10-14,,2021-10-14,2021-10-14,2021-10-14,2021-10-14,2021-10-14,0,0,,0.0,
001800,2021-01-14,,2021-01-14,2021-01-14,2021-01-14,2021-01-14,2021-01-14,0,1,,0.387,'28.9  7 0212 20.8438  20  25 ' → word:'. 172122 43 10 20  25 ' | line:''
001801,2021-03-05,,2021-03-05,2021-03-05,2021-03-05,2021-03-05,2021-03-05,0,0,,0.0,
001802,2021-05-03,,2021-08-05,2021-08-05,2021-08-05,2021-08-05,2021-08-05,0,0,,0.0,
001803,2021-01-15,,2021-01-15,2021-01-15,2021-01-15,2021-01-15,2021-01-15,0,0,,0.0,
001804,2021-01-15,,2021-01-15,2021-01-15,2021-01-15,2021-01-15,2021-01-15,0,0,,0.0,
001805,2020-11-09,2,2020-02-10,2020-02-10,2020-02-10,2020-02-10,2020-02-10,0,2,,0.659,'28:91:19 DA 4XME http://www.lotteconf.co.kr 4NX9348' → word:'20 97 9 DA M http //www.lotteconf.co.kr. ATI' | mid:'20 97 99 DA M http //www.lotteconf.co.kr. AI' | line:'30.92  ' ## '080-024-6060' → word:'080-024-6060' | mid:'080-024-6060' | line:'080-024-6060'
001806,2020-11-09,2,NONE,NONE,NONE,NONE,NONE,0,1,,0.287,'20:11:19 88010622 014675 DA A 080-024-6060 NN838 SEIR' → word:'3.98D B-801002014675 DA EEE 080-0020 N T' | line:' '
001807,2021-02-25,,2021-02-25,2021-02-25,2021-02-25,2021-02-25,2021-02-25,0,1,,0.429,'158g 75 kcal 080-024-6060' → word:'1585 75 kcal 080-024-6060' | line:''
001808,2020-08-13,2,2020-08-13,2020-08-13,2020-08-13,2020-08-13,2020-08-13,0,1,,0.329,'20.02.1411:49' → word:'20.02.1411 49' | line:'20.02.1411 49'
001809,2020-08-13,2,2020-08-13,2020-08-13,2020-08-13,2020-08-13,2020-08-13,0,0,,0.0,
001810,2023-10-22,,2023-10-22,2023-10-22,2023-10-22,2023-10-22,2023-10-22,0,0,,0.0,
001811,2023-10-22,,2023-10-02,2023-10-02,2023-10-02,2023-10-02,2023-10-02,0,0,,0.0,
001812,2021-03-26,2,2021-03-26,2021-03-26,2021-03-26,2021-03-26,2021-03-26,0,0,,0.0,
001813,2021-03-26,2,2021-03-26,2021-03-26,2021-03-26,2021-03-26,2021-03-26,0,0,,0.0,
001814,2022-06-07,,2022-06-07,2022-06-07,2022-06-07,2022-06-07,2022-06-07,0,1,,0.977,'22/2542 281 245012488 1 9. 0.6/ 88712 A     3 L 155 27 272 2 2  3 2g 4 0 0  odo 42007E 5mg0 1  5g 9 ' → word:'  4  32 MA0 3 A    M3A  4 -28201    42  Ofo  63  1.  1  ' | line:''
001816,2021-04-14,,2021-04-14,2021-04-14,2021-04-14,2021-04-14,2021-04-14,0,0,,0.0,
001817,2021-04-14,2,2021-01-16,2021-01-16,2021-01-16,2021-01-16,2021-01-16,0,1,,1.132,' 53   OTHER 409   OA Y   48  J1R 40 IRSOHAOR TEE AE ET M 35g  01E  488165  dio.kr 080-500-1200 166-54108 8801391102 2 A  6 10814 0' → word:'   59  OTHER    T     A A 817y 48  IEOP  T AFT   P  1488   .k 080-8500-1200 166-547108 880139110271 2    0  ' | line:'4'
001818,2022-01-18,,2022-01-18,2022-01-18,2022-01-18,2022-01-18,2022-01-18,0,0,,0.0,
001819,2022-01-18,2,2022-01-18,2022-01-18,2022-01-18,2022-01-18,2022-01-18,0,0,,0.0,
001820,2020-09-01,,2020-09-01,2020-09-01,2020-09-01,2020-09-01,2020-09-01,0,1,,0.23,'080-023-5181 A 1  .' → word:'080-023-5181   ' | mid:'080-023-5181  As ' | line:''
001821,2020-09-01,,2020-09-01,2020-09-01,2020-09-01,2020-09-01,2020-09-01,0,0,,0.001,
001822,2021-06-09,,2021-06-09,2021-06-09,2021-06-09,2021-06-09,2021-06-09,0,0,,0.0,
001823,2021-06-09,,2021-06-09,2021-06-09,2021-06-09,2021-06-09,2021-06-09,0,0,,0.0,
001824,2021-09-07,,2021-09-07,2021-09-07,2021-09-07,2021-09-07,2021-09-07,0,0,,0.0,
001826,2021-09-19,,2021-09-19,2021-09-19,2021-09-19,2021-09-19,2021-09-19,0,0,,0.0,
001827,2021-11-28,,2021-11-28,2021-11-28,2021-11-28,2021-11-28,2021-11-28,0,0,,0.0,
001828,2021-11-28,,2021-11-28,2021-11-28,2021-11-28,2021-11-28,2021-11-28,0,1,,0.558,'  de  erBeforeudhar tot C dor n  BestforBist fore: 28/11/20210 000499930-33 PL 02:24' → word:'he f  to h lt Get foroi dee 28/11/2021 P 20019930-330 PL 02 24' | line:''
001829,2021-03-07,,2021-03-07,2021-03-07,2021-03-07,2021-03-07,2021-03-07,0,0,,0.0,
001830,2020-12-NONE,,2020-12-NONE,2020-12-NONE,2020-12-NONE,2020-12-NONE,2020-12-NONE,0,0,,0.0,
001831,2020-12-NONE,,2020-12-NONE,2020-12-NONE,2020-12-NONE,2020-12-NONE,2020-12-NONE,0,0,,0.0,
001833,2022-09-02,,NONE,NONE,NONE,NONE,NONE,0,0,,0.0,
001834,2022-07-12,,2022-07-12,2022-07-12,2022-07-12,2022-07-12,2022-07-12,0,0,,0.0,
001835,2022-07-12,,NONE,NONE,NONE,NONE,NONE,0,0,,0.0,
001836,2021-10-02,,2021-10-02,2021-10-02,2021-10-02,2021-10-02,2021-10-02,0,0,,0.0,
001837,2021-10-02,,2021-10-02,2021-10-02,2021-10-02,2021-10-02,2021-10-02,0,0,,0.0,
001838,2021-10-15,,2021-10-15,2021-10-15,2021-10-15,2021-10-15,2021-10-15,0,0,,0.0,
001839,2021-10-15,,2021-10-15,2021-10-15,2021-10-15,2021-10-15,2021-10-15,0,0,,0.0,
001840,2021-09-30,,2021-09-30,2021-09-30,2021-09-30,2021-09-30,2021-09-30,0,0,,0.0,
001841,2021-09-30,,2021-09-30,2021-09-30,2021-09-30,2021-09-30,2021-09-30,0,2,,0.236,'E42884-7' → word:'928847' | line:'928847' ## '871-83053849' → word:'821-5EN5 n4' | line:'821-5EN5 n4'
001843,2021-05-NONE,,2021-05-NONE,2021-05-NONE,2021-05-NONE,2021-05-NONE,2021-05-NONE,0,0,,0.0,
001844,2021-11-23,,2021-11-23,2021-11-23,2021-11-23,2021-11-23,2021-11-23,0,0,,0.0,
001845,2021-11-23,,2021-11-23,2021-11-23,2021-11-23,2021-11-23,2021-11-23,0,0,,0.0,
001847,2021-09-23,,2021-09-23,2021-09-23,2021-09-23,2021-09-23,2021-09-23,0,0,,0.0,
001848,2021-11-18,,2021-11-18,2021-11-18,2021-11-18,2021-11-18,2021-11-18,1,0,1.61,0.0,
001849,2021-11-18,,2021-11-18,2021-11-18,2021-11-18,2021-11-18,2021-11-18,0,0,,0.0,
001850,2021-12-16,,2021-12-16,2021-12-16,2021-12-16,2021-12-16,2021-12-16,0,0,,0.0,
001851,2021-12-16,,2021-12-16,2021-12-16,2021-12-16,2021-12-16,2021-12-16,1,0,1.57,0.0,
001852,2022-08-13,,NONE,NONE,NONE,NONE,NONE,0,0,,0.0,
001853,2022-08-13,,NONE,NONE,NONE,NONE,NONE,0,0,,0.0,
001854,2022-01-18,,2022-12-10,2022-12-10,2022-12-10,2022-12-10,2022-12-10,0,0,,0.0,
001855,2023-10-28,,2023-10-28,2023-10-28,2023-10-28,2023-10-28,2023-10-28,0,1,,0.219,'28.0c12123' → word:'28.0c121023' | mid:'28.0ct2123' | line:'28.0c121023'
001856,2023-10-28,,2023-10-28,2023-10-28,2023-10-28,2023-10-28,2023-10-28,0,0,,0.0,
001857,2022-07-17,,2022-07-17,2022-07-17,2022-07-17,2022-07-17,2022-07-17,0,0,,0.0,
001859,2022-07-08,,2022-07-08,2022-07-08,2022-07-08,2022-07-08,2022-07-08,0,1,,0.223,'080-99-1' → word:'0800-96-1m' | mid:'0800-96-1m' | line:'0800-96-1m'
001860,2022-07-06,,2030-10-05,2030-10-05,2030-10-05,2030-10-05,2030-10-05,0,1,,0.356,'4 080-996-77' → word:' 080-6-7' | line:'08'
001861,2023-06-18,,2023-06-18,2023-06-18,2023-06-18,2023-06-18,2023-06-18,0,1,,0.346,'800-86109' → word:'010-619' | mid:'010 0-6109' | line:'010-619'
001862,2023-06-18,,2023-06-18,2023-06-18,2023-06-18,2023-06-18,2023-06-18,0,1,,0.38,'C800-861106' → word:'800-861106' | line:'800-861106'
001863,2023-08-04,,2023-08-04,2023-08-04,2023-08-04,2023-08-04,2023-08-04,0,0,,0.0,
001865,2021-09-17,,2021-09-17,2021-09-17,2021-09-17,2021-09-17,2021-09-17,0,0,,0.0,
001866,2021-09-17,,2021-09-17,2021-09-17,2021-09-17,2021-09-17,2021-09-17,0,0,,0.0,
001867,2022-07-NONE,,2022-07-NONE,2022-07-NONE,2022-07-NONE,2022-07-NONE,2022-07-NONE,0,0,,0.0,
001868,2022-07-NONE,,NONE,NONE,NONE,NONE,NONE,0,0,,0.0,
001869,2021-09-26,2,2021-09-26,2021-09-26,2021-09-26,2021-09-26,2021-09-26,0,0,,0.0,
001870,2021-09-26,2,2021-09-26,2021-09-26,2021-09-26,2021-09-26,2021-09-26,0,0,,0.0,
001871,2022-11-10,2,2022-11-10,2022-11-10,2022-11-10,2022-11-10,2022-11-10,0,0,,0.0,
001872,2022-10-14,,2022-10-14,2022-10-14,2022-10-14,2022-10-14,2022-10-14,0,1,,0.475,'80-0199191 8' → word:'8011  ' | mid:'24080-0191911/  ' | line:'00-190'
001874,2021-10-22,d,2022-10-21,2022-10-21,2022-10-21,2022-10-21,2022-10-21,0,1,,0.491,'E120mg 6  123g 38  8100.59 101 ' → word:'r  6  0' | mid:'   0' | line:'r  6  0'
001875,2022-10-21,,2022-10-21,2022-10-21,2022-10-21,2022-10-21,2022-10-21,0,0,,0.0,
001876,2021-09-30,d,2021-09-30,2021-09-30,2021-09-30,2021-09-30,2021-09-30,0,1,,1.366,'BX A0 021380-5678 60325k  4ASOCETE V  7 M FE  0 4 33330  377147 M/Y YYE   488 0 go48 g 25kcal  ng 2 5 E  24 Batch number : 5010063300921 OF:168043' → word:'x 60E 02380-5678 H65 MSCEDV 71 8        9 H3 Y  5 4    a ED 5 D   Batch number 501063302 OF  16804' | mid:'EXE 0E02380-5678 625 A SETEDV 1 830        9 3 Y  5      5 EDV   D  Batch numer 501006302 OF   168043' | line:' '
001877,2021-11-03,,2021-11-03,2021-11-03,2021-11-03,2021-11-03,2021-11-03,0,0,,0.0,
001879,2021-09-01,,2021-09-01,2021-09-01,2021-09-01,2021-09-01,2021-09-01,0,1,,0.603,'AA8A 01IA2002 47482401.148  4898 3337188 L8N 150g 70kcal ' → word:'4 15 O1SA  20020 01 14    4883 8 1500 750kcall ' | mid:'4  01SA A 20020 1 14 A   8 8 15000 750kcall ' | line:''
001880,2024-09-01,,NONE,NONE,NONE,NONE,NONE,0,0,,0.0,
001881,2021-06-20,,2021-06-20,2021-06-20,2021-06-20,2021-06-20,2021-06-20,0,1,,0.205,'09:46:00' → word:'09 46 00' | mid:'09 46 00' | line:'09 46 00'
001882,2021-06-20,,2021-06-20,2021-06-20,2021-06-20,2021-06-20,2021-06-20,0,1,,0.199,'CAKCATIN  09:46:00 267 1W32K A5' → word:'BRKATIN 094 00 28 1W2KA' | line:'RAIN'
001883,2021-09-09,,2021-09-09,2021-09-09,2021-09-09,2021-09-09,2021-09-09,0,1,,0.184,'2003JL 0913:11' → word:'003JL 0913 11' | mid:'2003JL 0913 11' | line:'003JL 0913 11'
001884,2021-09-09,,2021-09-11,2021-09-11,2021-09-11,2021-09-11,2021-09-11,0,0,,0.0,
001885,2021-12-05,2,2021-12-05,2021-12-05,2021-12-05,2021-12-05,2021-12-05,0,0,,0.0,
001886,2021-12-05,2,2021-12-05,2021-12-05,2021-12-05,2021-12-05,2021-12-05,0,0,,0.0,
001887,2023-08-22,,2023-08-22,2023-08-22,2023-08-22,2023-08-22,2023-08-22,0,0,,0.0,
001888,2023-08-22,,2023-08-22,2023-08-22,2023-08-22,2023-08-22,2023-08-22,0,0,,0.0,
001889,2021-08-31,,2021-08-31,2021-08-31,2021-08-31,2021-08-31,2021-08-31,0,0,,0.0,
001890,2021-08-31,,2021-08-31,2021-08-31,2021-08-31,2021-08-31,2021-08-31,0,0,,0.0,
001891,2022-05-22,,2022-05-22,2022-05-22,2022-05-22,2022-05-22,2022-05-22,0,0,,0.0,
001893,2021-03-19,,2021-03-19,2021-03-19,2021-03-19,2021-03-19,2021-03-19,0,0,,0.0,
001894,2021-03-19,,2021-03-19,2021-03-19,2021-03-19,2021-03-19,2021-03-19,0,0,,0.0,
001895,2021-03-17,,2021-03-17,2021-03-17,2021-03-17,2021-03-17,2021-03-17,0,0,,0.0,
001896,2021-03-17,,2021-03-17,2021-03-17,2021-03-17,2021-03-17,2021-03-17,0,0,,0.0,
001897,2021-05-29,,2021-05-29,2021-05-29,2021-05-29,2021-05-29,2021-05-29,0,0,,0.0,
001898,2021-05-29,t,2021-05-29,2021-05-29,2021-05-29,2021-05-29,2021-05-29,0,0,,0.0,
001900,2021-11-29,,NONE,NONE,NONE,NONE,NONE,0,0,,0.0,
001901,2021-10-28,,2021-10-28,2021-10-28,2021-10-28,2021-10-28,2021-10-28,0,0,,0.0,
001902,2021-10-28,,2021-10-28,2021-10-28,2021-10-28,2021-10-28,2021-10-28,0,0,,0.0,
001903,2027-08-21,2,2027-08-21,2027-08-21,2027-08-21,2027-08-21,2027-08-21,0,0,,0.0,
001904,2022-01-15,,2022-01-15,2022-01-15,2022-01-15,2022-01-15,2022-01-15,0,0,,0.0,
001905,2022-01-15,,2022-01-15,2022-01-15,2022-01-15,2022-01-15,2022-01-15,0,0,,0.0,
001906,2021-09-03,2,2021-09-03,2021-09-03,2021-09-03,2021-09-03,2021-09-03,0,0,,0.0,
001907,2021-08-16,,2021-08-16,2021-08-16,2021-08-16,2021-08-16,2021-08-16,0,0,,0.0,
001908,2021-08-16,,2021-08-16,2021-08-16,2021-08-16,2021-08-16,2021-08-16,0,0,,0.0,
001909,2021-12-29,,2021-12-29,2021-12-29,2021-12-29,2021-12-29,2021-12-29,0,0,,0.0,
001910,2021-05-07,2,2021-05-07,2021-05-07,2021-05-07,2021-05-07,2021-05-07,0,0,,0.0,
001911,2021-05-21,,2021-05-21,2021-05-21,2021-05-21,2021-05-21,2021-05-21,0,0,,0.0,
001912,2021-05-21,,2021-05-21,2021-05-21,2021-05-21,2021-05-21,2021-05-21,0,0,,0.0,
001913,2021-09-14,,2021-09-14,2021-09-14,2021-09-14,2021-09-14,2021-09-14,0,0,,0.0,
001914,2021-09-14,,2021-09-14,2021-09-14,2021-09-14,2021-09-14,2021-09-14,0,0,,0.0,
001915,2021-06-24,,2021-06-24,2021-06-24,2021-06-24,2021-06-24,2021-06-24,0,0,,0.0,
001916,2021-06-24,,2021-06-24,2021-06-24,2021-06-24,2021-06-24,2021-06-24,0,0,,0.0,
001917,2021-05-25,,2021-05-25,2021-05-25,2021-05-25,2021-05-25,2021-05-25,0,0,,0.0,
001919,2023-12-20,,2023-12-20,2023-12-20,2023-12-20,2023-12-20,2023-12-20,0,1,,0.2,'1577-2488' → word:'1577-2488' | mid:'1577-2488' | line:'1577-2488'
001920,2022-10-15,,2022-10-15,2022-10-15,2022-10-15,2022-10-15,2022-10-15,0,1,,0.491,'72022.10.15 nx ' → word:'b72022.10.151' | mid:'72022.10.151' | line:'b72022.10.151'
001922,2022-06-14,,2022-06-14,2022-06-14,2022-06-14,2022-06-14,2022-06-14,0,0,,0.0,
001923,2022-06-14,,2022-06-14,2022-06-14,2022-06-14,2022-06-14,2022-06-14,1,0,2.75,0.0,
001924,2022-01-21,b,NONE,NONE,NONE,NONE,NONE,0,0,,0.0,
001926,2021-04-27,,2021-04-27,2021-04-27,2021-04-27,2021-04-27,2021-04-27,0,0,,0.0,
001927,2021-04-27,,2021-04-27,2021-04-27,2021-04-27,2021-04-27,2021-04-27,0,0,,0.0,
001928,2022-01-14,,2022-01-14,2022-01-14,2022-01-14,2022-01-14,2022-01-14,0,0,,0.0,
001930,2022-01-01,,2022-01-01,2022-01-01,2022-01-01,2022-01-01,2022-01-01,0,0,,0.0,
001931,2022-01-01,,2022-01-01,2022-01-01,2022-01-01,2022-01-01,2022-01-01,0,0,,0.0,
001932,2022-01-22,,2022-01-22,2022-01-22,2022-01-22,2022-01-22,2022-01-22,0,0,,0.0,
001933,2022-01-22,,2022-01-22,2022-01-22,2022-01-22,2022-01-22,2022-01-22,0,0,,0.0,
001934,2022-03-29,,2022-03-29,2022-03-29,2022-03-29,2022-03-29,2022-03-29,0,3,,1.303,'20 2-723-8175 2139 9724882640 484  DL-4RR   4 6.78459' → word:'EIAZO. 3815  2NS         MA  ' | mid:'EIAO. 3-817  7HNS4   A      MA  ' | line:'' ## '25.99378' → word:'' | mid:'' | line:'' ## '0838-94' → word:'4' | mid:'' | line:'4'
001935,2022-03-29,,2022-03-29,2022-03-29,2022-03-29,2022-03-29,2022-03-29,0,1,,0.535,' PEU 1    SaHD C    AL  38102-72175 PISN RXI182 TABEERAPE' → word:'.           g- ION THEA' | line:''
001936,2021-12-21,,2021-12-21,2021-12-21,2021-12-21,2021-12-21,2021-12-21,0,0,,0.0,
001937,2021-12-21,,2021-12-21,2021-12-21,2021-12-21,2021-12-21,2021-12-21,0,0,,0.0,
001938,2021-03-NONE,,2021-03-NONE,2021-03-NONE,2021-03-NONE,2021-03-NONE,2021-03-NONE,0,0,,0.0,
001939,2021-03-14,,2021-03-14,2021-03-14,2021-03-14,2021-03-14,2021-03-14,0,0,,0.0,
001940,2021-03-14,b,2021-03-14,2021-03-14,2021-03-14,2021-03-14,2021-03-14,0,1,,0.368,'L0219376 22:33 14.00.27 HAE FON' → word:'L0219876723 14.03.21 RAE CSN' | line:'L29876 232'
001941,2022-05-27,,2022-05-27,2022-05-27,2022-05-27,2022-05-27,2022-05-27,0,0,,0.0,
001943,2023-09-29,,2023-09-29,2023-09-29,2023-09-29,2023-09-29,2023-09-29,0,1,,0.404,'BLACK PITTED 240/260 L-BGCJ/2816 L-6' → word:'BLACK PITTED 240/260 L-BGCJ/2816 L-6' | mid:'BLACK PITTED 240/260 L-BGCJ/2816 L-6' | line:'BLACK PITTED 240/260 L-BGCJ/2816 L-6'
001944,2023-09-29,t,NONE,NONE,NONE,NONE,NONE,0,1,,0.183,'BLACPITE 0316 EST EFORE 2-9-990951' → word:'U PITED 21 ET RE 23-055' | line:' '
001945,2021-08-NONE,,NONE,NONE,NONE,NONE,NONE,0,0,,0.0,
001947,2022-08-10,2,2020-08-10,2020-08-10,2020-08-10,2020-08-10,2020-08-10,0,0,,0.0,
001948,2022-08-10,2,2022-08-10,2022-08-10,2022-08-10,2022-08-10,2022-08-10,0,0,,0.0,
001949,2023-07-16,d,2023-07-16,2023-07-16,2023-07-16,2023-07-16,2023-07-16,0,0,,0.0,
001950,2023-07-16,,2023-07-16,2023-07-16,2023-07-16,2023-07-16,2023-07-16,0,0,,0.0,
001951,2022-09-16,,2022-09-16,2022-09-16,2022-09-16,2022-09-16,2022-09-16,0,0,,0.0,
001952,2022-09-16,,2022-09-16,2022-09-16,2022-09-16,2022-09-16,2022-09-16,0,0,,0.0,
001953,2021-10-NONE,,2021-01-04,2022-04-21,2021-01-04,2021-01-04,2022-04-21,0,3,,5.068,'Aconsommer Glucides /yat Coesto hol OC7.20211   1  4  25mg 8  Pos net/et eig/ett: HO HE B  BCTEE E  T    ZEBEE 40 ER g EMB 29 168 A H7  4   Lga 40g  185kcal g 488430 011402    40g  185kcal   ra  du Raz' → word:'Acons Giucidesrohrate Choel OCT 202  712  0 1 2125mg 8  od netNtig  NEE    A A  H 2E 4 E  19 EMB 29 168 A 9 3 4 74i 40g185al g 3488430011402  40g  185kal   A  du Raz' | mid:'Acons Gilcids 
001954,2021-10-NONE,,2021-07-04,2021-07-04,2021-07-04,2021-07-04,2021-07-04,0,0,,0.0,
001955,2021-10-NONE,,2021-10-NONE,2021-10-NONE,2021-10-NONE,2021-10-NONE,2021-10-NONE,0,1,,0.568,'182.024' → word:'.0' | mid:'.0' | line:'.0'
001956,2021-10-NONE,,2021-10-NONE,2021-10-NONE,2021-10-NONE,2021-10-NONE,2021-10-NONE,0,0,,0.0,
001957,2021-10-NONE,,2021-10-NONE,2021-10-NONE,2021-10-NONE,2021-10-NONE,2021-10-NONE,0,0,,0.0,
001958,2020-11-13,,2020-11-13,2020-11-13,2020-11-13,2020-11-13,2020-11-13,0,1,,0.604,'et Parents Hotline 080-850-0085 HAPPY DANCE  SRE c   ' → word:'t Parents Hotline 080-850-0085 HAPPY DANCE E  ' | mid:'t Parents Hotline 080-850-0085 HAPPY DANCE     ' | line:'Coddaspo'
001959,2020-11-13,,2020-11-13,2020-11-13,2020-11-13,2020-11-13,2020-11-13,0,1,,0.427,'080-850-0085' → word:'080-850-0085' | line:'080-850-0085'
001960,2022-06-15,,2022-06-15,2022-06-15,2022-06-15,2022-06-15,2022-06-15,0,0,,0.0,
001961,2027-03-21,,2027-03-21,2027-03-21,2027-03-21,2027-03-21,2027-03-21,0,0,,0.0,
001963,2021-10-09,2,2021-10-09,2021-10-09,2021-10-09,2021-10-09,2021-10-09,0,0,,0.0,
001965,2023-10-12,,2023-10-12,2023-10-12,2023-10-12,2023-10-12,2023-10-12,0,0,,0.0,
001966,2023-10-12,,2023-10-12,2023-10-12,2023-10-12,2023-10-12,2023-10-12,0,0,,0.0,
001967,2022-08-24,,2022-08-24,2022-08-24,2022-08-24,2022-08-24,2022-08-24,0,0,,0.0,
001968,2022-08-24,,2022-08-24,2022-08-24,2022-08-24,2022-08-24,2022-08-24,0,0,,0.0,
001969,2021-08-NONE,,2030-02-02,2030-02-02,2030-02-02,2030-02-02,2030-02-02,0,0,,0.0,
001970,2021-06-18,,2021-06-18,2021-06-18,2021-06-18,2021-06-18,2021-06-18,0,0,,0.0,
001971,2021-06-18,,2021-06-18,2021-06-18,2021-06-18,2021-06-18,2021-06-18,0,0,,0.0,
001972,2023-03-15,,2023-03-15,2023-03-15,2023-03-15,2023-03-15,2023-03-15,0,0,,0.0,
001973,2023-03-15,,2023-03-15,2023-03-15,2023-03-15,2023-03-15,2023-03-15,0,0,,0.0,
001974,2021-09-NONE,,2021-09-NONE,2021-09-NONE,2021-09-NONE,2021-09-NONE,2021-09-NONE,0,0,,0.0,
001975,2021-02-26,d,2026-02-21,2026-02-21,2026-02-21,2026-02-21,2026-02-21,0,0,,0.0,
001978,2020-11-04,,2020-11-04,2020-11-04,2020-11-04,2020-11-04,2020-11-04,0,0,,0.0,
001982,2021-10-20,,2021-10-20,2021-10-20,2021-10-20,2021-10-20,2021-10-20,0,0,,0.0,
001983,2021-10-20,,2021-10-20,2021-10-20,2021-10-20,2021-10-20,2021-10-20,0,0,,0.0,
001984,2022-01-19,,2022-01-19,2022-01-19,2022-01-19,2022-01-19,2022-01-19,0,1,,0.224,'4.00-5122020' → word:'.00.12020.' | mid:'8.00.12-020. ' | line:'.00.12020.'
001985,2022-01-19,,2022-01-19,2022-01-19,2022-01-19,2022-01-19,2022-01-19,0,0,,0.0,
001986,2023-01-04,,2023-01-04,2023-01-04,2023-01-04,2023-01-04,2023-01-04,0,0,,0.0,
001987,2021-12-28,,NONE,NONE,NONE,NONE,NONE,0,0,,0.001,
001988,2021-12-28,,NONE,NONE,NONE,NONE,NONE,0,0,,0.0,
001989,2022-11-23,,2022-11-23,2022-11-23,2022-11-23,2022-11-23,2022-11-23,0,0,,0.0,
001990,2022-11-23,,2022-11-23,2022-11-23,2022-11-23,2022-11-23,2022-11-23,0,0,,0.0,
001991,2021-12-28,,2021-12-28,2021-12-28,2021-12-28,2021-12-28,2021-12-28,0,1,,0.932,'1g0 20mg  fa13g 0.2g 110  1   E4   frac     CT 0   0 1 O 080-024-6060 24X' → word:'g 20m 138 180.28 110  1   EE   M    1  080-024-6060 241' | mid:'  20m 13g 180.2 110  1   E   M 01    080-024-6060 24X' | line:''
001992,2021-12-28,,2021-12-28,2021-12-28,2021-12-28,2021-12-28,2021-12-28,0,1,,0.292,'g1g00 80.28 1  24141 080-024-606 2' → word:'1800 80.28 7  J    080-024-60 2' | line:'o'
001993,2021-10-29,,2021-10-29,2021-10-29,2021-10-29,2021-10-29,2021-10-29,0,0,,0.0,
001994,2021-10-29,,2021-10-29,2021-10-29,2021-10-29,2021-10-29,2021-10-29,0,0,,0.0,
001995,2021-12-18,,2021-12-18,2021-12-18,2021-12-18,2021-12-18,2021-12-18,0,0,,0.0,
001996,2021-12-18,,2021-12-18,2021-12-18,2021-12-18,2021-12-18,2021-12-18,0,0,,0.0,
001997,2021-12-27,,2021-12-27,2021-12-27,2021-12-27,2021-12-27,2021-12-27,0,0,,0.0,
001998,2021-12-27,,2021-12-27,2021-12-27,2021-12-27,2021-12-27,2021-12-27,0,0,,0.0,
001999,2021-04-24,,2021-04-24,2021-04-24,2021-04-24,2021-04-24,2021-04-24,0,1,,0.186,'21.04.2477' → word:'21.04.24 71' | mid:'21.04.24 7' | line:'21.04.24 71'
002000,2021-04-24,,2021-04-24,2021-04-24,2021-04-24,2021-04-24,2021-04-24,0,1,,0.369,'120g 21.04.24774x c 10:47' → word:'120g 21.04.24 7x C 10 47' | line:'120g 2104.24'
002001,2022-01-27,,2022-02-01,2022-02-01,2022-02-01,2022-02-01,2022-02-01,0,0,,0.0,
002002,2022-01-27,b,2022-01-27,2022-01-27,2022-01-27,2022-01-27,2022-01-27,0,0,,0.0,
002003,2022-05-15,,2022-05-15,2022-05-15,2022-05-15,2022-05-15,2022-05-15,0,0,,0.0,
002004,2022-05-15,,2022-05-15,2022-05-15,2022-05-15,2022-05-15,2022-05-15,0,0,,0.0,
002005,2022-07-27,,2022-07-27,2022-07-27,2022-07-27,2022-07-27,2022-07-27,0,0,,0.0,
002007,2022-01-14,,2022-01-14,2022-01-14,2022-01-14,2022-01-14,2022-01-14,0,0,,0.0,
002009,2021-12-02,,2021-12-02,2021-12-02,2021-12-02,2021-12-02,2021-12-02,0,0,,0.0,
002011,2020-06-30,,NONE,NONE,NONE,NONE,NONE,0,1,,0.397,'2020.C6.30' → word:'2020.C6.30' | mid:'2020.C6.30' | line:'2020.C6.30'
002013,2022-10-01,,2022-10-01,2022-10-01,2022-10-01,2022-10-01,2022-10-01,0,0,,0.0,
002014,2023-06-28,,2023-06-28,2023-06-28,2023-06-28,2023-06-28,2023-06-28,0,2,,0.736,'100cm 0203.2mg0 ' → word:'100c020132m0' | mid:'100c203.2' | line:'100c020132m0' ## ' 02 2668-2255' → word:'02 2668-2255' | mid:'02 26682255' | line:'02 2668-2255'
002015,2023-06-28,,2023-08-28,2023-08-28,2023-08-28,2023-08-28,2023-08-28,0,0,,0.0,
002016,2022-10-19,,2022-10-19,2022-10-19,2022-10-19,2022-10-19,2022-10-19,0,0,,0.0,
002018,2021-10-23,,2021-10-23,2021-10-23,2021-10-23,2021-10-23,2021-10-23,0,0,,0.0,
002019,2022-03-09,,2022-03-09,2022-03-09,2022-03-09,2022-03-09,2022-03-09,0,1,,0.369,'BETHBEFORE903/2022' → word:'EFORE322' | line:'EFORE322'
002022,2022-04-09,,2022-04-09,2022-04-09,2022-04-09,2022-04-09,2022-04-09,0,1,,0.727,'T X o8710    1702-6403-388 78x10  21 P882608609216 110g8/100ml EROFUR' → word:'XH XIY 887    60 cYaae cYanmaGentaYellob  cYanmnmaGentYelob  100ml ECO' | line:''
002023,2020-11-10,,2020-11-10,2020-11-10,2020-11-10,2020-11-10,2020-11-10,0,0,,0.0,
002024,2020-11-10,,2020-11-10,2020-11-10,2020-11-10,2020-11-10,2020-11-10,0,0,,0.0,
002025,2020-01-03,,2020-01-03,2020-01-03,2020-01-03,2020-01-03,2020-01-03,0,0,,0.0,
002026,NONE,,2020-01-03,2020-01-03,2020-01-03,2020-01-03,2020-01-03,0,0,,0.0,
002027,2020-11-26,,2020-11-26,2020-11-26,2020-11-26,2020-11-26,2020-11-26,0,1,,0.384,'3.721402' → word:'37240121' | line:'37240121'
002028,2020-11-26,,2020-11-26,2020-11-26,2020-11-26,2020-11-26,2020-11-26,0,0,,0.0,
002029,2020-11-22,,2020-11-22,2020-11-22,2020-11-22,2020-11-22,2020-11-22,0,1,,0.217,'903700-848 184' → word:'0500-8448 18' | line:'0500-8448 18'
002030,2019-11-18,,2019-11-18,2019-11-18,2019-11-18,2019-11-18,2019-11-18,0,0,,0.0,
002032,2022-03-22,,2022-03-22,2022-03-22,2022-03-22,2022-03-22,2022-03-22,0,0,,0.0,
002035,2017-12-20,,2017-12-20,2017-12-20,2017-12-20,2017-12-20,2017-12-20,0,1,,0.137,'L352MW--12:14' → word:'L352MW- 1 14.' | line:'L352MW- 1 14.'
002037,2020-08-22,,2020-08-22,2020-08-22,2020-08-22,2020-08-22,2020-08-22,0,0,,0.0,
002038,2020-11-26,,2020-11-26,2020-11-26,2020-11-26,2020-11-26,2020-11-26,1,1,3.92,0.276,'202011.26 C' → word:'2020.11.26 C' | line:'2020.11.26 C'
002039,2021-12-03,,2021-12-03,2021-12-03,2021-12-03,2021-12-03,2021-12-03,0,0,,0.0,
002040,2021-12-03,,2021-12-03,2021-12-03,2021-12-03,2021-12-03,2021-12-03,0,0,,0.0,
002042,2020-08-27,,2020-08-27,2020-08-27,2020-08-27,2020-08-27,2020-08-27,0,0,,0.0,
002043,2019-12-20,,2019-12-20,2019-12-20,2019-12-20,2019-12-20,2019-12-20,0,0,,0.0,
002044,2019-12-20,,2019-12-20,2019-12-20,2019-12-20,2019-12-20,2019-12-20,0,0,,0.0,
002045,2021-12-10,,2021-12-10,2021-12-10,2021-12-10,2021-12-10,2021-12-10,0,0,,0.0,
002046,2021-12-10,,2021-12-10,2021-12-10,2021-12-10,2021-12-10,2021-12-10,0,0,,0.0,
002047,2021-07-31,,2021-07-31,2021-07-31,2021-07-31,2021-07-31,2021-07-31,0,0,,0.0,
002048,2021-07-31,,2021-07-31,2021-07-31,2021-07-31,2021-07-31,2021-07-31,0,0,,0.0,
002049,2021-03-25,,2021-03-25,2021-03-25,2021-03-25,2021-03-25,2021-03-25,0,0,,0.0,
002050,2021-03-25,,2021-03-25,2021-03-25,2021-03-25,2021-03-25,2021-03-25,0,0,,0.0,
002051,NONE-04-14,,NONE-04-14,NONE-04-14,NONE-04-14,NONE-04-14,NONE-04-14,0,0,,0.0,
002052,NONE-04-14,,NONE,NONE,NONE,NONE,NONE,0,0,,0.001,
002053,2020-08-11,,2020-08-11,2020-08-11,2020-08-11,2020-08-11,2020-08-11,0,0,,0.0,
002054,2021-12-NONE,,NONE,NONE,NONE,NONE,NONE,0,0,,0.002,
002055,2021-12-NONE,,NONE,NONE,NONE,NONE,NONE,0,0,,0.001,
002056,2021-12-17,,2021-12-17,2021-12-17,2021-12-17,2021-12-17,2021-12-17,0,0,,0.0,
002058,2022-06-22,,2022-06-22,2022-06-22,2022-06-22,2022-06-22,2022-06-22,0,0,,0.0,
002059,2022-06-22,,2022-06-22,2022-06-22,2022-06-22,2022-06-22,2022-06-22,0,1,,0.663,'8 371 2   R .947 8 28470 84 40 EE 21889 1399 288080-019-919  880100120' → word:'          cYanmaGentaYellobl cYamellow E cYanmententaYellow 1399 0099 880100 120' | line:' '
002060,NONE-04-17,,NONE-04-17,NONE-04-17,NONE-04-17,NONE-04-17,NONE-04-17,0,0,,0.0,
002061,NONE-04-17,,NONE,NONE,NONE,NONE,NONE,0,1,,0.2,'04  177K115:59' → word:'04.1 4.1715 5' | line:'04.17M115 59'
002062,2023-02-NONE,,2023-02-NONE,2023-02-NONE,2023-02-NONE,2023-02-NONE,2023-02-NONE,0,1,,0.13,'LOT 502337-04' → word:'LOT 502337-04' | line:'LOT 502337-04'
002063,2023-02-NONE,,2023-02-NONE,2023-02-NONE,2023-02-NONE,2023-02-NONE,2023-02-NONE,0,1,,0.42,'LOT 502337-04' → word:'LOT OT 502337-04' | line:'L0T 502337-04'
002064,2021-09-03,,2021-09-03,2021-09-03,2021-09-03,2021-09-03,2021-09-03,0,0,,0.0,
002065,2021-09-03,,2021-09-03,2021-09-03,2021-09-03,2021-09-03,2021-09-03,0,0,,0.0,
002066,2020-04-30,2,2020-04-30,2020-04-30,2020-04-30,2020-04-30,2020-04-30,0,0,,0.0,
002067,2020-04-30,2,2020-04-30,2020-04-30,2020-04-30,2020-04-30,2020-04-30,0,0,,0.0,
002068,2022-11-09,d,2022-11-09,2022-11-09,2022-11-09,2022-11-09,2022-11-09,0,0,,0.0,
002069,2022-12-11,,2022-12-11,2022-12-11,2022-12-11,2022-12-11,2022-12-11,1,0,1.94,0.0,
002070,2022-03-24,,2022-03-24,2022-03-24,2022-03-24,2022-03-24,2022-03-24,0,0,,0.0,
002071,2022-03-24,,2022-03-24,2022-03-24,2022-03-24,2022-03-24,2022-03-24,0,0,,0.0,
002072,2024-12-21,,2024-12-21,2024-12-21,2024-12-21,2024-12-21,2024-12-21,0,1,,0.376,'   22 7 080-567-9898' → word:'  20   00-567-98' | line:''
002073,2024-12-21,,2024-12-21,2024-12-21,2024-12-21,2024-12-21,2024-12-21,0,0,,0.0,
002074,2020-05-28,,2020-05-28,2020-05-28,2020-05-28,2020-05-28,2020-05-28,0,0,,0.0,
002075,2020-05-28,,2020-05-28,2020-05-28,2020-05-28,2020-05-28,2020-05-28,0,0,,0.0,
002076,2022-03-04,,2022-03-04,2022-03-04,2022-03-04,2022-03-04,2022-03-04,0,0,,0.0,
002077,2020-10-21,,2020-10-21,2020-10-21,2020-10-21,2020-10-21,2020-10-21,0,0,,0.0,
002078,2020-10-21,,2020-10-21,2020-10-21,2020-10-21,2020-10-21,2020-10-21,0,0,,0.0,
002079,2021-01-03,,2021-01-03,2021-01-03,2021-01-03,2021-01-03,2021-01-03,0,0,,0.0,
002080,2021-01-03,,2021-01-03,2021-01-03,2021-01-03,2021-01-03,2021-01-03,0,0,,0.0,
002082,2019-07-09,,2019-07-09,2019-07-09,2019-07-09,2019-07-09,2019-07-09,0,0,,0.0,
002083,2020-11-06,2,2020-11-06,2020-11-06,2020-11-06,2020-11-06,2020-11-06,0,0,,0.0,
002084,2020-11-06,,2020-11-06,2020-11-06,2020-11-06,2020-11-06,2020-11-06,0,0,,0.0,
002085,2021-11-22,,2021-11-22,2021-11-22,2021-11-22,2021-11-22,2021-11-22,0,0,,0.0,
002086,2021-11-22,,2021-11-22,2021-11-22,2021-11-22,2021-11-22,2021-11-22,0,1,,0.199,'2021.71.22 10' → word:'2021.71.22 10' | line:'2021-12210'
002088,2021-09-03,,2021-09-03,2021-09-03,2021-09-03,2021-09-03,2021-09-03,0,0,,0.0,
002090,2021-11-09,,2021-11-09,2021-11-09,2021-11-09,2021-11-09,2021-11-09,0,0,,0.0,
002091,2021-09-21,,2021-09-21,2021-09-21,2021-09-21,2021-09-21,2021-09-21,0,0,,0.0,
002092,2021-09-21,,2021-09-21,2021-09-21,2021-09-21,2021-09-21,2021-09-21,0,0,,0.0,
002093,2021-11-17,,2021-11-17,2021-11-17,2021-11-17,2021-11-17,2021-11-17,0,0,,0.0,
002094,2021-04-28,,2021-04-28,2021-04-28,2021-04-28,2021-04-28,2021-04-28,0,0,,0.0,
002095,2021-04-28,,2021-04-28,2021-04-28,2021-04-28,2021-04-28,2021-04-28,0,0,,0.0,
002096,2022-06-16,,2022-06-16,2022-06-16,2022-06-16,2022-06-16,2022-06-16,0,0,,0.0,
002097,2022-06-16,,2022-06-16,2022-06-16,2022-06-16,2022-06-16,2022-06-16,0,0,,0.0,
002098,2021-05-25,,2021-05-25,2021-05-25,2021-05-25,2021-05-25,2021-05-25,0,1,,0.301,'080-850-1200' → word:'080-850200' | line:'080-850200'
002099,2021-05-25,,2021-05-25,2021-05-25,2021-05-25,2021-05-25,2021-05-25,0,1,,0.144,'166-5471 2 ' → word:'166-412' | line:'166-412'
002101,2021-09-17,,2021-09-17,2021-09-17,2021-09-17,2021-09-17,2021-09-17,0,1,,0.131,'7138/42 8 215 kcal ' → word:'788/42 8 215 kcall' | line:'788/42 8 215 kcall'
002102,2021-12-25,,2021-12-19,2021-12-19,2021-12-19,2021-12-19,2021-12-19,0,0,,0.0,
002103,2021-12-25,,2021-12-19,2021-12-19,2021-12-19,2021-12-19,2021-12-19,0,0,,0.0,
002106,2022-01-03,,2022-01-03,2022-01-03,2022-01-03,2022-01-03,2022-01-03,0,0,,0.0,
002108,2020-09-01,,2020-09-01,2020-09-01,2020-09-01,2020-09-01,2020-09-01,0,1,,0.627,'Z01237.8 SKA SP ZO.0.B    080-512-300  L  1399 4488 BE120 T  8AX18 BE 0.75' → word:'A .8 SKA SP ZO   2 00-012-30       1399 4418 BE    5.X9  0.75 ' | line:''
002111,2022-08-25,,2022-08-25,2022-08-25,2022-08-25,2022-08-25,2022-08-25,0,0,,0.0,
002112,2022-08-25,,2022-08-25,2022-08-25,2022-08-25,2022-08-25,2022-08-25,0,0,,0.0,
002113,2022-03-12,,2022-03-12,2022-03-12,2022-03-12,2022-03-12,2022-03-12,0,0,,0.0,
002114,2020-12-01,,2020-12-01,2020-12-01,2020-12-01,2020-12-01,2020-12-01,0,1,,0.133,'16:06X1L05' → word:'16 06 XIL05' | line:'16 06 XIL05'
002115,2020-12-01,,2020-12-01,2020-12-01,2020-12-01,2020-12-01,2020-12-01,0,1,,0.431,'16:0671X1L05' → word:'M16 06 XIL05' | line:'M16 06 XIL05'
002116,2020-07-05,,2020-07-05,2020-07-05,2020-07-05,2020-07-05,2020-07-05,0,0,,0.0,
002117,2020-07-05,,2020-07-05,2020-07-05,2020-07-05,2020-07-05,2020-07-05,0,0,,0.001,
002118,2021-01-03,,2021-01-03,2021-01-03,2021-01-03,2021-01-03,2021-01-03,0,0,,0.0,
002119,2021-01-03,,2021-01-03,2021-01-03,2021-01-03,2021-01-03,2021-01-03,0,1,,1.529,'8A092 F-2001800620101088  E 48830 E N 53 47570 848.045 8 915484    AL 0E      2040  4MR348  848 4239' → word:'8A4502 2 72 EE 889    47857 48 - 42 4154   A     1E  4448 98848' | line:''
002120,2020-07-20,,2020-07-20,2020-07-20,2020-07-20,2020-07-20,2020-07-20,0,0,,0.0,
002121,2020-07-20,,2020-07-20,2020-07-20,2020-07-20,2020-07-20,2020-07-20,0,0,,0.0,
002122,2021-10-09,,2021-10-09,2021-10-09,2021-10-09,2021-10-09,2021-10-09,0,1,,0.458,'24-6060 DA' → word:'24-6060 ' | line:'24-6060'
002123,2020-11-02,,2020-11-02,2020-11-02,2020-11-02,2020-11-02,2020-11-02,0,0,,0.0,
002124,2020-11-02,,2020-11-02,2020-11-02,2020-11-02,2020-11-02,2020-11-02,0,0,,0.0,
002125,2021-04-21,,2021-04-24,2021-04-24,2021-04-24,2021-04-24,2021-04-24,0,0,,0.0,
002126,2021-04-21,,2021-04-02,2021-04-02,2021-04-02,2021-04-02,2021-04-02,0,0,,0.0,
002127,2021-11-04,,2021-11-04,2021-11-04,2021-11-04,2021-11-04,2021-11-04,0,0,,0.0,
002128,2021-08-12,,2021-08-12,2021-08-12,2021-08-12,2021-08-12,2021-08-12,0,0,,0.0,
002129,2021-08-12,,2021-08-12,2021-08-12,2021-08-12,2021-08-12,2021-08-12,0,0,,0.0,
002130,2021-11-01,,2021-11-01,2021-11-01,2021-11-01,2021-11-01,2021-11-01,0,0,,0.0,
002131,2021-11-01,,2021-11-01,2021-11-01,2021-11-01,2021-11-01,2021-11-01,0,0,,0.0,
002132,2021-10-04,,2021-10-04,2021-10-04,2021-10-04,2021-10-04,2021-10-04,0,0,,0.0,
002133,2021-10-04,d,NONE-10-21,NONE-10-21,NONE-10-21,NONE-10-21,NONE-10-21,0,0,,0.0,
002134,2022-11-02,,2022-11-02,2022-11-02,2022-11-02,2022-11-02,2022-11-02,0,1,,1.864,'0  DH AR OXHE  N   E 7704  E r  C02-6403-3388 401 17 0 8 49877   7171 4     L30   0 4X 04  2   2X /42021  0  1  1   00.2    2 LH8 150 g 15 gx 107H  OO  CHF   S' → word:'7OH DAH M ExH  M  0   17H OM4 M0 X70 A r  E02-6403-3388 0 1  0 477    71017          m 1     2 2          LHS  507H   ' | line:'S '
002135,2022-11-02,,2022-11-02,2022-11-02,2022-11-02,2022-11-02,2022-11-02,0,0,,0.0,
002136,2021-10-11,,2021-10-11,2021-10-11,2021-10-11,2021-10-11,2021-10-11,0,0,,0.0,
002137,2021-10-11,,2021-10-11,2021-10-11,2021-10-11,2021-10-11,2021-10-11,0,0,,0.0,
002138,2021-06-29,,2021-06-29,2021-06-29,2021-06-29,2021-06-29,2021-06-29,0,0,,0.0,
002139,2021-06-29,,2021-06-29,2021-06-29,2021-06-29,2021-06-29,2021-06-29,0,0,,0.0,
002140,2021-05-05,,2021-05-05,2021-05-05,2021-05-05,2021-05-05,2021-05-05,0,0,,0.0,
002141,2021-04-11,,2021-04-11,2021-04-11,2021-04-11,2021-04-11,2021-04-11,0,0,,0.0,
002142,2021-04-11,,2021-04-11,2021-04-11,2021-04-11,2021-04-11,2021-04-11,0,0,,0.0,
002144,2021-07-13,,2021-07-13,2021-07-13,2021-07-13,2021-07-13,2021-07-13,0,1,,0.323,'080-019-9191-' → word:'0-01-1' | mid:'0-01' | line:'0-01-1'
002145,2021-07-13,,2021-07-13,2021-07-13,2021-07-13,2021-07-13,2021-07-13,0,1,,0.483,' A EE8 1 O1  O 4A20 06-019910 ' → word:'  EEEA S R  434   -090 ' | line:''
002146,2022-07-26,,2022-07-26,2022-07-26,2022-07-26,2022-07-26,2022-07-26,0,1,,0.248,'7202.07.267TA45' → word:'202.208A' | mid:'5202.0.267A' | line:'202.208A'
002147,2022-07-26,,2022-07-26,2022-07-26,2022-07-26,2022-07-26,2022-07-26,0,0,,0.0,
002149,2021-03-31,,2021-03-31,2021-03-31,2021-03-31,2021-03-31,2021-03-31,0,0,,0.0,
002150,2021-03-31,,2021-03-31,2021-03-31,2021-03-31,2021-03-31,2021-03-31,0,1,,0.276,'  BAESANG P ZE  99  100-01-9196 ' → word:'  AESAG  E 3     WENERA' | line:''
002152,2019-07-11,2,2019-07-18,2019-07-18,2019-07-18,2019-07-18,2019-07-18,0,0,,0.0,
002153,2019-07-11,2,2019-07-18,2019-07-18,2019-07-18,2019-07-18,2019-07-18,0,0,,0.0,
002154,2021-05-21,,2021-05-21,2021-05-21,2021-05-21,2021-05-21,2021-05-21,0,0,,0.0,
002155,2021-05-21,,2021-05-21,2021-05-21,2021-05-21,2021-05-21,2021-05-21,0,0,,0.0,
002156,2021-12-25,,2021-12-25,2021-12-25,2021-12-25,2021-12-25,2021-12-25,0,0,,0.0,
002157,2021-12-25,,NONE,NONE,NONE,NONE,NONE,0,0,,0.0,
002158,NONE-04-13,,NONE-04-13,NONE-04-13,NONE-04-13,NONE-04-13,NONE-04-13,0,1,,1.939,' RI  578 Y  8  6 7-083 U :849 P3 0571      902509-8 2909 En' → word:'         8 8  51  T  0 P 2m' | mid:'        76 N 8 P 51 N    0 O 2m' | line:' '
002159,NONE-04-13,,NONE-04-13,NONE-04-13,NONE-04-13,NONE-04-13,NONE-04-13,0,0,,0.0,
002160,2021-04-08,,2021-04-08,2021-04-08,2021-04-08,2021-04-08,2021-04-08,0,1,,1.301,'   94 475 7 3 :OI 88  except national holidays . P le w you Packaged in the U.S.A. Questions or comments  call Mon.-Fri 1-87-984-63 Hoody s is a registered traemark of' → word:'TH   Pac 94  475  31 X1 01  A   alidys  Peeeepable we yo Packaed  eh U.S Adem Questions or commennts  9 Call  Mnoi1-984639 1Packaged in treademark of' | mid:'TH N  Pack 94 475 93 X O1  D  btldays  Pess table when you Packa
002161,2021-04-08,,2021-04-08,2021-04-08,2021-04-08,2021-04-08,2021-04-08,0,2,,1.829,'889E208718M 32102201  0X2819 019 NUTCRACKER BRANDS  INC  HM Y 7.315 221 21010 1.190g 222221   45 221201.1899-9900 8894 .488215 98718.31828 4 call Mon.-In.  1-877-984-6639 Questions or comments  E1 Paso  TX 79906 USA   Dept. SKN Nutcracker Brands  In WACADAMIAUTSWALTC WHEAT  SOY  MILK. MAZELNUTAS.PECAN.TA HF:ALMONDSBRAZILNUTSCAM EANUT YCONTANTA LETEATI' → word:'223E218 H Cx 219148 NUTCRACKER BRAND
002162,2023-06-18,,2023-01-06,2023-01-06,2023-01-06,2023-01-06,2023-01-06,0,2,,0.536,'LAND ature L.0170 BEST BY :06/1/123' → word:'LAND ature L.0170 BST Y  0618/23' | mid:'LAND ature L.0170 BEST Y 018123' | line:'LANDLIMPRASTE' ## 'ives C.I.F.A-41/097858' → word:'ives C.I.F.A-41/097858' | mid:'ives C.I.F.A-41/097858' | line:'ves'
002163,2023-06-18,?,NONE,NONE,NONE,NONE,NONE,0,0,,0.0,
002164,2021-01-29,2,2020-10-30,2020-10-30,2020-10-30,2020-10-30,2020-10-30,0,1,,0.649,'HAT 41 S 30E100  21.01.297EA  MEME' → word:'Xy 4   B100  21.0129 MEn' | mid:'Xy 4  H 1100  210129 MEn' | line:'1212'
002165,2021-01-29,2,2020-10-30,2020-10-30,2020-10-30,2020-10-30,2020-10-30,0,0,,0.0,
002166,2021-04-12,,2021-04-12,2021-04-12,2021-04-12,2021-04-12,2021-04-12,0,0,,0.0,
002167,2021-05-28,,2021-05-28,2021-05-28,2021-05-28,2021-05-28,2021-05-28,0,1,,0.153,'09:5382' → word:'095392' | mid:'09 5392' | line:'095392'
002168,2021-05-28,,2021-05-28,2021-05-28,2021-05-28,2021-05-28,2021-05-28,0,0,,0.0,
002169,2020-01-15,,2020-01-15,2020-01-15,2020-01-15,2020-01-15,2020-01-15,0,0,,0.0,
002170,2020-01-15,,2020-01-15,2020-01-15,2020-01-15,2020-01-15,2020-01-15,0,0,,0.001,
002171,2020-06-24,,2020-06-24,2020-06-24,2020-06-24,2020-06-24,2020-06-24,0,1,,1.375,'1413-10 1-350.17 62  E0LE 80 9N 44 4126  020  E 1399  HOO  0 0122  A  A' → word:'4 30  3    9  8       19    B e A 0 2    A' | mid:' 30    E 9  U8N       199   B  A 0     A' | line:'F'
002173,NONE-07-01,,NONE-07-01,NONE-07-01,NONE-07-01,NONE-07-01,NONE-07-01,0,0,,0.0,
002174,2021-09-05,,2021-09-05,2021-09-05,2021-09-05,2021-09-05,2021-09-05,0,0,,0.0,
002175,2021-09-05,,2021-09-05,2021-09-05,2021-09-05,2021-09-05,2021-09-05,0,0,,0.0,
002176,2021-02-11,,2021-02-11,2021-02-11,2021-02-11,2021-02-11,2021-02-11,0,0,,0.0,
002178,2022-05-19,,2022-05-19,2022-05-19,2022-05-19,2022-05-19,2022-05-19,0,0,,0.0,
002179,2022-01-19,,2022-01-19,2022-01-19,2022-01-19,2022-01-19,2022-01-19,0,1,,0.263,'4E12003-1 WEO10' → word:'12003-1 2N0' | mid:'20031 240' | line:'2031'
002180,2022-01-19,,2022-01-19,2022-01-19,2022-01-19,2022-01-19,2022-01-19,0,2,,2.429,'CE  OIOW 94E9 E8N 48 f   A51 H 2O 42003-1 2100   7LCM 871-22940824 UNO  /78126 NA 7 S H2103    0872 324  1995020805633 4946 00g ' → word:'X  OS 9X29 184 488   H2 240 4O0031 97100  7-08 N 4 EA  33 8 213712   1995020805633  410' | line:'T ' ## '274  080-900-6133  L O mg 0   0g 038 28100 15  Om9 0K1E09 0' → word:'  080-900-6133  4m  4  ' | line:''
002181,2018-12-04,,2018-12-04,2018-12-04,2018-12-04,2018-12-04,2018-12-04,0,1,,1.814,' 28222 Z128 3N    2080-02421 40  N EEE  EZENAER EDEAN O g 3 0   g  160069 8801045176307 100gE 350kcal 418 250g  EOENES ' → word:'A 872470  E  B 9  002        EDER O     28    8801045176307 1o00gf 350kcal 48 250  DEURS' | mid:'C 8724720  - BE 9  2002     EE EDER O     28   0 8801045176307 1o00g 350kcal 8 250  EDEURE' | line:' '
002183,2019-02-20,,NONE,NONE,NONE,NONE,NONE,0,2,,1.411,'A E  R ESTTE CEAELEER    ER HERADE PR A . CERDESPATE 2:002-23143 EH 220450654 OILFET 1 o LEG 3  5  1omg 3 BB01045176338 2 20 100g  285kcal  g 2  WEE  48U 25 8ER   21x1' → word:'A IO HEA    EE  R   E W  EEPOUELEE 200-21-01N HL  2 OIL 11 HO LE F 3   A g 3 BE010451 3488 20 100g 8cll 2 WNEE LE88 259 3389  27x1' | line:'C' ## '24:00418 201 3 0 : N L8O 4 20 77x1' → word:'200-2101 201 3 0   2 880 4 20 2
002184,2020-09-25,,2020-09-25,2020-09-25,2020-09-25,2020-09-25,2020-09-25,0,1,,0.312,'080-024-211' → word:'002' | mid:'002' | line:'002'
002185,2020-09-25,,2020-09-25,2020-09-25,2020-09-25,2020-09-25,2020-09-25,0,0,,0.0,
002186,2020-06-10,,2020-06-10,2020-06-10,2020-06-10,2020-06-10,2020-06-10,0,0,,0.0,
002187,2020-06-10,,2020-06-10,2020-06-10,2020-06-10,2020-06-10,2020-06-10,0,0,,0.0,
002188,2020-08-07,,2020-08-07,2020-08-07,2020-08-07,2020-08-07,2020-08-07,0,1,,0.393,'080-024-231' → word:'00-24-21' | mid:'00-24-1' | line:'00-24-21'
002189,2022-02-04,,2022-02-04,2022-02-04,2022-02-04,2022-02-04,2022-02-04,0,0,,0.0,
002190,2022-02-04,b,NONE,NONE,NONE,NONE,NONE,0,0,,0.0,
002191,2020-10-20,,2020-10-20,2020-10-20,2020-10-20,2020-10-20,2020-10-20,0,0,,0.0,
002192,2020-10-20,,2026-10-20,2026-10-20,2026-10-20,2026-10-20,2026-10-20,0,1,,0.245,'220..10.20' → word:'220.10.20' | line:'220.10.20'
002193,2020-06-10,,2020-06-10,2020-06-10,2020-06-10,2020-06-10,2020-06-10,0,0,,0.0,
002195,2021-10-28,,2021-10-28,2021-10-28,2021-10-28,2021-10-28,2021-10-28,0,0,,0.0,
002196,2021-10-28,,2021-10-28,2021-10-28,2021-10-28,2021-10-28,2021-10-28,0,0,,0.0,
002197,2021-01-13,,2021-01-13,2021-01-13,2021-01-13,2021-01-13,2021-01-13,0,0,,0.0,
002198,2021-01-13,,2021-01-13,2021-01-13,2021-01-13,2021-01-13,2021-01-13,0,0,,0.0,
002199,2021-08-05,,2021-08-05,2021-08-05,2021-08-05,2021-08-05,2021-08-05,0,0,,0.0,
002201,2020-10-08,,2020-10-08,2020-10-08,2020-10-08,2020-10-08,2020-10-08,0,0,,0.0,
002202,2020-10-08,,2020-05-02,2020-05-02,2020-05-02,2020-05-02,2020-05-02,0,0,,0.0,
002203,2021-01-08,2,2021-09-10,2021-09-10,2021-09-10,2021-09-10,2021-09-10,0,0,,0.0,
002205,2021-03-05,,2021-03-05,2021-03-05,2021-03-05,2021-03-05,2021-03-05,0,0,,0.0,
002207,2020-06-11,,2020-06-11,2020-06-11,2020-06-11,2020-06-11,2020-06-11,0,0,,0.0,
002208,2022-05-31,,2022-05-31,2022-05-31,2022-05-31,2022-05-31,2022-05-31,0,0,,0.0,
002209,2022-05-31,,2022-05-31,2022-05-31,2022-05-31,2022-05-31,2022-05-31,0,0,,0.0,
002210,2020-09-22,2,2020-09-22,2020-09-22,2020-09-22,2020-09-22,2020-09-22,0,1,,0.476,'E 14  080-023-57' → word:'  080-023-57' | mid:'  080-023-57' | line:'  080-023-57'
002212,2020-10-30,,2020-10-30,2020-10-30,2020-10-30,2020-10-30,2020-10-30,0,0,,0.0,
002213,2020-10-30,,2020-10-30,2020-10-30,2020-10-30,2020-10-30,2020-10-30,0,0,,0.0,
002214,2020-10-16,,2020-10-16,2020-10-16,2020-10-16,2020-10-16,2020-10-16,0,0,,0.0,
002215,2020-10-06,,2020-10-16,2020-10-16,2020-10-16,2020-10-16,2020-10-16,0,0,,0.0,
002216,2023-06-NONE,,2023-06-NONE,2023-06-NONE,2023-06-NONE,2023-06-NONE,2023-06-NONE,0,0,,0.0,
002217,2023-05-NONE,,2023-05-NONE,2023-05-NONE,2023-05-NONE,2023-05-NONE,2023-05-NONE,0,0,,0.0,
002218,2023-05-NONE,,2023-05-NONE,2023-05-NONE,2023-05-NONE,2023-05-NONE,2023-05-NONE,0,0,,0.0,
002219,2022-02-01,,2022-02-01,2022-02-01,2022-02-01,2022-02-01,2022-02-01,0,1,,1.161,'O  07 377827    1027 30A/ 58719 W. 21430-1975 NC7   847 A  Xu  Sm  E 3  A H08  ' → word:'OE E  HOO A  377  27   1 102 CNO/ 7 . 243015 NE E I7 A    u    E AE   ' | mid:'OE E  HO O A 377  27   12102 CNOA/ 57 . 40-155 N HE E BCI7 N 0     E AE   ' | line:'E'
002220,2019-09-30,,2019-09-30,2019-09-30,2019-09-30,2019-09-30,2019-09-30,0,0,,0.0,
002221,2022-06-03,,2022-06-03,2022-06-03,2022-06-03,2022-06-03,2022-06-03,0,0,,0.0,
002222,2021-02-07,,2021-02-07,2021-02-07,2021-02-07,2021-02-07,2021-02-07,0,0,,0.0,
002223,2021-02-07,,2021-02-07,2021-02-07,2021-02-07,2021-02-07,2021-02-07,1,0,6.84,0.0,
002224,2022-09-14,,2022-09-14,2022-09-14,2022-09-14,2022-09-14,2022-09-14,1,0,2.78,0.0,
002225,2022-09-14,,2022-09-14,2022-09-14,2022-09-14,2022-09-14,2022-09-14,0,0,,0.0,
002226,2023-03-03,,2023-03-03,2023-03-03,2023-03-03,2023-03-03,2023-03-03,0,1,,1.021,'lly wrapped IBRO  0.000.02 86 005205005 Odo' → word:'lly wrapped AERER  00004E  O HEI05058 odokgt' | mid:'lly wrapped SAErR  00004E O 00058 odok' | line:'ly wrapped'
002227,2023-03-03,,2023-03-03,2023-03-03,2023-03-03,2023-03-03,2023-03-03,0,0,,0.001,
002228,2023-03-28,,2023-03-28,2023-03-28,2023-03-28,2023-03-28,2023-03-28,0,0,,0.0,
002229,2023-03-28,,2023-03-28,2023-03-28,2023-03-28,2023-03-28,2023-03-28,0,0,,0.0,
002230,2022-07-21,,2022-07-21,2022-07-21,2022-07-21,2022-07-21,2022-07-21,0,0,,0.0,
002231,2022-07-21,,2022-07-21,2022-07-21,2022-07-21,2022-07-21,2022-07-21,0,0,,0.0,
002232,2022-12-20,,2022-12-20,2022-12-20,2022-12-20,2022-12-20,2022-12-20,0,0,,0.0,
002233,2023-01-21,,2023-01-21,2023-01-21,2023-01-21,2023-01-21,2023-01-21,0,0,,0.0,
002234,2023-01-21,,2023-01-21,2023-01-21,2023-01-21,2023-01-21,2023-01-21,0,0,,0.0,
002235,2022-02-22,,2022-02-22,2022-02-22,2022-02-22,2022-02-22,2022-02-22,0,0,,0.0,
002236,2021-06-08,,2021-06-08,2021-06-08,2021-06-08,2021-06-08,2021-06-08,0,1,,0.403,'OTHER TE 202106.0877' → word:'OTHER  20210608' | mid:'OTHER  20210608' | line:'202100'
002237,2021-06-08,,2021-06-08,2021-06-08,2021-06-08,2021-06-08,2021-06-08,0,0,,0.0,
002238,2022-06-30,,2022-06-30,2022-06-30,2022-06-30,2022-06-30,2022-06-30,0,0,,0.0,
002240,2021-05-26,,2021-05-26,2021-05-26,2021-05-26,2021-05-26,2021-05-26,0,1,,0.403,'08:44:00' → word:'08 44 00' | mid:'08 44 00' | line:'08 44 00'
002241,2021-05-26,,NONE,NONE,NONE,NONE,NONE,0,1,,0.42,'BESTIF 2021PAY 202153 08:44:00 26' → word:'BEST IF U  2021MAY 22131 080 26' | line:'A'
002242,2022-03-13,,2022-03-13,2022-03-13,2022-03-13,2022-03-13,2022-03-13,0,0,,0.0,
002244,2021-05-21,2,2021-05-21,2021-05-21,2021-05-21,2021-05-21,2021-05-21,0,0,,0.0,
002245,2021-05-21,2,2021-05-21,2021-05-21,2021-05-21,2021-05-21,2021-05-21,0,0,,0.0,
002246,2021-07-22,,2021-07-22,2021-07-22,2021-07-22,2021-07-22,2021-07-22,0,0,,0.0,
002247,2021-09-07,,2021-09-07,2021-09-07,2021-09-07,2021-09-07,2021-09-07,0,0,,0.0,
002248,2021-09-07,,2021-09-07,2021-09-07,2021-09-07,2021-09-07,2021-09-07,0,0,,0.0,
002249,2021-10-20,,2021-10-20,2021-10-20,2021-10-20,2021-10-20,2021-10-20,0,0,,0.001,
002250,2021-05-09,,2021-05-09,2021-05-09,2021-05-09,2021-05-09,2021-05-09,0,0,,0.001,
002251,2021-05-09,,2021-05-09,2021-05-09,2021-05-09,2021-05-09,2021-05-09,0,0,,0.0,
002252,2022-01-04,,2022-01-04,2022-01-04,2022-01-04,2022-01-04,2022-01-04,0,1,,0.727,'OE : 2022.001.0' → word:'0  202.01.04' | mid:'0 202.01.04' | line:'  22.01.04'
002253,2022-01-04,,2022-01-04,2022-01-04,2022-01-04,2022-01-04,2022-01-04,0,0,,0.0,
002254,2021-10-26,2,2021-10-26,2021-10-26,2021-10-26,2021-10-26,2021-10-26,0,0,,0.0,
002255,2021-10-26,2,2021-10-26,2021-10-26,2021-10-26,2021-10-26,2021-10-26,0,0,,0.001,
002256,2021-04-30,,2021-04-30,2021-04-30,2021-04-30,2021-04-30,2021-04-30,0,0,,0.0,
002257,2021-04-30,,2021-04-30,2021-04-30,2021-04-30,2021-04-30,2021-04-30,0,0,,0.0,
002259,2022-12-15,,2022-12-15,2022-12-15,2022-12-15,2022-12-15,2022-12-15,0,0,,0.0,
002261,2022-01-11,,2022-01-11,2022-01-11,2022-01-11,2022-01-11,2022-01-11,0,0,,0.0,
002263,2021-12-01,,2021-12-01,2021-12-01,2021-12-01,2021-12-01,2021-12-01,0,0,,0.0,
002265,NONE-03-05,,NONE-03-05,NONE-03-05,NONE-03-05,NONE-03-05,NONE-03-05,0,0,,0.0,
002266,NONE-03-05,,NONE-03-05,NONE-03-05,NONE-03-05,NONE-03-05,NONE-03-05,0,0,,0.0,
002267,2022-09-NONE,,2022-09-NONE,2022-09-NONE,2022-09-NONE,2022-09-NONE,2022-09-NONE,0,0,,0.0,
002268,2022-09-NONE,,2022-09-NONE,2022-09-NONE,2022-09-NONE,2022-09-NONE,2022-09-NONE,0,0,,0.0,
002269,2021-03-16,,2021-03-16,2021-03-16,2021-03-16,2021-03-16,2021-03-16,0,0,,0.0,
002270,2021-03-16,,2021-03-16,2021-03-16,2021-03-16,2021-03-16,2021-03-16,0,0,,0.0,
002271,2021-08-02,,2021-08-02,2021-08-02,2021-08-02,2021-08-02,2021-08-02,0,0,,0.0,
002272,2021-08-02,,2021-08-02,2021-08-02,2021-08-02,2021-08-02,2021-08-02,0,0,,0.0,
002273,2021-08-09,,2021-08-09,2021-08-09,2021-08-09,2021-08-09,2021-08-09,0,0,,0.0,
002274,2021-08-09,,2021-08-09,2021-08-09,2021-08-09,2021-08-09,2021-08-09,0,0,,0.0,
002275,2023-12-22,2,2023-12-22,2023-12-22,2023-12-22,2023-12-22,2023-12-22,0,0,,0.0,
002276,2023-12-22,2,2023-12-02,2023-12-02,2023-12-02,2023-12-02,2023-12-02,0,0,,0.0,
002277,2023-07-NONE,,2025-07-NONE,2025-07-NONE,2025-07-NONE,2025-07-NONE,2025-07-NONE,0,0,,0.0,
002278,2023-07-NONE,,2023-07-NONE,2023-07-NONE,2023-07-NONE,2023-07-NONE,2023-07-NONE,0,0,,0.0,
002283,2022-01-20,2,2022-01-20,2022-01-20,2022-01-20,2022-01-20,2022-01-20,0,0,,0.0,
002285,2022-01-06,,2021-01-07,2021-01-07,2021-01-07,2021-01-07,2021-01-07,0,0,,0.0,
002286,2021-12-31,,2021-12-31,2021-12-31,2021-12-31,2021-12-31,2021-12-31,0,0,,0.0,
002288,2024-12-18,,2021-12-18,2021-12-18,2021-12-18,2021-12-18,2021-12-18,0,0,,0.0,
002289,2021-12-18,,2021-12-18,2021-12-18,2021-12-18,2021-12-18,2021-12-18,0,0,,0.0,
002290,2021-09-10,,2021-09-10,2021-09-10,2021-09-10,2021-09-10,2021-09-10,0,0,,0.0,
002291,2021-09-10,,2021-09-10,2021-09-10,2021-09-10,2021-09-10,2021-09-10,0,0,,0.0,
002292,2021-07-03,,2021-07-03,2021-07-03,2021-07-03,2021-07-03,2021-07-03,1,1,3.68,0.623,'CARIG E ARECOMTTED TORST FULL TO MAKING 4 SNACK. 202107.037M w1 000 SE7D' → word:' EROM TED  ORST FULL TED TO MANING A SNACK. 202107.037 w1 000 SER' | mid:' EROMTED ORST FULL TED TO MAKING  SNACK 202107.037 w1 000 SER' | line:''
002293,2021-07-03,,2021-07-03,2021-07-03,2021-07-03,2021-07-03,2021-07-03,1,1,5.68,0.261,'202107.037X' → word:'202107.037' | line:'202107.037'
002294,2022-09-22,,2022-09-22,2022-09-22,2022-09-22,2022-09-22,2022-09-22,0,0,,0.0,
002295,2022-09-22,,2022-09-22,2022-09-22,2022-09-22,2022-09-22,2022-09-22,0,0,,0.0,
002297,2022-06-06,,2022-06-06,2022-06-06,2022-06-06,2022-06-06,2022-06-06,0,0,,0.0,
002298,2021-10-15,,2021-10-15,2021-10-15,2021-10-15,2021-10-15,2021-10-15,0,1,,0.361,' 0Z0141.23  ' → word:'01 101.2 ' | mid:'01 041.23 ' | line:'01 101.2 '
002299,2021-10-15,,2021-10-15,2021-10-15,2021-10-15,2021-10-15,2021-10-15,0,0,,0.0,
002300,2022-01-31,,2022-01-31,2022-01-31,2022-01-31,2022-01-31,2022-01-31,0,0,,0.0,
002302,2022-02-03,,2022-02-03,2022-02-03,2022-02-03,2022-02-03,2022-02-03,0,0,,0.0,
002303,2022-02-03,,2022-02-03,2022-02-03,2022-02-03,2022-02-03,2022-02-03,0,0,,0.0,
002304,2022-07-31,,2022-07-31,2022-07-31,2022-07-31,2022-07-31,2022-07-31,0,0,,0.0,
002305,2022-07-31,,2022-07-31,2022-07-31,2022-07-31,2022-07-31,2022-07-31,0,0,,0.0,
002306,2021-11-23,,2021-11-23,2021-11-23,2021-11-23,2021-11-23,2021-11-23,0,0,,0.0,
002307,2021-11-15,,2020-02-02,2020-02-02,2020-02-02,2020-02-02,2020-02-02,0,0,,0.0,
002308,2021-11-15,,2021-11-15,2021-11-15,2021-11-15,2021-11-15,2021-11-15,0,0,,0.0,
002309,NONE-03-13,2,NONE-03-13,NONE-03-13,NONE-03-13,NONE-03-13,NONE-03-13,0,2,,0.44,'03.13.13:47 MF5' → word:'03.13.13 47  F5' | mid:'0.13.13 47  F5' | line:'03.13.13 47  F5' ## '03.01.13:47  E A' → word:'0.0113 47 A' | mid:'0.0113 47  A' | line:'0.0113 47 A'
002310,NONE-03-13,2,NONE-03-01,NONE-03-01,NONE-03-01,NONE-03-01,NONE-03-01,0,0,,0.0,
002312,2020-08-17,,2020-08-17,2020-08-17,2020-08-17,2020-08-17,2020-08-17,0,0,,0.0,
002313,2021-10-17,2,2021-10-17,2021-10-17,2021-10-17,2021-10-17,2021-10-17,0,0,,0.0,
002315,2022-06-15,,2022-06-15,2022-06-15,2022-06-15,2022-06-15,2022-06-15,0,0,,0.0,
002316,2022-06-15,,2022-06-15,2022-06-15,2022-06-15,2022-06-15,2022-06-15,0,0,,0.0,
002318,2020-12-03,,2020-12-03,2020-12-03,2020-12-03,2020-12-03,2020-12-03,1,0,1.86,0.0,
002319,2020-10-29,,2020-10-29,2020-10-29,2020-10-29,2020-10-29,2020-10-29,0,0,,0.0,
002320,2020-10-29,,2020-10-29,2020-10-29,2020-10-29,2020-10-29,2020-10-29,0,0,,0.0,
002321,2022-11-04,,2022-11-04,2022-11-04,2022-11-04,2022-11-04,2022-11-04,0,1,,0.139,'13:213L0' → word:'13 21LiC' | line:'13 21LiC'
002322,NONE-04-15,,NONE-04-15,NONE-04-15,NONE-04-15,NONE-04-15,NONE-04-15,0,0,,0.0,
002323,NONE-04-15,,NONE-04-15,NONE-04-15,NONE-04-15,NONE-04-15,NONE-04-15,0,2,,0.482,'EF 04.1574X1' → word:'EK 04.15 JHXI' | line:'04.157' ## ' 8/85847 340g/260kcal 8' → word:' 8/85847 340g/260kcal 8' | line:'4R/8'
002324,2020-09-06,,2020-09-06,2020-09-06,2020-09-06,2020-09-06,2020-09-06,0,0,,0.0,
002325,2020-09-06,,2020-09-06,2020-09-06,2020-09-06,2020-09-06,2020-09-06,0,0,,0.0,
002326,2022-10-23,,2022-10-23,2022-10-23,2022-10-23,2022-10-23,2022-10-23,0,0,,0.0,
002327,2022-10-23,,2022-10-23,2022-10-23,2022-10-23,2022-10-23,2022-10-23,0,0,,0.0,
002328,2021-10-20,2,2020-10-21,2020-10-21,2020-10-21,2020-10-21,2020-10-21,0,0,,0.0,
002329,2020-11-30,,2020-11-30,2020-11-30,2020-11-30,2020-11-30,2020-11-30,0,0,,0.0,
002330,2020-11-30,,2020-11-30,2020-11-30,2020-11-30,2020-11-30,2020-11-30,0,0,,0.0,
002331,2021-12-16,,2021-12-16,2021-12-16,2021-12-16,2021-12-16,2021-12-16,0,0,,0.0,
002333,2021-10-04,,2021-10-04,2021-10-04,2021-10-04,2021-10-04,2021-10-04,0,0,,0.0,
002335,2021-11-19,,2021-11-19,2021-11-19,2021-11-19,2021-11-19,2021-11-19,0,0,,0.0,
002336,2021-11-19,,2021-11-19,2021-11-19,2021-11-19,2021-11-19,2021-11-19,0,0,,0.0,
002337,2023-01-05,,2023-01-05,2023-01-05,2023-01-05,2023-01-05,2023-01-05,0,0,,0.0,
002338,2023-01-05,,2023-01-05,2023-01-05,2023-01-05,2023-01-05,2023-01-05,0,0,,0.0,
002340,2021-12-28,,2021-12-28,2021-12-28,2021-12-28,2021-12-28,2021-12-28,0,2,,0.752,'       5880.8271 8.71448817188 4600 880 1062335824 C' → word:' 8 E   08487 44808 40 8801062 3582 ' | line:'' ## '10-1855891-000 SHE' → word:'10-1855991-00 81' | line:'71800'
002341,2021-12-15,2,2021-12-15,2021-12-15,2021-12-15,2021-12-15,2021-12-15,0,0,,0.0,
002342,2021-12-15,2,2021-12-15,2021-12-15,2021-12-15,2021-12-15,2021-12-15,0,0,,0.0,
002343,2022-04-09,,2022-04-09,2022-04-09,2022-04-09,2022-04-09,2022-04-09,0,1,,1.289,'H 2160018 270 E   O OIXHE   EA4    02-6403-38 17 02-6403-338 7 L 100g 10 g 107 UEPC1 28 2 E17 10g /100ml  223 4.41  024 2.5 704  020 19' → word:'X12E ca 2w 7OO    IXH   ENY    -38 M1702-6403-8 7 100 0 107 1 E17H 10 10  022  3 41  025   19' | line:' '
002344,2022-04-09,,2022-04-09,2022-04-09,2022-04-09,2022-04-09,2022-04-09,0,1,,0.227,'kcal Stevia 148/100m 88715' → word:'Okcal Sstavia 1/100 71' | line:'Okcals'
002345,NONE-02-12,,2020-05-12,2020-05-12,2020-05-12,2020-05-12,2020-05-12,0,0,,0.0,
002346,NONE-02-12,,NONE,NONE,NONE,NONE,NONE,0,1,,0.132,'02.120FA1 12520' → word:'02 12 126520' | line:'02 12 126520'
002348,2021-10-04,,2021-10-04,2021-10-04,2021-10-04,2021-10-04,2021-10-04,0,0,,0.0,
002351,2021-09-13,,2021-09-13,2021-09-13,2021-09-13,2021-09-13,2021-09-13,0,1,,0.256,'72021.09.13' → word:'572021.09. 13' | line:'572021.09. 13'
002352,2021-09-13,,2021-09-13,2021-09-13,2021-09-13,2021-09-13,2021-09-13,0,0,,0.0,
002353,2021-10-22,,2021-10-22,2021-10-22,2021-10-22,2021-10-22,2021-10-22,0,0,,0.0,
002354,2021-10-22,,2021-10-22,2021-10-22,2021-10-22,2021-10-22,2021-10-22,0,0,,0.0,
002355,2021-02-12,,2021-02-12,2021-02-12,2021-02-12,2021-02-12,2021-02-12,0,0,,0.0,
002356,2021-02-12,,2021-02-12,2021-02-12,2021-02-12,2021-02-12,2021-02-12,0,0,,0.0,
002357,2021-10-10,,2021-10-10,2021-10-10,2021-10-10,2021-10-10,2021-10-10,0,0,,0.0,
002358,2021-10-10,,2021-10-10,2021-10-10,2021-10-10,2021-10-10,2021-10-10,0,0,,0.0,
002359,2021-06-10,,2021-06-10,2021-06-10,2021-06-10,2021-06-10,2021-06-10,0,0,,0.0,
002360,2021-06-10,,2021-06-10,2021-06-10,2021-06-10,2021-06-10,2021-06-10,0,0,,0.0,
002361,2019-12-10,,2019-12-10,2019-12-10,2019-12-10,2019-12-10,2019-12-10,0,1,,0.646,'897 SARY A925  224490 -8E 8484915-0800 HEHEEEICUEE DRELIER BERLUE EE  ' → word:'91474 SED    1 4 5 0 HEREERE S EE   ' | line:''
002362,NONE,,2019-12-10,2019-12-10,2019-12-10,2019-12-10,2019-12-10,0,1,,0.542,'44344190-348E EU4U94 288 ' → word:'44244190-348 EE   ' | line:''
002363,2021-08-04,,2021-08-04,2021-08-04,2021-08-04,2021-08-04,2021-08-04,0,0,,0.0,
002364,2021-08-04,,2021-08-04,2021-08-04,2021-08-04,2021-08-04,2021-08-04,0,0,,0.0,
002365,2021-12-22,,2021-12-22,2021-12-22,2021-12-22,2021-12-22,2021-12-22,0,0,,0.0,
002366,2020-10-01,,2020-10-01,2020-10-01,2020-10-01,2020-10-01,2020-10-01,0,0,,0.0,
002367,2020-10-01,,2020-10-01,2020-10-01,2020-10-01,2020-10-01,2020-10-01,0,0,,0.0,
002368,2022-01-16,,2022-01-16,2022-01-16,2022-01-16,2022-01-16,2022-01-16,0,1,,0.544,'480-25-18' → word:' 4-25-13' | line:' 4-25-13'
002369,2022-01-16,,2022-01-16,2022-01-16,2022-01-16,2022-01-16,2022-01-16,0,1,,1.019,'8804 40 8 8 20904608-1000100 5690g720   48-25-383  8  9284989 82  ' → word:'  4 20 cYaYsowb   25-  4  N92ESANE EAHACC   A ' | line:' '
002370,2022-05-12,,2022-05-12,2022-05-12,2022-05-12,2022-05-12,2022-05-12,0,0,,0.0,
002371,2022-11-12,,2022-11-12,2022-11-12,2022-11-12,2022-11-12,2022-11-12,0,0,,0.0,
002372,2022-11-12,,2022-11-12,2022-11-12,2022-11-12,2022-11-12,2022-11-12,0,0,,0.0,
002373,2021-12-27,,2028-10-NONE,2028-10-NONE,2028-10-NONE,2028-10-NONE,2028-10-NONE,0,0,,0.0,
002374,2021-12-27,,2028-10-NONE,2028-10-NONE,2028-10-NONE,2028-10-NONE,2028-10-NONE,0,0,,0.0,
002375,2019-10-28,,2019-10-28,2019-10-28,2019-10-28,2019-10-28,2019-10-28,0,1,,0.361,'AE 2840239-612' → word:'MN9' | mid:'M-409' | line:'MN9'
002376,2019-10-28,,2019-10-28,2019-10-28,2019-10-28,2019-10-28,2019-10-28,0,0,,0.0,
002377,2022-12-21,,2022-12-21,2022-12-21,2022-12-21,2022-12-21,2022-12-21,0,0,,0.0,
002378,2022-12-21,,2022-12-21,2022-12-21,2022-12-21,2022-12-21,2022-12-21,0,1,,0.353,'81080-4-04-92' → word:'100-40' | line:'100-40'
002379,2022-10-20,,2022-10-20,2022-10-20,2022-10-20,2022-10-20,2022-10-20,0,0,,0.0,
002380,2022-10-20,,2022-10-20,2022-10-20,2022-10-20,2022-10-20,2022-10-20,0,0,,0.0,
002382,2021-08-17,,2021-08-17,2021-08-17,2021-08-17,2021-08-17,2021-08-17,0,0,,0.0,
002383,2020-10-08,,2020-10-08,2020-10-08,2020-10-08,2020-10-08,2020-10-08,0,0,,0.0,
002384,2020-10-08,,2020-10-08,2020-10-08,2020-10-08,2020-10-08,2020-10-08,0,0,,0.0,
002385,2019-08-18,2,2019-08-18,2019-08-18,2019-08-18,2019-08-18,2019-08-18,0,1,,0.452,'080-233-6677  Bit' → word:'80-23336677 4PA ' | mid:'080-33-6677 P n' | line:'CHACE'
002386,2019-08-18,2,2019-08-18,2019-08-18,2019-08-18,2019-08-18,2019-08-18,0,0,,0.0,
002387,2021-01-14,,2021-01-14,2021-01-14,2021-01-14,2021-01-14,2021-01-14,0,0,,0.0,
002388,2021-01-14,,2021-01-14,2021-01-14,2021-01-14,2021-01-14,2021-01-14,0,0,,0.001,
002389,2021-08-04,,2021-08-04,2021-08-04,2021-08-04,2021-08-04,2021-08-04,0,0,,0.0,
002390,2021-03-18,,2021-08-NONE,2021-08-NONE,2021-08-NONE,2021-08-NONE,2021-08-NONE,0,0,,0.0,
002392,2021-07-21,,2021-07-21,2021-07-21,2021-07-21,2021-07-21,2021-07-21,0,1,,0.853,'08000 SUNPETANI  KEDAH  MALAYSIA NU.3. LORONG AYAM DIDIK  TAMAN RIA JAYA. TEL:604-4412Z' → word:' SURNPETANI  KEDAH MALAYSJAA NU.LORONGAYAM DIDIK.TAMAN RIA JAYA TE 42' | line:'OCN NN A'
002393,2020-07-01,,2020-07-01,2020-07-01,2020-07-01,2020-07-01,2020-07-01,0,0,,0.0,
002394,2020-07-01,,NONE,NONE,NONE,NONE,NONE,0,0,,0.001,
002395,2023-11-11,,2023-11-11,2023-11-11,2023-11-11,2023-11-11,2023-11-11,0,0,,0.0,
002396,2022-01-25,,2022-01-25,2022-01-25,2022-01-25,2022-01-25,2022-01-25,0,0,,0.0,
002397,2022-01-25,,2022-01-25,2022-01-25,2022-01-25,2022-01-25,2022-01-25,0,0,,0.0,
002398,2021-09-18,,2021-09-18,2021-09-18,2021-09-18,2021-09-18,2021-09-18,0,0,,0.0,
002399,2021-09-18,,2021-09-18,2021-09-18,2021-09-18,2021-09-18,2021-09-18,0,0,,0.0,
002400,2023-01-05,,2023-01-05,2023-01-05,2023-01-05,2023-01-05,2023-01-05,0,0,,0.0,
002401,2022-11-04,,2022-12-04,2022-12-04,2022-12-04,2022-12-04,2022-12-04,0,1,,0.285,' 202211-204 S' → word:'E E20221204 2' | mid:'E E20221204 2' | line:'KNnB'
002402,2022-11-04,,NONE,NONE,NONE,NONE,NONE,0,0,,0.0,
002403,2022-10-02,,NONE,NONE,NONE,NONE,NONE,0,0,,0.0,
002404,2022-10-02,,NONE,NONE,NONE,NONE,NONE,0,0,,0.0,
002405,2021-11-01,,2021-11-01,2021-11-01,2021-11-01,2021-11-01,2021-11-01,0,0,,0.0,
002406,2021-11-01,,2021-11-01,2021-11-01,2021-11-01,2021-11-01,2021-11-01,0,0,,0.0,
002407,2022-03-08,,2022-03-08,2022-03-08,2022-03-08,2022-03-08,2022-03-08,0,1,,0.224,'202.03.08 10:38 P1A/0' → word:'2.06.081088 0' | mid:'2.03.0 10 308 A0' | line:'2.06.081088 0'
002408,2022-10-29,2,2022-10-29,2022-10-29,2022-10-29,2022-10-29,2022-10-29,0,0,,0.0,
002410,2022-04-NONE,,2022-04-NONE,2022-04-NONE,2022-04-NONE,2022-04-NONE,2022-04-NONE,0,0,,0.0,
002411,2023-01-12,,2023-01-12,2023-01-12,2023-01-12,2023-01-12,2023-01-12,0,1,,0.591,' DA 8809257332153 080-754-5152' → word:'   880925733215 080-754-5152' | mid:'   880925733215 080-754-5152' | line:''
002412,2023-01-18,,2023-01-18,2023-01-18,2023-01-18,2023-01-18,2023-01-18,0,0,,0.0,
002413,2022-07-20,,2022-07-20,2022-07-20,2022-07-20,2022-07-20,2022-07-20,0,0,,0.0,
002414,2021-11-01,,2021-11-01,2021-11-01,2021-11-01,2021-11-01,2021-11-01,0,0,,0.0,
002416,2021-12-25,,2021-12-25,2021-12-25,2021-12-25,2021-12-25,2021-12-25,0,0,,0.0,
002417,2021-12-25,,2021-12-25,2021-12-25,2021-12-25,2021-12-25,2021-12-25,0,0,,0.0,
002419,2023-05-10,,2023-05-10,2023-05-10,2023-05-10,2023-05-10,2023-05-10,0,0,,0.0,
002420,2020-10-23,,2020-10-23,2020-10-23,2020-10-23,2020-10-23,2020-10-23,0,0,,0.0,
002422,2023-02-07,,2023-02-07,2023-02-07,2023-02-07,2023-02-07,2023-02-07,0,1,,0.495,'1:031-796-6435' → word:'031-796-6435' | mid:'031-796-6435' | line:'031-796-6435'
002423,2023-02-07,,2023-02-07,2023-02-07,2023-02-07,2023-02-07,2023-02-07,0,2,,0.711,'7IPET PP21CX OTHER 71 N157126-31' → word:'7IPETPP2CXOTHER 141571263' | line:'8PX' ## '88718:818187' → word:'   8710   8188719' | line:'   8710   8188719'
002424,2022-06-09,,2022-06-09,2022-06-09,2022-06-09,2022-06-09,2022-06-09,0,0,,0.0,
002425,2022-06-09,,2022-06-09,2022-06-09,2022-06-09,2022-06-09,2022-06-09,0,0,,0.0,
002426,2021-01-18,,2021-01-18,2021-01-18,2021-01-18,2021-01-18,2021-01-18,0,0,,0.0,
002428,2020-12-23,,2020-12-23,2020-12-23,2020-12-23,2020-12-23,2020-12-23,0,0,,0.0,
002429,2022-07-03,,2022-07-03,2022-07-03,2022-07-03,2022-07-03,2022-07-03,0,0,,0.0,
002430,2021-06-11,,2021-06-11,2021-06-11,2021-06-11,2021-06-11,2021-06-11,0,0,,0.0,
002431,2021-06-11,,2021-06-11,2021-06-11,2021-06-11,2021-06-11,2021-06-11,0,0,,0.0,
002432,NONE,,2020-07-16,2020-07-16,2020-07-16,2020-07-16,2020-07-16,0,0,,0.0,
002434,2023-01-07,,2023-01-07,2023-01-07,2023-01-07,2023-01-07,2023-01-07,0,0,,0.0,
002435,2021-06-03,,2021-06-03,2021-06-03,2021-06-03,2021-06-03,2021-06-03,0,0,,0.0,
002437,2020-09-13,,2020-09-13,2020-09-13,2020-09-13,2020-09-13,2020-09-13,0,0,,0.0,
002439,2022-01-26,,2022-01-26,2022-01-26,2022-01-26,2022-01-26,2022-01-26,0,0,,0.0,
002440,2022-01-26,,2022-01-26,2022-01-26,2022-01-26,2022-01-26,2022-01-26,0,4,,1.376,'05 M  0/8N6 809188-358/8' → word:' 8/567 7-3' | line:'' ## 'BxaIg W714 W/01820-4 1.61' → word:'EXR W71 /014 1.61' | line:'TIXLTN NRA ' ## 'LE808IE8089448.0A E' → word:'LE0IS8N4L.ENUA' | line:'LE0IS8N4L.ENUA' ## '10//0144003-143 302 002237' → word:'19770144003-142 802  002234' | line:'7019770144003-1428  802896 002234'
002441,2021-08-03,,2021-08-03,2021-08-03,2021-08-03,2021-08-03,2021-08-03,0,0,,0.0,
002442,2021-08-03,,2021-08-03,2021-08-03,2021-08-03,2021-08-03,2021-08-03,0,0,,0.0,
002443,2021-11-11,,NONE-11-11,NONE-11-11,NONE-11-11,NONE-11-11,NONE-11-11,0,0,,0.0,
002445,2021-01-16,,2021-01-16,2021-01-16,2021-01-16,2021-01-16,2021-01-16,0,0,,0.0,
002446,2021-01-16,,2021-01-16,2021-01-16,2021-01-16,2021-01-16,2021-01-16,0,0,,0.0,
002447,2021-02-04,,2021-02-04,2021-02-04,2021-02-04,2021-02-04,2021-02-04,0,0,,0.0,
002449,2021-06-09,2,2021-06-09,2021-06-09,2021-06-09,2021-06-09,2021-06-09,0,0,,0.0,
002450,2021-06-09,2,NONE,NONE,NONE,NONE,NONE,0,1,,0.161,'71914:218' → word:'719524' | line:'719524'
002451,2021-08-14,,2021-08-14,2021-08-14,2021-08-14,2021-08-14,2021-08-14,0,0,,0.0,
002452,2021-12-22,,NONE,NONE,NONE,NONE,NONE,0,2,,3.144,'12 1F22 to.e 40 a9 AO 0C1  HF1 IATE EN2  NO AED 32242 3972.0709 ILECE 20 4   A4ETNE35 COINGDAO BADOUANNPEANIT 10 4222013 A   OTHER . 801133 006264 AROOE' → word:'2 ZNAT1  AEL  0H TI  C  X1 FXTH A  X  AA        F1 QIAOAPUTS PR   ER OTHER 8 88010164 ERLONGE' | mid:'2122 NN1  HE  0H AI  C NEN7 XAF1 AT M  XU A        F1QINGDOAPUTSPR   8HER OTHER 8 880113300626 CRZCNGE' | line:'23' ## '1.122MIF2C2 AAE
002453,2021-12-22,,NONE,NONE,NONE,NONE,NONE,0,1,,0.755,'E  CEE  ENES A42 AEELIT 22E248 EE 080 740-354 EPEEOL 1 88 COSN BERE7' → word:'   284 R A ICEN    003 AETEE M2 880 TO570 R.. .' | line:''
002454,2023-02-NONE,,2023-02-NONE,2023-02-NONE,2023-02-NONE,2023-02-NONE,2023-02-NONE,0,0,,0.0,
002455,2023-02-NONE,,2023-02-NONE,2023-02-NONE,2023-02-NONE,2023-02-NONE,2023-02-NONE,0,0,,0.0,
002456,2024-09-15,,2024-09-15,2024-09-15,2024-09-15,2024-09-15,2024-09-15,0,0,,0.0,
002457,2024-09-15,,2024-09-15,2024-09-15,2024-09-15,2024-09-15,2024-09-15,0,0,,0.0,
002458,2022-04-NONE,,2022-04-NONE,2022-04-NONE,2022-04-NONE,2022-04-NONE,2022-04-NONE,0,3,,1.887,'Detary Fiber Og D Omeg 0   00 RDIENT: SUGAR PARNELD MOILCOCOA PROCESSED WITH A MILKATOLK H SIFI NATURALANDARTFICAL Includes g de Sugars Potas. 34mg 0  UAE 000580 7 of LE8433m E431959g C759 U53.6g X4304g 203   100   59 kcal 31-81329 54  9 ' → word:'Ditay Fiiber Og D mcg 09   ienin 00 REN  IA RND MOL COAED K EM ENCAN SATAA Tonludes g Added Sugars Potas.. 34g 0   0  or  4E8 433m  59 C  5 36g 304g 20
002459,2021-11-30,,2021-11-30,2021-11-30,2021-11-30,2021-11-30,2021-11-30,0,1,,1.901,'28222 :LuigiZaini SDA0:2 02-3459-8000MW 27398791 3882:89-80188 240139 2644482982  48 483 U EANOA XEEB SABLE  X8 35 065X 8 X80088X/W160 107  o' → word:'1X    LuigiZainia SpA 40 22Z L SDA2-3459-8000 MEE 7398 4-01 -     e 4 A H2  X 35 65     09 16 9107  hah' | mid:' 22H2 a5  LuigiZainia SpA  40 221  SD02-3459-8000 MEE 2398 4-01- 4 0   e  AEC H  35 65   0 9   16  107  hah' | line:''
002460,2021-11-30,,2021-11-30,2021-11-30,2021-11-30,2021-11-30,2021-11-30,0,0,,0.0,
002461,2021-10-31,,2021-10-31,2021-10-31,2021-10-31,2021-10-31,2021-10-31,0,0,,0.0,
002462,2020-12-21,,2020-12-02,2020-12-02,2020-12-02,2020-12-02,2020-12-02,0,1,,0.348,'2-4138-412' → word:'20-4955-1' | mid:'20-495-' | line:'20-4955-1'
002463,NONE,,2020-12-26,2020-12-26,2020-12-26,2020-12-26,2020-12-26,0,0,,0.0,
002464,2022-05-NONE,,2022-05-NONE,2022-05-NONE,2022-05-NONE,2022-05-NONE,2022-05-NONE,0,0,,0.0,
002465,2022-01-20,,2022-01-20,2022-01-20,2022-01-20,2022-01-20,2022-01-20,0,0,,0.0,
002466,2022-01-20,,2022-01-20,2022-01-20,2022-01-20,2022-01-20,2022-01-20,0,0,,0.0,
002467,2021-05-18,2,2021-05-18,2021-05-18,2021-05-18,2021-05-18,2021-05-18,0,0,,0.0,
002470,2023-06-22,,2023-06-22,2023-06-22,2023-06-22,2023-06-22,2023-06-22,0,0,,0.0,
002471,2021-03-18,2,2021-03-18,2021-03-18,2021-03-18,2021-03-18,2021-03-18,0,0,,0.0,
002472,2021-03-18,2,2021-03-18,2021-03-18,2021-03-18,2021-03-18,2021-03-18,0,0,,0.0,
002473,2021-03-16,2,2021-03-16,2021-03-16,2021-03-16,2021-03-16,2021-03-16,0,2,,0.703,'5F1:914F2' → word:'5F14F2' | mid:'F1 1F2' | line:'5F14F2' ## ':080-259-2000 4' → word:'080-259-20' | mid:'080259-20' | line:'080-259-20'
002474,2021-03-16,2,2021-03-16,2021-03-16,2021-03-16,2021-03-16,2021-03-16,0,1,,0.655,'1:8214 F2 120280 1-2/014590 H7HF1:19980487825523 F2:20040490     :080-259-2000  44' → word:'181 F28 7F2000 119805120040    002502000' | line:''
002475,2021-03-13,,2021-03-13,2021-03-13,2021-03-13,2021-03-13,2021-03-13,0,0,,0.0,
002476,2021-03-13,,2021-03-13,2021-03-13,2021-03-13,2021-03-13,2021-03-13,0,0,,0.0,
002477,2023-03-15,,2023-03-15,2023-03-15,2023-03-15,2023-03-15,2023-03-15,0,1,,0.399,' 8.486456  0.18 ' → word:' 0.18 ' | mid:' 84 0.18 ' | line:' 0.18 '
002478,2023-03-15,,2023-03-15,2023-03-15,2023-03-15,2023-03-15,2023-03-15,0,0,,0.0,
002479,2022-07-NONE,,2022-07-NONE,2022-07-NONE,2022-07-NONE,2022-07-NONE,2022-07-NONE,0,0,,0.0,
002480,2022-07-NONE,,2022-07-NONE,2022-07-NONE,2022-07-NONE,2022-07-NONE,2022-07-NONE,0,0,,0.0,
002481,2021-03-28,,2021-03-28,2021-05-28,2021-03-28,2021-03-28,2021-05-28,0,1,,0.236,'202103.2877AESA' → word:'2021 D5.28MAA' | mid:'2021 05.28MAA' | line:'2021 D5.28MAA'
002482,2021-03-28,,2021-05-28,2021-05-28,2021-05-28,2021-05-28,2021-05-28,0,0,,0.0,
002483,2021-05-05,,2021-05-05,2021-05-05,2021-05-05,2021-05-05,2021-05-05,0,1,,0.35,'5712021.05. .05' → word:'89712021.05.05 .05' | line:'87120221.05.05'
002485,2022-08-03,,2022-08-03,2022-08-03,2022-08-03,2022-08-03,2022-08-03,0,0,,0.0,
002486,2022-08-03,,2022-08-03,2022-08-03,2022-08-03,2022-08-03,2022-08-03,0,0,,0.0,
002487,NONE,m,2021-02-06,2021-02-06,2021-02-06,2021-02-06,2021-02-06,0,0,,0.0,
002488,NONE,m,2021-02-06,2021-02-06,2021-02-06,2021-02-06,2021-02-06,0,0,,0.0,
002489,2021-04-18,,2021-04-18,2021-04-18,2021-04-18,2021-04-18,2021-04-18,0,0,,0.0,
002490,2021-04-18,,2021-04-18,2021-04-18,2021-04-18,2021-04-18,2021-04-18,1,0,2.17,0.0,
002491,2022-09-08,,NONE-08-09,NONE-08-09,NONE-08-09,NONE-08-09,NONE-08-09,0,0,,0.0,
002492,2022-09-08,,2020-01-01,2020-01-01,2020-01-01,2020-01-01,2020-01-01,0,0,,0.0,
002493,2022-02-10,2,2022-02-10,2022-02-10,2022-02-10,2022-02-10,2022-02-10,0,0,,0.0,
002494,2022-02-10,,2022-02-10,2022-02-10,2022-02-10,2022-02-10,2022-02-10,0,0,,0.0,
002495,2021-01-27,,2021-01-27,2021-01-27,2021-01-27,2021-01-27,2021-01-27,0,0,,0.0,
002496,2021-01-27,,2021-01-27,2021-01-27,2021-01-27,2021-01-27,2021-01-27,0,0,,0.0,
002497,2023-01-24,,2024-09-NONE,2024-09-NONE,2024-09-NONE,2024-09-NONE,2024-09-NONE,0,0,,0.0,
002499,2021-05-07,,2021-05-07,2021-05-07,2021-05-07,2021-05-07,2021-05-07,0,0,,0.0,
002500,2021-08-21,,2021-08-21,2021-08-21,2021-08-21,2021-08-21,2021-08-21,0,0,,0.0,
002501,2021-08-21,,2021-08-21,2021-08-21,2021-08-21,2021-08-21,2021-08-21,0,0,,0.0,
002502,2022-01-24,,2022-01-24,2022-01-24,2022-01-24,2022-01-24,2022-01-24,0,0,,0.0,
002503,2022-01-24,,2022-01-24,2022-01-24,2022-01-24,2022-01-24,2022-01-24,0,0,,0.0,
002504,2022-01-06,,2022-01-06,2022-01-06,2022-01-06,2022-01-06,2022-01-06,0,0,,0.0,
002505,2022-01-06,,2022-01-06,2022-01-06,2022-01-06,2022-01-06,2022-01-06,0,0,,0.0,
002506,2021-08-08,,2021-08-08,2021-08-08,2021-08-08,2021-08-08,2021-08-08,0,1,,0.22,'27019/90' → word:'1700' | mid:'1700' | line:'1700'
002507,2021-08-08,,2021-08-08,2021-08-08,2021-08-08,2021-08-08,2021-08-08,0,0,,0.0,
002508,2021-11-09,,2021-11-09,2021-11-09,2021-11-09,2021-11-09,2021-11-09,0,0,,0.0,
002509,2021-11-09,,2021-11-09,2021-11-09,2021-11-09,2021-11-09,2021-11-09,0,0,,0.0,
002510,2022-03-09,,2022-03-09,2022-03-09,2022-03-09,2022-03-09,2022-03-09,0,0,,0.0,
002511,2022-03-09,,2022-03-09,2022-03-09,2022-03-09,2022-03-09,2022-03-09,0,1,,0.198,'272.03.09 DUA21' → word:'7072.08.098 Du21' | line:'7072.08.098 Du21'
002513,2021-11-04,,2021-11-04,2021-11-04,2021-11-04,2021-11-04,2021-11-04,0,0,,0.0,
002514,2022-02-16,,2022-02-16,2022-02-16,2022-02-16,2022-02-16,2022-02-16,0,0,,0.0,
002515,2022-02-16,,2022-02-16,2022-02-16,2022-02-16,2022-02-16,2022-02-16,0,1,,0.226,' 3/200190550' → word:' D 2' | line:'  '
002516,2022-07-20,,2022-07-20,2022-07-20,2022-07-20,2022-07-20,2022-07-20,0,0,,0.0,
002518,2023-01-25,,2023-01-25,2023-01-25,2023-01-25,2023-01-25,2023-01-25,0,0,,0.0,
002519,2023-01-25,,2023-01-25,2023-01-25,2023-01-25,2023-01-25,2023-01-25,0,0,,0.0,
002520,2023-10-02,,2023-10-02,2023-10-02,2023-10-02,2023-10-02,2023-10-02,0,0,,0.0,
002521,2023-10-02,,2023-10-02,2023-10-02,2023-10-02,2023-10-02,2023-10-02,0,0,,0.0,
002522,2022-09-14,,2022-09-14,2022-09-14,2022-09-14,2022-09-14,2022-09-14,0,0,,0.0,
002523,2022-09-14,,2022-09-14,2022-09-14,2022-09-14,2022-09-14,2022-09-14,0,0,,0.0,
002524,2023-01-25,,2023-01-25,2023-01-25,2023-01-25,2023-01-25,2023-01-25,0,0,,0.0,
002525,2023-01-25,,2023-01-25,2023-01-25,2023-01-25,2023-01-25,2023-01-25,0,0,,0.0,
002526,2023-02-15,,2023-02-15,2023-02-15,2023-02-15,2023-02-15,2023-02-15,0,0,,0.0,
002527,2023-02-15,,2023-02-15,2023-02-15,2023-02-15,2023-02-15,2023-02-15,0,0,,0.0,
002528,2021-10-19,,2021-10-19,2021-10-19,2021-10-19,2021-10-19,2021-10-19,0,0,,0.0,
002530,2022-01-19,,2022-01-19,2022-01-19,2022-01-19,2022-01-19,2022-01-19,0,0,,0.0,
002532,2022-06-30,,2022-06-30,2022-06-30,2022-06-30,2022-06-30,2022-06-30,0,0,,0.0,
002533,2022-06-30,,2022-06-30,2022-06-30,2022-06-30,2022-06-30,2022-06-30,0,0,,0.0,
002534,2021-12-04,,2021-12-04,2021-12-04,2021-12-04,2021-12-04,2021-12-04,0,1,,0.491,'A29 2100-76-6543 ' → word:'M29 0-106-643' | mid:'129 0-7066' | line:''
002535,2021-12-04,,2021-12-04,2021-12-04,2021-12-04,2021-12-04,2021-12-04,0,0,,0.0,
002536,2021-09-22,,2021-09-22,2021-09-22,2021-09-22,2021-09-22,2021-09-22,0,0,,0.0,
002537,2021-09-22,,2021-09-22,2021-09-22,2021-09-22,2021-09-22,2021-09-22,0,0,,0.0,
002538,2021-08-05,,2021-08-05,2021-08-05,2021-08-05,2021-08-05,2021-08-05,0,0,,0.0,
002539,2021-08-05,,2021-08-05,2021-08-05,2021-08-05,2021-08-05,2021-08-05,0,0,,0.001,
002540,2021-12-19,,2021-12-19,2021-12-19,2021-12-19,2021-12-19,2021-12-19,0,0,,0.0,
002541,2021-12-19,,2021-12-19,2021-12-19,2021-12-19,2021-12-19,2021-12-19,0,0,,0.0,
002542,2021-10-17,,2021-10-17,2021-10-17,2021-10-17,2021-10-17,2021-10-17,0,0,,0.0,
002543,2021-10-17,,NONE-10-17,NONE-10-17,NONE-10-17,NONE-10-17,NONE-10-17,0,0,,0.0,
002544,2021-03-21,,2021-03-21,2021-03-21,2021-03-21,2021-03-21,2021-03-21,0,2,,3.168,'4 E 178 g 330 kcal  VE2EO BAFUED C299 APHg S  RH78 DHE  I-  SM 101 AL 27 2 4020791201 001201 TH  COLE3  -210/087 27 APLE OFi 46g95  4 20N mg 1N3 648 ON 40E9  2 1200 L2 2060 mg' → word:'   178 g 330 kcal  VeraIa  9A 1248  22HH -o EM o0  HAH 21  22 5001 DHOOTZDIE OEH 0 ECOLIE3 210 22220/ 2 A   O  4.69 O L 200 8 4g 0 440mg0  6 0mg    1200    22060 g' | mid:'   178 g 330 kcal  Veraia  90 o48   ESHHE 
002546,2022-04-NONE,,2022-04-NONE,2022-04-NONE,2022-04-NONE,2022-04-NONE,2022-04-NONE,0,1,,0.685,'X 01 NATRA SAINT ETIENNE 377 27/02-380-5678 /' → word:'XA T  NATRA SAINT ETIENNE -8058 E' | mid:'XA TI  NATRA SAINT ETIENNE 303805 ' | line:'A E'
002549,2021-04-02,,2021-04-02,2021-04-02,2021-04-02,2021-04-02,2021-04-02,0,1,,0.281,'21.04.0271B17 ' → word:'7 21.00271B17 ' | line:'207'
002550,2021-09-30,,2021-09-30,2021-09-30,2021-09-30,2021-09-30,2021-09-30,0,0,,0.0,
002551,2021-09-30,,2021-09-30,2021-09-30,2021-09-30,2021-09-30,2021-09-30,0,0,,0.0,
002552,2021-01-22,,2021-01-22,2021-01-22,2021-01-22,2021-01-22,2021-01-22,0,1,,0.464,'Best Befor 1.01.2 g20g 08:560210 209' → word:'Bet Befo 1.0220 08 56 0210 209' | mid:'Bet Beo 1.02 08 56 0210 209' | line:'Bet Befo 1.0220'
002553,2021-02-22,,2022-01-21,2022-01-21,2022-01-21,2022-01-21,2022-01-21,0,0,,0.0,
002554,2021-11-18,,2021-11-18,2021-11-18,2021-11-18,2021-11-18,2021-11-18,0,1,,0.622,' 10gf 500 Kkcal 8-892529 39492294' → word:'   a50 LHOE 22 ' | mid:'   a50 L8U 255 42' | line:''
002555,2021-11-18,,2021-11-18,2021-11-18,2021-11-18,2021-11-18,2021-11-18,0,0,,0.0,
002556,2021-11-17,,2021-11-17,2021-11-17,2021-11-17,2021-11-17,2021-11-17,0,0,,0.0,
002557,2021-11-17,,2021-11-17,2021-11-17,2021-11-17,2021-11-17,2021-11-17,0,0,,0.0,
002558,2022-04-01,,2022-04-01,2022-04-01,2022-04-01,2022-04-01,2022-04-01,0,0,,0.0,
002559,2022-04-01,,2022-04-07,2022-04-07,2022-04-07,2022-04-07,2022-04-07,0,0,,0.0,
002560,2022-10-21,,2022-10-21,2022-10-21,2022-10-21,2022-10-21,2022-10-21,0,1,,0.597,'4898    0E02 380-5678 ' → word:'4    2 80-57 ' | mid:'4  A  80-5 ' | line:' '
002561,2022-10-21,,NONE-10-21,NONE-10-21,NONE-10-21,NONE-10-21,NONE-10-21,0,0,,0.0,
002562,2021-08-29,,2021-08-29,2021-08-29,2021-08-29,2021-08-29,2021-08-29,0,0,,0.0,
002563,2021-08-29,,2021-08-29,2021-08-29,2021-08-29,2021-08-29,2021-08-29,0,0,,0.0,
002564,2021-09-25,,2021-09-25,2021-09-25,2021-09-25,2021-09-25,2021-09-25,0,0,,0.0,
002565,2021-09-25,,2021-09-25,2021-09-25,2021-09-25,2021-09-25,2021-09-25,0,0,,0.0,
002566,2021-10-15,,2021-10-15,2021-10-15,2021-10-15,2021-10-15,2021-10-15,0,0,,0.0,
002567,2021-10-15,,2021-10-15,2021-10-15,2021-10-15,2021-10-15,2021-10-15,0,0,,0.0,
002568,2022-04-04,,2022-04-04,2022-04-04,2022-04-04,2022-04-04,2022-04-04,0,0,,0.0,
002569,2022-04-04,,2022-04-04,2022-04-04,2022-04-04,2022-04-04,2022-04-04,0,0,,0.0,
002570,2021-05-07,2,2021-05-07,2021-05-07,2021-05-07,2021-05-07,2021-05-07,0,0,,0.0,
002571,2021-05-07,2,2021-05-07,2021-05-07,2021-05-07,2021-05-07,2021-05-07,0,0,,0.0,
002572,2021-12-29,,2021-12-29,2021-12-29,2021-12-29,2021-12-29,2021-12-29,0,1,,0.526,'58-762080' → word:'60' | mid:'60' | line:'60'
002574,2021-12-16,,2021-12-16,2021-12-16,2021-12-16,2021-12-16,2021-12-16,0,0,,0.0,
002575,2021-12-16,,2021-12-16,2021-12-16,2021-12-16,2021-12-16,2021-12-16,0,0,,0.0,
002576,2020-02-18,,2020-02-18,2020-02-18,2020-02-18,2020-02-18,2020-02-18,0,0,,0.0,
002578,2024-01-14,,2024-01-14,2024-01-14,2024-01-14,2024-01-14,2024-01-14,0,1,,0.481,'00 /031796-6435' → word:'00/031-796-6435' | mid:'0/031-796-6435' | line:'00/031-796-6435'
002579,2024-01-14,,2024-01-14,2024-01-14,2024-01-14,2024-01-14,2024-01-14,1,0,3.31,0.0,
002580,2021-11-17,,2021-11-17,2021-11-17,2021-11-17,2021-11-17,2021-11-17,0,0,,0.0,
002581,2021-11-17,,2021-01-17,2021-01-17,2021-01-17,2021-01-17,2021-01-17,0,0,,0.001,
002582,2021-01-07,,2021-01-07,2021-01-07,2021-01-07,2021-01-07,2021-01-07,0,0,,0.0,
002583,2021-01-07,,2021-01-07,2021-01-07,2021-01-07,2021-01-07,2021-01-07,0,0,,0.0,
002584,2023-11-04,,2023-11-04,2023-11-04,2023-11-04,2023-11-04,2023-11-04,0,0,,0.0,
002585,2023-11-04,,2023-11-04,2023-11-04,2023-11-04,2023-11-04,2023-11-04,0,0,,0.0,
002586,NONE-12-22,,NONE-12-22,NONE-12-22,NONE-12-22,NONE-12-22,NONE-12-22,0,0,,0.0,
002588,2023-10-15,2,2023-10-15,2023-10-15,2023-10-15,2023-10-15,2023-10-15,0,0,,0.0,
002590,2023-10-27,,2023-10-27,2023-10-27,2023-10-27,2023-10-27,2023-10-27,0,0,,0.0,
002592,2023-08-11,,2023-08-11,2023-08-11,2023-08-11,2023-08-11,2023-08-11,0,1,,0.576,' a per Fomigne 5  031-585-6281 Cenuovo Rengone Mo' → word:' so 10 0-90M0  ' | mid:'  isane 0 e0Rn0nM0  ' | line:'Te  P '
002594,2022-08-05,,2022-08-05,2022-08-05,2022-08-05,2022-08-05,2022-08-05,0,0,,0.0,
002596,2022-10-22,,2022-10-22,2022-10-22,2022-10-22,2022-10-22,2022-10-22,0,1,,0.619,'p 0  802401:40' → word:'E 0  02' | mid:'0 02' | line:'E'
002598,2021-12-NONE,,2021-12-NONE,2021-12-NONE,2021-12-NONE,2021-12-NONE,2021-12-NONE,0,0,,0.0,
002599,2021-12-NONE,,2021-12-NONE,2021-12-NONE,2021-12-NONE,2021-12-NONE,2021-12-NONE,0,0,,0.0,
002600,NONE,m,2020-10-21,2020-10-21,2020-10-21,2020-10-21,2020-10-21,0,0,,0.0,
002601,NONE,m,2020-10-21,2020-10-21,2020-10-21,2020-10-21,2020-10-21,0,0,,0.0,
002602,2022-07-07,,2022-07-07,2022-07-07,2022-07-07,2022-07-07,2022-07-07,0,0,,0.0,
002603,2022-07-07,,2022-07-07,2022-07-07,2022-07-07,2022-07-07,2022-07-07,0,0,,0.0,
002606,2022-04-02,,2022-04-02,2022-04-02,2022-04-02,2022-04-02,2022-04-02,0,0,,0.0,
002610,2021-07-11,2,2020-11-13,2020-11-13,2020-11-13,2020-11-13,2020-11-13,0,0,,0.0,
002611,2021-12-01,,2021-12-01,2021-12-01,2021-12-01,2021-12-01,2021-12-01,0,1,,0.492,'08024-1' → word:'40021' | mid:'024' | line:'40021'
002612,2021-12-01,,2021-12-01,2021-12-01,2021-12-01,2021-12-01,2021-12-01,0,0,,0.0,
002613,2023-04-NONE,,2023-04-NONE,2023-04-NONE,2023-04-NONE,2023-04-NONE,2023-04-NONE,0,0,,0.0,
002616,2022-12-21,,2022-12-21,2022-12-21,2022-12-21,2022-12-21,2022-12-21,0,0,,0.0,
002617,2022-05-04,,2020-02-20,2020-02-20,2020-02-20,2020-02-20,2020-02-20,0,0,,0.0,
002618,2022-05-04,,2022-05-04,2022-05-04,2022-05-04,2022-05-04,2022-05-04,0,0,,0.0,
002619,2022-03-31,,2022-03-31,2022-03-31,2022-03-31,2022-03-31,2022-03-31,0,0,,0.0,
002620,2022-03-31,,2022-03-31,2022-03-31,2022-03-31,2022-03-31,2022-03-31,0,0,,0.0,
002621,2023-12-21,,2023-12-21,2023-12-21,2023-12-21,2023-12-21,2023-12-21,0,0,,0.0,
002622,2023-12-21,,2023-12-21,2023-12-21,2023-12-21,2023-12-21,2023-12-21,0,0,,0.0,
002623,2022-12-19,,2022-12-19,2022-12-19,2022-12-19,2022-12-19,2022-12-19,0,1,,0.601,'JICE A  TEL  031 -885-0860' → word:'ICE    E 031885-080' | mid:'ICE A 0  E031885-0860' | line:'CE '
002624,2022-12-19,b,2022-12-19,2022-12-19,2022-12-19,2022-12-19,2022-12-19,0,0,,0.0,
002625,2021-06-22,,2021-06-22,2021-06-22,2021-06-22,2021-06-22,2021-06-22,0,0,,0.0,
002626,2021-06-22,,2021-06-22,2021-06-22,2021-06-22,2021-06-22,2021-06-22,0,0,,0.0,
002627,2021-12-08,,2021-12-08,2021-12-08,2021-12-08,2021-12-08,2021-12-08,0,0,,0.0,
002628,2021-12-08,,2021-12-08,2021-12-08,2021-12-08,2021-12-08,2021-12-08,0,0,,0.0,
002629,2023-05-NONE,,2023-05-20,2023-05-20,2023-05-20,2023-05-20,2023-05-20,0,0,,0.001,
002631,2022-01-20,,2022-01-20,2022-01-20,2022-01-20,2022-01-20,2022-01-20,0,0,,0.001,
002632,2022-01-20,,2022-01-20,2022-01-20,2022-01-20,2022-01-20,2022-01-20,0,0,,0.0,
002633,2022-02-03,,2022-02-03,2022-02-03,2022-02-03,2022-02-03,2022-02-03,0,0,,0.0,
002634,2022-02-03,,2022-02-03,2022-02-03,2022-02-03,2022-02-03,2022-02-03,0,0,,0.001,
002635,2022-10-09,,2022-10-09,2022-10-09,2022-10-09,2022-10-09,2022-10-09,0,0,,0.0,
002636,2022-10-09,,2022-10-09,2022-10-09,2022-10-09,2022-10-09,2022-10-09,0,0,,0.0,
002637,2022-11-01,,2022-11-01,2022-11-01,2022-11-01,2022-11-01,2022-11-01,0,1,,0.616,'7O T.022176-0324 63 O  325kcal' → word:' 1602 6 o  hog 325kca' | mid:' 16-0324 3 ao  hog 325kcal' | line:''
002638,2022-11-01,,2022-11-01,2022-11-01,2022-11-01,2022-11-01,2022-11-01,0,0,,0.0,
002639,2021-12-04,,2021-12-04,2021-12-04,2021-12-04,2021-12-04,2021-12-04,0,0,,0.0,
002640,2021-12-04,,2021-12-04,2021-12-04,2021-12-04,2021-12-04,2021-12-04,0,1,,0.47,'502 281399/401 98/99E1309 E14139780g L1O' → word:'S02 28188/48186/818178010 AE780 HO' | line:'0'
002641,2021-10-31,,2021-10-31,2021-10-31,2021-10-31,2021-10-31,2021-10-31,0,0,,0.0,
002642,2021-10-31,,2021-10-31,2021-10-31,2021-10-31,2021-10-31,2021-10-31,0,0,,0.0,
002644,2022-11-NONE,,NONE,NONE,NONE,NONE,NONE,0,2,,2.031,'H  CO.KG kolade.de weight: Germany Crotoune 95 A 8 Salz / Salt Eiweiss/Protein davon Zucker / frosugar vete20  Kya /C Brennwert/Energy 2190kJ/526 kcal Fett/Fat N hrwerte/ Nutritonal value1   11.2822121452  46 8g 32 6g 0 01g 41 9 9 6.39 Kuvertiresch und im Wasserbad Milch achten  Aindestens Kuverture dass' → word:'H   CO.KG  olde.de wweight   erman Crotzane 95 4  Salz / Salt Eiweissotein dan a  e 
002645,2021-12-14,,2021-12-14,2021-12-14,2021-12-14,2021-12-14,2021-12-14,0,0,,0.0,
002647,2022-01-24,,2022-01-24,2022-01-24,2022-01-24,2022-01-24,2022-01-24,0,0,,0.0,
002648,2022-01-24,,2022-01-24,2022-01-24,2022-01-24,2022-01-24,2022-01-24,0,0,,0.0,
002649,2021-07-01,,2021-07-01,2021-07-01,2021-07-01,2021-07-01,2021-07-01,0,0,,0.0,
002650,2021-07-01,,NONE,NONE,NONE,NONE,NONE,0,0,,0.0,
002652,2021-08-18,,2021-08-18,2021-08-18,2021-08-18,2021-08-18,2021-08-18,0,0,,0.0,
002655,2021-03-25,,2021-03-20,2021-03-20,2021-03-20,2021-03-20,2021-03-20,0,0,,0.0,
002656,2021-03-25,,2021-03-25,2021-03-25,2021-03-25,2021-03-25,2021-03-25,0,0,,0.0,
002657,2021-07-01,,2021-07-01,2021-07-01,2021-07-01,2021-07-01,2021-07-01,0,1,,0.594,'DIETORELLE DURE 800-239185' → word:'ADNTRL  D 0023918' | mid:'ADN    0023918' | line:'80-239185'
002658,2021-07-01,,2021-07-01,2021-07-01,2021-07-01,2021-07-01,2021-07-01,0,2,,1.077,'A ASTIICA PER LAMBIENTE INCARTO Gelees 70ge Prleine  Corboldros Energia USTO ARANCOE AMONE di cul acis rai sfu di cui: zuccheri CARAMELLE DU CON EDULCORANTI INFORMAZIONI 955/2229 kical' → word:'SUA RATICA ACA PEREAORBIN NTE INCARTO Gelees ge  Prleine Carba  Energia  UTONEANCOEAMN Cdcul ac  s Carboid zucheri CARAMELLE DUME GUSTON EDUCORANT NUINFORMAZION N 2 o' | line:' a' ## '800-239185' → word:'C
002659,2022-06-11,,2022-06-11,2022-06-11,2022-06-11,2022-06-11,2022-06-11,0,1,,1.166,'250a 4 9914 031-947-8  787 4898:24738 CONAGRA BRANDS  I 167-23 4   mini' → word:'8 2 8 0031-888 70 18 A  8ORA NDS INC. 2 673     E mini' | mid:'7 2. 8 0031488 70 8 A   CONAGRA RANDS  NC. 22 673    E mini' | line:'h'
002660,2022-06-11,,2022-06-11,2022-06-11,2022-06-11,2022-06-11,2022-06-11,0,3,,0.829,'E  A2167-23' → word:'' | line:'' ## '08 24 2 X1 18308-2302' → word:' ' | line:' ' ## '2.154.08 8801 872 12 2008 WW' → word:'254508 80 72 1-2 2402   ' | line:'254508 80 72 1-2 2402   '
002661,2022-01-11,2,2022-01-11,2022-01-11,2022-01-11,2022-01-11,2022-01-11,0,0,,0.0,
002662,2022-01-11,2,2022-01-11,2022-01-11,2022-01-11,2022-01-11,2022-01-11,0,0,,0.0,
002663,2021-08-18,2,2021-08-18,2021-08-18,2021-08-18,2021-08-18,2021-08-18,0,0,,0.0,
002664,2021-08-18,2,2021-08-18,2021-08-18,2021-08-18,2021-08-18,2021-08-18,0,0,,0.0,
002667,2021-09-09,,2021-09-09,2021-09-09,2021-09-09,2021-09-09,2021-09-09,0,0,,0.0,
002668,2021-09-09,,2021-09-09,2021-09-09,2021-09-09,2021-09-09,2021-09-09,0,0,,0.0,
002669,2022-04-18,,2022-04-18,2022-04-18,2022-04-18,2022-04-18,2022-04-18,0,0,,0.0,
002670,2023-04-30,,2023-04-30,2023-04-30,2023-04-30,2023-04-30,2023-04-30,0,0,,0.0,
002671,2021-04-05,,2021-04-05,2021-04-05,2021-04-05,2021-04-05,2021-04-05,0,1,,2.493,'704007/4   C  4 11027021-846 080-739-8572  13 A8  40a  7110757  526790/ 7 OEISH www.spcsamlip.co.kr OCH ' → word:'  1       PY SCANN1 10 L 5 674 0  OE7  www.spcsamlip.co.kr  ' | mid:'        PY SCANMN 0 NA 5 674 0   1 www.spcsamlip.co.kr  ' | line:''
002673,2021-04-25,,2021-04-25,2021-04-25,2021-04-25,2021-04-25,2021-04-25,0,0,,0.0,
002674,2021-04-25,,2021-04-25,2021-04-25,2021-04-25,2021-04-25,2021-04-25,0,0,,0.0,
002675,2021-03-23,,2021-03-23,2021-03-23,2021-03-23,2021-03-23,2021-03-23,0,0,,0.0,
002676,2021-03-23,,2021-03-23,2021-03-23,2021-03-23,2021-03-23,2021-03-23,0,0,,0.0,
002677,2021-08-04,,2021-08-04,2021-08-04,2021-08-04,2021-08-04,2021-08-04,0,0,,0.0,
002678,2021-08-04,,2021-08-04,2021-08-04,2021-08-04,2021-08-04,2021-08-04,0,0,,0.0,
002679,2021-07-17,,2021-07-17,2021-07-17,2021-07-17,2021-07-17,2021-07-17,0,0,,0.0,
002680,2021-10-29,,2021-10-29,2021-10-29,2021-10-29,2021-10-29,2021-10-29,0,0,,0.0,
002681,2021-09-10,,2021-09-10,2021-09-10,2021-09-10,2021-09-10,2021-09-10,0,0,,0.001,
002682,2021-09-10,,2021-09-10,2021-09-10,2021-09-10,2021-09-10,2021-09-10,0,1,,0.881,'EE 8 FIEMOUNPCM 4884  72424 EA8 S N N    2 0-10t182-As NSA 0451934' → word:' P R    W  oA  0651034' | line:' '
002683,2021-12-03,,2021-12-03,2021-12-03,2021-12-03,2021-12-03,2021-12-03,0,1,,0.434,'CAL: 141/160' → word:'CAL  141/160' | mid:'CAL  141/160' | line:'CAL  141/160'
002684,2021-12-03,,2027-12-03,2027-12-03,2027-12-03,2027-12-03,2027-12-03,0,0,,0.0,
002685,2021-07-28,,2021-07-28,2021-07-28,2021-07-28,2021-07-28,2021-07-28,0,1,,0.243,'L.1509:44:41' → word:'11509 44 41' | mid:'11509 44 41' | line:'11509 44 41'
002686,2021-11-05,,2021-11-05,2021-11-05,2021-11-05,2021-11-05,2021-11-05,0,0,,0.0,
002687,NONE,,2021-02-02,2021-02-02,2021-02-02,2021-02-02,2021-02-02,0,0,,0.0,
002688,2021-06-11,,2021-06-11,2021-06-11,2021-06-11,2021-06-11,2021-06-11,0,0,,0.0,
002689,2021-03-15,,2021-03-15,2021-03-15,2021-03-15,2021-03-15,2021-03-15,0,1,,0.572,'10:48747' → word:'10 4' | mid:'10 4' | line:'10 4'
002690,NONE-03-11,,NONE-03-11,NONE-03-11,NONE-03-11,NONE-03-11,NONE-03-11,0,0,,0.0,
002691,2021-03-10,,2021-03-10,2021-03-10,2021-03-10,2021-03-10,2021-03-10,0,0,,0.0,
002693,2021-04-19,,2021-04-19,2021-04-19,2021-04-19,2021-04-19,2021-04-19,1,1,13.9,0.397,'202104.19 A' → word:'202104.19 A' | mid:'202104.19 A' | line:'202104.19 A'
002695,2022-01-14,,2022-01-14,2022-01-14,2022-01-14,2022-01-14,2022-01-14,0,0,,0.0,
002696,2021-07-23,,2021-07-23,2021-07-23,2021-07-23,2021-07-23,2021-07-23,0,0,,0.0,
002697,2021-06-06,,2021-06-06,2021-06-06,2021-06-06,2021-06-06,2021-06-06,0,0,,0.0,
002698,2021-11-29,,2021-11-29,2021-11-29,2021-11-29,2021-11-29,2021-11-29,0,0,,0.0,
002699,2021-08-23,,2021-08-23,2021-08-23,2021-08-23,2021-08-23,2021-08-23,0,0,,0.001,
002701,2022-12-16,,2022-12-16,2022-12-16,2022-12-16,2022-12-16,2022-12-16,0,2,,1.128,' 01577-2488' → word:'01577-2488' | mid:'5 01577-2488' | line:'01577-2488' ## ':080-277-0006' → word:'080-277-0006' | mid:'N 080-277-0006' | line:'080-277-0006'
002702,2022-12-16,,2022-12-16,2022-12-16,2022-12-16,2022-12-16,2022-12-16,0,0,,0.0,
002705,2021-12-07,,2021-12-07,2021-12-07,2021-12-07,2021-12-07,2021-12-07,0,0,,0.0,
002706,2021-12-07,,2021-12-07,2021-12-07,2021-12-07,2021-12-07,2021-12-07,0,0,,0.0,
002707,2022-01-20,d,NONE,NONE,NONE,NONE,NONE,0,1,,0.599,'00/00/00 171' → word:'00/00/00 171' | mid:'100/00/00 171' | line:'0/00/00'
002708,2020-01-22,,2021-08-06,2021-08-06,2021-08-06,2021-08-06,2021-08-06,0,0,,0.0,
002709,2021-10-28,,2021-10-28,2021-10-28,2021-10-28,2021-10-28,2021-10-28,0,0,,0.0,
002710,2021-10-28,,2021-10-28,2021-10-28,2021-10-28,2021-10-28,2021-10-28,0,0,,0.0,
002711,2022-01-11,,2022-01-11,2022-01-11,2022-01-11,2022-01-11,2022-01-11,0,0,,0.0,
002712,2022-01-11,,2022-01-11,2022-01-11,2022-01-11,2022-01-11,2022-01-11,0,0,,0.0,
002713,2021-10-22,,2021-12-12,2021-12-12,2021-12-12,2021-12-12,2021-12-12,0,0,,0.0,
002714,2021-10-22,?b,2021-12-12,2021-12-12,2021-12-12,2021-12-12,2021-12-12,0,0,,0.0,
002715,2021-12-15,,2021-12-15,2021-12-15,2021-12-15,2021-12-15,2021-12-15,0,0,,0.0,
002716,2021-12-15,,2021-12-15,2021-12-15,2021-12-15,2021-12-15,2021-12-15,0,0,,0.0,
002718,2022-02-23,,2022-02-23,2022-02-23,2022-02-23,2022-02-23,2022-02-23,0,0,,0.0,
002719,2026-01-09,,2026-01-09,2026-01-09,2026-01-09,2026-01-09,2026-01-09,0,0,,0.0,
002720,2026-01-09,,2026-01-09,2026-01-09,2026-01-09,2026-01-09,2026-01-09,0,0,,0.0,
002721,2022-12-30,,2022-12-30,2022-12-30,2022-12-30,2022-12-30,2022-12-30,0,0,,0.0,
002722,2022-12-30,,2022-12-30,2022-12-30,2022-12-30,2022-12-30,2022-12-30,0,0,,0.0,
002724,2019-12-20,,NONE,NONE,NONE,NONE,NONE,0,1,,0.434,'91854 82-0424-19 1253 BEST BEFORE 19/12120 B12' → word:'0174 8-02419 125-3 BEST BEFORE 111210 B12' | line:'  2'
002725,2021-10-28,,2021-10-28,2021-10-28,2021-10-28,2021-10-28,2021-10-28,0,0,,0.0,
002726,2017-03-22,,2017-03-22,2017-03-22,2017-03-22,2017-03-22,2017-03-22,0,0,,0.0,
002727,NONE,,2017-03-22,2017-03-22,2017-03-22,2017-03-22,2017-03-22,0,0,,0.001,
002728,2021-11-04,,2021-11-04,2021-11-04,2021-11-04,2021-11-04,2021-11-04,0,0,,0.0,
002729,2021-11-04,,2021-11-04,2021-11-04,2021-11-04,2021-11-04,2021-11-04,0,0,,0.0,
002730,2021-06-25,,2021-06-25,2021-06-25,2021-06-25,2021-06-25,2021-06-25,0,0,,0.0,
002731,2021-04-18,,2021-04-18,2021-04-18,2021-04-18,2021-04-18,2021-04-18,0,0,,0.0,
002732,2021-12-25,,2021-12-25,2021-12-25,2021-12-25,2021-12-25,2021-12-25,0,1,,0.561,'248402.404 9402.02435' → word:'' | mid:'20' | line:''
002733,2021-12-25,,2021-12-25,2021-12-25,2021-12-25,2021-12-25,2021-12-25,0,0,,0.0,
002734,2022-02-04,,2022-02-04,2022-02-04,2022-02-04,2022-02-04,2022-02-04,0,0,,0.0,
002735,2022-02-04,,2022-02-04,2022-02-04,2022-02-04,2022-02-04,2022-02-04,0,0,,0.0,
002736,2021-04-28,,2021-04-28,2021-04-28,2021-04-28,2021-04-28,2021-04-28,0,0,,0.0,
002737,2021-06-12,,NONE-12-06,NONE-12-06,NONE-12-06,NONE-12-06,NONE-12-06,0,1,,0.626,'0470-8625N  174113027 2- ' → word:'70-MMAC8' | mid:'0M ' | line:'70-MMAC8'
002739,2021-09-26,2,2021-09-26,2021-09-26,2021-09-26,2021-09-26,2021-09-26,0,1,,0.531,'88898.828058 48 8' → word:'' | mid:'0835' | line:''
002740,2021-12-18,,2021-12-18,2021-12-18,2021-12-18,2021-12-18,2021-12-18,0,0,,0.001,
002741,2021-12-18,,2021-12-18,2021-12-18,2021-12-18,2021-12-18,2021-12-18,0,0,,0.0,
002743,2021-08-13,,2021-08-13,2021-08-13,2021-08-13,2021-08-13,2021-08-13,0,0,,0.0,
002745,2024-04-06,,2024-04-06,2024-04-06,2024-04-06,2024-04-06,2024-04-06,0,0,,0.0,
002746,2022-01-08,,2022-01-08,2022-01-08,2022-01-08,2022-01-08,2022-01-08,0,0,,0.0,
002747,2022-01-08,,2022-01-08,2022-01-08,2022-01-08,2022-01-08,2022-01-08,0,0,,0.0,
002748,2022-11-12,,2022-11-12,2022-11-12,2022-11-12,2022-11-12,2022-11-12,1,1,4.14,0.572,'28C42-15112' → word:'C4112' | mid:'NC-112' | line:'C4112'
002749,2020-12-NONE,,2020-12-17,2020-12-17,2020-12-17,2020-12-17,2020-12-17,0,0,,0.0,
002750,2022-06-15,,2022-06-15,2022-06-15,2022-06-15,2022-06-15,2022-06-15,0,0,,0.0,
002751,2022-02-20,2,2022-02-20,2022-02-20,2022-02-20,2022-02-20,2022-02-20,0,0,,0.0,
002752,2022-01-NONE,,2022-01-NONE,2022-01-NONE,2022-01-NONE,2022-01-NONE,2022-01-NONE,0,0,,0.0,
002753,2022-01-NONE,,2022-01-NONE,2022-01-NONE,2022-01-NONE,2022-01-NONE,2022-01-NONE,0,0,,0.0,
002754,2021-05-29,,2021-05-29,2021-05-29,2021-05-29,2021-05-29,2021-05-29,0,1,,1.217,' A:0 :2 0 0  02 447-68607  010 179908' → word:'20 HO LE 20EE 0H274 02 447-6860 711 010 ' | mid:'20 HO LHE OHE 0H724 02 447-6860717 0C10 79' | line:' '
002755,2021-05-16,,2022-12-01,2022-12-01,2022-12-01,2022-12-01,2022-12-01,0,0,,0.0,
002756,2021-05-16,,2021-05-16,2021-05-16,2021-05-16,2021-05-16,2021-05-16,0,0,,0.0,
002757,2022-09-10,,2022-09-10,2022-09-10,2022-09-10,2022-09-10,2022-09-10,0,0,,0.0,
002758,2022-09-10,,2022-09-10,2022-09-10,2022-09-10,2022-09-10,2022-09-10,0,0,,0.0,
002759,2021-05-12,,2021-05-12,2021-05-12,2021-05-12,2021-05-12,2021-05-12,0,0,,0.0,
002760,2021-05-12,,2021-05-12,2021-05-12,2021-05-12,2021-05-12,2021-05-12,0,0,,0.0,
002761,2023-06-01,2,2023-06-01,2023-06-01,2023-06-01,2023-06-01,2023-06-01,0,0,,0.001,
002763,2021-11-06,,2021-11-06,2021-11-06,2021-11-06,2021-11-06,2021-11-06,0,0,,0.0,
002764,2021-11-06,,2021-11-06,2021-11-06,2021-11-06,2021-11-06,2021-11-06,0,0,,0.0,
002765,2021-03-16,,2021-03-16,2021-03-16,2021-03-16,2021-03-16,2021-03-16,0,1,,0.448,'BJ09172/01:06' → word:'BJ09172-01 06' | line:'BJ09172-01 06'
002766,2021-03-16,,NONE,NONE,NONE,NONE,NONE,0,1,,0.232,'15.97:21  06' → word:'35099722106' | line:'35099722106'
002767,2021-12-01,,2021-12-01,2021-12-01,2021-12-01,2021-12-01,2021-12-01,0,0,,0.0,
002768,2021-12-01,,2021-12-01,2021-12-01,2021-12-01,2021-12-01,2021-12-01,0,0,,0.0,
002769,2021-12-08,,2021-12-08,2021-12-08,2021-12-08,2021-12-08,2021-12-08,0,0,,0.0,
002770,2021-10-11,,2021-10-11,2021-10-11,2021-10-11,2021-10-11,2021-10-11,0,0,,0.0,
002771,2021-10-10,,2021-10-11,2021-10-11,2021-10-11,2021-07-01,2021-07-01,1,3,16.34,1.626,'2419  VBASHO 1882    C046  R.02-567-3471  W  0RE WR 4162 9640 Pa se 8  82  204 HISATOIE SDE IAE 4MR 1845 N04C D LHSE 190 g CE 3AH8810 PX M0  XA   CLAS S.P  OLICE  28' → word:'E19 HE DIA EH S BASHO ED 82   E20E E .02-567-3471  w  R 1 162 2640 P Se 408 22 H EOE SOE MAE N8 MR 1345 2a4C 0 48 LISE 190 9 VO AH8801 RPM L A  2  CLAS S.P STOLICE  88' | line:'T' ## 'A 48 2021.77' → word:'4048.9 2929' | lin
002772,2024-05-NONE,,2024-05-NONE,2024-05-NONE,2024-05-NONE,2024-05-NONE,2024-05-NONE,0,0,,0.0,
002773,2024-05-NONE,,2024-05-20,2024-05-20,2024-05-20,2024-05-20,2024-05-20,0,0,,0.0,
002774,2021-10-08,t,2021-10-08,2021-10-08,2021-10-08,2021-10-08,2021-10-08,0,1,,0.537,'7 488:200z  567   / ' → word:'7  2o  /' | line:''
002775,2021-10-08,,NONE,NONE,NONE,NONE,NONE,0,0,,0.0,
002776,2021-09-15,,2021-09-15,2021-09-15,2021-09-15,2021-09-15,2021-09-15,0,1,,0.433,'7.484:2402  SIEE ://' → word:'7. 8  240z  0   ' | line:'y'
002778,2021-10-02,,2021-10-02,2021-10-02,2021-10-02,2021-10-02,2021-10-02,0,0,,0.0,
002779,2021-10-02,,2021-10-02,2021-10-02,2021-10-02,2021-10-02,2021-10-02,0,1,,0.489,'S 8488 1759/1008300cal' → word:' ' | line:''
002780,2021-04-06,,2021-04-06,2021-04-06,2021-04-06,2021-04-06,2021-04-06,0,0,,0.001,
002781,2021-04-06,,2021-04-06,2021-04-06,2021-04-06,2021-04-06,2021-04-06,0,0,,0.0,
002782,2021-04-22,,2021-04-22,2021-04-22,2021-04-22,2021-04-22,2021-04-22,0,0,,0.001,
002784,2021-04-18,,NONE-11-01,NONE-11-01,NONE-11-01,NONE-11-01,NONE-11-01,0,0,,0.0,
002786,2022-06-22,2,2022-06-22,2022-06-22,2022-06-22,2022-06-22,2022-06-22,0,0,,0.0,
002787,2022-06-22,2,2022-06-22,2022-06-22,2022-06-22,2022-06-22,2022-06-22,0,0,,0.0,
002789,2021-04-03,,2021-04-03,2021-04-03,2021-04-03,2021-04-03,2021-04-03,0,1,,0.657,'Stiraind Fat Oy 44 6534.00 99474744510' → word:'Tos    444454. ' | line:''
002790,2021-12-06,,2021-12-06,2021-12-06,2021-12-06,2021-12-06,2021-12-06,0,0,,0.0,
002791,2021-12-06,,2021-12-06,2021-12-06,2021-12-06,2021-12-06,2021-12-06,0,0,,0.0,
002792,2023-04-28,,2023-04-28,2023-04-28,2023-04-28,2023-04-28,2023-04-28,0,0,,0.0,
002793,2022-10-05,,2022-10-05,2022-10-05,2022-10-05,2022-10-05,2022-10-05,0,0,,0.0,
002794,2022-10-05,,2022-10-05,2022-10-05,2022-10-05,2022-10-05,2022-10-05,0,0,,0.0,
002795,2021-03-18,,2021-03-18,2021-03-18,2021-03-18,2021-03-18,2021-03-18,0,0,,0.0,
002796,2021-03-18,,2021-03-18,2021-03-18,2021-03-18,2021-03-18,2021-03-18,0,0,,0.0,
002797,2021-04-28,,2021-04-29,2021-04-29,2021-04-29,2021-04-29,2021-04-29,0,0,,0.0,
002799,2021-12-27,2,2021-12-27,2021-12-27,2021-12-27,2021-12-27,2021-12-27,1,1,5.38,0.816,'011 . 1/L/ 713t OTE 2021. 12:2216:35  x1  E/' → word:'r012 S 0 71t  2020. 123412.25354 7x1  E1' | mid:'101 S 0 71t  B 2020  1233512.2.541 7x1   E' | line:'OM  '
002801,2021-09-29,,2021-09-29,2021-09-29,2021-09-29,2021-09-29,2021-09-29,0,0,,0.0,
002803,2021-04-19,,2021-04-19,2021-04-19,2021-04-19,2021-04-19,2021-04-19,0,0,,0.0,
002804,2021-04-19,,2021-04-19,2021-04-19,2021-04-19,2021-04-19,2021-04-19,0,0,,0.0,
002806,2023-01-13,,2023-01-13,2023-01-13,2023-01-13,2023-01-13,2023-01-13,0,0,,0.001,
002807,2021-12-29,,2021-12-29,2021-12-29,2021-12-29,2021-12-29,2021-12-29,0,0,,0.0,
002808,2021-12-29,,2021-12-22,2021-12-22,2021-12-22,2021-12-22,2021-12-22,0,0,,0.0,
002809,2023-01-20,,2023-01-20,2023-01-20,2023-01-20,2023-01-20,2023-01-20,0,0,,0.0,
002810,2023-01-20,,2023-01-20,2023-01-20,2023-01-20,2023-01-20,2023-01-20,0,0,,0.0,
002811,2023-01-13,,2023-01-13,2023-01-13,2023-01-13,2023-01-13,2023-01-13,0,1,,2.092,'   03894 1 .01 07   2 457 LHEH EXHE LHS  8.85.5.889 A970 20030606088145 878 540 g  18 g 30 E  2102   0 7A25012589A 48O8 1' → word:'   o258 1  1   017   74 LHH EIXHE9 LHSS XIl P. CH5 27 832 N7 20030606088145    540 83 2102   7A5018589x A 1' | mid:'   0. 1 1   07    72 LHH IXHE9 LHSS XIl P. CH7 2F.882 97 20030606088145 g   E 540 83 21012   7Al50185x A 1' | line:''
002812,2023-01-13,,2023-01-13,2023-01-13,2023-01-13,2023-01-13,2023-01-13,0,1,,1.477,'     082189989 LHX 1  203401 087 0A   REURENN 88N706 8X9 L88 19 291A18 X94 P8.04.8888 74025018589 540 0  18 g 30   8210929 8878 988 20030006088145  0  MA MSAIAE MECHA S MMNN I 1 AA 4888' → word:'o  wmaaelw      H 1431034   20MA  T8 RsceeNe SNU  L8a X9 91A182 X089 98.08808 m4835018589 540Q  18 gx30 A  10 888780  2003060608145  PAA AE2 MEA 4  4888' | line:'E'
002815,2021-06-28,2,2021-06-28,2021-06-28,2021-06-28,2021-06-28,2021-06-28,0,0,,0.0,
002817,2022-01-04,,2022-01-04,2022-01-04,2022-01-04,2022-01-04,2022-01-04,0,2,,0.764,'  00-96-77' → word:' 0067' | mid:' 8061' | line:'' ## 'HOASS 634 14719.95' → word:'EAE ' | mid:'EA32E45  ' | line:''
002818,2022-12-01,,2022-12-01,2022-12-01,2022-12-01,2022-12-01,2022-12-01,0,1,,0.578,'TER PICKLES 8948 499 484289:7954' → word:'HER PICKLES 9 ' | mid:'HER PICKLES  7' | line:'LEPOLES  '
002819,2022-12-01,,2022-12-01,2022-12-01,2022-12-01,2022-12-01,2022-12-01,0,0,,0.0,
002820,2021-11-19,,2021-11-19,2021-11-19,2021-11-19,2021-11-19,2021-11-19,0,0,,0.0,
002821,2021-11-19,,2021-11-19,2021-11-19,2021-11-19,2021-11-19,2021-11-19,0,0,,0.0,
002822,2021-10-07,,2021-10-07,2021-10-07,2021-10-07,2021-10-07,2021-10-07,0,0,,0.0,
002823,2021-10-07,,2021-10-07,2021-10-07,2021-10-07,2021-10-07,2021-10-07,0,0,,0.0,
002824,2022-11-08,,2022-11-08,2022-11-08,2022-11-08,2022-11-08,2022-11-08,0,0,,0.0,
002827,2021-07-03,,NONE,NONE,NONE,NONE,NONE,0,0,,0.0,
002828,2022-01-02,,2022-01-02,2022-01-02,2022-01-02,2022-01-02,2022-01-02,0,0,,0.0,
002829,2022-01-02,,2022-01-02,2022-01-02,2022-01-02,2022-01-02,2022-01-02,0,0,,0.0,
002830,2022-05-21,,2022-05-21,2022-05-21,2022-05-21,2022-05-21,2022-05-21,0,1,,0.48,'COU TAR A AN DOTED LINE 11:16:4504' → word:'OUS TARAAD OTED INE4 RA11 16 4504' | mid:'OUS TAR  AD OTED IE4 RA11 16 45 14' | line:'OULSTAR AD DOT '
002831,2022-05-21,,NONE-05-21,NONE-05-21,NONE-05-21,NONE-05-21,NONE-05-21,0,0,,0.0,
002832,2021-08-30,,2021-08-30,2021-08-30,2021-08-30,2021-08-30,2021-08-30,1,1,4.81,0.568,'202108.30' → word:'2021.08.30' | mid:'2021.08.30' | line:'2021.08.30'
002833,2021-08-30,,2021-08-30,2021-08-30,2021-08-30,2021-08-30,2021-08-30,0,0,,0.0,
002835,2021-06-30,,2021-06-30,2021-06-30,2021-06-30,2021-06-30,2021-06-30,0,0,,0.0,
002836,2021-08-01,,2021-08-01,2021-08-01,2021-08-01,2021-08-01,2021-08-01,0,0,,0.0,
002837,2022-08-02,,2022-08-02,2022-08-02,2022-08-02,2022-08-02,2022-08-02,0,0,,0.0,
002839,2021-05-24,,2021-05-24,2021-05-24,2021-05-24,2021-05-24,2021-05-24,0,0,,0.0,
002841,2023-09-22,,2023-09-22,2023-09-22,2023-09-22,2023-09-22,2023-09-22,0,0,,0.0,
002842,2023-09-22,,2023-09-22,2023-09-22,2023-09-22,2023-09-22,2023-09-22,0,0,,0.0,
002843,2023-06-NONE,,2023-06-NONE,2023-06-NONE,2023-06-NONE,2023-06-NONE,2023-06-NONE,0,0,,0.0,
002844,2023-06-NONE,,2023-06-NONE,2023-06-NONE,2023-06-NONE,2023-06-NONE,2023-06-NONE,0,0,,0.0,
002845,2020-03-09,,2020-03-09,2020-03-09,2020-03-09,2020-03-09,2020-03-09,0,1,,0.509,'CNTCSPSF:2514/2012/YTHCM-CNTC' → word:'CNTCSP S 2514/2012/YTHCM-CNTC' | mid:'CNTCSP S2514/2012/YTHCM-CNTC' | line:'CNTCSP S 2514/2012/YTHCM-CNTC'
002846,2020-03-09,,2020-03-09,2020-03-09,2020-03-09,2020-03-09,2020-03-09,0,0,,0.0,
002847,2021-12-30,,2021-12-30,2021-12-30,2021-12-30,2021-12-30,2021-12-30,0,0,,0.001,
002849,2021-08-15,,2021-08-15,2021-08-15,2021-08-15,2021-08-15,2021-08-15,0,0,,0.0,
002850,2021-08-15,,2021-08-15,2021-08-15,2021-08-15,2021-08-15,2021-08-15,0,0,,0.0,
002851,2021-08-02,,2021-08-02,2021-08-02,2021-08-02,2021-08-02,2021-08-02,0,0,,0.0,
002852,2021-08-02,,2021-08-02,2021-08-02,2021-08-02,2021-08-02,2021-08-02,0,0,,0.0,
002853,2021-08-11,,2021-08-11,2021-08-11,2021-08-11,2021-08-11,2021-08-11,0,2,,0.523,'0059/08/2 18:5' → word:'0058/2  18 5' | line:'0059/08/218 58' ## 'B 331.  339   450.1452 .CY' → word:'140' | line:'140'
002854,2021-08-11,,2021-08-11,2022-08-01,2021-08-11,2021-08-11,2022-08-01,0,1,,0.491,'E0X591108.2021 005582  1858 22' → word:'00591108.20021 00588  218158 22' | line:' 1 08.2022'
002855,2022-09-13,,2022-09-13,2022-09-13,2022-09-13,2022-09-13,2022-09-13,0,2,,4.493,'www.tea-korea kr Item No. 913962 7   A H218 2H X1 10H X fa Oa A 0H78 004 13    2 01800-9750 20140347201498 100   202 2  HIBISCUS  2x   30g  20E  x 1.5g ' → word:'www.tea-korea.krItem No. 913962  o  a  DAH  A a   218   rac      rac   H X11    frac    2H0  251   201800-5 01039 1  12014  H  SCU 2E 30g 0E 4 15 ' | mid:'www.tea-korea.krItem No. 913962  o   DA A   rac   218    rac 2      rac    110H X1
002856,2022-09-13,,2022-09-13,2022-09-13,2022-09-13,2022-09-13,2022-09-13,0,0,,0.0,
002857,2023-06-02,,2023-06-02,2023-06-02,2023-06-02,2023-06-02,2023-06-02,0,0,,0.0,
002859,2022-06-15,,2022-06-15,2022-06-15,2022-06-15,2022-06-15,2022-06-15,0,0,,0.0,
002860,2022-06-15,,2022-06-15,2022-06-15,2022-06-15,2022-06-15,2022-06-15,0,0,,0.0,
002861,2021-03-25,,2021-03-25,2021-03-25,2021-03-25,2021-03-25,2021-03-25,0,0,,0.0,
002862,2021-08-30,,2021-08-30,2021-08-30,2021-08-30,2021-08-30,2021-08-30,0,0,,0.001,
002863,2021-08-30,,NONE,NONE,NONE,NONE,NONE,0,1,,0.497,'DBV iglialaj 90143-4 DL' → word:'m B.V el 90743 NL' | line:'h '
002864,2023-03-02,,2023-03-02,2023-03-02,2023-03-02,2023-03-02,2023-03-02,0,0,,0.0,
002866,2022-02-28,d,2028-02-02,2028-02-02,2028-02-02,2028-02-02,2028-02-02,0,0,,0.0,
002868,2021-08-04,,2021-08-04,2021-08-04,2021-08-04,2021-08-04,2021-08-04,0,1,,1.987,'1.18     4  19.7 g  5ca   2     102300-5678 N926 N9263 O S 3a  ong  08  0 OF L E 16g LE Z  E 2 1700 mg MALA NOODLE S 6   2000 mg ' → word:'.8  1  197g 55ka R E 2   ER 02380-5678 N26 A N26 A      8  U   1  E 1 0f 1700 mg MALA NOODLES 561  8  200 mg V' | mid:'.8  1  19.7g 5a   2  ME 02380-5678 N  N26      n8        E  0f 1700 mg MALA NOODLE S 561  8  200  V' | line:'L'
002869,2021-08-04,,2021-08-04,2021-08-04,2021-08-04,2021-08-04,2021-08-04,0,1,,1.014,'1318  140 189.7g  55ka LLEPEOED 2E 2021.08.0 BA N926 Raa   5 B ong o 08 BIBNNEOR HORE LEBUN 800 Se  5565  LES BO RB 3 4 39 E 1700 mg MALA NOODLE 1600 C48AND 1800 S 355 kcal' → word:'1 14 197g 5a HIDELRETIIS 2 2021.08.04  N N926 fa2   4 5 N O LEB T 800    E265  1LE  3 4 53 E 1700 mg 6 MALA NOODLE 1600 Tf AN 1800 C 355ca' | line:'C'
002870,2021-02-25,,2021-02-25,2021-02-25,2021-02-25,2021-02-25,2021-02-25,0,0,,0.0,
002871,2021-02-25,,2021-02-25,2021-02-25,2021-02-25,2021-02-25,2021-02-25,0,0,,0.0,
002872,2021-04-07,,2021-04-07,2021-04-07,2021-04-07,2021-04-07,2021-04-07,0,0,,0.0,
002874,2021-04-11,,2021-04-11,2021-04-11,2021-04-11,2021-04-11,2021-04-11,0,1,,1.007,'M   E  37 0 10COAME 4745-24 PEYZFAE 871 EHE 2005005001 27/2' → word:'H f  /7  10A 0 745-24 O 71 020 F7717' | mid:' f  8  100L 0745-24 O 71 205002200 F7717' | line:''
002876,2022-12-04,,2022-12-04,2022-12-04,2022-12-04,2022-12-04,2022-12-04,0,0,,0.0,
002877,2022-12-04,,2022-12-04,2022-12-04,2022-12-04,2022-12-04,2022-12-04,0,0,,0.0,
002879,2021-06-21,,2021-06-21,2021-06-21,2021-06-21,2021-06-21,2021-06-21,0,0,,0.0,
002880,2021-04-13,2,2021-04-13,2021-04-13,2021-04-13,2021-04-13,2021-04-13,0,1,,0.915,'FOFX OTEO 71t 2021..13 2020.10.14/09:25 X/  E' → word:'OF O 71t 21.04.39 2020.10.14/09 25 77X1  E/' | mid:'OF O 71t 021.04.13/3 OE020.10.14/09 25 77X1  E1' | line:'015'
002881,2021-04-13,2,2021-04-13,2021-04-13,2021-04-13,2021-04-13,2021-04-13,0,0,,0.0,
002882,2023-12-08,,2023-12-08,2023-12-08,2023-12-08,2023-12-08,2023-12-08,0,0,,0.0,
002883,2023-12-08,,2023-12-08,2023-12-08,2023-12-08,2023-12-08,2023-12-08,0,0,,0.0,
002884,2022-07-20,,2022-07-20,2022-07-20,2022-07-20,2022-07-20,2022-07-20,0,0,,0.0,
002885,2022-07-20,b,2022-07-20,2022-07-20,2022-07-20,2022-07-20,2022-07-20,0,0,,0.0,
002886,2022-01-04,,2022-01-04,2022-01-04,2022-01-04,2022-01-04,2022-01-04,0,0,,0.0,
002888,2021-07-15,,2021-07-15,2021-07-15,2021-07-15,2021-07-15,2021-07-15,0,0,,0.0,
002889,2021-07-15,,2021-07-15,2021-07-15,2021-07-15,2021-07-15,2021-07-15,0,0,,0.0,
002890,2021-11-11,,2021-11-11,2021-11-11,2021-11-11,2021-11-11,2021-11-11,0,0,,0.0,
002891,2021-11-11,,2021-11-11,2021-11-11,2021-11-11,2021-11-11,2021-11-11,0,0,,0.0,
002892,2021-03-31,,2021-03-31,2021-03-31,2021-03-31,2021-03-31,2021-03-31,0,0,,0.0,
002894,2024-02-13,,2024-02-13,2024-02-13,2024-02-13,2024-02-13,2024-02-13,0,1,,0.503,'158212-4' → word:' 4512-4' | mid:' H124' | line:' 4512-4'
002895,2024-02-13,,2024-02-13,2024-02-13,2024-02-13,2024-02-13,2024-02-13,1,0,2.07,0.0,
002896,2021-07-20,,2021-07-20,2021-07-20,2021-07-20,2021-07-20,2021-07-20,0,0,,0.0,
002897,2021-07-20,,2021-07-20,2021-07-20,2021-07-20,2021-07-20,2021-07-20,0,0,,0.0,
002898,2021-11-09,,2021-11-09,2021-11-09,2021-11-09,2021-11-09,2021-11-09,0,0,,0.0,
002899,2021-11-09,,2021-11-09,2021-11-09,2021-11-09,2021-11-09,2021-11-09,0,0,,0.0,
002900,2022-08-03,,2022-08-03,2022-08-03,2022-08-03,2022-08-03,2022-08-03,0,0,,0.0,
002901,2022-08-03,,2022-08-03,2022-08-03,2022-08-03,2022-08-03,2022-08-03,0,0,,0.0,
002902,2020-07-22,,2020-07-22,2020-07-22,2020-07-22,2020-07-22,2020-07-22,0,0,,0.0,
002903,2020-07-22,,2020-07-02,2020-07-02,2020-07-02,2020-07-02,2020-07-02,0,0,,0.0,
002904,2023-03-NONE,,NONE,NONE,NONE,NONE,NONE,0,0,,0.0,
002905,2021-05-19,,2021-05-19,2021-05-19,2021-05-19,2021-05-19,2021-05-19,0,0,,0.0,
002906,2021-05-19,,2021-05-19,2021-05-19,2021-05-19,2021-05-19,2021-05-19,0,0,,0.0,
002907,2021-10-30,2,2021-10-30,2021-10-30,2021-10-30,2021-10-30,2021-10-30,0,0,,0.0,
002908,2021-10-30,,2021-10-30,2021-10-30,2021-10-30,2021-10-30,2021-10-30,0,0,,0.0,
002909,2021-07-21,,2021-07-21,2021-07-21,2021-07-21,2021-07-21,2021-07-21,0,0,,0.0,
002910,2021-07-21,,2021-07-21,2021-07-21,2021-07-21,2021-07-21,2021-07-21,0,0,,0.0,
002911,2021-06-30,,2021-06-30,2021-06-30,2021-06-30,2021-06-30,2021-06-30,0,0,,0.0,
002912,2021-06-30,d,2021-06-30,2021-06-30,2021-06-30,2021-06-30,2021-06-30,0,0,,0.0,
002913,2020-11-18,,2020-11-18,2020-11-18,2020-11-18,2020-11-18,2020-11-18,0,1,,0.471,'0 2  20   7:08651001 04' → word:'O   52101  07.0610 0' | mid:'H HE  0  97 06 10 0' | line:' '
002914,2020-11-18,,2020-11-18,2020-11-18,2020-11-18,2020-11-18,2020-11-18,0,0,,0.0,
002915,2022-09-15,,2022-09-15,2022-09-15,2022-09-15,2022-09-15,2022-09-15,0,0,,0.0,
002917,2021-04-30,,2021-04-30,2021-04-30,2021-04-30,2021-04-30,2021-04-30,0,1,,2.056,'175gE CH 2371 487780805877 58888.3C882M282   BX O20/RISO GALLOS.A M2329  78 M8A 4712  02M33U28.248 H 287U44 888308438.8 98095 830804895. 988420.1 0.01 3  9428 2 12 19532744 X 0g' → word:'175g CH 2371 4 184 201 001A   R A.     o  x  3  . 2483  1    1 P      E2HX0 ' | mid:'175g CH 371 45 184 Sx H201  0.1.A    A.     o      o x 8 4. 2284830  2001   mx11 P   1    2HAX0 ' | line:''
002918,2021-04-30,,2030-04-02,2030-04-02,2030-04-02,2030-04-02,2030-04-02,0,0,,0.0,
002919,2021-09-11,,2021-09-11,2021-09-11,2021-09-11,2021-09-11,2021-09-11,0,0,,0.0,
002920,2021-09-11,,2021-09-11,2021-09-11,2021-09-11,2021-09-11,2021-09-11,0,0,,0.0,
002921,2021-09-12,,2021-09-12,2021-09-12,2021-09-12,2021-09-12,2021-09-12,0,0,,0.0,
002923,2021-06-13,,2021-06-13,2021-06-13,2021-06-13,2021-06-13,2021-06-13,0,0,,0.0,
002924,2021-06-13,,2021-06-13,2021-06-13,2021-06-13,2021-06-13,2021-06-13,0,0,,0.0,
002925,2021-11-06,,2021-11-06,2021-11-06,2021-11-06,2021-11-06,2021-11-06,0,1,,0.378,'080-024-2311X' → word:'080-024-31' | line:'080-024-31'
002928,NONE-04-08,,2024-08-20,2024-08-20,2024-08-20,2024-08-20,2024-08-20,0,0,,0.0,
002929,2022-09-27,,2022-09-27,2022-09-27,2022-09-27,2022-09-27,2022-09-27,0,0,,0.0,
002932,2022-02-01,,2022-02-01,2022-02-01,2022-02-01,2022-02-01,2022-02-01,0,1,,0.782,'98gE: B4 70 H2Y 14 8L884100g 88.1848' → word:'  I1 1  L8 100g ' | mid:'8 4 2I4 20   L8100  4X4' | line:''
002933,2022-02-01,,2022-02-01,2022-02-01,2022-02-01,2022-02-01,2022-02-01,0,0,,0.0,
002934,2022-02-02,,2022-02-02,2022-02-02,2022-02-02,2022-02-02,2022-02-02,0,0,,0.0,
002935,2022-02-02,,2022-02-02,2022-02-02,2022-02-02,2022-02-02,2022-02-02,0,0,,0.0,
002936,2021-11-11,,2021-11-11,2021-11-11,2021-11-11,2021-11-11,2021-11-11,0,0,,0.0,
002937,2021-11-11,,2021-11-11,2021-11-11,2021-11-11,2021-11-11,2021-11-11,0,0,,0.0,
002938,2021-10-NONE,,2021-10-NONE,2021-10-NONE,2021-10-NONE,2021-10-NONE,2021-10-NONE,0,0,,0.0,
002939,2022-07-29,,2022-07-29,2022-07-29,2022-07-29,2022-07-29,2022-07-29,0,0,,0.0,
002940,2022-07-29,,2029-07-02,2029-07-02,2029-07-02,2029-07-02,2029-07-02,0,0,,0.0,
002941,2021-07-05,,2021-07-05,2021-07-05,2021-07-05,2021-07-05,2021-07-05,0,0,,0.0,
002942,2021-07-05,,2021-07-05,2021-07-05,2021-07-05,2021-07-05,2021-07-05,0,0,,0.0,
002943,2020-06-23,,2020-06-23,2020-06-23,2020-06-23,2020-06-23,2020-06-23,0,0,,0.0,
002944,2020-06-23,,2020-06-23,2020-06-23,2020-06-23,2020-06-23,2020-06-23,0,0,,0.0,
002945,2023-08-27,,2023-08-27,2023-08-27,2023-08-27,2023-08-27,2023-08-27,0,0,,0.0,
002946,2021-09-25,,2021-09-25,2021-09-25,2021-09-25,2021-09-25,2021-09-25,0,0,,0.0,
002948,2021-08-12,,2021-08-12,2021-08-12,2021-08-12,2021-08-12,2021-08-12,0,0,,0.0,
002949,2021-08-12,,2021-08-12,2021-08-12,2021-08-12,2021-08-12,2021-08-12,0,0,,0.0,
002950,2021-04-30,,2021-04-30,2021-04-30,2021-04-30,2021-04-30,2021-04-30,0,0,,0.0,
002951,2021-04-30,,2021-04-30,2021-04-30,2021-04-30,2021-04-30,2021-04-30,0,0,,0.0,
002952,2021-11-03,,2021-11-03,2021-11-03,2021-11-03,2021-11-03,2021-11-03,0,0,,0.0,
002953,2020-05-28,,2020-05-28,2020-05-28,2020-05-28,2020-05-28,2020-05-28,0,0,,0.0,
002956,NONE,m,2021-01-02,2021-01-02,2021-01-02,2021-01-02,2021-01-02,0,0,,0.0,
002957,NONE,m,2021-01-02,2021-01-02,2021-01-02,2021-01-02,2021-01-02,0,0,,0.0,
002958,2022-07-27,,2022-07-27,2022-07-27,2022-07-27,2022-07-27,2022-07-27,0,0,,0.0,
002959,2022-07-27,,2022-07-27,2022-07-27,2022-07-27,2022-07-27,2022-07-27,0,0,,0.0,
002960,2021-10-08,,2021-10-08,2021-10-08,2021-10-08,2021-10-08,2021-10-08,0,4,,1.268,'080-850-1200 R 16665471 www.c.co.kr 24 ' → word:'080-850-1200 R 166-541  www.cico.kr IHHEME  ' | mid:'080-850-1200 R 166-54 1  www.ci.co.k 1ME ' | line:'' ## 'MENI 1744 080-850-1200  1666-5471  CA' → word:' IHMSAE 080-850-1200 01 166541 2  ' | mid:'RE 6E 080-850-1200 01 1665412 ' | line:'' ## 'ONN www.cj.co.kr - 080-850-1200' → word:' www..co.k C 080-850-200' | mid:'e www..co.k L 080-850-1200' | 
002961,2021-11-21,,2021-11-21,2021-11-21,2021-11-21,2021-11-21,2021-11-21,1,1,6.28,0.354,'202111.21' → word:'2021.11.21' | mid:'2021.11.21' | line:'2021.11.21'
002962,NONE,,2020-03-13,2020-03-13,2020-03-13,2020-03-13,2020-03-13,0,1,,0.335,'080700-8383  ' → word:'080-038' | line:'080-038'
002963,2020-11-06,,2020-11-06,2020-11-06,2020-11-06,2020-11-06,2020-11-06,0,0,,0.0,
002965,2022-09-03,,2022-09-03,2022-09-03,2022-09-03,2022-09-03,2022-09-03,0,0,,0.0,
002966,2021-09-03,,2021-09-03,2021-09-03,2021-09-03,2021-09-03,2021-09-03,0,0,,0.001,
002967,2021-09-03,,2021-09-03,2021-09-03,2021-09-03,2021-09-03,2021-09-03,0,0,,0.0,
002968,2021-05-28,,2021-05-28,2021-05-28,2021-05-28,2021-05-28,2021-05-28,0,0,,0.0,
002969,2021-07-07,,2021-07-07,2021-07-07,2021-07-07,2021-07-07,2021-07-07,0,0,,0.0,
002971,2022-11-14,,2022-11-14,2022-11-14,2022-11-14,2022-11-14,2022-11-14,0,0,,0.0,
002972,2022-03-20,,2022-03-20,2022-03-20,2022-03-20,2022-03-20,2022-03-20,0,0,,0.0,
002973,2022-03-20,,2022-03-20,2022-03-20,2022-03-20,2022-03-20,2022-03-20,0,0,,0.0,
002974,2022-03-15,2,2022-03-15,2022-03-15,2022-03-15,2022-03-15,2022-03-15,0,0,,0.0,
002975,2022-03-15,2,2022-03-15,2022-03-15,2022-03-15,2022-03-15,2022-03-15,0,0,,0.0,
002976,2020-05-12,,2020-05-12,2020-05-12,2020-05-12,2020-05-12,2020-05-12,1,0,1.46,0.0,
002977,2020-05-12,,2020-12-05,2020-12-05,2020-12-05,2020-12-05,2020-12-05,0,1,,0.206,' 648 234:371' → word:' 2' | line:''
002978,2020-07-20,,2020-07-20,2020-07-20,2020-07-20,2020-07-20,2020-07-20,0,1,,0.18,'20.07.207X MC F' → word:'20.07.201XM C FT' | line:'20.07.201XM C FT'
002979,2020-07-20,,2020-07-20,2020-07-20,2020-07-20,2020-07-20,2020-07-20,0,1,,0.202,'20.67.20 XBC F' → word:'20.87.20 MBC F1' | line:'20.07.200XC'
002980,2021-12-17,,2021-12-17,2021-12-17,2021-12-17,2021-12-17,2021-12-17,0,0,,0.0,
002981,2021-12-17,,2021-12-17,2021-12-17,2021-12-17,2021-12-17,2021-12-17,0,0,,0.0,
002982,2021-09-14,,2021-09-14,2021-09-14,2021-09-14,2021-09-14,2021-09-14,0,0,,0.0,
002983,2021-09-14,,2021-09-14,2021-09-14,2021-09-14,2021-09-14,2021-09-14,0,0,,0.0,
002984,2021-05-01,,2021-05-01,2021-05-01,2021-05-01,2021-05-01,2021-05-01,0,0,,0.0,
002985,2021-05-01,,2021-05-01,2021-05-01,2021-05-01,2021-05-01,2021-05-01,0,0,,0.0,
002986,2022-04-01,,2022-04-01,2022-04-01,2022-04-01,2022-04-01,2022-04-01,0,0,,0.0,
002987,2022-04-01,,2022-04-01,2022-04-01,2022-04-01,2022-04-01,2022-04-01,0,0,,0.0,
002988,2021-07-20,,2021-07-20,2021-07-20,2021-07-20,2021-07-20,2021-07-20,0,0,,0.0,
002989,2021-07-20,,2024-07-20,2024-07-20,2024-07-20,2024-07-20,2024-07-20,0,1,,0.511,'14 1/12345 -5mh0001' → word:'1 /2345 -57001' | line:'2'
002990,2021-03-20,,2021-09-05,2021-09-05,2021-09-05,2021-09-05,2021-09-05,0,0,,0.0,
002992,2021-02-21,,2021-02-21,2021-02-21,2021-02-21,2021-02-21,2021-02-21,0,1,,1.04,'98y8 45996  24  2844948  2744.2  20A4E8.349457 2949044484844139 4889787444 24 4424212492 306.1-9498:88420-100' → word:'  6    24 49 9N N 3-06210' | mid:'  6  4 6 294 44Z39 4 202 3-06282010 ' | line:''
002993,2021-11-22,,2021-11-22,2021-11-22,2021-11-22,2021-11-22,2021-11-22,0,0,,0.0,
002994,2022-07-13,,2022-07-13,2022-07-13,2022-07-13,2022-07-13,2022-07-13,0,0,,0.0,
002995,2022-07-13,,2022-07-13,2022-07-13,2022-07-13,2022-07-13,2022-07-13,0,0,,0.0,
002996,2022-10-15,,2022-10-15,2022-10-15,2022-10-15,2022-10-15,2022-10-15,0,1,,0.54,'024-231AX    1399 .  ' → word:' 0231      ' | mid:'2 00201      ' | line:''
002998,2021-10-07,,2021-10-07,2021-10-07,2021-10-07,2021-10-07,2021-10-07,0,0,,0.0,
002999,2021-10-07,,2021-10-07,2021-10-07,2021-10-07,2021-10-07,2021-10-07,0,0,,0.0,
003000,2021-10-12,,2021-10-12,2021-10-12,2021-10-12,2021-10-12,2021-10-12,0,0,,0.0,
003001,2021-12-05,,2021-12-05,2021-12-05,2021-12-05,2021-12-05,2021-12-05,0,0,,0.0,
003002,2022-06-18,,2022-06-18,2022-06-18,2022-06-18,2022-06-18,2022-06-18,0,0,,0.0,
003003,2022-11-26,,2022-11-26,2022-11-26,2022-11-26,2022-11-26,2022-11-26,0,0,,0.0,
003004,2023-05-NONE,,2023-05-NONE,2023-05-NONE,2023-05-NONE,2023-05-NONE,2023-05-NONE,0,0,,0.0,
003005,2023-05-NONE,,2023-05-NONE,2023-05-NONE,2023-05-NONE,2023-05-NONE,2023-05-NONE,0,0,,0.0,
003006,2022-05-26,,2022-05-26,2022-05-26,2022-05-26,2022-05-26,2022-05-26,0,0,,0.0,
003007,2021-11-30,,2021-11-30,2021-11-30,2021-11-30,2021-11-30,2021-11-30,0,0,,0.0,
003008,2021-10-05,,2021-10-05,2021-10-05,2021-10-05,2021-10-05,2021-10-05,0,1,,0.87,'MAENIVA  100/1600/600 YOLPyRS' → word:'EENA  100/00/10  as' | mid:'NE  0001 as.' | line:'EX'
003009,2021-10-05,,2021-10-05,2021-10-05,2021-10-05,2021-10-05,2021-10-05,0,0,,0.0,
003012,2024-01-29,,2024-01-29,2024-01-29,2024-01-29,2024-01-29,2024-01-29,0,0,,0.0,
003013,2024-01-29,,2024-01-29,2024-01-29,2024-01-29,2024-01-29,2024-01-29,0,0,,0.0,
003014,2021-06-12,,NONE,NONE,NONE,NONE,NONE,0,2,,0.875,'1UM POWER y CiNnaMen FLaX 13:44W13017 BEST BEFORE 021 JUN' → word:'MUM POWER2 y CiNnaMen FLax 13 44W13017 BEST BEFORE  2021 JUN' | line:'UM POWER' ## 'y CiNnaMen FLax 13:44W13017' → word:'y CiNnaMen FLax 13 44WN13017' | line:'yCiNnaMen FLax1 44 13017'
003015,2022-07-01,,2022-07-NONE,2022-07-NONE,2022-07-NONE,2022-07-NONE,2022-07-NONE,0,1,,0.2,'080-215-9S00' → word:'080-215-9S00' | mid:'080-245-9800' | line:'080-215-9S00'
003016,2022-07-01,,2022-07-NONE,2022-07-NONE,2022-07-NONE,2022-07-NONE,2022-07-NONE,0,0,,0.0,
003017,2022-02-23,,2022-02-23,2022-02-23,2022-02-23,2022-02-23,2022-02-23,0,0,,0.0,
003018,2023-01-04,,2023-01-04,2023-01-04,2023-01-04,2023-01-04,2023-01-04,0,0,,0.0,
003020,2021-03-23,,2021-03-23,2021-03-23,2021-03-23,2021-03-23,2021-03-23,0,1,,0.333,'080-589-3224 AE O ' → word:'0-22 4 HE. OTER ' | line:'823'
003021,2021-03-23,,2021-03-02,2021-03-02,2021-03-02,2021-03-02,2021-03-02,0,0,,0.0,
003022,2021-11-01,,2021-11-01,2021-11-01,2021-11-01,2021-11-01,2021-11-01,0,0,,0.0,
003024,2021-09-13,,2021-09-13,2021-09-13,2021-09-13,2021-09-13,2021-09-13,0,1,,0.194,'L257XW--02:22' → word:'2.57xW-02 22' | mid:'2.57XW-02 22' | line:'2.57xW-02 22'
003025,2021-09-13,,2021-09-13,2021-09-13,2021-09-13,2021-09-13,2021-09-13,0,0,,0.0,
003026,2021-04-10,,2021-04-10,2021-04-10,2021-04-10,2021-04-10,2021-04-10,0,2,,1.219,'184:560g H8797X H7 a 228X0 IXEAU  o 884U99847199' → word:'HB560 U i07 o1  A 0   HXTHH  O A  ' | mid:'HS560 U oo7 o1  A 0  HXHH  O A  ' | line:'  ' ## '21.04.1071x1' → word:'21.04.107  ' | mid:'21.04.107  ' | line:'21.04.107  '
003027,2021-09-28,,2021-09-28,2021-09-28,2021-09-28,2021-09-28,2021-09-28,0,0,,0.0,
003028,2021-09-28,,2021-09-28,2021-09-28,2021-09-28,2021-09-28,2021-09-28,0,0,,0.0,
003029,2021-11-02,,2021-11-02,2021-11-02,2021-11-02,2021-11-02,2021-11-02,0,1,,0.673,'L 484488 4859.5.  01095-4022' → word:' taelw 11 ' | mid:' cYaentaYellowb 101 ' | line:''
003030,2021-11-02,,2021-11-02,2021-11-02,2021-11-02,2021-11-02,2021-11-02,0,0,,0.0,
003031,2020-07-14,,2020-07-14,2020-07-14,2020-07-14,2020-07-14,2020-07-14,0,0,,0.0,
003032,2021-04-12,,2021-04-12,2021-04-12,2021-04-12,2021-04-12,2021-04-12,0,0,,0.001,
003033,2022-11-21,,2022-11-21,2022-11-21,2022-11-21,2022-11-21,2022-11-21,0,0,,0.0,
003034,2022-11-21,,2022-11-21,2022-11-21,2022-11-21,2022-11-21,2022-11-21,0,0,,0.0,
003036,2022-08-28,,2022-03-28,2022-03-28,2022-03-28,2022-03-28,2022-03-28,0,0,,0.0,
003037,2021-02-18,,2021-02-18,2021-02-18,2021-02-18,2021-02-18,2021-02-18,0,0,,0.0,
003038,2021-02-18,,2021-02-18,2021-02-18,2021-02-18,2021-02-18,2021-02-18,0,0,,0.0,
003039,2021-03-01,,2021-03-01,2021-03-01,2021-03-01,2021-03-01,2021-03-01,0,0,,0.0,
003040,2021-03-01,,2021-03-01,2021-03-01,2021-03-01,2021-03-01,2021-03-01,0,0,,0.0,
003041,2022-01-17,,2022-01-17,2022-01-17,2022-01-17,2022-01-17,2022-01-17,0,1,,0.451,'2 CarcpeliFirernze S.A Vi . D Vinc  31.50028 Finanze  Ity Tovanell  Vvul di Pes de leo' → word:'20 PorkelFienzesSA. oriFen 31.5028 Fiene  oly Vov. el d pes ddeleo' | line:'t '
003043,2020-07-13,,2020-07-13,2020-07-13,2020-07-13,2020-07-13,2020-07-13,1,3,6.06,2.741,'3  6649:1560 88.0 -9808 -2 88804.659 37879 349.2   582 63078 150   299 14.2 27194719 C11944078300196 2.A. MMM. E0T. .MM.   LHO  360g 360g 90   940. 900-8 R5 80488 6940905900736' → word:'A 6 160 HR5.8  -A 04.6 3787  349.2582 6307 150  2.8 14.2.3 T114078300196 E  . LH  3 . 360g  309 444 69536' | mid:'HA M 6 160 .83 N0 - 04.6 378   349.2 582 6307 150  2.823 14.223 T19407830196 . 3. LHO  3 . 360g 09 
003044,2022-05-02,,2022-05-02,2022-05-02,2022-05-02,2022-05-02,2022-05-02,0,1,,1.601,'7 2     4 M202 40399  0  5  TEL.055534-0119   BBOE 40 2 142 8AL BAMBOE  SOTO DAGING 4 Nutrition Facts Serving Size 10 g Serving per pack about 4 Amount Per Serving Calories from Fat 5 Total Fat 0.5g Saturated Fat Omg 1 ' → word:'TEL 53401757       M201 019 XA2 5  E 05.34-01  0  2 AT  HA O DAIN   Nutrition Facts Nutr Stze 0 a Serving gie kabou Amount Per Serving Calories from Fat 5 Total Fat 0.5g 
003045,2022-05-02,,2022-05-02,2022-05-02,2022-05-02,2022-05-02,2022-05-02,0,0,,0.0,
003046,2021-10-20,,2021-10-20,2021-10-20,2021-10-20,2021-10-20,2021-10-20,0,1,,0.721,'15.08.7 829750 34  16-08320139 4' → word:'  AI   A' | mid:'  A  9 A' | line:''
003047,2021-04-07,,2021-04-07,2021-04-07,2021-04-07,2021-04-07,2021-04-07,0,0,,0.0,
003048,2021-04-07,,2021-04-07,2021-04-07,2021-04-07,2021-04-07,2021-04-07,0,0,,0.0,
003049,2021-02-16,,2021-02-16,2021-02-16,2021-02-16,2021-02-16,2021-02-16,0,0,,0.0,
003051,2020-12-19,,2020-12-19,2020-12-19,2020-12-19,2020-12-19,2020-12-19,0,0,,0.0,
003052,2020-12-19,,2020-12-19,2020-12-19,2020-12-19,2020-12-19,2020-12-19,0,0,,0.0,
003053,2021-10-28,,2021-10-28,2021-10-28,2021-10-28,2021-10-28,2021-10-28,0,0,,0.001,
003054,2021-10-28,,2021-10-28,2021-10-28,2021-10-28,2021-10-28,2021-10-28,0,0,,0.001,
003055,2021-03-06,,2021-03-06,2021-03-06,2021-03-06,2021-03-06,2021-03-06,0,1,,1.505,'8701  40    20250  EG525 080-85-5525 4 LC4  225 LiE460 m E  4888 19 X18 28 x E2H-X 8 09 13 4817 370k' → word:'    4   20 ua16525085-5525  Lc   225m 8LE    8888 18 X18 28g  EOg  13 87 370' | mid:'    0 20 ua16525350855-525  LC.  225 8E    8488 19 X18 289 4. EH O  13 87 370K' | line:''
003056,2021-03-06,,2021-03-06,2021-03-06,2021-03-06,2021-03-06,2021-03-06,0,1,,1.1,'0 8 282 5870  ..8  0 2/98.01.88.250 E46525 080-855-5525 F1:20070355264-461 F3:2015035522-97 2L/C 28424 4 21 X14 28g LIE460 mg E1421209 oOg 42x4.89 EX  09 813g 225 mg 19880 8LH881' → word:' 88 2258 .  2998 019.88.9250413 E465525080-855-5525 cYan1 25546el9l g24c1 9324 4 211 x19 28g L60  20  8  0  EAx O 1 225 mg 1988 L8817' | line:''
003057,2022-02-19,,2022-02-19,2022-02-19,2022-02-19,2022-02-19,2022-02-19,0,0,,0.0,
003058,2022-02-19,,2022-02-19,2022-02-19,2022-02-19,2022-02-19,2022-02-19,0,0,,0.0,
003059,2021-10-04,,2021-10-04,2021-10-04,2021-10-04,2021-10-04,2021-10-04,0,0,,0.0,
003061,2022-03-05,2,2022-03-05,2022-03-05,2022-03-05,2022-03-05,2022-03-05,1,1,2.09,0.359,'1202103.06' → word:'12202103.06' | mid:'1202103.06' | line:'12202103.06'
003063,2021-10-18,,2021-10-18,2021-10-18,2021-10-18,2021-10-18,2021-10-18,0,0,,0.0,
003064,2021-10-18,,2021-10-18,2021-10-18,2021-10-18,2021-10-18,2021-10-18,1,0,1.53,0.0,
003065,NONE,,2021-11-12,2021-11-12,2021-11-12,2021-11-12,2021-11-12,0,0,,0.0,
003066,2021-11-12,,2021-11-12,2021-11-12,2021-11-12,2021-11-12,2021-11-12,0,0,,0.0,
003067,2021-06-15,,2021-06-15,2021-06-15,2021-06-15,2021-06-15,2021-06-15,0,0,,0.0,
003068,2021-06-15,,2021-06-15,2021-06-15,2021-06-15,2021-06-15,2021-06-15,0,0,,0.0,
003069,2020-08-09,2,2020-08-09,2020-08-09,2020-08-09,2020-08-09,2020-08-09,0,0,,0.0,
003071,2021-08-19,,2021-08-19,2021-08-19,2021-08-19,2021-08-19,2021-08-19,0,1,,0.719,'10-1855891000 EHS E ZAIAIOI AIH OF 8Ar 470 mg 71g LH8U 129 g  560 kcal 31  24 ' → word:'a0- 19008591-00 Ea H   A O T 470 mg 718 4 1298 XC S L0 al 31. 6 24 ' | line:''
003073,2021-08-25,,2021-08-25,2021-08-25,2021-08-25,2021-08-25,2021-08-25,0,0,,0.0,
003074,2021-08-25,,2021-08-25,2021-08-25,2021-08-25,2021-08-25,2021-08-25,0,0,,0.0,
003075,2021-01-16,,2021-01-16,2021-01-16,2021-01-16,2021-01-16,2021-01-16,0,1,,1.674,'UH8  E  AHI       S   191 112 N 21019PE /15 155-1515' → word:'18 E     AEA  1        111 E  2101EP /1 557.5' | mid:'18 ON       1        11 181 E 201P 1 5157.' | line:''
003076,2021-01-16,,2021-01-16,2021-01-16,2021-01-16,2021-01-16,2021-01-16,0,0,,0.0,
003077,2021-12-13,,2021-12-13,2021-12-13,2021-12-13,2021-12-13,2021-12-13,0,0,,0.0,
003078,2021-12-13,,2021-12-13,2021-12-13,2021-12-13,2021-12-13,2021-12-13,0,0,,0.0,
003080,2021-11-01,,2021-11-01,2021-11-01,2021-11-01,2021-11-01,2021-11-01,0,0,,0.0,
003081,2021-12-02,2,2021-12-02,2021-12-02,2021-12-02,2021-12-02,2021-12-02,0,0,,0.0,
003082,2021-12-02,2,2021-12-02,2021-12-02,2021-12-02,2021-12-02,2021-12-02,0,0,,0.0,
003083,2021-12-02,,2021-12-02,2021-12-02,2021-12-02,2021-12-02,2021-12-02,0,0,,0.0,
003084,2021-12-02,,2021-12-02,2021-12-02,2021-12-02,2021-12-02,2021-12-02,0,0,,0.0,
003085,2021-06-27,,2021-06-27,2021-06-27,2021-06-27,2021-06-27,2021-06-27,0,0,,0.0,
003086,2021-06-27,,2021-06-27,2021-06-27,2021-06-27,2021-06-27,2021-06-27,0,0,,0.0,
003087,2021-06-30,,2021-06-30,2021-06-30,2021-06-30,2021-06-30,2021-06-30,0,0,,0.0,
003089,2021-09-15,,2021-09-15,2021-09-15,2021-09-15,2021-09-15,2021-09-15,0,1,,2.537,'/02-3841-5678 3MNDUTZ O0  LHFO 72272701974 0  7430 PELC 40 199 ZZEL 497   00H    78 3  3  2 OTHER E2j0 :PP 80 9   628 19  358 35  2852  0.28 120  60mg 20  68 11   0   2 000 kal0   OOH 100 g 525 kcal LH 150 g' → word:'1.102-381-578 YEMNDTIE  LHF 10 27   H247120 EC  4 2  78                  OTHER E20PP 458 1808 9  E1 62 19  35 35  x20        ER0 PH1C OOF 100525 0al LH810 g' | line:' '
003090,2021-09-15,,2021-09-15,2021-09-15,2021-09-15,2021-09-15,2021-09-15,0,1,,0.894,' ME07 4F  102-81-5678  EN7 ZAL4N O ZL 019 H9  OTHER E240  PP HoO OO   4 Y   5 002  100 g 25 kcal' → word:' EA  F 102-1-5678   ENA       E OTHER P     HE R     H    L 100 5 kcal' | line:' '
003091,2021-09-17,,2021-09-17,2021-09-17,2021-09-17,2021-09-17,2021-09-17,0,1,,0.151,'17-09-202' → word:'17-09-2021' | line:'17-09-2021'
003092,2021-09-17,,2021-09-17,2021-09-17,2021-09-17,2021-09-17,2021-09-17,0,1,,1.13,'RRRK Ra Coont Choolate Bar 100 g8 E428 HEL 259  a20 mg 2y   200 BU 240 mg 10 45 kcal 17-09-202 12 17   50    46  127       A   A M No Brando M00000' → word:'AT O  cont Choocolate ar 10  0 g8 4  A4 25   20  4      240 mg 1o  a 17-09-2021 2   17    150  546  127   H     P  No Brand 20000' | line:'3'
003093,2023-01-03,,2023-01-03,2023-01-03,2023-01-03,2023-01-03,2023-01-03,0,0,,0.0,
003094,2023-01-03,,2023-01-03,2023-01-03,2023-01-03,2023-01-03,2023-01-03,1,0,2.2,0.0,
003095,2022-10-12,,2022-10-12,2022-10-12,2022-10-12,2022-10-12,2022-10-12,0,0,,0.0,
003096,2022-10-12,,2022-10-12,2022-10-12,2022-10-12,2022-10-12,2022-10-12,0,0,,0.0,
003097,2021-04-12,,2021-04-12,2021-04-12,2021-04-12,2021-04-12,2021-04-12,0,0,,0.0,
003098,2021-04-12,,2021-04-12,2021-04-12,2021-04-12,2021-04-12,2021-04-12,0,0,,0.0,
003099,2022-08-07,,2022-08-07,2022-08-07,2022-08-07,2022-08-07,2022-08-07,0,1,,0.238,'H 52200808-01' → word:'A   52200808-01' | line:' 52200808-01'
003100,2022-11-21,,2022-11-21,2022-11-21,2022-11-21,2022-11-21,2022-11-21,0,1,,0.419,'209785-8' → word:'209785-8' | line:'209785-8'
003101,2022-11-21,,2022-11-21,2022-11-21,2022-11-21,2022-11-21,2022-11-21,0,0,,0.0,
003102,2022-03-29,,2022-03-29,2022-03-29,2022-03-29,2022-03-29,2022-03-29,0,0,,0.0,
003103,2022-03-29,,2022-03-29,2022-03-29,2022-03-29,2022-03-29,2022-03-29,0,0,,0.0,
003104,2023-12-06,,2023-12-06,2023-12-06,2023-12-06,2023-12-06,2023-12-06,0,0,,0.0,
003105,2023-12-06,,2023-12-06,2023-12-06,2023-12-06,2023-12-06,2023-12-06,0,0,,0.0,
003106,2021-01-11,,2021-01-11,2021-01-11,2021-01-11,2021-01-11,2021-01-11,0,0,,0.0,
003107,2021-01-11,,2021-01-11,2021-01-11,2021-01-11,2021-01-11,2021-01-11,0,0,,0.0,
003108,2022-07-16,,2022-07-16,2022-07-16,2022-07-16,2022-07-16,2022-07-16,0,0,,0.0,
003109,2022-07-16,,2022-07-16,2022-07-16,2022-07-16,2022-07-16,2022-07-16,0,0,,0.0,
003110,2021-06-09,,2021-06-09,2021-06-09,2021-06-09,2021-06-09,2021-06-09,0,0,,0.0,
003111,2021-06-09,,NONE,NONE,NONE,NONE,NONE,0,0,,0.0,
003112,2021-03-28,,2021-03-28,2021-03-28,2021-03-28,2021-03-28,2021-03-28,0,0,,0.0,
003113,2021-03-28,,2022-10-28,2022-10-28,2022-10-28,2022-10-28,2022-10-28,0,1,,0.357,'71: 2022.0.284 1 2996' → word:'1 221028 m 0996' | line:' 2'
003114,2021-09-25,,2021-09-25,2021-09-25,2021-09-25,2021-09-25,2021-09-25,0,0,,0.0,
003117,2021-12-29,,2021-12-29,2021-12-29,2021-12-29,2021-12-29,2021-12-29,0,1,,0.221,'  E SNT 0 800347002-521' → word:'   S  800347002-521' | line:''
003118,2021-07-10,,2021-07-10,2021-07-10,2021-07-10,2021-07-10,2021-07-10,0,0,,0.0,
003119,2021-07-10,,2021-07-10,2021-07-10,2021-07-10,2021-07-10,2021-07-10,1,1,6.39,0.141,'202107.10' → word:'2021.7.0' | line:'2021.7.0'
003120,2021-09-30,,2021-09-30,2021-09-30,2021-09-30,2021-09-30,2021-09-30,0,0,,0.0,
003121,2021-09-30,,2021-09-30,2021-09-30,2021-09-30,2021-09-30,2021-09-30,0,0,,0.0,
003122,2021-09-15,,2021-09-15,2021-09-15,2021-09-15,2021-09-15,2021-09-15,0,1,,0.631,'PROD EXP 15:05:202 2020 033-119005778 0002 6500' → word:'PEDD ERP 15 052020 .2020 033-119 005778 000 6500' | mid:'PROD ERE P 15 05 2020 .2020 033-119 005778 0002 6500' | line:'PEAR 13 8886500'
003124,2021-03-07,,2021-03-07,2021-03-07,2021-03-07,2021-03-07,2021-03-07,0,0,,0.0,
003125,2021-03-07,,2021-03-07,2021-03-07,2021-03-07,2021-03-07,2021-03-07,0,0,,0.0,
003126,2021-02-16,,2021-02-16,2021-02-16,2021-02-16,2021-02-16,2021-02-16,0,0,,0.0,
003127,2021-02-16,,2021-02-16,2021-02-16,2021-02-16,2021-02-16,2021-02-16,0,0,,0.0,
003128,2022-08-25,,2022-08-25,2022-08-25,2022-08-25,2022-08-25,2022-08-25,0,0,,0.0,
003129,2022-08-25,,2022-08-25,2022-08-25,2022-08-25,2022-08-25,2022-08-25,0,0,,0.0,
003130,2022-03-30,,2022-03-30,2022-03-30,2022-03-30,2022-03-30,2022-03-30,0,1,,0.444,'TEL 0551963-7107 FAX 0551963-7106' → word:'TEL 05563-7107FAX 05563-7106' | mid:'T055-0 05' | line:'TEL 05563-7107FAX 05563-7106'
003131,2022-03-30,,2022-03-30,2022-03-30,2022-03-30,2022-03-30,2022-03-30,0,0,,0.0,
003132,2021-05-22,,2021-05-22,2021-05-22,2021-05-22,2021-05-22,2021-05-22,0,0,,0.0,
003133,2021-05-22,,2021-05-22,2021-05-22,2021-05-22,2021-05-22,2021-05-22,0,0,,0.0,
003134,2021-10-14,,2021-10-14,2021-10-14,2021-10-14,2021-10-14,2021-10-14,0,1,,0.261,'2402 2049-2000' → word:'12402049000' | line:'12402049000'
003135,2021-10-14,,2021-10-14,2021-10-14,2021-10-14,2021-10-14,2021-10-14,0,0,,0.0,
003136,2022-11-09,,2022-11-09,2022-11-09,2022-11-09,2022-11-09,2022-11-09,0,0,,0.0,
003137,2022-11-09,,2022-11-09,2022-11-09,2022-11-09,2022-11-09,2022-11-09,0,0,,0.0,
003139,2022-01-09,,2022-01-09,2022-01-09,2022-01-09,2022-01-09,2022-01-09,0,0,,0.0,
003140,2021-07-12,2,2021-07-12,2021-07-12,2021-07-12,2021-07-12,2021-07-12,0,0,,0.0,
003141,2021-07-12,2,2021-07-12,2021-07-12,2021-07-12,2021-07-12,2021-07-12,0,0,,0.0,
003142,2021-12-11,2,2021-12-11,2021-12-11,2021-12-11,2021-12-11,2021-12-11,0,0,,0.0,
003143,2021-12-11,2,2021-12-11,2021-12-11,2021-12-11,2021-12-11,2021-12-11,0,0,,0.0,
003144,2022-01-11,,2022-01-11,2022-01-11,2022-01-11,2022-01-11,2022-01-11,0,0,,0.0,
003145,2022-01-11,,2022-01-11,2022-01-11,2022-01-11,2022-01-11,2022-01-11,0,0,,0.0,
003146,2021-04-22,,2021-04-22,2021-04-22,2021-04-22,2021-04-22,2021-04-22,0,0,,0.0,
003147,2021-04-22,,2021-04-22,2021-04-22,2021-04-22,2021-04-22,2021-04-22,0,0,,0.0,
003148,2022-01-14,,2022-01-14,2022-01-14,2022-01-14,2022-01-14,2022-01-14,0,0,,0.0,
003149,2022-01-14,,2022-01-14,2022-01-14,2022-01-14,2022-01-14,2022-01-14,0,1,,0.427,'N  4  8204702 76  031943-0451 ' → word:'D M  24 76 03193045' | line:'IE'
003151,2021-12-10,,2021-12-10,2021-12-10,2021-12-10,2021-12-10,2021-12-10,0,0,,0.0,
003152,2021-06-30,,2021-06-30,2021-06-30,2021-06-30,2021-06-30,2021-06-30,0,0,,0.0,
003153,2021-06-30,,2021-06-30,2021-06-30,2021-06-30,2021-06-30,2021-06-30,0,0,,0.0,
003154,2021-07-11,,2021-07-11,2021-07-11,2021-07-11,2021-07-11,2021-07-11,0,0,,0.0,
003155,2021-07-11,,2021-07-11,2021-07-11,2021-07-11,2021-07-11,2021-07-11,0,0,,0.0,
003156,2021-10-26,,2021-10-26,2021-10-26,2021-10-26,2021-10-26,2021-10-26,0,0,,0.0,
003157,2021-10-26,,2021-10-26,2021-10-26,2021-10-26,2021-10-26,2021-10-26,0,0,,0.0,
003158,2021-04-25,,2021-04-25,2021-04-25,2021-04-25,2021-04-25,2021-04-25,0,0,,0.0,
003159,2020-04-23,,2020-04-23,2020-04-23,2020-04-23,2020-04-23,2020-04-23,0,1,,0.198,'080-967' → word:'080-967' | mid:'080967' | line:'080-967'
003160,2021-06-13,,2021-06-13,2021-06-13,2021-06-13,2021-06-13,2021-06-13,0,0,,0.0,
003161,2021-10-NONE,,NONE,NONE,NONE,NONE,NONE,0,0,,0.0,
003162,2021-09-20,,2021-09-20,2021-09-20,2021-09-20,2021-09-20,2021-09-20,0,0,,0.0,
003163,2021-02-16,,2020-11-17,2020-11-17,2020-11-17,2020-11-17,2020-11-17,0,0,,0.0,
003164,2021-02-09,,2021-02-09,2021-02-09,2021-02-09,2021-02-09,2021-02-09,0,0,,0.0,
003165,2021-09-17,,NONE,NONE,NONE,NONE,NONE,0,2,,1.479,'AA 29.6  0 71 I210 0E0/8665kcal ELOE' → word:'ABA 2109.6 10HT7 121011 OE/665 al O' | mid:'ABA 29.6 107 12101 65 a O' | line:'' ## '96 11 01/8665' → word:'211029.6 1077 OE/665 a' | mid:'21029.6 1077 OE01/8665 al' | line:'729.6  10  71771/86605l '
003166,2021-07-NONE,,2021-07-NONE,2021-07-NONE,2021-07-NONE,2021-07-NONE,2021-07-NONE,0,0,,0.0,
003167,2021-10-10,,2021-10-10,2021-10-10,2021-10-10,2021-10-10,2021-10-10,0,0,,0.0,
003168,2021-09-18,,2021-09-18,2021-09-18,2021-09-18,2021-09-18,2021-09-18,0,0,,0.0,
003169,2018-04-21,,2018-04-21,2018-04-21,2018-04-21,2018-04-21,2018-04-21,0,1,,0.317,'M1/259/294' → word:'M1/ 259/2943' | mid:'M1/ 259/294' | line:'M1/ 259/2943'
003170,2021-04-20,d,2020-04-21,2020-04-21,2020-04-21,2020-04-21,2020-04-21,0,1,,0.2,'268/296L4A' → word:'268/296 L4 A' | mid:'268/296 L4 A' | line:'268/296 L4 A'
003172,2021-06-20,d,2020-06-21,2020-06-21,2020-06-21,2020-06-21,2020-06-21,0,0,,0.0,
003173,2022-05-NONE,,2022-05-NONE,2022-05-NONE,2022-05-NONE,2022-05-NONE,2022-05-NONE,0,0,,0.0,
003175,2021-03-18,,2021-03-18,2021-03-18,2021-03-18,2021-03-18,2021-03-18,0,0,,0.0,
003176,2021-04-30,,2021-04-30,2021-04-30,2021-04-30,2021-04-30,2021-04-30,0,0,,0.0,
003177,2021-03-25,,2021-03-25,2021-03-25,2021-03-25,2021-03-25,2021-03-25,0,0,,0.0,
003178,2021-03-25,,2021-03-25,2021-03-25,2021-03-25,2021-03-25,2021-03-25,0,0,,0.0,
003179,2021-07-08,,2021-07-08,2021-07-08,2021-07-08,2021-07-08,2021-07-08,0,0,,0.0,
003180,2021-07-08,,2021-07-08,2021-07-08,2021-07-08,2021-07-08,2021-07-08,0,0,,0.0,
003181,2021-06-14,,2021-06-14,2021-06-14,2021-06-14,2021-06-14,2021-06-14,0,0,,0.0,
003183,2021-03-26,,2021-03-26,2021-03-26,2021-03-26,2021-03-26,2021-03-26,0,0,,0.0,
003184,2021-06-28,,2021-06-28,2021-06-28,2021-06-28,2021-06-28,2021-06-28,0,0,,0.0,
003185,2021-06-28,,2020-06-28,2020-06-28,2020-06-28,2020-06-28,2020-06-28,0,0,,0.0,
003186,2021-10-21,2,2021-10-21,2021-10-21,2021-10-21,2021-10-21,2021-10-21,0,0,,0.0,
003187,2022-01-17,,2022-01-17,2022-01-17,2022-01-17,2022-01-17,2022-01-17,0,0,,0.0,
003188,2022-01-17,,2022-01-17,2022-01-17,2022-01-17,2022-01-17,2022-01-17,0,0,,0.0,
003189,2022-08-16,,2022-08-16,2022-08-16,2022-08-16,2022-08-16,2022-08-16,0,0,,0.0,
003191,2021-11-19,2,2021-11-19,2021-11-19,2021-11-19,2021-11-19,2021-11-19,0,0,,0.0,
003192,2021-11-19,2,2021-11-19,2021-11-19,2021-11-19,2021-11-19,2021-11-19,0,0,,0.0,
003193,2021-07-13,,2021-07-13,2021-07-13,2021-07-13,2021-07-13,2021-07-13,0,1,,0.441,'987121 21.07.137x  A17:12' → word:'  21.07.137x  A17 12' | mid:'O 21.07.137x A17 12' | line:'21.07.1377A17 2'
003194,2021-07-13,,2021-07-13,2021-07-13,2021-07-13,2021-07-13,2021-07-13,0,1,,0.208,'29710 21.07.1371A17:12' → word:'8811 2107.13 A172' | line:'2107.1371A172'
003195,2021-12-13,,2021-12-13,2021-12-13,2021-12-13,2021-12-13,2021-12-13,0,1,,0.251,'c  2 196 1031943-051' → word:'   1   0193-451' | line:''
003196,2022-11-05,,2022-11-05,2022-11-05,2022-11-05,2022-11-05,2022-11-05,0,0,,0.0,
003198,2025-10-12,,2025-10-12,2025-10-12,2025-10-12,2025-10-12,2025-10-12,0,0,,0.0,
003199,2025-10-12,,2025-10-12,2025-10-12,2025-10-12,2025-10-12,2025-10-12,0,0,,0.0,
003200,2022-09-21,,2022-09-21,2022-09-21,2022-09-21,2022-09-21,2022-09-21,0,0,,0.0,
003201,2022-09-21,,2022-09-21,2022-09-21,2022-09-21,2022-09-21,2022-09-21,0,0,,0.0,
003202,2021-10-NONE,,2021-10-NONE,2021-10-NONE,2021-10-NONE,2021-10-NONE,2021-10-NONE,0,0,,0.0,
003203,2021-10-NONE,,2021-10-NONE,2021-10-NONE,2021-10-NONE,2021-10-NONE,2021-10-NONE,0,0,,0.0,
003205,2023-06-26,,2023-06-26,2023-06-26,2023-06-26,2023-06-26,2023-06-26,1,0,1.16,0.0,
003206,2021-04-13,,2021-04-13,2021-04-13,2021-04-13,2021-04-13,2021-04-13,0,0,,0.0,
003207,2021-07-20,,2021-07-20,2021-07-20,2021-07-20,2021-07-20,2021-07-20,0,0,,0.0,
003208,2021-07-20,,2021-07-20,2021-07-20,2021-07-20,2021-07-20,2021-07-20,0,0,,0.0,
003209,2022-12-02,,2022-12-02,2022-12-02,2022-12-02,2022-12-02,2022-12-02,0,3,,2.643,' UC. 10 CA7 E 205 g EHN 15 g  0 OF LE15 mg X 2.5g O ECHA O  x 0 U Og 080-996-7777  LH250g 0 kcal 63   27   1  0  0   T.1.2    O   0 8  934 ' → word:' AL 1  E0 E  15    1LE 15  X .525  O ET Og P 080-996-77 LH 2250 g o00 kcal 63  27  1  0  0    L H    8 94' | mid:' A 1  E 15    1LE 15  XI .5   O ET Og P  080-96-77 LH 250 g og00 kcal 63  27  1  0  0    NL H     ' | line:'2' ## 'HOF LE 15 mg E 205 g 
003210,2022-12-02,,2022-12-02,2022-12-02,2022-12-02,2022-12-02,2022-12-02,0,0,,0.0,
003211,2021-08-11,,2021-08-11,2021-08-11,2021-08-11,2021-08-11,2021-08-11,0,0,,0.0,
003212,2022-08-25,,2022-08-25,2022-08-25,2022-08-25,2022-08-25,2022-08-25,0,0,,0.0,
003213,2024-01-12,,2024-01-12,2024-01-12,2024-01-12,2024-01-12,2024-01-12,0,0,,0.0,
003214,2024-01-12,,NONE,NONE,NONE,NONE,NONE,0,0,,0.0,
003215,2022-10-13,,2022-10-13,2022-10-13,2022-10-13,2022-10-13,2022-10-13,0,0,,0.0,
003216,2022-01-15,,2022-01-15,2022-01-15,2022-01-15,2022-01-15,2022-01-15,0,0,,0.0,
003217,2022-01-15,,2022-01-15,2022-01-15,2022-01-15,2022-01-15,2022-01-15,0,1,,0.372,'L641221 FAX604-4412235' → word:'A' | line:'A'
003218,2021-03-16,,2021-03-16,2021-03-16,2021-03-16,2021-03-16,2021-03-16,0,0,,0.0,
003219,2021-03-16,,2021-03-16,2021-03-16,2021-03-16,2021-03-16,2021-03-16,0,1,,1.7,'20 19202 000k LE200mg 10  x  Og 100199218 W.7.9898 L8W:300g  98:1 604kcal  8429:9714 48 29.89.189 9.14 6. EA: SA FRANZELUTA 8249.9:2X4  X89:9308918 5X16:R9.14 BR  20.28999 42.044 98   AA 326 61 0 24 18  5039 14g 9396 LE Omg 0  300g Imperia Fods EE M3.W848N2 .18981049 2.a .08U2EM:P8 2OA 7HM  24 E482224 PIS BA' → word:'    19902000 L58 200mg 10  g4x1 Og 01   97.8808 uSW 300g   d9 1 604kcal  2459 71
003220,2021-09-13,,2021-09-13,2021-09-13,2021-09-13,2021-09-13,2021-09-13,0,0,,0.0,
003221,2021-03-08,2,2021-03-05,2021-03-05,2021-03-05,2021-03-05,2021-03-05,0,0,,0.001,
003222,2022-06-14,,2022-06-14,2022-06-14,2022-06-14,2022-06-14,2022-06-14,0,0,,0.0,
003223,2022-06-14,,2022-06-14,2022-06-14,2022-06-14,2022-06-14,2022-06-14,0,0,,0.0,
003224,2021-08-21,,2021-09-01,2021-09-01,2021-09-01,2021-09-01,2021-09-01,0,0,,0.0,
003225,2021-08-21,2,2021-08-21,2021-08-21,2021-08-21,2021-08-21,2021-08-21,0,0,,0.0,
003227,2022-01-29,,2022-01-29,2022-01-29,2022-01-29,2022-01-29,2022-01-29,0,0,,0.0,
003228,2022-04-26,2,2022-04-24,2022-04-24,2022-04-24,2022-04-24,2022-04-24,0,0,,0.0,
003229,2022-07-NONE,,2022-07-NONE,2022-07-NONE,2022-07-NONE,2022-07-NONE,2022-07-NONE,0,0,,0.0,
003230,2022-03-28,,NONE,NONE,NONE,NONE,NONE,0,1,,0.317,'8-022229272' → word:'8-022229272' | mid:'28-03252229272' | line:'8-022229272'
003231,2021-04-04,,2021-04-04,2021-04-04,2021-04-04,2021-04-04,2021-04-04,0,0,,0.0,
003232,2021-09-21,,2021-09-21,2021-09-21,2021-09-21,2021-09-21,2021-09-21,0,0,,0.0,
003233,2021-09-21,,2021-09-21,2021-09-21,2021-09-21,2021-09-21,2021-09-21,0,0,,0.0,
003235,2022-11-NONE,,2022-11-NONE,2022-11-NONE,2022-11-NONE,2022-11-NONE,2022-11-NONE,0,0,,0.0,
003236,2021-03-30,,2021-03-30,2021-03-30,2021-03-30,2021-03-30,2021-03-30,0,0,,0.0,
003237,2021-03-30,,2021-03-30,2021-03-30,2021-03-30,2021-03-30,2021-03-30,0,0,,0.0,
003239,2021-11-06,2,2021-11-06,2021-11-06,2021-11-06,2021-11-06,2021-11-06,0,0,,0.0,
003240,2021-11-06,2,2021-11-06,2021-11-06,2021-11-06,2021-11-06,2021-11-06,0,0,,0.0,
003241,2022-01-28,,2022-01-28,2022-01-28,2022-01-28,2022-01-28,2022-01-28,0,0,,0.0,
003242,2022-01-28,2,2025-01-22,2025-01-22,2025-01-22,2025-01-22,2025-01-22,0,1,,0.294,'EXD 25-01-202  0197' → word:'EE 25-1-22 68192' | line:'EE 25-1-22 68192'
003243,2021-07-NONE,,NONE-07-21,NONE-07-21,NONE-07-21,NONE-07-21,NONE-07-21,0,0,,0.0,
003244,2021-07-NONE,,NONE-07-21,NONE-07-21,NONE-07-21,NONE-07-21,NONE-07-21,0,0,,0.001,
003245,2021-09-20,2,2020-09-20,2020-09-20,2020-09-20,2020-09-20,2020-09-20,0,0,,0.0,
003247,2023-01-17,,2023-01-17,2023-01-17,2023-01-17,2023-01-17,2023-01-17,0,3,,0.94,'8:58715 C5-37 ale neo' → word:'2T C-3 ale neo' | mid:'2 C53 a e ne' | line:'' ## ' ANAA T-10-009-496' → word:'A AAA  04' | mid:'APAAA  -B0049' | line:' ' ## '8 1.8497757' → word:' 8 ' | mid:' 8 ' | line:''
003249,2023-02-01,,2023-02-01,2023-02-01,2023-02-01,2023-02-01,2023-02-01,0,0,,0.0,
003250,2023-02-01,,2023-02-01,2023-02-01,2023-02-01,2023-02-01,2023-02-01,0,0,,0.0,
003251,2023-04-NONE,,2023-04-NONE,2023-04-NONE,2023-04-NONE,2023-04-NONE,2023-04-NONE,0,0,,0.001,
003252,2023-04-NONE,,2023-04-NONE,2023-04-NONE,2023-04-NONE,2023-04-NONE,2023-04-NONE,0,0,,0.0,
003253,2020-10-20,,2020-10-20,2020-10-20,2020-10-20,2020-10-20,2020-10-20,0,1,,0.3,'  713  M:43 113    L -828:2250g' → word:'C13  2 13   482250' | mid:'S13  2 13   482250' | line:''
003254,2021-11-05,,2021-11-05,2021-11-05,2021-11-05,2021-11-05,2021-11-05,0,0,,0.0,
003256,2022-04-01,,2022-04-01,2022-04-01,2022-04-01,2022-04-01,2022-04-01,0,0,,0.0,
003257,2022-04-01,,2022-04-01,2022-04-01,2022-04-01,2022-04-01,2022-04-01,0,0,,0.0,
003258,2021-07-28,,2021-07-28,2021-07-28,2021-07-28,2021-07-28,2021-07-28,0,0,,0.0,
003259,2022-02-10,,NONE,NONE,NONE,NONE,NONE,0,0,,0.0,
003260,2022-07-29,,2022-07-29,2022-07-29,2022-07-29,2022-07-29,2022-07-29,0,0,,0.0,
003261,2022-07-29,,2022-07-29,2022-07-29,2022-07-29,2022-07-29,2022-07-29,0,0,,0.0,
003262,2021-06-10,,2021-06-10,2021-06-10,2021-06-10,2021-06-10,2021-06-10,0,1,,0.372,'L120775A15:33' → word:'2120775a75135' | mid:'C120775475139' | line:'2120775a75135'
003263,2021-05-27,,2021-05-27,2021-05-27,2021-05-27,2021-05-27,2021-05-27,0,0,,0.0,
003264,2021-09-13,,2021-09-13,2021-09-13,2021-09-13,2021-09-13,2021-09-13,0,0,,0.0,
003265,2021-10-06,,2021-10-06,2021-10-06,2021-10-06,2021-10-06,2021-10-06,0,0,,0.0,
003267,2022-05-05,,2022-05-05,2022-05-05,2022-05-05,2022-05-05,2022-05-05,0,0,,0.001,
003268,2022-05-05,,2022-05-05,2022-05-05,2022-05-05,2022-05-05,2022-05-05,0,0,,0.001,
003269,2022-01-28,,2022-01-28,2022-01-28,2022-01-28,2022-01-28,2022-01-28,0,0,,0.0,
003270,2021-10-31,,2021-10-31,2021-10-31,2021-10-31,2021-10-31,2021-10-31,0,0,,0.0,
003271,2021-07-07,,2021-07-07,2021-07-07,2021-07-07,2021-07-07,2021-07-07,0,0,,0.001,
003272,2021-05-03,,2021-05-03,2021-05-03,2021-05-03,2021-05-03,2021-05-03,0,1,,0.739,'  L12E 04 FORHEN 79192-312  x   150 g/589.5 kac' → word:' HE   7O 794 x 122    10 /589.5 ka' | mid:' H  7O 794-x 22    150 /589.5 ka' | line:''
003273,2021-05-03,,2021-05-03,2021-05-03,2021-05-03,2021-05-03,2021-05-03,0,2,,0.992,'W  TE HE 02138 8 J  YICHA6V EPR MCAEN R YOUNGJUN Ba 791943  488 150 /588.5kad B3 Farmhouse Cheese 0809339-620 8 799 2' → word:'  TH HIE 219  EV  Y0- FRR C R YOUNGJUN B 7014223 X 48150 /58.5 ka M Farmhouse C  Chese 880939035   79 129' | line:'O' ## '2021.0550371 Haloumi Cheese' → word:'20212.0501 Haloumi Chese' | line:'202.0Haloe'
003274,2021-08-20,,2021-08-20,2021-08-20,2021-08-20,2021-08-20,2021-08-20,0,0,,0.0,
003275,2021-10-10,,2021-10-10,2021-10-10,2021-10-10,2021-10-10,2021-10-10,0,0,,0.0,
003276,NONE-04-10,,NONE-04-10,NONE-04-10,NONE-04-10,NONE-04-10,NONE-04-10,0,0,,0.0,
003277,NONE-04-05,,NONE-04-05,NONE-04-05,NONE-04-05,NONE-04-05,NONE-04-05,0,0,,0.0,
003278,2023-10-02,,2023-10-02,2023-10-02,2023-10-02,2023-10-02,2023-10-02,0,0,,0.0,
003279,2023-10-02,,2023-10-02,2023-10-02,2023-10-02,2023-10-02,2023-10-02,0,0,,0.0,
003280,2023-07-31,,2023-07-31,2023-07-31,2023-07-31,2023-07-31,2023-07-31,0,0,,0.0,
003281,2021-10-15,,2021-10-15,2021-10-15,2021-10-15,2021-10-15,2021-10-15,0,0,,0.0,
003282,2022-12-21,,2022-12-21,2022-12-21,2022-12-21,2022-12-21,2022-12-21,0,0,,0.0,
003283,2021-09-10,,2021-09-10,2021-09-10,2021-09-10,2021-09-10,2021-09-10,0,1,,0.502,'LET 42 4.854342 7ha8.8' → word:'L AS    1  ' | mid:'L AS  0  1  ' | line:'E'
003284,2021-09-10,,2021-09-10,2021-09-10,2021-09-10,2021-09-10,2021-09-10,0,0,,0.0,
003286,2021-08-06,2,2021-08-06,2021-08-06,2021-08-06,2021-08-06,2021-08-06,0,1,,0.651,'12  5   7H201 7   2m 322371 61.78801 mg 9 ' → word:'    713201   aness De 828801 mg 9 ' | line:''
003287,2021-09-25,2,2021-09-21,2021-09-21,2021-09-21,2021-09-21,2021-09-21,0,0,,0.0,
003288,2021-09-25,2,2021-09-25,2021-09-25,2021-09-25,2021-09-25,2021-09-25,0,0,,0.0,
003289,2022-01-31,2,2022-08-10,2022-08-10,2022-08-10,2022-08-10,2022-08-10,0,0,,0.0,
003290,2022-12-22,,2022-12-22,2022-12-22,2022-12-22,2022-12-22,2022-12-22,0,0,,0.0,
003291,2022-12-22,,2022-12-22,2022-12-22,2022-12-22,2022-12-22,2022-12-22,0,0,,0.0,
003294,2021-07-26,,NONE,NONE,NONE,NONE,NONE,0,0,,0.0,
003296,2021-11-26,2,2021-11-26,2021-11-26,2021-11-26,2021-11-26,2021-11-26,0,0,,0.0,
003297,2021-10-21,,2021-10-21,2021-10-21,2021-10-21,2021-10-21,2021-10-21,0,0,,0.0,
003298,2021-10-21,,2021-10-21,2021-10-21,2021-10-21,2021-10-21,2021-10-21,0,0,,0.0,
003299,2022-10-NONE,,2022-10-NONE,2022-10-NONE,2022-10-NONE,2022-10-NONE,2022-10-NONE,0,0,,0.0,
003300,2023-06-11,,2023-06-11,2023-06-11,2023-06-11,2023-06-11,2023-06-11,0,0,,0.0,
003301,2023-04-21,,2023-04-21,2023-04-21,2023-04-21,2023-04-21,2023-04-21,0,0,,0.0,
003302,2023-02-06,,2023-02-06,2023-02-06,2023-02-06,2023-02-06,2023-02-06,0,0,,0.0,
003303,NONE,,NONE,NONE,NONE,NONE,NONE,0,1,,0.789,'4022227 60 AAH  ww.to.40 222 740 8  21x   4A  BIONE   220   080-977-3308  E  7 ' → word:'2402 40  86      11x1   7 BONE  QE  020  8 7 080-977-308 70 ' | line:''
003306,2020-09-01,,2020-09-01,2020-09-01,2020-09-01,2020-09-01,2020-09-01,0,0,,0.0,
003309,2020-08-29,,2020-08-29,2020-08-29,2020-08-29,2020-08-29,2020-08-29,0,0,,0.0,
003310,2020-08-29,,2020-10-04,2020-10-04,2020-10-04,2020-10-04,2020-10-04,0,0,,0.0,
003312,2021-03-11,2,2021-03-NONE,2021-03-NONE,2021-03-NONE,2021-03-NONE,2021-03-NONE,0,0,,0.0,
003314,2021-07-05,,2021-07-05,2021-07-05,2021-07-05,2021-07-05,2021-07-05,0,1,,0.43,'EST GRER20207-05 851930 1OD 00102' → word:'W EST L7 8519360 PHOD 00102' | line:'ST2'
003316,2022-02-07,,2022-02-07,2022-02-07,2022-02-07,2022-02-07,2022-02-07,0,0,,0.0,
003317,2022-02-07,,NONE,NONE,NONE,NONE,NONE,0,0,,0.0,
003318,2021-10-20,,2021-10-20,2021-10-20,2021-10-20,2021-10-20,2021-10-20,0,0,,0.0,
003321,2021-09-01,,2021-09-01,2021-09-01,2021-09-01,2021-09-01,2021-09-01,0,0,,0.0,
003322,2021-09-01,,2021-01-09,2021-01-09,2021-01-09,2021-01-09,2021-01-09,0,0,,0.0,
003323,2021-05-24,,2021-05-24,2021-05-24,2021-05-24,2021-05-24,2021-05-24,0,0,,0.0,
003325,2021-06-01,,NONE,NONE,NONE,NONE,NONE,0,1,,0.219,'02-16107 HORMONE NO IbST' → word:'-02-16103- HEOONE NO T OE' | line:' NO  '
003326,2024-06-05,,NONE,NONE,NONE,NONE,NONE,0,0,,0.001,
003327,2024-06-05,,2026-02-08,2026-02-08,2026-02-08,2026-02-08,2026-02-08,0,0,,0.0,
003328,2021-12-26,,2021-12-26,2021-12-26,2021-12-26,2021-12-26,2021-12-26,0,0,,0.0,
003329,2021-12-26,,2021-12-26,2021-12-26,2021-12-26,2021-12-26,2021-12-26,0,0,,0.0,
003330,2021-11-03,,2021-11-03,2021-11-03,2021-11-03,2021-11-03,2021-11-03,0,1,,0.538,'14402-77-136 HONS' → word:'-713 ' | mid:'0-13 N' | line:''
003331,2021-11-03,t,2021-11-03,2021-11-03,2021-11-03,2021-11-03,2021-11-03,0,1,,0.778,'     8 802-77-13 4 SC UNCC COM SR  03 8 HO' → word:'     77-1 ON  3 O' | line:''
003332,2021-04-29,,2021-04-29,2021-04-29,2021-04-29,2021-04-29,2021-04-29,0,0,,0.0,
003334,2021-10-30,,2021-10-30,2021-10-30,2021-10-30,2021-10-30,2021-10-30,0,0,,0.0,
003335,2021-07-02,,2021-07-02,2021-07-02,2021-07-02,2021-07-02,2021-07-02,0,0,,0.0,
003336,2021-07-02,,2021-07-02,2021-07-02,2021-07-02,2021-07-02,2021-07-02,0,0,,0.0,
003337,2021-06-01,,NONE-06-01,NONE-06-01,NONE-06-01,NONE-06-01,NONE-06-01,0,0,,0.0,
003339,2022-01-24,,2022-01-24,2022-01-24,2022-01-24,2022-01-24,2022-01-24,0,0,,0.0,
003340,2022-09-29,,2022-09-29,2022-09-29,2022-09-29,2022-09-29,2022-09-29,0,1,,0.448,'29/9EP/2022 PL' → word:'29/8EP/2022 PL' | mid:'29/8EP/2022 PL' | line:'29/SEP/2022 PL'
003341,2022-09-29,,2022-09-29,2022-09-29,2022-09-29,2022-09-29,2022-09-29,0,1,,0.401,'5 600252-2 052   h die oof  27 2   PI 22:07' → word:'5 600252-2 052   h die oof  27 2   PI 22 07' | line:''
003342,2023-12-30,,2023-12-30,2023-12-30,2023-12-30,2023-12-30,2023-12-30,0,0,,0.0,
003343,2023-12-30,,2023-12-30,2023-12-30,2023-12-30,2023-12-30,2023-12-30,0,0,,0.0,
003344,2026-09-11,,2026-09-11,2026-09-11,2026-09-11,2026-09-11,2026-09-11,0,0,,0.0,
003347,2027-09-01,2d,2025-09-01,2025-09-01,2025-09-01,2025-09-01,2025-09-01,0,0,,0.0,
003348,2027-07-13,d,NONE-07-27,NONE-07-27,NONE-07-27,NONE-07-27,NONE-07-27,0,3,,2.79,'8-127H/mon/ 2-47H/monhs/ 4-88/months/  20101 L0l/Kiten Ag   Typical dy e  g   1.75-3.05 T  31/2-5 pouch 5-5  pones  5/e NETWOOH  A 102140008 EOTHER' → word:'8-12H/ms/ 2-47H/monhs 4-8/months/ n0101 L0/Kit en g   Typical oy eii  g   1.75-3.05 T N 3 1/2-5chc 5-5  pones  5/e NETWOOHE    1021408 EOTHER' | mid:'8-12H/mon/ 2-47Hy/monhs/ 4-8/months not01 L0l/Kiten   Typical oy ei i  g   1.75 -3.05 TN 31/
003349,2025-12-10,2,2025-01-10,2025-01-10,2025-01-10,2025-01-10,2025-01-10,0,3,,0.865,'EO U  25.12.1010X' → word:'UE BANU U 25.12.1010X1' | mid:'UE ANU  25.12.1010X' | line:'A' ## '1:20000347052-3048 880111801237221010 874442-185' → word:'2000 0113012747052-3048 18741' | mid:'0040 11012347052-3048 184-1' | line:'32 230' ## 'BOYTE 1341 14144 030-024-5660' → word:'N 0 0000' | mid:'W 13420' | line:'WA'
003350,2025-12-10,2,2022-10-10,2022-10-10,2022-10-10,2022-10-10,2022-10-10,0,2,,0.7,' UE AU   H 25.1010' → word:' E ANU A O 2.2.0X' | mid:' UC  N O 25.20 1' | line:'' ## '14 2030-024-00' → word:'0' | mid:' 0' | line:'0'
003351,2025-12-10,,2025-10-22,2025-10-22,2025-10-22,2025-10-22,2025-10-22,0,1,,0.252,'252.088 022' → word:'2 20' | mid:'2542N 20' | line:'2520808N'
