image_id,label,old,tags,kol,sec,base,block,kol960,two
000002,2025-12-11,2025-12-11,,2025-12-11,1.7,2025-12-11,8,2025-12-11,False
000009,2026-10-29,2026-10-29,,2026-10-29,2.4,2026-10-29,14,2026-10-29,False
000014,2026-01-31,2026-01-31,,2026-01-31,3.6,2026-01-31,12,2026-01-31,False
000017,2026-11-25,2026-11-25,,2026-11-25,2.5,2026-11-25,12,2026-11-25,False
000022,2025-10-14,NONE-01-20,,NONE-01-20,6.6,NONE-01-20,11,NONE-01-20,False
000026,2025-11-13,2025-11-13,,2025-11-13,2.6,2025-11-13,13,2025-11-13,False
000030,2017-08-28,2017-08-28,,2017-08-28,6.4,2017-08-28,12,2017-08-28,False
000033,2026-06-17,2026-06-17,,2026-06-17,3.0,2026-06-17,13,2026-06-17,False
000037,2026-07-17,2026-07-17,,2026-07-17,2.3,2026-07-17,13,2026-07-17,False
000040,2025-10-11,2025-10-11,,2025-10-11,1.8,2025-10-11,6,2025-10-11,False
000044,2026-02-07,2026-02-07,,2026-02-07,7.6,2026-02-07,14,2026-02-07,False
000047,2027-04-14,2027-04-04,,2027-04-04,3.5,2027-04-04,14,2027-04-14,False
000050,2025-09-30,2025-09-30,,2025-09-30,9.7,2025-09-30,14,2025-09-30,False
000053,2025-12-20,2025-12-20,,2025-12-20,6.1,2025-12-20,7,2025-12-20,False
000058,2027-03-27,2027-03-27,,2027-03-27,8.6,2027-03-27,15,2027-03-27,False
000062,2026-05-26,2026-05-26,,2026-05-26,6.0,2026-05-26,8,2026-05-26,False
000066,2026-08-17,2026-08-17,,2026-08-17,4.0,2026-08-17,10,2026-08-17,False
000071,2027-07-20,2027-07-20,2,2027-07-20,4.0,2027-07-20,14,2027-07-20,True
000075,2026-01-06,2026-01-06,,2026-01-06,5.2,2026-01-06,9,2026-01-06,False
000078,2025-06-19,2025-06-19,,2025-06-19,8.0,2025-06-19,13,2025-06-19,False
000081,2026-05-18,2026-05-18,2,2026-05-18,3.9,2026-05-18,11,2026-05-18,True
000085,2026-03-30,2026-09-30,,2026-09-30,4.8,2026-09-30,10,2026-09-30,False
000094,2027-06-30,2027-06-30,,2027-06-30,4.5,2027-06-30,11,2027-06-30,False
000100,2026-02-11,2026-02-11,,2026-02-11,4.6,2026-02-11,15,2026-02-11,False
000103,2025-12-18,2025-12-18,,2025-12-18,4.5,2025-12-18,14,2025-12-18,False
000109,2025-12-12,2025-12-12,b,2025-12-12,8.0,2025-12-12,14,2025-12-12,False
000112,2025-10-17,2025-10-17,,2025-10-17,3.2,2025-10-17,8,2025-10-17,False
000115,2025-12-08,2025-12-08,,2025-12-08,20.6,2025-12-08,15,2025-12-08,False
000118,2026-03-23,2026-05-25,,2026-05-25,2.7,2026-05-25,15,2026-05-25,False
000121,2027-04-13,2027-04-13,,2027-04-13,3.2,2027-04-13,9,2027-04-13,False
000127,2026-04-27,2026-04-27,,2026-04-27,3.6,2026-04-27,15,2026-04-27,False
000130,2027-02-05,2027-02-05,,2027-02-05,3.4,2027-02-05,13,2027-02-05,False
000134,2026-09-23,2026-09-23,,2026-09-23,8.6,2026-09-23,14,2026-09-23,False
000137,2026-03-26,2026-03-26,,2026-03-26,5.5,2026-03-26,14,2026-03-26,False
000140,2026-07-14,2026-07-14,,2026-07-14,8.1,2026-07-14,11,2026-07-14,False
000144,2027-03-25,2027-03-25,,2027-03-25,6.7,2027-03-25,14,2027-03-25,False
000148,2026-02-26,2026-02-26,2,2026-02-26,4.8,2026-02-26,15,2026-02-26,True
000151,2026-09-07,2026-09-07,,2026-09-07,3.8,2026-09-07,14,2026-09-07,False
000156,2026-07-29,2026-07-29,,2026-07-29,6.1,2026-07-29,11,2026-07-29,False
000160,2026-10-27,2025-04-02,2,2025-04-02,3.7,2025-04-02,14,2026-10-27,True
000163,2026-11-20,2026-11-20,,2026-11-20,3.3,2026-11-20,10,2026-11-20,False
000166,2027-08-18,2027-08-NONE,,2027-08-NONE,10.1,2027-08-NONE,7,2027-08-NONE,False
000170,2026-09-07,2026-09-07,,2026-09-07,3.8,2026-09-07,10,2026-09-07,False
000173,2026-09-17,2026-09-17,,2026-09-17,4.1,2026-09-17,7,2026-09-17,False
000176,2026-09-22,2026-09-22,2,2026-09-22,10.5,2026-09-22,7,2026-09-22,True
000179,2026-06-29,2025-09-30,2,2026-06-29,8.1,2026-06-29,12,2026-06-29,True
000182,2026-10-01,2026-10-01,,2026-10-01,6.0,2026-10-01,15,2026-10-01,False
000186,2028-04-14,2028-04-14,,2028-04-14,3.2,2028-04-14,11,2028-04-14,False
000190,2022-11-26,2022-11-26,,2022-11-26,38.2,2022-11-26,7,2022-11-26,False
000194,2027-04-23,2027-04-23,,2027-04-23,4.5,2027-04-23,13,2027-04-23,False
000198,2026-05-08,2022-12-15,,2022-12-15,6.6,2022-12-15,10,2022-12-15,False
000202,2027-02-06,2027-02-06,,2027-02-06,4.1,2027-02-06,10,2027-02-06,False
000205,2027-05-18,2027-05-18,,2027-05-18,3.6,2027-05-18,14,2027-05-18,False
000211,2026-02-12,2026-06-02,,2026-06-02,18.0,2026-06-02,14,2026-06-02,False
000216,2026-03-16,2026-03-01,,2026-03-01,3.7,2026-03-01,11,2026-03-16,False
000219,2026-09-07,2026-09-07,,2026-09-07,2.9,2026-09-07,13,2026-09-07,False
000222,2026-03-25,2026-03-25,,2026-03-25,4.9,2026-03-25,11,2026-03-25,False
000226,2027-03-15,2027-03-15,,2027-03-15,11.4,2027-03-15,9,2027-03-15,False
000229,2025-10-28,2022-10-11,,2022-10-11,17.2,2022-10-11,6,2022-10-11,False
000233,2028-01-13,2021-01-22,,2021-01-22,15.9,2021-01-22,15,2021-01-22,False
000237,2026-06-05,2026-06-05,,2026-06-05,5.9,2026-06-05,6,2026-06-05,False
000240,2027-05-20,2027-05-20,,2027-05-20,5.2,2027-05-20,11,2027-05-20,False
000243,2026-08-17,2026-08-17,,2026-08-17,3.5,2026-08-17,14,2026-08-17,False
000246,2026-02-04,2025-09-05,2,2026-02-04,5.5,2026-02-04,14,2026-02-04,True
000250,2026-03-04,2026-03-04,2,2026-03-04,6.1,2026-03-04,14,2026-03-04,True
000253,2026-06-20,2026-06-20,,2026-06-20,3.3,2026-06-20,9,2026-06-20,False
000257,2025-12-10,2025-12-10,,2025-12-10,2.9,2025-12-10,13,2025-12-10,False
000260,2027-04-01,2027-04-01,,2027-04-01,3.8,2027-04-01,14,2027-04-01,False
000263,2028-01-22,NONE,,NONE,29.4,NONE,14,NONE,False
000266,2025-12-04,NONE,b,NONE,31.7,NONE,9,2025-12-04,False
000270,2026-09-03,2026-09-03,,2026-09-03,5.6,2026-09-03,11,2026-09-03,False
000275,2026-04-23,2026-04-23,,2026-04-23,10.7,2026-04-23,8,2026-04-23,False
000281,2026-07-15,2026-07-15,,2026-07-15,5.9,2026-07-15,14,2026-07-15,False
000284,2026-08-20,2026-08-20,,2026-08-20,10.4,2026-08-20,14,2026-08-20,False
000287,2027-02-18,2027-02-18,,2027-02-18,8.9,2027-02-18,11,2027-02-18,False
000290,2027-03-02,2027-03-02,,2027-03-02,15.1,2027-03-02,11,2027-03-02,False
000294,2026-09-08,2026-09-09,2,2026-09-09,16.8,2026-09-09,15,2026-09-09,True
000299,2026-05-13,2026-05-13,,2026-05-13,7.8,2026-05-13,8,2026-05-13,False
000302,2026-03-15,2026-03-15,,2026-03-15,3.3,2026-03-15,10,2026-03-15,False
000305,2026-02-24,2026-02-24,,2026-02-24,27.9,2026-02-24,9,2026-02-24,False
000308,2025-12-04,2025-12-04,,2025-12-04,2.8,2025-12-04,15,2025-12-04,False
000313,2026-03-17,2026-03-17,,2026-03-17,5.5,2026-03-17,6,2026-03-17,False
000317,2025-11-15,2025-11-15,,2025-11-15,5.7,2025-11-15,11,2025-11-15,False
000322,2025-10-29,2025-10-29,,2025-10-29,3.0,2025-10-29,6,2025-10-29,False
000325,2025-11-03,2025-11-03,,2025-11-03,4.6,2025-11-03,14,2025-11-03,False
000329,2025-12-25,2025-12-25,,2025-12-25,5.0,2025-12-25,6,2025-12-25,False
000332,2025-10-22,2025-10-22,,2025-10-22,3.6,2025-10-22,15,2025-10-22,False
000335,2025-11-28,2025-11-28,,2025-11-28,4.8,2025-11-28,12,2025-11-28,False
000338,2026-05-28,2026-05-28,,2026-05-28,3.7,2026-05-28,15,2026-05-28,False
000342,2026-06-22,2026-06-22,,2026-06-22,3.5,2026-06-22,13,2026-06-22,False
000346,2026-05-15,2026-05-15,,2026-05-15,2.7,2026-05-15,11,2026-05-15,False
000349,2025-12-07,2025-12-07,,2025-12-07,2.6,2025-12-07,8,2025-12-07,False
000353,2026-03-08,2026-03-08,,2026-03-08,4.5,2026-03-08,10,2026-03-08,False
000356,2027-03-17,2027-03-17,,2027-03-17,5.2,2027-03-17,12,2027-03-17,False
000360,2026-02-18,NONE,2,NONE,43.7,NONE,15,NONE,True
000364,2026-06-04,2026-06-04,,2026-06-04,16.4,2026-06-04,10,2026-06-04,False
000367,2026-05-18,2026-05-18,,2026-05-18,6.4,2026-05-18,14,2026-05-18,False
000370,2026-09-02,2025-09-02,,2025-09-02,18.5,2025-09-02,15,2025-09-02,False
000373,2026-09-18,NONE,,NONE,50.4,NONE,14,NONE,False
000376,2025-10-07,2025-10-07,,2025-10-07,9.0,2025-10-07,7,2025-10-07,False
000379,2026-09-05,2026-09-05,d,2026-09-05,4.9,2026-09-05,13,2026-09-05,False
000382,2026-08-18,2026-08-18,,2026-08-18,4.1,2026-08-18,14,2026-08-18,False
000385,2026-09-14,2026-09-14,2,2026-09-14,3.6,2026-09-14,11,2026-09-14,True
000390,2026-05-19,2021-03-23,,2021-03-23,24.3,2021-03-23,15,2021-03-23,False
000393,2027-08-02,2027-08-02,,2027-08-02,3.8,2027-08-02,15,2027-08-02,False
000397,2026-02-19,2026-02-19,,2026-02-19,6.6,2026-02-19,7,2026-02-19,False
000401,2027-04-12,2027-04-12,,2027-04-12,4.7,2027-04-12,8,2027-04-12,False
000404,2026-06-10,2026-06-10,,2026-06-10,3.7,2026-06-10,12,2026-06-10,False
000407,2025-12-01,2025-12-01,2,2025-12-01,8.3,2025-12-01,11,2025-12-01,True
000411,2026-09-09,2026-09-09,2,2026-09-09,7.8,2026-09-09,6,2026-09-09,True
000416,2026-04-07,2026-07-01,,2026-07-01,3.5,2026-07-01,7,2026-07-01,False
000419,2026-08-05,2026-08-05,,2026-08-05,2.9,2026-08-05,13,2026-08-05,False
000422,2026-06-09,2026-06-09,2,2026-06-09,2.8,2026-06-09,13,2026-06-09,True
000425,2025-11-05,2025-11-05,,2025-11-05,2.7,2025-11-05,14,2025-11-05,False
000429,2026-01-04,2025-01-04,,2026-01-04,5.6,2026-01-04,8,2026-01-04,False
000433,2026-08-05,2026-08-05,,2026-08-05,10.1,2026-08-05,13,2026-08-05,False
000436,2026-02-12,2026-02-12,,2026-02-12,2.5,2026-02-12,9,2026-02-12,False
000439,2026-03-18,2026-03-18,,2026-03-18,2.8,2026-03-18,14,2026-03-18,False
000443,2026-04-06,2026-04-06,,2026-04-06,6.1,2026-04-06,9,2026-04-06,False
000447,2025-11-22,2025-11-22,,2025-11-22,4.5,2025-11-22,12,2025-11-22,False
000450,2026-03-11,2025-09-12,2,2026-03-11,4.4,2026-03-11,7,2026-03-11,True
000453,2026-01-26,2025-08-27,2,2025-08-27,8.7,2025-08-27,14,2025-08-27,True
000456,2025-12-26,2025-12-26,2,2025-12-26,4.0,2025-12-26,13,2025-12-26,True
000462,2027-05-27,2027-05-27,,2027-05-27,2.7,2027-05-27,6,2027-05-27,False
000466,2027-06-07,2027-06-17,t,2027-06-17,3.3,2027-06-17,12,2027-06-17,False
000469,2026-07-21,2026-07-21,,2026-07-21,3.5,2026-07-21,10,2026-07-21,False
000473,2026-05-21,NONE,,NONE,35.9,NONE,13,NONE,False
000477,2026-07-21,2026-07-21,,2026-07-21,4.2,2026-07-21,13,2026-07-21,False
000480,2026-06-04,2026-07-21,,2026-07-21,4.7,2026-07-21,13,2026-07-21,False
000483,2027-04-15,2027-04-15,,2027-04-15,4.7,2027-04-15,15,2027-04-15,False
000487,2027-12-11,2027-12-11,,2027-12-11,11.7,2027-12-11,8,2027-12-11,False
000493,2026-06-17,2026-06-17,,2026-06-17,6.5,2026-06-17,10,2026-06-17,False
000496,2027-03-05,2027-03-05,,2027-03-05,5.2,2027-03-05,8,2027-03-05,False
000499,2026-05-13,2026-05-13,,2026-05-13,3.3,2026-05-13,13,2026-05-13,False
000503,2026-02-18,2026-02-10,,2026-02-10,24.5,2026-02-10,7,2026-02-18,False
000506,2026-06-18,2026-06-11,2,2026-06-11,4.7,2026-06-11,10,2026-06-11,True
000511,2026-03-24,2026-03-24,,2026-03-24,3.9,2026-03-24,11,2026-03-24,False
000514,2026-07-13,2026-07-13,,2026-07-13,3.4,2026-07-13,14,2026-07-13,False
000518,2026-09-14,2026-09-14,,2026-09-14,3.3,2026-09-14,13,2026-09-14,False
000521,2026-03-10,2026-03-10,2,2026-03-10,4.6,2026-03-10,12,2026-03-10,True
000524,2026-06-18,2026-06-18,,2026-06-18,3.6,2026-06-18,13,2026-06-18,False
000529,2026-01-12,2026-01-12,,2026-01-12,2.5,2026-01-12,15,2026-01-12,False
000532,2026-02-28,2026-02-28,,2026-02-28,3.0,2026-02-28,14,2026-02-28,False
000535,2026-02-04,2026-02-04,,2026-02-04,3.6,2026-02-04,11,2026-02-04,False
000539,2027-08-11,NONE,,NONE,57.0,NONE,8,NONE,False
000542,2027-07-22,2027-07-22,,2027-07-22,5.2,2027-07-22,15,2027-07-22,False
000546,2026-08-10,2026-08-10,2,2026-08-10,6.4,2026-08-10,12,2026-08-10,True
000549,2027-01-16,2027-01-16,,2027-01-16,8.0,2027-01-16,15,2027-01-16,False
000552,2026-09-07,2026-09-07,,2026-09-07,2.9,2026-09-07,12,2026-09-07,False
000555,2027-04-16,2027-04-16,,2027-04-16,4.1,2027-04-16,14,2027-04-16,False
000558,2025-05-16,2025-05-16,,2025-05-16,4.9,2025-05-16,15,2025-05-16,False
000561,2028-08-07,2028-08-07,,2028-08-07,27.7,2028-08-07,13,2028-08-07,False
000564,2026-06-25,2026-06-25,,2026-06-25,3.4,2026-06-25,14,2026-06-25,False
000567,2025-10-29,2025-10-29,,2025-10-29,4.4,2025-10-29,12,2025-10-29,False
000570,2026-05-20,2026-05-20,,2026-05-20,3.0,2026-05-20,13,2026-05-20,False
000573,NONE-10-22,NONE-10-22,,NONE-10-22,5.7,NONE-10-22,13,NONE-10-22,False
000576,2026-05-21,2020-02-NONE,2,2026-05-21,3.6,2026-05-21,13,2026-05-21,True
000579,2026-07-10,2026-07-10,,2026-07-10,2.2,2026-07-10,14,2026-07-10,False
000583,2025-11-23,2025-11-NONE,,2025-11-NONE,20.4,2025-11-NONE,15,2025-11-NONE,False
000586,2026-03-14,2026-03-14,,2026-03-14,3.1,2026-03-14,14,2026-03-14,False
000589,2026-04-02,2026-04-02,,2026-04-02,3.9,2026-04-02,9,2026-04-02,False
000592,2025-03-25,2023-03-26,2,2023-03-26,8.9,2023-03-26,11,2025-03-25,True
000595,2026-05-01,2026-05-01,,2026-05-01,3.3,2026-05-01,14,2026-05-01,False
000598,2026-03-09,2026-03-09,2,2026-03-09,10.3,2026-03-09,11,2026-03-09,True
000601,2026-01-27,2026-01-27,,2026-01-27,4.5,2026-01-27,11,2026-01-27,False
000604,2026-09-15,NONE,,NONE,35.2,NONE,7,NONE,False
000607,2028-06-23,2028-06-23,,2028-06-23,4.3,2028-06-23,12,2028-06-23,False
000610,2026-06-04,2026-06-04,,2026-06-04,3.8,2026-06-04,11,2026-06-04,False
000613,2026-05-28,2026-05-28,,2026-05-28,4.5,2026-05-28,13,2026-05-28,False
000617,2026-07-11,2026-07-11,,2026-07-11,4.0,2026-07-11,13,2026-07-11,False
000622,2027-01-22,2027-01-22,,2027-01-22,6.2,2027-01-22,14,2027-01-22,False
000625,2027-04-01,2027-04-01,,2027-04-01,5.3,2027-04-01,14,2027-04-01,False
000628,2025-02-03,2025-12-NONE,,2025-02-03,3.1,2025-02-03,12,2025-02-03,False
000633,2025-12-24,2025-12-24,,2025-12-24,3.6,2025-12-24,11,2025-12-24,False
000638,2026-06-16,2026-06-16,,2026-06-16,3.3,2026-06-16,12,2026-06-16,False
000642,2026-09-01,2025-03-01,,2025-03-01,3.4,2025-03-01,13,2025-03-01,False
000649,2027-04-07,2021-01-21,,2021-01-21,19.5,2021-01-21,13,2021-01-21,False
000652,2027-03-31,2027-03-31,,2027-03-31,4.8,2027-03-31,14,2027-03-31,False
000655,2026-08-27,2026-08-27,,2026-08-27,8.4,2026-08-27,15,2026-08-27,False
000658,2026-01-16,2026-01-16,,2026-01-16,2.0,2026-01-16,14,2026-01-16,False
000661,2026-04-17,2026-04-17,,2026-04-17,4.3,2026-04-17,12,2026-04-17,False
000667,2026-06-22,2026-06-22,2,2026-06-22,4.0,2026-06-22,10,2026-06-22,True
000670,2026-06-24,NONE-06-24,2,2026-06-24,9.7,2026-06-24,10,2026-06-24,True
000674,2026-06-02,2026-06-02,,2026-06-02,2.2,2026-06-02,13,2026-06-02,False
000677,2027-08-17,2027-08-17,,2027-08-17,3.0,2027-08-17,8,2027-08-17,False
000680,2025-10-15,2025-10-15,,2025-10-15,2.1,2025-10-15,14,2025-10-15,False
000684,2026-03-23,2026-03-23,,2026-03-23,3.8,2026-03-23,15,2026-03-23,False
000689,2025-10-27,2025-10-27,,2025-10-27,10.0,2025-10-27,12,2025-10-27,False
000692,2026-08-21,2026-08-21,,2026-08-21,2.6,2026-08-21,12,2026-08-21,False
000697,2025-10-07,2025-10-07,,2025-10-07,2.4,2025-10-07,11,2025-10-07,False
000703,2026-01-25,2026-01-25,,2026-01-25,3.6,2026-01-25,15,2026-01-25,False
000706,2026-03-11,2026-03-11,,2026-03-11,3.9,2026-03-11,15,2026-03-11,False
000710,2025-10-14,2025-10-14,,2025-10-14,3.6,2025-10-14,11,2025-10-14,False
000715,2026-06-26,2026-06-26,,2026-06-26,3.2,2026-06-26,15,2026-06-26,False
000718,2026-01-17,2026-01-17,,2026-01-17,3.4,2026-01-17,14,2026-01-17,False
000721,2026-12-17,2026-12-17,,2026-12-17,3.8,2026-12-17,15,2026-12-17,False
000724,2026-05-20,2026-05-20,,2026-05-20,3.0,2026-05-20,15,2026-05-20,False
000727,2026-06-22,2026-06-22,,2026-06-22,4.6,2026-06-22,13,2026-06-22,False
000731,2026-03-08,2026-03-08,,2026-03-08,2.7,2026-03-08,14,2026-03-08,False
000734,2025-10-28,2025-10-28,,2025-10-28,4.1,2025-10-28,14,2025-10-28,False
000738,2026-02-12,2026-02-12,,2026-02-12,3.3,2026-02-12,12,2026-02-12,False
000743,2026-11-16,2026-11-16,,2026-11-16,4.1,2026-11-16,11,2026-11-16,False
000746,2026-06-23,2026-06-23,,2026-06-23,2.7,2026-06-23,11,2026-06-23,False
000751,2025-05-08,2025-05-08,,2025-05-08,5.1,2025-05-08,8,2025-05-08,False
000756,2027-02-24,2027-02-24,,2027-02-24,4.3,2027-02-24,11,2027-02-24,False
000759,2026-05-14,2026-05-14,,2026-05-14,3.9,2026-05-14,14,2026-05-14,False
000762,2026-08-02,2026-08-02,,2026-08-02,3.2,2026-08-02,13,2026-08-02,False
000765,2025-11-21,NONE,,NONE,27.5,NONE,11,NONE,False
000768,2026-06-26,2026-06-26,,2026-06-26,5.9,2026-06-26,14,2026-06-26,False
000771,2019-11-26,NONE-12-31,,NONE-12-31,4.4,NONE-12-31,15,NONE-12-31,False
000774,2026-02-08,2026-02-08,,2026-02-08,5.9,2026-02-08,14,2026-02-08,False
000777,2026-03-NONE,2026-03-NONE,,2026-03-NONE,32.6,2026-03-NONE,14,2026-03-NONE,False
000780,2026-04-27,NONE-04-27,,2026-04-27,3.0,2026-04-27,12,2026-04-27,False
000786,NONE-12-17,NONE-12-17,2,NONE-12-17,6.7,NONE-12-17,13,NONE-12-17,True
000790,2027-07-NONE,2027-07-NONE,,2027-07-NONE,19.1,2027-07-NONE,15,2027-07-NONE,False
000795,2026-07-14,NONE,2,NONE,26.8,NONE,11,NONE,True
000800,2026-08-12,2026-08-12,,2026-08-12,6.2,2026-08-12,15,2026-08-12,False
000804,2027-09-01,2027-09-01,d,2027-09-01,2.9,2027-09-01,12,2027-09-01,False
000808,2026-06-12,2026-06-12,,2026-06-12,3.0,2026-06-12,12,2026-06-12,False
000811,2026-03-31,2026-03-31,,2026-03-31,3.2,2026-03-31,6,2026-03-31,False
000817,2026-12-NONE,NONE,,NONE,21.8,NONE,7,NONE,False
000821,2026-02-02,2026-02-02,,2026-02-02,3.1,2026-02-02,14,2026-02-02,False
000825,2026-06-22,2026-06-22,,2026-06-22,5.0,2026-06-22,8,2026-06-22,False
000829,2026-03-20,2026-03-20,,2026-03-20,3.0,2026-03-20,9,2026-03-20,False
000832,2026-07-16,2025-07-15,b,2025-07-15,4.7,2025-07-15,12,2025-07-15,False
000838,2026-02-21,2026-02-21,,2026-02-21,2.6,2026-02-21,15,2026-02-21,False
000845,2026-06-17,2026-06-17,,2026-06-17,4.2,2026-06-17,11,2026-06-17,False
000848,2026-05-21,2021-05-20,,2021-05-20,24.5,2021-05-20,9,2021-05-20,False
000853,2026-09-24,2026-09-24,,2026-09-24,2.1,2026-09-24,12,2026-09-24,False
000856,2026-06-03,2026-06-03,,2026-06-03,5.8,2026-06-03,12,2026-06-03,False
000859,2021-10-28,NONE,,NONE,13.1,NONE,15,NONE,False
000863,2021-10-22,2020-10-NONE,2,2020-10-NONE,3.0,2020-10-NONE,14,2020-10-NONE,True
000867,2021-10-23,NONE,2,NONE,37.9,NONE,15,NONE,True
000871,2021-10-15,2021-10-15,,2021-10-15,5.2,2021-10-15,15,2021-10-15,False
000875,2021-03-22,2021-03-22,,2021-03-22,5.0,2021-03-22,12,2021-03-22,False
000878,2023-04-03,NONE,t,NONE,13.3,NONE,12,NONE,False
000881,2021-06-08,2021-06-08,,2021-06-08,3.4,2021-06-08,12,2021-06-08,False
000884,2021-07-03,NONE,2,NONE,16.5,NONE,14,NONE,True
000887,2021-12-04,2021-01-02,,2021-12-04,19.0,2021-12-04,15,2021-12-04,False
000890,2021-04-05,2021-04-05,,2021-04-05,4.0,2021-04-05,10,2021-04-05,False
000893,2022-02-07,2022-02-07,,2022-02-07,7.7,2022-02-07,13,2022-02-07,False
000897,2025-05-19,2025-05-19,,2025-05-19,21.3,2025-05-19,11,2025-05-19,False
000900,2022-09-02,2022-09-02,,2022-09-02,6.8,2022-09-02,15,2022-09-02,False
000904,2021-08-31,2021-08-22,,2021-08-22,4.1,2021-08-22,13,2021-08-22,False
000907,2022-01-NONE,2022-01-NONE,,2022-01-NONE,5.9,2022-01-NONE,15,2022-01-NONE,False
000911,2022-05-05,2022-05-05,,2022-05-05,6.1,2022-05-05,12,2022-05-05,False
000914,2021-07-21,2021-07-21,,2021-07-21,4.9,2021-07-21,14,2021-07-21,False
000918,2021-09-17,2020-04-20,,2020-04-20,13.1,2020-04-20,14,2021-05-17,False
000921,2022-02-26,2022-02-26,,2022-02-26,2.8,2022-02-26,12,2022-02-26,False
000925,NONE-02-02,NONE-02-02,,NONE-02-02,3.8,NONE-02-02,9,NONE-02-02,False
000928,2022-03-13,2022-03-13,,2022-03-13,7.0,2022-03-13,15,2022-03-13,False
000931,2021-07-29,2021-07-29,,2021-07-29,6.2,2021-07-29,11,2021-07-29,False
000934,2021-02-10,2021-01-25,2,2021-01-25,4.1,2021-01-25,15,2021-02-10,True
000938,2022-06-11,2022-06-11,,2022-06-11,6.1,2022-06-11,7,2022-06-11,False
000942,2021-05-29,2021-05-29,2,2021-05-29,8.6,2021-05-29,14,2021-05-29,True
000947,2021-09-30,2021-09-30,,2021-09-30,2.8,2021-09-30,14,2021-09-30,False
000950,2022-09-16,2022-09-16,,2022-09-16,4.5,2022-09-16,14,2022-09-16,False
000953,2021-02-05,2021-02-07,2,2021-02-07,3.4,2021-02-07,15,2021-02-07,True
000957,2021-02-22,2021-01-29,2,2021-01-29,4.5,2021-01-29,12,2021-02-22,True
000960,2022-07-19,2022-07-19,,2022-07-19,4.9,2022-07-19,14,2022-07-19,False
000964,2023-11-14,2023-11-14,,2023-11-14,3.8,2023-11-14,13,2023-11-14,False
000967,2022-10-17,2022-10-17,,2022-10-17,5.8,2022-10-17,13,2022-10-17,False
000970,2022-06-30,2022-06-30,,2022-06-30,9.5,2022-06-30,9,2022-06-30,False
000975,2023-08-03,2023-08-03,,2023-08-03,6.1,2023-08-03,14,2023-08-03,False
000978,2021-03-11,2022-02-29,,2022-02-29,22.9,2022-02-29,12,2022-02-29,False
000982,2022-02-15,NONE,t,NONE,22.9,NONE,12,NONE,False
000985,2021-12-28,2021-12-28,,2021-12-28,4.4,2021-12-28,15,2021-12-28,False
000990,2020-07-21,NONE,,NONE,21.7,NONE,15,NONE,False
000993,NONE-02-18,NONE,,NONE,24.6,NONE,13,NONE,False
000996,NONE-02-19,NONE,,NONE,29.4,NONE,12,NONE,False
000999,2021-11-11,2021-11-11,2b,2021-11-11,5.2,2021-11-11,14,2021-11-11,True
001004,2020-08-10,NONE,,NONE,39.6,NONE,12,NONE,False
001007,2022-06-29,2022-06-29,2,2022-06-29,3.3,2022-06-29,10,2022-06-29,True
001012,2021-11-10,2021-11-10,2,2021-11-10,3.2,2021-11-10,14,2021-11-11,True
001015,2022-01-11,2022-01-11,,2022-01-11,4.9,2022-01-11,14,2022-01-11,False
001018,2021-05-15,NONE,,NONE,21.2,NONE,14,NONE,False
001022,2021-06-28,NONE,,NONE,14.1,NONE,14,NONE,False
001025,2020-12-09,2020-12-09,,2020-12-09,29.0,2020-12-09,13,2020-12-09,False
001028,2021-07-07,2021-08-01,2,2021-08-01,4.2,2021-08-01,12,2021-08-01,True
001032,2019-07-16,2019-07-16,,2019-07-16,4.7,2019-07-16,12,2019-07-16,False
001036,2021-10-07,2021-10-07,2,2021-10-07,18.9,2021-10-07,13,2021-10-07,True
001039,2021-12-28,2021-12-28,,2021-12-28,2.4,2021-12-28,8,2021-12-28,False
001042,2021-09-13,2021-09-13,d,2021-09-13,2.8,2021-09-13,11,2021-09-13,False
001045,2021-04-30,2021-04-30,,2021-04-30,4.3,2021-04-30,11,2021-04-30,False
001049,2022-01-06,2022-01-06,,2022-01-06,3.5,2022-01-06,11,2022-01-06,False
001052,2022-12-20,2022-12-20,,2022-12-20,7.4,2022-12-20,11,2022-12-20,False
001055,2022-08-10,2022-08-10,,2022-08-10,5.2,2022-08-10,13,2022-08-10,False
001060,2022-06-23,2022-06-23,,2022-06-23,3.5,2022-06-23,13,2022-06-23,False
001064,2022-01-04,2022-01-04,,2022-01-04,5.5,2022-01-04,8,2022-01-04,False
001067,2021-12-06,2021-01-12,,2021-12-06,4.6,2021-12-06,15,2021-12-06,False
001070,NONE-01-24,NONE-01-24,,NONE-01-24,3.9,NONE-01-24,13,NONE-01-24,False
001074,2021-09-30,2021-09-30,,2021-09-30,22.7,2021-09-30,15,2021-09-30,False
001078,2023-09-24,2023-09-24,,2023-09-24,6.6,2023-09-24,11,2023-09-24,False
001081,2021-06-17,2021-06-17,,2021-06-17,4.3,2021-06-17,12,2021-06-17,False
001084,2021-07-09,2021-07-01,,2021-07-01,3.5,2021-07-01,7,2021-07-01,False
001087,2022-06-14,2022-06-14,,2022-06-14,2.2,2022-06-14,13,2022-06-14,False
001090,2021-04-16,2021-04-16,2,2021-04-16,6.5,2021-04-16,11,2021-04-16,True
001094,2022-01-12,2022-01-12,2,2021-01-13,2.7,2021-01-13,15,2021-01-13,True
001097,2021-06-11,2021-01-01,2,2021-11-06,7.8,2021-11-06,11,2021-11-06,True
001101,2021-03-14,2021-01-14,2,2021-01-14,5.7,2021-01-14,14,2021-03-14,True
001104,2021-08-26,2021-08-26,2,2021-08-26,5.3,2021-08-26,11,2021-08-26,True
001107,2021-02-28,2021-02-28,,2021-02-28,3.5,2021-02-28,13,2021-02-28,False
001110,2021-03-22,2021-03-02,,2021-03-22,4.6,2021-03-22,15,2024-03-22,False
001113,2023-11-15,2023-11-15,,2023-11-15,4.0,2023-11-15,15,2023-11-15,False
001116,2022-01-12,2022-01-12,,2028-12-01,3.5,2028-12-01,7,2028-12-01,False
001120,2021-12-16,2021-12-01,,2021-12-01,2.5,2021-12-01,13,2021-12-01,False
001123,2021-10-09,2021-10-09,,2021-10-09,8.0,2021-10-09,9,2021-10-09,False
001126,2021-12-28,2021-12-28,,2021-12-28,3.3,2021-12-28,15,2021-12-28,False
001129,NONE-02-07,NONE,,NONE,27.2,NONE,15,NONE,False
001132,2021-02-19,2020-12-12,2,2021-02-19,5.5,2020-12-12,12,2021-02-19,True
001135,2022-09-24,2022-09-24,,2022-09-24,4.4,2022-09-24,15,2022-09-24,False
001138,2021-10-23,2021-10-23,,2021-10-23,2.7,2021-10-23,13,2021-10-23,False
001141,2022-03-14,2022-03-14,2,2022-03-14,5.6,2022-03-14,12,2022-03-14,True
001145,2021-05-25,2021-05-25,,2021-05-25,4.7,2021-05-25,12,2021-05-25,False
001148,2022-07-31,2022-07-31,,2022-07-31,3.6,2022-07-31,8,2022-07-31,False
001151,2021-09-18,2021-09-18,,2021-09-18,2.6,2021-09-18,13,2021-09-18,False
001155,2021-09-21,2021-09-21,,2021-09-21,14.4,2021-09-21,11,2021-09-21,False
001158,2021-08-10,2021-08-10,,2021-08-10,2.9,2021-08-10,11,2021-08-10,False
001161,2021-04-23,2021-04-23,,2021-04-23,3.9,2021-04-23,13,2021-04-23,False
001164,2021-03-01,2021-03-01,,2021-03-01,5.8,2021-03-01,14,2021-03-01,False
001169,2021-08-31,2021-08-31,,2021-08-31,3.4,2021-08-31,11,2021-08-31,False
001172,2021-09-NONE,2021-09-NONE,,2021-09-NONE,6.3,2021-09-NONE,13,2021-09-NONE,False
001175,2021-09-07,2021-09-07,d,2021-09-07,3.9,2021-09-07,14,2021-09-07,False
001178,2021-12-01,NONE,,NONE,12.5,NONE,10,NONE,False
001182,2022-04-14,2022-04-14,,2022-04-14,2.2,2022-04-14,15,2022-04-14,False
001185,2021-09-28,2021-09-26,2,2021-09-26,5.0,2021-09-26,11,2021-09-28,True
001190,2019-06-28,2019-06-28,2,2019-06-28,4.5,2019-06-28,13,2019-06-28,True
001193,2021-02-11,2021-02-11,2,2021-02-11,7.2,2021-02-11,12,2021-02-11,True
001197,2021-10-10,2021-10-10,,2021-10-10,2.7,2021-10-10,8,2021-10-10,False
001200,2021-10-20,2020-10-21,2,2020-10-21,4.6,2020-10-21,14,2020-10-21,True
001204,2023-02-28,2023-02-28,,2023-02-28,4.1,2023-02-28,12,2023-02-28,False
001207,2020-08-18,2020-08-18,,2020-08-18,5.6,2020-08-18,12,2020-08-18,False
001210,2021-08-03,2021-08-03,,2021-08-03,2.9,2021-08-03,13,2021-08-03,False
001213,2021-05-15,2021-05-15,,2021-05-15,8.4,2021-05-15,14,2021-05-15,False
001217,2022-05-30,2022-05-30,,2022-05-30,2.9,2022-05-30,13,2022-05-30,False
001220,2021-01-14,2021-01-14,,2021-01-14,3.6,2021-01-14,13,2021-01-14,False
001223,2021-04-11,2021-04-11,,2021-04-11,6.0,2021-04-11,14,2021-04-11,False
001226,2022-06-27,2020-12-28,2,2022-06-27,7.2,2022-06-27,15,2022-06-27,True
001229,2021-10-28,2021-10-28,,2021-10-28,3.9,2021-10-28,15,2021-10-28,False
001232,2021-05-05,2021-05-05,,2021-05-05,7.7,2021-05-05,12,2021-05-05,False
001236,NONE-01-28,NONE-01-28,,NONE-01-28,3.5,NONE-01-28,13,NONE-01-28,False
001240,2020-12-19,2020-12-19,,2020-12-19,3.0,2020-12-19,10,2020-12-19,False
001244,2023-12-31,2023-12-31,,2023-12-31,2.5,2023-12-31,7,2023-12-31,False
001247,2022-01-19,2022-01-19,2,2022-01-19,5.7,2022-01-19,11,2022-01-19,True
001250,2021-04-11,2021-01-12,2,2021-04-11,7.3,2021-04-11,14,2021-04-11,True
001253,2021-08-19,2021-06-19,,2021-08-11,2.4,2021-08-11,15,2021-08-11,False
001256,2023-07-03,2023-07-03,,2023-07-03,2.3,2023-07-03,13,2023-07-03,False
001259,2021-08-30,2021-08-30,,2021-08-30,18.5,2021-08-30,14,2021-08-30,False
001263,2022-12-03,2022-12-03,,2022-12-03,5.8,2022-12-03,15,2022-12-03,False
001266,2022-06-NONE,2022-06-NONE,,2022-06-NONE,4.1,2022-06-NONE,15,2022-06-NONE,False
001270,2021-10-11,2021-10-11,,2021-10-11,2.7,2021-10-11,13,2021-10-11,False
001273,2022-06-17,2022-06-17,,2022-06-17,6.7,2022-06-17,9,2022-06-17,False
001277,2021-11-04,2021-11-04,,2021-11-04,3.7,2021-11-04,10,2021-11-04,False
001280,2022-10-09,2022-10-09,,2022-10-09,3.1,2022-10-09,7,2022-10-09,False
001283,2022-04-23,2022-04-23,,2022-04-23,3.1,2022-04-23,15,2022-04-23,False
001289,2024-11-21,2024-11-21,,2024-11-21,2.7,2024-11-21,13,2024-11-21,False
001293,2020-09-21,2020-09-NONE,,2020-09-NONE,6.5,2020-09-NONE,10,2020-09-NONE,False
001296,2023-11-NONE,2023-11-NONE,,2023-11-NONE,12.7,2023-11-NONE,10,2023-11-NONE,False
001299,2021-07-28,2021-07-28,,2021-07-28,5.1,2021-07-28,14,2021-07-28,False
001303,2021-09-14,2021-09-14,2,2021-09-14,6.5,2021-09-14,14,2021-09-14,True
001306,2021-07-19,2021-07-19,,2021-07-19,7.5,2021-07-19,12,2021-07-19,False
001309,2021-04-30,2021-04-30,t,2021-04-30,5.9,2021-04-30,12,2021-04-30,False
001312,2022-10-20,2022-10-20,,2022-10-20,3.2,2022-10-20,11,2022-10-20,False
001315,2021-12-09,2021-12-09,,2021-12-09,3.6,2021-12-09,14,2021-12-09,False
001318,2022-12-07,2020-12-07,2,2020-12-07,6.7,2020-12-07,13,2020-12-07,True
001323,2023-07-09,2023-07-09,2,2023-07-09,8.5,2023-07-09,14,2023-07-09,True
001327,2021-07-19,2021-07-19,,2021-07-19,4.8,2021-07-19,11,2021-07-19,False
001332,2021-12-NONE,2021-12-NONE,,2021-12-NONE,4.4,2021-12-NONE,11,2021-12-NONE,False
001335,2021-10-26,2021-10-26,,2021-10-26,4.6,2021-10-26,14,2021-10-26,False
001339,2021-06-08,2021-06-08,,2021-06-08,4.7,2021-06-08,15,2021-06-08,False
001342,2021-09-10,2021-09-10,,2021-09-10,7.2,2021-09-10,11,2021-09-10,False
001345,2021-08-27,2021-08-27,,2021-08-27,9.4,2021-08-27,11,2021-08-27,False
001349,2021-08-21,2021-08-21,,2021-08-21,2.9,2021-08-21,12,2021-08-21,False
001352,2022-06-27,2022-06-27,,2022-06-27,4.9,2022-06-27,14,2022-06-27,False
001355,2021-07-22,2021-07-22,,2021-07-22,5.4,2021-07-22,14,2021-07-22,False
001360,2021-09-02,NONE-09-21,,NONE-09-21,7.3,NONE-09-21,15,NONE-09-21,False
001363,2021-04-NONE,2021-10-13,,2021-10-13,23.7,2021-10-13,15,2021-10-13,False
001367,2021-09-29,2021-09-22,2,2021-09-22,5.4,2021-09-22,7,2021-09-22,True
001370,2021-12-03,2021-12-03,,2021-12-03,3.4,2021-12-03,13,2021-12-03,False
001373,2022-03-07,2022-03-07,,2022-03-07,3.7,2022-03-07,15,2022-03-07,False
001376,2021-12-02,2021-12-02,,2021-12-02,3.0,2021-12-02,11,2021-12-02,False
001379,NONE,2021-01-22,,2021-01-22,4.1,2021-01-22,13,2021-01-22,False
001382,2023-01-05,2023-01-05,,2023-01-05,6.2,2023-01-05,12,2023-01-05,False
001385,2018-09-NONE,NONE,,NONE,18.8,NONE,11,NONE,False
001389,2021-06-20,2021-06-20,,2021-06-20,7.0,2021-06-20,15,2021-06-20,False
001392,2021-02-25,2021-02-25,,2021-02-25,4.5,2021-02-25,14,2021-02-25,False
001395,2021-09-01,NONE,,NONE,23.2,NONE,15,NONE,False
001398,2021-07-23,2021-07-23,,2021-07-23,9.2,2021-07-23,13,2021-07-23,False
001401,2022-01-29,2022-08-NONE,,2022-08-NONE,29.6,2022-08-NONE,12,2022-08-NONE,False
001404,2021-01-27,2021-01-27,,2021-01-27,16.6,2021-01-27,13,2021-01-27,False
001407,2021-07-31,2031-07-21,,2031-07-21,2.3,2031-07-21,10,2031-07-21,False
001410,2021-05-25,2021-05-05,,2021-05-05,21.4,2021-05-05,11,2021-05-05,False
001414,2021-07-23,2021-07-24,2,2021-07-24,3.0,2021-07-24,13,2021-07-24,True
001418,2021-07-18,2021-07-18,,2021-07-18,6.1,2021-07-18,6,2021-07-18,False
001422,2021-11-NONE,2021-11-NONE,,2021-11-NONE,4.5,2021-11-NONE,15,2021-11-NONE,False
001426,2020-04-17,2020-04-17,,2020-04-17,5.9,2020-04-17,12,2020-04-17,False
001430,2021-01-23,2021-01-01,,2021-01-01,6.2,2021-01-01,14,2021-01-01,False
001433,2021-09-29,2021-09-29,,2021-09-29,3.9,2021-09-29,8,2021-09-29,False
001437,2021-08-29,2021-08-29,,2021-08-29,3.5,2021-08-29,14,2021-08-29,False
001441,2021-06-24,2021-06-24,,2021-06-24,6.6,2021-06-24,11,2021-06-24,False
001444,2021-09-06,2021-09-06,,2021-09-06,4.0,2021-09-06,6,2021-09-06,False
001448,2022-07-22,2022-07-22,,2022-07-22,8.9,2022-07-22,6,2022-07-22,False
001451,2022-04-26,2022-04-26,,2022-04-26,5.1,2022-04-26,13,2022-04-26,False
001454,2022-04-02,2022-04-02,,2022-04-02,8.2,2022-04-02,14,2022-04-02,False
001457,2022-06-28,2022-06-28,,2022-06-28,6.7,2022-06-28,12,2022-06-28,False
001460,2022-11-18,2022-11-18,,2022-11-18,6.0,2022-11-18,14,2022-11-18,False
001464,2022-11-18,2022-11-18,,2022-11-18,4.1,2022-11-18,8,2022-11-18,False
001467,2020-11-03,2031-01-16,,2031-01-16,25.2,2031-01-16,8,2031-01-16,False
001470,2021-12-29,2021-12-29,,2021-12-29,4.7,2021-12-29,12,2021-12-29,False
001473,2022-02-17,2022-02-17,,2022-02-17,4.2,2022-02-17,12,2022-02-17,False
001476,2022-05-10,2020-11-01,2,2020-11-01,11.5,2020-11-01,13,2020-11-01,True
001480,NONE,2020-12-18,m,2020-12-18,5.2,2020-12-18,11,2020-12-18,False
001484,2022-09-28,2022-09-28,,2022-09-28,4.8,2022-09-28,13,2022-09-28,False
001487,2022-12-08,2022-01-08,,2022-01-08,4.2,2022-01-08,11,2022-01-08,False
001491,2023-07-08,2023-07-08,d,2023-07-08,13.0,2023-07-08,11,2023-07-08,False
001494,2023-08-17,NONE,,NONE,23.0,NONE,9,NONE,False
001498,2021-06-30,2021-06-30,,2021-06-30,11.5,2021-06-30,12,2021-06-30,False
001502,2021-06-24,2021-06-24,,2021-06-24,4.6,2021-06-24,15,2021-06-24,False
001505,2021-01-27,2021-01-27,,2021-01-27,4.8,2021-01-27,14,2021-01-27,False
001508,2021-10-19,2021-10-19,,2021-10-19,2.5,2021-10-19,11,2021-10-19,False
001513,2018-05-16,2018-05-16,,2018-05-16,3.8,2018-05-16,8,2018-05-16,False
001518,2022-12-07,2022-12-07,,2022-12-07,3.2,2022-12-07,13,2022-12-07,False
001522,2021-06-14,2021-06-14,2,2021-06-14,7.1,2021-06-14,14,2021-06-14,True
001525,2021-06-25,2021-06-25,,2021-06-25,6.5,2021-06-25,9,2021-06-25,False
001528,2021-06-25,2021-06-25,,2021-06-25,3.0,2021-06-25,15,2021-06-25,False
001531,2022-06-06,2022-06-06,,2022-06-06,3.5,2022-06-06,11,2022-06-06,False
001535,2022-07-11,2022-07-11,,2022-07-11,3.9,2022-07-11,15,2022-07-11,False
001539,2022-01-18,2022-01-18,,2022-01-18,5.9,2022-01-18,15,2022-01-18,False
001542,2022-01-22,2022-01-22,,2022-01-22,2.4,2022-01-22,14,2022-01-22,False
001545,2021-08-02,2021-08-02,,2021-08-02,4.2,2021-08-02,8,2021-08-02,False
001548,2022-09-28,NONE,2,NONE,26.0,NONE,11,NONE,True
001551,2021-10-09,2021-10-09,,2021-10-09,3.3,2021-10-09,15,2021-10-09,False
001556,2022-03-16,2022-03-16,2,2022-03-16,7.4,2022-03-16,13,2022-03-16,True
001560,2020-11-25,2020-11-25,,2020-11-25,8.4,2020-11-25,14,2020-11-25,False
001563,2020-08-05,NONE,2,NONE,28.0,NONE,14,NONE,True
001566,2020-04-23,2020-04-23,,2020-04-23,5.8,2020-04-23,14,2020-04-23,False
001571,2021-06-11,2021-06-11,,2021-06-11,3.7,2021-06-11,6,2021-06-11,False
001575,2022-03-27,2022-03-22,,2022-03-22,2.5,2022-03-22,12,2022-03-27,False
001578,2022-11-05,2022-11-05,,2022-11-05,4.6,2022-11-05,13,2022-11-05,False
001582,2021-11-05,2021-11-05,,2021-11-05,3.0,2021-11-05,11,2021-11-05,False
001586,2021-04-20,2021-04-20,,2021-04-20,2.8,2021-04-20,12,2021-04-20,False
001592,2022-01-05,2022-01-05,,2022-01-05,3.1,2022-01-05,12,2022-01-05,False
001595,2021-12-13,2021-12-13,,2021-12-13,3.6,2021-12-13,8,2021-12-13,False
001598,2021-03-07,2018-02-NONE,2,2018-02-NONE,3.5,2018-02-NONE,11,2018-02-NONE,True
001601,2021-02-11,2021-02-11,,2021-02-11,3.1,2021-02-11,15,2021-02-11,False
001605,2021-03-06,2021-03-06,,2021-03-06,5.5,2021-03-06,14,2021-03-06,False
001608,2021-06-29,2021-06-29,,2021-06-29,2.8,2021-06-29,11,2021-06-29,False
001611,2021-02-12,2021-02-12,,2021-02-12,3.2,2021-02-12,15,2021-02-12,False
001614,2020-09-03,2020-09-03,,2020-09-03,4.5,2020-09-03,12,2020-09-03,False
001617,2021-12-15,2021-12-15,,2021-12-15,2.9,2021-12-15,14,2021-12-15,False
001620,2022-07-19,2022-07-19,,2022-07-19,3.8,2022-07-19,12,2022-07-19,False
001626,2021-07-03,2021-07-03,,2021-07-03,2.5,2021-07-03,13,2021-07-03,False
001630,2022-10-21,2022-10-21,,2022-10-21,3.1,2022-10-21,14,2022-10-21,False
001633,2021-05-12,2021-05-12,,2021-05-12,6.0,2021-05-12,12,2021-05-12,False
001637,2021-04-12,2021-04-12,,2021-04-12,2.5,2021-04-12,12,2021-04-12,False
001640,2021-02-28,2021-02-28,,2021-02-28,12.0,2021-02-28,8,2021-02-28,False
001643,2021-10-16,2021-10-16,,2021-10-16,5.3,2021-10-16,15,2021-10-16,False
001646,2021-10-12,NONE,,NONE,9.8,NONE,7,NONE,False
001649,2019-08-18,2021-01-21,,2021-01-21,3.0,2021-01-21,12,2019-08-18,False
001652,2021-03-09,2021-03-09,,2021-03-09,4.2,2021-03-09,11,2021-03-09,False
001655,2019-09-12,2019-09-12,,2019-09-12,6.5,2019-09-12,13,2019-09-12,False
001659,2022-10-05,2022-10-05,,2022-10-05,5.9,2022-10-05,11,2022-10-05,False
001663,2020-08-29,2020-08-29,,2020-08-29,6.0,2020-08-29,11,2020-08-29,False
001667,2021-09-14,2021-09-14,,2021-09-14,4.6,2021-09-14,12,2021-09-14,False
001670,2021-10-23,2021-10-23,2,2021-10-23,7.5,2021-10-23,14,2021-10-23,True
001673,2021-05-19,2021-05-19,,2021-05-19,13.2,2021-05-19,11,2021-05-19,False
001676,2021-03-15,2021-03-15,,2021-03-15,5.3,2021-03-15,7,2021-03-15,False
001681,2022-10-22,2022-10-22,,2022-10-22,3.3,2022-10-22,13,2022-10-22,False
001684,2021-11-14,2021-11-14,,2021-11-14,4.1,2021-11-14,14,2021-11-14,False
001687,2020-11-27,2020-11-27,,2020-11-27,3.5,2020-11-27,14,2020-11-27,False
001691,2020-08-16,2020-08-16,,2020-08-16,5.3,2020-08-16,9,2020-08-16,False
001695,2022-07-01,2022-07-01,,2022-07-01,5.2,2022-07-01,14,2022-07-01,False
001699,2021-12-22,2021-12-22,,2021-12-22,3.7,2021-12-22,13,2021-12-22,False
001702,2021-05-17,2021-05-17,,2021-05-17,4.1,2021-05-17,12,2021-05-17,False
001705,2021-06-04,2021-06-04,,2021-06-04,4.5,2021-06-04,6,2021-06-04,False
001709,2021-04-12,2021-04-12,,2021-04-12,2.6,2021-04-12,13,2021-04-12,False
001712,2021-07-18,2021-07-18,2,2021-07-18,6.8,2021-07-18,14,2021-07-18,True
001715,2021-02-07,2021-02-07,,2021-02-07,2.9,2021-02-07,14,2021-02-07,False
001718,2021-02-08,2021-02-08,,2021-02-08,3.2,2021-02-08,10,2021-02-08,False
001721,2021-07-06,2021-07-06,2,2021-07-06,8.1,2021-07-06,15,2021-07-06,True
001724,2021-05-13,2021-05-13,,2021-05-13,3.2,2021-05-13,13,2021-05-13,False
001728,2021-02-08,2021-02-08,,2021-02-08,2.9,2021-02-08,11,2021-02-08,False
001731,2021-10-02,2021-10-02,,2021-10-02,2.3,2021-10-02,7,2021-10-02,False
001735,2022-01-20,2022-01-20,,2022-01-20,3.0,2022-01-20,15,2022-01-20,False
001740,2022-11-01,2022-11-01,,2022-11-01,3.1,2022-11-01,11,2022-11-01,False
001744,2022-01-28,2022-01-28,2,2022-01-28,4.1,2022-01-28,13,2022-01-28,True
001748,2019-07-03,2030-12-14,2,2030-12-14,27.3,2030-12-14,13,2030-12-14,True
001751,2021-06-28,2021-06-28,,2021-06-28,5.4,2021-06-28,10,2021-06-28,False
001754,2021-12-05,2021-12-05,,2021-12-05,3.3,2021-12-05,14,2021-12-05,False
001758,2023-03-09,2023-03-09,,2023-03-09,4.6,2023-03-09,15,2023-03-09,False
001762,2021-11-22,2021-11-22,,2021-11-22,4.7,2021-11-22,11,2021-11-22,False
001765,2021-09-10,2021-09-21,,2021-09-21,3.9,2021-09-21,15,2021-09-21,False
001768,2021-06-29,2020-12-30,2,2021-06-29,4.8,2021-06-29,14,2021-06-29,True
001772,2020-08-07,2020-08-07,,2020-08-07,5.3,2020-08-07,11,2020-08-07,False
001775,2021-04-02,2021-04-02,,2021-04-02,3.6,2021-04-02,15,2021-04-02,False
001780,2020-09-01,2020-09-01,2,2020-09-01,9.5,2020-09-01,11,2020-09-01,True
001783,2021-06-13,2021-06-13,,2021-06-13,2.1,2021-06-13,14,2021-06-13,False
001787,2020-12-NONE,NONE-12-20,,NONE-12-20,3.7,NONE-12-20,11,NONE-12-20,False
001790,2021-01-16,2021-01-16,,2021-01-16,2.9,2021-01-16,7,2021-01-16,False
001793,2021-11-07,2021-11-07,,2021-11-07,3.9,2021-11-07,13,2021-11-07,False
001796,2021-01-27,2021-01-27,,2021-01-27,4.2,2021-01-27,11,2021-01-27,False
001799,2021-10-14,2021-10-14,,2021-10-14,3.8,2021-10-14,11,2021-10-14,False
001802,2021-05-03,2021-08-05,,2021-08-05,3.7,2021-08-05,8,2021-08-05,False
001805,2020-11-09,2020-11-09,2,2020-02-10,8.2,2020-02-10,14,2020-02-10,True
001808,2020-08-13,2020-08-13,2,2020-08-13,4.3,2020-08-13,12,2020-08-13,True
001811,2023-10-22,2023-10-02,,2023-10-02,11.0,2023-10-02,14,2023-10-02,False
001814,2022-06-07,2022-06-07,,2022-06-07,4.7,2022-06-07,11,2022-06-07,False
001818,2022-01-18,2021-01-19,,2022-01-18,14.5,2022-01-18,15,2022-01-18,False
001821,2020-09-01,2020-09-01,,2020-09-01,7.9,2020-09-01,11,2020-09-01,False
001824,2021-09-07,2021-09-07,,2021-09-07,6.9,2021-09-07,13,2021-09-07,False
001828,2021-11-28,2021-11-28,,2021-11-28,5.7,2021-11-28,11,2021-11-28,False
001831,2020-12-NONE,2020-12-NONE,,2020-12-NONE,2.8,2020-12-NONE,15,2020-12-NONE,False
001834,2022-07-12,2022-07-12,,2022-07-12,5.9,2022-07-12,11,2022-07-12,False
001837,2021-10-02,2021-10-02,,2021-10-02,3.0,2021-10-02,11,2021-10-02,False
001840,2021-09-30,2021-09-30,,2021-09-30,2.8,2021-09-30,9,2021-09-30,False
001844,2021-11-23,2021-11-23,,2021-11-23,3.7,2021-11-23,14,2021-11-23,False
001847,2021-09-23,2021-09-23,,2021-09-23,3.2,2021-09-23,14,2021-09-23,False
001850,2021-12-16,2021-12-16,,2021-12-16,3.0,2021-12-16,11,2021-12-16,False
001853,2022-08-13,NONE,,NONE,11.2,NONE,11,NONE,False
001856,2023-10-28,2023-10-28,,2023-10-28,4.8,2023-10-28,13,2023-10-28,False
001860,2022-07-06,2030-10-05,,2030-10-05,12.5,2030-10-05,7,2030-10-05,False
001863,2023-08-04,2023-08-04,,2023-08-04,4.1,2023-08-04,12,2023-08-04,False
001866,2021-09-17,2021-09-17,,2021-09-17,2.6,2021-09-17,9,2021-09-17,False
001869,2021-09-26,2021-09-26,2,2021-09-26,4.2,2021-09-26,11,2021-09-26,True
001872,2022-10-14,2022-10-14,,2022-10-14,6.2,2022-10-14,13,2022-10-14,False
001876,2021-09-30,2021-09-30,d,2021-09-30,7.5,2021-09-30,11,2021-09-30,False
001879,2021-09-01,2021-09-01,,2021-09-01,9.8,2021-09-01,14,2021-09-01,False
001882,2021-06-20,2021-06-20,,2021-06-20,2.2,2021-06-20,14,2021-06-20,False
001885,2021-12-05,2021-12-05,2,2021-12-05,5.4,2021-12-05,11,2021-12-05,True
001888,2023-08-22,2023-08-22,,2023-08-22,2.5,2023-08-22,13,2023-08-22,False
001891,2022-05-22,2022-05-22,,2022-05-22,2.8,2022-05-22,13,2022-05-22,False
001895,2021-03-17,2021-03-17,,2021-03-17,3.5,2021-03-17,9,2021-03-17,False
001898,2021-05-29,2021-05-29,t,2021-05-29,2.8,2021-05-29,12,2021-05-29,False
001902,2021-10-28,2021-10-28,,2021-10-28,3.5,2021-10-28,12,2021-10-28,False
001905,2022-01-15,2022-01-15,,2022-01-15,4.0,2022-01-15,14,2022-01-15,False
001908,2021-08-16,2021-08-16,,2021-08-16,2.8,2021-08-16,14,2021-08-16,False
001911,2021-05-21,2021-05-21,,2021-05-21,5.2,2021-05-21,14,2021-05-21,False
001914,2021-09-14,2021-09-14,,2021-09-14,3.5,2021-09-14,15,2021-09-14,False
001917,2021-05-25,2021-05-25,,2021-05-25,2.0,2021-05-25,10,2021-05-25,False
001922,2022-06-14,2022-06-14,,2022-06-14,4.6,2022-06-14,12,2022-06-14,False
001926,2021-04-27,2021-04-27,,2021-04-27,2.8,2021-04-27,14,2021-04-27,False
001930,2022-01-01,2022-01-01,,2022-01-01,4.0,2022-01-01,14,2022-01-01,False
001933,2022-01-22,2022-01-22,,2022-01-22,3.4,2022-01-22,15,2022-01-22,False
001936,2021-12-21,2021-12-21,,2021-12-21,5.2,2021-12-21,7,2021-12-21,False
001939,2021-03-14,2021-03-14,,2021-03-14,3.9,2021-03-14,6,2021-03-14,False
001943,2023-09-29,2023-09-29,,2023-09-29,3.8,2023-09-29,15,2023-09-29,False
001947,2022-08-10,2020-08-10,2,2020-08-10,4.3,2020-08-10,9,2020-08-10,True
001950,2023-07-16,2023-07-16,,2023-07-16,8.6,2023-07-16,12,2023-07-16,False
001953,2021-10-NONE,2021-10-NONE,,2021-01-04,44.0,2021-01-04,11,2021-01-04,False
001956,2021-10-NONE,2021-10-NONE,,2021-10-NONE,6.2,2021-10-NONE,12,2021-10-NONE,False
001959,2020-11-13,2020-11-13,,2020-11-13,5.1,2020-11-13,14,2020-11-13,False
001963,2021-10-09,2021-10-09,2,2021-10-09,4.2,2021-10-09,14,2021-10-09,True
001967,2022-08-24,2022-08-24,,2022-08-24,4.2,2022-08-24,13,2022-08-24,False
001970,2021-06-18,2021-06-18,,2021-06-18,4.8,2021-06-18,15,2021-06-18,False
001973,2023-03-15,2023-03-15,,2023-03-15,3.7,2023-03-15,7,2023-03-15,False
001978,2020-11-04,2020-11-04,,2020-11-04,2.4,2020-11-04,11,2020-11-04,False
001984,2022-01-19,2022-01-19,,2022-01-19,4.9,2022-01-19,15,2022-01-19,False
001987,2021-12-28,NONE,,NONE,36.7,NONE,15,NONE,False
001990,2022-11-23,2022-11-23,,2022-11-23,4.4,2022-11-23,12,2022-11-23,False
001993,2021-10-29,2021-10-29,,2021-10-29,5.0,2021-10-29,12,2021-10-29,False
001996,2021-12-18,2021-12-18,,2021-12-18,2.7,2021-12-18,15,2021-12-18,False
001999,2021-04-24,2021-04-24,,2021-04-24,6.2,2021-04-24,11,2021-04-24,False
002002,2022-01-27,2022-01-27,b,2022-01-27,2.5,2022-01-27,12,2022-01-27,False
002005,2022-07-27,2022-07-27,,2022-07-27,2.5,2022-07-27,6,2022-07-27,False
002009,2021-12-02,2021-12-02,,2021-12-02,2.6,2021-12-02,11,2021-12-02,False
002014,2023-06-28,2023-06-28,,2023-06-28,6.0,2023-06-28,12,2023-06-28,False
002018,2021-10-23,2021-10-23,,2021-10-23,3.1,2021-10-23,12,2021-10-23,False
002023,2020-11-10,2020-11-10,,2020-11-10,3.1,2020-11-10,11,2020-11-10,False
002026,NONE,2020-01-03,,2020-01-03,5.7,2020-01-03,13,2020-01-03,False
002029,2020-11-22,2020-11-22,,2020-11-22,4.8,2020-11-22,15,2020-11-22,False
002035,2017-12-20,2017-12-20,,2017-12-20,2.9,2017-12-20,15,2017-12-20,False
002039,2021-12-03,2021-12-03,,2021-12-03,3.3,2021-12-03,13,2021-12-03,False
002043,2019-12-20,2019-12-20,,2019-12-20,2.4,2019-12-20,12,2019-12-20,False
002046,2021-12-10,2021-12-10,,2021-12-10,4.7,2021-12-10,11,2021-12-10,False
002049,2021-03-25,2021-03-25,,2021-03-25,6.2,2021-03-25,11,2021-03-25,False
002052,NONE-04-14,NONE,,NONE,20.9,NONE,6,NONE,False
002055,2021-12-NONE,NONE,,NONE,32.6,NONE,13,NONE,False
002059,2022-06-22,2022-06-22,,2022-06-22,5.7,2022-06-22,11,2022-06-22,False
002062,2023-02-NONE,2020-02-NONE,,2023-02-NONE,5.1,2023-02-NONE,14,2023-02-NONE,False
002065,2021-09-03,2021-09-03,,2021-09-03,4.8,2021-09-03,11,2021-09-03,False
002068,2022-11-09,2022-11-09,d,2022-11-09,3.5,2022-11-09,11,2022-11-09,False
002071,2022-03-24,2022-03-24,,2022-03-24,4.6,2022-03-24,13,2022-03-24,False
002074,2020-05-28,2020-05-28,,2020-05-28,3.4,2020-05-28,14,2020-05-28,False
002077,2020-10-21,2020-10-21,,2020-10-21,2.8,2020-10-21,12,2020-10-21,False
002080,2021-01-03,2021-01-03,,2021-01-03,3.2,2021-01-03,8,2021-01-03,False
002084,2020-11-06,2020-03-13,,2020-11-06,5.1,2020-11-06,6,2020-11-06,False
002088,2021-09-03,2021-09-03,,2021-09-03,3.5,2021-09-03,14,2021-09-03,False
002092,2021-09-21,2021-09-21,,2021-09-21,2.8,2021-09-21,13,2021-09-21,False
002095,2021-04-28,2021-04-28,,2021-04-28,3.5,2021-04-28,11,2021-04-28,False
002098,2021-05-25,2021-05-25,,2021-05-25,4.5,2021-05-25,12,2021-05-25,False
002102,2021-12-25,2021-02-11,,2021-12-19,1.8,2021-12-19,12,2021-12-19,False
002108,2020-09-01,2020-09-01,,2020-09-01,5.8,2020-09-01,9,2020-09-01,False
002113,2022-03-12,2022-03-12,,2022-03-12,3.3,2022-03-12,12,2022-03-12,False
002116,2020-07-05,2020-07-05,,2020-07-05,5.8,2020-07-05,13,2020-07-05,False
002119,2021-01-03,2021-01-03,,2021-01-03,6.5,2021-01-03,15,2021-01-03,False
002122,2021-10-09,2021-10-09,,2021-10-09,5.2,2021-10-09,11,2021-10-09,False
002125,2021-04-21,2021-04-24,,2021-04-24,6.6,2021-04-24,12,2021-04-24,False
002128,2021-08-12,2021-08-12,,2021-08-12,3.8,2021-08-12,13,2021-08-12,False
002131,2021-11-01,2021-11-01,,2021-11-01,3.4,2021-11-01,14,2021-11-01,False
002134,2022-11-02,2022-11-02,,2022-11-02,7.1,2022-11-02,11,2022-11-02,False
002137,2021-10-11,2021-10-11,,2021-10-11,7.1,2021-10-11,15,2021-10-11,False
002140,2021-05-05,2021-05-05,,2021-05-05,3.1,2021-05-05,11,2021-05-05,False
002144,2021-07-13,2021-07-13,,2021-07-13,4.3,2021-07-13,7,2021-07-13,False
002147,2022-07-26,2022-07-02,,2022-07-26,4.9,2022-07-02,7,2022-07-26,False
002150,2021-03-31,2021-03-31,,2021-03-31,4.1,2021-03-31,7,2021-03-31,False
002154,2021-05-21,2021-05-21,,2021-05-21,3.5,2021-05-21,13,2021-05-21,False
002157,2021-12-25,NONE,,NONE,15.8,NONE,12,NONE,False
002160,2021-04-08,2021-04-08,,2021-04-08,5.3,2021-04-08,12,2021-04-08,False
002163,2023-06-18,NONE,?,NONE,20.6,NONE,15,NONE,False
002166,2021-04-12,2021-04-12,,2021-04-12,2.5,2021-04-12,13,2021-04-12,False
002169,2020-01-15,2020-01-15,,2020-01-15,3.2,2020-01-15,13,2020-01-15,False
002173,NONE-07-01,NONE-07-01,,NONE-07-01,1.5,NONE-07-01,14,NONE-07-01,False
002176,2021-02-11,2021-02-11,,2021-02-11,2.6,2021-02-11,14,2021-02-11,False
002180,2022-01-19,2022-01-19,,2022-01-19,7.0,2022-01-19,15,2022-01-19,False
002184,2020-09-25,2020-09-25,,2020-09-25,3.6,2020-09-25,15,2020-09-25,False
002187,2020-06-10,2020-06-10,,2020-06-10,3.6,2020-06-10,11,2020-06-10,False
002190,2022-02-04,NONE,b,NONE,11.9,NONE,14,NONE,False
002193,2020-06-10,2020-06-10,,2020-06-10,2.0,2020-06-10,14,2020-06-10,False
002196,2021-10-28,2021-10-28,,2021-10-28,2.7,2021-10-28,13,2021-10-28,False
002199,2021-08-05,2021-08-05,,2021-08-05,2.1,2021-08-05,12,2021-08-05,False
002203,2021-01-08,2021-09-10,2,2021-09-10,5.1,2021-09-10,12,2021-09-10,True
002208,2022-05-31,2022-05-31,,2022-05-31,3.4,2022-05-31,12,2022-05-31,False
002212,2020-10-30,2020-10-30,,2020-10-30,13.5,2020-10-30,13,2020-10-30,False
002215,2020-10-06,2020-10-16,,2020-10-16,2.6,2020-10-16,11,2020-10-16,False
002218,2023-05-NONE,2023-05-NONE,,2023-05-NONE,3.2,2023-05-NONE,14,2023-05-NONE,False
002221,2022-06-03,2022-06-03,,2022-06-03,2.7,2022-06-03,12,2022-06-03,False
002224,2022-09-14,2022-09-14,,2022-09-14,3.4,2022-09-14,9,2022-09-14,False
002227,2023-03-03,2023-03-03,,2023-03-03,12.1,2023-03-03,14,2023-03-03,False
002230,2022-07-21,2022-07-21,,2022-07-21,2.8,2022-07-21,12,2022-07-21,False
002233,2023-01-21,2023-01-21,,2023-01-21,2.6,2023-01-21,14,2023-01-21,False
002236,2021-06-08,2021-06-08,,2021-06-08,6.2,2021-06-08,13,2021-06-08,False
002240,2021-05-26,2021-05-26,,2021-05-26,2.2,2021-05-26,11,2021-05-26,False
002244,2021-05-21,2021-05-21,2,2021-05-21,6.7,2021-05-21,13,2021-05-21,True
002247,2021-09-07,2021-09-07,,2021-09-07,3.1,2021-09-07,12,2021-09-07,False
002250,2021-05-09,2021-05-09,,2021-05-09,14.8,2021-05-09,12,2021-05-09,False
002253,2022-01-04,2022-01-04,,2022-01-04,2.8,2022-01-04,13,2022-01-04,False
002256,2021-04-30,2021-04-30,,2021-04-30,3.6,2021-04-30,13,2021-04-30,False
002261,2022-01-11,2022-01-11,,2022-01-11,2.6,2022-01-11,11,2022-01-11,False
002266,NONE-03-05,NONE-03-05,,NONE-03-05,2.6,NONE-03-05,12,NONE-03-05,False
002269,2021-03-16,2021-03-16,,2021-03-16,2.8,2021-03-16,15,2021-03-16,False
002272,2021-08-02,2021-08-02,,2021-08-02,4.0,2021-08-02,13,2021-08-02,False
002275,2023-12-22,2023-12-22,2,2023-12-22,1.8,2023-12-22,12,2023-12-22,True
002278,2023-07-NONE,2023-07-NONE,,2023-07-NONE,6.8,2023-07-NONE,15,2023-07-NONE,False
002286,2021-12-31,2021-12-31,,2021-12-31,4.2,2021-12-31,11,2021-12-31,False
002290,2021-09-10,2021-09-10,,2021-09-10,2.3,2021-09-10,13,2021-09-10,False
002293,2021-07-03,2021-07-03,,2021-07-03,9.1,2021-07-03,6,2021-07-03,False
002297,2022-06-06,2022-06-06,,2022-06-06,2.6,2022-06-06,10,2022-06-06,False
002300,2022-01-31,2022-01-31,,2022-01-31,2.9,2022-01-31,15,2022-01-31,False
002304,2022-07-31,2022-07-31,,2022-07-31,3.0,2022-07-31,11,2022-07-31,False
002307,2021-11-15,2020-02-02,,2020-02-02,13.7,2020-02-02,15,2020-02-02,False
002310,NONE-03-13,NONE-03-01,2,NONE-03-01,4.4,NONE-03-01,14,NONE-03-01,True
002315,2022-06-15,2022-06-15,,2022-06-15,9.7,2022-06-15,13,2022-06-15,False
002319,2020-10-29,2020-10-29,,2020-10-29,1.4,2020-10-29,14,2020-10-29,False
002322,NONE-04-15,NONE-04-15,,NONE-04-15,7.4,NONE-04-15,15,NONE-04-15,False
002325,2020-09-06,2020-09-06,,2020-09-06,1.5,2020-09-06,15,2020-09-06,False
002328,2021-10-20,2020-10-21,2,2020-10-21,1.4,2020-10-21,12,2020-10-21,True
002331,2021-12-16,2021-12-16,,2021-12-16,1.1,2021-12-16,15,2021-12-16,False
002336,2021-11-19,NONE-11-19,,2021-11-19,1.5,2021-11-19,13,2021-11-19,False
002340,2021-12-28,2021-12-28,,2021-12-28,4.1,2021-12-28,13,2021-12-28,False
002343,2022-04-09,2022-04-09,,2022-04-09,5.3,2022-04-09,11,2022-04-09,False
002346,NONE-02-12,NONE,,NONE,7.8,NONE,14,NONE,False
002352,2021-09-13,2021-09-13,,2021-09-13,2.2,2021-09-13,13,2021-09-13,False
002355,2021-02-12,2021-02-12,,2021-02-12,2.0,2021-02-12,13,2021-02-12,False
002358,2021-10-10,2021-10-10,,2021-10-10,2.5,2021-10-10,7,2021-10-10,False
002361,2019-12-10,2019-12-10,,2019-12-10,2.5,2019-12-10,12,2019-12-10,False
002364,2021-08-04,2021-08-04,,2021-08-04,2.9,2021-08-04,15,2021-08-04,False
002367,2020-10-01,2020-10-01,,2020-10-01,1.7,2020-10-01,15,2020-10-01,False
002370,2022-05-12,2022-05-12,,2022-05-12,2.0,2022-05-12,15,2022-05-12,False
002373,2021-12-27,2028-10-NONE,,2028-10-NONE,1.4,2028-10-NONE,14,2028-10-NONE,False
002376,2019-10-28,2019-10-28,,2019-10-28,2.9,2019-10-28,11,2019-10-28,False
002379,2022-10-20,2022-10-20,,2022-10-20,3.8,2022-10-20,11,2022-10-20,False
002383,2020-10-08,2020-10-08,,2020-10-08,5.1,2020-10-08,11,2020-10-08,False
002386,2019-08-18,2019-08-18,2,2019-08-18,3.4,2019-08-18,7,2019-08-18,True
002389,2021-08-04,2021-08-04,,2021-08-04,1.9,2021-08-04,13,2021-08-04,False
002392,2021-07-21,2021-07-21,,2021-07-21,3.9,2021-07-21,15,2021-07-21,False
002395,2023-11-11,2023-11-11,,2023-11-11,1.8,2023-11-11,14,2023-11-11,False
002398,2021-09-18,2021-09-18,,2021-09-18,2.0,2021-09-18,14,2021-09-18,False
002401,2022-11-04,2022-12-04,,2022-12-04,8.1,2022-12-04,11,2022-12-04,False
002404,2022-10-02,NONE,,NONE,8.4,NONE,13,NONE,False
002407,2022-03-08,2022-03-08,,2022-03-08,4.1,2022-03-08,11,2022-03-08,False
002410,2022-04-NONE,2022-04-NONE,,2022-04-NONE,1.4,2022-04-NONE,14,2022-04-NONE,False
002413,2022-07-20,2022-07-20,,2022-07-20,2.5,2022-07-20,12,2022-07-20,False
002417,2021-12-25,2021-12-25,,2021-12-25,1.3,2021-12-25,12,2021-12-25,False
002422,2023-02-07,2023-02-07,,2023-02-07,3.3,2023-02-07,15,2023-02-07,False
002425,2022-06-09,2022-06-09,,2022-06-09,2.1,2022-06-09,11,2022-06-09,False
002429,2022-07-03,2022-07-03,,2022-07-03,4.1,2022-07-03,11,2022-07-03,False
002432,NONE,2020-07-16,,2020-07-16,10.5,2020-07-16,13,2020-07-16,False
002437,2020-09-13,2020-09-13,,2020-09-13,4.5,2020-09-13,10,2020-09-13,False
002441,2021-08-03,2021-08-03,,2021-08-03,2.7,2021-08-03,13,2021-08-03,False
002445,2021-01-16,2021-01-16,,2021-01-16,2.6,2021-01-16,14,2021-01-16,False
002449,2021-06-09,2021-06-09,2,2021-06-09,2.8,2021-06-09,14,2021-06-09,True
002452,2021-12-22,NONE,,NONE,35.3,NONE,15,NONE,False
002455,2023-02-NONE,2023-02-NONE,,2023-02-NONE,4.3,2023-02-NONE,8,2023-02-NONE,False
002458,2022-04-NONE,2022-04-NONE,,2022-04-NONE,23.2,2022-04-NONE,12,2022-04-NONE,False
002461,2021-10-31,2021-10-31,,2021-10-31,3.3,2021-10-31,15,2021-10-31,False
002464,2022-05-NONE,2022-05-NONE,,2022-05-NONE,3.0,2022-05-NONE,9,2022-05-NONE,False
002467,2021-05-18,2021-05-18,2,2021-05-18,2.3,2021-05-18,13,2021-05-18,True
002472,2021-03-18,2021-03-18,2,2021-03-18,2.2,2021-03-18,12,2021-03-18,True
002475,2021-03-13,2021-03-13,,2021-03-13,3.9,2021-03-13,11,2021-03-13,False
002478,2023-03-15,2023-03-15,,2023-03-15,3.0,2023-03-15,14,2023-03-15,False
002481,2021-03-28,2021-03-28,,2021-03-28,4.5,2021-03-28,13,2021-05-28,False
002484,2021-05-05,NONE,,NONE,10.8,NONE,11,NONE,False
002487,NONE,2021-02-06,m,2021-02-06,4.0,2021-02-06,15,2021-02-06,False
002490,2021-04-18,2021-04-18,,2021-04-18,3.4,2021-04-18,11,2021-04-18,False
002493,2022-02-10,2022-02-10,2,2022-02-10,3.6,2022-02-10,15,2022-02-10,True
002496,2021-01-27,2021-01-27,,2021-01-27,2.5,2021-01-27,12,2021-01-27,False
002500,2021-08-21,2021-08-21,,2021-08-21,4.9,2021-08-21,11,2021-08-21,False
002503,2022-01-24,2022-01-24,,2022-01-24,1.9,2022-01-24,13,2022-01-24,False
002506,2021-08-08,2021-08-08,,2021-08-08,2.6,2021-08-08,9,2021-08-08,False
002509,2021-11-09,2021-11-09,,2021-11-09,1.8,2021-11-09,12,2021-11-09,False
002513,2021-11-04,2021-11-04,,2021-11-04,2.0,2021-11-04,12,2021-11-04,False
002516,2022-07-20,2022-07-20,,2022-07-20,2.0,2022-07-20,13,2022-07-20,False
002520,2023-10-02,2023-10-02,,2023-10-02,1.9,2023-10-02,14,2023-10-02,False
002523,2022-09-14,2022-09-14,,2022-09-14,2.2,2022-09-14,15,2022-09-14,False
002526,2023-02-15,2023-02-15,,2023-02-15,2.0,2023-02-15,11,2023-02-15,False
002530,2022-01-19,2022-01-19,,2022-01-19,3.9,2022-01-19,13,2022-01-19,False
002534,2021-12-04,2021-12-04,,2021-12-04,2.1,2021-12-04,11,2021-12-04,False
002537,2021-09-22,2021-09-22,,2021-09-22,10.1,2021-09-22,12,2021-09-22,False
002540,2021-12-19,2021-12-19,,2021-12-19,3.9,2021-12-19,6,2021-12-19,False
002543,2021-10-17,NONE-10-17,,NONE-10-17,4.8,NONE-10-17,12,NONE-10-17,False
002549,2021-04-02,2021-04-02,,2021-04-02,9.3,2021-04-02,12,2021-04-02,False
002552,2021-01-22,2021-01-22,,2021-01-22,9.3,2021-01-22,12,2021-01-22,False
002555,2021-11-18,2021-11-18,,2021-11-18,2.6,2021-11-18,12,2021-11-18,False
002558,2022-04-01,2022-04-01,,2022-04-01,1.9,2022-04-01,14,2022-04-01,False
002561,2022-10-21,NONE-10-21,,NONE-10-21,3.8,NONE-10-21,13,NONE-10-21,False
002564,2021-09-25,2021-09-25,,2021-09-25,3.8,2021-09-25,13,2021-09-25,False
002567,2021-10-15,2021-10-15,,2021-10-15,1.5,2021-10-15,11,2021-10-15,False
002570,2021-05-07,2021-05-07,2,2021-05-07,4.2,2021-05-07,11,2021-05-07,True
002574,2021-12-16,2021-12-16,,2021-12-16,2.5,2021-12-16,15,2021-12-16,False
002578,2024-01-14,2024-01-14,,2024-01-14,4.1,2024-01-14,13,2024-01-14,False
002581,2021-11-17,2021-01-17,,2021-01-17,3.8,2021-01-17,13,2021-01-17,False
002584,2023-11-04,2023-11-04,,2023-11-04,2.7,2023-11-04,14,2023-11-04,False
002588,2023-10-15,2023-10-15,2,2023-10-15,3.1,2023-10-15,12,2023-10-15,True
002594,2022-08-05,2022-08-05,,2022-08-05,2.9,2022-08-05,11,2022-08-05,False
002599,2021-12-NONE,2021-12-NONE,,2021-12-NONE,3.0,2021-12-NONE,13,2021-12-NONE,False
002602,2022-07-07,2022-07-07,,2022-07-07,5.0,2022-07-07,11,2022-07-07,False
002610,2021-07-11,2020-11-13,2,2020-11-13,2.7,2020-11-13,13,2020-11-13,True
002613,2023-04-NONE,2023-04-NONE,,2023-04-NONE,2.7,2023-04-NONE,12,2023-04-NONE,False
002618,2022-05-04,2022-05-04,,2022-05-04,9.6,2022-05-04,14,2022-05-04,False
002621,2023-12-21,2023-12-21,,2023-12-21,2.0,2023-12-21,13,2023-12-21,False
002624,2022-12-19,2022-12-19,b,2022-12-19,1.5,2022-12-19,14,2022-12-19,False
002627,2021-12-08,2021-12-08,,2021-12-08,1.7,2021-12-08,12,2021-12-08,False
002631,2022-01-20,2022-01-20,,2022-01-20,4.5,2022-01-20,15,2022-01-20,False
002634,2022-02-03,2022-02-03,,2022-02-03,4.7,2022-02-03,13,2022-02-03,False
002637,2022-11-01,2022-11-01,,2022-11-01,4.2,2022-11-01,12,2022-11-01,False
002640,2021-12-04,2021-12-04,,2021-12-04,3.0,2021-12-04,11,2021-12-04,False
002644,2022-11-NONE,NONE,,NONE,19.1,NONE,15,NONE,False
002648,2022-01-24,2022-01-24,,2022-01-24,2.3,2022-01-24,12,2022-01-24,False
002652,2021-08-18,2021-08-18,,2021-08-18,2.0,2021-08-18,12,2021-08-18,False
002657,2021-07-01,2021-07-01,,2021-07-01,4.4,2021-07-01,12,2021-07-01,False
002660,2022-06-11,2022-06-11,,2022-06-11,3.4,2022-06-11,11,2022-06-11,False
002663,2021-08-18,2021-08-18,2,2021-08-18,3.4,2021-08-18,14,2021-08-18,True
002668,2021-09-09,2021-09-09,,2021-09-09,2.2,2021-09-09,10,2021-09-09,False
002671,2021-04-05,2021-04-05,,2021-04-05,4.1,2021-04-05,14,2021-04-05,False
002675,2021-03-23,2021-03-23,,2021-03-23,2.7,2021-03-23,11,2021-03-23,False
002678,2021-08-04,2021-08-04,,2021-08-04,1.5,2021-08-04,15,2021-08-04,False
002681,2021-09-10,2021-09-10,,2021-09-10,4.6,2021-09-10,15,2021-09-10,False
002684,2021-12-03,2027-12-03,,2027-12-03,1.4,2027-12-03,12,2027-12-03,False
002687,NONE,2021-02-02,,2021-02-02,1.5,2021-02-02,13,2021-02-02,False
002690,NONE-03-11,NONE-03-11,,NONE-03-11,1.5,NONE-03-11,13,NONE-03-11,False
002694,2021-04-19,NONE,,NONE,13.0,NONE,13,NONE,False
002697,2021-06-06,2021-06-06,,2021-06-06,4.6,2021-06-06,14,2021-06-06,False
002701,2022-12-16,2022-12-16,,2022-12-16,5.2,2022-12-16,11,2022-12-16,False
002705,2021-12-07,2021-12-07,,2021-12-07,3.0,2021-12-07,13,2021-12-07,False
002708,2020-01-22,2021-08-06,,2021-08-06,2.3,2021-08-06,15,2021-08-06,False
002711,2022-01-11,2022-01-11,,2022-01-11,2.1,2022-01-11,13,2022-01-11,False
002714,2021-10-22,2021-12-12,?b,2021-12-12,2.4,2021-12-12,9,2021-12-12,False
002718,2022-02-23,2022-02-23,,2022-02-23,1.2,2022-02-23,14,2022-02-23,False
002721,2022-12-30,2022-12-30,,2022-12-30,3.6,2022-12-30,11,2022-12-30,False
002725,2021-10-28,2021-10-28,,2021-10-28,2.9,2021-10-28,14,2021-10-28,False
002728,2021-11-04,2021-11-04,,2021-11-04,4.1,2021-11-04,15,2021-11-04,False
002731,2021-04-18,2021-04-18,,2021-04-18,2.9,2021-04-18,14,2021-04-18,False
002734,2022-02-04,2022-02-04,,2022-02-04,2.4,2022-02-04,8,2022-02-04,False
002737,2021-06-12,NONE-12-06,,NONE-12-06,7.8,NONE-12-06,15,NONE-12-06,False
002741,2021-12-18,2021-12-18,,2021-12-18,2.1,2021-12-18,8,2021-12-18,False
002746,2022-01-08,2022-01-08,,2022-01-08,3.9,2022-01-08,9,2022-01-08,False
002749,2020-12-NONE,2020-12-17,,2020-12-17,2.5,2020-12-17,6,2020-12-17,False
002752,2022-01-NONE,2022-01-NONE,,2022-01-NONE,2.1,2022-01-NONE,15,2022-01-NONE,False
002755,2021-05-16,2022-12-01,,2022-12-01,7.4,2022-12-01,15,2022-12-01,False
002758,2022-09-10,2022-09-10,,2022-09-10,2.9,2022-09-10,14,2022-09-10,False
002761,2023-06-01,2023-06-01,2,2023-06-01,6.3,2023-06-01,14,2023-06-01,True
002765,2021-03-16,2021-02-03,,2021-03-16,2.9,2021-03-16,15,2021-03-16,False
002768,2021-12-01,2021-12-01,,2021-12-01,2.3,2021-12-01,15,2021-12-01,False
002771,2021-10-10,2021-10-11,,2021-10-11,14.9,2021-10-11,15,2021-10-11,False
002774,2021-10-08,2021-10-08,t,2021-10-08,3.3,2021-10-08,14,2021-10-08,False
002777,2021-09-15,NONE-09-15,,NONE-09-15,1.9,NONE-09-15,12,NONE-09-15,False
002780,2021-04-06,2021-04-06,,2021-04-06,3.6,2021-04-06,15,2021-04-06,False
002784,2021-04-18,NONE-11-01,,NONE-11-01,4.7,NONE-11-01,11,NONE-11-01,False
002787,2022-06-22,2020-06-23,2,2022-06-22,3.7,2022-06-22,14,2022-06-22,True
002791,2021-12-06,2021-12-06,,2021-12-06,2.4,2021-12-06,11,2021-12-06,False
002794,2022-10-05,2022-10-05,,2022-10-05,1.2,2022-10-05,14,2022-10-05,False
002797,2021-04-28,2021-04-29,,2021-04-29,2.7,2021-04-29,13,2021-04-29,False
002801,2021-09-29,2021-09-29,,2021-09-29,2.4,2021-09-29,15,2021-09-29,False
002806,2023-01-13,2023-01-13,,2023-01-13,7.5,2023-01-13,15,2023-01-13,False
002809,2023-01-20,2023-01-20,,2023-01-20,2.8,2023-01-20,13,2023-01-20,False
002812,2023-01-13,2023-01-13,,2023-01-13,3.5,2023-01-13,11,2023-01-13,False
002817,2022-01-04,2022-01-04,,2022-01-04,5.1,2022-01-04,11,2022-01-04,False
002820,2021-11-19,2021-11-19,,2021-11-19,3.8,2021-11-19,7,2021-11-19,False
002823,2021-10-07,2021-10-07,,2021-10-07,2.3,2021-10-07,11,2021-10-07,False
002828,2022-01-02,2022-01-02,,2022-01-02,3.0,2022-01-02,13,2022-01-02,False
002831,2022-05-21,NONE-05-21,,NONE-05-21,9.0,NONE-05-21,9,NONE-05-21,False
002835,2021-06-30,2021-06-30,,2021-06-30,1.4,2021-06-30,12,2021-06-30,False
002839,2021-05-24,2021-05-24,,2021-05-24,2.1,2021-05-24,11,2021-05-24,False
002843,2023-06-NONE,2023-06-NONE,,2023-06-NONE,2.0,2023-06-NONE,14,2023-06-NONE,False
002846,2020-03-09,2020-03-09,,2020-03-09,2.7,2020-03-09,13,2020-03-09,False
002849,2021-08-15,2021-08-15,,2021-08-15,3.9,2021-08-15,9,2021-08-15,False
002852,2021-08-02,2021-08-02,,2021-08-02,4.3,2021-08-02,7,2021-08-02,False
002855,2022-09-13,2022-09-13,,2022-09-13,3.4,2022-09-13,12,2022-09-13,False
002859,2022-06-15,2022-06-15,,2022-06-15,1.2,2022-06-15,12,2022-06-15,False
002862,2021-08-30,2021-08-30,,2021-08-30,3.8,2021-08-30,12,2021-08-30,False
002866,2022-02-28,2022-02-28,d,2028-02-02,8.0,2028-02-02,13,2028-02-02,False
002870,2021-02-25,2021-02-25,,2021-02-25,2.3,2021-02-25,12,2021-02-25,False
002874,2021-04-11,2021-04-11,,2021-04-11,3.0,2021-04-11,9,2021-04-11,False
002879,2021-06-21,2021-06-21,,2021-06-21,2.3,2021-06-21,10,2021-06-21,False
002882,2023-12-08,2023-12-08,,2023-12-08,1.9,2023-12-08,11,2023-12-08,False
002885,2022-07-20,2022-07-20,b,2022-07-20,4.0,2022-07-20,14,2022-07-20,False
002889,2021-07-15,2021-07-15,,2021-07-15,2.3,2021-07-15,11,2021-07-15,False
002892,2021-03-31,2021-03-31,,2021-03-31,2.5,2021-03-31,11,2021-03-31,False
002896,2021-07-20,2021-07-20,,2021-07-20,1.4,2021-07-20,15,2021-07-20,False
002899,2021-11-09,2021-11-09,,2021-11-09,1.8,2021-11-09,10,2021-11-09,False
002902,2020-07-22,2020-07-22,,2020-07-22,2.2,2020-07-22,15,2020-07-22,False
002905,2021-05-19,2021-05-19,,2021-05-19,1.9,2021-05-19,11,2021-05-19,False
002908,2021-10-30,2021-10-30,,2021-10-30,3.0,2021-10-30,15,2021-10-30,False
002911,2021-06-30,2021-06-30,,2021-06-30,3.6,2021-06-30,7,2021-06-30,False
002914,2020-11-18,2020-11-18,,2020-11-18,3.3,2020-11-18,14,2020-11-18,False
002918,2021-04-30,2030-04-02,,2030-04-02,2.7,2030-04-02,15,2030-04-02,False
002921,2021-09-12,2021-09-12,,2021-09-12,1.5,2021-09-12,12,2021-09-12,False
002925,2021-11-06,2021-11-06,,2021-11-06,4.0,2021-11-06,11,2021-11-06,False
002932,2022-02-01,2022-02-01,,2022-02-01,4.8,2022-02-01,12,2022-02-01,False
002935,2022-02-02,2022-02-02,,2022-02-02,5.8,2022-02-02,14,2022-02-02,False
002938,2021-10-NONE,2021-10-NONE,,2021-10-NONE,3.0,2021-10-NONE,14,2021-10-NONE,False
002941,2021-07-05,2021-07-05,,2021-07-05,14.4,2021-07-05,11,2021-07-05,False
002944,2020-06-23,2020-06-23,,2020-06-23,1.5,2020-06-23,13,2020-06-23,False
002948,2021-08-12,2021-08-12,,2021-08-12,1.8,2021-08-12,13,2021-08-12,False
002951,2021-04-30,2021-04-30,,2021-04-30,2.3,2021-04-30,6,2021-04-30,False
002956,NONE,2021-01-02,m,2021-01-02,3.4,2021-01-02,15,2021-01-02,False
002959,2022-07-27,2022-07-27,,2022-07-27,1.8,2022-07-27,15,2022-07-27,False
002962,NONE,2020-03-13,,2020-03-13,2.9,2020-03-13,15,2020-03-13,False
002966,2021-09-03,2021-09-03,,2021-09-03,4.4,2021-09-03,14,2021-09-03,False
002969,2021-07-07,2021-07-07,,2021-07-07,2.1,2021-07-07,10,2021-07-07,False
002973,2022-03-20,2022-03-20,,2022-03-20,1.7,2022-03-20,15,2022-03-20,False
002976,2020-05-12,2020-05-12,,2020-05-12,1.4,2020-05-12,10,2020-05-12,False
002979,2020-07-20,2020-07-20,,2020-07-20,4.8,2020-07-20,7,2020-07-20,False
002982,2021-09-14,2021-09-14,,2021-09-14,1.7,2021-09-14,11,2021-09-14,False
002985,2021-05-01,2021-05-01,,2021-05-01,2.3,2021-05-01,11,2021-05-01,False
002988,2021-07-20,2021-07-20,,2021-07-20,6.6,2021-07-20,11,2021-07-20,False
002992,2021-02-21,2021-02-21,,2021-02-21,3.7,2021-02-21,13,2021-02-21,False
002995,2022-07-13,2022-07-13,,2022-07-13,2.6,2022-07-13,12,2022-07-13,False
002999,2021-10-07,2021-10-07,,2021-10-07,1.7,2021-10-07,11,2021-10-07,False
003002,2022-06-18,2022-06-18,,2022-06-18,2.5,2022-06-18,11,2022-06-18,False
003005,2023-05-NONE,2023-05-NONE,,2023-05-NONE,10.0,2023-05-NONE,10,2023-05-NONE,False
003008,2021-10-05,2021-10-05,,2021-10-05,3.7,2021-10-05,13,2021-10-05,False
003012,2024-01-29,2024-01-29,,2024-01-29,2.7,2024-01-29,14,2024-01-29,False
003015,2022-07-01,2022-07-NONE,,2022-07-NONE,2.9,2022-07-NONE,11,2022-07-NONE,False
003018,2023-01-04,2023-01-04,,2023-01-04,1.2,2023-01-04,13,2023-01-04,False
003022,2021-11-01,2021-11-01,,2021-11-01,1.8,2021-11-01,13,2021-11-01,False
003026,2021-04-10,NONE,,2021-04-10,26.9,NONE,15,2021-04-10,False
003029,2021-11-02,2021-11-02,,2021-11-02,3.1,2021-11-02,14,2021-11-02,False
003032,2021-04-12,2021-04-12,,2021-04-12,7.3,2021-04-12,13,2021-04-12,False
003036,2022-08-28,2022-03-28,,2022-03-28,2.7,2022-03-28,14,2022-03-28,False
003039,2021-03-01,2021-03-01,,2021-03-01,2.0,2021-03-01,13,2021-03-01,False
003043,2020-07-13,2020-07-13,,2020-07-13,5.9,2020-07-13,11,2020-07-13,False
003046,2021-10-20,2021-10-20,,2021-10-20,2.9,2021-10-20,13,2021-10-20,False
003049,2021-02-16,2021-02-16,,2021-02-16,1.3,2021-02-16,11,2021-02-16,False
003053,2021-10-28,2021-10-28,,2021-10-28,6.0,2021-10-28,12,2021-10-28,False
003056,2021-03-06,2021-03-06,,2021-03-06,3.7,2021-03-06,8,2021-03-06,False
003059,2021-10-04,2021-10-04,,2021-10-04,1.8,2021-10-04,12,2021-10-04,False
003063,2021-10-18,2021-10-18,,2021-10-18,2.8,2021-10-18,14,2021-10-18,False
003066,2021-11-12,2021-01-11,,2021-11-12,2.9,2021-11-12,6,2021-11-12,False
003069,2020-08-09,2020-08-09,2,2020-08-09,2.5,2020-08-09,15,2020-08-09,True
003074,2021-08-25,2021-08-25,,2021-08-25,2.6,2021-08-25,15,2021-08-25,False
003077,2021-12-13,2021-12-13,,2021-12-13,2.0,2021-12-13,13,2021-12-13,False
003081,2021-12-02,2021-12-02,2,2021-12-02,3.3,2021-12-02,12,2021-12-02,True
003084,2021-12-02,2021-12-02,,2021-12-02,2.1,2021-12-02,11,2021-12-02,False
003087,2021-06-30,2021-06-30,,2021-06-30,1.7,2021-06-30,15,2021-06-30,False
003091,2021-09-17,2021-09-17,,2021-09-17,5.5,2021-09-17,11,2021-09-17,False
003094,2023-01-03,2023-01-03,,2023-01-03,2.6,2023-01-03,15,2023-01-03,False
003097,2021-04-12,2021-04-12,,2021-04-12,1.7,2021-04-12,13,2021-04-12,False
003100,2022-11-21,2022-11-21,,2022-11-21,4.8,2022-11-21,12,2022-11-21,False
003103,2022-03-29,2022-03-29,,2022-03-29,2.4,2022-03-29,7,2022-03-29,False
003106,2021-01-11,2021-01-11,,2021-01-11,1.7,2021-01-11,15,2021-01-11,False
003109,2022-07-16,2022-07-16,,2022-07-16,4.1,2022-07-16,11,2022-07-16,False
003112,2021-03-28,2021-03-28,,2021-03-28,1.4,2021-03-28,14,2021-03-28,False
003115,2021-09-25,2022-09-05,2,2022-09-05,1.7,2022-09-05,11,2022-09-05,True
003119,2021-07-10,2021-07-10,,2021-07-10,6.5,2021-07-10,7,2021-07-10,False
003122,2021-09-15,2021-05-15,,2021-09-15,5.7,2021-09-15,8,2021-09-15,False
003126,2021-02-16,2021-02-16,,2021-02-16,1.5,2021-02-16,13,2021-02-16,False
003129,2022-08-25,2022-08-25,,2022-08-25,2.1,2022-08-25,9,2022-08-25,False
003132,2021-05-22,2021-05-22,,2021-05-22,1.5,2021-05-22,12,2021-05-22,False
003135,2021-10-14,2021-10-14,,2021-10-14,3.3,2021-10-14,15,2021-10-14,False
003139,2022-01-09,2022-01-09,,2022-01-09,2.6,2022-01-09,11,2022-01-09,False
003142,2021-12-11,2021-12-11,2,2021-12-11,3.1,2021-12-11,15,2021-12-11,True
003145,2022-01-11,2022-01-11,,2022-01-11,1.9,2022-01-11,14,2022-01-11,False
003148,2022-01-14,2022-01-14,,2022-01-14,2.4,2022-01-14,13,2022-01-14,False
003152,2021-06-30,2021-06-30,,2021-06-30,3.2,2021-06-30,9,2021-06-30,False
003155,2021-07-11,2021-07-11,,2021-07-11,1.6,2021-07-11,14,2021-07-11,False
003158,2021-04-25,2021-04-25,,2021-04-25,1.9,2021-04-25,15,2021-04-25,False
003161,2021-10-NONE,NONE,,NONE,16.2,NONE,14,NONE,False
003164,2021-02-09,2021-02-09,,2021-02-09,1.8,2021-02-09,6,2021-02-09,False
003167,2021-10-10,2021-10-10,,2021-10-10,1.2,2021-10-10,14,2021-10-10,False
003170,2021-04-20,2020-04-21,d,2020-04-21,4.7,2020-04-21,11,2020-04-21,False
003175,2021-03-18,2021-03-18,,2021-03-18,2.6,2021-03-18,9,2021-03-18,False
003178,2021-03-25,2021-03-25,,2021-03-25,3.4,2021-03-25,12,2021-03-25,False
003181,2021-06-14,2021-06-14,,2021-06-14,3.1,2021-06-14,15,2021-06-14,False
003185,2021-06-28,2020-06-28,,2020-06-28,1.3,2020-06-28,12,2020-06-28,False
003188,2022-01-17,2022-01-17,,2022-01-17,2.0,2022-01-17,9,2022-01-17,False
003192,2021-11-19,2021-11-19,2,2021-11-19,3.1,2021-11-19,15,2021-11-19,True
003195,2021-12-13,2021-12-13,,2021-12-13,1.7,2021-12-13,13,2021-12-13,False
003199,2025-10-12,2025-10-12,,2025-10-12,2.6,2025-10-12,11,2025-10-12,False
003202,2021-10-NONE,2021-10-NONE,,2021-10-NONE,1.4,2021-10-NONE,9,2021-10-NONE,False
003206,2021-04-13,2021-04-13,,2021-04-13,1.8,2021-04-13,15,2021-04-13,False
003209,2022-12-02,NONE-12-02,,2022-12-02,13.8,NONE-12-02,12,NONE-12-02,False
003212,2022-08-25,2022-08-25,,2022-08-25,4.4,2022-08-25,13,2022-08-25,False
003215,2022-10-13,2022-10-13,,2022-10-13,2.7,2022-10-13,15,2022-10-13,False
003218,2021-03-16,2021-03-16,,2021-03-16,4.0,2021-03-16,13,2021-03-16,False
003221,2021-03-08,2021-03-05,2,2021-03-05,2.9,2021-03-05,11,2021-03-05,True
003224,2021-08-21,2021-09-01,,2021-09-01,2.7,2021-09-01,8,2021-09-01,False
003228,2022-04-26,2022-04-24,2,2022-04-24,1.6,2022-04-24,15,2022-04-24,True
003231,2021-04-04,2021-04-04,,2021-04-04,1.6,2021-04-04,15,2021-04-04,False
003235,2022-11-NONE,2022-11-NONE,,2022-11-NONE,2.4,2022-11-NONE,14,2022-11-NONE,False
003239,2021-11-06,2021-11-06,2,2021-11-06,4.1,2021-11-06,15,2021-11-06,True
003242,2022-01-28,2025-01-22,2,2025-01-22,3.2,2025-01-22,14,2025-01-22,True
003245,2021-09-20,2020-09-20,2,2020-09-20,4.1,2020-09-20,11,2020-09-20,True
003250,2023-02-01,2023-02-01,,2023-02-01,2.6,2023-02-01,13,2023-02-01,False
003253,2020-10-20,2020-10-20,,2020-10-20,2.7,2020-10-20,15,2020-10-20,False
003257,2022-04-01,2022-04-01,,2022-04-01,2.6,2022-04-01,14,2022-04-01,False
003260,2022-07-29,2022-07-29,,2022-07-29,1.9,2022-07-29,11,2022-07-29,False
003263,2021-05-27,2021-05-27,,2021-05-27,2.8,2021-05-27,12,2021-05-27,False
003267,2022-05-05,2022-05-05,,2022-05-05,7.1,2022-05-05,11,2022-05-05,False
003270,2021-10-31,2021-10-31,,2021-10-31,2.2,2021-10-31,11,2021-10-31,False
003273,2021-05-03,2021-05-03,,2021-05-03,10.0,2021-05-03,7,2021-05-03,False
003276,NONE-04-10,NONE-04-10,,NONE-04-10,2.0,NONE-04-10,14,NONE-04-10,False
003279,2023-10-02,2023-10-02,,2023-10-02,1.5,2023-10-02,11,2023-10-02,False
003282,2022-12-21,2022-12-21,,2022-12-21,1.9,2022-12-21,14,2022-12-21,False
003286,2021-08-06,2021-08-06,2,2021-08-06,3.3,2021-08-06,12,2021-08-06,True
003289,2022-01-31,2022-08-10,2,2022-08-10,4.1,2022-08-10,11,2022-08-10,True
003294,2021-07-26,NONE,,NONE,17.4,NONE,15,NONE,False
003298,2021-10-21,2021-10-21,,2021-10-21,1.7,2021-10-21,13,2021-10-21,False
003301,2023-04-21,2023-04-21,,2023-04-21,1.4,2023-04-21,14,2023-04-21,False
003306,2020-09-01,2020-09-01,,2020-09-01,5.8,2020-09-01,14,2020-09-01,False
003312,2021-03-11,2021-03-NONE,2,2021-03-NONE,3.7,2021-03-NONE,13,2021-03-NONE,True
003317,2022-02-07,NONE,,NONE,7.6,NONE,7,NONE,False
003322,2021-09-01,2021-01-09,,2021-01-09,2.4,2021-01-09,13,2021-01-09,False
003326,2024-06-05,NONE,,NONE,26.3,NONE,11,NONE,False
003329,2021-12-26,2021-12-26,,2021-12-26,1.5,2021-12-26,11,2021-12-26,False
003332,2021-04-29,2021-04-29,,2021-04-29,2.9,2021-04-29,14,2021-04-29,False
003336,2021-07-02,2021-07-02,,2021-07-02,1.9,2021-07-02,15,2021-07-02,False
003339,2022-01-24,2022-01-24,,2022-01-24,3.2,2022-01-24,12,2022-01-24,False
003342,2023-12-30,2023-12-30,,2023-12-30,1.3,2023-12-30,12,2023-12-30,False
003347,2027-09-01,2025-09-01,2d,2025-09-01,2.0,2025-09-01,9,2025-09-01,True
003350,2025-12-10,2022-10-10,2,2022-10-10,12.5,2022-10-10,9,2022-10-10,True
000003,2026-05-12,2026-05-12,t,2026-05-12,1.6,2026-05-12,12,2026-05-12,False
000010,2026-06-08,2026-06-08,,2026-06-08,2.7,2026-06-08,15,2026-06-08,False
000015,2026-03-01,2026-03-01,2,2026-03-01,6.3,2026-03-01,14,2026-03-01,True
000018,2026-04-24,2026-04-24,,2026-04-24,12.5,2026-04-24,7,2026-04-24,False
000023,2025-10-10,2025-10-10,,2025-10-10,2.8,2025-10-10,12,2025-10-10,False
000027,2026-04-27,2026-04-27,,2026-04-27,4.5,2026-04-27,15,2026-04-27,False
000031,2026-02-14,2026-02-14,,2026-02-14,2.4,2026-02-14,11,2026-02-14,False
000034,2026-06-30,2026-06-30,,2026-06-30,3.1,2026-06-30,14,2026-06-30,False
000038,2027-02-12,2027-02-12,,2027-02-12,2.6,2027-02-12,15,2027-02-12,False
000041,2025-10-11,2025-10-11,,2025-10-11,2.7,2025-10-11,13,2025-10-11,False
000045,2027-04-21,2027-04-21,,2027-04-21,3.4,2027-04-21,15,2027-04-21,False
000048,2026-06-12,2026-06-12,,2026-06-12,14.2,2026-06-12,13,2026-06-12,False
000051,2026-01-12,2026-01-12,,2026-01-12,3.5,2026-01-12,15,2026-01-12,False
000054,2025-10-08,NONE,,2025-10-08,24.7,NONE,13,2025-10-08,False
000059,2027-06-22,2022-06-22,,2027-06-22,24.7,2027-06-22,14,2027-06-22,False
000063,2026-06-16,2026-06-16,2,2026-06-16,4.6,2026-06-16,15,2026-06-16,True
000067,2025-12-19,NONE,,NONE,23.5,NONE,15,NONE,False
000072,2026-04-25,2026-04-25,,2026-04-25,8.1,2026-04-25,9,2026-04-25,False
000076,2026-08-17,2026-08-17,,2026-08-17,5.1,2026-08-17,12,2026-08-17,False
000079,2026-01-31,2026-01-31,,2026-01-31,5.7,2026-01-31,11,2026-01-31,False
000083,2026-07-01,2026-07-01,,2026-07-01,3.1,2026-07-01,13,2026-07-01,False
000091,2027-05-22,2027-05-22,,2027-05-22,6.1,2027-05-22,10,2027-05-22,False
000095,2026-07-29,2026-07-29,,2026-07-29,9.4,2026-07-29,7,2026-07-29,False
000101,2026-04-08,2026-04-08,,2026-04-08,5.8,2026-04-08,14,2026-04-08,False
000106,NONE-10-20,NONE,,NONE,43.1,NONE,10,NONE,False
000110,2025-10-29,NONE,,2025-10-29,34.6,NONE,11,2025-10-29,False
000113,2026-01-16,2026-01-16,,2026-01-16,3.5,2026-01-16,13,2026-01-16,False
000116,2026-03-27,2026-03-27,,2026-03-27,3.6,2026-03-27,15,2026-03-27,False
000119,2026-08-24,2026-08-24,,2026-08-24,4.0,2026-08-24,13,2026-08-24,False
000125,2026-04-07,2026-04-07,,2026-04-07,3.0,2026-04-07,10,2026-04-07,False
000128,2026-05-28,2026-05-28,,2026-05-28,6.9,2026-05-28,7,2026-05-28,False
000131,2026-08-05,2026-08-05,,2026-08-05,2.8,2026-08-05,13,2026-08-05,False
000135,2026-04-18,2026-04-18,,2026-04-18,5.9,2026-04-18,14,2026-04-18,False
000138,2026-05-14,2026-05-14,,2026-05-14,7.3,2026-05-14,6,2026-05-14,False
000141,2026-09-17,2026-09-17,,2026-09-17,4.7,2026-09-17,15,2026-09-17,False
000145,2027-03-24,2027-03-24,,2027-03-24,7.5,2027-03-24,14,2027-03-24,False
000149,2026-04-28,2026-04-28,,2026-04-28,6.9,2026-04-28,14,2026-04-28,False
000152,2026-07-31,2026-07-31,,2026-07-31,4.0,2026-07-31,12,2026-07-31,False
000157,2027-07-08,NONE,t,NONE,22.9,NONE,9,NONE,False
000161,2027-05-10,2027-05-10,,2027-05-10,6.4,2027-05-10,12,2027-05-10,False
000164,2026-04-27,2026-04-27,,2026-04-27,3.6,2026-04-27,10,2026-04-27,False
000167,2026-08-07,2026-08-07,,2026-08-07,10.7,2026-08-07,11,2026-08-07,False
000171,2026-05-27,2026-05-27,2,2026-05-27,5.3,2026-05-27,14,2026-05-27,True
000174,2026-09-05,2026-09-05,2,2026-09-05,5.0,2026-09-05,11,2026-09-05,True
000177,2026-08-18,2026-08-18,,2026-08-18,5.2,2026-08-18,6,2026-08-18,False
000180,2026-06-25,2026-06-25,2,2026-06-25,4.2,2026-06-25,15,2026-06-25,True
000184,2027-11-19,2027-11-01,,2027-11-01,3.9,2027-11-01,6,2027-11-01,False
000187,2028-02-05,2028-02-05,,2028-02-05,4.2,2028-02-05,8,2028-02-05,False
000191,2026-06-15,NONE,,NONE,30.7,NONE,15,NONE,False
000195,2027-07-01,2027-07-01,,2027-07-01,3.4,2027-07-01,15,2027-07-01,False
000200,2027-07-14,2021-07-NONE,,2021-07-NONE,17.2,2021-07-NONE,6,2021-07-NONE,False
000203,2026-07-01,2026-07-08,,2026-07-08,24.2,2026-07-08,8,2026-07-08,False
000206,2026-05-08,2026-05-08,,2026-05-08,4.3,2026-05-08,13,2026-05-08,False
000212,2026-12-16,2026-12-16,,2026-12-16,23.4,2026-12-16,15,2026-12-16,False
000217,2027-03-08,2027-03-08,,2027-03-08,6.2,2027-03-08,13,2027-03-08,False
000220,2026-02-23,2026-02-23,,2026-02-23,4.9,2026-02-23,11,2026-02-23,False
000223,2026-08-13,2026-08-13,,2026-08-13,3.5,2026-08-13,12,2026-08-13,False
000227,2028-09-17,2028-09-17,,2028-09-17,11.5,2028-09-17,13,2028-09-17,False
000230,2026-03-28,2026-03-28,,2026-03-28,4.8,2026-03-28,14,2026-03-28,False
000235,2026-03-08,2026-03-08,,2026-03-08,5.9,2026-03-08,12,2026-03-08,False
000238,2026-09-10,2026-09-10,2,2026-09-10,6.0,2026-09-10,12,2026-09-10,True
000241,2027-08-10,2027-08-10,,2027-08-10,7.3,2027-08-10,12,2027-08-10,False
000244,2026-06-21,2026-06-21,2,2026-06-21,7.3,2026-06-21,13,2026-06-21,True
000247,2026-05-20,2026-05-20,,2026-05-20,2.5,2026-05-20,11,2026-05-20,False
000251,2026-02-24,2026-02-24,2,2026-02-24,3.3,2026-02-24,11,2026-02-24,True
000254,2026-08-12,2026-08-12,2,2026-08-12,4.6,2026-08-12,6,2026-08-12,True
000258,2026-05-30,2026-05-30,,2026-05-30,10.6,2026-05-30,14,2026-05-30,False
000261,2026-03-07,2026-03-07,2,2026-03-07,5.5,2026-03-07,11,2026-03-07,True
000264,2026-06-06,NONE,,NONE,23.6,NONE,14,NONE,False
000267,2026-06-02,2026-06-02,,2026-06-02,4.9,2026-06-02,14,2026-06-02,False
000271,2026-03-24,2026-03-22,,2026-03-24,5.3,2026-03-22,15,2026-03-24,False
000276,2026-03-25,2026-03-25,2,2026-03-25,5.2,2026-03-25,6,2026-03-25,True
000282,2026-09-10,2026-09-10,,2026-09-10,6.6,2026-09-10,14,2026-09-10,False
000285,2027-07-02,2027-07-02,,2027-07-02,3.7,2027-07-02,15,2027-07-02,False
000288,2028-07-25,2028-07-25,b,2028-07-25,6.7,2028-07-25,12,2028-07-25,False
000291,2027-07-21,2027-07-21,,2027-07-21,5.8,2027-07-21,6,2027-07-21,False
000295,2025-11-08,2025-11-08,,2025-11-08,4.6,2025-11-08,13,2025-11-08,False
000300,2026-05-21,2026-05-21,,2026-05-21,4.3,2026-05-21,14,2026-05-21,False
000303,2026-07-31,2026-07-31,,2026-07-31,4.7,2026-07-31,12,2026-07-31,False
000306,2026-09-16,2026-09-16,,2026-09-16,4.1,2026-09-16,11,2026-09-16,False
000310,2026-09-28,2026-09-28,,2026-09-28,10.2,2026-09-28,12,2026-09-28,False
000315,2026-07-19,2026-07-19,,2026-07-19,3.7,2026-07-19,13,2026-07-19,False
000319,2026-02-14,2026-02-14,,2026-02-14,3.5,2026-02-14,11,2026-02-14,False
000323,2025-12-21,2025-12-21,2,2025-12-21,4.8,2025-12-21,9,2025-12-21,True
000326,2025-10-18,2025-10-18,,2025-10-18,6.1,2025-10-18,14,2025-10-18,False
000330,2025-11-02,2025-11-02,2,2025-11-02,7.6,2025-11-02,11,2025-11-02,True
000333,2025-11-07,2025-11-07,,2025-11-07,4.0,2025-11-07,12,2025-11-07,False
000336,2025-11-20,2025-11-20,,2025-11-20,34.8,2025-11-20,14,2025-11-20,False
000340,2026-08-11,2026-08-11,,2026-08-11,2.5,2026-08-11,13,2026-08-11,False
000344,2026-08-04,2026-08-04,,2026-08-04,3.9,2026-08-04,13,2026-08-04,False
000347,2027-05-26,2027-05-26,,2027-05-26,3.0,2027-05-26,14,2027-05-26,False
000350,2027-05-15,2027-05-15,,2027-05-15,6.5,2027-05-15,9,2027-05-15,False
000354,2027-07-06,2027-07-06,,2027-07-06,5.1,2027-07-06,15,2027-07-06,False
000357,2027-08-11,2027-08-11,,2027-08-11,4.5,2027-08-11,10,2027-08-11,False
000361,2026-12-19,2026-12-12,,2026-12-12,18.4,2026-12-12,13,2026-12-12,False
000365,2026-03-11,2026-03-11,,2026-03-11,8.1,2026-03-11,14,2026-03-11,False
000368,2026-09-22,2026-09-22,,2026-09-22,22.3,2026-09-22,14,2026-09-22,False
000371,2026-02-15,2026-02-15,,2026-02-15,3.3,2026-02-15,6,2026-02-15,False
000374,2026-08-28,2026-08-28,,2026-08-28,19.5,2026-08-28,12,2026-08-28,False
000377,2026-07-01,2026-07-01,,2026-07-01,42.8,2026-07-01,15,2026-07-01,False
000380,2026-09-02,2026-09-02,,2026-09-02,3.4,2026-09-02,14,2026-09-02,False
000383,2026-04-03,2026-04-03,,2026-04-03,4.1,2026-04-03,11,2026-04-03,False
000386,2026-06-10,2025-06-11,2,2026-11-06,5.4,2026-11-06,7,2026-11-06,True
000391,2026-12-10,2026-12-10,,2026-12-10,3.5,2026-12-10,11,2026-12-10,False
000394,2026-04-14,2026-04-14,,2026-04-14,10.1,2026-04-14,13,2026-04-14,False
000398,2027-07-30,2027-07-30,,2027-07-30,2.5,2027-07-30,11,2027-07-30,False
000402,2019-04-28,2019-04-28,,2019-04-28,6.2,2019-04-28,13,2019-04-28,False
000405,2027-10-15,2020-07-01,,2020-07-01,69.4,2020-07-01,14,2020-07-01,False
000408,2025-10-09,2025-10-09,2,2025-10-09,6.5,2025-10-09,11,2025-10-09,True
000412,2026-01-19,2026-01-19,,2026-01-19,6.2,2026-01-19,9,2026-01-19,False
000417,2026-03-15,2026-03-15,,2026-03-15,3.9,2026-03-15,8,2026-03-15,False
000420,2025-12-04,2025-12-04,,2025-12-04,6.1,2025-12-04,14,2025-12-04,False
000423,2026-06-04,2026-06-02,b,2026-06-02,5.4,2026-06-02,12,2026-06-02,False
000426,2026-12-26,2026-12-26,,2026-12-26,3.6,2026-12-26,13,2026-12-26,False
000430,2028-02-01,2028-02-01,,2028-02-01,5.8,2028-02-01,13,2028-02-01,False
000434,2026-10-28,2026-10-28,,2026-10-28,4.4,2026-10-28,14,2026-10-28,False
000437,2025-11-19,NONE,,NONE,26.0,NONE,14,NONE,False
000440,2026-08-13,NONE,2,NONE,33.1,NONE,6,NONE,True
000444,2026-07-01,2026-07-01,,2026-07-01,6.1,2026-07-01,14,2026-07-01,False
000448,2026-08-20,2026-08-20,,2026-08-20,2.9,2026-08-20,7,2026-08-20,False
000451,2026-02-27,2025-08-28,2,2026-02-27,6.3,2026-02-27,11,2026-02-27,True
000454,2025-07-15,2025-07-15,2,2025-07-15,5.9,2025-07-15,10,2025-07-15,True
000459,2026-01-19,NONE-01-19,,NONE-01-19,56.1,NONE-01-19,10,2026-01-19,False
000464,2026-03-19,2026-05-19,,2026-05-19,17.3,2026-05-19,6,2026-05-19,False
000467,2025-12-26,2025-12-26,,2025-12-26,7.7,2025-12-26,14,2025-12-26,False
000470,2026-08-06,2026-08-06,,2026-08-06,4.8,2026-08-06,8,2026-08-06,False
000474,2026-06-26,2026-06-06,,2026-06-06,5.1,2026-06-06,12,2026-06-06,False
000478,2026-06-11,NONE,,NONE,26.0,NONE,12,NONE,False
000481,2026-03-09,2026-03-09,,2026-03-09,2.1,2026-03-09,14,2026-03-09,False
000484,2027-11-14,2027-11-14,,2027-11-14,6.4,2027-11-14,14,2027-11-14,False
000489,2026-05-08,2026-05-08,,2026-05-08,22.6,2026-05-08,8,2026-05-08,False
000494,2025-12-12,2025-12-12,2,2025-12-12,9.8,2025-12-12,13,2025-12-12,True
000497,2026-08-31,NONE,,NONE,29.6,NONE,9,NONE,False
000500,2026-12-17,2026-12-17,2,2026-12-17,7.9,2026-12-17,14,2026-12-17,True
000504,2026-02-28,2026-02-28,,2026-02-28,6.5,2026-02-28,7,2026-02-28,False
000507,2026-05-19,2025-08-20,2,2026-05-19,16.9,2026-05-19,15,2026-05-19,True
000512,2026-02-17,2026-02-17,,2026-02-17,5.6,2026-02-17,15,2026-02-17,False
000516,2026-07-16,2026-07-16,,2026-07-16,4.1,2026-07-16,11,2026-07-16,False
000519,2026-08-10,2026-08-10,2,2026-08-10,5.8,2026-08-10,15,2026-08-10,True
000522,2026-02-21,NONE,2,NONE,37.6,NONE,12,NONE,True
000525,2027-09-08,2027-09-08,,2027-09-08,6.9,2027-09-08,13,2027-09-08,False
000530,2026-06-24,2030-12-14,,2030-12-14,10.3,2030-12-14,11,2030-12-14,False
000533,2026-03-26,2026-03-26,,2026-03-26,6.7,2026-03-26,10,2026-03-26,False
000536,2026-01-01,2026-01-01,,2026-01-01,4.7,2026-01-01,15,2026-01-01,False
000540,2026-03-24,2026-03-24,,2026-03-24,2.5,2026-03-24,11,2026-03-24,False
000543,2026-06-23,2026-06-02,,2026-06-23,6.3,2026-06-23,6,2026-06-23,False
000547,2026-05-28,2026-05-28,,2026-05-28,4.5,2026-05-28,13,2026-05-28,False
000550,2026-05-29,2026-05-29,,2026-05-29,5.3,2026-05-29,13,2026-05-29,False
000553,2028-10-24,2022-10-24,,2022-10-24,12.1,2022-10-24,15,2022-10-24,False
000556,2026-08-07,2026-08-07,e,2026-08-07,6.1,2026-08-07,14,2026-08-07,False
000559,2027-04-21,2027-04-21,,2027-04-21,3.2,2027-04-21,11,2027-04-21,False
000562,2025-12-30,2025-12-30,,2025-12-30,6.9,2025-12-30,15,2025-12-30,False
000565,2025-12-05,2025-12-05,,2025-12-05,4.2,2025-12-05,14,2025-12-05,False
000568,2026-02-23,2026-02-23,,2026-02-23,5.0,2026-02-23,14,2026-02-23,False
000571,NONE-10-18,2024-11-18,,2024-11-18,5.7,2024-11-18,14,2024-11-18,False
000574,2026-02-24,NONE-02-24,,2026-02-24,3.0,2026-02-24,12,2026-02-24,False
000577,2026-04-20,2026-04-20,,2026-04-20,4.3,2026-04-20,11,2026-04-20,False
000581,2026-02-25,2026-02-25,,2026-02-25,4.1,2026-02-25,13,2026-02-25,False
000584,2026-07-15,2026-07-15,2,2026-07-15,6.2,2026-07-15,14,2026-07-15,True
000587,2026-02-07,2026-02-17,,2026-02-17,9.6,2026-02-17,12,2026-02-17,False
000590,2025-12-05,2025-12-05,,2025-12-05,3.0,2025-12-05,15,2025-12-05,False
000593,2026-07-22,2026-07-22,,2026-07-22,6.9,2026-07-22,11,2026-07-22,False
000596,2026-08-13,2025-08-14,,2025-08-14,7.2,2025-08-14,13,2025-08-14,False
000599,2026-09-04,2026-09-04,,2026-09-04,2.8,2026-09-04,14,2026-09-04,False
000602,2026-09-22,2025-09-20,2,2025-09-20,3.8,2025-09-20,14,2026-09-22,True
000605,2028-07-01,2028-07-01,,2028-07-01,2.5,2028-07-01,12,2028-07-01,False
000608,2026-08-13,2026-08-13,,2026-08-13,3.8,2026-08-13,12,2026-08-13,False
000611,2026-07-20,2026-07-20,,2026-07-20,5.0,2026-07-20,13,2026-07-20,False
000614,2026-03-07,2026-03-07,,2026-03-07,3.4,2026-03-07,11,2026-03-07,False
000619,2026-09-15,2026-09-15,,2026-09-15,3.2,2026-09-15,13,2026-09-15,False
000623,2027-03-10,2027-03-10,,2027-03-10,3.3,2027-03-10,15,2027-03-10,False
000626,2026-07-01,2026-07-01,,2026-07-01,2.3,2026-07-01,14,2026-07-01,False
000631,2025-11-15,2025-11-15,,2025-11-15,2.8,2025-11-15,14,2025-11-15,False
000634,2026-02-05,2026-02-05,,2026-02-05,2.7,2026-02-05,8,2026-02-05,False
000640,2026-02-08,2026-02-08,,2026-02-08,2.4,2026-02-08,14,2026-02-08,False
000646,2027-01-15,2027-01-15,,2027-01-15,2.4,2027-01-15,10,2027-01-15,False
000650,2026-08-05,2026-08-05,,2026-08-05,3.2,2026-08-05,13,2026-08-05,False
000653,2027-01-19,2027-01-19,,2027-01-19,3.2,2027-01-19,13,2027-01-19,False
000656,2026-09-04,2026-09-04,,2026-09-04,2.4,2026-09-04,12,2026-09-04,False
000659,2026-08-24,2026-08-24,,2026-08-24,2.8,2026-08-24,10,2026-08-24,False
000662,2026-03-11,2026-03-11,,2026-03-11,3.5,2026-03-11,7,2026-03-11,False
000668,2026-04-30,2026-04-30,,2026-04-30,3.0,2026-04-30,9,2026-04-30,False
000671,2026-03-31,2025-10-01,,2026-03-31,5.4,2026-03-31,8,2026-03-31,False
000675,NONE,2028-06-03,?,2028-06-03,3.0,2028-06-03,11,2028-06-03,False
000678,2026-07-24,2026-07-24,,2026-07-24,2.2,2026-07-24,11,2026-07-24,False
000682,2026-01-25,2026-01-25,,2026-01-25,2.9,2026-01-25,12,2026-01-25,False
000685,2026-05-28,2026-05-28,,2026-05-28,2.7,2026-05-28,15,2026-05-28,False
000690,2025-10-11,2025-10-11,2,2025-10-11,4.3,2025-10-11,6,2025-10-11,True
000693,2026-09-01,2026-09-01,2,2026-09-01,4.2,2026-09-01,6,2026-09-01,True
000699,2025-10-27,NONE,b,NONE,27.2,NONE,12,NONE,False
000704,2026-07-29,2026-07-29,,2026-07-29,3.0,2026-07-29,12,2026-07-29,False
000708,2025-09-18,2025-09-18,,2025-09-18,2.2,2025-09-18,12,2025-09-18,False
000711,2025-10-09,2025-10-09,,2025-10-09,2.7,2025-10-09,12,2025-10-09,False
000716,2025-11-07,2025-11-07,,2025-11-07,1.6,2025-11-07,8,2025-11-07,False
000719,2026-04-04,2026-04-04,,2026-04-04,1.8,2026-04-04,13,2026-04-04,False
000722,2026-08-04,2026-10-19,,2026-10-19,2.3,2026-10-19,13,2026-10-19,False
000725,2026-04-16,2026-04-16,,2026-04-16,3.2,2026-04-16,8,2026-04-16,False
000728,2026-06-24,2026-06-24,,2026-06-24,1.4,2026-06-24,9,2026-06-24,False
000732,2026-03-16,2026-03-15,,2026-03-15,2.0,2026-03-15,12,2026-03-15,False
000735,2027-01-12,2027-01-12,,2027-01-12,3.8,2027-01-12,10,2027-01-12,False
000741,2025-12-03,2025-12-03,2,2025-12-03,3.4,2025-12-03,13,2025-12-03,True
000744,2027-08-18,2027-08-18,,2027-08-18,2.9,2027-08-18,7,2027-08-18,False
000747,2026-06-22,2026-06-22,,2026-06-22,2.7,2026-06-22,13,2026-06-22,False
000752,2026-07-09,2026-07-09,,2026-07-09,2.6,2026-07-09,6,2026-07-09,False
000757,NONE-10-22,NONE-10-22,,NONE-10-22,4.4,NONE-10-22,10,NONE-10-22,False
000760,NONE-11-20,NONE-11-20,,NONE-11-20,3.3,NONE-11-20,11,NONE-11-20,False
000763,NONE-11-12,NONE-11-12,,NONE-11-12,22.1,NONE-11-12,13,NONE-11-12,False
000766,2026-09-24,2026-09-24,,2026-09-24,3.4,2026-09-24,12,2026-09-24,False
000769,2026-12-10,2026-12-10,,2026-12-10,3.4,2026-12-10,12,2026-12-10,False
000772,NONE-12-20,NONE,,NONE,50.6,NONE,7,NONE,False
000775,2025-12-17,2025-12-17,,2025-12-17,2.6,2025-12-17,8,2025-12-17,False
000778,2026-06-22,2026-06-22,,2026-06-22,3.0,2026-06-22,12,2026-06-22,False
000781,2026-10-02,2026-10-02,,2026-10-02,2.5,2026-10-02,14,2026-10-02,False
000788,NONE-12-21,NONE-12-21,,NONE-12-21,9.4,NONE-12-21,12,NONE-12-21,False
000793,2026-05-06,2026-05-06,,2026-05-06,2.9,2026-05-06,10,2026-05-06,False
000796,2026-07-14,NONE,2,NONE,23.5,NONE,11,NONE,True
000801,2026-03-25,2026-03-25,,2026-03-25,3.6,2026-03-25,14,2026-03-25,False
000806,2026-10-02,2026-10-02,,2026-10-02,4.9,2026-10-02,14,2026-10-02,False
000809,2026-08-30,2026-08-30,,2026-08-30,2.9,2026-08-30,15,2026-08-30,False
000812,2026-05-29,2026-05-29,,2026-05-29,4.5,2026-05-29,14,2026-05-29,False
000818,2026-05-12,NONE,,NONE,26.1,NONE,9,NONE,False
000823,2027-02-23,2027-02-23,,2027-02-23,4.0,2027-02-23,10,2027-02-23,False
000826,2026-06-22,2026-06-22,,2026-06-22,6.7,2026-06-22,8,2026-06-22,False
000830,2025-12-20,2025-12-20,,2025-12-20,2.7,2025-12-20,14,2025-12-20,False
000833,2026-04-27,2026-04-27,,2026-04-27,3.2,2026-04-27,11,2026-04-27,False
000840,2026-01-01,NONE-01-31,,NONE-12-12,6.5,NONE-12-12,14,NONE-12-12,False
000846,2026-05-28,2026-05-28,,2026-05-28,2.7,2026-05-28,14,2026-05-28,False
000849,2026-05-21,2026-05-21,,2026-05-21,3.0,2026-05-21,15,2026-05-21,False
000854,2026-09-04,2026-09-04,,2026-09-04,6.0,2026-09-04,10,2026-09-04,False
000857,2025-01-28,2025-01-28,,2025-01-28,6.9,2025-01-28,11,2025-01-28,False
000860,2022-07-23,2022-07-23,,2022-07-23,7.4,2022-07-23,12,2022-07-23,False
000865,2021-09-25,2021-09-25,,2021-09-25,4.0,2021-09-25,13,2021-09-25,False
000868,2021-10-23,NONE,,NONE,16.1,NONE,6,NONE,False
000872,2021-02-26,2021-02-26,,2021-02-26,3.8,2021-02-26,14,2021-02-26,False
000876,2021-07-01,2021-07-01,,2021-07-01,2.7,2021-07-01,14,2021-07-01,False
000879,2021-05-11,2021-05-11,,2021-05-11,8.1,2021-05-11,12,2021-05-11,False
000882,2021-06-08,2021-06-08,,2021-06-08,5.0,2021-06-08,13,2021-06-08,False
000885,2021-07-09,2020-01-10,,2020-01-10,4.2,2020-01-10,14,2020-01-10,False
000888,2021-12-04,2021-12-04,,2021-12-04,4.0,2021-12-04,15,2021-12-04,False
000891,2021-04-05,2021-04-05,,2021-04-05,12.1,2021-04-05,11,2021-04-05,False
000894,2021-06-02,2021-06-02,,2021-06-02,3.0,2021-06-02,12,2021-06-02,False
000898,2025-05-19,2025-05-19,,2025-05-19,25.4,2025-05-19,8,2025-05-19,False
000902,2021-11-01,2021-11-01,,2021-11-01,6.0,2021-11-01,10,2021-11-01,False
000905,2022-01-NONE,2022-01-NONE,,2022-01-NONE,6.0,2022-01-NONE,11,2022-01-NONE,False
000909,2021-09-20,2021-09-20,,2021-09-20,1.7,2021-09-20,14,2021-09-20,False
000912,2022-05-05,2022-05-05,,2022-05-05,4.0,2022-05-05,14,2022-05-05,False
000915,2021-07-21,2021-07-21,,2021-07-21,5.5,2021-07-21,11,2021-07-21,False
000919,2022-03-11,2022-03-11,,2022-03-11,5.0,2022-03-11,13,2022-03-11,False
000923,NONE-02-01,2020-01-02,,2020-01-02,3.9,2020-01-02,13,2020-01-02,False
000926,2021-06-10,2021-06-10,,2021-06-10,3.3,2021-06-10,15,2021-06-10,False
000929,2022-03-13,2022-03-13,,2022-03-13,4.8,2022-03-13,15,2022-03-13,False
000932,2021-05-26,2021-05-26,,2021-05-26,4.4,2021-05-26,8,2021-05-26,False
000936,2021-10-19,2021-10-19,2,2021-10-19,3.2,2021-10-19,7,2021-10-19,True
000940,2021-10-28,NONE,,NONE,15.5,NONE,13,NONE,False
000944,2021-07-03,2021-07-03,,2021-07-03,7.5,2021-07-03,12,2021-07-03,False
000948,2021-10-24,2021-10-24,2,2021-10-24,7.3,2021-10-24,12,2021-10-24,True
000951,2021-04-05,2021-04-05,,2021-04-05,2.6,2021-04-05,15,2021-04-05,False
000954,2021-02-05,2021-02-05,2,2021-02-05,2.1,2021-02-05,11,2021-02-05,True
000958,2021-02-22,2021-02-22,2,2021-02-22,1.9,2021-02-22,6,2021-02-22,True
000961,2023-10-21,2023-10-21,,2023-10-21,3.0,2023-10-21,12,2023-10-21,False
000965,2020-07-24,2023-03-20,2,2023-07-20,45.4,2023-07-20,6,2023-07-20,True
000968,2022-10-17,2022-10-NONE,,2022-10-NONE,5.5,2022-10-NONE,6,2022-10-17,False
000972,2021-06-25,2021-06-25,,2021-06-25,2.9,2021-06-25,14,2021-06-25,False
000976,2023-08-03,2023-08-03,,2023-08-03,5.1,2023-08-03,12,2023-08-03,False
000979,2021-06-14,2021-06-14,2,2021-06-14,5.5,2021-06-14,14,2021-06-14,True
000983,2021-08-20,2021-08-20,,2021-08-20,11.5,2021-08-20,12,2021-08-20,False
000988,2021-12-28,2021-12-28,,2021-12-28,2.7,2021-12-28,7,2021-12-28,False
000991,2021-03-04,NONE,,NONE,37.9,NONE,11,NONE,False
000994,NONE-02-18,NONE,,NONE,19.9,NONE,6,NONE,False
000997,NONE-02-19,NONE,,NONE,14.6,NONE,15,NONE,False
001000,2021-09-07,2021-09-07,,2021-09-07,6.2,2021-09-07,12,2021-09-07,False
001005,2020-08-10,2020-08-10,,2020-08-10,17.6,2020-08-10,11,2020-08-10,False
001008,2022-11-24,2022-11-24,,2022-11-24,3.3,2022-11-24,12,2022-11-24,False
001013,2021-11-10,2021-11-10,2,2021-11-10,3.8,2021-11-10,12,2021-11-10,True
001016,2021-02-21,2021-02-21,,2021-02-21,4.2,2021-02-21,14,2021-02-21,False
001019,2021-05-15,NONE,b,NONE,12.2,NONE,12,NONE,False
001023,2021-07-13,2021-07-13,,2021-07-13,3.2,2021-07-13,11,2021-07-13,False
001026,2020-12-09,2020-12-09,,2020-12-09,5.8,2020-12-09,10,2020-12-09,False
001029,2021-07-07,2021-07-07,2,2021-07-07,3.4,2021-07-07,13,2021-07-07,True
001034,2021-06-28,2021-06-28,,2021-06-28,6.9,2021-06-28,14,2021-06-28,False
001037,2021-03-18,2021-03-18,,2021-03-18,3.3,2021-03-18,9,2021-03-18,False
001040,2022-04-15,2022-04-15,,2022-04-15,2.2,2022-04-15,11,2022-04-15,False
001043,2021-09-13,2021-09-13,,2021-09-13,4.6,2021-09-13,12,2021-09-13,False
001046,2021-10-07,2021-10-07,,2021-10-07,6.4,2021-10-07,8,2021-10-07,False
001050,2022-01-06,2022-01-06,,2022-01-06,4.5,2022-01-06,11,2022-01-06,False
001053,2022-09-01,2022-09-01,,2022-09-01,10.4,2022-09-01,11,2022-09-01,False
001056,2022-05-27,2022-05-27,,2022-05-27,4.9,2022-05-27,12,2022-05-27,False
001061,2022-07-04,2022-07-04,2,2022-07-04,7.3,2022-07-04,15,2022-07-04,True
001065,2022-05-04,2022-05-04,,2022-05-04,5.6,2022-05-04,11,2022-05-04,False
001068,2021-03-15,2021-03-15,,2021-03-15,2.1,2021-03-15,15,2021-03-15,False
001071,NONE-01-24,NONE-01-24,,NONE-01-24,2.4,NONE-01-24,11,NONE-01-24,False
001075,2021-09-30,2021-09-30,,2021-09-30,7.0,2021-09-30,6,2021-09-30,False
001079,2023-09-24,2023-09-24,,2023-09-24,3.1,2023-09-24,11,2023-09-24,False
001082,2021-06-17,2021-06-17,,2021-06-17,5.7,2021-06-17,11,2021-06-17,False
001085,2023-10-09,2023-10-09,,2023-10-09,7.2,2023-10-09,13,2023-10-09,False
001088,2022-06-14,2022-06-14,,2022-06-14,3.5,2022-06-14,8,2022-06-14,False
001092,2021-03-19,2021-03-19,2,2021-03-19,7.8,2021-03-19,11,2021-03-19,True
001095,2022-01-12,2022-01-NONE,2,2021-01-13,4.0,2021-01-13,15,2021-01-13,True
001098,2021-03-18,2021-03-18,2,2021-03-18,7.1,2021-03-18,13,2021-03-18,True
001102,2021-03-14,2021-03-14,,2021-03-14,7.7,2021-03-14,14,2021-03-14,False
001105,2021-08-26,2020-08-26,2,2020-11-02,4.7,2020-11-02,14,2020-11-02,True
001108,2021-02-28,2021-02-28,,2025-02-28,4.3,2021-02-28,14,2021-02-28,False
001111,2022-07-12,2022-07-12,,2022-07-12,5.0,2022-07-12,13,2022-07-12,False
001114,2023-11-15,2023-11-15,,2023-11-15,4.0,2023-11-15,14,2023-11-15,False
001117,2022-01-20,2022-01-20,,2022-01-20,4.1,2022-01-20,12,2022-01-20,False
001121,2023-01-10,2023-01-10,,2023-01-10,8.3,2023-01-10,12,2023-01-10,False
001124,2021-10-09,2021-10-09,,2021-10-09,7.7,2021-10-09,9,2021-10-09,False
001127,2021-06-10,2021-06-10,2,2021-06-10,7.0,2021-06-10,12,2021-06-10,True
001130,NONE-02-12,2020-08-07,,2020-08-07,29.0,2020-08-07,13,2020-08-07,False
001133,2021-02-19,2021-02-19,2,2021-02-19,3.7,2021-02-19,12,2021-02-19,True
001136,2022-09-24,NONE,,NONE,13.3,NONE,10,NONE,False
001139,2021-02-28,2021-02-28,,2021-02-28,3.4,2021-02-28,15,2021-02-28,False
001143,2021-06-26,2021-06-28,t,2021-06-28,4.2,2021-06-28,14,2021-06-28,False
001146,2021-12-13,2021-12-13,2,2021-12-13,4.2,2021-12-13,15,2021-12-13,True
001149,2022-07-31,2022-07-31,,2022-07-31,3.1,2022-07-31,11,2022-07-31,False
001152,2021-10-31,2021-10-31,,2021-10-31,5.2,2021-10-31,10,2021-10-31,False
001156,2021-02-07,2021-02-07,,2021-02-07,3.0,2021-02-07,11,2021-02-07,False
001159,2021-08-10,2021-08-10,,2021-08-10,2.2,2021-08-10,14,2021-08-10,False
001162,2021-12-06,2021-12-06,,2021-12-06,2.1,2021-12-06,14,2021-12-06,False
001166,2022-01-20,NONE,,NONE,53.2,NONE,13,NONE,False
001170,2022-01-18,2022-01-18,,2022-01-18,4.3,2022-01-18,9,2022-01-18,False
001173,2021-09-NONE,2021-09-NONE,,2021-09-NONE,6.3,2021-09-NONE,11,2021-09-NONE,False
001176,2021-09-07,2021-09-07,d,2021-09-07,10.8,2021-09-07,14,2021-09-07,False
001179,2023-09-01,2023-09-01,,2023-09-01,14.2,2023-09-01,14,2023-09-01,False
001183,2021-10-08,2021-10-08,,2021-10-08,2.7,2021-10-08,7,2021-10-08,False
001188,2020-04-23,2020-04-23,,2020-04-23,15.1,2020-04-23,15,2020-04-23,False
001191,2020-12-08,2020-12-08,,2020-12-08,3.3,2020-12-08,13,2020-12-08,False
001195,2021-10-18,2021-10-18,,2021-10-18,9.0,2021-10-18,15,2021-10-18,False
001198,2021-10-10,2021-10-10,,2021-10-10,2.9,2021-10-10,6,2021-10-10,False
001201,2022-07-16,2022-07-16,,2022-07-16,4.7,2022-07-16,15,2022-07-16,False
001205,NONE-05-21,NONE-05-21,,NONE-05-21,4.3,NONE-05-21,14,NONE-05-21,False
001208,2020-08-18,2020-08-18,,2020-08-18,2.8,2020-08-18,8,2020-08-18,False
001211,2021-07-03,2021-07-03,,2021-07-03,6.2,2021-07-03,11,2021-07-03,False
001214,2021-05-15,2021-05-15,,2021-05-15,5.0,2021-05-15,11,2021-05-15,False
001218,2022-05-30,2022-05-30,,2022-05-30,2.6,2022-05-30,14,2022-05-30,False
001221,2021-11-10,2021-11-10,,2021-11-10,3.5,2021-11-10,13,2021-11-10,False
001224,2021-04-11,2021-04-11,,2021-04-11,3.2,2021-04-11,11,2021-04-11,False
001227,2022-01-11,2022-01-11,2,2022-01-11,5.4,2022-01-11,14,2022-01-11,True
001230,2021-10-28,2021-10-28,,2021-10-28,3.5,2021-10-28,13,2021-10-28,False
001233,2021-03-09,2021-03-09,,2021-03-09,2.8,2021-03-09,15,2021-03-09,False
001238,NONE-01-31,NONE-01-31,,NONE-01-31,22.0,NONE-01-31,13,NONE-01-31,False
001241,2022-06-13,2022-06-01,,2022-06-13,2.9,2022-06-13,13,2022-06-13,False
001245,2021-11-01,2021-11-01,,2021-11-01,2.5,2021-11-01,15,2021-11-01,False
001248,2021-07-15,2021-07-15,,2021-07-15,20.9,2021-07-15,14,2021-07-15,False
001251,2021-04-11,2021-01-12,2,2021-04-11,4.8,2021-04-11,15,2021-04-11,True
001254,2019-09-13,2019-09-13,,2019-09-13,3.7,2019-09-13,9,2019-09-13,False
001257,2023-07-03,NONE,,NONE,11.7,NONE,12,NONE,False
001261,2021-03-25,NONE,,NONE,37.6,NONE,12,NONE,False
001264,2022-12-03,2022-12-03,,2022-12-03,4.2,2022-12-03,12,2022-12-03,False
001267,2022-09-05,2022-09-05,,2022-09-05,6.6,2022-09-05,15,2022-09-05,False
001271,2023-07-08,2023-07-08,,2023-07-08,3.2,2023-07-08,12,2023-07-08,False
001274,2022-06-17,2022-06-17,,2022-06-17,7.0,2022-06-17,14,2022-06-17,False
001278,2022-01-03,2022-01-03,2,2022-01-03,5.5,2022-01-03,14,2022-01-03,True
001281,2025-08-05,2025-08-05,,2025-08-05,7.2,2025-08-05,15,2025-08-05,False
001284,2022-04-23,2022-04-23,,2022-04-23,4.7,2022-04-23,12,2022-04-23,False
001290,2024-11-21,2024-01-21,,2024-11-21,2.1,2024-11-21,12,2024-11-21,False
001294,2021-11-NONE,2021-11-NONE,,2021-11-NONE,4.9,2021-11-NONE,11,2021-11-NONE,False
001297,2023-11-NONE,2023-11-NONE,,2023-11-NONE,8.3,2023-11-NONE,15,2023-11-NONE,False
001301,2021-11-29,2021-11-29,2,2021-11-29,5.6,2021-11-29,15,2021-11-29,True
001304,2021-04-12,2021-04-12,,2021-04-12,3.5,2021-04-12,13,2021-04-12,False
001307,2022-11-06,2022-11-06,,2022-11-06,3.0,2022-11-06,10,2022-11-06,False
001310,2021-04-20,2021-04-30,bt,2021-04-30,5.5,2021-04-30,12,2021-04-30,False
001313,2022-01-15,NONE,,NONE,50.6,NONE,12,NONE,False
001316,2021-12-09,2021-12-09,,2021-12-09,4.8,2021-12-09,12,2021-12-09,False
001320,2021-11-22,2028-12-07,,2028-12-07,7.7,2028-12-07,14,2028-12-07,False
001324,2023-07-09,2023-07-09,2,2023-07-09,8.4,2023-07-09,6,2023-07-09,True
001328,2021-06-26,2021-06-26,,2021-06-26,5.6,2021-06-26,13,2021-06-26,False
001333,2021-12-NONE,2021-12-NONE,,2021-12-NONE,4.0,2021-12-NONE,12,2021-12-NONE,False
001336,2021-07-04,2021-07-04,,2021-07-04,8.6,2021-07-04,13,2021-07-04,False
001340,2021-11-25,2021-11-25,2,2021-11-25,7.2,2021-11-25,13,2021-11-25,True
001343,2021-09-10,2021-09-10,,2021-09-10,5.7,2021-09-10,6,2021-09-10,False
001347,2021-10-31,2021-10-31,,2021-10-31,2.6,2021-10-31,14,2021-10-31,False
001350,2021-08-21,2021-08-21,,2021-08-21,4.3,2021-08-21,15,2021-08-21,False
001353,2022-06-27,2022-06-27,,2022-06-27,4.3,2022-06-27,12,2022-06-27,False
001357,NONE-08-20,2022-08-NONE,,2022-08-NONE,4.8,2022-08-NONE,15,2022-08-NONE,False
001361,2021-09-02,NONE-09-21,,NONE-09-21,19.9,NONE-09-21,15,NONE-09-21,False
001364,2021-02-NONE,2018-02-02,,2018-02-02,14.2,2018-02-02,12,2018-02-02,False
001368,2021-08-19,NONE,,NONE,31.1,NONE,12,NONE,False
001371,2022-04-27,2022-04-27,,2022-04-27,8.3,2022-04-27,11,2022-04-27,False
001374,2022-05-NONE,2022-05-NONE,,2022-05-NONE,6.6,2022-05-NONE,15,2022-05-NONE,False
001377,2021-12-02,NONE,,NONE,10.8,NONE,14,NONE,False
001380,2021-04-09,2021-04-09,,2021-04-09,5.6,2021-04-09,14,2021-04-09,False
001383,2023-01-05,NONE,,NONE,22.8,NONE,12,NONE,False
001387,2021-07-17,2021-07-07,,2021-07-07,5.2,2021-07-07,13,2021-07-07,False
001390,2021-06-20,2021-06-20,,2021-06-20,4.6,2021-06-20,15,2021-06-20,False
001393,2022-07-14,2022-07-14,,2022-07-14,6.1,2022-07-14,9,2022-07-14,False
001396,2022-11-01,2022-11-01,,2022-11-01,3.7,2022-11-01,13,2022-11-01,False
001399,2021-07-23,2021-07-23,,2021-07-23,6.5,2021-07-23,12,2021-07-23,False
001402,2020-09-29,2020-09-29,,2020-09-29,7.5,2020-09-29,14,2020-09-29,False
001405,2021-01-27,2021-01-27,,2021-01-27,6.1,2021-01-27,14,2021-01-27,False
001408,2021-12-16,2021-12-16,,2021-12-16,7.6,2021-12-16,11,2021-12-16,False
001412,2022-09-06,2022-09-06,,2022-09-06,16.2,2022-09-06,12,2022-09-06,False
001415,2022-04-20,2022-04-20,,2022-04-20,4.4,2022-04-20,6,2022-04-20,False
001419,2021-07-18,2021-07-18,,2021-07-18,4.1,2021-07-18,13,2021-07-18,False
001423,2021-11-NONE,2021-11-17,,2021-11-17,5.5,2021-11-17,15,2021-11-17,False
001427,2020-08-12,2020-08-12,,2020-08-12,5.2,2020-08-12,14,2020-08-12,False
001431,2021-08-19,2021-08-01,,2021-08-01,13.1,2021-08-01,7,2021-08-01,False
001435,2021-10-04,2021-02-18,,2021-02-18,18.8,2021-02-18,15,2021-02-18,False
001439,2021-09-03,2021-09-03,,2021-09-03,3.9,2021-09-03,8,2021-09-03,False
001442,2021-06-24,2021-06-24,,2021-06-24,5.9,2021-06-24,7,2021-06-24,False
001445,2021-10-28,2021-10-28,,2021-10-28,3.9,2021-10-28,14,2021-10-28,False
001449,2022-10-28,2022-10-28,,2022-10-28,3.1,2022-10-28,10,2022-10-28,False
001452,2022-09-13,2021-08-07,,2021-08-07,5.7,2021-08-07,12,2022-09-13,False
001455,2022-04-02,2022-01-02,,2022-04-02,7.4,2022-04-02,13,2022-04-02,False
001458,2022-10-29,2022-10-29,,2022-10-29,3.0,2022-10-29,6,2022-10-29,False
001461,2022-01-20,2022-01-20,,2022-01-20,5.4,2022-01-20,15,2022-01-20,False
001465,2022-11-18,NONE-11-18,,NONE-11-18,5.9,NONE-11-18,15,NONE-11-18,False
001468,2022-12-03,2022-12-03,,2022-12-03,6.0,2022-12-03,11,2022-12-03,False
001471,2021-12-29,2021-12-29,,2021-12-29,7.5,2021-12-29,13,2021-12-29,False
001474,2022-07-10,2022-07-10,,2022-07-10,3.6,2022-07-10,12,2022-07-10,False
001477,2022-05-10,NONE,2,NONE,20.6,NONE,14,NONE,True
001481,NONE-01-31,NONE,,NONE,34.8,NONE,9,NONE,False
001485,2022-09-28,2022-09-28,,2022-09-28,6.2,2022-09-28,6,2022-09-28,False
001488,2021-07-12,2021-07-12,,2021-07-12,2.2,2021-07-12,11,2021-07-12,False
001492,2023-07-08,2023-07-08,,2023-07-08,3.7,2023-07-08,12,2023-07-08,False
001495,2021-11-22,2021-11-22,,2021-11-22,4.2,2021-11-22,11,2021-11-22,False
001499,2021-06-30,2021-06-30,,2021-06-30,5.8,2021-06-30,13,2021-06-30,False
001503,2021-06-24,2021-06-24,,2021-06-24,3.1,2021-06-24,11,2021-06-24,False
001506,2021-02-19,2021-02-19,,2021-02-19,4.6,2021-02-19,12,2021-02-19,False
001509,2021-10-19,2021-10-19,,2021-10-19,7.6,2021-10-19,14,2021-10-19,False
001514,2022-08-16,2022-08-16,,2022-08-16,3.1,2022-08-16,11,2022-08-16,False
001520,2021-07-08,2021-07-10,,2021-07-10,13.5,2021-07-10,13,2021-07-10,False
001523,2021-06-14,2021-01-15,2,2021-01-15,1.9,2021-01-15,11,2021-01-15,True
001526,2021-01-21,2021-01-21,,2021-01-21,5.5,2021-01-21,14,2021-01-21,False
001529,2021-02-11,2021-02-11,,2021-02-11,3.1,2021-02-11,14,2021-02-11,False
001532,2022-06-21,2022-06-21,,2022-06-21,5.8,2022-06-21,12,2022-06-21,False
001536,2021-02-19,2021-02-19,,2021-02-19,5.9,2021-02-19,12,2021-02-19,False
001540,2021-06-13,2021-06-13,2,2021-06-13,6.6,2021-06-13,13,2021-06-13,True
001543,2022-01-22,2022-01-22,,2022-01-22,2.7,2022-01-22,15,2022-01-22,False
001546,2021-07-04,2021-07-04,,2021-07-04,4.6,2021-07-04,12,2021-07-04,False
001549,2022-09-28,NONE,,NONE,14.2,NONE,15,NONE,False
001552,NONE-02-19,NONE-02-19,,NONE-02-19,2.8,NONE-02-19,13,NONE-02-19,False
001557,2022-03-16,2022-03-16,2,2022-03-16,5.0,2022-03-16,13,2022-03-16,True
001561,2022-06-11,2022-06-11,,2022-06-11,2.3,2022-06-11,13,2022-06-11,False
001564,2020-08-05,NONE,2,NONE,14.2,NONE,15,NONE,True
001567,2020-04-23,2020-01-15,,2020-01-15,9.3,2020-01-15,11,2020-01-15,False
001572,2021-06-11,2021-06-11,,2021-06-11,2.9,2021-06-11,12,2021-06-11,False
001576,2022-03-27,2022-03-27,,2022-03-27,3.8,2022-03-27,14,2022-03-27,False
001579,2022-11-02,2022-11-02,,2022-11-02,2.8,2022-11-02,15,2022-11-02,False
001583,2021-12-15,2021-12-15,,2021-12-15,2.7,2021-12-15,14,2021-12-15,False
001589,2023-01-09,2023-01-09,,2023-01-09,3.4,2023-01-09,13,2023-01-09,False
001593,2022-01-05,2022-01-05,,2022-01-05,4.1,2022-01-05,12,2022-01-05,False
001596,2021-02-25,2021-02-25,2,2021-02-25,5.3,2021-02-25,13,2021-02-25,True
001599,2021-02-15,2021-02-15,,2021-02-15,2.9,2021-02-15,13,2021-02-15,False
001602,2021-02-11,2021-02-11,,2021-02-11,4.3,2021-02-11,13,2021-02-11,False
001606,2021-04-03,2021-04-03,,2021-04-03,5.3,2021-04-03,11,2021-04-03,False
001609,2021-06-29,2021-06-29,,2021-06-29,2.1,2021-06-29,6,2021-06-29,False
001612,2022-02-25,2022-02-25,,2022-02-25,2.2,2022-02-25,10,2022-02-25,False
001615,2020-09-03,2020-09-03,,2020-09-03,3.0,2020-09-03,15,2020-09-03,False
001618,2023-10-06,2023-10-06,,2023-10-06,2.3,2023-10-06,13,2023-10-06,False
001621,2022-07-19,2022-07-19,,2022-07-19,2.8,2022-07-19,11,2022-07-19,False
001627,2021-07-03,2022-07-05,,2022-07-05,3.9,2022-07-05,14,2022-07-05,False
001631,2022-10-21,2022-10-21,,2022-10-21,4.0,2022-10-21,11,2022-10-21,False
001635,2021-12-22,2021-12-22,,2021-12-22,3.7,2021-12-22,8,2021-12-22,False
001638,2021-04-12,2021-04-12,,2021-04-12,2.6,2021-04-12,11,2021-04-12,False
001641,2023-01-24,2023-01-24,,2023-01-24,5.5,2023-01-24,12,2023-01-24,False
001644,2021-10-16,2021-10-15,,2021-10-15,3.2,2021-10-15,15,2021-10-15,False
001647,2021-12-14,2021-12-14,,2021-12-14,3.7,2021-12-14,14,2021-12-14,False
001650,2019-08-18,2019-08-18,,2019-08-18,4.5,2019-08-18,12,2019-08-18,False
001653,2019-08-19,2019-08-19,,2019-08-19,2.6,2019-08-19,12,2019-08-19,False
001656,2021-01-16,2021-01-16,,2021-01-16,4.7,2021-01-16,11,2021-01-16,False
001661,2022-04-26,2022-04-26,,2022-04-26,3.9,2022-04-26,12,2022-04-26,False
001664,2020-08-29,2020-08-29,,2020-08-29,6.2,2020-08-29,14,2020-08-29,False
001668,2021-09-14,2021-09-14,,2021-09-14,5.4,2021-09-14,10,2021-09-14,False
001671,2021-10-23,2021-10-23,2,2021-10-23,5.6,2021-10-23,15,2021-10-23,True
001674,2021-07-18,2021-07-18,,2021-07-18,4.1,2021-07-18,14,2021-07-18,False
001677,2021-11-28,2021-11-28,,2021-11-28,4.3,2021-11-28,14,2021-11-28,False
001682,2022-10-22,2022-10-22,,2022-10-22,3.0,2022-10-22,13,2022-10-22,False
001685,2021-11-29,2021-11-29,2,2021-11-29,5.5,2021-11-29,13,2021-11-29,True
001689,2021-06-22,NONE,,NONE,13.5,NONE,15,NONE,False
001692,2021-07-03,2021-07-03,,2021-07-03,3.4,2021-07-03,13,2021-07-03,False
001696,2022-06-23,2022-06-23,,2022-06-23,3.2,2022-06-23,14,2022-06-23,False
001700,2021-10-27,2021-10-27,,2021-10-27,16.2,2021-10-27,11,2021-10-27,False
001703,2021-07-16,2021-07-16,,2021-07-16,5.5,2021-07-16,11,2021-07-16,False
001707,2021-05-02,2021-05-02,,2021-05-02,4.3,2021-05-02,13,2021-05-02,False
001710,2021-10-15,2021-10-15,2,2021-10-15,6.3,2021-10-15,11,2021-10-15,True
001713,2021-09-08,2021-09-08,,2021-09-08,18.4,2021-09-08,10,2021-09-08,False
001716,2021-02-07,2021-02-07,,2021-02-07,3.4,2021-02-07,15,2021-02-07,False
001719,2021-03-11,2021-03-11,,2021-03-11,4.7,2021-03-11,12,2021-03-11,False
001722,2021-07-06,2021-07-06,2,2021-07-06,6.8,2021-07-06,14,2021-07-06,True
001725,2021-02-16,2021-02-16,,2021-02-16,3.3,2021-02-16,12,2021-02-16,False
001729,2021-03-13,2021-03-13,,2021-03-13,2.6,2021-03-13,12,2021-03-13,False
001732,2022-11-18,2022-11-18,,2022-11-18,2.6,2022-11-18,13,2022-11-18,False
001736,2021-02-08,2021-02-08,,2021-02-08,1.7,2021-02-08,12,2021-02-08,False
001741,2022-11-01,2022-11-01,,2022-11-01,3.0,2022-11-01,6,2022-11-01,False
001745,2022-01-28,2022-01-NONE,2,2022-01-NONE,4.8,2022-01-NONE,12,2022-01-NONE,True
001749,2019-07-03,NONE,,NONE,15.2,NONE,8,NONE,False
001752,2022-01-10,2022-01-10,,2022-01-10,2.1,2022-01-10,15,2022-01-10,False
001756,2021-12-30,2021-12-20,2,2021-12-20,4.0,2021-12-20,15,2021-12-20,True
001759,2021-04-24,2021-04-24,,2021-04-24,5.4,2021-04-24,10,2021-04-24,False
001763,2021-12-23,2021-12-23,,2021-12-23,3.6,2021-12-23,7,2021-12-23,False
001766,2021-09-10,2021-09-10,,2021-09-10,3.5,2021-09-10,15,2021-09-10,False
001769,2021-12-22,2021-12-02,,2021-12-02,4.1,2021-12-02,14,2021-12-02,False
001773,2020-08-07,2020-08-07,,2020-08-07,5.4,2020-08-07,13,2020-08-07,False
001778,2021-04-09,2021-04-09,,2021-04-09,2.8,2021-04-09,15,2021-04-09,False
001781,2020-09-01,2020-09-01,2,2020-09-01,12.4,2020-09-01,14,2020-09-01,True
001785,2021-09-19,2021-09-19,,2021-09-19,4.9,2021-09-19,13,2021-09-19,False
001788,2020-12-NONE,NONE-12-20,,NONE-12-20,4.4,NONE-12-20,11,NONE-12-20,False
001791,2020-08-13,2020-08-01,,2020-08-01,6.6,2020-08-01,15,2020-08-01,False
001794,2021-11-07,2021-11-07,,2021-11-07,3.6,2021-11-07,6,2021-11-07,False
001797,2020-05-26,NONE,2,NONE,20.2,NONE,14,NONE,True
001800,2021-01-14,2021-01-14,,2021-01-14,4.8,2021-01-14,12,2021-01-14,False
001803,2021-01-15,2021-01-15,,2021-01-15,3.3,2021-01-15,11,2021-01-15,False
001806,2020-11-09,NONE,2,NONE,11.6,NONE,13,NONE,True
001809,2020-08-13,2020-08-13,2,2020-08-13,3.6,2020-08-13,6,2020-08-13,True
001812,2021-03-26,2021-03-26,2,2021-03-26,3.3,2021-03-26,12,2021-03-26,True
001816,2021-04-14,2021-04-14,,2021-04-14,8.4,2021-04-14,15,2021-04-14,False
001819,2022-01-18,2022-01-18,2,2022-01-18,6.5,2022-01-18,12,2022-01-18,True
001822,2021-06-09,2021-06-09,,2021-06-09,5.0,2021-06-09,15,2021-06-09,False
001826,2021-09-19,2021-09-19,,2021-09-19,2.9,2021-09-19,11,2021-09-19,False
001829,2021-03-07,2021-03-07,,2021-03-07,8.8,2021-03-07,15,2021-03-07,False
001832,2022-09-02,2020-09-02,2,2020-09-02,6.0,2020-09-02,11,2020-09-02,True
001835,2022-07-12,NONE,,NONE,9.3,NONE,9,NONE,False
001838,2021-10-15,2021-10-15,,2021-10-15,4.3,2021-10-15,13,2021-10-15,False
001841,2021-09-30,2021-09-30,,2021-09-30,3.8,2021-09-30,14,2021-09-30,False
001845,2021-11-23,2021-11-23,,2021-11-23,2.8,2021-11-23,15,2021-11-23,False
001848,2021-11-18,2021-11-18,,2021-11-18,3.5,2021-11-18,13,2021-11-18,False
001851,2021-12-16,2021-12-16,,2021-12-16,3.6,2021-12-16,11,2021-12-16,False
001854,2022-01-18,2022-12-10,,2022-12-10,5.8,2022-12-10,13,2022-12-10,False
001857,2022-07-17,2022-07-17,,2022-07-17,6.3,2022-07-17,15,2022-07-17,False
001861,2023-06-18,2023-06-18,,2023-06-18,7.6,2023-06-18,13,2023-06-18,False
001864,2023-08-04,NONE,,NONE,24.4,NONE,14,NONE,False
001867,2022-07-NONE,2022-07-NONE,,2022-07-NONE,3.8,2022-07-NONE,14,2022-07-NONE,False
001870,2021-09-26,2021-09-26,2,2021-09-26,4.3,2021-09-26,15,2021-09-26,True
001874,2021-10-22,2022-10-21,d,2022-10-21,4.3,2022-10-21,13,2022-10-21,False
001877,2021-11-03,2021-11-03,,2021-11-03,5.4,2021-11-03,11,2021-11-03,False
001880,2024-09-01,NONE,,NONE,11.3,NONE,15,NONE,False
001883,2021-09-09,2021-09-09,,2021-09-09,4.9,2021-09-09,15,2021-09-09,False
001886,2021-12-05,2021-12-05,2,2021-12-05,4.9,2021-12-05,13,2021-12-05,True
001889,2021-08-31,2021-08-31,,2021-08-31,4.7,2021-08-31,15,2021-08-31,False
001893,2021-03-19,2021-03-19,,2021-03-19,3.2,2021-03-19,14,2021-03-19,False
001896,2021-03-17,2021-03-17,,2021-03-17,3.0,2021-03-17,7,2021-03-17,False
001900,2021-11-29,NONE,,NONE,16.8,NONE,8,NONE,False
001903,2027-08-21,2027-08-21,2,2027-08-21,4.8,2027-08-21,15,2027-08-21,True
001906,2021-09-03,2021-09-03,2,2021-09-03,3.5,2021-09-03,9,2021-09-03,True
001909,2021-12-29,2021-12-29,,2021-12-29,8.0,2021-12-29,13,2021-12-29,False
001912,2021-05-21,2021-05-21,,2021-05-21,4.6,2021-05-21,12,2021-05-21,False
001915,2021-06-24,2021-06-24,,2021-06-24,3.8,2021-06-24,11,2021-06-24,False
001919,2023-12-20,2023-12-20,,2023-12-20,5.1,2023-12-20,11,2023-12-20,False
001923,2022-06-14,2022-06-14,,2022-06-14,6.4,2022-06-14,14,2022-06-14,False
001927,2021-04-27,2021-04-27,,2021-04-27,3.7,2021-04-27,14,2021-04-27,False
001931,2022-01-01,2022-01-01,,2022-01-01,2.9,2022-01-01,15,2022-01-01,False
001934,2022-03-29,2022-03-29,,2022-03-29,5.2,2022-03-29,15,2022-03-29,False
001937,2021-12-21,2021-12-21,,2021-12-21,11.7,2021-12-21,6,2021-12-21,False
001940,2021-03-14,2021-03-14,b,2021-03-14,9.7,2021-03-14,12,2021-03-14,False
001944,2023-09-29,NONE,t,NONE,12.6,NONE,9,2023-09-08,False
001948,2022-08-10,2022-08-10,2,2022-08-10,17.5,2022-08-10,14,2022-08-10,True
001951,2022-09-16,2022-09-16,,2022-09-16,6.2,2022-09-16,11,2022-09-16,False
001954,2021-10-NONE,2027-10-NONE,,2021-07-04,7.9,2021-07-04,13,2021-07-04,False
001957,2021-10-NONE,2021-10-NONE,,2021-10-NONE,9.5,2021-10-NONE,10,2021-10-NONE,False
001960,2022-06-15,2022-06-15,,2022-06-15,5.3,2022-06-15,14,2022-06-15,False
001965,2023-10-12,2023-10-12,,2023-10-12,3.0,2023-10-12,12,2023-10-12,False
001968,2022-08-24,2022-08-24,,2022-08-24,3.1,2022-08-24,12,2022-08-24,False
001971,2021-06-18,2021-06-18,,2021-06-18,3.2,2021-06-18,13,2021-06-18,False
001974,2021-09-NONE,2021-09-NONE,,2021-09-NONE,8.0,2021-09-NONE,10,2021-09-NONE,False
001982,2021-10-20,2021-10-20,,2021-10-20,2.4,2021-10-20,13,2021-10-20,False
001985,2022-01-19,2022-01-19,,2022-01-19,4.4,2022-01-19,14,2022-01-19,False
001988,2021-12-28,NONE,,NONE,19.0,NONE,10,NONE,False
001991,2021-12-28,2021-12-28,,2021-12-28,5.4,2021-12-28,12,2021-12-28,False
001994,2021-10-29,2021-10-29,,2021-10-29,4.3,2021-10-29,14,2021-10-29,False
001997,2021-12-27,2021-12-27,,2021-12-27,4.1,2021-12-27,11,2021-12-27,False
002000,2021-04-24,2021-04-24,,2021-04-24,5.0,2021-04-24,11,2021-04-24,False
002003,2022-05-15,2022-05-15,,2022-05-15,4.0,2022-05-15,13,2022-05-15,False
002007,2022-01-14,2022-01-14,,2022-01-14,9.1,2022-01-14,11,2022-01-14,False
002011,2020-06-30,NONE,,NONE,19.4,NONE,11,NONE,False
002015,2023-06-28,2023-08-28,,2023-08-28,4.1,2023-08-28,13,2023-08-28,False
002019,2022-03-09,2022-03-09,,2022-03-09,12.4,2022-03-09,12,2022-03-09,False
002024,2020-11-10,2020-11-10,,2020-11-10,2.8,2020-11-10,12,2020-11-10,False
002027,2020-11-26,2020-11-26,,2020-11-26,6.7,2020-11-26,15,2020-11-26,False
002030,2019-11-18,2019-11-18,,2019-11-18,3.9,2019-11-18,12,2019-11-18,False
002037,2020-08-22,2020-08-22,,2020-08-22,2.7,2020-08-22,9,2020-08-22,False
002040,2021-12-03,2021-12-03,,2021-12-03,2.9,2021-12-03,11,2021-12-03,False
002044,2019-12-20,2019-12-20,,2019-12-20,3.3,2019-12-20,14,2019-12-20,False
002047,2021-07-31,2021-07-31,,2021-07-31,4.2,2021-07-31,15,2021-07-31,False
002050,2021-03-25,2021-03-25,,2021-03-25,4.9,2021-03-25,12,2021-03-25,False
002053,2020-08-11,2020-08-11,,2020-08-11,4.5,2020-08-11,12,2020-08-11,False
002056,2021-12-17,2021-12-17,,2021-12-17,2.3,2021-12-17,14,2021-12-17,False
002060,NONE-04-17,NONE-04-17,,NONE-04-17,8.6,NONE-04-17,15,NONE-04-17,False
002063,2023-02-NONE,2023-02-NONE,,2023-02-NONE,4.5,2023-02-NONE,13,2023-02-NONE,False
002066,2020-04-30,2020-04-30,2,2020-04-30,3.7,2020-04-30,15,2020-04-30,True
002069,2022-12-11,2022-12-11,,2022-12-11,3.7,2022-12-11,12,2022-12-11,False
002072,2024-12-21,2024-12-21,,2024-12-21,3.1,2024-12-21,15,2024-12-21,False
002075,2020-05-28,2020-05-28,,2020-05-28,2.5,2020-05-28,6,2020-05-28,False
002078,2020-10-21,2020-10-21,,2020-10-21,2.4,2020-10-21,14,2020-10-21,False
002082,2019-07-09,2019-07-09,,2019-07-09,1.9,2019-07-09,12,2019-07-09,False
002085,2021-11-22,2021-11-22,,2021-11-22,2.3,2021-11-22,11,2021-11-22,False
002090,2021-11-09,2021-11-09,,2021-11-09,4.0,2021-11-09,12,2021-11-09,False
002093,2021-11-17,2021-11-17,,2021-11-17,4.8,2021-11-17,12,2021-11-17,False
002096,2022-06-16,2022-06-16,,2022-06-16,3.1,2022-06-16,14,2022-06-16,False
002099,2021-05-25,2021-05-25,,2021-05-25,2.0,2021-05-25,11,2021-05-25,False
002103,2021-12-25,2021-12-19,,2021-12-19,2.0,2021-12-19,12,2021-12-19,False
002111,2022-08-25,2022-08-25,,2022-08-25,1.9,2022-08-25,11,2022-08-25,False
002114,2020-12-01,2020-12-01,,2020-12-01,2.9,2020-12-01,15,2020-12-01,False
002117,2020-07-05,2020-07-05,,2020-07-05,4.4,2020-07-05,12,2020-07-05,False
002120,2020-07-20,2020-07-20,,2020-07-20,2.3,2020-07-20,14,2020-07-20,False
002123,2020-11-02,2020-11-02,,2020-11-02,4.2,2020-11-02,11,2020-11-02,False
002126,2021-04-21,2021-04-02,,2021-04-02,3.3,2021-04-02,11,2021-04-02,False
002129,2021-08-12,2021-08-12,,2021-08-12,2.5,2021-08-12,14,2021-08-12,False
002132,2021-10-04,2021-10-04,,2021-10-04,1.9,2021-10-04,14,2021-10-04,False
002135,2022-11-02,2022-11-02,,2022-11-02,4.9,2022-11-02,14,2022-11-02,False
002138,2021-06-29,2021-06-29,,2021-06-29,3.2,2021-06-29,7,2021-06-29,False
002141,2021-04-11,2021-04-11,,2021-04-11,1.8,2021-04-11,13,2021-04-11,False
002145,2021-07-13,2021-07-13,,2021-07-13,2.8,2021-07-13,13,2021-07-13,False
002148,2022-01-03,2022-01-01,,2022-01-01,8.3,2022-01-01,12,2022-01-01,False
002152,2019-07-11,2019-07-18,2,2019-07-18,2.1,2019-07-18,14,2019-07-18,True
002155,2021-05-21,2021-05-21,,2021-05-21,3.2,2021-05-21,10,2021-05-21,False
002158,NONE-04-13,NONE-04-13,,NONE-04-13,4.6,NONE-04-13,12,NONE-04-13,False
002161,2021-04-08,2021-04-08,,2021-04-08,22.2,2021-04-08,12,2021-04-08,False
002164,2021-01-29,2020-10-30,2,2020-10-30,3.6,2020-10-30,11,2021-01-29,True
002167,2021-05-28,2021-05-02,,2021-05-28,3.4,2021-05-28,9,2021-05-28,False
002170,2020-01-15,2020-01-15,,2020-01-15,2.7,2020-01-15,15,2020-01-15,False
002174,2021-09-05,2021-09-05,,2021-09-05,3.7,2021-09-05,14,2021-09-05,False
002178,2022-05-19,2022-05-19,,2022-05-19,2.9,2022-05-19,11,2022-05-19,False
002181,2018-12-04,2018-12-04,,2018-12-04,5.3,2018-12-04,14,2018-12-04,False
002185,2020-09-25,2020-09-25,,2020-09-25,3.0,2020-09-25,15,2020-09-25,False
002188,2020-08-07,2020-08-07,,2020-08-07,4.1,2020-08-07,12,2020-08-07,False
002191,2020-10-20,2020-10-20,,2020-10-20,2.5,2020-10-20,15,2020-10-20,False
002194,2020-06-10,2020-06-01,,2020-06-01,2.4,2020-06-01,15,2020-06-01,False
002197,2021-01-13,2021-01-13,,2021-01-13,2.8,2021-01-13,12,2021-01-13,False
002201,2020-10-08,2020-10-08,,2020-10-08,3.0,2020-10-08,11,2020-10-08,False
002205,2021-03-05,2021-03-05,,2021-03-05,1.6,2021-03-05,13,2021-03-05,False
002209,2022-05-31,2022-05-31,,2022-05-31,3.2,2022-05-31,9,2022-05-31,False
002213,2020-10-30,2020-10-30,,2020-10-30,15.4,2020-10-30,14,2020-10-30,False
002216,2023-06-NONE,2023-06-NONE,,2023-06-NONE,4.1,2023-06-NONE,15,2023-06-NONE,False
002219,2022-02-01,2022-02-01,,2022-02-01,5.3,2022-02-01,12,2022-02-01,False
002222,2021-02-07,2021-02-07,,2021-02-07,5.7,2021-02-07,11,2021-02-07,False
002225,2022-09-14,2022-09-14,,2022-09-14,2.2,2022-09-14,11,2022-09-14,False
002228,2023-03-28,2023-03-28,,2023-03-28,1.9,2023-03-28,12,2023-03-28,False
002231,2022-07-21,2022-07-21,,2022-07-21,1.2,2022-07-21,9,2022-07-21,False
002234,2023-01-21,2023-01-21,,2023-01-21,1.8,2023-01-21,15,2023-01-21,False
002237,2021-06-08,2021-06-08,,2021-06-08,2.1,2021-06-08,14,2021-06-08,False
002241,2021-05-26,NONE,,NONE,8.3,NONE,13,NONE,False
002245,2021-05-21,2021-05-21,2,2021-05-21,3.4,2021-05-21,9,2021-05-21,True
002248,2021-09-07,2021-09-07,,2021-09-07,1.5,2021-09-07,7,2021-09-07,False
002251,2021-05-09,2021-05-09,,2021-05-09,2.1,2021-05-09,10,2021-05-09,False
002254,2021-10-26,2021-10-26,2,2021-10-26,8.5,2021-10-26,12,2021-10-26,True
002257,2021-04-30,2021-04-30,,2021-04-30,1.7,2021-04-30,12,2021-04-30,False
002263,2021-12-01,2021-12-NONE,,2021-12-01,1.4,2021-12-01,15,2021-12-01,False
002267,2022-09-NONE,2022-09-NONE,,2022-09-NONE,2.4,2022-09-NONE,12,2022-09-NONE,False
002270,2021-03-16,2021-03-16,,2021-03-16,1.3,2021-03-16,15,2021-03-16,False
002273,2021-08-09,2021-08-09,,2021-08-09,1.8,2021-08-09,14,2021-08-09,False
002276,2023-12-22,2023-12-02,2,2023-12-02,1.5,2023-12-02,10,2023-12-02,True
002283,2022-01-20,2022-01-20,2,2022-01-20,3.3,2022-01-20,14,2022-01-20,True
002288,2024-12-18,2021-12-18,,2021-12-18,1.8,2021-12-18,11,2021-12-18,False
002291,2021-09-10,2021-09-10,,2021-09-10,2.2,2021-09-10,11,2021-09-10,False
002294,2022-09-22,2022-09-22,,2022-09-22,3.1,2022-09-22,13,2022-09-22,False
002298,2021-10-15,2021-10-15,,2021-10-15,1.8,2021-10-15,14,2021-10-15,False
002302,2022-02-03,2022-02-03,,2022-02-03,1.9,2022-02-03,11,2022-02-03,False
002305,2022-07-31,2022-07-31,,2022-07-31,1.9,2022-07-31,15,2022-07-31,False
002308,2021-11-15,2021-11-15,,2021-11-15,11.9,2021-11-15,12,2021-11-15,False
002312,2020-08-17,2020-08-17,,2020-08-17,2.3,2020-08-17,10,2020-08-17,False
002316,2022-06-15,2022-06-15,,2022-06-15,8.2,2022-06-15,13,2022-06-15,False
002320,2020-10-29,2020-10-29,,2020-10-29,1.8,2020-10-29,13,2020-10-29,False
002323,NONE-04-15,NONE-04-15,,NONE-04-15,5.1,NONE-04-15,13,NONE-04-15,False
002326,2022-10-23,2022-10-23,,2022-10-23,2.4,2022-10-23,15,2022-10-23,False
002329,2020-11-30,2020-11-30,,2020-11-30,1.2,2020-11-30,14,2020-11-30,False
002333,2021-10-04,2021-10-04,,2021-10-04,1.1,2021-10-04,13,2021-10-04,False
002337,2023-01-05,2023-01-05,,2023-01-05,1.5,2023-01-05,15,2023-01-05,False
002341,2021-12-15,2021-12-15,2,2021-12-15,2.8,2021-12-15,13,2021-12-15,True
002344,2022-04-09,2022-04-09,,2022-04-09,1.9,2022-04-09,14,2022-04-09,False
002348,2021-10-04,2021-10-04,,2021-10-04,1.7,2021-10-04,11,2021-10-04,False
002353,2021-10-22,2021-10-22,,2021-10-22,2.1,2021-10-22,12,2021-10-22,False
002356,2021-02-12,2021-02-12,,2021-02-12,1.8,2021-02-12,12,2021-02-12,False
002359,2021-06-10,2021-06-10,,2021-06-10,1.8,2021-06-10,13,2021-06-10,False
002362,NONE,2019-12-10,,2019-12-10,4.0,2019-12-10,13,2019-12-10,False
002365,2021-12-22,2021-12-22,,2021-12-22,2.1,2021-12-22,11,2021-12-22,False
002368,2022-01-16,2022-01-16,,2022-01-16,4.3,2022-01-16,12,2022-01-16,False
002371,2022-11-12,2022-11-12,,2022-11-12,2.5,2022-11-12,11,2022-11-12,False
002374,2021-12-27,2028-10-NONE,,2028-10-NONE,1.6,2028-10-NONE,13,2028-10-NONE,False
002377,2022-12-21,2022-12-21,,2022-12-21,2.9,2022-12-21,11,2022-12-21,False
002380,2022-10-20,2022-10-20,,2022-10-20,3.9,2022-10-20,6,2022-10-20,False
002384,2020-10-08,2020-10-08,,2020-10-08,3.7,2020-10-08,12,2020-10-08,False
002387,2021-01-14,2021-01-14,,2021-01-14,1.9,2021-01-14,14,2021-01-14,False
002390,2021-03-18,2021-08-NONE,,2021-08-NONE,1.9,2021-08-NONE,13,2021-08-NONE,False
002393,2020-07-01,2020-07-01,,2020-07-01,5.1,2020-07-01,12,2020-07-01,False
002396,2022-01-25,2022-01-25,,2022-01-25,1.9,2022-01-25,12,2022-01-25,False
002399,2021-09-18,2021-09-18,,2021-09-18,2.0,2021-09-18,11,2021-09-18,False
002402,2022-11-04,NONE,,NONE,17.8,NONE,6,NONE,False
002405,2021-11-01,2021-11-01,,2021-11-01,1.6,2021-11-01,15,2021-11-01,False
002408,2022-10-29,2022-10-29,2,2022-10-29,2.5,2022-10-29,13,2022-10-29,True
002411,2023-01-12,2023-01-12,,2023-01-12,1.7,2023-01-12,13,2023-01-12,False
002414,2021-11-01,2021-11-01,,2021-11-01,3.3,2021-11-01,12,2021-11-01,False
002419,2023-05-10,2023-05-10,,2023-05-10,2.3,2023-05-10,11,2023-05-10,False
002423,2023-02-07,2023-02-07,,2023-02-07,4.2,2023-02-07,7,2023-02-07,False
002426,2021-01-18,2021-01-18,,2021-01-18,2.3,2021-01-18,8,2021-01-18,False
002430,2021-06-11,2021-06-11,,2021-06-11,6.2,2021-06-11,15,2021-06-11,False
002434,2023-01-07,2023-01-07,,2023-01-07,2.2,2023-01-07,15,2023-01-07,False
002439,2022-01-26,2022-01-26,,2022-01-26,2.4,2022-01-26,13,2022-01-26,False
002442,2021-08-03,2021-08-03,,2021-08-03,2.1,2021-08-03,13,2021-08-03,False
002446,2021-01-16,2021-01-16,,2021-01-16,2.0,2021-01-16,15,2021-01-16,False
002450,2021-06-09,NONE,2,NONE,8.7,NONE,15,NONE,True
002453,2021-12-22,NONE,,NONE,11.8,NONE,7,NONE,False
002456,2024-09-15,2024-09-15,,2024-09-15,6.0,2024-09-15,15,2024-09-15,False
002459,2021-11-30,2021-11-30,,2021-11-30,5.3,2021-11-30,6,2021-11-30,False
002462,2020-12-21,2020-12-02,,2020-12-02,2.3,2020-12-02,15,2020-12-02,False
002465,2022-01-20,2022-01-20,,2022-01-20,5.4,2022-01-20,15,2022-01-20,False
002470,2023-06-22,2023-06-22,,2023-06-22,2.4,2023-06-22,12,2023-06-22,False
002473,2021-03-16,2021-03-16,2,2021-03-16,6.7,2021-03-16,9,2021-03-16,True
002476,2021-03-13,2021-03-13,,2021-03-13,4.2,2021-03-13,15,2021-03-13,False
002479,2022-07-NONE,2022-07-NONE,,2022-07-NONE,1.9,2022-07-NONE,13,2022-07-NONE,False
002482,2021-03-28,2021-05-28,,2021-05-28,2.9,2021-05-28,15,2021-05-28,False
002485,2022-08-03,2022-08-03,,2022-08-03,2.6,2022-08-03,12,2022-08-03,False
002488,NONE,2021-02-06,m,2021-02-06,1.5,2021-02-06,15,2021-02-06,False
002491,2022-09-08,NONE-08-09,,NONE-08-09,10.6,NONE-08-09,11,NONE-08-09,False
002494,2022-02-10,2022-02-10,,2022-02-10,2.2,2022-02-10,8,2022-02-10,False
002497,2023-01-24,2024-09-NONE,,2024-09-NONE,2.4,2024-09-NONE,13,2024-09-NONE,False
002501,2021-08-21,2021-08-21,,2021-08-21,3.7,2021-08-21,11,2021-08-21,False
002504,2022-01-06,2022-01-06,,2022-01-06,1.7,2022-01-06,11,2022-01-06,False
002507,2021-08-08,2021-08-08,,2021-08-08,2.1,2021-08-08,15,2021-08-08,False
002510,2022-03-09,2022-03-09,,2022-03-09,2.3,2022-03-09,12,2022-03-09,False
002514,2022-02-16,2022-02-16,,2022-02-16,2.8,2022-02-16,12,2022-02-16,False
002518,2023-01-25,2023-01-25,,2023-01-25,2.5,2023-01-25,12,2023-01-25,False
002521,2023-10-02,2023-10-02,,2023-10-02,2.0,2023-10-02,15,2023-10-02,False
002524,2023-01-25,2023-01-25,,2023-01-25,2.1,2023-01-25,11,2023-01-25,False
002527,2023-02-15,2023-02-15,,2023-02-15,1.7,2023-02-15,11,2023-02-15,False
002532,2022-06-30,2022-06-30,,2022-06-30,2.4,2022-06-30,11,2022-06-30,False
002535,2021-12-04,2021-12-04,,2021-12-04,2.4,2021-12-04,7,2021-12-04,False
002538,2021-08-05,2021-08-05,,2021-08-05,4.9,2021-08-05,13,2021-08-05,False
002541,2021-12-19,2021-12-19,,2021-12-19,3.6,2021-12-19,10,2021-12-19,False
002544,2021-03-21,2021-03-21,,2021-03-21,15.7,2021-03-21,14,2021-03-21,False
002550,2021-09-30,2021-09-30,,2021-09-30,2.2,2021-09-30,15,2021-09-30,False
002553,2021-02-22,2022-01-21,,2022-01-21,2.2,2022-01-21,12,2022-01-21,False
002556,2021-11-17,2021-11-17,,2021-11-17,1.5,2021-11-17,15,2021-11-17,False
002559,2022-04-01,2022-04-07,,2022-04-07,6.6,2022-04-07,15,2022-04-07,False
002562,2021-08-29,2021-08-29,,2021-08-29,1.8,2021-08-29,13,2021-08-29,False
002565,2021-09-25,2021-09-25,,2021-09-25,2.6,2021-09-25,15,2021-09-25,False
002568,2022-04-04,2022-04-04,,2022-04-04,1.6,2022-04-04,12,2022-04-04,False
002571,2021-05-07,2021-01-08,2,2021-05-07,2.7,2021-05-07,7,2021-05-07,True
002575,2021-12-16,2021-12-16,,2021-12-16,2.9,2021-12-16,15,2021-12-16,False
002579,2024-01-14,2024-01-14,,2024-01-14,3.7,2024-01-14,12,2024-01-14,False
002582,2021-01-07,2021-01-07,,2021-01-07,2.0,2021-01-07,12,2021-01-07,False
002585,2023-11-04,2023-11-04,,2023-11-04,2.2,2023-11-04,12,2023-11-04,False
002590,2023-10-27,2023-10-27,,2023-10-27,4.8,2023-10-27,12,2023-10-27,False
002596,2022-10-22,2022-10-22,,2022-10-22,4.5,2022-10-22,15,2022-10-22,False
002600,NONE,2020-10-21,m,2020-10-21,1.7,2020-10-21,14,2020-10-21,False
002603,2022-07-07,2022-07-07,,2022-07-07,2.6,2022-07-07,14,2022-07-07,False
002611,2021-12-01,2021-12-01,,2021-12-01,1.9,2021-12-01,11,2021-12-01,False
002616,2022-12-21,2022-12-21,,2022-12-21,2.0,2022-12-21,7,2022-12-21,False
002619,2022-03-31,2022-03-31,,2022-03-31,2.1,2022-03-31,12,2022-03-31,False
002622,2023-12-21,2023-12-21,,2023-12-21,1.7,2023-12-21,8,2023-12-21,False
002625,2021-06-22,2021-06-22,,2021-06-22,2.4,2021-06-22,14,2021-06-22,False
002628,2021-12-08,2021-12-08,,2021-12-08,1.7,2021-12-08,14,2021-12-08,False
002632,2022-01-20,2022-01-20,,2022-01-20,2.6,2022-01-20,6,2022-01-20,False
002635,2022-10-09,2022-10-09,,2022-10-09,4.0,2022-10-09,14,2022-10-09,False
002638,2022-11-01,2022-11-01,,2022-11-01,5.7,2022-11-01,7,2022-11-01,False
002641,2021-10-31,2021-10-31,,2021-10-31,5.1,2021-10-31,11,2021-10-31,False
002645,2021-12-14,2021-12-14,,2021-12-14,7.0,2021-12-14,13,2021-12-14,False
002649,2021-07-01,2021-07-01,,2021-07-01,2.7,2021-07-01,11,2021-07-01,False
002655,2021-03-25,2021-03-20,,2021-03-20,1.4,2021-03-20,11,2021-03-20,False
002658,2021-07-01,2021-07-01,,2021-07-01,3.6,2021-07-01,13,2021-07-01,False
002661,2022-01-11,2022-01-11,2,2022-01-11,6.2,2022-01-11,15,2022-01-11,True
002664,2021-08-18,2021-08-18,2,2021-08-18,2.7,2021-08-18,12,2021-08-18,True
002669,2022-04-18,2022-04-18,,2022-04-18,3.5,2022-04-18,11,2022-04-18,False
002673,2021-04-25,2021-04-25,,2021-04-25,1.6,2021-04-25,11,2021-04-25,False
002676,2021-03-23,2021-03-23,,2021-03-23,2.6,2021-03-23,15,2021-03-23,False
002679,2021-07-17,2021-07-17,,2021-07-17,1.5,2021-07-17,11,2021-07-17,False
002682,2021-09-10,2021-09-10,,2021-09-10,3.6,2021-09-10,7,2021-09-10,False
002685,2021-07-28,2021-07-28,,2021-07-28,4.7,2021-07-28,13,2021-07-28,False
002688,2021-06-11,2021-06-11,,2021-06-11,3.6,2021-06-11,8,2021-06-11,False
002691,2021-03-10,2021-03-10,,2021-03-10,3.5,2021-03-10,12,2021-03-10,False
002695,2022-01-14,2022-01-14,,2022-01-14,12.1,2022-01-14,13,2022-01-14,False
002698,2021-11-29,2021-11-29,,2021-11-29,3.1,2021-11-29,12,2021-11-29,False
002702,2022-12-16,2022-12-16,,2022-12-16,3.0,2022-12-16,7,2022-12-16,False
002706,2021-12-07,2021-12-07,,2021-12-07,3.0,2021-12-07,11,2021-12-07,False
002709,2021-10-28,2021-10-28,,2021-10-28,3.5,2021-10-28,12,2021-10-28,False
002712,2022-01-11,2022-01-11,,2022-01-11,2.6,2022-01-11,12,2022-01-11,False
002715,2021-12-15,2021-12-15,,2021-12-15,3.9,2021-12-15,12,2021-12-15,False
002719,2026-01-09,2026-01-09,,2026-01-09,3.1,2026-01-09,15,2026-01-09,False
002722,2022-12-30,2022-12-30,,2022-12-30,2.3,2022-12-30,12,2022-12-30,False
002726,2017-03-22,2017-03-22,,2017-03-22,2.5,2017-03-22,12,2017-03-22,False
002729,2021-11-04,2021-11-04,,2021-11-04,4.2,2021-11-04,13,2021-11-04,False
002732,2021-12-25,2021-12-25,,2021-12-25,4.6,2021-12-25,11,2021-12-25,False
002735,2022-02-04,2022-02-04,,2022-02-04,2.2,2022-02-04,15,2022-02-04,False
002739,2021-09-26,2021-09-26,2,2021-09-26,2.5,2021-09-26,11,2021-09-26,True
002743,2021-08-13,2021-08-13,,2021-08-13,4.0,2021-08-13,11,2021-08-13,False
002747,2022-01-08,2022-01-08,,2022-01-08,3.9,2022-01-08,15,2022-01-08,False
002750,2022-06-15,2022-06-15,,2022-06-15,2.3,2022-06-15,8,2022-06-15,False
002753,2022-01-NONE,2022-01-NONE,,2022-01-NONE,1.9,2022-01-NONE,14,2022-01-NONE,False
002756,2021-05-16,2021-05-16,,2021-05-16,3.4,2021-05-16,12,2021-05-16,False
002759,2021-05-12,2021-05-12,,2021-05-12,1.6,2021-05-12,13,2021-05-12,False
002763,2021-11-06,2021-11-06,,2021-11-06,3.9,2021-11-06,15,2021-11-06,False
002766,2021-03-16,NONE,,NONE,9.4,NONE,13,NONE,False
002769,2021-12-08,2021-12-08,,2021-12-08,1.7,2021-12-08,13,2021-12-08,False
002772,2024-05-NONE,2024-05-NONE,,2024-05-NONE,3.5,2024-05-NONE,10,2024-05-NONE,False
002775,2021-10-08,NONE,,NONE,10.6,NONE,11,NONE,False
002778,2021-10-02,2021-10-02,,2021-10-02,4.1,2021-10-02,13,2021-10-02,False
002781,2021-04-06,2021-04-06,,2021-04-06,2.4,2021-04-06,11,2021-04-06,False
002785,2021-04-18,2021-08-18,,2021-08-18,4.6,2021-08-18,15,2021-08-18,False
002789,2021-04-03,2021-04-03,,2021-04-03,3.8,2021-04-03,12,2021-04-03,False
002792,2023-04-28,2023-04-28,,2023-04-28,2.2,2023-04-28,11,2023-04-28,False
002795,2021-03-18,2021-03-18,,2021-03-18,2.0,2021-03-18,12,2021-03-18,False
002798,2021-04-28,NONE,,NONE,9.2,NONE,15,NONE,False
002803,2021-04-19,2021-04-19,,2021-04-19,2.1,2021-04-19,14,2021-04-19,False
002807,2021-12-29,2021-12-29,,2021-12-29,1.9,2021-12-29,8,2021-12-29,False
002810,2023-01-20,2023-01-20,,2023-01-20,2.9,2023-01-20,15,2023-01-20,False
002815,2021-06-28,2021-01-29,2,2021-06-28,3.9,2021-06-28,14,2021-06-28,True
002818,2022-12-01,2022-12-01,,2022-12-01,1.8,2022-12-01,15,2022-12-01,False
002821,2021-11-19,2021-11-19,,2021-11-19,2.5,2021-11-19,7,2021-11-19,False
002824,2022-11-08,2022-11-08,,2022-11-08,2.3,2022-11-08,12,2022-11-08,False
002829,2022-01-02,2022-01-02,,2022-01-02,2.9,2022-01-02,12,2022-01-02,False
002832,2021-08-30,2021-08-30,,2021-08-30,4.0,2021-08-30,6,2021-08-30,False
002836,2021-08-01,2021-08-01,,2021-08-01,2.8,2021-08-01,13,2021-08-01,False
002841,2023-09-22,2023-09-22,,2023-09-22,2.0,2023-09-22,11,2023-09-22,False
002844,2023-06-NONE,2023-06-NONE,,2023-06-NONE,2.3,2023-06-NONE,15,2023-06-NONE,False
002847,2021-12-30,2021-12-30,,2021-12-30,3.9,2021-12-30,11,2021-12-30,False
002850,2021-08-15,2021-08-15,,2021-08-15,3.2,2021-08-15,15,2021-08-15,False
002853,2021-08-11,2021-08-11,,2021-08-11,4.2,2021-08-11,13,2021-08-11,False
002856,2022-09-13,2022-09-13,,2022-09-13,3.5,2022-09-13,15,2022-09-13,False
002860,2022-06-15,2022-06-15,,2022-06-15,1.3,2022-06-15,15,2022-06-15,False
002863,2021-08-30,NONE,,NONE,11.8,NONE,15,NONE,False
002868,2021-08-04,2021-08-04,,2021-08-04,13.4,2021-08-04,15,2021-08-04,False
002871,2021-02-25,2021-02-25,,2021-02-25,2.2,2021-02-25,6,2021-02-25,False
002876,2022-12-04,2022-12-04,,2022-12-04,2.5,2022-12-04,10,2022-12-04,False
002880,2021-04-13,2021-04-13,2,2021-04-13,6.2,2021-04-13,15,2021-04-13,True
002883,2023-12-08,2023-12-08,,2023-12-08,2.8,2023-12-08,12,2023-12-08,False
002886,2022-01-04,2022-01-04,,2022-01-04,1.7,2022-01-04,15,2022-01-04,False
002890,2021-11-11,2021-11-11,,2021-11-11,4.1,2021-11-11,15,2021-11-11,False
002894,2024-02-13,2024-02-13,,2024-02-13,1.7,2024-02-13,11,2024-02-13,False
002897,2021-07-20,2021-07-20,,2021-07-20,2.4,2021-07-20,15,2021-07-20,False
002900,2022-08-03,2022-08-03,,2022-08-03,1.1,2022-08-03,11,2022-08-03,False
002903,2020-07-22,2020-07-02,,2020-07-02,2.0,2020-07-02,9,2020-07-02,False
002906,2021-05-19,2021-05-19,,2021-05-19,1.6,2021-05-19,8,2021-05-19,False
002909,2021-07-21,2021-07-21,,2021-07-21,1.2,2021-07-21,14,2021-07-21,False
002912,2021-06-30,2021-06-30,d,2021-06-30,1.5,2021-06-30,13,2021-06-30,False
002915,2022-09-15,2022-09-15,,2022-09-15,3.0,2022-09-15,13,2022-09-15,False
002919,2021-09-11,2021-09-11,,2021-09-11,1.7,2021-09-11,15,2021-09-11,False
002923,2021-06-13,2021-06-13,,2021-06-13,3.0,2021-06-13,15,2021-06-13,False
002928,NONE-04-08,2024-08-20,,2024-08-20,9.7,2024-08-20,11,2024-08-20,False
002933,2022-02-01,2022-02-01,,2022-02-01,3.1,2022-02-01,12,2022-02-01,False
002936,2021-11-11,2021-11-11,,2021-11-11,2.6,2021-11-11,15,2021-11-11,False
002939,2022-07-29,2022-07-29,,2022-07-29,3.2,2022-07-29,11,2022-07-29,False
002942,2021-07-05,2021-07-05,,2021-07-05,10.7,2021-07-05,10,2021-07-05,False
002945,2023-08-27,2023-08-27,,2023-08-27,1.7,2023-08-27,13,2023-08-27,False
002949,2021-08-12,2021-08-12,,2021-08-12,1.7,2021-08-12,15,2021-08-12,False
002952,2021-11-03,2021-11-03,,2021-11-03,4.2,2021-11-03,13,2021-11-03,False
002957,NONE,2021-01-02,m,2021-01-02,3.9,2021-01-02,15,2021-01-02,False
002960,2021-10-08,2021-10-08,,2021-10-08,11.2,2021-10-08,13,2021-10-08,False
002963,2020-11-06,2020-11-06,,2020-11-06,1.8,2020-11-06,14,2020-11-06,False
002967,2021-09-03,2021-09-03,,2021-09-03,1.6,2021-09-03,14,2021-09-03,False
002971,2022-11-14,2022-11-14,,2022-11-14,2.5,2022-11-14,11,2022-11-14,False
002974,2022-03-15,2022-03-15,2,2022-03-15,2.1,2022-03-15,14,2022-03-15,True
002977,2020-05-12,2020-12-05,,2020-12-05,2.2,2020-12-05,12,2020-12-05,False
002980,2021-12-17,2021-12-17,,2021-12-17,3.1,2021-12-17,7,2021-12-17,False
002983,2021-09-14,2021-09-14,,2021-09-14,2.0,2021-09-14,14,2021-09-14,False
002986,2022-04-01,2022-04-01,,2022-04-01,1.4,2022-04-01,14,2022-04-01,False
002989,2021-07-20,2024-07-20,,2024-07-20,4.6,2024-07-20,12,2024-07-20,False
002993,2021-11-22,2021-11-22,,2021-11-22,1.5,2021-11-22,14,2021-11-22,False
002996,2022-10-15,2022-10-15,,2022-10-15,3.4,2022-10-15,11,2022-10-15,False
003000,2021-10-12,2021-10-12,,2021-10-12,2.0,2021-10-12,14,2021-10-12,False
003003,2022-11-26,2022-11-26,,2022-11-26,2.9,2022-11-26,6,2022-11-26,False
003006,2022-05-26,2022-05-26,,2022-05-26,1.7,2022-05-26,14,2022-05-26,False
003009,2021-10-05,2021-10-05,,2021-10-05,1.9,2021-10-05,15,2021-10-05,False
003013,2024-01-29,2029-05-21,,2024-01-29,2.4,2024-01-29,13,2024-01-29,False
003016,2022-07-01,2022-07-NONE,,2022-07-NONE,2.9,2022-07-NONE,13,2022-07-NONE,False
003020,2021-03-23,2021-03-23,,2021-03-23,2.4,2021-03-23,15,2021-03-23,False
003024,2021-09-13,2021-09-13,,2021-09-13,2.1,2021-09-13,11,2021-09-13,False
003027,2021-09-28,2021-09-28,,2021-09-28,2.5,2021-09-28,14,2021-09-28,False
003030,2021-11-02,2021-11-02,,2021-11-02,3.5,2021-11-02,12,2021-11-02,False
003033,2022-11-21,2022-11-21,,2022-11-21,2.5,2022-11-21,15,2022-11-21,False
003037,2021-02-18,2021-02-18,,2021-02-18,2.7,2021-02-18,11,2021-02-18,False
003040,2021-03-01,2021-03-01,,2021-03-01,1.7,2021-03-01,7,2021-03-01,False
003044,2022-05-02,2022-05-02,,2022-05-02,3.0,2022-05-02,15,2022-05-02,False
003047,2021-04-07,2021-04-07,,2021-04-07,1.7,2021-04-07,13,2021-04-07,False
003051,2020-12-19,2020-12-19,,2020-12-19,2.2,2020-12-19,15,2020-12-19,False
003054,2021-10-28,2021-10-28,,2021-10-28,3.0,2021-10-28,12,2021-10-28,False
003057,2022-02-19,2022-02-19,,2022-02-19,1.3,2022-02-19,11,2022-02-19,False
003060,2021-10-04,NONE,,NONE,6.7,NONE,9,NONE,False
003064,2021-10-18,2021-10-18,,2021-10-18,1.4,2021-10-18,7,2021-10-18,False
003067,2021-06-15,2021-06-15,,2021-06-15,1.1,2021-06-15,14,2021-06-15,False
003071,2021-08-19,2021-08-19,,2021-08-19,3.7,2021-08-19,15,2021-08-19,False
003075,2021-01-16,2021-01-16,,2021-01-16,2.9,2021-01-16,13,2021-01-16,False
003078,2021-12-13,2021-12-13,,2021-12-13,2.3,2021-12-13,14,2021-12-13,False
003082,2021-12-02,2021-12-02,2,2021-12-02,3.8,2021-12-02,12,2021-12-02,True
003085,2021-06-27,2021-06-27,,2021-06-27,2.4,2021-06-27,11,2021-06-27,False
003089,2021-09-15,2021-09-15,,2021-09-15,5.1,2021-09-15,11,2021-09-15,False
003092,2021-09-17,2021-09-17,,2021-09-17,6.5,2021-09-17,11,2021-09-17,False
003095,2022-10-12,2022-10-12,,2022-10-12,1.9,2022-10-12,12,2022-10-12,False
003098,2021-04-12,2021-04-12,,2021-04-12,2.4,2021-04-12,14,2021-04-12,False
003101,2022-11-21,2022-11-21,,2022-11-21,2.9,2022-11-21,14,2022-11-21,False
003104,2023-12-06,2023-12-06,,2023-12-06,2.9,2023-12-06,11,2023-12-06,False
003107,2021-01-11,2021-01-11,,2021-01-11,2.9,2021-01-11,11,2021-01-11,False
003110,2021-06-09,2021-06-09,,2021-06-09,2.5,2021-06-09,15,2021-06-09,False
003113,2021-03-28,2022-10-28,,2022-10-28,2.7,2022-10-28,9,2022-10-28,False
003117,2021-12-29,2021-12-29,,2021-12-29,2.8,2021-12-29,11,2021-12-29,False
003120,2021-09-30,2021-09-30,,2021-09-30,3.3,2021-09-30,13,2021-09-30,False
003124,2021-03-07,2021-03-07,,2021-03-07,1.4,2021-03-07,11,2021-03-07,False
003127,2021-02-16,2021-02-16,,2021-02-16,2.8,2021-02-16,13,2021-02-16,False
003130,2022-03-30,2022-03-30,,2022-03-30,4.5,2022-03-30,13,2022-03-30,False
003133,2021-05-22,2021-05-22,,2021-05-22,2.1,2021-05-22,13,2021-05-22,False
003136,2022-11-09,2022-11-09,,2022-11-09,2.3,2022-11-09,14,2022-11-09,False
003140,2021-07-12,2021-07-12,2,2021-07-12,3.3,2021-07-12,13,2021-07-12,True
003143,2021-12-11,2020-12-12,2,2021-12-11,2.8,2021-12-11,15,2021-12-11,True
003146,2021-04-22,2021-04-22,,2021-04-22,2.8,2021-04-22,14,2021-04-22,False
003149,2022-01-14,2022-01-14,,2022-01-14,2.1,2022-01-14,12,2022-01-14,False
003153,2021-06-30,2021-06-30,,2021-06-30,4.0,2021-06-30,11,2021-06-30,False
003156,2021-10-26,2021-10-26,,2021-10-26,2.5,2021-10-26,12,2021-10-26,False
003159,2020-04-23,2020-04-23,,2020-04-23,3.0,2020-04-23,15,2020-04-23,False
003162,2021-09-20,2021-09-20,,2021-09-20,2.3,2021-09-20,8,2021-09-20,False
003165,2021-09-17,NONE,,NONE,22.5,NONE,11,NONE,False
003168,2021-09-18,2021-09-18,,2021-09-18,3.1,2021-09-18,15,2021-09-18,False
003172,2021-06-20,2020-06-21,d,2020-06-21,10.2,2020-06-21,13,2020-06-21,False
003176,2021-04-30,2021-04-30,,2021-04-30,2.1,2021-04-30,14,2021-04-30,False
003179,2021-07-08,2021-07-08,,2021-07-08,2.1,2021-07-08,14,2021-07-08,False
003183,2021-03-26,2021-03-26,,2021-03-26,2.5,2021-03-26,12,2021-03-26,False
003186,2021-10-21,2021-10-21,2,2021-10-21,2.2,2021-10-21,11,2021-10-21,True
003189,2022-08-16,2022-08-16,,2022-08-16,3.5,2022-08-16,11,2022-08-16,False
003193,2021-07-13,2021-02-10,,2021-07-13,9.5,2021-02-10,12,2021-07-13,False
003196,2022-11-05,2022-11-05,,2022-11-05,1.9,2022-11-05,13,2022-11-05,False
003200,2022-09-21,2022-09-21,,2022-09-21,2.5,2022-09-21,15,2022-09-21,False
003203,2021-10-NONE,2021-10-NONE,,2021-10-NONE,2.0,2021-10-NONE,15,2021-10-NONE,False
003207,2021-07-20,2021-07-20,,2021-07-20,2.9,2021-07-20,12,2021-07-20,False
003210,2022-12-02,2022-12-02,,2022-12-02,4.5,2022-12-02,8,2022-12-02,False
003213,2024-01-12,2024-01-12,,2024-01-12,5.9,2024-01-12,12,2024-01-12,False
003216,2022-01-15,2022-01-15,,2022-01-15,3.1,2022-01-15,14,2022-01-15,False
003219,2021-03-16,2021-03-16,,2021-03-16,3.9,2021-03-16,14,2021-03-16,False
003222,2022-06-14,2022-06-14,,2022-06-14,2.3,2022-06-14,14,2022-06-14,False
003225,2021-08-21,2020-02-20,2,2021-08-21,2.3,2021-08-21,15,2021-08-21,True
003229,2022-07-NONE,2022-07-NONE,,2022-07-NONE,1.9,2022-07-NONE,13,2022-07-NONE,False
003232,2021-09-21,2021-09-21,,2021-09-21,1.6,2021-09-21,6,2021-09-21,False
003236,2021-03-30,2021-03-30,,2021-03-30,1.4,2021-03-30,10,2021-03-30,False
003240,2021-11-06,2020-01-04,2,2021-11-06,2.2,2021-11-06,13,2021-11-06,True
003243,2021-07-NONE,NONE-07-21,,NONE-07-21,5.1,NONE-07-21,9,NONE-07-21,False
003247,2023-01-17,2023-01-17,,2023-01-17,12.4,2023-01-17,13,2023-01-17,False
003251,2023-04-NONE,2023-04-NONE,,2023-04-NONE,3.3,2023-04-NONE,13,2023-04-NONE,False
003254,2021-11-05,2021-11-05,,2021-11-05,2.1,2021-11-05,11,2021-11-05,False
003258,2021-07-28,2021-07-28,,2021-07-28,3.0,2021-07-28,14,2021-07-28,False
003261,2022-07-29,2022-07-29,,2022-07-29,1.8,2022-07-29,14,2022-07-29,False
003264,2021-09-13,2021-09-13,,2021-09-13,2.5,2021-09-13,13,2021-09-13,False
003268,2022-05-05,2022-05-05,,2022-05-05,4.1,2022-05-05,8,2022-05-05,False
003271,2021-07-07,2021-07-07,,2021-07-07,5.3,2021-07-07,14,2021-07-07,False
003274,2021-08-20,2021-08-20,,2021-08-20,3.6,2021-08-20,12,2021-08-20,False
003277,NONE-04-05,NONE-04-05,,NONE-04-05,2.5,NONE-04-05,11,NONE-04-05,False
003280,2023-07-31,2023-07-31,,2023-07-31,4.0,2023-07-31,12,2023-07-31,False
003283,2021-09-10,2021-09-10,,2021-09-10,20.0,2021-09-10,11,2021-09-10,False
003287,2021-09-25,2021-09-02,2,2021-09-21,3.1,2021-09-21,15,2021-09-25,True
003290,2022-12-22,2022-12-22,,2022-12-22,2.2,2022-12-22,15,2022-12-22,False
003296,2021-11-26,2021-11-26,2,2021-11-26,3.1,2021-11-26,11,2021-11-26,True
003299,2022-10-NONE,2022-10-NONE,,2022-10-NONE,6.0,2022-10-NONE,6,2022-10-NONE,False
003302,2023-02-06,2023-02-06,,2023-02-06,4.9,2023-02-06,14,2023-02-06,False
003309,2020-08-29,2020-08-29,,2020-08-29,2.1,2020-08-29,6,2020-08-29,False
003314,2021-07-05,2021-07-05,,2021-07-05,7.4,2021-07-05,13,2021-07-05,False
003318,2021-10-20,NONE-10-20,,2021-10-20,1.5,2021-10-20,12,2021-10-20,False
003323,2021-05-24,2021-05-24,,2021-05-24,2.8,2021-05-24,11,2021-05-24,False
003327,2024-06-05,2026-02-08,,2026-02-08,10.5,2026-02-08,12,2026-02-08,False
003330,2021-11-03,2021-01-03,,2021-11-03,3.7,2021-11-03,13,2021-11-03,False
003334,2021-10-30,2021-10-30,,2021-10-30,1.8,2021-10-30,11,2021-10-30,False
003337,2021-06-01,NONE-06-01,,NONE-06-01,3.7,NONE-06-01,12,NONE-06-01,False
003340,2022-09-29,2022-09-29,,2022-09-29,8.7,2022-09-29,9,2022-09-29,False
003343,2023-12-30,2023-12-30,,2023-12-30,4.3,2023-12-30,11,2023-12-30,False
003348,2027-07-13,NONE-07-27,d,NONE-07-27,15.9,NONE-07-27,13,NONE-07-27,False
003351,2025-12-10,2025-10-22,,2025-10-22,12.7,2025-10-22,8,2025-10-22,False
000004,2022-02-14,2027-02-14,b,2027-02-14,20.6,2027-02-14,14,2027-02-14,False
000012,2026-03-23,2026-03-23,,2026-03-23,2.8,2026-03-23,10,2026-03-23,False
000016,2026-01-22,2026-01-22,,2026-01-22,5.5,2026-01-22,12,2026-01-22,False
000021,2025-10-10,2025-10-10,,2025-10-10,5.7,2025-10-10,10,2025-10-10,False
000024,2025-10-11,NONE,,NONE,37.3,NONE,6,NONE,False
000028,2026-02-10,2026-02-10,,2026-02-10,8.5,2026-02-10,8,2026-02-10,False
000032,2026-03-22,2026-03-21,,2026-03-21,2.6,2026-03-21,13,2026-03-21,False
000035,2026-08-17,2026-08-17,,2026-08-17,3.5,2026-08-17,13,2026-08-17,False
000039,2026-05-26,2026-05-26,,2026-05-26,4.6,2026-05-26,13,2026-05-26,False
000042,2025-10-12,2025-10-02,,2025-10-02,3.4,2025-10-02,11,2025-10-02,False
000046,2025-10-10,2025-10-10,,2025-10-10,3.8,2025-10-10,6,2025-10-10,False
000049,2026-03-01,2026-03-01,,2026-03-01,6.2,2026-03-01,13,2026-03-01,False
000052,2025-11-19,2025-11-19,,2025-11-19,6.2,2025-11-19,15,2025-11-19,False
000056,2026-07-11,2026-12-07,2,2026-12-07,13.9,2026-12-07,12,2026-12-07,True
000060,2026-04-30,2026-04-30,,2026-04-30,3.6,2026-04-30,7,2026-04-30,False
000065,2026-01-12,2026-01-12,,2026-01-12,3.4,2026-01-12,13,2026-01-12,False
000068,2026-06-17,2026-06-17,,2026-06-17,10.1,2026-06-17,7,2026-06-17,False
000074,2026-08-28,2026-08-28,,2026-08-28,5.2,2026-08-28,12,2026-08-28,False
000077,2026-03-07,2026-03-07,,2026-03-07,4.7,2026-03-07,11,2026-03-07,False
000080,2026-09-16,2026-09-16,2,2026-09-16,9.9,2026-09-16,14,2026-09-16,True
000084,2026-03-31,2026-03-31,2,2026-03-31,7.5,2026-03-31,6,2026-03-31,True
000093,2026-04-23,2026-04-23,,2026-04-23,2.2,2026-04-23,15,2026-04-23,False
000098,2026-03-11,2026-03-11,,2026-03-11,7.3,2026-03-11,6,2026-03-11,False
000102,2025-11-13,2025-11-13,,2025-11-13,4.4,2025-11-13,15,2025-11-13,False
000107,2025-12-25,2025-12-25,,2025-12-25,4.1,2025-12-25,8,2025-12-25,False
000111,2025-10-25,2025-10-25,,2025-10-25,7.9,2025-10-25,15,2025-10-25,False
000114,2026-02-28,2026-02-28,,2026-02-28,5.1,2026-02-28,13,2026-02-28,False
000117,2025-11-28,2025-11-28,,2025-11-28,3.5,2025-11-28,15,2025-11-28,False
000120,2026-08-25,2026-08-25,,2026-08-25,2.3,2026-08-25,13,2026-08-25,False
000126,2026-06-12,2026-06-12,,2026-06-12,4.3,2026-06-12,11,2026-06-12,False
000129,2026-01-09,2026-01-09,,2026-01-09,4.5,2026-01-09,13,2026-01-09,False
000132,2026-08-21,2026-08-21,,2026-08-21,4.3,2026-08-21,9,2026-08-21,False
000136,2025-12-02,2025-12-02,,2025-12-02,8.5,2025-12-02,14,2025-12-02,False
000139,2026-07-26,2026-07-26,,2026-07-26,4.1,2026-07-26,11,2026-07-26,False
000143,2027-03-06,2027-03-06,,2027-03-06,7.6,2027-03-06,14,2027-03-06,False
000147,2026-03-21,2026-03-21,,2026-03-21,3.9,2026-03-21,15,2026-03-21,False
000150,2026-08-12,2026-08-12,,2026-08-12,5.9,2026-08-12,15,2026-08-12,False
000155,2026-06-22,2026-06-22,,2026-06-22,2.6,2026-06-22,14,2026-06-22,False
000159,2027-01-08,2027-01-01,,2027-01-08,12.3,2027-01-01,14,2027-01-08,False
000162,2027-06-12,2027-06-12,,2027-06-12,4.9,2027-06-12,14,2027-06-12,False
000165,2027-01-13,2027-01-13,,2027-01-13,3.1,2027-01-13,15,2027-01-13,False
000169,2026-03-18,2026-03-18,,2026-03-18,2.8,2026-03-18,15,2026-03-18,False
000172,2026-06-10,2026-06-10,2,2026-06-10,5.3,2026-06-10,7,2026-06-10,True
000175,2026-06-28,2026-06-28,2,2026-06-28,4.7,2026-06-28,12,2026-06-28,True
000178,2026-06-25,2026-06-25,,2026-06-25,4.3,2026-06-25,8,2026-06-25,False
000181,2026-09-08,2026-09-08,2,2026-09-08,2.4,2026-09-08,11,2026-09-09,True
000185,2028-03-15,2028-03-15,,2028-03-15,7.0,2028-03-15,15,2028-03-15,False
000189,2026-08-25,2026-08-25,,2026-08-25,6.2,2026-08-25,12,2026-08-25,False
000192,2026-06-24,2024-06-01,,2024-06-01,6.3,2024-06-01,12,2024-06-01,False
000196,2027-02-27,2027-02-27,,2027-02-27,3.8,2027-02-27,15,2027-02-27,False
000201,2027-03-30,2027-03-30,,2027-03-30,7.9,2027-03-30,9,2027-03-30,False
000204,2026-06-18,2026-06-18,,2026-06-18,5.6,2026-06-18,15,2026-06-18,False
000208,2026-04-13,NONE,,2026-04-13,3.9,2026-04-13,9,2026-04-13,False
000213,2026-03-20,2026-03-20,,2026-03-20,3.8,2026-03-20,12,2026-03-20,False
000218,2026-05-03,2026-05-03,,2026-05-03,4.2,2026-05-03,11,2026-05-03,False
000221,2026-07-15,2026-07-15,,2026-07-15,6.0,2026-07-15,12,2026-07-15,False
000225,2026-04-06,2026-04-06,,2026-04-06,7.0,2026-04-06,12,2026-04-06,False
000228,2025-10-20,2025-10-20,,2025-10-20,4.8,2025-10-20,13,2025-10-20,False
000232,2027-11-26,NONE,e,NONE,30.4,NONE,14,NONE,False
000236,2026-04-08,2026-04-08,,2026-04-08,6.3,2026-04-08,12,2026-04-08,False
000239,2026-07-10,2026-07-10,,2026-07-10,8.8,2026-07-10,14,2026-07-10,False
000242,2026-05-21,2025-09-22,2,2025-09-22,8.4,2025-09-22,14,2026-05-21,True
000245,2026-02-24,2026-02-24,2,2026-02-24,5.6,2026-02-24,14,2026-02-24,True
000249,2026-02-16,2026-02-16,,2026-02-16,6.2,2026-02-16,8,2026-02-16,False
000252,2026-07-09,2026-07-09,,2026-07-09,3.7,2026-07-09,13,2026-07-09,False
000256,2027-01-02,2027-01-02,,2027-01-02,2.7,2027-01-02,7,2027-01-02,False
000259,2025-11-09,2025-11-09,,2025-11-09,3.8,2025-11-09,12,2025-11-09,False
000262,2027-01-10,2027-01-10,b,2027-01-10,6.3,2027-01-10,14,2027-01-10,False
000265,2026-11-26,2026-11-26,,2026-11-26,2.9,2026-11-26,7,2026-11-26,False
000269,2026-05-15,2026-05-15,,2026-05-15,6.4,2026-05-15,11,2026-05-15,False
000272,2026-05-10,2026-05-10,,2026-05-10,3.4,2026-05-10,11,2026-05-10,False
000280,2026-03-23,2026-03-23,,2026-03-23,2.8,2026-03-23,12,2026-03-23,False
000283,2027-09-17,2027-09-17,,2027-09-17,3.6,2027-09-17,11,2027-09-17,False
000286,2027-03-11,2027-03-11,,2027-03-11,26.6,2027-03-11,12,2027-03-11,False
000289,2030-07-23,2030-07-23,,2030-07-23,4.0,2030-07-23,10,2030-07-23,False
000292,2026-02-13,2026-02-13,,2026-02-13,3.3,2026-02-13,6,2026-02-13,False
000296,2026-07-28,2026-07-28,,2026-07-28,3.8,2026-07-28,13,2026-07-28,False
000301,2027-04-09,2027-04-09,,2027-04-09,2.7,2027-04-09,13,2027-04-09,False
000304,2026-06-01,2026-06-01,,2026-06-01,4.4,2026-06-01,11,2026-06-01,False
000307,2025-11-14,2025-11-14,,2025-11-14,3.4,2025-11-14,15,2025-11-14,False
000312,2026-08-26,2026-08-26,,2026-08-26,4.3,2026-08-26,11,2026-08-26,False
000316,2027-03-01,2027-03-01,,2027-03-01,3.8,2027-03-01,9,2027-03-01,False
000320,2025-11-12,2025-11-12,2,2025-11-12,6.6,2025-11-12,15,2025-11-12,True
000324,2027-05-15,2027-05-15,,2027-05-15,6.3,2027-05-15,6,2027-05-15,False
000328,2025-12-25,2025-12-25,,2025-12-25,7.9,2025-12-25,9,2025-12-25,False
000331,2025-10-31,2025-10-31,,2025-10-31,6.8,2025-10-31,7,2025-10-31,False
000334,2026-03-15,2026-03-15,,2026-03-15,4.0,2026-03-15,13,2026-03-15,False
000337,2025-12-09,2025-12-09,,2025-12-09,3.6,2025-12-09,14,2025-12-09,False
000341,2026-04-29,2026-04-29,,2026-04-29,3.6,2026-04-29,11,2026-04-29,False
000345,2026-04-09,2026-04-09,,2026-04-09,5.1,2026-04-09,9,2026-04-09,False
000348,2026-04-02,2026-04-02,,2026-04-02,5.6,2026-04-02,8,2026-04-02,False
000352,2026-08-27,2026-08-27,,2026-08-27,5.7,2026-08-27,15,2026-08-27,False
000355,2028-06-17,2028-05-17,,2028-06-17,5.3,2028-06-17,10,2028-06-17,False
000359,2026-06-16,2026-06-16,,2026-06-16,7.9,2026-06-16,13,2026-06-16,False
000363,2026-04-21,2026-04-21,,2026-04-21,3.6,2026-04-21,6,2026-04-21,False
000366,2026-09-05,2026-09-05,,2026-09-05,5.0,2026-09-05,6,2026-09-05,False
000369,2027-06-25,2027-06-25,,2027-06-25,3.1,2027-06-25,10,2027-06-25,False
000372,2026-09-15,2026-09-15,,2026-09-15,3.5,2026-09-15,13,2026-09-15,False
000375,2026-05-31,2026-05-31,,2026-05-31,6.0,2026-05-31,13,2026-05-31,False
000378,2026-05-29,2026-05-29,2,2026-05-29,5.2,2026-05-29,12,2026-05-29,True
000381,2027-01-20,2027-01-20,,2027-01-20,3.6,2027-01-20,15,2027-01-20,False
000384,2026-09-08,2026-07-08,2,2026-07-08,3.2,2026-07-08,13,2026-07-08,True
000387,2027-01-21,2027-01-21,,2027-01-21,6.0,2027-01-21,15,2027-01-21,False
000392,2026-08-28,2026-08-28,2,2026-08-28,6.0,2026-08-28,11,2026-08-28,True
000396,2026-02-27,2026-02-27,,2026-02-27,4.2,2026-02-27,14,2026-02-27,False
000399,2027-01-31,2027-01-31,,2027-01-31,4.1,2027-01-31,12,2027-01-31,False
000403,2027-04-01,2027-04-01,,2027-04-01,10.7,2027-04-01,15,2027-04-01,False
000406,2026-08-27,NONE,2,NONE,32.0,NONE,11,NONE,True
000410,2027-04-13,2027-04-13,,2027-04-13,3.1,2027-04-13,12,2027-04-13,False
000414,2026-04-07,2026-04-07,,2026-04-07,3.0,2026-04-07,10,2026-04-07,False
000418,2026-09-08,2026-09-08,,2026-09-08,10.1,2026-09-08,11,2026-09-08,False
000421,2026-07-17,2026-07-17,,2026-07-17,3.0,2026-07-17,15,2026-07-17,False
000424,2026-03-28,2026-03-28,,2026-03-28,12.2,2026-03-28,13,2026-03-28,False
000427,2027-04-01,2027-04-01,,2027-04-01,4.3,2027-04-01,10,2027-04-01,False
000431,2026-03-17,2026-03-17,,2026-03-17,7.0,2026-03-17,10,2026-03-17,False
000435,2026-07-14,2026-07-14,,2026-07-14,4.4,2026-07-14,12,2026-07-14,False
000438,2026-02-19,NONE,t,NONE,31.3,NONE,9,NONE,False
000442,2025-11-30,2025-11-30,,2025-11-30,4.0,2025-11-30,11,2025-11-30,False
000445,2026-07-17,2026-07-17,,2026-07-17,23.1,2026-07-17,11,2026-07-17,False
000449,2026-01-28,2026-01-28,,2026-01-28,8.6,2026-01-28,14,2026-01-28,False
000452,2026-03-25,2025-09-NONE,2,NONE,40.8,NONE,11,NONE,True
000455,2026-02-10,2026-02-10,2,2026-02-10,3.1,2026-02-10,11,2026-02-10,True
000461,2026-11-28,2026-11-28,,2026-11-28,3.8,2026-11-28,14,2026-11-28,False
000465,2027-07-30,2027-07-30,t,2027-07-30,4.2,2027-07-30,12,2027-07-30,False
000468,2026-04-06,NONE,?,NONE,25.1,NONE,12,NONE,False
000471,2027-01-08,2027-01-08,,2027-01-08,6.1,2027-01-08,14,2027-01-08,False
000476,2026-07-06,2026-07-06,,2026-07-06,2.1,2026-07-06,12,2026-07-06,False
000479,2026-05-22,2026-05-22,,2026-05-22,3.6,2026-05-22,8,2026-05-22,False
000482,2026-11-14,2025-01-02,b,2025-01-02,13.7,2025-01-02,9,2025-01-02,False
000485,2027-09-17,NONE,,NONE,23.9,NONE,13,NONE,False
000490,2025-11-27,2025-11-27,,2025-11-27,1.2,2025-11-27,15,2025-11-27,False
000495,2026-02-19,2026-02-01,2,2028-08-09,61.7,2026-02-01,13,2026-02-01,True
000498,2026-03-07,2026-03-07,,2026-03-07,2.8,2026-03-07,13,2026-03-07,False
000502,2026-06-20,2026-06-20,,2026-06-20,6.4,2026-06-20,11,2026-06-20,False
000505,2026-03-02,NONE,,NONE,45.1,NONE,15,2026-03-02,False
000510,2026-09-03,2026-09-03,,2026-09-03,9.5,2026-09-03,14,2026-09-03,False
000513,2026-09-03,2026-09-03,,2026-09-03,3.8,2026-09-03,14,2026-09-03,False
000517,2026-09-25,2026-09-25,,2026-09-25,4.5,2026-09-25,14,2026-09-25,False
000520,2026-09-15,2026-09-15,,2026-09-15,5.9,2026-09-15,8,2026-09-15,False
000523,2026-03-23,2026-03-23,2,2026-03-23,3.7,2026-03-23,12,2026-03-23,True
000527,2025-10-12,NONE,,NONE,44.6,NONE,6,2025-10-12,False
000531,2026-02-28,2026-02-28,,2026-02-28,3.6,2026-02-28,14,2026-02-28,False
000534,2027-01-29,2027-01-29,,2027-01-29,16.5,2027-01-29,10,2027-01-29,False
000538,2026-02-06,2026-02-06,,2026-02-06,8.4,2026-02-06,11,2026-02-06,False
000541,2026-03-22,2026-03-22,,2026-03-22,2.3,2026-03-22,14,2026-03-22,False
000545,2027-07-09,2027-07-09,,2027-07-09,6.4,2027-07-09,11,2027-07-09,False
000548,2026-05-26,2026-05-26,,2026-05-26,6.3,2026-05-26,15,2026-05-26,False
000551,2026-12-19,2026-12-19,,2026-12-19,6.6,2026-12-19,15,2026-12-19,False
000554,2027-09-17,2027-09-17,,2027-09-17,2.8,2027-09-17,12,2027-09-17,False
000557,2026-08-12,2026-08-12,,2026-08-12,6.1,2026-08-12,15,2026-08-12,False
000560,2027-07-13,2027-07-13,,2027-07-13,8.6,2027-07-13,11,2027-07-13,False
000563,2026-01-10,NONE,,2026-01-10,29.8,NONE,6,2026-01-10,False
000566,2026-09-17,2026-09-17,,2026-09-17,3.8,2026-09-17,14,2026-09-17,False
000569,2025-11-02,2025-11-02,,2025-11-02,3.6,2025-11-02,15,2025-11-02,False
000572,NONE-10-15,NONE-10-15,,NONE-10-15,21.6,NONE-10-15,13,NONE-10-15,False
000575,NONE-10-14,NONE,,NONE,37.8,NONE,15,NONE,False
000578,2026-03-04,2026-03-04,,2026-03-04,4.3,2026-03-04,12,2026-03-04,False
000582,2025-11-21,2025-01-21,,2025-01-21,9.1,2025-01-21,11,2025-01-21,False
000585,2026-05-16,2020-02-02,,2020-02-02,12.7,2020-02-02,12,2020-02-02,False
000588,2025-11-28,2025-11-28,,2025-11-28,5.5,2025-11-28,11,2025-11-28,False
000591,2026-07-27,2026-07-27,,2026-07-27,6.8,2026-07-27,15,2026-07-27,False
000594,2026-08-25,2025-08-26,2,2026-08-25,7.2,2026-08-25,15,2026-08-25,True
000597,2026-09-02,2026-09-02,2,2026-09-02,4.2,2026-09-02,14,2026-09-02,True
000600,2026-08-31,2025-09-01,,2026-08-31,4.0,2026-08-31,15,2026-08-31,False
000603,2026-09-24,NONE,,NONE,37.5,NONE,11,NONE,False
000606,2026-10-01,2026-10-01,,2026-10-01,14.3,2026-10-01,12,2026-10-01,False
000609,2027-06-11,2027-06-11,,2027-06-11,4.4,2027-06-11,11,2027-06-11,False
000612,2026-05-07,2026-05-07,,2026-05-07,2.7,2026-05-07,12,2026-05-07,False
000616,2026-09-10,2026-09-10,,2026-09-10,2.3,2026-09-10,12,2026-09-10,False
000621,2026-08-25,2026-08-25,,2026-08-25,2.0,2026-08-25,12,2026-08-25,False
000624,2027-06-15,2027-06-15,2,2027-06-15,3.9,2027-06-15,14,2027-06-15,True
000627,2026-10-06,NONE,2,NONE,35.5,NONE,15,NONE,True
000632,2025-12-28,2025-12-28,,2025-12-28,3.1,2025-12-28,12,2025-12-28,False
000636,2026-03-09,2026-03-09,,2026-03-09,2.8,2026-03-09,14,2026-03-09,False
000641,2026-09-02,2026-09-02,,2026-09-02,3.8,2026-09-02,8,2026-09-02,False
000648,2028-08-25,NONE,,NONE,39.3,NONE,7,NONE,False
000651,2026-06-25,2026-06-25,,2026-06-25,3.5,2026-06-25,6,2026-06-25,False
000654,2028-07-02,2028-07-02,,2028-07-02,3.7,2028-07-02,14,2028-07-02,False
000657,2026-07-27,2026-07-27,,2026-07-27,3.6,2026-07-27,13,2026-07-27,False
000660,2026-02-28,2026-02-28,,2026-02-28,4.7,2026-02-28,15,2026-02-28,False
000664,2026-02-20,2026-02-20,,2026-02-20,3.4,2026-02-20,14,2026-02-20,False
000669,2026-09-02,2026-09-02,2,2026-09-02,3.8,2026-09-02,14,2026-09-02,True
000672,2026-02-08,2026-02-08,,2026-02-08,3.8,2026-02-08,12,2026-02-08,False
000676,2026-06-10,2026-06-10,,2026-06-10,2.3,2026-06-10,14,2026-06-10,False
000679,2027-09-17,2027-09-17,,2027-09-17,7.1,2027-09-17,12,2027-09-17,False
000683,2026-03-11,2026-03-11,,2026-03-11,2.9,2026-03-11,11,2026-03-11,False
000686,2026-10-12,2025-10-12,2,2025-10-12,7.1,2025-10-12,10,2025-10-12,True
000691,2026-09-22,2026-09-22,2,2026-09-22,4.9,2026-09-22,11,2026-09-22,True
000694,2026-09-01,2026-09-01,,2026-09-01,2.9,2026-09-01,12,2026-09-01,False
000700,2025-10-24,2025-10-24,,2025-10-24,3.1,2025-10-24,10,2025-10-24,False
000705,2026-06-29,2026-06-29,,2026-06-29,3.3,2026-06-29,13,2026-06-29,False
000709,2025-10-14,2025-10-14,,2025-10-14,2.2,2025-10-14,8,2025-10-14,False
000714,2026-03-12,2026-03-12,d,2026-03-12,1.8,2026-03-12,9,2026-03-12,False
000717,2025-10-12,2025-10-12,,2025-10-12,8.9,2025-10-12,15,2025-10-12,False
000720,2026-02-28,2026-02-28,,2026-02-28,2.8,2026-02-28,13,2026-02-28,False
000723,2026-05-10,NONE,,NONE,22.3,NONE,15,NONE,False
000726,2026-09-16,2026-09-16,,2026-09-16,2.9,2026-09-16,14,2026-09-16,False
000730,2026-02-26,2026-02-26,,2026-02-26,2.3,2026-02-26,12,2026-02-26,False
000733,2026-03-24,2026-03-NONE,,2026-03-24,3.8,2026-03-24,8,2026-03-24,False
000737,2026-03-04,2026-03-04,,2026-03-04,3.2,2026-03-04,13,2026-03-04,False
000742,2026-05-01,2026-05-01,,2026-05-01,3.3,2026-05-01,15,2026-05-01,False
000745,2026-01-10,2026-01-10,,2026-01-10,4.2,2026-01-10,13,2026-01-10,False
000748,2027-01-22,2027-01-22,,2027-01-22,3.6,2027-01-22,8,2027-01-22,False
000754,2026-05-24,2026-05-24,,2026-05-24,5.3,2026-05-24,14,2026-05-24,False
000758,2026-03-11,2026-03-11,,2026-03-11,3.6,2026-03-11,11,2026-03-11,False
000761,NONE-11-11,NONE-11-11,,NONE-11-11,3.4,NONE-11-11,13,NONE-11-11,False
000764,2026-03-12,NONE,,NONE,23.7,NONE,14,NONE,False
000767,2026-03-12,2026-03-NONE,b,2026-03-NONE,9.5,2026-03-NONE,9,2026-03-NONE,False
000770,2030-04-NONE,NONE,,NONE,20.0,NONE,11,NONE,False
000773,NONE-12-10,NONE-12-10,2,NONE-12-10,9.2,NONE-12-10,14,NONE-12-10,True
000776,2026-01-09,2026-01-09,,2026-01-09,3.0,2026-01-09,13,2026-01-09,False
000779,2026-06-03,2026-06-03,,2026-06-03,8.1,2026-06-03,15,2026-06-03,False
000783,2025-12-21,2025-12-21,,2025-12-21,3.3,2025-12-21,13,2025-12-21,False
000789,NONE-12-19,NONE-12-19,,NONE-12-19,3.2,NONE-12-19,15,NONE-12-19,False
000794,2026-10-27,2026-10-27,,2026-10-27,3.1,2026-10-27,12,2026-10-27,False
000798,NONE-12-20,2024-02-24,,2024-02-24,3.1,2024-02-24,12,2024-02-24,False
000802,2026-07-03,2026-07-03,,2026-07-03,7.4,2026-07-03,6,2026-07-03,False
000807,2026-05-29,2026-05-29,,2026-05-29,2.9,2026-05-29,12,2026-05-29,False
000810,2026-03-31,2026-03-31,,2026-03-31,3.3,2026-03-31,12,2026-03-31,False
000815,2026-06-22,2026-06-22,,2026-06-22,2.4,2026-06-22,13,2026-06-22,False
000819,2026-05-18,2026-05-18,,2026-05-18,5.7,2026-05-18,12,2026-05-18,False
000824,NONE-12-18,NONE-12-18,2,NONE-12-18,8.0,NONE-12-18,11,NONE-12-18,True
000828,NONE-12-21,NONE-12-21,,NONE-12-21,4.5,NONE-12-21,9,NONE-12-21,False
000831,2026-07-16,2026-07-16,2,2026-07-16,6.8,2026-07-16,6,2026-07-16,True
000835,2026-02-02,2026-02-02,,2026-02-02,3.7,2026-02-02,15,2026-02-02,False
000842,2026-07-03,2026-07-03,,2026-07-03,6.6,2026-07-03,12,2026-07-03,False
000847,2026-05-28,2026-05-28,,2026-05-28,4.7,2026-05-28,8,2026-05-28,False
000851,2026-06-30,2026-06-30,,2026-06-30,3.6,2026-06-30,15,2026-06-30,False
000855,2026-08-25,2026-08-25,2,2026-08-25,3.5,2026-08-25,6,2026-08-25,True
000858,2021-10-28,2021-10-28,,2021-10-28,5.8,2021-10-28,7,2021-10-28,False
000861,2022-07-23,2022-07-23,,2022-07-23,4.5,2022-07-23,15,2022-07-23,False
000866,2021-09-25,2021-09-25,,2021-09-25,2.8,2021-09-25,15,2021-09-25,False
000870,2021-10-15,2021-10-15,,2021-10-15,4.2,2021-10-15,14,2021-10-15,False
000874,2021-03-22,2021-03-22,,2021-03-22,31.4,2021-03-22,15,2021-03-22,False
000877,2023-04-03,NONE,d,NONE,30.7,NONE,14,NONE,False
000880,2021-05-11,2020-07-15,2,2021-05-11,8.0,2021-05-11,14,2021-05-11,True
000883,2021-07-03,2021-01-04,,2021-01-04,3.4,2021-01-04,12,2021-07-03,False
000886,2021-07-09,2020-01-10,,2020-01-10,3.1,2020-01-10,9,2020-01-10,False
000889,2021-05-27,2021-05-27,,2021-05-27,3.4,2021-05-27,8,2021-05-27,False
000892,2022-02-07,2022-02-07,,2022-02-07,3.8,2022-02-07,11,2022-02-07,False
000895,2021-06-02,2021-06-02,,2021-06-02,4.4,2021-06-02,7,2021-06-02,False
000899,2022-09-02,2022-09-02,,2022-09-02,15.2,2022-09-02,15,2022-09-02,False
000903,2021-08-31,2021-08-31,,2021-08-31,4.6,2021-08-31,13,2021-08-31,False
000906,2022-01-NONE,2022-10-15,,2022-10-15,3.7,2022-10-15,9,2022-10-15,False
000910,2021-09-20,2021-09-20,,2021-09-20,2.3,2021-09-20,15,2021-09-20,False
000913,2021-10-19,2021-10-19,,2021-10-19,4.9,2021-10-19,14,2021-10-19,False
000916,2022-06-06,NONE,,NONE,47.9,NONE,12,NONE,False
000920,2022-03-11,2022-03-11,,2022-03-11,6.3,2022-03-11,15,2022-03-11,False
000924,NONE-02-02,2018-02-02,,2018-02-02,5.4,2018-02-02,9,2018-02-02,False
000927,2021-08-23,2021-01-08,,2021-08-23,4.5,2021-08-23,14,2021-08-23,False
000930,2021-07-29,2021-07-29,,2021-07-29,4.0,2021-07-29,11,2021-07-29,False
000933,2021-05-26,NONE,,NONE,15.7,NONE,8,NONE,False
000937,2022-06-11,2022-06-11,,2022-06-11,3.2,2022-06-11,8,2022-06-11,False
000941,2021-07-02,2021-07-02,,2021-07-02,3.8,2021-07-02,13,2021-07-02,False
000946,2021-09-30,2021-09-30,,2021-09-30,2.4,2021-09-30,11,2021-09-30,False
000949,2021-10-24,2021-10-24,2,2021-10-24,15.1,2021-10-24,13,2021-10-24,True
000952,2021-04-05,2021-04-05,,2021-04-05,2.9,2021-04-05,14,2021-04-05,False
000955,2022-01-25,2022-01-03,,2022-01-03,2.9,2022-01-03,12,2022-01-03,False
000959,2022-07-19,2022-07-19,,2022-07-19,8.7,2022-07-19,15,2022-07-19,False
000963,2023-11-14,2023-11-14,,2023-11-14,3.9,2023-11-14,15,2023-11-14,False
000966,2021-08-10,2021-08-10,,2021-08-10,6.3,2021-08-10,12,2021-08-10,False
000969,2022-06-30,2022-06-30,,2022-06-30,8.2,2022-06-30,12,2022-06-30,False
000973,2022-12-02,NONE,,NONE,22.0,NONE,13,NONE,False
000977,2021-11-03,2020-11-03,,2020-11-03,9.8,2020-11-03,14,2020-11-03,False
000981,2021-08-08,2021-08-08,,2021-08-08,4.0,2021-08-08,13,2021-08-08,False
000984,2021-08-20,2021-08-20,,2021-08-20,6.1,2021-08-20,13,2021-08-20,False
000989,2020-07-21,NONE,,NONE,47.5,NONE,14,NONE,False
000992,2021-03-04,2021-03-04,,2021-03-04,11.8,2021-03-04,13,2021-03-04,False
000995,NONE-02-18,NONE,,NONE,11.8,NONE,15,NONE,False
000998,2021-11-11,2021-11-11,2,2021-11-11,5.7,2021-11-11,14,2021-11-11,True
001002,2022-08-24,2022-08-NONE,b,2022-08-NONE,7.1,2022-08-NONE,12,2022-08-NONE,False
001006,2022-06-29,2022-06-NONE,2,2022-06-29,3.3,2022-06-NONE,12,2022-06-29,True
001010,2021-08-09,2021-08-09,,2021-08-09,3.5,2021-08-09,12,2021-08-09,False
001014,2022-01-11,2022-01-11,,2022-01-11,3.4,2022-01-11,14,2022-01-11,False
001017,2021-02-21,2021-02-21,b,2021-02-21,9.3,2021-02-21,12,2021-02-21,False
001020,2020-02-27,2020-02-27,,2020-02-27,4.3,2020-02-27,11,2020-02-27,False
001024,2021-07-13,2021-07-13,,2021-07-13,4.2,2021-07-13,13,2021-07-13,False
001027,2020-09-08,2020-09-08,,2020-09-08,2.7,2020-09-08,12,2020-09-08,False
001031,2022-10-NONE,2022-10-01,,2022-10-01,6.6,2022-10-01,11,2022-10-01,False
001035,2021-10-07,2020-07-07,2,2020-07-07,22.4,2020-07-07,14,2020-07-07,True
001038,2021-12-28,2021-12-28,,2021-12-28,2.5,2021-12-28,14,2021-12-28,False
001041,2022-04-15,2022-04-15,,2022-04-15,2.9,2022-04-15,12,2022-04-15,False
001044,2021-04-30,2021-04-30,,2021-04-30,2.7,2021-04-30,12,2021-04-30,False
001047,2021-05-12,2021-05-12,,2021-05-12,2.5,2021-05-12,15,2021-05-12,False
001051,2022-12-20,2022-12-20,,2022-12-20,6.3,2022-12-20,13,2022-12-20,False
001054,2022-09-01,2022-09-01,,2022-09-01,5.6,2022-09-01,15,2022-09-01,False
001058,2021-10-14,2021-10-14,,2021-10-14,2.3,2021-10-14,15,2021-10-14,False
001063,2022-01-04,2022-01-04,2,2022-01-04,4.1,2022-01-04,11,2022-01-04,True
001066,2022-05-04,2022-05-04,,2022-05-04,7.2,2022-05-04,11,2022-05-04,False
001069,2021-03-15,2021-03-10,,2021-03-10,4.2,2021-03-10,13,2021-03-10,False
001073,2023-09-18,2023-09-18,,2023-09-18,6.0,2023-09-18,12,2023-09-18,False
001076,2021-07-31,2031-07-21,,2031-07-21,3.9,2031-07-21,12,2031-07-21,False
001080,2021-10-13,2021-10-13,,2021-10-13,7.1,2021-10-13,12,2021-10-13,False
001083,2021-07-09,2021-07-09,,2021-07-09,5.4,2021-07-09,15,2021-07-09,False
001086,2023-10-09,2023-10-09,,2023-10-09,3.6,2023-10-09,12,2023-10-09,False
001089,2023-08-05,2023-08-05,,2023-08-05,7.4,2023-08-05,13,2023-08-05,False
001093,2021-05-25,2021-05-25,,2021-05-25,5.5,2021-05-25,12,2021-05-25,False
001096,2021-06-11,2021-11-06,2,2021-11-06,7.4,2021-11-06,12,2021-11-06,True
001100,2021-03-14,2021-03-14,2,2021-03-14,5.9,2021-03-14,10,2021-03-14,True
001103,2021-03-14,NONE-03-14,,2021-03-14,10.9,2021-03-14,12,2021-03-14,False
001106,2021-03-27,2021-03-27,,2021-03-27,4.0,2021-03-27,15,2021-03-27,False
001109,2021-03-22,2021-03-22,,2021-03-22,3.1,2021-03-22,14,2021-03-22,False
001112,2022-07-12,2022-07-12,,2022-07-12,2.9,2022-07-12,6,2022-07-12,False
001115,2022-01-12,2022-01-12,,2022-01-12,4.7,2022-01-12,15,2022-01-12,False
001119,2021-12-26,2021-12-16,,2021-12-16,2.4,2021-12-16,15,2021-12-16,False
001122,2023-01-10,2023-01-10,,2023-01-10,8.9,2023-01-10,15,2023-01-10,False
001125,2021-12-28,2021-12-21,2,2021-12-21,4.1,2021-12-21,12,2021-12-28,True
001128,2021-06-10,2021-12-10,2,2021-12-10,5.4,2021-12-10,7,2021-12-10,True
001131,NONE-02-12,NONE-02-12,,NONE-02-12,9.6,NONE-02-12,15,NONE-02-12,False
001134,2021-03-03,2021-03-03,,2021-03-03,6.4,2021-03-03,15,2021-03-03,False
001137,2021-07-17,2021-07-17,,2021-07-17,5.5,2021-07-17,12,2021-07-17,False
001140,2021-02-28,2021-02-28,,2021-02-28,4.4,2021-02-28,7,2021-02-28,False
001144,2021-05-25,2021-05-25,,2021-05-25,3.4,2021-05-25,12,2021-05-25,False
001147,2021-12-13,2021-12-13,2,2021-12-13,9.3,2021-12-13,13,2021-12-13,True
001150,2021-09-18,2021-09-18,,2021-09-18,5.8,2021-09-18,13,2021-09-18,False
001154,2021-09-21,2021-09-21,,2021-09-21,30.2,2021-09-21,12,2021-09-21,False
001157,2021-02-07,2021-02-07,,2021-02-07,2.9,2021-02-07,11,2021-02-07,False
001160,2021-04-23,2021-04-23,,2021-04-23,2.4,2021-04-23,12,2021-04-23,False
001163,2021-12-06,2021-12-06,,2021-12-06,2.9,2021-12-06,14,2021-12-06,False
001167,2022-01-20,2022-08-02,,2022-08-02,27.2,2022-08-02,13,2022-08-02,False
001171,2022-01-18,2022-01-18,,2022-01-18,3.6,2022-01-18,7,2022-01-18,False
001174,2021-03-14,2021-03-14,,2021-03-14,4.1,2021-03-14,13,2021-03-14,False
001177,2021-12-01,NONE,,NONE,21.8,NONE,14,NONE,False
001181,2022-04-14,2022-04-14,,2022-04-14,2.8,2022-04-14,11,2022-04-14,False
001184,2021-10-08,2021-10-08,,2021-10-08,3.3,2021-10-08,6,2021-10-08,False
001189,2019-06-28,2019-06-28,2,2019-06-28,6.0,2019-06-28,12,2019-06-28,True
001192,2020-12-08,2020-12-08,d,2020-12-08,21.2,2020-12-08,11,2020-12-08,False
001196,2021-10-18,2021-10-18,,2021-10-18,7.7,2021-10-18,10,2021-10-18,False
001199,2021-10-20,2021-10-20,2,2021-10-20,4.5,2021-10-20,13,2021-10-20,True
001203,2023-02-28,2023-02-28,,2023-02-28,4.9,2023-02-28,11,2023-02-28,False
001206,2021-05-NONE,NONE-05-21,,NONE-05-21,3.9,NONE-05-21,11,NONE-05-21,False
001209,2021-08-03,2021-08-03,,2021-08-03,3.1,2021-08-03,15,2021-08-03,False
001212,2021-07-03,2021-07-03,,2021-07-03,5.9,2021-07-03,12,2021-07-03,False
001215,2021-06-13,2021-06-13,,2021-06-13,12.2,2021-06-13,13,2021-06-13,False
001219,2021-01-14,2021-01-14,,2021-01-14,2.0,2021-01-14,11,2021-01-14,False
001222,2021-11-10,2021-11-10,,2021-11-10,4.0,2021-11-10,14,2021-11-10,False
001225,2022-06-27,2022-06-27,2,2022-06-27,11.3,2022-06-27,7,2022-06-27,True
001228,2022-01-11,2021-01-12,2,2022-01-11,4.5,2022-01-11,11,2022-01-11,True
001231,2021-05-05,2021-05-05,,2021-05-05,3.1,2021-05-05,14,2021-05-05,False
001234,2021-03-09,2021-03-09,,2021-03-09,3.1,2021-03-09,12,2021-03-09,False
001239,2020-12-19,2020-12-19,,2020-12-19,5.3,2020-12-19,10,2020-12-19,False
001243,2023-12-31,2023-12-31,,2023-12-31,4.6,2023-12-31,12,2023-12-31,False
001246,2022-01-19,2022-01-19,2,2022-01-19,8.8,2022-01-19,9,2022-01-19,True
001249,2021-07-15,2021-07-15,,2021-07-15,12.4,2021-07-15,14,2021-07-15,False
001252,2021-08-19,2021-08-19,,2021-08-19,2.9,2021-08-19,14,2021-08-19,False
001255,2019-09-13,2019-09-13,,2019-09-13,2.6,2019-09-13,15,2019-09-13,False
001258,2022-03-15,2022-03-15,,2022-03-15,15.8,2022-03-15,13,2022-03-15,False
001262,2021-03-25,NONE,,NONE,17.6,NONE,10,NONE,False
001265,2022-06-NONE,2022-06-NONE,,2022-06-NONE,4.1,2022-06-NONE,8,2022-06-NONE,False
001268,2022-09-05,2022-09-05,,2022-09-05,6.6,2022-09-05,7,2022-09-05,False
001272,2023-07-08,2023-07-08,,2023-07-08,3.2,2023-07-08,14,2023-07-08,False
001276,2021-11-04,2021-11-04,,2021-11-04,3.5,2021-11-04,12,2021-11-04,False
001279,2022-10-09,2022-10-09,,2022-10-09,3.2,2022-10-09,11,2022-10-09,False
001282,2025-04-01,2025-04-01,,2025-04-01,7.1,2025-04-01,12,2025-04-01,False
001285,2022-11-21,2022-11-21,,2022-11-21,9.3,2022-11-21,12,2022-11-21,False
001292,2022-11-05,2022-11-05,2,2022-11-05,32.2,2022-11-05,14,2022-11-05,True
001295,2021-11-NONE,2021-12-11,,2021-12-11,5.3,2021-12-11,12,2021-12-11,False
001298,2021-06-24,2021-06-24,,2021-06-24,3.2,2021-06-24,13,2021-06-24,False
001302,2021-11-29,2029-11-21,d,2029-11-21,5.2,2029-11-21,14,2029-11-21,False
001305,2021-04-12,2021-04-01,,2021-04-12,8.8,2021-04-12,6,2021-04-12,False
001308,2022-11-06,NONE,,NONE,15.8,NONE,14,NONE,False
001311,2022-10-20,2022-10-20,,2022-10-20,3.3,2022-10-20,15,2022-10-20,False
001314,2022-01-15,2022-01-15,,2022-01-15,4.8,2022-01-15,11,2022-01-15,False
001317,2022-12-07,2022-12-07,2,2022-12-07,10.6,2022-12-07,13,2022-12-07,True
001321,2022-02-15,2022-02-15,,2022-02-15,16.4,2022-02-15,14,2022-02-15,False
001326,2021-07-19,2021-07-19,,2021-07-19,9.6,2021-07-19,14,2021-07-19,False
001330,2021-03-05,2022-03-05,,2022-03-05,3.6,2022-03-05,15,2022-03-05,False
001334,2021-10-26,2021-10-26,,2021-10-26,6.9,2021-10-26,14,2021-10-26,False
001338,2021-06-08,2021-06-08,,2021-06-08,9.0,2021-06-08,13,2021-06-08,False
001341,2021-11-25,2021-11-25,2,2021-11-25,4.9,2021-11-25,13,2021-11-25,True
001344,2021-08-10,2022-11-02,,2022-11-02,8.8,2022-11-02,12,2022-11-02,False
001348,2021-10-31,2021-01-10,,2021-01-10,5.7,2021-01-10,15,2021-01-10,False
001351,2021-06-09,2021-06-09,,2021-06-09,3.5,2021-06-09,13,2021-06-09,False
001354,2022-07-06,2022-07-06,,2022-07-06,3.5,2022-07-06,11,2022-07-06,False
001358,2020-12-NONE,2020-12-NONE,,2020-12-NONE,10.0,2020-12-NONE,14,2020-12-NONE,False
001362,2021-04-NONE,2021-10-13,,2021-10-13,7.1,2021-10-13,12,2021-10-13,False
001366,2021-09-29,2021-09-29,2,2021-09-29,10.9,2021-09-29,15,2021-09-29,True
001369,2025-09-21,2025-09-21,,2025-09-21,9.2,2025-09-21,14,2025-09-21,False
001372,2022-03-07,2022-03-07,,2022-03-07,4.4,2022-03-07,15,2022-03-07,False
001375,2022-05-NONE,2022-05-NONE,,2022-05-NONE,6.2,2022-05-NONE,10,2022-05-NONE,False
001378,NONE,2021-01-22,,2021-01-22,5.5,2021-01-22,15,2021-01-22,False
001381,2021-04-09,2021-01-04,,2021-04-09,6.6,2021-04-09,14,2021-04-09,False
001384,2018-09-NONE,2018-09-NONE,,2018-09-NONE,8.7,2018-09-NONE,15,2018-09-NONE,False
001388,2021-07-17,2021-07-NONE,,2021-07-NONE,7.7,2021-07-NONE,6,2021-07-NONE,False
001391,2021-02-25,2021-12-01,,2021-12-01,4.1,2021-12-01,6,2021-12-01,False
001394,2021-09-01,NONE-11-08,,NONE-11-08,9.8,NONE-11-08,11,2021-09-01,False
001397,2022-11-01,2022-11-01,,2022-11-01,4.4,2022-11-01,9,2022-11-01,False
001400,2022-01-29,NONE,,NONE,64.1,NONE,11,NONE,False
001403,2020-09-29,2020-07-04,,2020-07-04,7.4,2020-07-04,13,2020-07-04,False
001406,2021-07-31,2031-07-21,,2031-07-21,1.8,2031-07-21,12,2031-07-21,False
001409,2021-12-16,2021-12-16,,2021-12-16,5.9,2021-12-16,11,2021-12-16,False
001413,2021-07-23,2021-07-23,,2021-07-23,6.3,2021-07-23,12,2021-07-23,False
001416,2021-11-05,2021-11-05,,2021-11-05,3.6,2021-11-05,15,2021-11-05,False
001421,2021-07-01,2021-07-01,,2021-07-01,5.0,2021-07-01,12,2021-07-01,False
001425,2021-06-22,2021-06-22,2,2021-06-22,7.2,2021-06-22,11,2021-06-22,True
001428,2020-08-12,2020-08-12,,2020-08-12,6.5,2020-08-12,6,2020-08-12,False
001432,2021-09-29,2021-09-29,,2021-09-29,2.6,2021-09-29,9,2021-09-29,False
001436,2021-09-20,2021-09-20,,2021-09-20,3.0,2021-09-20,15,2021-09-20,False
001440,2021-09-03,2021-09-03,,2021-09-03,3.7,2021-09-03,7,2021-09-03,False
001443,2021-09-06,2021-09-06,,2021-09-06,4.0,2021-09-06,14,2021-09-06,False
001446,2021-10-28,2021-10-NONE,,2021-10-28,4.0,2021-10-28,14,2021-10-28,False
001450,2022-04-26,2022-04-26,,2022-04-26,7.3,2022-04-26,13,2022-04-26,False
001453,2022-09-13,2022-09-13,,2022-09-13,7.6,2022-09-13,11,2022-09-13,False
001456,2022-06-28,2022-06-28,,2022-06-28,10.8,2022-06-28,13,2022-06-28,False
001459,2022-10-29,2022-10-29,,2022-10-29,4.9,2022-10-29,11,2022-10-29,False
001462,2021-11-17,2021-11-17,,2021-11-17,3.4,2021-11-17,12,2021-11-17,False
001466,2020-11-03,2020-01-03,,2020-01-03,25.4,2020-01-03,11,2020-01-03,False
001469,2022-12-03,2022-12-03,,2022-12-03,6.3,2022-12-03,13,2022-12-03,False
001472,2022-02-17,2022-02-17,,2022-02-17,3.5,2022-02-17,14,2022-02-17,False
001475,2022-07-10,2022-07-10,,2022-07-10,3.6,2022-07-10,14,2022-07-10,False
001478,2022-08-27,2022-08-27,,2022-08-27,5.2,2022-08-27,13,2022-08-27,False
001483,2021-02-06,2021-02-06,,2021-02-06,4.8,2021-02-06,14,2021-02-06,False
001486,2022-12-08,2022-12-08,,2022-12-08,3.7,2022-12-08,13,2022-12-08,False
001490,2021-08-06,2021-08-06,2,2021-08-06,5.4,2021-08-06,14,2021-08-06,True
001493,2023-08-17,2023-08-17,,2023-08-17,35.7,2023-08-17,15,2023-08-17,False
001496,2022-09-18,2022-09-18,,2022-09-18,5.4,2022-09-18,14,2022-09-18,False
001500,2021-09-23,2021-09-23,,2021-09-23,2.8,2021-09-23,15,2021-09-23,False
001504,2021-01-27,2021-01-27,,2021-01-27,5.0,2021-01-27,7,2021-01-27,False
001507,2021-02-19,2021-02-19,,2021-02-19,7.8,2021-02-19,15,2021-02-19,False
001511,2023-12-01,NONE-03-22,,NONE-03-22,17.7,NONE-03-22,14,NONE-03-22,False
001516,2021-11-19,2021-11-19,,2021-11-19,4.0,2021-11-19,13,2021-11-19,False
001521,2021-07-08,NONE,,NONE,23.1,NONE,14,NONE,False
001524,2021-06-25,2021-06-25,,2021-06-25,6.4,2021-06-25,10,2021-06-25,False
001527,2021-01-21,2021-01-21,,2021-01-21,9.4,2021-01-21,12,2021-01-21,False
001530,2021-02-11,2021-02-11,,2021-02-11,4.5,2021-02-11,14,2021-02-11,False
001534,2022-07-11,2022-07-11,,2022-07-11,5.0,2022-07-11,13,2022-07-11,False
001537,2021-02-19,2021-02-26,2,2021-02-26,15.6,2021-02-26,13,2021-02-26,True
001541,2021-06-13,2020-12-14,2,2021-06-13,4.2,2021-06-13,14,2021-06-13,True
001544,2021-08-02,2021-08-02,,2021-08-02,3.0,2021-08-02,13,2021-08-02,False
001547,2021-07-04,2021-07-04,,2021-07-04,7.8,2021-07-04,11,2021-07-04,False
001550,2021-08-25,NONE,,2021-08-02,24.9,NONE,15,2021-08-02,False
001555,2020-06-03,2020-05-03,,2020-06-03,3.0,2020-06-03,12,2020-06-03,False
001559,2024-12-21,2024-12-21,,2024-12-21,10.3,2024-12-21,11,2024-12-21,False
001562,2022-06-11,2022-06-01,,2022-06-11,4.4,2022-06-11,13,2022-06-11,False
001565,2022-01-17,2022-01-17,,2022-01-17,6.8,2022-01-17,13,2022-01-17,False
001570,2021-11-30,2021-11-30,,2021-11-30,3.3,2021-11-30,9,2021-11-30,False
001573,2022-01-06,2022-01-06,,2022-01-06,3.9,2022-01-06,14,2022-01-06,False
001577,2022-11-05,2022-11-05,,2022-11-05,7.3,2022-11-05,14,2022-11-05,False
001580,2022-11-02,2022-11-02,,2022-11-02,3.3,2022-11-02,10,2022-11-02,False
001585,2021-10-28,2021-10-28,,2021-10-28,3.8,2021-10-28,11,2021-10-28,False
001590,2021-02-18,2021-02-18,,2021-02-18,9.8,2021-02-18,15,2021-02-18,False
001594,2021-12-13,2021-12-13,,2021-12-13,3.9,2021-12-13,15,2021-12-13,False
001597,2021-03-07,2021-03-07,2,2021-03-07,3.7,2021-03-07,12,2021-03-07,True
001600,2021-02-08,2021-02-08,,2021-02-08,3.4,2021-02-08,13,2021-02-08,False
001603,2021-02-24,2021-02-24,,2021-02-24,3.6,2021-02-24,11,2021-02-24,False
001607,2021-04-03,2021-04-03,,2021-04-03,3.1,2021-04-03,14,2021-04-03,False
001610,2021-02-12,2021-02-12,,2021-02-12,5.9,2021-02-12,12,2021-02-12,False
001613,2022-02-25,2022-02-25,,2022-02-25,2.7,2022-02-25,13,2022-02-25,False
001616,2021-12-15,2021-12-15,,2021-12-15,3.7,2021-12-15,8,2021-12-15,False
001619,2023-10-06,2023-10-06,,2023-10-06,3.4,2023-10-06,11,2023-10-06,False
001624,2022-04-26,2022-04-26,,2022-04-26,2.6,2022-04-26,12,2022-04-26,False
001629,2021-07-23,2021-07-23,,2021-07-23,2.5,2021-07-23,12,2021-07-23,False
001632,2021-11-27,2021-11-27,,2021-11-27,7.3,2021-11-27,12,2021-11-27,False
001636,2021-12-22,2023-02-12,2,2023-02-12,3.1,2023-02-12,14,2023-02-12,True
001639,2021-02-28,2021-02-28,,2021-02-28,4.3,2021-02-28,8,2021-02-28,False
001642,2022-03-19,2022-03-19,,2022-03-19,3.9,2022-03-19,12,2022-03-19,False
001645,2021-10-12,2021-10-12,,2021-10-12,2.3,2021-10-12,11,2021-10-12,False
001648,2021-12-14,2021-12-14,,2021-12-14,2.8,2021-12-14,11,2021-12-14,False
001651,2021-03-09,2021-03-09,,2021-03-09,3.4,2021-03-09,15,2021-03-09,False
001654,2019-08-19,2019-08-19,,2019-08-19,2.3,2019-08-19,14,2019-08-19,False
001657,2021-01-16,2021-01-16,,2021-01-16,2.9,2021-01-16,12,2021-01-16,False
001662,2022-04-26,2022-04-26,,2022-04-26,3.3,2022-04-26,11,2022-04-26,False
001665,2021-01-28,2021-01-28,,2021-01-28,3.2,2021-01-28,13,2021-01-28,False
001669,2021-02-08,2021-02-08,,2021-02-08,3.7,2021-02-08,11,2021-02-08,False
001672,2021-05-19,2021-05-19,,2021-05-19,3.1,2021-05-19,13,2021-05-19,False
001675,2021-03-15,2021-03-15,,2021-03-15,3.9,2021-03-15,9,2021-03-15,False
001679,2021-03-16,2021-03-16,2,2021-03-16,4.2,2021-03-16,15,2021-03-16,True
001683,2021-11-14,2021-11-14,,2021-11-14,5.5,2021-11-14,15,2021-11-14,False
001686,2020-11-27,2020-11-27,,2020-11-27,6.0,2020-11-27,12,2020-11-27,False
001690,2020-08-16,2020-08-16,,2020-08-16,7.8,2020-08-16,13,2020-08-16,False
001694,2022-07-01,2022-07-01,,2022-07-01,6.0,2022-07-01,13,2022-07-01,False
001698,2021-12-22,2021-12-22,,2021-12-22,4.7,2021-12-22,12,2021-12-22,False
001701,2021-10-27,2021-10-27,,2021-10-27,4.9,2021-10-27,7,2021-10-27,False
001704,2021-07-16,2021-07-16,,2021-07-16,4.4,2021-07-16,8,2021-07-16,False
001708,2021-05-02,2021-05-02,,2021-05-02,3.6,2021-05-02,14,2021-05-02,False
001711,2021-10-15,2021-10-15,2,2021-10-15,3.7,2021-10-15,14,2021-10-15,True
001714,2021-09-08,2021-09-08,d,2021-09-08,6.4,2021-09-08,8,2021-09-08,False
001717,2021-02-08,2021-02-08,,2021-02-08,9.9,2021-02-08,12,2021-02-08,False
001720,2021-03-11,2021-03-11,,2021-03-11,4.0,2021-03-11,7,2021-03-11,False
001723,2021-05-13,2021-05-13,,2021-05-13,2.8,2021-05-13,13,2021-05-13,False
001726,2021-02-16,2021-02-06,,2021-02-16,4.1,2021-02-06,15,2021-02-16,False
001730,2021-10-02,2021-10-02,,2021-10-02,2.4,2021-10-02,13,2021-10-02,False
001733,2022-11-18,2022-11-18,,2022-11-18,3.5,2022-11-18,15,2022-11-18,False
001738,2022-01-05,2022-01-05,,2022-01-05,2.5,2022-01-05,12,2022-01-05,False
001742,2021-10-26,2021-10-26,,2021-10-26,6.0,2021-10-26,13,2021-10-26,False
001746,2021-10-12,2021-10-12,2,2021-10-12,8.8,2021-10-12,14,2021-10-12,True
001750,2021-06-28,2021-06-28,,2021-06-28,9.4,2021-06-28,12,2021-06-28,False
001753,2022-01-10,2022-01-10,,2022-01-10,4.3,2022-01-10,6,2022-01-10,False
001757,2023-03-09,2023-03-09,,2023-03-09,7.9,2023-03-09,15,2023-03-09,False
001761,2021-11-22,2021-11-22,,2021-11-22,8.0,2021-11-22,13,2021-11-22,False
001764,2021-12-23,2021-12-23,,2021-12-23,4.6,2021-12-23,15,2021-12-23,False
001767,2021-06-29,2021-06-29,2,2021-06-29,3.8,2021-06-29,7,2021-06-29,True
001770,2019-10-18,2019-04-19,2,2019-10-18,3.9,2019-04-19,15,2019-10-18,True
001774,2021-04-02,2021-04-02,,2021-04-02,3.9,2021-04-02,13,2021-04-02,False
001779,2021-04-09,2021-04-09,,2021-04-09,3.2,2021-04-09,14,2021-04-09,False
001782,2022-10-01,2022-10-01,,2022-10-01,3.2,2022-10-01,14,2022-10-01,False
001786,2021-09-19,2021-09-19,,2021-09-19,2.1,2021-09-19,11,2021-09-19,False
001789,2021-01-16,2021-01-16,,2021-01-16,2.8,2021-01-16,11,2021-01-16,False
001792,2020-08-13,2020-08-13,,2020-08-13,7.3,2020-08-13,12,2020-08-13,False
001795,2021-01-27,2021-01-27,,2021-01-27,2.7,2021-01-27,11,2021-01-27,False
001798,2021-10-10,2021-10-14,,2021-10-14,3.2,2021-10-14,8,2021-10-14,False
001801,2021-03-05,2021-03-05,,2021-03-05,5.3,2021-03-05,14,2021-03-05,False
001804,2021-01-15,2021-01-15,,2021-01-15,2.4,2021-01-15,14,2021-01-15,False
001807,2021-02-25,2021-02-25,,2021-02-25,4.2,2021-02-25,13,2021-02-25,False
001810,2023-10-22,2023-10-22,,2023-10-22,1.8,2023-10-22,15,2023-10-22,False
001813,2021-03-26,2021-03-26,2,2021-03-26,3.6,2021-03-26,14,2021-03-26,True
001817,2021-04-14,2021-01-16,2,2021-01-16,18.0,2021-01-16,14,2021-01-16,True
001820,2020-09-01,2020-09-01,,2020-09-01,5.1,2020-09-01,12,2020-09-01,False
001823,2021-06-09,2021-06-09,,2021-06-09,4.7,2021-06-09,15,2021-06-09,False
001827,2021-11-28,2021-11-28,,2021-11-28,5.2,2021-11-28,14,2021-11-28,False
001830,2020-12-NONE,2020-12-NONE,,2020-12-NONE,5.2,2020-12-NONE,13,2020-12-NONE,False
001833,2022-09-02,NONE,,NONE,14.1,NONE,10,NONE,False
001836,2021-10-02,2021-10-02,,2021-10-02,3.2,2021-10-02,12,2021-10-02,False
001839,2021-10-15,2021-10-15,,2021-10-15,3.1,2021-10-15,13,2021-10-15,False
001843,2021-05-NONE,2021-05-NONE,,2021-05-NONE,3.4,2021-05-NONE,15,2021-05-NONE,False
001846,2021-09-23,2023-12-09,,2023-12-09,3.2,2023-12-09,12,2023-12-09,False
001849,2021-11-18,2021-11-18,,2021-11-18,10.4,2021-11-18,13,2021-11-18,False
001852,2022-08-13,NONE,,NONE,25.2,NONE,15,NONE,False
001855,2023-10-28,2023-10-28,,2023-10-28,14.6,2023-10-28,11,2023-10-28,False
001859,2022-07-08,2022-07-08,,2022-07-08,4.9,2022-07-08,11,2022-07-08,False
001862,2023-06-18,2023-06-18,,2023-06-18,6.7,2023-06-18,15,2023-06-18,False
001865,2021-09-17,2021-09-17,,2021-09-17,1.5,2021-09-17,10,2021-09-17,False
001868,2022-07-NONE,NONE,,NONE,11.7,NONE,14,NONE,False
001871,2022-11-10,2020-11-10,2,2022-11-10,3.9,2022-11-10,15,2022-11-10,True
001875,2022-10-21,2021-12-01,,2022-10-21,2.9,2022-10-21,15,2022-10-21,False
001878,2021-11-03,2021-01-03,,2021-01-03,3.8,2021-01-03,11,2021-01-03,False
001881,2021-06-20,2021-06-20,,2021-06-20,2.3,2021-06-20,15,2021-06-20,False
001884,2021-09-09,2021-09-11,,2021-09-11,5.0,2021-09-11,13,2021-09-11,False
001887,2023-08-22,2023-08-22,,2023-08-22,3.1,2023-08-22,8,2023-08-22,False
001890,2021-08-31,2021-08-31,,2021-08-31,3.5,2021-08-31,13,2021-08-31,False
001894,2021-03-19,2021-03-19,,2021-03-19,4.0,2021-03-19,15,2021-03-19,False
001897,2021-05-29,2021-05-29,,2021-05-29,4.1,2021-05-29,15,2021-05-29,False
001901,2021-10-28,2021-10-28,,2021-10-28,3.3,2021-10-28,15,2021-10-28,False
001904,2022-01-15,2022-01-15,,2022-01-15,4.9,2022-01-15,12,2022-01-15,False
001907,2021-08-16,2021-08-16,,2021-08-16,4.1,2021-08-16,12,2021-08-16,False
001910,2021-05-07,2021-05-07,2,2021-05-07,9.0,2021-05-07,13,2021-05-07,True
001913,2021-09-14,2021-09-14,,2021-09-14,4.8,2021-09-14,14,2021-09-14,False
001916,2021-06-24,2021-06-24,,2021-06-24,3.6,2021-06-24,11,2021-06-24,False
001920,2022-10-15,2022-10-15,,2022-10-15,13.3,2022-10-15,12,2022-10-15,False
001924,2022-01-21,NONE,b,NONE,27.1,NONE,12,NONE,False
001928,2022-01-14,2022-01-14,,2022-01-14,3.8,2022-01-14,12,2022-01-14,False
001932,2022-01-22,2022-01-22,,2022-01-22,2.8,2022-01-22,11,2022-01-22,False
001935,2022-03-29,2022-03-29,,2022-03-29,3.9,2022-03-29,8,2022-03-29,False
001938,2021-03-NONE,2021-03-NONE,,2021-03-NONE,4.1,2021-03-NONE,14,2021-03-NONE,False
001941,2022-05-27,2022-05-27,,2022-05-27,2.6,2022-05-27,11,2022-05-27,False
001945,2021-08-NONE,NONE,,NONE,31.9,NONE,11,NONE,False
001949,2023-07-16,2023-07-16,d,2023-07-16,3.1,2023-07-16,13,2023-07-16,False
001952,2022-09-16,2022-09-16,,2022-09-16,2.9,2022-09-16,13,2022-09-16,False
001955,2021-10-NONE,2021-10-NONE,,2021-10-NONE,6.4,2021-10-NONE,11,2021-10-NONE,False
001958,2020-11-13,2020-11-13,,2020-11-13,7.3,2020-11-13,12,2020-11-13,False
001961,2027-03-21,2027-03-21,,2027-03-21,3.1,2027-03-21,12,2027-03-21,False
001966,2023-10-12,2023-10-12,,2023-10-12,2.9,2023-10-12,13,2023-10-12,False
001969,2021-08-NONE,2030-02-02,,2030-02-02,13.9,2030-02-02,11,2030-02-02,False
001972,2023-03-15,2023-03-15,,2023-03-15,4.4,2023-03-15,11,2023-03-15,False
001975,2021-02-26,2026-02-21,d,2026-02-21,5.9,2026-02-21,11,2026-02-21,False
001983,2021-10-20,2021-10-20,,2021-10-20,4.1,2021-10-20,11,2021-10-20,False
001986,2023-01-04,2023-01-04,,2023-01-04,3.1,2023-01-04,12,2023-01-04,False
001989,2022-11-23,2022-11-23,,2022-11-23,5.6,2022-11-23,11,2022-11-23,False
001992,2021-12-28,2021-12-28,,2021-12-28,4.5,2021-12-28,8,2021-12-28,False
001995,2021-12-18,2021-12-18,,2021-12-18,4.1,2021-12-18,13,2021-12-18,False
001998,2021-12-27,2021-12-27,,2021-12-27,4.1,2021-12-27,11,2021-12-27,False
002001,2022-01-27,2022-02-01,,2022-02-01,3.7,2022-02-01,12,2022-02-01,False
002004,2022-05-15,2022-05-15,,2022-05-15,4.2,2022-05-15,13,2022-05-15,False
002008,2022-01-14,2029-12-NONE,,2029-12-NONE,6.8,2029-12-NONE,11,2022-01-14,False
002013,2022-10-01,2022-10-01,,2022-10-01,6.2,2022-10-01,13,2022-10-01,False
002016,2022-10-19,2022-10-19,,2022-10-19,2.7,2022-10-19,11,2022-10-19,False
002022,2022-04-09,2022-04-09,,2022-04-09,6.8,2022-04-09,13,2022-04-09,False
002025,2020-01-03,2020-01-03,,2020-01-03,4.7,2020-01-03,12,2020-01-03,False
002028,2020-11-26,2020-11-26,,2020-11-26,5.0,2020-11-26,14,2020-11-26,False
002032,2022-03-22,2022-03-22,,2022-03-22,3.9,2022-03-22,15,2022-03-22,False
002038,2020-11-26,2020-11-26,,2020-11-26,7.5,2020-11-26,15,2020-11-26,False
002042,2020-08-27,2020-08-27,,2020-08-27,5.6,2020-08-27,13,2020-08-27,False
002045,2021-12-10,2021-12-10,,2021-12-10,5.1,2021-12-10,14,2021-12-10,False
002048,2021-07-31,2021-07-31,,2021-07-31,4.8,2021-07-31,11,2021-07-31,False
002051,NONE-04-14,NONE-04-14,,NONE-04-14,4.6,NONE-04-14,12,NONE-04-14,False
002054,2021-12-NONE,NONE,,NONE,60.0,NONE,14,NONE,False
002058,2022-06-22,2022-06-22,,2022-06-22,5.9,2022-06-22,13,2022-06-22,False
002061,NONE-04-17,NONE,,NONE,14.4,NONE,15,NONE,False
002064,2021-09-03,2021-09-03,,2021-09-03,4.5,2021-09-03,11,2021-09-03,False
002067,2020-04-30,2020-04-30,2,2020-04-30,6.2,2020-04-30,11,2020-04-30,True
002070,2022-03-24,2022-03-24,,2022-03-24,4.0,2022-03-24,11,2022-03-24,False
002073,2024-12-21,2024-12-21,,2024-12-21,4.6,2024-12-21,15,2024-12-21,False
002076,2022-03-04,2022-03-04,,2022-03-04,3.7,2022-03-04,6,2022-03-04,False
002079,2021-01-03,2021-01-03,,2021-01-03,3.1,2021-01-03,10,2021-01-03,False
002083,2020-11-06,2020-11-06,2,2020-11-06,3.8,2020-11-06,15,2020-11-06,True
002086,2021-11-22,2021-11-22,,2021-11-22,8.1,2021-11-22,14,2021-11-22,False
002091,2021-09-21,2021-09-21,,2021-09-21,3.4,2021-09-21,14,2021-09-21,False
002094,2021-04-28,2021-04-28,,2021-04-28,2.3,2021-04-28,13,2021-04-28,False
002097,2022-06-16,2022-06-16,,2022-06-16,4.0,2022-06-16,15,2022-06-16,False
002101,2021-09-17,2021-09-17,,2021-09-17,2.4,2021-09-17,9,2021-09-17,False
002106,2022-01-03,2022-01-03,,2022-01-03,3.7,2022-01-03,14,2022-01-03,False
002112,2022-08-25,2022-08-25,,2022-08-25,1.7,2022-08-25,13,2022-08-25,False
002115,2020-12-01,2020-12-01,,2020-12-01,3.9,2020-12-01,13,2020-12-01,False
002118,2021-01-03,2021-01-03,,2021-01-03,3.6,2021-01-03,13,2021-01-03,False
002121,2020-07-20,2020-07-20,,2020-07-20,3.0,2020-07-20,9,2020-07-20,False
002124,2020-11-02,2020-11-02,,2020-11-02,4.4,2020-11-02,11,2020-11-02,False
002127,2021-11-04,2021-11-04,,2021-11-04,3.8,2021-11-04,12,2021-11-04,False
002130,2021-11-01,2021-11-01,,2021-11-01,3.1,2021-11-01,12,2021-11-01,False
002133,2021-10-04,NONE-10-21,d,NONE-10-21,2.7,NONE-10-21,9,NONE-10-21,False
002136,2021-10-11,2021-10-11,,2021-10-11,3.6,2021-10-11,11,2021-10-11,False
002139,2021-06-29,2021-06-29,,2021-06-29,3.2,2021-06-29,13,2021-06-29,False
002142,2021-04-11,2021-04-11,,2021-04-11,2.4,2021-04-11,10,2021-04-11,False
002146,2022-07-26,2022-07-26,,2022-07-26,8.0,2022-07-26,6,2022-07-26,False
002149,2021-03-31,2021-03-31,,2021-03-31,4.3,2021-03-31,13,2021-03-31,False
002153,2019-07-11,2019-07-18,2,2019-07-18,3.1,2019-07-18,12,2019-07-18,True
002156,2021-12-25,2021-12-25,,2021-12-25,1.8,2021-12-25,15,2021-12-25,False
002159,NONE-04-13,NONE-04-13,,NONE-04-13,5.4,NONE-04-13,15,NONE-04-13,False
002162,2023-06-18,2023-01-06,,2023-01-06,6.8,2023-01-06,12,2023-01-06,False
002165,2021-01-29,2020-10-30,2,2020-10-30,3.2,2020-10-30,11,2021-01-29,True
002168,2021-05-28,2021-05-28,,2021-05-28,2.1,2021-05-28,15,2021-05-28,False
002171,2020-06-24,2020-06-24,,2020-06-24,3.6,2020-06-24,15,2020-06-24,False
002175,2021-09-05,2021-09-05,,2021-09-05,2.6,2021-09-05,11,2021-09-05,False
002179,2022-01-19,2022-01-19,,2022-01-19,4.6,2022-01-19,14,2022-01-19,False
002183,2019-02-20,NONE,,NONE,20.7,NONE,10,NONE,False
002186,2020-06-10,2020-06-10,,2020-06-10,4.1,2020-06-10,15,2020-06-10,False
002189,2022-02-04,2022-02-04,,2022-02-04,5.5,2022-02-04,12,2022-02-04,False
002192,2020-10-20,2026-10-20,,2026-10-20,7.7,2026-10-20,11,2026-10-20,False
002195,2021-10-28,2021-10-28,,2021-10-28,2.6,2021-10-28,13,2021-10-28,False
002198,2021-01-13,2021-01-13,,2021-01-13,3.8,2021-01-13,15,2021-01-13,False
002202,2020-10-08,2020-05-02,,2020-05-02,5.0,2020-05-02,11,2020-05-02,False
002207,2020-06-11,2020-06-11,,2020-06-11,6.7,2020-06-11,14,2020-06-11,False
002210,2020-09-22,2020-09-22,2,2020-09-22,5.9,2020-09-22,12,2020-09-22,True
002214,2020-10-16,2020-10-16,,2020-10-16,5.6,2020-10-16,12,2020-10-16,False
002217,2023-05-NONE,2023-05-NONE,,2023-05-NONE,2.0,2023-05-NONE,13,2023-05-NONE,False
002220,2019-09-30,2019-09-30,,2019-09-30,3.3,2019-09-30,13,2019-09-30,False
002223,2021-02-07,2021-02-07,,2021-02-07,12.8,2021-02-07,11,2021-02-07,False
002226,2023-03-03,2023-03-03,,2023-03-03,16.2,2023-03-03,8,2023-03-03,False
002229,2023-03-28,2023-03-28,,2023-03-28,1.4,2023-03-28,10,2023-03-28,False
002232,2022-12-20,2022-12-20,,2022-12-20,0.9,2022-12-20,12,2022-12-20,False
002235,2022-02-22,2022-02-22,,2022-02-22,1.9,2022-02-22,13,2022-02-22,False
002238,2022-06-30,2022-06-30,,2022-06-30,2.1,2022-06-30,12,2022-06-30,False
002242,2022-03-13,2022-03-13,,2022-03-13,2.6,2022-03-13,8,2022-03-13,False
002246,2021-07-22,2021-07-22,,2021-07-22,1.5,2021-07-22,8,2021-07-22,False
002249,2021-10-20,2021-10-20,,2021-10-20,2.7,2021-10-20,11,2021-10-20,False
002252,2022-01-04,2022-01-04,,2022-01-04,3.7,2022-01-04,11,2022-01-04,False
002255,2021-10-26,2021-10-26,2,2021-10-26,3.6,2021-10-26,15,2021-10-28,True
002259,2022-12-15,2022-12-15,,2022-12-15,1.7,2022-12-15,11,2022-12-15,False
002265,NONE-03-05,NONE-03-05,,NONE-03-05,1.7,NONE-03-05,15,NONE-03-05,False
002268,2022-09-NONE,2022-09-NONE,,2022-09-NONE,1.8,2022-09-NONE,12,2022-09-NONE,False
002271,2021-08-02,2021-08-02,,2021-08-02,1.8,2021-08-02,11,2021-08-02,False
002274,2021-08-09,2021-08-09,,2021-08-09,1.9,2021-08-09,15,2021-08-09,False
002277,2023-07-NONE,2025-07-NONE,,2025-07-NONE,9.0,2025-07-NONE,13,2025-07-NONE,False
002285,2022-01-06,2021-01-07,,2021-01-07,1.9,2021-01-07,15,2021-01-07,False
002289,2021-12-18,2021-12-18,,2021-12-18,1.6,2021-12-18,9,2021-12-18,False
002292,2021-07-03,2021-07-03,,2021-07-03,2.7,2021-07-03,14,2021-07-03,False
002295,2022-09-22,2022-09-22,,2022-09-22,1.5,2022-09-22,13,2022-09-22,False
002299,2021-10-15,2021-10-15,,2021-10-15,1.7,2021-10-15,12,2021-10-15,False
002303,2022-02-03,2022-02-03,,2022-02-03,1.6,2022-02-03,7,2022-02-03,False
002306,2021-11-23,2021-11-23,,2021-11-23,0.8,2021-11-23,15,2021-11-23,False
002309,NONE-03-13,NONE-03-13,2,NONE-03-13,5.3,NONE-03-13,11,NONE-03-13,True
002313,2021-10-17,2021-10-17,2,2021-10-17,1.3,2021-10-17,11,2021-10-17,True
002318,2020-12-03,2020-12-03,,2020-12-03,1.3,2020-12-03,11,2020-12-03,False
002321,2022-11-04,2022-11-04,,2022-11-04,1.2,2022-11-04,13,2022-11-04,False
002324,2020-09-06,2020-09-06,,2020-09-06,1.2,2020-09-06,13,2020-09-06,False
002327,2022-10-23,2022-10-23,,2022-10-23,1.8,2022-10-23,11,2022-10-23,False
002330,2020-11-30,2020-11-30,,2020-11-30,1.4,2020-11-30,12,2020-11-30,False
002335,2021-11-19,2021-11-19,,2021-11-19,1.0,2021-11-19,14,2021-11-19,False
002338,2023-01-05,2023-01-05,,2023-01-05,1.2,2023-01-05,13,2023-01-05,False
002342,2021-12-15,2021-12-15,2,2021-12-15,1.2,2021-12-15,15,2021-12-15,True
002345,NONE-02-12,2020-05-12,,2020-05-12,1.2,2020-05-12,13,2020-05-12,False
002351,2021-09-13,2021-09-13,,2021-09-13,8.2,2021-09-13,8,2021-09-13,False
002354,2021-10-22,2021-10-22,,2021-10-22,1.1,2021-10-22,13,2021-10-22,False
002357,2021-10-10,2021-10-10,,2021-10-10,1.6,2021-10-10,12,2021-10-10,False
002360,2021-06-10,2021-06-10,,2021-06-10,1.5,2021-06-10,15,2021-06-10,False
002363,2021-08-04,2021-08-04,,2021-08-04,2.6,2021-08-04,15,2021-08-04,False
002366,2020-10-01,2020-10-01,,2020-10-01,1.2,2020-10-01,9,2020-10-01,False
002369,2022-01-16,2022-01-16,,2022-01-16,2.1,2022-01-16,15,2022-01-16,False
002372,2022-11-12,2022-11-12,,2022-11-12,1.6,2022-11-12,12,2022-11-12,False
002375,2019-10-28,2019-10-28,,2019-10-28,1.2,2019-10-28,11,2019-10-28,False
002378,2022-12-21,2022-12-21,,2022-12-21,2.8,2022-12-21,9,2022-12-21,False
002382,2021-08-17,2021-08-17,,2021-08-17,2.3,2021-08-17,7,2021-08-17,False
002385,2019-08-18,2019-08-18,2,2019-08-18,2.7,2019-08-18,13,2019-08-18,True
002388,2021-01-14,2021-01-14,,2021-01-14,1.4,2021-01-14,13,2021-01-14,False
002391,2021-03-18,2021-03-NONE,,2021-03-NONE,1.7,2021-03-NONE,11,2021-03-NONE,False
002394,2020-07-01,NONE,,NONE,6.9,NONE,12,NONE,False
002397,2022-01-25,2022-01-25,,2022-01-25,4.6,2022-01-25,7,2022-01-25,False
002400,2023-01-05,2023-01-05,,2023-01-05,1.2,2023-01-05,12,2023-01-05,False
002403,2022-10-02,NONE,,NONE,13.7,NONE,13,NONE,False
002406,2021-11-01,2021-11-01,,2021-11-01,1.3,2021-11-01,9,2021-11-01,False
002409,2022-10-29,2019-10-29,2,2019-10-29,1.2,2019-10-29,12,2019-10-29,True
002412,2023-01-18,2023-01-18,,2023-01-18,2.1,2023-01-18,12,2023-01-18,False
002416,2021-12-25,2021-12-25,,2021-12-25,1.2,2021-12-25,15,2021-12-25,False
002420,2020-10-23,2020-10-23,,2020-10-23,0.8,2020-10-23,12,2020-10-23,False
002424,2022-06-09,2022-06-09,,2022-06-09,0.9,2022-06-09,12,2022-06-09,False
002428,2020-12-23,2020-12-23,,2020-12-23,1.4,2020-12-23,13,2020-12-23,False
002431,2021-06-11,2021-06-11,,2021-06-11,3.1,2021-06-11,12,2021-06-11,False
002435,2021-06-03,2021-06-03,,2021-06-03,2.0,2021-06-03,14,2021-06-03,False
002440,2022-01-26,NONE,,2022-01-26,14.8,NONE,13,NONE,False
002443,2021-11-11,NONE-11-11,,NONE-11-11,1.5,NONE-11-11,14,NONE-11-11,False
002447,2021-02-04,2021-02-04,,2021-02-04,1.4,2021-02-04,11,2021-02-04,False
002451,2021-08-14,2021-08-14,,2021-08-14,1.1,2021-08-14,11,2021-08-14,False
002454,2023-02-NONE,2023-02-NONE,,2023-02-NONE,2.7,2023-02-NONE,12,2023-02-NONE,False
002457,2024-09-15,2024-09-15,,2024-09-15,2.0,2024-09-15,11,2024-09-15,False
002460,2021-11-30,2021-01-30,,2021-11-30,1.8,2021-11-30,11,2021-11-30,False
002463,NONE,2020-12-02,,2020-12-26,1.9,2020-12-26,13,2020-12-26,False
002466,2022-01-20,2022-01-20,,2022-01-20,3.0,2022-01-20,13,2022-01-20,False
002471,2021-03-18,2021-03-18,2,2021-03-18,1.9,2021-03-18,12,2021-03-18,True
002474,2021-03-16,2021-03-16,2,2021-03-16,2.8,2021-03-16,13,2021-03-16,True
002477,2023-03-15,2023-03-15,,2023-03-15,1.6,2023-03-15,7,2023-03-15,False
002480,2022-07-NONE,2022-07-NONE,,2022-07-NONE,1.5,2022-07-NONE,8,2022-07-NONE,False
002483,2021-05-05,2021-05-05,,2021-05-05,9.4,2021-05-05,13,2021-05-05,False
002486,2022-08-03,2022-08-03,,2022-08-03,1.6,2022-08-03,15,2022-08-03,False
002489,2021-04-18,2021-04-18,,2021-04-18,1.7,2021-04-18,12,2021-04-18,False
002492,2022-09-08,2020-01-01,,2020-01-01,4.1,2020-01-01,6,2020-01-01,False
002495,2021-01-27,2021-01-27,,2021-01-27,1.3,2021-01-27,12,2021-01-27,False
002499,2021-05-07,2021-05-07,,2021-05-07,2.0,2021-05-07,12,2021-05-07,False
002502,2022-01-24,2022-01-24,,2022-01-24,2.5,2022-01-24,13,2022-01-24,False
002505,2022-01-06,2022-01-06,,2022-01-06,1.3,2022-01-06,11,2022-01-06,False
002508,2021-11-09,2021-11-09,,2021-11-09,1.5,2021-11-09,15,2021-11-09,False
002511,2022-03-09,2022-03-09,,2022-03-09,5.9,2022-03-09,15,2022-03-09,False
002515,2022-02-16,2022-02-16,,2022-02-16,1.5,2022-02-16,7,2022-02-16,False
002519,2023-01-25,2023-01-25,,2023-01-25,1.6,2023-01-25,15,2023-01-25,False
002522,2022-09-14,2022-09-14,,2022-09-14,1.3,2022-09-14,12,2022-09-14,False
002525,2023-01-25,2023-01-25,,2023-01-25,1.5,2023-01-25,14,2023-01-25,False
002528,2021-10-19,2021-10-19,,2021-10-19,2.1,2021-10-19,11,2021-10-19,False
002533,2022-06-30,2022-06-30,,2022-06-30,1.2,2022-06-30,10,2022-06-30,False
002536,2021-09-22,2021-09-22,,2021-09-22,10.7,2021-09-22,15,2021-09-22,False
002539,2021-08-05,2021-08-NONE,,2021-08-05,8.4,2021-08-05,15,2021-08-05,False
002542,2021-10-17,2021-10-17,,2021-10-17,1.4,2021-10-17,15,2021-10-17,False
002546,2022-04-NONE,2022-04-NONE,,2022-04-NONE,3.0,2022-04-NONE,12,2022-04-NONE,False
002551,2021-09-30,2021-09-30,,2021-09-30,1.8,2021-09-30,15,2021-09-30,False
002554,2021-11-18,2021-11-18,,2021-11-18,2.7,2021-11-18,12,2021-11-18,False
002557,2021-11-17,2021-11-17,,2021-11-17,1.5,2021-11-17,15,2021-11-17,False
002560,2022-10-21,2022-10-21,,2022-10-21,2.2,2022-10-21,14,2022-10-21,False
002563,2021-08-29,2021-08-29,,2021-08-29,1.7,2021-08-29,11,2021-08-29,False
002566,2021-10-15,2021-10-15,,2021-10-15,2.0,2021-10-15,14,2021-10-15,False
002569,2022-04-04,2022-04-04,,2022-04-04,1.2,2022-04-04,15,2022-04-04,False
002572,2021-12-29,2021-12-29,,2021-12-29,2.6,2021-12-29,13,2021-12-29,False
002576,2020-02-18,2020-02-18,,2020-02-18,3.3,2020-02-18,13,2020-02-18,False
002580,2021-11-17,2021-11-17,,2021-11-17,2.5,2021-11-17,14,2021-11-17,False
002583,2021-01-07,2021-01-07,,2021-01-07,1.3,2021-01-07,14,2021-01-07,False
002586,NONE-12-22,NONE-12-22,,NONE-12-22,2.8,NONE-12-22,14,NONE-12-22,False
002592,2023-08-11,2023-08-11,,2023-08-11,2.5,2023-08-11,13,2023-08-11,False
002598,2021-12-NONE,2021-12-NONE,,2021-12-NONE,2.0,2021-12-NONE,14,2021-12-NONE,False
002601,NONE,2020-10-21,m,2020-10-21,1.3,2020-10-21,11,2020-10-21,False
002606,2022-04-02,2022-04-02,,2022-04-02,2.1,2022-04-02,14,2022-04-02,False
002612,2021-12-01,2021-12-01,,2021-12-01,1.4,2021-12-01,11,2021-12-01,False
002617,2022-05-04,2020-02-20,,2020-02-20,4.5,2020-02-20,11,2020-02-20,False
002620,2022-03-31,2022-03-31,,2022-03-31,1.9,2022-03-31,10,2022-03-31,False
002623,2022-12-19,2022-12-19,,2022-12-19,1.1,2022-12-19,11,2022-12-19,False
002626,2021-06-22,2021-06-22,,2021-06-22,1.5,2021-06-22,11,2021-06-22,False
002629,2023-05-NONE,2023-05-20,,2023-05-20,4.2,2023-05-20,15,2023-05-20,False
002633,2022-02-03,2022-02-03,,2022-02-03,3.6,2022-02-03,14,2022-02-03,False
002636,2022-10-09,2022-10-09,,2022-10-09,2.5,2022-10-09,8,2022-10-09,False
002639,2021-12-04,2021-12-04,,2021-12-04,1.9,2021-12-04,11,2021-12-04,False
002642,2021-10-31,2021-10-31,,2021-10-31,3.2,2021-10-31,13,2021-10-31,False
002647,2022-01-24,2022-01-24,,2022-01-24,2.2,2022-01-24,7,2022-01-24,False
002650,2021-07-01,NONE,,NONE,7.4,NONE,6,NONE,False
002656,2021-03-25,2021-03-25,,2021-03-25,1.4,2021-03-25,15,2021-03-25,False
002659,2022-06-11,2022-06-11,,2022-06-11,3.6,2022-06-11,8,2022-06-11,False
002662,2022-01-11,2022-01-11,2,2022-01-11,4.8,2022-01-11,12,2022-01-11,True
002667,2021-09-09,2021-09-09,,2021-09-09,1.6,2021-09-09,13,2021-09-09,False
002670,2023-04-30,2023-04-30,,2023-04-30,1.9,2023-04-30,12,2023-04-30,False
002674,2021-04-25,2021-04-25,,2021-04-25,1.5,2021-04-25,11,2021-04-25,False
002677,2021-08-04,2021-08-04,,2021-08-04,1.3,2021-08-04,13,2021-08-04,False
002680,2021-10-29,2021-10-29,,2021-10-29,2.7,2021-10-29,12,2021-10-29,False
002683,2021-12-03,2021-12-03,,2021-12-03,2.2,2021-12-03,14,2021-12-03,False
002686,2021-11-05,2021-11-05,,2021-11-05,3.3,2021-11-05,14,2021-11-05,False
002689,2021-03-15,2021-03-15,,2021-03-15,2.0,2021-03-15,11,2021-03-15,False
002693,2021-04-19,2021-04-19,,2021-04-19,12.1,2021-04-19,13,2021-04-19,False
002696,2021-07-23,2021-07-23,,2021-07-23,2.9,2021-07-23,13,2021-07-23,False
002699,2021-08-23,2021-08-23,,2021-08-23,2.8,2021-08-23,12,2021-08-23,False
002704,2022-10-29,2022-10-02,,2022-10-02,3.7,2022-10-02,11,2022-10-02,False
002707,2022-01-20,NONE,d,NONE,20.4,NONE,11,NONE,False
002710,2021-10-28,2021-10-28,,2021-10-28,2.7,2021-10-28,12,2021-10-28,False
002713,2021-10-22,2021-12-12,,2021-12-12,2.6,2021-12-12,15,2021-12-12,False
002716,2021-12-15,2021-12-15,,2021-12-15,2.3,2021-12-15,15,2021-12-15,False
002720,2026-01-09,2026-01-09,,2026-01-09,2.7,2026-01-09,14,2026-01-09,False
002724,2019-12-20,NONE,,NONE,8.1,NONE,15,NONE,False
002727,NONE,2017-03-22,,2017-03-22,1.6,2017-03-22,13,2017-03-22,False
002730,2021-06-25,2021-06-25,,2021-06-25,2.5,2021-06-25,15,2021-06-25,False
002733,2021-12-25,2021-12-25,,2021-12-25,3.0,2021-12-25,12,2021-12-25,False
002736,2021-04-28,2021-04-28,,2021-04-28,6.7,2021-04-28,13,2021-04-28,False
002740,2021-12-18,2021-12-18,,2021-12-18,6.8,2021-12-18,11,2021-12-18,False
002745,2024-04-06,2024-04-06,,2024-04-06,2.8,2024-04-06,14,2024-04-06,False
002748,2022-11-12,2022-11-12,,2022-11-12,4.1,2022-11-12,9,2022-11-12,False
002751,2022-02-20,2022-02-20,2,2022-02-20,2.8,2022-02-20,11,2022-02-20,True
002754,2021-05-29,2021-05-29,,2021-05-29,5.4,2021-05-29,15,2021-05-29,False
002757,2022-09-10,2022-09-10,,2022-09-10,3.6,2022-09-10,11,2022-09-10,False
002760,2021-05-12,2021-05-12,,2021-05-12,2.1,2021-05-12,14,2021-05-12,False
002764,2021-11-06,2021-11-06,,2021-11-06,3.0,2021-11-06,11,2021-11-06,False
002767,2021-12-01,2021-12-01,,2021-12-01,2.6,2021-12-01,8,2021-12-01,False
002770,2021-10-11,2021-10-11,,2021-10-11,2.9,2021-10-11,12,2021-10-11,False
002773,2024-05-NONE,2024-05-20,,2024-05-20,2.4,2024-05-20,15,2024-05-20,False
002776,2021-09-15,2021-09-15,,2021-09-15,2.0,2021-09-15,12,2021-09-15,False
002779,2021-10-02,2021-10-02,,2021-10-02,2.2,2021-10-02,12,2021-10-02,False
002782,2021-04-22,2021-04-22,,2021-04-22,10.0,2021-04-22,14,2021-04-22,False
002786,2022-06-22,2022-06-22,2,2022-06-22,6.5,2022-06-22,15,2022-06-22,True
002790,2021-12-06,2021-12-06,,2021-12-06,1.7,2021-12-06,14,2021-12-06,False
002793,2022-10-05,2022-10-05,,2022-10-05,1.4,2022-10-05,14,2022-10-05,False
002796,2021-03-18,2021-03-18,,2021-03-18,1.9,2021-03-18,15,2021-03-18,False
002799,2021-12-27,2021-12-27,2,2021-12-27,4.2,2021-12-27,15,2021-12-27,True
002804,2021-04-19,2021-04-19,,2021-04-19,1.4,2021-04-19,8,2021-04-19,False
002808,2021-12-29,2021-12-22,,2021-12-22,1.8,2021-12-22,11,2021-12-22,False
002811,2023-01-13,2023-01-13,,2023-01-13,4.3,2023-01-13,7,2023-01-13,False
002816,2021-06-28,2020-02-10,2,2020-02-10,6.9,2020-02-10,14,2020-02-10,True
002819,2022-12-01,2022-12-01,,2022-12-01,1.9,2022-12-01,13,2022-12-01,False
002822,2021-10-07,2021-10-07,,2021-10-07,2.6,2021-10-07,14,2021-10-07,False
002827,2021-07-03,NONE,,NONE,7.3,NONE,11,NONE,False
002830,2022-05-21,2022-05-21,,2022-05-21,4.6,2022-05-21,15,2022-05-21,False
002833,2021-08-30,2021-08-30,,2021-08-30,1.8,2021-08-30,13,2021-08-30,False
002837,2022-08-02,2022-08-02,,2022-08-02,1.9,2022-08-02,14,2022-08-02,False
002842,2023-09-22,2023-09-22,,2023-09-22,1.6,2023-09-22,11,2023-09-22,False
002845,2020-03-09,2020-03-09,,2020-03-09,4.9,2020-03-09,11,2020-03-09,False
002848,2021-12-30,NONE,,NONE,13.4,NONE,10,NONE,False
002851,2021-08-02,2021-08-02,,2021-08-02,3.6,2021-08-02,12,2021-08-02,False
002854,2021-08-11,2021-08-11,,2021-08-11,7.5,2021-08-11,12,2021-08-11,False
002857,2023-06-02,2023-06-02,,2023-06-02,5.8,2023-06-02,14,2023-06-02,False
002861,2021-03-25,2021-03-25,,2021-03-25,3.1,2021-03-25,13,2021-03-25,False
002864,2023-03-02,2023-03-02,,2023-03-02,2.0,2023-03-02,13,2023-03-02,False
002869,2021-08-04,2021-08-04,,2021-08-04,5.9,2021-08-04,9,2021-08-04,False
002872,2021-04-07,2021-04-07,,2021-04-07,2.5,2021-04-07,10,2021-04-07,False
002877,2022-12-04,2022-12-04,,2022-12-04,2.2,2022-12-04,11,2022-12-04,False
002881,2021-04-13,2021-04-13,2,2021-04-13,2.4,2021-04-13,11,2021-04-13,True
002884,2022-07-20,2022-07-20,,2022-07-20,1.8,2022-07-20,13,2022-07-20,False
002888,2021-07-15,2021-07-15,,2021-07-15,1.8,2021-07-15,7,2021-07-15,False
002891,2021-11-11,2021-11-11,,2021-11-11,1.9,2021-11-11,11,2021-11-11,False
002895,2024-02-13,2024-02-13,,2024-02-13,1.6,2024-02-13,13,2024-02-13,False
002898,2021-11-09,2021-11-09,,2021-11-09,2.0,2021-11-09,11,2021-11-09,False
002901,2022-08-03,2022-08-03,,2022-08-03,1.4,2022-08-03,6,2022-08-03,False
002904,2023-03-NONE,NONE,,NONE,16.4,NONE,13,NONE,False
002907,2021-10-30,2021-10-30,2,2021-10-30,6.7,2021-10-30,11,2021-10-30,True
002910,2021-07-21,2021-07-21,,2021-07-21,1.2,2021-07-21,15,2021-07-21,False
002913,2020-11-18,2020-11-18,,2020-11-18,3.0,2020-11-18,11,2020-11-18,False
002917,2021-04-30,2021-04-30,,2021-04-30,5.1,2021-04-30,14,2021-04-30,False
002920,2021-09-11,2021-09-11,,2021-09-11,2.2,2021-09-11,14,2021-09-11,False
002924,2021-06-13,2021-06-13,,2021-06-13,2.5,2021-06-13,12,2021-06-13,False
002929,2022-09-27,2022-09-27,,2022-09-27,1.7,2022-09-27,9,2022-09-27,False
002934,2022-02-02,2022-02-02,,2022-02-02,4.6,2022-02-02,11,2022-02-02,False
002937,2021-11-11,2021-11-11,,2021-11-11,4.0,2021-11-11,13,2021-11-11,False
002940,2022-07-29,2029-07-02,,2029-07-02,2.9,2029-07-02,14,2029-07-02,False
002943,2020-06-23,2020-06-23,,2020-06-23,1.2,2020-06-23,13,2020-06-23,False
002946,2021-09-25,2021-09-25,,2021-09-25,2.4,2021-09-25,11,2021-09-25,False
002950,2021-04-30,2021-04-30,,2021-04-30,2.3,2021-04-30,14,2021-04-30,False
002953,2020-05-28,2020-05-28,,2020-05-28,2.0,2020-05-28,6,2020-05-28,False
002958,2022-07-27,2022-07-27,,2022-07-27,2.2,2022-07-27,12,2022-07-27,False
002961,2021-11-21,2021-11-21,,2021-11-21,6.2,2021-11-21,14,2021-11-21,False
002965,2022-09-03,2022-09-03,,2022-09-03,2.4,2022-09-03,8,2022-09-03,False
002968,2021-05-28,2021-05-28,,2021-05-28,1.6,2021-05-28,13,2021-05-28,False
002972,2022-03-20,2022-03-20,,2022-03-20,3.8,2022-03-20,12,2022-03-20,False
002975,2022-03-15,2022-03-15,2,2022-03-15,1.5,2022-03-15,11,2022-03-15,True
002978,2020-07-20,2020-07-20,,2020-07-20,4.3,2020-07-20,15,2020-07-20,False
002981,2021-12-17,2021-12-17,,2021-12-17,2.2,2021-12-17,13,2021-12-17,False
002984,2021-05-01,2021-05-01,,2021-05-01,1.9,2021-05-01,9,2021-05-01,False
002987,2022-04-01,2022-04-01,,2022-04-01,2.0,2022-04-01,10,2022-04-01,False
002990,2021-03-20,2021-09-05,,2021-09-05,1.9,2021-09-05,11,2021-09-05,False
002994,2022-07-13,2022-07-13,,2022-07-13,2.2,2022-07-13,15,2022-07-13,False
002998,2021-10-07,2021-10-07,,2021-10-07,1.5,2021-10-07,15,2021-10-07,False
003001,2021-12-05,2021-12-05,,2021-12-05,2.0,2021-12-05,7,2021-12-05,False
003004,2023-05-NONE,2023-05-NONE,,2023-05-NONE,24.2,2023-05-NONE,13,2023-05-NONE,False
003007,2021-11-30,2021-11-30,,2021-11-30,2.4,2021-11-30,15,2021-11-30,False
003010,2021-12-11,2021-01-12,,2021-01-12,12.6,2021-01-12,12,2021-12-11,False
003014,2021-06-12,NONE,,NONE,12.4,NONE,13,NONE,False
003017,2022-02-23,2022-02-23,,2022-02-23,2.8,2022-02-23,7,2022-02-23,False
003021,2021-03-23,2021-03-02,,2021-03-02,3.0,2021-03-02,6,2021-03-02,False
003025,2021-09-13,2021-09-13,,2021-09-13,1.9,2021-09-13,13,2021-09-13,False
003028,2021-09-28,2021-09-28,,2021-09-28,2.9,2021-09-28,6,2021-09-28,False
003031,2020-07-14,2020-07-14,,2020-07-14,1.3,2020-07-14,15,2020-07-14,False
003034,2022-11-21,2022-11-21,,2022-11-21,2.2,2022-11-21,13,2022-11-21,False
003038,2021-02-18,2021-02-18,,2021-02-18,2.4,2021-02-18,11,2021-02-18,False
003041,2022-01-17,2022-01-17,,2022-01-17,3.2,2022-01-17,13,2022-01-17,False
003045,2022-05-02,2022-05-02,,2022-05-02,2.3,2022-05-02,12,2022-05-02,False
003048,2021-04-07,2021-04-07,,2021-04-07,1.4,2021-04-07,7,2021-04-07,False
003052,2020-12-19,2020-12-19,,2020-12-19,1.7,2020-12-19,12,2020-12-19,False
003055,2021-03-06,2021-03-06,,2021-03-06,3.5,2021-03-06,14,2021-03-06,False
003058,2022-02-19,2022-02-19,,2022-02-19,1.6,2022-02-19,11,2022-02-19,False
003061,2022-03-05,2022-03-05,2,2022-03-05,2.5,2022-03-05,13,2022-03-05,True
003065,NONE,2021-11-12,,2021-11-12,2.5,2021-11-12,13,2021-11-12,False
003068,2021-06-15,2021-06-15,,2021-06-15,1.5,2021-06-15,11,2021-06-15,False
003073,2021-08-25,2021-08-25,,2021-08-25,2.5,2021-08-25,13,2021-08-25,False
003076,2021-01-16,2021-01-16,,2021-01-16,2.8,2021-01-16,12,2021-01-16,False
003080,2021-11-01,2021-11-01,,2021-11-01,2.4,2021-11-01,12,2021-11-01,False
003083,2021-12-02,2021-12-02,,2021-12-02,2.6,2021-12-02,12,2021-12-02,False
003086,2021-06-27,2021-06-27,,2021-06-27,1.8,2021-06-27,12,2021-06-27,False
003090,2021-09-15,2021-09-15,,2021-09-15,2.5,2021-09-15,12,2021-09-15,False
003093,2023-01-03,2023-01-03,,2023-01-03,1.8,2023-01-03,11,2023-01-03,False
003096,2022-10-12,2022-10-12,,2022-10-12,2.2,2022-10-12,13,2022-10-12,False
003099,2022-08-07,2022-08-07,,2022-08-07,2.4,2022-08-07,11,2022-08-07,False
003102,2022-03-29,2022-03-29,,2022-03-29,7.3,2022-03-29,12,2022-03-29,False
003105,2023-12-06,2023-12-06,,2023-12-06,2.7,2023-12-06,14,2023-12-06,False
003108,2022-07-16,2022-07-16,,2022-07-16,3.6,2022-07-16,13,2022-07-16,False
003111,2021-06-09,NONE,,NONE,9.7,NONE,12,NONE,False
003114,2021-09-25,2021-09-25,,2021-09-25,2.8,2021-09-25,15,2021-09-25,False
003118,2021-07-10,2021-07-10,,2021-07-10,1.9,2021-07-10,13,2021-07-10,False
003121,2021-09-30,2021-09-30,,2021-09-30,1.8,2021-09-30,11,2021-09-30,False
003125,2021-03-07,2021-03-07,,2021-03-07,1.4,2021-03-07,8,2021-03-07,False
003128,2022-08-25,2022-08-25,,2022-08-25,1.7,2022-08-25,12,2022-08-25,False
003131,2022-03-30,2022-03-30,,2022-03-30,3.8,2022-03-30,11,2022-03-30,False
003134,2021-10-14,2021-10-14,,2021-10-14,4.5,2021-10-14,15,2021-10-14,False
003137,2022-11-09,2022-11-09,,2022-11-09,2.5,2022-11-09,6,2022-11-09,False
003141,2021-07-12,2021-01-13,2,2021-07-12,2.2,2021-07-12,13,2021-07-12,True
003144,2022-01-11,2022-01-11,,2022-01-11,2.2,2022-01-11,11,2022-01-11,False
003147,2021-04-22,2021-04-22,,2021-04-22,2.2,2021-04-22,12,2021-04-22,False
003151,2021-12-10,2021-12-10,,2021-12-10,2.6,2021-12-10,9,2021-12-10,False
003154,2021-07-11,2021-07-11,,2021-07-11,1.9,2021-07-11,11,2021-07-11,False
003157,2021-10-26,2021-10-26,,2021-10-26,2.5,2021-10-26,13,2021-10-26,False
003160,2021-06-13,2021-06-13,,2021-06-13,2.6,2021-06-13,12,2021-06-13,False
003163,2021-02-16,2020-11-17,,2020-11-17,2.9,2020-11-17,15,2021-02-16,False
003166,2021-07-NONE,2021-07-NONE,,2021-07-NONE,3.3,2021-07-NONE,14,2021-07-NONE,False
003169,2018-04-21,2018-04-21,,2018-04-21,4.6,2018-04-21,15,2018-04-21,False
003173,2022-05-NONE,2022-05-NONE,,2022-05-NONE,2.2,2022-05-NONE,8,2022-05-NONE,False
003177,2021-03-25,2021-03-25,,2021-03-25,2.3,2021-03-25,6,2021-03-25,False
003180,2021-07-08,2021-07-08,,2021-07-08,2.3,2021-07-08,13,2021-07-08,False
003184,2021-06-28,2020-06-28,,2021-06-28,2.2,2021-06-28,13,2021-06-28,False
003187,2022-01-17,2022-01-17,,2022-01-17,2.7,2022-01-17,13,2022-01-17,False
003191,2021-11-19,2021-11-19,2,2021-11-19,2.3,2021-11-19,15,2021-11-19,True
003194,2021-07-13,2021-07-13,,2021-07-13,4.0,2021-07-13,9,2021-07-13,False
003198,2025-10-12,2025-10-12,,2025-10-12,3.0,2025-10-12,15,2025-10-12,False
003201,2022-09-21,2022-09-21,,2022-09-21,2.5,2022-09-21,12,2022-09-21,False
003205,2023-06-26,2023-06-26,,2023-06-26,1.2,2023-06-26,12,2023-06-26,False
003208,2021-07-20,2021-07-20,,2021-07-20,1.9,2021-07-20,14,2021-07-20,False
003211,2021-08-11,2021-08-11,,2021-08-11,2.3,2021-08-11,13,2021-08-11,False
003214,2024-01-12,NONE,,NONE,7.8,NONE,11,NONE,False
003217,2022-01-15,2022-01-15,,2022-01-15,3.0,2022-01-15,13,2022-01-15,False
003220,2021-09-13,2021-09-13,,2021-09-13,1.7,2021-09-13,14,2021-09-13,False
003223,2022-06-14,2022-06-14,,2022-06-14,2.0,2022-06-14,7,2022-06-14,False
003227,2022-01-29,2022-01-29,,2022-01-29,2.0,2022-01-29,15,2022-01-29,False
003230,2022-03-28,NONE,,NONE,14.3,NONE,13,NONE,False
003233,2021-09-21,2021-09-21,,2021-09-21,1.6,2021-09-21,12,2021-09-21,False
003237,2021-03-30,2021-03-30,,2021-03-30,1.7,2021-03-30,15,2021-03-30,False
003241,2022-01-28,2022-01-28,,2022-01-28,2.8,2022-01-28,11,2022-01-28,False
003244,2021-07-NONE,NONE-07-21,,NONE-07-21,11.7,NONE-07-21,6,NONE-07-21,False
003249,2023-02-01,2023-02-01,,2023-02-01,2.3,2023-02-01,13,2023-02-01,False
003252,2023-04-NONE,2023-04-NONE,,2023-04-NONE,2.9,2023-04-NONE,11,2023-04-NONE,False
003256,2022-04-01,2022-04-01,,2022-04-01,3.4,2022-04-01,14,2022-04-01,False
003259,2022-02-10,NONE,,NONE,18.6,NONE,12,NONE,False
003262,2021-06-10,2021-06-10,,2021-06-10,2.3,2021-06-10,13,2021-06-10,False
003265,2021-10-06,2021-10-06,,2021-10-06,1.9,2021-10-06,7,2021-10-06,False
003269,2022-01-28,2022-01-28,,2022-01-28,4.2,2022-01-28,13,2022-01-28,False
003272,2021-05-03,2021-05-03,,2021-05-03,3.1,2021-05-03,13,2021-05-03,False
003275,2021-10-10,2021-10-10,,2021-10-10,3.7,2021-10-10,11,2021-10-10,False
003278,2023-10-02,2023-10-02,,2023-10-02,3.4,2023-10-02,11,2023-10-02,False
003281,2021-10-15,2021-10-15,,2021-10-15,1.8,2021-10-15,15,2021-10-15,False
003284,2021-09-10,2021-09-10,,2021-09-10,3.4,2021-09-10,15,2021-09-10,False
003288,2021-09-25,2021-09-25,2,2021-09-25,2.2,2021-09-25,14,2021-09-25,True
003291,2022-12-22,2022-12-22,,2022-12-22,1.7,2022-12-22,9,2022-12-22,False
003297,2021-10-21,2021-10-21,,2021-10-21,1.9,2021-10-21,13,2021-10-21,False
003300,2023-06-11,2023-06-11,,2023-06-11,2.0,2023-06-11,15,2023-06-11,False
003303,NONE,NONE,,NONE,11.5,NONE,12,NONE,False
003310,2020-08-29,2020-10-04,,2020-10-04,2.3,2020-10-04,10,2020-10-04,False
003316,2022-02-07,2022-02-07,,2022-02-07,4.0,2022-02-07,13,2022-02-07,False
003321,2021-09-01,2021-09-01,,2021-09-01,2.3,2021-09-01,11,2021-09-01,False
003325,2021-06-01,NONE,,NONE,15.8,NONE,6,NONE,False
003328,2021-12-26,2021-12-26,,2021-12-26,2.1,2021-12-26,6,2021-12-26,False
003331,2021-11-03,2021-11-03,t,2021-11-03,3.2,2021-11-03,14,2021-11-03,False
003335,2021-07-02,2021-07-02,,2021-07-02,1.7,2021-07-02,15,2021-07-02,False
003338,2021-06-01,NONE-06-01,,NONE-06-01,10.1,NONE-06-01,15,NONE-06-01,False
003341,2022-09-29,2022-09-29,,2022-09-29,9.3,2022-09-29,14,2022-09-29,False
003344,2026-09-11,2026-09-11,,2026-09-11,1.8,2026-09-11,14,2026-09-11,False
003349,2025-12-10,2025-01-10,2,2025-01-10,20.1,2025-01-10,13,2025-01-10,True
